id,u_unobserved_truth,y0_truth,true_tau,direct_effect_z_truth,exclusion_holds_truth
1,-0.054555638745032095,3.014105653134682,2.0,0.5,False
2,0.41788598738194427,3.2226268580023962,2.0,0.5,False
3,-0.6206063544805771,2.1641089593819727,2.0,0.5,False
4,1.3865635209837799,2.270337088715418,2.0,0.5,False
5,1.365269543998813,1.9203373340561818,2.0,0.5,False
6,0.07266175862905079,1.914705545209857,2.0,0.5,False
7,2.0820652817831733,3.821139015240093,2.0,0.5,False
8,-0.736920189999364,1.3491831375589125,2.0,0.5,False
9,1.1280097416232018,2.1309517992695257,2.0,0.5,False
10,0.24274917723979467,1.7660227317098158,2.0,0.5,False
11,1.7747709423953235,4.135475470219744,2.0,0.5,False
12,0.05345295307989455,0.9362676118337817,2.0,0.5,False
13,1.1526188656459575,2.6346137673961527,2.0,0.5,False
14,-0.6284378576506107,0.12064927479342935,2.0,0.5,False
15,-2.0342946277356053,-0.860897091829103,2.0,0.5,False
16,-0.947043170799315,-0.027895633415913723,2.0,0.5,False
17,-0.567770903157994,1.1095336758528516,2.0,0.5,False
18,1.9584317557062196,4.1627157785774465,2.0,0.5,False
19,0.38507214948819657,4.237955239463261,2.0,0.5,False
20,-0.2941873043512466,0.36015861843963826,2.0,0.5,False
21,-2.3258856167472053,-4.7337412797965825,2.0,0.5,False
22,1.1646777084688928,2.256257409441994,2.0,0.5,False
23,-1.6789107463854105,-0.9952400917452477,2.0,0.5,False
24,0.7429728469464147,1.9047564497348073,2.0,0.5,False
25,-0.6685514214884197,0.7670390669012788,2.0,0.5,False
26,-1.240982014442505,0.6046320528613357,2.0,0.5,False
27,-2.1793951710877324,-2.50461682013536,2.0,0.5,False
28,-0.8316977863700569,0.8938247212380913,2.0,0.5,False
29,1.2270886420579876,4.156846906288004,2.0,0.5,False
30,-1.3826002878124695,-2.3800834391973202,2.0,0.5,False
31,0.43554191732076253,0.8429799805764937,2.0,0.5,False
32,-0.31456178937592594,-0.815105055942628,2.0,0.5,False
33,0.06484030129234968,-0.1684198908298693,2.0,0.5,False
34,-0.26124683866642445,0.38733806935257836,2.0,0.5,False
35,-0.8049576695326635,1.5602462840597522,2.0,0.5,False
36,-1.1794760150403605,0.768018515302381,2.0,0.5,False
37,-1.3669872234449036,-1.2894964335990957,2.0,0.5,False
38,-0.2143991103132689,0.9894697174479072,2.0,0.5,False
39,0.0801711850869639,0.543587179250773,2.0,0.5,False
40,0.20785385726900554,2.5694166555400395,2.0,0.5,False
41,0.5899218649458261,2.6596568380506684,2.0,0.5,False
42,1.2914087239554337,2.4737854172810736,2.0,0.5,False
43,1.3124753190834397,5.247391857839231,2.0,0.5,False
44,-1.468796197879931,-0.6216759704402786,2.0,0.5,False
45,-0.3100657682865217,1.274472626826025,2.0,0.5,False
46,0.05269547651085604,-0.09206376729180965,2.0,0.5,False
47,-3.099024794146737,-2.6698762973264425,2.0,0.5,False
48,0.945586325834008,2.10806082516339,2.0,0.5,False
49,0.38333968502974286,1.1888343056588204,2.0,0.5,False
50,-0.31435130440640746,-1.4339131960060378,2.0,0.5,False
51,-0.735369305507249,0.44202699184819516,2.0,0.5,False
52,-0.4796479674896517,0.9563785745159221,2.0,0.5,False
53,-1.0134003430241776,0.39769489593636637,2.0,0.5,False
54,-2.383411152191013,-0.42660177778716557,2.0,0.5,False
55,-1.0249483502807728,0.5563605408649289,2.0,0.5,False
56,-0.14535522165511777,-0.03268441896972207,2.0,0.5,False
57,-0.13390195586925127,1.3993118383620904,2.0,0.5,False
58,-1.55656493103519,-1.5037409730777216,2.0,0.5,False
59,-1.304729304365526,-0.5245252949678423,2.0,0.5,False
60,0.7176767764123687,0.010356286839477646,2.0,0.5,False
61,-0.01744954522125265,0.2317218768792646,2.0,0.5,False
62,-0.3691692004295234,1.779665548843763,2.0,0.5,False
63,-0.022622870237341622,1.6306331782612062,2.0,0.5,False
64,-0.15322422327974303,2.225081554674189,2.0,0.5,False
65,2.3312992954871556,3.37220099974846,2.0,0.5,False
66,0.003045670914526352,0.5050229822512635,2.0,0.5,False
67,-1.2895921073846646,-0.49803166128709964,2.0,0.5,False
68,-1.1917896798880583,-0.9865904957259316,2.0,0.5,False
69,-0.4787064831543208,0.31294623352418904,2.0,0.5,False
70,-0.7355213863971534,-0.9862515904572846,2.0,0.5,False
71,0.6595036910682398,2.533425381019634,2.0,0.5,False
72,0.7157466929132924,3.063072138537292,2.0,0.5,False
73,0.6128318974453123,4.206255207965988,2.0,0.5,False
74,-1.9142743975776655,-1.4868769313394048,2.0,0.5,False
75,0.9979585745622281,1.5208368510390389,2.0,0.5,False
76,0.10832848229774415,1.370249311158567,2.0,0.5,False
77,-1.1386740173723504,0.37317818764834554,2.0,0.5,False
78,-1.2334070454062347,1.4037836198668057,2.0,0.5,False
79,-1.6134078217634904,0.5112579429962405,2.0,0.5,False
80,1.1627752209294082,-0.35109223999819195,2.0,0.5,False
81,0.11499257780811745,0.2584643838268307,2.0,0.5,False
82,1.4610889337321191,4.5016110289829605,2.0,0.5,False
83,-1.8942354336960947,1.020410331330057,2.0,0.5,False
84,-0.6623270525120326,-0.4052142034345474,2.0,0.5,False
85,0.05222726342842633,-0.022529971125882953,2.0,0.5,False
86,0.5203798677369595,0.8308012292930469,2.0,0.5,False
87,1.1165517698455565,3.6503245033860465,2.0,0.5,False
88,0.5441290598979407,2.8612207614999643,2.0,0.5,False
89,-1.786508023724385,-0.7963507129318143,2.0,0.5,False
90,1.897683621345932,2.350185665787662,2.0,0.5,False
91,0.40111317754913256,1.9403402407393393,2.0,0.5,False
92,0.04119374401363794,0.510591263533349,2.0,0.5,False
93,-0.6145092900117359,0.33294485000345064,2.0,0.5,False
94,0.1519750319508428,1.2497287143252158,2.0,0.5,False
95,1.1089208096322183,3.116158588869517,2.0,0.5,False
96,-0.4807654752078784,-0.8941217156593042,2.0,0.5,False
97,-0.31116753930261976,-0.979511996392434,2.0,0.5,False
98,-0.4507289377862933,-0.41867341859040197,2.0,0.5,False
99,0.6119600531495613,3.352994757928002,2.0,0.5,False
100,0.029139159644660493,0.6760890917338214,2.0,0.5,False
101,-0.6916071901756462,0.6083275060667273,2.0,0.5,False
102,0.4595625655125037,2.0803141342305036,2.0,0.5,False
103,2.3063577836438185,2.5003473281369466,2.0,0.5,False
104,0.8138388319996054,3.2388553368555675,2.0,0.5,False
105,-0.4249543460587006,0.2704310884501314,2.0,0.5,False
106,-0.03940290452223386,1.3458410528350828,2.0,0.5,False
107,1.19754784001899,1.9436729339144099,2.0,0.5,False
108,1.0037299699004223,3.0852567920831833,2.0,0.5,False
109,-0.12225136100249212,3.1221278839593785,2.0,0.5,False
110,1.1282095198688042,4.854757151951794,2.0,0.5,False
111,-0.25803867106045897,1.903475000413974,2.0,0.5,False
112,1.42268792090455,2.176106923232569,2.0,0.5,False
113,0.4720467612387998,1.0623218837626807,2.0,0.5,False
114,0.8874946970756734,3.9409825172152138,2.0,0.5,False
115,2.0784532524649078,1.0697033789648258,2.0,0.5,False
116,0.8864604008369431,2.56586093144935,2.0,0.5,False
117,-0.6905515891475772,1.158124566574868,2.0,0.5,False
118,0.9132811863002861,1.2412462590529851,2.0,0.5,False
119,-1.471690126145497,-0.6507180389958018,2.0,0.5,False
120,-1.3476469020808903,-3.201824064919765,2.0,0.5,False
121,-1.3783964973922493,-1.7312997294412098,2.0,0.5,False
122,0.34914086832773017,1.072471905425525,2.0,0.5,False
123,0.0543111935424788,1.073819863768994,2.0,0.5,False
124,0.19618517642202582,-0.9218032272449908,2.0,0.5,False
125,-0.16677900734731657,0.43697032780791356,2.0,0.5,False
126,-0.021325281843522365,1.9284539157587022,2.0,0.5,False
127,1.3654714106951615,2.136619419191426,2.0,0.5,False
128,-0.6835740793083819,1.099478519283582,2.0,0.5,False
129,-0.9385997343981175,2.4965494096290595,2.0,0.5,False
130,-0.3043807368512333,1.3208393644589373,2.0,0.5,False
131,1.3158383186389853,3.655435235237934,2.0,0.5,False
132,0.0236115334315894,0.10059282595205432,2.0,0.5,False
133,-0.01265298174737123,-1.582593387109724,2.0,0.5,False
134,-0.0034766152621673535,-0.3249484058266261,2.0,0.5,False
135,0.8529012574879469,4.980136326300997,2.0,0.5,False
136,0.6686199570277828,1.65082258994602,2.0,0.5,False
137,2.0244597037694603,2.0901406653707575,2.0,0.5,False
138,-0.2860275143785789,-0.7043073972684804,2.0,0.5,False
139,1.073883333109783,1.2483488954214943,2.0,0.5,False
140,1.1521505608080385,2.905990106166088,2.0,0.5,False
141,0.7141071977040652,0.8137482192472515,2.0,0.5,False
142,-1.2778792151307836,1.0590854930127818,2.0,0.5,False
143,-0.1887488762016194,2.8313596754141352,2.0,0.5,False
144,0.3402971646291382,0.9609075433878828,2.0,0.5,False
145,-0.40212843343078136,-0.8079048814142646,2.0,0.5,False
146,-0.21473264283187177,0.8100839427229345,2.0,0.5,False
147,0.6941002080577535,0.8770300621425279,2.0,0.5,False
148,-0.5866556795125516,0.21268444144152998,2.0,0.5,False
149,0.3095785132178794,0.6860012370495958,2.0,0.5,False
150,0.5538016635168128,2.233324385130218,2.0,0.5,False
151,0.7093069600444362,0.2327802823836227,2.0,0.5,False
152,-1.1191085066123416,-0.46696797467595064,2.0,0.5,False
153,0.8001132794710134,2.1867180332823315,2.0,0.5,False
154,0.5366174652942687,1.0331553888564966,2.0,0.5,False
155,0.3249088546719655,1.6790184612658314,2.0,0.5,False
156,2.7593240648006123,4.198217148022618,2.0,0.5,False
157,0.1389987971260733,2.9917560857928986,2.0,0.5,False
158,-0.14102245769132168,1.6851299448854673,2.0,0.5,False
159,-1.3434334647591033,-0.890736951053353,2.0,0.5,False
160,1.1909065372678747,2.5848428630512914,2.0,0.5,False
161,-0.5308806525349401,0.09658912166805556,2.0,0.5,False
162,0.6450745955580273,1.6060237243532307,2.0,0.5,False
163,1.2928531467788484,1.192174647782636,2.0,0.5,False
164,-0.053911718798703996,-1.8321159413744923,2.0,0.5,False
165,0.17166532363647313,1.898066343850905,2.0,0.5,False
166,1.3153792208641735,2.956795991369096,2.0,0.5,False
167,0.2780376270857936,1.5630508160137062,2.0,0.5,False
168,0.11472620311610823,3.1086326683758285,2.0,0.5,False
169,-0.42290346404128765,0.5556245763165337,2.0,0.5,False
170,-0.04276295489001005,1.9131830255055913,2.0,0.5,False
171,-3.291252832669753,-1.7385554131918517,2.0,0.5,False
172,-0.5754856092064911,1.5956858239255138,2.0,0.5,False
173,0.6060597185341586,2.35539327384606,2.0,0.5,False
174,-1.4924234766677344,-0.05796028815097953,2.0,0.5,False
175,0.9940371054437473,1.0624044076723913,2.0,0.5,False
176,-0.5970038467045573,0.0005329596073946896,2.0,0.5,False
177,-1.401236024568379,-0.10233215653638561,2.0,0.5,False
178,1.0984419334482989,4.038728606605167,2.0,0.5,False
179,-0.33212207413541395,1.5504418411132814,2.0,0.5,False
180,-1.6800837934385648,-1.6701702887378451,2.0,0.5,False
181,-0.583622430337811,-1.7682004260036925,2.0,0.5,False
182,-0.5190232011376872,-2.018988559378511,2.0,0.5,False
183,0.22839202397205066,2.5498747794838565,2.0,0.5,False
184,0.44078245868775023,1.8686604175359047,2.0,0.5,False
185,-0.49772211206971917,1.1382632773686472,2.0,0.5,False
186,-0.3507299000682348,-1.3512420622973622,2.0,0.5,False
187,-1.0657239377289653,-0.6403787351108062,2.0,0.5,False
188,0.47782718255782053,1.946171316930176,2.0,0.5,False
189,1.8519903372528694,3.2805842953606827,2.0,0.5,False
190,-1.134293918685182,-2.3480185010284673,2.0,0.5,False
191,0.765914453827163,1.5742712701758346,2.0,0.5,False
192,-1.244819176858905,-0.34636982112782605,2.0,0.5,False
193,0.5807186012891058,-0.7038514803817675,2.0,0.5,False
194,1.3104108811597988,1.8539308883425396,2.0,0.5,False
195,-1.4157576210426712,-1.699929409062187,2.0,0.5,False
196,0.2181838408045442,2.126721750998365,2.0,0.5,False
197,0.6326704419756548,1.8467559016069504,2.0,0.5,False
198,-0.7261764650003844,1.4853554188333682,2.0,0.5,False
199,1.4501957038090296,3.9070939677771275,2.0,0.5,False
200,0.21200767730453696,1.5392749989196841,2.0,0.5,False
201,-1.3348639951040588,-0.40004092260042123,2.0,0.5,False
202,-0.0845766914774198,1.5582472331814907,2.0,0.5,False
203,0.39031385880285585,0.5079106053961682,2.0,0.5,False
204,-0.8048430528563439,0.03836837686500927,2.0,0.5,False
205,-1.6246616255598916,-2.929438477887323,2.0,0.5,False
206,-0.1992023059278206,1.0938919176515678,2.0,0.5,False
207,0.37741521252842875,2.6809953449352966,2.0,0.5,False
208,-1.9247708743324892,-1.0931707763029008,2.0,0.5,False
209,0.18113905117270498,-0.5297677935955962,2.0,0.5,False
210,0.7003415055621021,0.6319259146427463,2.0,0.5,False
211,0.6796555779464536,3.4571736677800238,2.0,0.5,False
212,-1.3964557830163242,-1.1811132855710698,2.0,0.5,False
213,-0.12911894147801517,2.016286293606192,2.0,0.5,False
214,-1.570221636395968,-0.16454577370861267,2.0,0.5,False
215,1.2280128974777942,3.862248511334515,2.0,0.5,False
216,-1.530723935233518,0.3443944153837293,2.0,0.5,False
217,-1.285691054825539,0.7801907955303109,2.0,0.5,False
218,-0.9011382145595135,0.9573338379561821,2.0,0.5,False
219,-1.2232085684746585,-2.67527990954311,2.0,0.5,False
220,-0.5648942457625714,3.0059225358894577,2.0,0.5,False
221,2.6592651335454702,6.7915486379175825,2.0,0.5,False
222,-0.7742074539308188,0.6793538467044006,2.0,0.5,False
223,-0.2800902611203066,-0.45249270985661366,2.0,0.5,False
224,-0.8907886345915309,1.2835593697859486,2.0,0.5,False
225,-0.4906866862901768,0.8085989730459584,2.0,0.5,False
226,1.052201251722428,3.060025666264761,2.0,0.5,False
227,-0.992224101193855,-1.6477779990246983,2.0,0.5,False
228,-1.1817710426077908,1.0881805588049398,2.0,0.5,False
229,-0.7835579981022147,-2.15023689924804,2.0,0.5,False
230,0.8540275681397763,2.5903606683423748,2.0,0.5,False
231,-2.401230489747091,-2.8261145562552303,2.0,0.5,False
232,-1.373219256312477,-0.6043859595019739,2.0,0.5,False
233,1.454161188113768,2.885660138611062,2.0,0.5,False
234,1.3473637046041018,1.844955221220775,2.0,0.5,False
235,0.8679557640307245,2.212312927653905,2.0,0.5,False
236,0.4064041155117271,1.6477496048266884,2.0,0.5,False
237,-0.5338563411662066,0.6654733821446004,2.0,0.5,False
238,1.9599920688525783,1.9160097682698534,2.0,0.5,False
239,-0.36562675706885706,1.9974163065934383,2.0,0.5,False
240,0.7172303193968507,1.8129028752658374,2.0,0.5,False
241,0.09018132706447929,-1.5195985667182446,2.0,0.5,False
242,1.14289393641835,2.070094576001978,2.0,0.5,False
243,0.9685363011738612,2.6760596952266154,2.0,0.5,False
244,-0.4374776299005585,0.24149253987821367,2.0,0.5,False
245,-0.4329602392992028,1.3785995907838937,2.0,0.5,False
246,-0.4529968913617964,1.2432436447997377,2.0,0.5,False
247,1.6695659897035549,4.272809759626436,2.0,0.5,False
248,1.8010485882111156,2.8964492397536077,2.0,0.5,False
249,-0.7308444511287061,-0.9081148391327387,2.0,0.5,False
250,0.5698653854172678,1.3520272337279753,2.0,0.5,False
251,-1.1333713898250453,0.9947095834521427,2.0,0.5,False
252,0.7968782304283507,2.189068488651269,2.0,0.5,False
253,-0.44598635795107844,-0.3046360127432362,2.0,0.5,False
254,-0.3502074454991668,1.4999201199780547,2.0,0.5,False
255,1.2630899102187019,1.8774272000702732,2.0,0.5,False
256,0.8504524349128574,3.5720436467837464,2.0,0.5,False
257,-0.3871356260805843,0.45607559345965676,2.0,0.5,False
258,1.0606392800180329,2.467471524260413,2.0,0.5,False
259,-1.025018691097784,-0.1693590645693468,2.0,0.5,False
260,-0.9109357102740149,1.3637042553547087,2.0,0.5,False
261,1.374302596629522,0.17928108076941962,2.0,0.5,False
262,1.6445857071636545,4.749978727529203,2.0,0.5,False
263,1.3511309061098402,3.793239881514273,2.0,0.5,False
264,-0.18317491461903543,0.6180069192351179,2.0,0.5,False
265,-0.3659976400315094,0.26382454009246725,2.0,0.5,False
266,-0.5170626089263536,0.1513970988926444,2.0,0.5,False
267,-0.3061449080773358,-0.5052999150789448,2.0,0.5,False
268,0.5319474055796026,4.1337808115307055,2.0,0.5,False
269,-0.5965031646181479,1.038913900304795,2.0,0.5,False
270,0.7078904667080305,1.7887953873485951,2.0,0.5,False
271,-0.30576832691396294,-0.7082651273828848,2.0,0.5,False
272,0.028414545580023532,0.5315993434120151,2.0,0.5,False
273,-0.03709178371048704,1.09014576567722,2.0,0.5,False
274,-1.4961799413450099,-1.2545153355087866,2.0,0.5,False
275,-0.2736182781571812,0.4544432628247298,2.0,0.5,False
276,0.29121401340682657,-0.7045308819266909,2.0,0.5,False
277,-0.6732407157234983,-1.2010727695922068,2.0,0.5,False
278,0.07244791952636309,-1.4351312256225928,2.0,0.5,False
279,-1.29579403481554,-0.32801611892083665,2.0,0.5,False
280,-1.1780786001678667,-1.460275772571958,2.0,0.5,False
281,-0.06122550974032261,2.043667888154201,2.0,0.5,False
282,-2.019565212339339,-1.5716357752175274,2.0,0.5,False
283,0.3436375131961752,0.1644238670290026,2.0,0.5,False
284,-0.013919616299191823,3.079489188579301,2.0,0.5,False
285,-1.149414223775309,-2.0497526925087266,2.0,0.5,False
286,1.177721168541391,2.2847395414836775,2.0,0.5,False
287,0.5971034601527411,4.4988654410908335,2.0,0.5,False
288,-0.6002408958639123,2.5512331408941784,2.0,0.5,False
289,0.15607212527765646,0.5931355232783154,2.0,0.5,False
290,-0.263853310204357,-0.09977533928803117,2.0,0.5,False
291,0.1295496386048136,0.7578593306240059,2.0,0.5,False
292,0.7009619751483644,1.0471060454474035,2.0,0.5,False
293,-0.934176857396078,1.257263915427191,2.0,0.5,False
294,-0.00297894492600191,2.7323394577181626,2.0,0.5,False
295,1.9311661517910776,3.680749553086713,2.0,0.5,False
296,-0.3276296730111359,-0.20330576975014103,2.0,0.5,False
297,-0.23300016603913698,1.111312851572366,2.0,0.5,False
298,-0.6134008023426825,-0.7853981629754324,2.0,0.5,False
299,0.6535577341491008,2.782183881468235,2.0,0.5,False
300,-1.105798093383804,-0.17251728211262007,2.0,0.5,False
301,1.3192693325226528,2.993581779946153,2.0,0.5,False
302,0.049646273207531094,0.7833133194804112,2.0,0.5,False
303,0.776699294551489,3.84464548492261,2.0,0.5,False
304,-0.3420642974846998,1.3755345003025565,2.0,0.5,False
305,1.7892087325939847,4.262343447943465,2.0,0.5,False
306,-0.6102690499559955,-0.7805621874667669,2.0,0.5,False
307,1.4839423198197226,2.3559204560976017,2.0,0.5,False
308,1.4728975250019871,3.7365106441318066,2.0,0.5,False
309,0.4285441695569294,1.5542314375523798,2.0,0.5,False
310,-0.4360926205737695,2.2202561090076722,2.0,0.5,False
311,2.367061667384218,4.576063277352447,2.0,0.5,False
312,-1.0129992520962783,-0.987609871600239,2.0,0.5,False
313,0.36473612256762084,3.6877681007417102,2.0,0.5,False
314,-1.0335291216321267,-0.6345197211440181,2.0,0.5,False
315,-1.6465996152389444,0.9543250321567527,2.0,0.5,False
316,-0.3028295263755482,2.374064051586478,2.0,0.5,False
317,2.3455878013230556,4.165137099606569,2.0,0.5,False
318,0.05675710266631794,0.1838800860464988,2.0,0.5,False
319,-0.07294305978963395,0.3077618326374442,2.0,0.5,False
320,1.1263888505321942,1.9961523862102832,2.0,0.5,False
321,-0.36410280071331014,0.3079084903234196,2.0,0.5,False
322,0.15685433196448098,3.651328129553008,2.0,0.5,False
323,-0.2479196647668696,-1.0064430462076877,2.0,0.5,False
324,0.3412250466499828,2.511003237689813,2.0,0.5,False
325,0.5604109299697717,1.1235466534096288,2.0,0.5,False
326,0.7482338521087808,2.4795619938823,2.0,0.5,False
327,-0.2055315563019852,1.8121485935160682,2.0,0.5,False
328,0.8395021376183848,3.9480702734076516,2.0,0.5,False
329,-0.17958804500731745,0.9158811053161544,2.0,0.5,False
330,1.3296104285677943,4.3572652905472395,2.0,0.5,False
331,-0.5651760414592463,1.0609330379602981,2.0,0.5,False
332,-0.13944366539121014,0.2541528769257121,2.0,0.5,False
333,-0.14855842099605931,0.2939534685819816,2.0,0.5,False
334,-1.6786426879879515,-0.4976724438682292,2.0,0.5,False
335,0.009138861416190011,1.1857170987397359,2.0,0.5,False
336,0.7576814966657309,2.0310766541668848,2.0,0.5,False
337,0.9384244399057777,1.6353321337056435,2.0,0.5,False
338,0.831173242771641,2.647330983984794,2.0,0.5,False
339,-1.2662889339597054,1.1069935549779906,2.0,0.5,False
340,-0.3083634698610167,2.352908521810562,2.0,0.5,False
341,0.3397781129298402,1.4026012503146221,2.0,0.5,False
342,1.7618984223066547,4.053384606060131,2.0,0.5,False
343,-1.7493370859762483,-1.133384542364154,2.0,0.5,False
344,0.9591867171404155,3.7558018174486714,2.0,0.5,False
345,0.7669254264665754,0.4095600734102729,2.0,0.5,False
346,0.5435974274393864,2.2424039818073207,2.0,0.5,False
347,-0.7851166608042036,-0.4209607138698972,2.0,0.5,False
348,-1.6387980315614477,-1.7262135525462345,2.0,0.5,False
349,-0.38039300473825843,1.048967782322843,2.0,0.5,False
350,-0.37377774860358304,1.5703008114706918,2.0,0.5,False
351,-0.655724971110167,0.27350387624614647,2.0,0.5,False
352,0.037022159128223965,0.37195487865896226,2.0,0.5,False
353,-1.9646167540780706,-1.890309864682798,2.0,0.5,False
354,-0.9369482728911703,-0.6254928491297996,2.0,0.5,False
355,-0.23655826596062868,-1.2252273972584478,2.0,0.5,False
356,0.3545303355210317,1.273123628863565,2.0,0.5,False
357,1.0028826069520096,1.3896410956071472,2.0,0.5,False
358,0.5334096496513627,1.8710806675207379,2.0,0.5,False
359,0.9864504128606342,4.51409406057205,2.0,0.5,False
360,-0.1481692745174602,1.5852005352656895,2.0,0.5,False
361,-1.0838920056953125,-0.0471286315719905,2.0,0.5,False
362,-0.9914374373346905,0.8826931456456925,2.0,0.5,False
363,0.38277936785762084,1.1304877733801884,2.0,0.5,False
364,0.16568768328826777,2.2340075712847,2.0,0.5,False
365,-1.4143477173325236,-3.179616860147668,2.0,0.5,False
366,0.5836103210456651,2.0896788918913454,2.0,0.5,False
367,0.19855858111075855,1.0108169211558062,2.0,0.5,False
368,-1.357978083462347,-1.0288627910448336,2.0,0.5,False
369,-1.0033201261065847,2.0437149133733414,2.0,0.5,False
370,-0.17297295889193626,1.4835847915340972,2.0,0.5,False
371,1.1937271890841055,1.9339525161135227,2.0,0.5,False
372,-2.6020120918241556,-3.7417509511368237,2.0,0.5,False
373,0.5117787105426207,0.6943423573232695,2.0,0.5,False
374,1.28901850224607,1.9475490076699566,2.0,0.5,False
375,-1.246673836629198,-1.5390793553869517,2.0,0.5,False
376,-0.2514491620363633,0.44188020210621537,2.0,0.5,False
377,-0.12878013347361816,-0.7110476735517801,2.0,0.5,False
378,0.505263831576971,0.9635601797361402,2.0,0.5,False
379,-0.172958381655067,0.5964821283535691,2.0,0.5,False
380,-1.2721553005400004,-1.1811695843230692,2.0,0.5,False
381,2.219190587170347,3.6721611693425618,2.0,0.5,False
382,0.6021368467343128,1.336332433105439,2.0,0.5,False
383,1.458702975947829,1.0873823047179922,2.0,0.5,False
384,-1.3257436488127945,0.4183240379961996,2.0,0.5,False
385,1.1446821312145012,1.50482935480475,2.0,0.5,False
386,-1.0340322814675544,-1.0173579980758172,2.0,0.5,False
387,-0.3524248278962416,0.6761336360376703,2.0,0.5,False
388,-0.7682498938999268,-1.0311016997129645,2.0,0.5,False
389,0.11535205423211574,2.6273913556638657,2.0,0.5,False
390,-1.2926530292325622,-0.9766321604698684,2.0,0.5,False
391,-2.0995059203125233,-0.5110190285054005,2.0,0.5,False
392,0.629620872938611,0.5764383061733165,2.0,0.5,False
393,1.1599078663757354,3.1923457053501303,2.0,0.5,False
394,-1.5336869819735044,-1.058732666473664,2.0,0.5,False
395,1.2365201765811389,2.4355665711976986,2.0,0.5,False
396,-0.07551448302191237,0.1369905147221226,2.0,0.5,False
397,3.4105925956663437,5.006874197943891,2.0,0.5,False
398,1.670139655236864,4.43877009436593,2.0,0.5,False
399,-0.3125308515232307,1.5092897290230707,2.0,0.5,False
400,-1.2155939548398718,-2.5188600564650976,2.0,0.5,False
401,0.21550074775831854,-0.7494342467718007,2.0,0.5,False
402,0.16390066719316357,0.9303470477529824,2.0,0.5,False
403,-0.001262547320673556,0.465983504069088,2.0,0.5,False
404,-0.5234119315243261,-0.12272409211780456,2.0,0.5,False
405,-0.11844571010852624,-0.8158452397453682,2.0,0.5,False
406,-0.6117428198665468,0.9885802584326776,2.0,0.5,False
407,0.04571641197700386,0.522548074714646,2.0,0.5,False
408,0.22191955961102935,0.7411385014424784,2.0,0.5,False
409,0.30333063253692033,1.1617738272618607,2.0,0.5,False
410,-1.135105596137381,-1.285970612509845,2.0,0.5,False
411,-0.8304210832165644,0.11902088062304128,2.0,0.5,False
412,0.028080031205342,3.4183906939228126,2.0,0.5,False
413,0.23459061580973092,0.3061464632572395,2.0,0.5,False
414,0.27377129420736696,1.6334444244230604,2.0,0.5,False
415,-1.8765010970599616,-3.146291449776066,2.0,0.5,False
416,0.8210550096699699,2.765278070566228,2.0,0.5,False
417,-0.5606326147543378,0.26216354225157923,2.0,0.5,False
418,0.2584327377098651,-0.14906607026415086,2.0,0.5,False
419,0.21852662395430442,-0.054670394002777734,2.0,0.5,False
420,-0.5357033809789847,0.03020784609193461,2.0,0.5,False
421,-0.9441751808025063,-1.642028842047891,2.0,0.5,False
422,-0.6052807540272064,-0.6625152115185834,2.0,0.5,False
423,-0.009228466831022894,2.1514072422937938,2.0,0.5,False
424,1.3216012142555675,4.3425913611233815,2.0,0.5,False
425,-0.011504329736718031,-0.8791331162548041,2.0,0.5,False
426,-0.475286116071546,-0.03199310277289136,2.0,0.5,False
427,-0.1013924990981979,-1.3209216097189238,2.0,0.5,False
428,0.9234422667877982,1.2876017807602258,2.0,0.5,False
429,-0.08886917978124959,3.721760115816501,2.0,0.5,False
430,-0.41210453682316023,2.3148463191984394,2.0,0.5,False
431,0.09620687343471812,0.9833411996399426,2.0,0.5,False
432,-1.2795688827311664,1.2335016335592015,2.0,0.5,False
433,-0.634387551981972,3.15153692207315,2.0,0.5,False
434,-1.1922545560808249,-1.4839520587227075,2.0,0.5,False
435,0.8941399270310766,2.521039188449153,2.0,0.5,False
436,-0.07907390377021352,1.2216339322622547,2.0,0.5,False
437,-0.8287819025470464,1.1431374678690551,2.0,0.5,False
438,-1.0463454932570908,-1.2545416013488906,2.0,0.5,False
439,0.43736670784804177,2.7054888490290367,2.0,0.5,False
440,1.369351753119511,2.119885583601714,2.0,0.5,False
441,-1.8515016075583404,-0.34626760424888503,2.0,0.5,False
442,0.7622536517525689,0.6901188463340884,2.0,0.5,False
443,-0.11226367938151328,-0.4968563449648372,2.0,0.5,False
444,0.270597412728151,0.8628537423162204,2.0,0.5,False
445,0.814332304430881,4.253543933019102,2.0,0.5,False
446,-1.0826310160236368,-0.882568503048013,2.0,0.5,False
447,0.11855153264908005,-0.5419824447603334,2.0,0.5,False
448,0.7813695513545341,1.5921750663587315,2.0,0.5,False
449,-0.6512055052231869,-0.552227202092589,2.0,0.5,False
450,1.6091633288727432,2.5540389154086007,2.0,0.5,False
451,-1.9077095199082483,-1.9810258357093256,2.0,0.5,False
452,-0.36284702856559176,0.24680904216141525,2.0,0.5,False
453,1.3449682566585295,0.5043315651469102,2.0,0.5,False
454,2.256878525912552,2.0758063987698208,2.0,0.5,False
455,0.15932342560493817,1.13660549205496,2.0,0.5,False
456,-0.3605805507921545,1.7142512903997609,2.0,0.5,False
457,-0.17514730754863628,-0.5479545781212947,2.0,0.5,False
458,-0.7015341949827959,1.3215412445478987,2.0,0.5,False
459,0.38030798534872673,-0.23404053577485007,2.0,0.5,False
460,2.692721755048838,4.373909045939177,2.0,0.5,False
461,-0.6548449197385673,0.956834490382316,2.0,0.5,False
462,0.6324096232546169,2.2839210913810444,2.0,0.5,False
463,0.2315285063315051,0.7141247627405842,2.0,0.5,False
464,-0.3518251689027743,0.5842663452900557,2.0,0.5,False
465,-1.75103313859347,-0.12142601150440185,2.0,0.5,False
466,-1.0296137396337155,-2.2004923470724718,2.0,0.5,False
467,0.11358158271591337,1.6210679542882849,2.0,0.5,False
468,0.17280610247068892,2.9819209986791826,2.0,0.5,False
469,-1.3817580516248134,0.1458592857349733,2.0,0.5,False
470,0.6906909408772672,3.795179092590569,2.0,0.5,False
471,-0.4624387217821143,1.3121600228726904,2.0,0.5,False
472,-0.5724315224871522,0.8296856910610175,2.0,0.5,False
473,0.563502135555481,2.9556118757824605,2.0,0.5,False
474,-0.052966471385389714,-1.0906603986791814,2.0,0.5,False
475,-1.0194181613812714,0.400625274898031,2.0,0.5,False
476,0.9838392206998812,1.8992763999710198,2.0,0.5,False
477,0.5292821829387622,1.0971496667753424,2.0,0.5,False
478,0.4851345353728168,-0.46923203568920413,2.0,0.5,False
479,1.2615656270411442,2.4960978542670436,2.0,0.5,False
480,-0.8783803280671026,0.8907923148432149,2.0,0.5,False
481,0.244826266508634,1.9123499223927445,2.0,0.5,False
482,0.5326584487222542,2.189828353062464,2.0,0.5,False
483,1.4951640995555238,2.3950586785420507,2.0,0.5,False
484,-0.23525364310578287,-0.23908382599743871,2.0,0.5,False
485,-0.914051183873693,-0.08969439545654623,2.0,0.5,False
486,-0.20925758344803733,-1.3705507880861358,2.0,0.5,False
487,0.20596464322082952,2.384521839085516,2.0,0.5,False
488,-0.3744734136793581,-0.5022538137367154,2.0,0.5,False
489,-1.1111535726093187,-1.4563749219257272,2.0,0.5,False
490,0.782141015974593,1.952134865732822,2.0,0.5,False
491,-0.37271031604003235,1.2408603602416364,2.0,0.5,False
492,-2.558753767371472,-0.7752762818006955,2.0,0.5,False
493,0.4363150035596601,-0.7730771563112853,2.0,0.5,False
494,-2.1948313431436257,-4.114369964445769,2.0,0.5,False
495,1.1797615948235267,1.628807349302123,2.0,0.5,False
496,1.0799137394960783,2.2838659153293133,2.0,0.5,False
497,0.23542716303856828,-0.2165483549853635,2.0,0.5,False
498,-0.309191589542355,0.3419214930232669,2.0,0.5,False
499,-0.38198986649462807,1.8628390005852964,2.0,0.5,False
500,-0.3077972803140907,1.096417990399476,2.0,0.5,False
501,0.9389398569543981,2.3405798146533208,2.0,0.5,False
502,0.06932033599029724,1.2181472646761264,2.0,0.5,False
503,0.43523057011924493,1.9353996234085262,2.0,0.5,False
504,0.6412334125181269,2.202398497943692,2.0,0.5,False
505,0.7802001860181346,4.9294774408425255,2.0,0.5,False
506,0.14407782136933264,2.0854115886347784,2.0,0.5,False
507,-0.7121067239019475,0.615900774101941,2.0,0.5,False
508,0.17853070310473923,-1.7015577907602017,2.0,0.5,False
509,1.0521883081508085,2.1549103679571866,2.0,0.5,False
510,-1.774308450252724,-1.9568340969528435,2.0,0.5,False
511,1.0539092025536612,1.8663240048498333,2.0,0.5,False
512,0.478408605077734,-0.09324286392736936,2.0,0.5,False
513,2.1302119588984976,6.104120780911664,2.0,0.5,False
514,-2.31036768568867,-0.9452499023685564,2.0,0.5,False
515,0.4687526383280996,1.0805398716011776,2.0,0.5,False
516,0.0075569526503934635,0.7142309542932848,2.0,0.5,False
517,1.0115851763166497,0.7948900861159109,2.0,0.5,False
518,-1.0573660593861944,0.9395999853930066,2.0,0.5,False
519,-1.9354252133066505,-1.6262234292558477,2.0,0.5,False
520,-0.5021846973072233,0.8777242409655497,2.0,0.5,False
521,0.7250431196661079,1.6636974977654522,2.0,0.5,False
522,1.3046736600858304,2.347513801235196,2.0,0.5,False
523,-1.4759843409992228,-1.0290084294032094,2.0,0.5,False
524,0.050652989145901745,-0.8649219406584894,2.0,0.5,False
525,0.08815890836321574,0.041630096574468034,2.0,0.5,False
526,-0.7347270579993204,-2.209450406376717,2.0,0.5,False
527,-0.8576242127193721,-0.9480689550903629,2.0,0.5,False
528,2.579363366707259,4.829233630924127,2.0,0.5,False
529,0.09268226448581804,1.0369696715289014,2.0,0.5,False
530,-0.32690266118514794,1.7788931926631446,2.0,0.5,False
531,0.3206854184018118,1.506733365518694,2.0,0.5,False
532,-2.5322689618324237,-2.1049409876139094,2.0,0.5,False
533,-1.0728045075617016,0.6294553472976234,2.0,0.5,False
534,-0.3696213707763612,-1.1946847717780031,2.0,0.5,False
535,-0.21384253871042921,-0.7678259339709606,2.0,0.5,False
536,-2.778315413149542,0.9988845511402573,2.0,0.5,False
537,0.8957720142296081,0.256143642475797,2.0,0.5,False
538,0.799831722536085,1.7433625044125722,2.0,0.5,False
539,0.9636012512735836,2.5392538292246685,2.0,0.5,False
540,-0.27920681408442005,1.1077150125593216,2.0,0.5,False
541,0.5313623367367448,0.4622632779003313,2.0,0.5,False
542,0.6841147099188806,3.5436856581760283,2.0,0.5,False
543,0.6423973444925766,0.939051683897203,2.0,0.5,False
544,-1.0887345785549118,0.3460535001469758,2.0,0.5,False
545,-0.2372469033313398,2.513978129265368,2.0,0.5,False
546,0.8516858651819955,0.04826009766294437,2.0,0.5,False
547,1.021177242317524,2.783534524238922,2.0,0.5,False
548,1.1743607764419646,2.4447698324334852,2.0,0.5,False
549,1.2213282033938047,2.940189213846187,2.0,0.5,False
550,-0.29905199926624737,1.317576623212669,2.0,0.5,False
551,-0.060096724557721276,2.832424594647867,2.0,0.5,False
552,0.5291970352570624,0.8189101864521384,2.0,0.5,False
553,-1.3259224326306,1.0823532912391023,2.0,0.5,False
554,1.215538470308895,0.504225438527589,2.0,0.5,False
555,0.6019144504288922,1.8435278610900854,2.0,0.5,False
556,0.24281064831886287,4.599469061934597,2.0,0.5,False
557,-0.40846264209642263,-0.43328693835748455,2.0,0.5,False
558,1.19723339892252,3.184179557389925,2.0,0.5,False
559,-2.0923196541864035,-2.489368416603059,2.0,0.5,False
560,0.09524652740579174,0.41736793774916503,2.0,0.5,False
561,-0.006823606362307722,4.013299925256554,2.0,0.5,False
562,0.6531273120081763,3.8894320755478624,2.0,0.5,False
563,1.1701253894311032,3.594078637017348,2.0,0.5,False
564,0.40219607966944293,-0.2316656446584009,2.0,0.5,False
565,-1.271963029735204,-1.6006123949323898,2.0,0.5,False
566,0.8807231751363962,1.910610139074005,2.0,0.5,False
567,0.8734841088321936,2.785650902897161,2.0,0.5,False
568,1.2365367536318852,3.5705212575842165,2.0,0.5,False
569,-0.24220579221781563,1.1767211856104778,2.0,0.5,False
570,-0.5589936949538559,1.390983153790978,2.0,0.5,False
571,-0.5203642060014521,1.682324992990707,2.0,0.5,False
572,2.1980664659128957,4.920555640451683,2.0,0.5,False
573,1.5764431342863876,3.640571440798999,2.0,0.5,False
574,2.184039577641173,4.046269495034063,2.0,0.5,False
575,0.7822552393742289,1.992151782208431,2.0,0.5,False
576,0.6574445895281911,0.4617514703479373,2.0,0.5,False
577,-0.5179417561957447,0.5063280767023338,2.0,0.5,False
578,-0.590236023919275,-0.12214971046216616,2.0,0.5,False
579,-1.0128929994166465,0.2545912832710579,2.0,0.5,False
580,0.8618935397871361,1.0906515392973846,2.0,0.5,False
581,0.3250940844775164,0.8154670199074288,2.0,0.5,False
582,0.8911618762813937,0.4713051241214188,2.0,0.5,False
583,0.9752848513835152,0.6937490075958943,2.0,0.5,False
584,0.35414321372319435,4.62356075347949,2.0,0.5,False
585,-0.42296258517556806,2.6497429984323357,2.0,0.5,False
586,0.6245377360444022,3.7543949960511,2.0,0.5,False
587,-0.7825459286154551,-0.8976925959607518,2.0,0.5,False
588,0.21813268283884804,1.7646680239342158,2.0,0.5,False
589,-0.2993793885909212,-0.2747560043009052,2.0,0.5,False
590,-0.815096171831087,-1.6731606027769215,2.0,0.5,False
591,-0.6021924975031908,0.44436227763486114,2.0,0.5,False
592,0.3156254832534002,1.830341724163494,2.0,0.5,False
593,-0.13392652511060962,4.192146430041959,2.0,0.5,False
594,0.716832463938586,1.902709609879254,2.0,0.5,False
595,0.7225458041134952,1.0183572750958376,2.0,0.5,False
596,-0.5656054523881957,0.46839308156491577,2.0,0.5,False
597,1.8040737006324177,6.254144308099987,2.0,0.5,False
598,0.89976989154481,2.3690940535683516,2.0,0.5,False
599,0.32753523569145826,0.5052538071782058,2.0,0.5,False
600,1.2255903763850464,0.24100038798566437,2.0,0.5,False
601,1.455768930246864,2.269699474622181,2.0,0.5,False
602,-0.12639194904666756,3.081979696156764,2.0,0.5,False
603,0.8926583724738749,1.9549776935598768,2.0,0.5,False
604,0.634278311499021,2.7844160192021317,2.0,0.5,False
605,1.2277023762864767,0.6938954781670266,2.0,0.5,False
606,-1.231325106335464,-1.8740184050785915,2.0,0.5,False
607,0.48906547768762987,1.6609843066607888,2.0,0.5,False
608,-2.141570815920067,-3.1121009417281345,2.0,0.5,False
609,-1.6943863688809926,0.6468290955887622,2.0,0.5,False
610,-0.16749928878623233,1.1130563743767148,2.0,0.5,False
611,0.34784416182361083,3.6532574402838405,2.0,0.5,False
612,1.4628530741618833,2.4511080742795874,2.0,0.5,False
613,-0.45079680134641054,2.5475947123448948,2.0,0.5,False
614,-0.8946494053725474,0.05015660840884273,2.0,0.5,False
615,0.38173008915098294,0.7970623085793888,2.0,0.5,False
616,0.13628860186037572,2.0913668985856178,2.0,0.5,False
617,0.6172613962973593,1.9254703872580003,2.0,0.5,False
618,0.04885581927885409,-0.3089828700120434,2.0,0.5,False
619,-0.1907293694053218,1.4104420880830073,2.0,0.5,False
620,-0.6326349923589832,1.7867550471447737,2.0,0.5,False
621,-0.11508423975058149,-0.5020717786923405,2.0,0.5,False
622,0.12986024217955958,3.4325543763879374,2.0,0.5,False
623,-0.5825831611722887,-0.5773457234977345,2.0,0.5,False
624,-0.9345632099647537,1.1230377543434038,2.0,0.5,False
625,2.2103878984534613,3.3536709645138973,2.0,0.5,False
626,1.436947329997357,1.8144285356611978,2.0,0.5,False
627,2.127989801718673,3.730971322738802,2.0,0.5,False
628,1.097546710172782,0.9162937026604752,2.0,0.5,False
629,-2.173053372121893,-2.5082160789134957,2.0,0.5,False
630,0.3461921374509155,2.0475536016785427,2.0,0.5,False
631,0.391324277635,-0.6682664332491464,2.0,0.5,False
632,-1.1077155193517805,0.004296563741536363,2.0,0.5,False
633,0.3822431922061239,-1.2452323760304163,2.0,0.5,False
634,-0.8354540521698934,0.03314814741283251,2.0,0.5,False
635,2.5068271344545403,3.253713698263554,2.0,0.5,False
636,-0.16266194280282634,1.813330609709616,2.0,0.5,False
637,-0.7464718988296822,0.4816132015194059,2.0,0.5,False
638,0.3397888858024852,0.232377749777825,2.0,0.5,False
639,1.0719839684211705,1.289054230055659,2.0,0.5,False
640,0.16373441567980657,0.4482566088488114,2.0,0.5,False
641,0.8483078882157813,0.1255608188375612,2.0,0.5,False
642,-1.1529311287616495,0.8814586559588169,2.0,0.5,False
643,0.5418094929242292,0.4302831553544107,2.0,0.5,False
644,-0.4310686000812047,-1.1991118528246956,2.0,0.5,False
645,-0.3877161212472383,-0.04711546813293899,2.0,0.5,False
646,0.05885177391132159,3.8694620939002116,2.0,0.5,False
647,-0.7208227750538977,-1.7353101647526605,2.0,0.5,False
648,0.027976427214310616,1.4473400002631935,2.0,0.5,False
649,-0.7138388612543987,-0.7691973675439999,2.0,0.5,False
650,-0.261438388256115,0.33639972534292956,2.0,0.5,False
651,-0.9781255197573298,0.7395230390694153,2.0,0.5,False
652,-0.5488551503553734,1.0342729403300617,2.0,0.5,False
653,-0.3067795925670848,0.0874443194480286,2.0,0.5,False
654,2.537991327029926,5.170417301292684,2.0,0.5,False
655,0.7104135350150634,0.9346402006831701,2.0,0.5,False
656,-2.157975194823978,-2.09566548619076,2.0,0.5,False
657,-0.8791642004919262,-2.425262039895731,2.0,0.5,False
658,-1.8528072776176585,0.3452970507754619,2.0,0.5,False
659,-0.08364006363667556,-0.074886744652599,2.0,0.5,False
660,-0.6888552838324552,-0.1291266015003176,2.0,0.5,False
661,0.36759289431672265,2.291051032820262,2.0,0.5,False
662,-0.6972867931019382,-2.8928119830729773,2.0,0.5,False
663,-0.758330828897836,-1.3431616713581724,2.0,0.5,False
664,0.5460980525275465,0.9286732765606383,2.0,0.5,False
665,0.45143250007082564,3.3926984940691813,2.0,0.5,False
666,-0.9086657629275687,0.807430085745102,2.0,0.5,False
667,-0.3122479183614067,0.6461810215535345,2.0,0.5,False
668,-0.8011325683245861,1.0328796397596993,2.0,0.5,False
669,-0.9584950668546262,-0.18850349554610546,2.0,0.5,False
670,0.24634171801179747,-0.4506905397186427,2.0,0.5,False
671,0.2718967350326452,1.6855405542220148,2.0,0.5,False
672,0.2571958023608187,0.8263925051947784,2.0,0.5,False
673,-0.37784561450209925,-0.4617315460449543,2.0,0.5,False
674,0.3303816945618186,0.507599812829455,2.0,0.5,False
675,-1.5572011728404747,0.9077505827475842,2.0,0.5,False
676,-0.2729249718058042,1.0522479943794492,2.0,0.5,False
677,0.42071127409058806,1.1397162924837994,2.0,0.5,False
678,0.03673271915365519,-0.8637154787539689,2.0,0.5,False
679,0.989542203194117,1.5627330008596676,2.0,0.5,False
680,0.028863181050132608,2.625903578105017,2.0,0.5,False
681,0.4409964477464751,1.1342206265886978,2.0,0.5,False
682,0.9991430167758752,3.0422025353725983,2.0,0.5,False
683,-0.28277283978332274,2.1768164967119814,2.0,0.5,False
684,-2.4191071725038094,-2.2808482074133902,2.0,0.5,False
685,0.9812643046556455,1.862065945779887,2.0,0.5,False
686,0.9778584230660023,3.3549986003935075,2.0,0.5,False
687,2.5904806582267836,4.876683465538487,2.0,0.5,False
688,-0.5116432474409056,1.3983818719505692,2.0,0.5,False
689,2.3627806024575007,3.493716167540506,2.0,0.5,False
690,0.6697231376134698,1.5071207837083636,2.0,0.5,False
691,-1.0113368379807386,-0.7003808477236597,2.0,0.5,False
692,0.8517206182302001,3.247773958073287,2.0,0.5,False
693,0.39648275179269993,-0.6895884256800242,2.0,0.5,False
694,0.46230378912643233,0.5580563747660201,2.0,0.5,False
695,-0.6773306221174981,-0.2800998225782636,2.0,0.5,False
696,0.49943678856319673,-0.8246305226189077,2.0,0.5,False
697,0.3633237940760395,3.9588500736013237,2.0,0.5,False
698,-0.7798534478493077,-1.4983255655554464,2.0,0.5,False
699,0.6261291025767173,2.1202748913197333,2.0,0.5,False
700,0.6862735584984739,2.800834983577821,2.0,0.5,False
701,1.7592730011388633,1.199070551900588,2.0,0.5,False
702,1.1652350082784446,3.1687795568449713,2.0,0.5,False
703,0.3917436621967188,2.251071823359056,2.0,0.5,False
704,-1.3392053833002708,-1.1965262845591669,2.0,0.5,False
705,-1.5256693453605519,-1.79792282857516,2.0,0.5,False
706,0.32232057459479324,-0.7773572132514469,2.0,0.5,False
707,-1.5455915955276371,-0.7426102132475405,2.0,0.5,False
708,-0.29945179921197196,1.7225915807709902,2.0,0.5,False
709,0.2978277354512448,1.5200430089232804,2.0,0.5,False
710,-0.6155053813100876,-3.299298881784133,2.0,0.5,False
711,0.9431295344119718,3.0806490490216705,2.0,0.5,False
712,-0.5306029261351273,0.6183772068425186,2.0,0.5,False
713,-0.8753438497001566,-0.8792959498112357,2.0,0.5,False
714,-2.479154433783562,-1.5055537186761148,2.0,0.5,False
715,0.05484463479659695,-0.10772520387545681,2.0,0.5,False
716,0.7823191564329757,1.0879595530171098,2.0,0.5,False
717,0.17280190240395582,1.7866238257980362,2.0,0.5,False
718,1.4466098663169096,2.4019678138369556,2.0,0.5,False
719,-0.8252972591778523,0.8511235429454727,2.0,0.5,False
720,-0.9501721773204777,1.5664443507342876,2.0,0.5,False
721,0.7605787264184787,0.4811575717375498,2.0,0.5,False
722,-2.593704426557171,-1.9028454604549585,2.0,0.5,False
723,-0.8115543796980843,0.02926548253495781,2.0,0.5,False
724,0.5603130752719172,1.7891145249189266,2.0,0.5,False
725,1.3899629295279745,2.9727166532157177,2.0,0.5,False
726,0.6339572805934559,2.1049413241750585,2.0,0.5,False
727,0.6481429819519624,3.699998060119347,2.0,0.5,False
728,-0.6665423480277944,-0.47810184619607676,2.0,0.5,False
729,-0.7988339187379225,-1.7092641280816114,2.0,0.5,False
730,0.35915636656439076,1.1081309301603506,2.0,0.5,False
731,0.9534859602068694,4.134806664027368,2.0,0.5,False
732,0.5808279123574317,0.2969627907141104,2.0,0.5,False
733,0.11020821870643337,1.4492664557308135,2.0,0.5,False
734,-0.5397870548549444,0.7393634200774007,2.0,0.5,False
735,-1.1070440257439944,1.236741648613628,2.0,0.5,False
736,0.2233589551669897,-1.2111041463105767,2.0,0.5,False
737,0.9327062690933949,0.9859223240966947,2.0,0.5,False
738,-0.8303996161600808,-1.2703932743965538,2.0,0.5,False
739,-0.5593915985363219,0.5626653321400475,2.0,0.5,False
740,-2.792660840763671,-1.584534701343256,2.0,0.5,False
741,-0.937112970492149,0.6739561473145302,2.0,0.5,False
742,1.025014335933971,1.304358925250081,2.0,0.5,False
743,0.7876148959697734,2.125868147098978,2.0,0.5,False
744,-0.11922583100052242,-0.07804998219571668,2.0,0.5,False
745,0.2691586333392619,2.1130997965769422,2.0,0.5,False
746,-0.19164863112810065,1.892004872054157,2.0,0.5,False
747,-0.999326650576931,0.5980065486447916,2.0,0.5,False
748,0.10081084071392778,1.44732647026934,2.0,0.5,False
749,-0.05587517473160695,1.5424443829503323,2.0,0.5,False
750,-0.6916297641962769,0.35948603992030176,2.0,0.5,False
751,2.0996111262094233,4.592290474829254,2.0,0.5,False
752,0.1271081505526929,0.8498099993832453,2.0,0.5,False
753,-1.4384978538871158,-2.329300859344988,2.0,0.5,False
754,-1.617597537501618,-0.8320252978162579,2.0,0.5,False
755,-1.2591120972740348,-2.1833654253151433,2.0,0.5,False
756,-0.12972036942103266,1.4720938412920608,2.0,0.5,False
757,-0.494022340609509,1.7359209550918566,2.0,0.5,False
758,-0.3239782454342465,0.761818126585649,2.0,0.5,False
759,-2.44900873829748,-1.672423620981067,2.0,0.5,False
760,-0.6037353511138009,-0.7939184837244897,2.0,0.5,False
761,0.29459038979490487,0.4136386689805893,2.0,0.5,False
762,-1.6329944024544885,-1.8327641824290506,2.0,0.5,False
763,0.34054123725828395,2.392857890670504,2.0,0.5,False
764,0.6432592251719442,-0.1189923557301884,2.0,0.5,False
765,-0.8918666188274748,0.053383624239634386,2.0,0.5,False
766,0.10405082052027495,0.2609659990729439,2.0,0.5,False
767,0.28797023008237826,0.6817770352641076,2.0,0.5,False
768,1.293219174989193,0.9156629098387344,2.0,0.5,False
769,-0.5245896743872935,0.5174757117459008,2.0,0.5,False
770,0.21768223531178407,0.26653041787209936,2.0,0.5,False
771,-1.151737702158326,0.1284695278141697,2.0,0.5,False
772,-0.38557273885811894,2.52835148426183,2.0,0.5,False
773,-1.9057080156783537,-0.6704813123711205,2.0,0.5,False
774,0.211508858406675,0.5145926641299801,2.0,0.5,False
775,-0.4637055064389338,1.288179699435282,2.0,0.5,False
776,-0.3648444497925195,1.2770876258027413,2.0,0.5,False
777,-0.5927862039642641,1.9227417910210103,2.0,0.5,False
778,-0.0021338187788510496,0.468615764568037,2.0,0.5,False
779,-1.506302832679567,-2.9238275118087333,2.0,0.5,False
780,0.18646748805250127,2.6409336895997493,2.0,0.5,False
781,0.4428865031202705,2.247014557949139,2.0,0.5,False
782,-0.11292805410608679,1.618964988615324,2.0,0.5,False
783,0.3374780723390857,0.27391121756824954,2.0,0.5,False
784,0.38758763386517575,2.4481624539786786,2.0,0.5,False
785,0.04625351842418561,2.496125984445115,2.0,0.5,False
786,0.5657875604584944,0.4177854431399384,2.0,0.5,False
787,-1.1173753536343385,0.13862555448197078,2.0,0.5,False
788,0.13718729420619724,-0.20254511370849615,2.0,0.5,False
789,0.12715068321370554,2.7277957401510355,2.0,0.5,False
790,-0.5837528231379642,0.2166358765401204,2.0,0.5,False
791,-0.8828469781860018,0.27805922027081614,2.0,0.5,False
792,1.6779471832747261,3.702295359397226,2.0,0.5,False
793,-0.838766448181297,0.7409401573522167,2.0,0.5,False
794,-0.15385220970170804,2.611370973686941,2.0,0.5,False
795,-0.2554654484977479,1.1529848387734214,2.0,0.5,False
796,0.5683475313804499,2.3860635672933697,2.0,0.5,False
797,1.2390035479322072,3.9310019925333464,2.0,0.5,False
798,-0.7362505109837171,-0.9168356419277051,2.0,0.5,False
799,-0.4481539418631929,0.5244395850045088,2.0,0.5,False
800,0.6949198651799743,2.381794756114959,2.0,0.5,False
801,0.14207946809455482,2.316349579983113,2.0,0.5,False
802,-0.12949374040311917,1.768334164443785,2.0,0.5,False
803,-1.3915344950597246,-0.9333844978645797,2.0,0.5,False
804,-1.1047811825441403,1.4011343630548976,2.0,0.5,False
805,-1.1763191811350864,0.287201811847533,2.0,0.5,False
806,0.3041760293754628,-0.485722474759734,2.0,0.5,False
807,1.1430278008614632,1.2995966095827574,2.0,0.5,False
808,-0.5551424530675734,-0.6440188416168517,2.0,0.5,False
809,-1.3985580833705011,-0.724058283174543,2.0,0.5,False
810,-1.2388216974567345,1.0917283824152784,2.0,0.5,False
811,-0.5696001533093191,0.6059680938531743,2.0,0.5,False
812,2.783606424656039,2.8254587439990413,2.0,0.5,False
813,1.189411265442839,0.895653620093523,2.0,0.5,False
814,-1.3983327532142384,-0.9419860400057019,2.0,0.5,False
815,1.1885022134457521,0.6786759541714531,2.0,0.5,False
816,0.3154520819152924,0.6651253087830672,2.0,0.5,False
817,0.4932376896399299,1.244121086318291,2.0,0.5,False
818,-1.842310848691511,-0.6161442183943224,2.0,0.5,False
819,-0.4609665258566671,0.22958365053840454,2.0,0.5,False
820,1.4001247835680743,3.3111296100593512,2.0,0.5,False
821,0.9767778766971829,-0.03297778406774676,2.0,0.5,False
822,-1.4197731243466567,0.4167273522561149,2.0,0.5,False
823,2.4896984886403417,3.2459674613100065,2.0,0.5,False
824,-2.3391275835825804,-0.5224362079059619,2.0,0.5,False
825,-0.5129915407185573,2.4177967673326295,2.0,0.5,False
826,1.0499312319579992,2.8475757585914323,2.0,0.5,False
827,0.43798658983924393,2.6878610789044948,2.0,0.5,False
828,1.0541287292475847,0.008681622251827115,2.0,0.5,False
829,-1.1257811262328836,-0.9342186008318716,2.0,0.5,False
830,0.3316835895733661,1.4561020042358042,2.0,0.5,False
831,-0.19096635902472295,2.796534575889664,2.0,0.5,False
832,-1.5276810010978494,-0.9667604909454034,2.0,0.5,False
833,-0.1968720876361729,0.9251469947533788,2.0,0.5,False
834,0.5993372717641211,3.9365157421672916,2.0,0.5,False
835,-0.08618394826536617,1.6554120120617073,2.0,0.5,False
836,0.23886904543938364,1.7473158834589526,2.0,0.5,False
837,0.5639808370329646,1.5172385367133205,2.0,0.5,False
838,-0.6227053013586827,-3.0824435564901997,2.0,0.5,False
839,-2.2902020446210587,-1.465058723230598,2.0,0.5,False
840,-1.647456695708419,-0.9337257989826848,2.0,0.5,False
841,0.2924704838718986,2.565614362380326,2.0,0.5,False
842,-0.29029098249233737,-1.0493627577920146,2.0,0.5,False
843,-0.9017265295948277,0.17179399469942463,2.0,0.5,False
844,-0.5857964467673661,0.359511829803963,2.0,0.5,False
845,-1.3717225457543563,-3.1016375761722146,2.0,0.5,False
846,0.8935326053057133,2.2998113244917744,2.0,0.5,False
847,1.090999142489487,3.4432189616153064,2.0,0.5,False
848,0.8135969621454592,1.883555774280033,2.0,0.5,False
849,1.0737938095196682,2.7601243683418795,2.0,0.5,False
850,2.237114443292998,3.512208856783819,2.0,0.5,False
851,-0.008922065640072984,2.5102541284843314,2.0,0.5,False
852,0.7511209698770493,1.2241576794122468,2.0,0.5,False
853,-0.14771189665019704,0.8104745702771616,2.0,0.5,False
854,1.2247729285549953,1.7478139486443482,2.0,0.5,False
855,1.162501097303661,3.1199122198610505,2.0,0.5,False
856,0.7351030334213323,4.986884782803433,2.0,0.5,False
857,0.8740551728889953,4.489967672273267,2.0,0.5,False
858,-0.9541285715552369,-0.5066236585829001,2.0,0.5,False
859,0.6029439282842938,2.2243606249127654,2.0,0.5,False
860,-0.2813947891692171,-0.4664546746582953,2.0,0.5,False
861,0.5566602194137753,1.3391562945790787,2.0,0.5,False
862,-0.7340672013391379,0.9715948065020856,2.0,0.5,False
863,0.354335408690083,2.2745646272032154,2.0,0.5,False
864,-0.7586543984808206,-0.6557994305053195,2.0,0.5,False
865,-0.6457051186433382,0.4334461277625572,2.0,0.5,False
866,0.5021350403146977,-0.24225752124871325,2.0,0.5,False
867,-0.19640258705950867,0.8707373539600347,2.0,0.5,False
868,-0.8459863767800908,1.0554052206954379,2.0,0.5,False
869,0.6716417482119745,2.9733069840144304,2.0,0.5,False
870,-1.1370749674703065,-1.8439974601600713,2.0,0.5,False
871,-0.07565875108892271,0.10115598953525562,2.0,0.5,False
872,-0.08394871084008579,1.0600456745662794,2.0,0.5,False
873,-1.094625939710682,0.49506296804330363,2.0,0.5,False
874,1.4927169558909554,0.81658901476318,2.0,0.5,False
875,0.0931697457218438,0.5060278741032047,2.0,0.5,False
876,0.8407020920707896,1.7872619211223326,2.0,0.5,False
877,-0.43403538513470663,2.577438799849492,2.0,0.5,False
878,1.0473352092470725,4.197752497302732,2.0,0.5,False
879,0.9221713082616393,2.987976656048403,2.0,0.5,False
880,-0.12030067680186664,0.9317615686298318,2.0,0.5,False
881,0.03900215617953283,1.663527763010446,2.0,0.5,False
882,-0.1924892121085308,-2.4396360794487553,2.0,0.5,False
883,0.9800631252482516,2.039143960925131,2.0,0.5,False
884,-0.7135135625889287,-0.6051990993930914,2.0,0.5,False
885,0.04287379669710929,0.2625306396646956,2.0,0.5,False
886,-1.8142011404994693,-0.8753405612036433,2.0,0.5,False
887,0.31492039889036033,1.5514647264565904,2.0,0.5,False
888,0.3321361388514769,-0.7785775222568294,2.0,0.5,False
889,0.46472191830463316,1.7101058976995667,2.0,0.5,False
890,0.3866690359789628,3.7275385305481405,2.0,0.5,False
891,-0.9574499704909741,-1.2752808101223327,2.0,0.5,False
892,1.6038281962050582,2.7967449594942493,2.0,0.5,False
893,-1.8369686643156395,-2.1969466397030173,2.0,0.5,False
894,-0.7445376673869326,0.8632231699378412,2.0,0.5,False
895,0.9896199609560558,1.778947387608128,2.0,0.5,False
896,-1.365310768633605,-1.7175362900249787,2.0,0.5,False
897,0.923440643330395,1.8039970834407506,2.0,0.5,False
898,-1.3693396428666964,0.20599150668580268,2.0,0.5,False
899,-0.4142582820952685,1.0897136705729045,2.0,0.5,False
900,0.5539740292535359,1.0616109153643412,2.0,0.5,False
901,0.7613830224068264,0.0245373150133823,2.0,0.5,False
902,0.7154026885480078,0.8724084940048016,2.0,0.5,False
903,1.4989382165599123,2.1840576804158083,2.0,0.5,False
904,0.07906050319811249,-1.2666788454267683,2.0,0.5,False
905,0.09380537045475806,0.8343639407860381,2.0,0.5,False
906,-1.413929446104566,0.7952283857112774,2.0,0.5,False
907,-1.217268186666995,-0.7322162591222479,2.0,0.5,False
908,0.007562028669733435,0.16201418471061957,2.0,0.5,False
909,-0.511586825024313,0.3524767437836471,2.0,0.5,False
910,-1.613482340847026,-3.6534899446398965,2.0,0.5,False
911,-0.5431797367329267,0.6011172168452563,2.0,0.5,False
912,-0.5740536622598716,-0.9906923047569233,2.0,0.5,False
913,1.6516508683240008,1.277746945933009,2.0,0.5,False
914,-0.8825840613339733,0.6560181103966567,2.0,0.5,False
915,0.06305654554236087,2.031681096544567,2.0,0.5,False
916,0.12810539793489695,1.7707628508979834,2.0,0.5,False
917,1.1727844556758324,3.3180531265044264,2.0,0.5,False
918,0.06658312416653644,1.3897003054505201,2.0,0.5,False
919,1.5210841016692909,2.8043589046004627,2.0,0.5,False
920,-1.5248864005798064,-1.4709481165956564,2.0,0.5,False
921,-0.8727477634904299,-0.781483600497008,2.0,0.5,False
922,0.16061882294021843,1.0503533726858998,2.0,0.5,False
923,-1.0557380349041343,0.2236681301950041,2.0,0.5,False
924,1.0584918062821576,2.9510507589980586,2.0,0.5,False
925,-0.3470512066098978,1.656130053769657,2.0,0.5,False
926,0.6296404634377595,0.7707110447780092,2.0,0.5,False
927,-2.4711714414614665,-3.5722945689248427,2.0,0.5,False
928,-0.13069750405060282,1.1150688608130288,2.0,0.5,False
929,0.6701074440324527,3.835822059115086,2.0,0.5,False
930,-0.8191759776858328,-1.5070195192296785,2.0,0.5,False
931,1.102463271640708,1.2543733899591145,2.0,0.5,False
932,0.9679189298544502,0.2102786000616823,2.0,0.5,False
933,-1.0727111110215901,-1.0926467807672369,2.0,0.5,False
934,-1.4811052819955912,-0.7639918658690233,2.0,0.5,False
935,0.13524173348311716,2.178928898905321,2.0,0.5,False
936,-0.11196648914718078,0.8503859170170811,2.0,0.5,False
937,0.8202444234816505,2.0457926614475586,2.0,0.5,False
938,-2.35882542707919,-4.226741008610021,2.0,0.5,False
939,-0.865852781663587,0.2735892141663637,2.0,0.5,False
940,0.9977352997961458,3.0077533154780296,2.0,0.5,False
941,-2.4226501356899086,-3.9686721797807856,2.0,0.5,False
942,-0.24152730450101637,-0.11522600710578379,2.0,0.5,False
943,-0.6453787635815138,-0.008697551331553782,2.0,0.5,False
944,-0.8484926931432254,-1.0433541116107463,2.0,0.5,False
945,0.052412174155557864,0.5231013846774982,2.0,0.5,False
946,-0.7106405014374946,-0.36160329444588774,2.0,0.5,False
947,0.6108867484063857,2.5944346504480924,2.0,0.5,False
948,0.3221605216737011,0.4149995293826605,2.0,0.5,False
949,0.7372814754705699,1.871404230545585,2.0,0.5,False
950,0.5546029026567257,3.5333083108623544,2.0,0.5,False
951,-0.6711445136681375,0.8023980319593322,2.0,0.5,False
952,-1.105799153548688,-0.11479295172078169,2.0,0.5,False
953,-1.738919291179993,-1.7368437261230314,2.0,0.5,False
954,2.025649564193344,4.202950320914704,2.0,0.5,False
955,2.491269595673218,2.703175446691965,2.0,0.5,False
956,0.09568394086466715,2.3771719771360225,2.0,0.5,False
957,1.2555032685252296,1.7905246853930321,2.0,0.5,False
958,0.43151541245231906,3.141483214863472,2.0,0.5,False
959,1.0158314739190009,4.165533283853184,2.0,0.5,False
960,3.2244128098538245,3.2363596635616005,2.0,0.5,False
961,0.6812052913108481,0.843459168196544,2.0,0.5,False
962,-1.897995223734038,0.007895835455521416,2.0,0.5,False
963,1.1514550672503447,5.008534821378361,2.0,0.5,False
964,1.6938443337853204,4.144283072761852,2.0,0.5,False
965,-1.5929119519205908,-2.1002592017123605,2.0,0.5,False
966,1.383453569320191,4.126524260061876,2.0,0.5,False
967,0.2668616817400727,-0.5064882592286559,2.0,0.5,False
968,1.8428173354767747,3.6764255190866533,2.0,0.5,False
969,-1.298270240320034,0.8587725763940669,2.0,0.5,False
970,0.1508509369094234,1.799110609572737,2.0,0.5,False
971,-0.8576586516805977,-0.4936685150540566,2.0,0.5,False
972,1.3643465791587928,2.117928506540335,2.0,0.5,False
973,-0.653930410801522,-3.4021369619355006,2.0,0.5,False
974,0.897470159885053,0.8751170894827393,2.0,0.5,False
975,0.22469913763907073,1.0563499366282694,2.0,0.5,False
976,0.2323180351051662,-0.4558222887314108,2.0,0.5,False
977,-0.29661751274914666,0.0014147347976136704,2.0,0.5,False
978,-0.24216738658226936,-0.37510880720737033,2.0,0.5,False
979,-0.7175648155785069,0.6612390285981316,2.0,0.5,False
980,-0.47177983452848377,1.2374049327409602,2.0,0.5,False
981,-1.282472396146008,-2.8901220780726335,2.0,0.5,False
982,0.6613497229417012,1.6074473778098035,2.0,0.5,False
983,-1.1693139765206173,0.05946136734849494,2.0,0.5,False
984,-1.0402745436520788,0.09732567052561186,2.0,0.5,False
985,0.6558636837159937,3.33311345606032,2.0,0.5,False
986,1.3533706194998008,1.67489850499181,2.0,0.5,False
987,0.26512722453084,-0.6559961397452936,2.0,0.5,False
988,0.2651367695800535,0.7202471147979072,2.0,0.5,False
989,2.062939962133231,4.507566536862711,2.0,0.5,False
990,-1.5156888148685597,-0.805149674266973,2.0,0.5,False
991,0.3023976293375328,2.733794408694841,2.0,0.5,False
992,0.6862038292704936,2.3081830146349813,2.0,0.5,False
993,1.1115750992561577,2.5100752034783107,2.0,0.5,False
994,-1.2051693490731483,-0.6469536372015324,2.0,0.5,False
995,1.0801345069110353,1.8578819216602003,2.0,0.5,False
996,-0.26271556615472147,2.091438269052335,2.0,0.5,False
997,-1.8372557929614903,-2.3969483801444524,2.0,0.5,False
998,-0.48431332179440717,-1.0605454377702874,2.0,0.5,False
999,-0.27231803834593904,-0.04267148114580538,2.0,0.5,False
1000,-0.666377774978331,-0.5673794527176966,2.0,0.5,False
1001,0.5048698780065171,2.7732169098667683,2.0,0.5,False
1002,-0.0920513925505848,1.0771014061628057,2.0,0.5,False
1003,-0.2617226532398649,0.28080832580371173,2.0,0.5,False
1004,-0.21008943174593303,0.7811672785741421,2.0,0.5,False
1005,0.6904845658745861,2.2834839566155027,2.0,0.5,False
1006,0.6266084421298798,2.515733732446859,2.0,0.5,False
1007,0.1887873121835727,1.4831884899239216,2.0,0.5,False
1008,-0.42044455653992463,0.7938778331097195,2.0,0.5,False
1009,-0.7328740393504907,-1.1427208747430684,2.0,0.5,False
1010,-1.5477210556740897,0.07555887555431173,2.0,0.5,False
1011,-0.3397657030777295,0.3671082031101324,2.0,0.5,False
1012,-0.6760326151544029,0.6638767188820309,2.0,0.5,False
1013,-0.13388544431270813,0.28227236475270234,2.0,0.5,False
1014,-0.7569162504490738,-0.9689644468265322,2.0,0.5,False
1015,-0.7798571969280028,0.03311487892466769,2.0,0.5,False
1016,-0.832453712863925,-1.2284751463357697,2.0,0.5,False
1017,1.0398867263964873,3.1214770276458133,2.0,0.5,False
1018,-1.0403376808874147,-0.321930488136013,2.0,0.5,False
1019,1.1144171124736184,1.1546480816716307,2.0,0.5,False
1020,-0.09575410628479447,3.072243105264025,2.0,0.5,False
1021,-0.9617022075325441,-0.4445192284542635,2.0,0.5,False
1022,-0.810216026321323,-0.3872632783101996,2.0,0.5,False
1023,0.7579537468994928,3.8635383427300507,2.0,0.5,False
1024,-0.10631048360596473,2.7910247812026094,2.0,0.5,False
1025,-1.6382201519193003,-1.6348618672826125,2.0,0.5,False
1026,1.0228375100695402,4.662555198600285,2.0,0.5,False
1027,0.4256102694424856,1.1479734846167657,2.0,0.5,False
1028,-0.9920764308397342,-2.167204878319624,2.0,0.5,False
1029,0.46680855217419004,1.668756284876575,2.0,0.5,False
1030,-0.056040916559238665,-0.08873904182382553,2.0,0.5,False
1031,-1.184457677591852,0.7744744674612885,2.0,0.5,False
1032,-1.3638370722663322,-1.2053436492722813,2.0,0.5,False
1033,0.07541096292074714,1.6348710071225185,2.0,0.5,False
1034,0.0442533536558933,-0.4799921506389576,2.0,0.5,False
1035,2.442021924147243,4.728405124822015,2.0,0.5,False
1036,0.26530061574827,-1.030905957797092,2.0,0.5,False
1037,0.4354392517516787,2.4825946962955974,2.0,0.5,False
1038,-0.7655557784707393,-2.4693284234317527,2.0,0.5,False
1039,-0.46583310183633203,-0.3820354776262813,2.0,0.5,False
1040,0.6451229384952786,1.2452741958669875,2.0,0.5,False
1041,-0.154188909683536,0.10728941596368324,2.0,0.5,False
1042,-0.6683768311987718,0.32092585858138073,2.0,0.5,False
1043,-0.5005563900377467,-0.2754028679218976,2.0,0.5,False
1044,-1.6836232491628726,-1.523753499717433,2.0,0.5,False
1045,-0.07072523648841184,1.3310203954813034,2.0,0.5,False
1046,-0.7353260874815922,2.0039857340307745,2.0,0.5,False
1047,0.2430390316906899,0.8354689747214368,2.0,0.5,False
1048,-1.1182561964050461,-1.4456994023169323,2.0,0.5,False
1049,0.16214249863942434,0.5915328169024145,2.0,0.5,False
1050,-2.674420533109191,-1.4804019263309607,2.0,0.5,False
1051,0.21727419341573628,3.519122935047445,2.0,0.5,False
1052,2.0071427800487363,4.432706927889514,2.0,0.5,False
1053,0.09057982281979093,0.3870541362001965,2.0,0.5,False
1054,1.0283027179001039,1.7344922630008837,2.0,0.5,False
1055,1.7407161785930356,4.028035425076774,2.0,0.5,False
1056,0.8591532364583843,1.3399571527607528,2.0,0.5,False
1057,0.9956184350732781,1.7049193607509654,2.0,0.5,False
1058,-1.010046959379256,-0.5069483702263903,2.0,0.5,False
1059,0.7172952558288015,1.6029222774245466,2.0,0.5,False
1060,-0.0038101660102102084,2.039775318839962,2.0,0.5,False
1061,1.4402023118921699,2.1410292160196285,2.0,0.5,False
1062,-0.5224370283681995,2.801042690918702,2.0,0.5,False
1063,-0.4253543263234767,-0.07152591631929672,2.0,0.5,False
1064,-0.9607861864529137,0.6686263501540051,2.0,0.5,False
1065,-0.5108884665035562,-0.47197577126736634,2.0,0.5,False
1066,-0.1806880926809578,1.8018465532649879,2.0,0.5,False
1067,-1.0695277791786637,-2.047087256873792,2.0,0.5,False
1068,0.8168590310356292,0.31661701373574747,2.0,0.5,False
1069,0.33231623651965964,2.2607742885835678,2.0,0.5,False
1070,-1.4489765818239453,2.4249051766830854,2.0,0.5,False
1071,0.9397692237235542,1.1845949396872004,2.0,0.5,False
1072,-2.341110851947529,-2.051451982159971,2.0,0.5,False
1073,0.06672676187487307,-0.3284409140237827,2.0,0.5,False
1074,0.7041685533215634,2.1476955690360238,2.0,0.5,False
1075,0.5181586794910401,0.9972143063755692,2.0,0.5,False
1076,-0.8167613467760524,-0.3865711623578349,2.0,0.5,False
1077,-0.7631167035899505,0.9699146164398299,2.0,0.5,False
1078,0.2407849322046103,2.8155281581922216,2.0,0.5,False
1079,-0.3276476477744154,0.7136923041509291,2.0,0.5,False
1080,2.157124781347012,3.9593586551283915,2.0,0.5,False
1081,-0.24751722646626195,-0.8414589183660045,2.0,0.5,False
1082,0.8008576031856396,0.7715167621578438,2.0,0.5,False
1083,1.076899514011561,1.6055488649982315,2.0,0.5,False
1084,-2.5350303592308725,0.029000670757897695,2.0,0.5,False
1085,-1.6856691721911263,-0.9989533825065803,2.0,0.5,False
1086,0.22942498560922742,0.3106055106744885,2.0,0.5,False
1087,0.9759697483343981,1.8794793858572536,2.0,0.5,False
1088,-0.34319541797407777,0.9196978279705705,2.0,0.5,False
1089,0.10709425338149786,1.8253309492695142,2.0,0.5,False
1090,1.2469199439090275,1.6246414783712506,2.0,0.5,False
1091,-0.17827239741771844,3.785239998309197,2.0,0.5,False
1092,0.47422944035057274,2.7370539394647695,2.0,0.5,False
1093,-0.3561635174100147,0.6362511900778831,2.0,0.5,False
1094,0.2821725151037143,0.520770921759681,2.0,0.5,False
1095,0.2718757552627668,-2.8816424197152406,2.0,0.5,False
1096,-1.3651655513204428,-0.3945707822462388,2.0,0.5,False
1097,0.08493895349460039,3.097561543466605,2.0,0.5,False
1098,0.3150742511356176,-0.0651259210200613,2.0,0.5,False
1099,-0.27014518038577345,-0.3084880314181506,2.0,0.5,False
1100,-0.33554327143302404,-0.3052646630470299,2.0,0.5,False
1101,-0.30629350418385964,1.430127388256716,2.0,0.5,False
1102,-0.029970432916105787,1.2369206207737302,2.0,0.5,False
1103,-0.7779707603423613,0.7979255664690519,2.0,0.5,False
1104,0.225226329167581,2.420704742331279,2.0,0.5,False
1105,-1.0979896102888407,0.9189699372030458,2.0,0.5,False
1106,-1.6911985282830715,1.1740283571868448,2.0,0.5,False
1107,-0.19122185923309787,-0.4883192713533523,2.0,0.5,False
1108,0.06719796522092478,0.7772123768295289,2.0,0.5,False
1109,-0.2881057025450268,-0.5146224924332441,2.0,0.5,False
1110,0.32748602375024394,2.8925813098580986,2.0,0.5,False
1111,0.6275727092187818,-0.0065359507063526,2.0,0.5,False
1112,-0.44687652664198935,0.9498960787136972,2.0,0.5,False
1113,0.29255065865382895,0.7868395359773618,2.0,0.5,False
1114,-1.5881472294058088,-1.891169487845454,2.0,0.5,False
1115,0.5127450933282487,2.307331478028675,2.0,0.5,False
1116,-1.2040155126649712,-1.0801777310614133,2.0,0.5,False
1117,-0.11294981639233634,1.0178747735617022,2.0,0.5,False
1118,0.8522775684707806,2.324184234366065,2.0,0.5,False
1119,-0.6877190413083992,1.0184194677886675,2.0,0.5,False
1120,-0.8887571396445094,-0.8749489313835032,2.0,0.5,False
1121,-1.4755407289319393,-1.1586644340745322,2.0,0.5,False
1122,0.6941024679688206,1.3284676309494878,2.0,0.5,False
1123,0.5219968915965421,0.9585475952556075,2.0,0.5,False
1124,-0.06375950434398507,0.33002573637261473,2.0,0.5,False
1125,0.6728029642888905,2.93045480830265,2.0,0.5,False
1126,0.9196604288534472,0.6796529346368299,2.0,0.5,False
1127,-0.45884670018705676,0.6664042710219737,2.0,0.5,False
1128,-0.2675235728557388,1.2497123872924782,2.0,0.5,False
1129,0.2193051391346435,0.8050774400714491,2.0,0.5,False
1130,-0.3302618382360477,-1.0281528910014077,2.0,0.5,False
1131,0.45199524494677,3.6208370952050384,2.0,0.5,False
1132,-0.40019551805253306,0.39996983181714796,2.0,0.5,False
1133,2.003758258919314,4.616313651551483,2.0,0.5,False
1134,0.14493602678017461,1.2042477964857725,2.0,0.5,False
1135,-1.2866246305169637,-0.22999646511066602,2.0,0.5,False
1136,-0.2608812068259662,2.134182821014019,2.0,0.5,False
1137,0.32741998057533617,3.7685818356407927,2.0,0.5,False
1138,0.8522018108280026,3.216259425870544,2.0,0.5,False
1139,0.3548242086228095,1.1723394265682803,2.0,0.5,False
1140,1.818655951897725,0.8633216806468986,2.0,0.5,False
1141,-0.6791491149310166,-2.493689161341149,2.0,0.5,False
1142,0.5834225974624483,1.445519050092325,2.0,0.5,False
1143,-0.1767758806152869,0.026201642547664772,2.0,0.5,False
1144,0.34987061408187764,2.720369255289786,2.0,0.5,False
1145,-0.4617845534351115,1.6294699163016175,2.0,0.5,False
1146,0.7522605680644314,2.6161858505119167,2.0,0.5,False
1147,-1.7013798814995609,-3.039986061367194,2.0,0.5,False
1148,0.8351369528268564,4.471906735119653,2.0,0.5,False
1149,-1.387011521510517,0.8429498095735877,2.0,0.5,False
1150,0.36292917734839414,2.8651210522215473,2.0,0.5,False
1151,-1.706665619515449,0.329801772419944,2.0,0.5,False
1152,0.47302420384005045,2.1161393592175903,2.0,0.5,False
1153,-0.20390068291063274,0.2620107831661137,2.0,0.5,False
1154,-0.04389412301227569,0.5987392580095663,2.0,0.5,False
1155,-0.1391574577539734,-0.36950518736691973,2.0,0.5,False
1156,0.2645991900845828,1.7944035681423016,2.0,0.5,False
1157,-1.5345519416097726,-1.0739571205852507,2.0,0.5,False
1158,-0.4598444449185953,1.1275778201654076,2.0,0.5,False
1159,-0.026782304823781872,1.0781998703501554,2.0,0.5,False
1160,-0.7220551955982644,1.849537647550386,2.0,0.5,False
1161,-1.8543447992953876,-2.1063284242281526,2.0,0.5,False
1162,-0.04997477227893099,0.9929399329945965,2.0,0.5,False
1163,1.4381374590434026,3.2149299721185285,2.0,0.5,False
1164,-0.616231128656634,-1.492562193910404,2.0,0.5,False
1165,-1.237647796018664,-0.4717717174030141,2.0,0.5,False
1166,-0.3115591765626585,-1.408456360094669,2.0,0.5,False
1167,0.1208812659632187,1.276294967663929,2.0,0.5,False
1168,0.774874265406776,3.162219627645889,2.0,0.5,False
1169,-0.9194440454797888,-1.3629136855851733,2.0,0.5,False
1170,0.7903853641940732,2.0295353349225986,2.0,0.5,False
1171,0.0471980661336493,3.1420797623636316,2.0,0.5,False
1172,-0.5052248534314397,0.9329321539520797,2.0,0.5,False
1173,0.6519622064918603,1.3760303133887923,2.0,0.5,False
1174,0.11881283914879312,2.0336767567303444,2.0,0.5,False
1175,1.2055538835172568,3.7060554031600974,2.0,0.5,False
1176,-0.0013162441204434432,2.184209349686074,2.0,0.5,False
1177,0.8124877356411085,1.06784193025411,2.0,0.5,False
1178,0.7559192728616053,2.1772681706081802,2.0,0.5,False
1179,-0.05157811534770809,2.631194147317303,2.0,0.5,False
1180,-1.3678716368677224,0.37203768548219096,2.0,0.5,False
1181,0.30586055257819245,2.3540569368882878,2.0,0.5,False
1182,0.6804933683876024,2.3941884980020096,2.0,0.5,False
1183,-1.3063584437636693,-1.4447289919453563,2.0,0.5,False
1184,0.8763193711814624,2.964609387499966,2.0,0.5,False
1185,1.2132071019618953,2.205816903727881,2.0,0.5,False
1186,0.2637269991392778,1.532038416810231,2.0,0.5,False
1187,-0.2571848883241856,0.5876083193204678,2.0,0.5,False
1188,0.9334471528090135,3.9357101247786828,2.0,0.5,False
1189,-0.03119625689525126,-0.06383388817484192,2.0,0.5,False
1190,0.5765126520081947,1.804739841752409,2.0,0.5,False
1191,-0.6776678309624939,1.2187421157407263,2.0,0.5,False
1192,0.843140579993133,2.4425570137496826,2.0,0.5,False
1193,0.6609782695549935,1.3480416825071282,2.0,0.5,False
1194,0.05897252652501998,0.5122113311795395,2.0,0.5,False
1195,0.18397283120655802,-0.812744079882852,2.0,0.5,False
1196,-1.7125581966496188,-0.2590437455399494,2.0,0.5,False
1197,0.6657105979803023,1.2304661982688878,2.0,0.5,False
1198,0.47806561096384026,1.7393427325681485,2.0,0.5,False
1199,-0.38453637220275294,2.2708187860840714,2.0,0.5,False
1200,0.8674719654229248,1.0196970732183328,2.0,0.5,False
1201,1.3146436391424638,1.4116947923655505,2.0,0.5,False
1202,1.922689252094976,4.262897523385116,2.0,0.5,False
1203,1.8880712769148236,4.975491103642339,2.0,0.5,False
1204,-0.00786565040089319,1.6241403276150623,2.0,0.5,False
1205,-0.5207775728648589,-0.7851060518081963,2.0,0.5,False
1206,-2.0611968395102354,-0.8287837226656727,2.0,0.5,False
1207,-1.2806099402106468,0.7910822650618803,2.0,0.5,False
1208,0.41738857640468024,3.93776497120108,2.0,0.5,False
1209,-0.6865628640182317,-0.4257439676826519,2.0,0.5,False
1210,-1.0532461749748405,-2.190121205382982,2.0,0.5,False
1211,-1.1995674444711477,-0.5415860334332601,2.0,0.5,False
1212,0.04725460433239597,1.6864829864646178,2.0,0.5,False
1213,-0.07966967517145558,-0.24441138918762229,2.0,0.5,False
1214,0.8438953389869658,0.28760877198209145,2.0,0.5,False
1215,-1.2360670615429146,-0.9237810794187244,2.0,0.5,False
1216,-1.4959580254298444,-0.32759848243508993,2.0,0.5,False
1217,-1.2088461679739262,-0.4339674719957296,2.0,0.5,False
1218,0.8873201637187441,1.9379363365026658,2.0,0.5,False
1219,1.1156258509277754,2.4862101378982446,2.0,0.5,False
1220,1.1797903834197914,0.7634669900891453,2.0,0.5,False
1221,-1.1227912676741616,0.9124219539248989,2.0,0.5,False
1222,-0.5090414212640944,-1.527746435925728,2.0,0.5,False
1223,0.7210988290705783,2.1393696369944664,2.0,0.5,False
1224,-1.426505771846508,-1.0300466163339095,2.0,0.5,False
1225,-0.15839346024901385,-0.18620660568102104,2.0,0.5,False
1226,1.4692755150242593,0.8280885300574148,2.0,0.5,False
1227,0.2503508594636614,0.6790374973740768,2.0,0.5,False
1228,0.011764904538793575,-1.2376405154941899,2.0,0.5,False
1229,0.662841246369191,2.3237251415205575,2.0,0.5,False
1230,-0.378649184693059,0.6348575424470517,2.0,0.5,False
1231,-0.6919939870464024,0.39096673279113703,2.0,0.5,False
1232,0.4419294021285848,0.6387174226713505,2.0,0.5,False
1233,-0.008912260359420807,2.672516300093044,2.0,0.5,False
1234,-0.6895340256381702,0.2592288400115173,2.0,0.5,False
1235,-2.49478603795427,0.47615938516507916,2.0,0.5,False
1236,0.4332534646009165,2.561692854697909,2.0,0.5,False
1237,-1.1308238170073972,0.17882154535709038,2.0,0.5,False
1238,1.9163510681432265,1.8854400036693273,2.0,0.5,False
1239,-0.29406372865425034,1.6925472341721668,2.0,0.5,False
1240,-1.3852753600689578,-2.1000416673058426,2.0,0.5,False
1241,0.575399368286276,3.0388477553159707,2.0,0.5,False
1242,-0.6711332668700287,-1.7442914316049527,2.0,0.5,False
1243,-0.5258266800298099,-0.46738085899869,2.0,0.5,False
1244,-1.395547708318152,-1.3603312923790027,2.0,0.5,False
1245,-0.2782129554114045,-1.4511594284871558,2.0,0.5,False
1246,0.7219322104032954,3.0553506319279626,2.0,0.5,False
1247,0.9877291044533184,1.2457096065697115,2.0,0.5,False
1248,0.7807249634462173,2.076309705918208,2.0,0.5,False
1249,-0.4418184276964165,-0.3580091727385586,2.0,0.5,False
1250,0.8298346115727875,0.061287554861050086,2.0,0.5,False
1251,1.7334153740719087,2.326669161666385,2.0,0.5,False
1252,-1.0235030947258117,1.0729212763324931,2.0,0.5,False
1253,1.4502257469668953,1.8543619500418946,2.0,0.5,False
1254,0.4821809410700071,2.028929570184079,2.0,0.5,False
1255,-0.26991175518128363,-0.8842573709518596,2.0,0.5,False
1256,-0.49639884430945314,1.5453791189825994,2.0,0.5,False
1257,-0.43178006067085584,1.22711333004901,2.0,0.5,False
1258,1.6029841265993452,4.763662308122387,2.0,0.5,False
1259,-1.91063777476974,-0.5106107107747875,2.0,0.5,False
1260,-0.1800787026347314,2.251706168182703,2.0,0.5,False
1261,-0.3951033021041609,1.261906104390016,2.0,0.5,False
1262,-0.5777160588427127,-1.792834134105784,2.0,0.5,False
1263,0.4795440081872783,0.971428790687824,2.0,0.5,False
1264,-1.2024529005011337,-0.8965579976619866,2.0,0.5,False
1265,-0.07139747393641516,1.3337557306532781,2.0,0.5,False
1266,-0.3363534493680388,-0.010223337517687114,2.0,0.5,False
1267,0.7727611989401159,0.5886625516593228,2.0,0.5,False
1268,-0.7501872892163357,-0.6595061082134653,2.0,0.5,False
1269,0.3117044451613256,0.44035625063495454,2.0,0.5,False
1270,-0.04378665834845575,-0.06906393021833435,2.0,0.5,False
1271,0.15271128666675432,0.6250288384924791,2.0,0.5,False
1272,0.2835506638062381,1.3343963021259695,2.0,0.5,False
1273,-0.6140478095217496,1.2904141555062276,2.0,0.5,False
1274,-0.7116061436577766,2.037193306094795,2.0,0.5,False
1275,-1.605499787200752,0.007828364174626734,2.0,0.5,False
1276,3.1430889769917516,5.848162371561197,2.0,0.5,False
1277,-0.8280632917512138,-1.3519534292845026,2.0,0.5,False
1278,-1.7715839811644456,-2.050406002004803,2.0,0.5,False
1279,-1.2684278806441123,-1.8474710938013554,2.0,0.5,False
1280,-0.6659934950268492,1.3732191794011785,2.0,0.5,False
1281,1.9646272141432575,2.3028303231574476,2.0,0.5,False
1282,-0.8279267801771742,1.3707031865587962,2.0,0.5,False
1283,-2.0177934219293947,0.16420893176995555,2.0,0.5,False
1284,0.13017923822948835,2.6305218708640616,2.0,0.5,False
1285,0.25046611620583126,1.8652044886374628,2.0,0.5,False
1286,0.6673477662569005,1.401966256730533,2.0,0.5,False
1287,0.3301648505770263,2.0254338230008164,2.0,0.5,False
1288,-9.565867647052245e-05,1.4918504266695662,2.0,0.5,False
1289,0.6052073489914177,3.103354947715978,2.0,0.5,False
1290,0.16647652196422189,0.8096543949960208,2.0,0.5,False
1291,-0.3949959253421487,-0.5786625886585852,2.0,0.5,False
1292,-2.211532791584689,-0.44999949212251333,2.0,0.5,False
1293,-0.8859678132365835,0.934404805717226,2.0,0.5,False
1294,0.4599934221627462,-0.07927720776586589,2.0,0.5,False
1295,-0.13454511221374893,0.7360355940287224,2.0,0.5,False
1296,-0.33368630851535813,2.187391715132537,2.0,0.5,False
1297,-0.27058045513409307,2.0363303391109753,2.0,0.5,False
1298,-0.6446051109334854,0.08126151288175266,2.0,0.5,False
1299,0.0016785271466423439,2.6731615844636973,2.0,0.5,False
1300,-1.7568074873440387,0.8026856591281331,2.0,0.5,False
1301,-0.42041637798313636,-2.5478856121069597,2.0,0.5,False
1302,-2.3269457246172887,-0.7510091385025932,2.0,0.5,False
1303,0.05281978079167469,-0.23217867909650916,2.0,0.5,False
1304,-0.913541240200194,-0.050227325596545525,2.0,0.5,False
1305,0.5391573968341525,3.576587363972523,2.0,0.5,False
1306,0.41517848108864863,1.3051862367676432,2.0,0.5,False
1307,-1.569481108084218,-0.6340533851447222,2.0,0.5,False
1308,0.7301496309687341,2.4358504641217387,2.0,0.5,False
1309,0.4936732080364109,1.4342430903372043,2.0,0.5,False
1310,0.1905026031338351,-0.5094884516788026,2.0,0.5,False
1311,-1.4381078886974894,-1.2095340818062268,2.0,0.5,False
1312,0.295778707654611,3.026836287148829,2.0,0.5,False
1313,0.1361563801986385,-1.5649511695995006,2.0,0.5,False
1314,0.3597491008588036,1.2194329466875689,2.0,0.5,False
1315,-1.3728904273238451,0.5282520580768524,2.0,0.5,False
1316,-0.4499390412538229,0.3505174038912746,2.0,0.5,False
1317,-0.7530311112095799,-1.6776020442200064,2.0,0.5,False
1318,0.11725970692933343,0.2721439023159735,2.0,0.5,False
1319,0.516185620674755,0.4896103930007455,2.0,0.5,False
1320,-0.1411845447759879,0.3760166908254523,2.0,0.5,False
1321,-0.29456878157152816,-0.5321126569860722,2.0,0.5,False
1322,0.6770146308172666,0.33081923679642955,2.0,0.5,False
1323,-1.1498935198016096,0.6412401969680961,2.0,0.5,False
1324,-0.018200655622931383,-0.3190432361143173,2.0,0.5,False
1325,-1.8369783278124792,0.0345245371472499,2.0,0.5,False
1326,-0.3027401755718992,-0.9801440216579215,2.0,0.5,False
1327,0.24075452638669306,0.029631225968820396,2.0,0.5,False
1328,-1.0917329859269964,-0.731616041334894,2.0,0.5,False
1329,-0.3680763337266611,-1.2018459718122507,2.0,0.5,False
1330,-1.1076641457782257,-0.07537382417072197,2.0,0.5,False
1331,-0.9005261815989539,-0.25671244320804854,2.0,0.5,False
1332,0.052214463562312165,1.5667210968483096,2.0,0.5,False
1333,-1.2764919356760227,0.205746941598695,2.0,0.5,False
1334,-0.5045509225269941,-0.2050455637251389,2.0,0.5,False
1335,-0.8083424235681276,0.0711257163178857,2.0,0.5,False
1336,-1.1240558561089193,-2.027245606229333,2.0,0.5,False
1337,-1.601284473999464,-0.46940291369567666,2.0,0.5,False
1338,-0.6141807561878818,-0.19523003637336245,2.0,0.5,False
1339,0.6322342620201595,2.8582130064384788,2.0,0.5,False
1340,-0.35154029708393814,-0.9124691868705352,2.0,0.5,False
1341,-0.4928945573118743,1.8450969849169325,2.0,0.5,False
1342,0.12826470234403395,1.183673156152956,2.0,0.5,False
1343,-1.1115814676968445,0.3698445429610114,2.0,0.5,False
1344,1.1523945197621286,0.431713683347982,2.0,0.5,False
1345,0.8961038710992161,2.3715681537607467,2.0,0.5,False
1346,-0.7285830245574789,2.160012120233862,2.0,0.5,False
1347,-0.4885287371459844,-1.404329264653739,2.0,0.5,False
1348,-1.0450816595420596,1.862983415619171,2.0,0.5,False
1349,0.08705729012411688,-0.1596360759057447,2.0,0.5,False
1350,-1.3729239939437181,1.208273378855898,2.0,0.5,False
1351,-0.15296902862386538,-1.4188706898344592,2.0,0.5,False
1352,1.5585949729527113,2.017897596349872,2.0,0.5,False
1353,-0.9920943336478506,-1.2099487768951667,2.0,0.5,False
1354,-1.4178225218552802,0.26861111351553196,2.0,0.5,False
1355,-0.3895318776211695,1.08191948794952,2.0,0.5,False
1356,0.6882725716024355,-0.0834591609090729,2.0,0.5,False
1357,-1.0895258766257803,0.39544391483440644,2.0,0.5,False
1358,-1.1680244613600563,1.2012699357593788,2.0,0.5,False
1359,-0.34910557330850245,0.9217543553571846,2.0,0.5,False
1360,-1.5845343949805129,2.5575713436800545,2.0,0.5,False
1361,0.6026505088173515,0.834321994398553,2.0,0.5,False
1362,0.8100566194807456,0.8135389896511351,2.0,0.5,False
1363,-0.0332103168699066,1.312782158987438,2.0,0.5,False
1364,-1.0155146969106728,-1.8947842530306302,2.0,0.5,False
1365,2.2616317034890274,5.116057321542078,2.0,0.5,False
1366,-1.3743979348781965,0.7511405631792001,2.0,0.5,False
1367,-0.9078831408894646,-0.3357907356206993,2.0,0.5,False
1368,0.5789430506227619,1.6838417901498486,2.0,0.5,False
1369,-0.5852052222136139,1.832561742214597,2.0,0.5,False
1370,0.11992496924613646,1.3490601078239797,2.0,0.5,False
1371,1.248095472911009,3.4643650347180013,2.0,0.5,False
1372,1.5924726233020918,2.925454800807877,2.0,0.5,False
1373,-3.129235869357671,-4.068712459242087,2.0,0.5,False
1374,0.3281324973281963,-0.26072558688714687,2.0,0.5,False
1375,-0.4412887164161812,-0.3868320008732573,2.0,0.5,False
1376,-0.6321385139891025,1.4473486074384898,2.0,0.5,False
1377,2.0248041274911213,2.7250000172707036,2.0,0.5,False
1378,-0.6181461098329218,-0.1116837033001179,2.0,0.5,False
1379,0.29332709817835556,2.89577432918698,2.0,0.5,False
1380,-0.5670351014412659,1.3923653194239733,2.0,0.5,False
1381,1.4257031091206627,3.491419192596222,2.0,0.5,False
1382,1.4028667694914532,3.8985542149063495,2.0,0.5,False
1383,-2.1157332278354435,-1.7085124583288358,2.0,0.5,False
1384,2.5486576668873857,1.7059452005407365,2.0,0.5,False
1385,-1.1766581361821327,-2.397382579094711,2.0,0.5,False
1386,-0.7704020069117259,-0.5751385671584135,2.0,0.5,False
1387,0.1419866317706063,0.09065215884040156,2.0,0.5,False
1388,-0.2810564929130443,-0.2887253992013169,2.0,0.5,False
1389,-0.2642020122209477,1.4832258371997546,2.0,0.5,False
1390,0.994551222187386,2.4225321849219768,2.0,0.5,False
1391,-0.9304299656892475,0.7281795908027158,2.0,0.5,False
1392,-0.07634573721242349,1.371590398272183,2.0,0.5,False
1393,0.6413190265554508,2.6049739774500376,2.0,0.5,False
1394,-0.4591697850685489,-2.2989484021886186,2.0,0.5,False
1395,0.4496086812470808,2.309401912663146,2.0,0.5,False
1396,1.0000688332607468,1.1261573281814694,2.0,0.5,False
1397,-0.7424546212859944,1.2846701288373614,2.0,0.5,False
1398,0.3255821768984423,-0.3075220820188203,2.0,0.5,False
1399,-0.3354760591874089,0.31261084866690586,2.0,0.5,False
1400,-1.1325919995194311,-0.34790264137109517,2.0,0.5,False
1401,0.27448183991642877,-1.5907132263133048,2.0,0.5,False
1402,-1.5464079966301432,-1.0012691194964896,2.0,0.5,False
1403,0.4530443226952038,1.927388502394439,2.0,0.5,False
1404,0.08006506270917621,1.9365219023610023,2.0,0.5,False
1405,0.9850928623196508,2.7006139755370873,2.0,0.5,False
1406,-1.9582304438063078,-0.020304133724385887,2.0,0.5,False
1407,0.6548890888391898,0.5048924858289496,2.0,0.5,False
1408,-0.0635847722809119,1.6213651929120294,2.0,0.5,False
1409,0.4083972162925157,1.0546726292701132,2.0,0.5,False
1410,0.2109409382122974,2.377403336139901,2.0,0.5,False
1411,-1.0684426193651788,-0.9375501085487804,2.0,0.5,False
1412,1.626988686206019,2.8547820523371725,2.0,0.5,False
1413,2.7094929824265925,3.399247263941977,2.0,0.5,False
1414,0.011439889340378134,2.5254216228077766,2.0,0.5,False
1415,1.150718256545865,4.456402537631963,2.0,0.5,False
1416,-1.3092754963933257,-2.189302423711734,2.0,0.5,False
1417,0.33090469073513645,1.298998865051712,2.0,0.5,False
1418,-0.04773681316105028,1.804041075859736,2.0,0.5,False
1419,-0.7020422477896491,2.5324622681394433,2.0,0.5,False
1420,0.9643894806273619,1.8666528526643342,2.0,0.5,False
1421,0.0858658460551103,0.2306755729032151,2.0,0.5,False
1422,-0.7667827342323055,1.745742355262018,2.0,0.5,False
1423,-0.22168705176623,1.2208806682543256,2.0,0.5,False
1424,-0.8832646491337014,-2.2619733436304257,2.0,0.5,False
1425,-0.5702100089790744,0.3885244311103184,2.0,0.5,False
1426,0.7533655769371475,1.8158349465153434,2.0,0.5,False
1427,2.0091100614593027,3.63969421611987,2.0,0.5,False
1428,-1.5165954902822825,-0.6358421198455655,2.0,0.5,False
1429,-0.3515211819176204,-0.10942179259435048,2.0,0.5,False
1430,-0.48288036697214803,2.2721561820769094,2.0,0.5,False
1431,1.192737412786904,3.742672462036455,2.0,0.5,False
1432,-0.8191299831008096,0.7968236738779453,2.0,0.5,False
1433,0.8879539315713756,2.6906941519852703,2.0,0.5,False
1434,0.41771382290849896,2.1312859601151843,2.0,0.5,False
1435,-0.6476779086219595,1.7275004953100166,2.0,0.5,False
1436,-1.180134529633152,0.46704599490171805,2.0,0.5,False
1437,-2.0221418799231925,-1.727100794762057,2.0,0.5,False
1438,0.3484959220263117,1.576869883700292,2.0,0.5,False
1439,0.9272639873987146,3.879131989182815,2.0,0.5,False
1440,0.3567596626986689,-0.6999512678179134,2.0,0.5,False
1441,0.0660693407751324,1.1687468727377113,2.0,0.5,False
1442,-1.4207560191675501,-1.223883309875868,2.0,0.5,False
1443,0.8384652291733723,2.1068808388190714,2.0,0.5,False
1444,-2.2329338109691657,-1.0943746979884603,2.0,0.5,False
1445,-1.599855736157068,-1.6630024980584663,2.0,0.5,False
1446,-0.1621863020282749,1.000201730286074,2.0,0.5,False
1447,-0.5635916668708874,1.1228278834333643,2.0,0.5,False
1448,-0.18792136714342483,2.647687848990224,2.0,0.5,False
1449,-2.235155514049449,-4.383076165349522,2.0,0.5,False
1450,-0.3962233927656975,-1.9418263497442574,2.0,0.5,False
1451,-0.9019039972045663,-2.1048868173220248,2.0,0.5,False
1452,-0.24320360697557547,2.2414070268781785,2.0,0.5,False
1453,2.422318531890913,2.6802042817039067,2.0,0.5,False
1454,0.9220961728048332,0.8152486877054934,2.0,0.5,False
1455,0.6180559564118402,4.910710856974311,2.0,0.5,False
1456,0.7296029075921701,1.6115311120210558,2.0,0.5,False
1457,0.22588023247063008,3.5816768893424156,2.0,0.5,False
1458,0.31094329323384484,1.6038386674825091,2.0,0.5,False
1459,-0.1735816020616392,-0.3498101213876832,2.0,0.5,False
1460,1.9444131818027228,3.8411259781802256,2.0,0.5,False
1461,1.0028465357008256,0.761184123591931,2.0,0.5,False
1462,-0.4350329772654497,-0.036428819975449056,2.0,0.5,False
1463,1.3383172978886295,3.1407150447411323,2.0,0.5,False
1464,0.5174377370821857,3.0981835390177834,2.0,0.5,False
1465,1.1897195751420497,4.525513759070032,2.0,0.5,False
1466,0.5297610997853273,1.9185412495527208,2.0,0.5,False
1467,-1.12110702500667,1.47850045030591,2.0,0.5,False
1468,-0.11806460296586826,0.28505659631038327,2.0,0.5,False
1469,0.22810043999401655,1.4241866411508375,2.0,0.5,False
1470,-0.284064392112498,0.987051846728192,2.0,0.5,False
1471,-0.13490465364523077,1.2480900535812196,2.0,0.5,False
1472,-0.3002909279619826,2.2960407321671283,2.0,0.5,False
1473,0.8537094912017438,0.672266969134085,2.0,0.5,False
1474,-1.0329044074329397,-0.9860425322271655,2.0,0.5,False
1475,-0.1994766932665868,-1.7840687843069494,2.0,0.5,False
1476,-0.15705932656827487,-0.08621370658835348,2.0,0.5,False
1477,-0.18238577355143407,-1.9725726127861125,2.0,0.5,False
1478,0.7466486615574038,2.988348423527544,2.0,0.5,False
1479,0.04738397007506891,1.222457166944385,2.0,0.5,False
1480,-1.3167615426376476,0.11017886377325811,2.0,0.5,False
1481,0.26508711924657197,3.5400712521890294,2.0,0.5,False
1482,0.22408037271643408,-0.19339887302650838,2.0,0.5,False
1483,-0.6797402049120637,1.0650046257904802,2.0,0.5,False
1484,2.3525954036536767,4.248202852791873,2.0,0.5,False
1485,0.7072911961840876,0.6935066732913622,2.0,0.5,False
1486,-0.19060159048872014,0.051068164071618294,2.0,0.5,False
1487,0.3196972267143858,4.69337513979191,2.0,0.5,False
1488,0.9771923666915253,3.4868771968922982,2.0,0.5,False
1489,-1.3412752175353202,0.00254121134771923,2.0,0.5,False
1490,1.5198068500893425,2.091642198291824,2.0,0.5,False
1491,-0.3551973798085265,0.3852027211458109,2.0,0.5,False
1492,-1.0267442448997677,-0.8421131042839691,2.0,0.5,False
1493,0.6342308337961349,2.5408266641931028,2.0,0.5,False
1494,0.5877889562866128,-0.11256331615423087,2.0,0.5,False
1495,1.5908825502903587,2.6304486986192286,2.0,0.5,False
1496,1.4640405245013839,2.850692229156689,2.0,0.5,False
1497,-0.4074019983143014,1.3594399661922858,2.0,0.5,False
1498,-0.5539761594493647,0.9402915245149501,2.0,0.5,False
1499,1.9161261018253686,2.8202805060513643,2.0,0.5,False
1500,0.42529380471446465,2.207218132648343,2.0,0.5,False
1501,-0.14545087035981966,0.9559900206295753,2.0,0.5,False
1502,-0.7100850434293284,-1.0923755403842517,2.0,0.5,False
1503,-0.2743332340067402,1.3733276466452355,2.0,0.5,False
1504,0.744125330842677,2.97668985436154,2.0,0.5,False
1505,0.3658993226664985,1.9252195759532669,2.0,0.5,False
1506,-0.7404066122150805,0.3967972901206676,2.0,0.5,False
1507,-0.7260182633173555,0.9102259490365643,2.0,0.5,False
1508,0.023002102697789698,0.4498925172164266,2.0,0.5,False
1509,-0.029089154611469017,-0.8673163698778648,2.0,0.5,False
1510,-0.5100480058383842,0.56155775054525,2.0,0.5,False
1511,0.5470889362194883,1.5916745033918405,2.0,0.5,False
1512,-0.44638421896792974,-0.7118693853204467,2.0,0.5,False
1513,1.4820181624594537,2.767192367612794,2.0,0.5,False
1514,1.734336027686813,3.78840006733225,2.0,0.5,False
1515,0.5522522184849489,0.4796273687074364,2.0,0.5,False
1516,1.3030591232229363,3.878632411078283,2.0,0.5,False
1517,-0.7899308731098085,0.07050143618725535,2.0,0.5,False
1518,-0.5992849711775992,1.282060309201191,2.0,0.5,False
1519,-0.9444013428617333,0.8679161433275472,2.0,0.5,False
1520,-0.8671749946085923,1.0842514816944877,2.0,0.5,False
1521,-0.009560715793766307,0.6987472761885117,2.0,0.5,False
1522,-0.1614346230488352,1.4738503618025873,2.0,0.5,False
1523,0.38030092150518463,0.9051548206135394,2.0,0.5,False
1524,-0.10285637699578305,3.057189409710558,2.0,0.5,False
1525,0.23017505987664755,4.795482074148763,2.0,0.5,False
1526,-0.5069765720404942,2.1110019486642924,2.0,0.5,False
1527,0.1490151786217517,2.0880600005110406,2.0,0.5,False
1528,0.7344121852421425,2.5117721735781657,2.0,0.5,False
1529,-0.33126274569833547,0.5450972963299574,2.0,0.5,False
1530,1.1309201897738785,0.8291428455551728,2.0,0.5,False
1531,0.6700010483968896,3.0113181739952957,2.0,0.5,False
1532,0.8485400453368988,2.2037887177255033,2.0,0.5,False
1533,0.36979878755258566,2.4163688528623335,2.0,0.5,False
1534,-1.3434080658888086,-1.612717178238417,2.0,0.5,False
1535,-0.46799340160217423,-4.120532137452707,2.0,0.5,False
1536,1.0687232486577973,2.0721180045295733,2.0,0.5,False
1537,1.5027933842650565,2.7229752759140173,2.0,0.5,False
1538,-1.4481143973336634,-2.054902052536703,2.0,0.5,False
1539,-0.5089599895266407,0.22526388520166563,2.0,0.5,False
1540,1.2907356202034053,1.9087440091032368,2.0,0.5,False
1541,-0.6921825704948019,-2.185036752615382,2.0,0.5,False
1542,1.285279610377397,2.5902632571602218,2.0,0.5,False
1543,0.43184497755244455,2.064121274730638,2.0,0.5,False
1544,-0.38379645817039426,0.9506931707098479,2.0,0.5,False
1545,-0.210910544987265,0.8019149493577218,2.0,0.5,False
1546,0.25840492598885356,4.708424464397503,2.0,0.5,False
1547,0.020883042662893796,1.3683304585361082,2.0,0.5,False
1548,0.4901249952163989,2.7545755786837316,2.0,0.5,False
1549,-0.7842568934585626,-0.10169017298563832,2.0,0.5,False
1550,1.4834192140952571,1.1899189224099598,2.0,0.5,False
1551,-0.0242255891540284,2.66558604382973,2.0,0.5,False
1552,-0.5846507149152921,-1.605935186380134,2.0,0.5,False
1553,-2.2866429459305877,-3.3955963873862056,2.0,0.5,False
1554,-0.8304671187609868,2.251586965439077,2.0,0.5,False
1555,0.6561571226070178,1.3375661915088068,2.0,0.5,False
1556,-1.4851441119024877,-0.8752794057580069,2.0,0.5,False
1557,-0.4990011740807787,2.7338367678217903,2.0,0.5,False
1558,-0.29297106522033767,-0.959937082971508,2.0,0.5,False
1559,-0.2322348961097429,0.23043083214065618,2.0,0.5,False
1560,-0.22384601158273956,1.283082675044254,2.0,0.5,False
1561,1.565570638036729,3.7537222507255943,2.0,0.5,False
1562,0.8036428821528888,1.2203947398612192,2.0,0.5,False
1563,0.9445506532182498,3.611329228249361,2.0,0.5,False
1564,-0.9273613789823273,-1.6328130916149284,2.0,0.5,False
1565,1.0089028219801943,1.2455674730436144,2.0,0.5,False
1566,1.2945118055367586,2.196325975715298,2.0,0.5,False
1567,-0.9199442692166222,0.7972906273502475,2.0,0.5,False
1568,-1.047638999105761,0.6143696940863851,2.0,0.5,False
1569,-0.26368946991949455,0.5576684286520606,2.0,0.5,False
1570,0.19744988773413602,-0.1156364686571997,2.0,0.5,False
1571,-0.6568627909654124,0.018596435609534445,2.0,0.5,False
1572,0.694861551466637,1.9613703493540942,2.0,0.5,False
1573,1.0860291403951183,3.2657416077288746,2.0,0.5,False
1574,0.9193407567829694,2.082005640454442,2.0,0.5,False
1575,0.41656564503277843,2.4307365841695394,2.0,0.5,False
1576,1.059009407420338,1.8720145371002441,2.0,0.5,False
1577,1.2542615457329305,4.122576400724887,2.0,0.5,False
1578,-0.02221236629906448,1.7921001102226877,2.0,0.5,False
1579,0.3921722630201467,1.678663131362737,2.0,0.5,False
1580,-1.700913894295949,-1.4172681502025175,2.0,0.5,False
1581,-1.2265102221879096,-1.7049935458095504,2.0,0.5,False
1582,0.16492676580582694,1.8854863523010499,2.0,0.5,False
1583,1.429171969073838,4.736042827506123,2.0,0.5,False
1584,0.883645892383317,1.125483024363042,2.0,0.5,False
1585,0.22724974215766822,1.655614665829297,2.0,0.5,False
1586,-0.5860658374927241,1.1443384659898173,2.0,0.5,False
1587,0.10285478791623938,0.6771644984241634,2.0,0.5,False
1588,-0.7323129196131898,1.4701279633003366,2.0,0.5,False
1589,0.5464765041271005,2.7837121692443536,2.0,0.5,False
1590,0.037036175352026746,1.6581138812095142,2.0,0.5,False
1591,-2.0318213692709657,-2.5127733882088954,2.0,0.5,False
1592,1.0747615930042713,0.3660523841508587,2.0,0.5,False
1593,-0.8185184725943861,1.146480428566869,2.0,0.5,False
1594,-0.08054499412649886,0.9073994531345817,2.0,0.5,False
1595,0.6534602973908548,4.3719744139559165,2.0,0.5,False
1596,-0.08331621505732167,1.1824816551823067,2.0,0.5,False
1597,-0.7715041087518515,-0.12529493144155968,2.0,0.5,False
1598,1.2860473090686153,1.7027116977772792,2.0,0.5,False
1599,0.3997000256598546,0.4735532229681052,2.0,0.5,False
1600,-0.9175616553781482,0.10356910851765605,2.0,0.5,False
1601,1.1204762794425946,1.2680847673945987,2.0,0.5,False
1602,-0.9423901518069362,0.13136426062572476,2.0,0.5,False
1603,1.078864719007845,2.314445672195787,2.0,0.5,False
1604,0.40308570327718973,0.2149642049504561,2.0,0.5,False
1605,0.7088132178184309,3.3359851868327084,2.0,0.5,False
1606,1.1198614424447602,2.784745509730422,2.0,0.5,False
1607,-0.5981059192838906,-1.1579249824348976,2.0,0.5,False
1608,0.039691154905118604,-0.5221314616986195,2.0,0.5,False
1609,-0.564291092184135,-2.0121950743029053,2.0,0.5,False
1610,-0.4278763560238357,1.0547795450686839,2.0,0.5,False
1611,0.4358510903257648,1.994948640616688,2.0,0.5,False
1612,0.10598219244186516,1.5407687135381931,2.0,0.5,False
1613,1.3101828546201344,1.301745292392916,2.0,0.5,False
1614,0.9857725488952811,1.693668762778135,2.0,0.5,False
1615,-1.2148152834340378,-0.21396306990251618,2.0,0.5,False
1616,-1.2207918667668167,-1.6779719462146696,2.0,0.5,False
1617,-0.72215718918872,0.4976908283569117,2.0,0.5,False
1618,0.4632821920558051,-1.2163648102096558,2.0,0.5,False
1619,0.08000939065060407,0.7306545359831441,2.0,0.5,False
1620,0.444569124893631,2.616113970186533,2.0,0.5,False
1621,-0.391120003469667,2.002771248900233,2.0,0.5,False
1622,0.681741339392534,2.8310576118342796,2.0,0.5,False
1623,1.0324324045332867,0.09898718411564245,2.0,0.5,False
1624,-0.2323170743451258,0.1364144353918408,2.0,0.5,False
1625,-0.6222836211813154,0.9349223251175546,2.0,0.5,False
1626,-0.7016594106859382,2.007999414209279,2.0,0.5,False
1627,-0.9260601348516923,-2.1816229662931326,2.0,0.5,False
1628,-0.7786515123422112,-0.6351804622072789,2.0,0.5,False
1629,-0.3949960619239249,-0.6329515099161092,2.0,0.5,False
1630,-0.5741851331846044,-1.5928165537391596,2.0,0.5,False
1631,-0.40913000464501265,-0.7130489883872697,2.0,0.5,False
1632,-0.38536118754856014,-1.9044650990804413,2.0,0.5,False
1633,-0.8525646063800152,-0.8594703398639347,2.0,0.5,False
1634,-0.2881812380706223,1.5297490933602726,2.0,0.5,False
1635,-0.579461692350345,0.2857991395603705,2.0,0.5,False
1636,-1.0453924694168082,0.6094774974364275,2.0,0.5,False
1637,-0.012528391816767924,1.127672198461763,2.0,0.5,False
1638,-0.054394186795577525,1.4309284004718283,2.0,0.5,False
1639,0.5007739481520571,0.5250030715037,2.0,0.5,False
1640,-0.4005861748710958,0.31852380172038397,2.0,0.5,False
1641,-1.3859426107528223,-1.9305345802283602,2.0,0.5,False
1642,0.1591051523152523,1.4144068321512566,2.0,0.5,False
1643,-1.2684099443172987,-0.7515848417651312,2.0,0.5,False
1644,-1.9153034424564532,-1.7892616308487916,2.0,0.5,False
1645,-1.3031977226255451,-0.12644797986689027,2.0,0.5,False
1646,1.6891180175476528,2.8621728021075263,2.0,0.5,False
1647,0.07521184513791361,-0.4159766719695845,2.0,0.5,False
1648,-0.16766747238315372,-1.57402450299077,2.0,0.5,False
1649,0.23080095642513984,1.5668642006117097,2.0,0.5,False
1650,-2.5613756316867815,-1.075083648691845,2.0,0.5,False
1651,0.7378719739311163,0.07834811016922472,2.0,0.5,False
1652,-0.5748335518154488,1.2891951670439645,2.0,0.5,False
1653,0.17463063897439998,-0.13548159706218366,2.0,0.5,False
1654,1.7197239036153489,3.291323152975607,2.0,0.5,False
1655,0.18524606492109005,0.9067281843759963,2.0,0.5,False
1656,-1.3374188771208377,-0.6226086364077819,2.0,0.5,False
1657,0.4480359342506521,-2.422046226386378,2.0,0.5,False
1658,0.005579987502477852,-0.17130206708022921,2.0,0.5,False
1659,-0.9476937114867983,1.8022267378106698,2.0,0.5,False
1660,0.6584645429647739,1.8455595144361818,2.0,0.5,False
1661,2.2525249980912405,3.7567752363543834,2.0,0.5,False
1662,-0.40336038713338157,2.2116010553571472,2.0,0.5,False
1663,0.029353085835262555,2.4384411402132384,2.0,0.5,False
1664,0.5956222786060583,0.8562408302072955,2.0,0.5,False
1665,0.8730225650000055,0.570480108143808,2.0,0.5,False
1666,0.9860697909244639,1.3896351546826478,2.0,0.5,False
1667,-1.0972444613589045,-1.0496750356771773,2.0,0.5,False
1668,-0.5291953572184425,1.7529456860438648,2.0,0.5,False
1669,0.5369481980080959,2.5950951183648274,2.0,0.5,False
1670,-0.37868973888813806,2.338380173181955,2.0,0.5,False
1671,0.4129365899411556,1.9880634958768284,2.0,0.5,False
1672,1.0790471561115298,2.558009442995234,2.0,0.5,False
1673,-0.1731223676678816,0.11909018547565181,2.0,0.5,False
1674,-0.5811828648085584,2.307141675204578,2.0,0.5,False
1675,1.474609850457315,3.690518421390297,2.0,0.5,False
1676,0.620048263918742,-0.37010160282517823,2.0,0.5,False
1677,0.44113852012514937,0.4185536305617368,2.0,0.5,False
1678,-3.2067420060175733,-1.600909237585593,2.0,0.5,False
1679,0.7421165793856113,3.7435034401555436,2.0,0.5,False
1680,0.638773448206626,4.28574196644103,2.0,0.5,False
1681,-1.132024023475973,-0.061987474355033934,2.0,0.5,False
1682,-0.03886661940781302,1.1438297019291797,2.0,0.5,False
1683,-0.98158526636173,-1.078009203189327,2.0,0.5,False
1684,-1.3222467037471162,-2.656885149223407,2.0,0.5,False
1685,-2.4091123232801186,-0.23449629315544884,2.0,0.5,False
1686,-0.5914521654956287,0.3321332884291801,2.0,0.5,False
1687,-0.8904914714054516,0.9051507859481861,2.0,0.5,False
1688,1.1558080128884487,2.2270254550748345,2.0,0.5,False
1689,-0.2166392479636861,0.13579231935027547,2.0,0.5,False
1690,-1.7731648971049554,-1.7668775271979398,2.0,0.5,False
1691,-0.817829409917253,0.954152993385737,2.0,0.5,False
1692,0.41058134799094814,0.9541570878316121,2.0,0.5,False
1693,0.5631159765009311,2.078391290770425,2.0,0.5,False
1694,-0.13788298380544733,1.394098410822076,2.0,0.5,False
1695,-1.0136798108323937,-0.3261175552963391,2.0,0.5,False
1696,-1.7547621822196404,1.0668898454095141,2.0,0.5,False
1697,-1.6528277883855231,-2.8093436071444735,2.0,0.5,False
1698,-1.247610122449587,-1.967919360937636,2.0,0.5,False
1699,-0.8215982501150265,-0.12622017501528748,2.0,0.5,False
1700,1.300303291777052,4.9145688760122335,2.0,0.5,False
1701,0.12120388950887209,1.296942418797089,2.0,0.5,False
1702,0.12068903246896384,-0.049637618003578465,2.0,0.5,False
1703,1.997164532578257,0.5552752288227873,2.0,0.5,False
1704,0.20740690185238883,0.37557390766590815,2.0,0.5,False
1705,0.12380139978853158,0.4142435850855824,2.0,0.5,False
1706,-1.6411907758193887,1.373735617660497,2.0,0.5,False
1707,-0.23128199341399916,1.1600390595320533,2.0,0.5,False
1708,0.09009417903312662,1.075776931637487,2.0,0.5,False
1709,1.433262655099833,2.80145640057917,2.0,0.5,False
1710,2.504845000577036,3.196690918484193,2.0,0.5,False
1711,1.6143631665291263,3.158420981884688,2.0,0.5,False
1712,-2.0531995301026327,-1.5150143916365795,2.0,0.5,False
1713,-1.0651454016920399,0.1263440184961826,2.0,0.5,False
1714,2.3965225284576053,1.8484992552386306,2.0,0.5,False
1715,0.2829284753643828,1.8537539304540196,2.0,0.5,False
1716,-0.849265459595585,-0.2891884618994389,2.0,0.5,False
1717,0.044281183395870276,1.1159175592840365,2.0,0.5,False
1718,0.6210647795689586,0.23660414891091563,2.0,0.5,False
1719,1.508994022693709,1.5059997529666722,2.0,0.5,False
1720,0.3281151736313413,2.9688155653312114,2.0,0.5,False
1721,1.7053741855267042,2.4193328830109584,2.0,0.5,False
1722,-1.163098045931487,-0.6987301741057821,2.0,0.5,False
1723,-2.712382749860668,-1.437284817168501,2.0,0.5,False
1724,-1.5331717907842388,-0.920423890672137,2.0,0.5,False
1725,0.6065623217277137,1.1449774397971502,2.0,0.5,False
1726,0.927840428500611,1.6308938448773134,2.0,0.5,False
1727,0.23183278739461707,0.41931826420689045,2.0,0.5,False
1728,-1.9037097145513382,-3.8829087714912918,2.0,0.5,False
1729,0.49887943945619334,0.7755044560009527,2.0,0.5,False
1730,0.5766036871875353,2.899872746442375,2.0,0.5,False
1731,-0.20282743126399133,-0.008779394113138439,2.0,0.5,False
1732,0.948089043251136,1.8435440807025139,2.0,0.5,False
1733,-0.5323944853666356,0.6060195305316515,2.0,0.5,False
1734,-1.0063041948545144,-1.3350019391470593,2.0,0.5,False
1735,-0.8743547255833852,0.50207544423747,2.0,0.5,False
1736,1.2429103900717073,3.5591153825472785,2.0,0.5,False
1737,-1.0340489894356435,-0.33693202833258806,2.0,0.5,False
1738,-1.5610722595190565,-0.70089103274519,2.0,0.5,False
1739,-0.35508861592769014,1.1993149593571477,2.0,0.5,False
1740,-0.20762804317779884,0.04371391666074276,2.0,0.5,False
1741,-0.4614789000030378,-0.17041615161561952,2.0,0.5,False
1742,0.2676168442257208,1.2403252592999283,2.0,0.5,False
1743,1.4346528295781726,1.666767477087376,2.0,0.5,False
1744,-0.8191133017715567,-0.3160749325084409,2.0,0.5,False
1745,0.13796163101152967,2.3178241040215255,2.0,0.5,False
1746,0.29444645667877944,1.0112110259472793,2.0,0.5,False
1747,-0.23705389202501473,1.9507890426067322,2.0,0.5,False
1748,0.3312920959410165,1.3204213252650887,2.0,0.5,False
1749,0.22477023573744126,0.22277904204448562,2.0,0.5,False
1750,2.122821274745029,4.624541698052872,2.0,0.5,False
1751,0.4139715177701045,1.5600115426516328,2.0,0.5,False
1752,-1.6601555153019272,-0.22836293371767447,2.0,0.5,False
1753,-1.0602532847812163,1.4364352505027065,2.0,0.5,False
1754,1.7352058739994136,2.7751050058396953,2.0,0.5,False
1755,0.7775403549132908,2.371198518461627,2.0,0.5,False
1756,-0.5352061263555976,-0.8534472933546872,2.0,0.5,False
1757,1.3194824115873207,2.96812305999818,2.0,0.5,False
1758,0.6478630060845857,2.5307852520133656,2.0,0.5,False
1759,-1.3794464588780708,-1.3938245476174396,2.0,0.5,False
1760,-2.311297524961423,-1.1538755012937325,2.0,0.5,False
1761,0.1727323025084895,2.0192730148913207,2.0,0.5,False
1762,0.8959642583100337,0.7443003015257602,2.0,0.5,False
1763,-0.42334810232135517,-0.08845940168920502,2.0,0.5,False
1764,0.8339989063207673,0.7114373016323059,2.0,0.5,False
1765,1.6219582488305335,4.573610834072727,2.0,0.5,False
1766,1.5149062313058665,3.346620029638876,2.0,0.5,False
1767,-0.13721317645199765,2.5970208404984443,2.0,0.5,False
1768,0.4974155703685932,1.7767806362502374,2.0,0.5,False
1769,-0.8816624787610088,0.6612547430153803,2.0,0.5,False
1770,-0.713758852800551,-1.6554816659716083,2.0,0.5,False
1771,-0.07714655730786099,-0.4463039774878797,2.0,0.5,False
1772,-2.3716088680695395,-1.7043805050672582,2.0,0.5,False
1773,-1.355923993225875,-1.5217510152004776,2.0,0.5,False
1774,0.6600729314964228,3.2391914279108356,2.0,0.5,False
1775,-0.3575527850230023,-0.09000576925492568,2.0,0.5,False
1776,0.8896360801936924,3.2946344190736765,2.0,0.5,False
1777,1.2469185133284058,4.158823523705051,2.0,0.5,False
1778,0.7568140317073744,1.598847638682603,2.0,0.5,False
1779,-1.2791061651145688,-0.6057373535706807,2.0,0.5,False
1780,0.09029934057975444,-0.14736353220330284,2.0,0.5,False
1781,1.0423689489364947,3.397406098589823,2.0,0.5,False
1782,-0.7477033633235097,-0.1882980681266647,2.0,0.5,False
1783,0.2336251908056559,0.8296645815109583,2.0,0.5,False
1784,-0.7892002561830849,-0.4247858777276723,2.0,0.5,False
1785,0.027683103127491566,1.887826931877147,2.0,0.5,False
1786,-0.7391862671274005,-0.3619334256151012,2.0,0.5,False
1787,0.7403319311858523,0.34940366848973436,2.0,0.5,False
1788,1.4303714528408147,1.1556782905527072,2.0,0.5,False
1789,-1.300557684533894,0.05412960974596957,2.0,0.5,False
1790,-0.3825413470771346,-0.3012500628533834,2.0,0.5,False
1791,0.6910996373753285,3.2205536938361132,2.0,0.5,False
1792,-0.07896588910563557,0.6094415407911592,2.0,0.5,False
1793,0.6364386980143938,1.2306455367779305,2.0,0.5,False
1794,1.3318900957546802,3.3024701766243822,2.0,0.5,False
1795,1.2406241265158067,-0.44373577325718916,2.0,0.5,False
1796,-0.000433702372617488,0.6229905073326139,2.0,0.5,False
1797,-0.43759530743115327,2.431564660303419,2.0,0.5,False
1798,-1.2272816778811833,-0.9962415198116138,2.0,0.5,False
1799,0.7460530398915417,2.105309387293888,2.0,0.5,False
1800,-0.37754258499949706,-1.1582248074271222,2.0,0.5,False
1801,-1.4060212135085772,-2.966139918335276,2.0,0.5,False
1802,-0.8426281394436513,-0.748678256802045,2.0,0.5,False
1803,0.3113444317873336,0.8169911193123274,2.0,0.5,False
1804,-0.5985402613197951,-0.6290235084223341,2.0,0.5,False
1805,-2.193265492352958,-0.7598439851240522,2.0,0.5,False
1806,1.4400916719446324,1.0569424422535072,2.0,0.5,False
1807,-0.24855097799840783,1.8472263632203492,2.0,0.5,False
1808,0.2152048669520025,1.1088868674197356,2.0,0.5,False
1809,-1.9498453888412999,-1.0062992039319532,2.0,0.5,False
1810,0.34796171549666327,0.26610847890460343,2.0,0.5,False
1811,-0.09305911958406105,1.3524415176852718,2.0,0.5,False
1812,-0.43772176106656707,0.04396233307469824,2.0,0.5,False
1813,-0.5246721184636869,0.5755456011780434,2.0,0.5,False
1814,0.3690635503394969,1.185113733680677,2.0,0.5,False
1815,-1.4840561010467626,0.2522715455764598,2.0,0.5,False
1816,-0.4031890073879631,0.07221856257803227,2.0,0.5,False
1817,1.1150748425133823,2.2161851855217565,2.0,0.5,False
1818,0.9737565710782567,2.1722513933486884,2.0,0.5,False
1819,-0.06292905731464599,2.0024390211497636,2.0,0.5,False
1820,-0.27233361518042115,-0.6626066838567628,2.0,0.5,False
1821,0.9557989334944372,-0.7129087571842019,2.0,0.5,False
1822,0.20819023237767273,2.6149750867533177,2.0,0.5,False
1823,-1.0173623569419972,-1.4327356336229091,2.0,0.5,False
1824,-0.08424805555580187,1.725177814928704,2.0,0.5,False
1825,-1.2785080916615406,-1.958180328985346,2.0,0.5,False
1826,1.3368043243133436,1.1818706933935688,2.0,0.5,False
1827,-1.468970034776889,-0.6029693933020743,2.0,0.5,False
1828,1.0148105069598294,2.7449924409398196,2.0,0.5,False
1829,-0.43025075774832006,0.7037446667067937,2.0,0.5,False
1830,0.0905105797286515,0.6736455954911885,2.0,0.5,False
1831,-1.0402629579466725,-0.32164608689756874,2.0,0.5,False
1832,0.8827465397966331,0.5433040745861903,2.0,0.5,False
1833,-1.8246508340889935,-1.0163464532398847,2.0,0.5,False
1834,0.33876281560097954,-0.5940014692877462,2.0,0.5,False
1835,-0.5070281210618671,-0.07310165937019591,2.0,0.5,False
1836,0.2804215469045316,0.873097819374376,2.0,0.5,False
1837,1.2776577897001005,0.5876578710342413,2.0,0.5,False
1838,-1.7569012194762959,0.6017450001005575,2.0,0.5,False
1839,-0.9470036897223244,-0.2958410456062204,2.0,0.5,False
1840,-0.45481832340853917,-0.5924827022578868,2.0,0.5,False
1841,-0.7106513125828807,-1.5685539397094292,2.0,0.5,False
1842,0.6702390030720949,1.587155110846719,2.0,0.5,False
1843,2.5650766342656928,2.891579185383506,2.0,0.5,False
1844,-1.014336810138417,0.2697923343758243,2.0,0.5,False
1845,-2.4326765936097554,-3.7291780339271665,2.0,0.5,False
1846,-1.6434439567188375,-2.5484575883089575,2.0,0.5,False
1847,-0.7627989800794261,-0.8924857809345935,2.0,0.5,False
1848,0.6585646194481655,2.03790874871645,2.0,0.5,False
1849,0.16678243082111321,-0.2548247877144707,2.0,0.5,False
1850,-0.7239845347310115,1.0307711882790045,2.0,0.5,False
1851,1.808784287068136,2.5592918590190052,2.0,0.5,False
1852,0.8178809696633813,0.09924277252767877,2.0,0.5,False
1853,-0.3286801210133579,1.1773623154083264,2.0,0.5,False
1854,1.0474743070538801,2.7647470493984083,2.0,0.5,False
1855,0.005282219949367722,1.0225295821411715,2.0,0.5,False
1856,0.16365854313074332,2.4901751310161306,2.0,0.5,False
1857,-1.9529937485638487,-1.6467829838382275,2.0,0.5,False
1858,0.7389750980252212,2.471628933897338,2.0,0.5,False
1859,0.6506360932730093,2.341626861076353,2.0,0.5,False
1860,-0.6455264307720124,-1.1575650649373626,2.0,0.5,False
1861,1.258306258753242,2.7168496459501776,2.0,0.5,False
1862,0.21758269716177256,3.404066288779764,2.0,0.5,False
1863,0.4998134648948851,-0.7248514856450261,2.0,0.5,False
1864,-0.37646860294788054,0.7793244711424825,2.0,0.5,False
1865,0.16438130463302827,2.185652211340067,2.0,0.5,False
1866,-0.6835450270215867,-2.21311073485741,2.0,0.5,False
1867,-0.5136212631015316,0.2981214704198573,2.0,0.5,False
1868,-0.6595222115174603,-0.5136355840146308,2.0,0.5,False
1869,0.3503643210893931,1.549110761847881,2.0,0.5,False
1870,0.5603356138331191,0.9407645450052158,2.0,0.5,False
1871,-0.7797910597712024,0.7442795362486627,2.0,0.5,False
1872,0.5933883343420143,0.9122490384041196,2.0,0.5,False
1873,0.6718480235932808,3.8061371250844553,2.0,0.5,False
1874,-0.07311568413173437,-0.19605288858009517,2.0,0.5,False
1875,-1.867943768743181,0.3035500167288486,2.0,0.5,False
1876,-0.699642980751089,-1.4733727618893973,2.0,0.5,False
1877,1.7046677600002873,2.7739768437629606,2.0,0.5,False
1878,-1.1468546871148935,0.4775270968380938,2.0,0.5,False
1879,-0.12740915249011386,0.35570122524730785,2.0,0.5,False
1880,-0.4189166162572603,1.8787686753772919,2.0,0.5,False
1881,-0.07374445963069613,-0.9645321834449717,2.0,0.5,False
1882,0.5711120559509298,0.6107360182979392,2.0,0.5,False
1883,1.4890752183339975,2.3447243827145234,2.0,0.5,False
1884,2.184494500054601,3.5422285820552357,2.0,0.5,False
1885,0.4399413984058471,-0.5191711149746965,2.0,0.5,False
1886,-0.765765416932609,-0.05680007401086007,2.0,0.5,False
1887,-0.3134384639229326,-1.7357348828139583,2.0,0.5,False
1888,-0.26774977762646507,2.6134827117805206,2.0,0.5,False
1889,1.0681632081279182,2.590352211596368,2.0,0.5,False
1890,0.3719757889586688,2.713351638329886,2.0,0.5,False
1891,0.006861555159865861,1.887188819211656,2.0,0.5,False
1892,-2.026886560003558,-1.9534145471795321,2.0,0.5,False
1893,-1.0616427985517038,-2.3245884348491974,2.0,0.5,False
1894,-0.006280361147401628,2.7023009370505346,2.0,0.5,False
1895,0.14647666857474761,-1.2973056539375012,2.0,0.5,False
1896,0.05152561650807226,2.3403500484033617,2.0,0.5,False
1897,0.12700557585319494,-0.10919207455609936,2.0,0.5,False
1898,-0.5394090915736002,-1.702884012262737,2.0,0.5,False
1899,-0.01984064765937545,0.5130182066896141,2.0,0.5,False
1900,-0.29181695269313057,-1.280784527896102,2.0,0.5,False
1901,-1.179248113857694,1.2214449615638354,2.0,0.5,False
1902,0.04819297134184238,1.5768303312716194,2.0,0.5,False
1903,-0.28196859827488446,1.7397359902032743,2.0,0.5,False
1904,0.22516556284964268,0.7816330069251136,2.0,0.5,False
1905,0.021358250447214323,0.2420228936270542,2.0,0.5,False
1906,-0.427013114635059,0.6947294897841609,2.0,0.5,False
1907,0.6880593099523631,1.9083856807668749,2.0,0.5,False
1908,-0.2814723652385,-1.8170318088637267,2.0,0.5,False
1909,-1.0467782158577688,-0.10098406821915074,2.0,0.5,False
1910,-1.5995323666825811,-1.0324118658431787,2.0,0.5,False
1911,0.6824336358280955,0.05823187893854387,2.0,0.5,False
1912,0.4617058281671835,2.6253701572654813,2.0,0.5,False
1913,-1.519596168052856,1.008394880072485,2.0,0.5,False
1914,0.8645060671682884,3.7140266028389046,2.0,0.5,False
1915,0.12337900890724364,2.0213342147684314,2.0,0.5,False
1916,0.6306759227212624,3.4034089889947174,2.0,0.5,False
1917,-0.5254126306969946,2.113510128733341,2.0,0.5,False
1918,-0.3893402417814828,0.7186485321041691,2.0,0.5,False
1919,0.879961620346342,2.706045408887338,2.0,0.5,False
1920,-0.5428466062302705,3.322559402751076,2.0,0.5,False
1921,-1.1856589309253691,-1.108369429589719,2.0,0.5,False
1922,1.5016927105017635,3.891694301361145,2.0,0.5,False
1923,-1.590897085147425,0.1590404599331181,2.0,0.5,False
1924,1.651296387650038,2.9170404892252755,2.0,0.5,False
1925,-0.10327853384423043,0.504316246554765,2.0,0.5,False
1926,0.7616289135148574,1.7974253141517011,2.0,0.5,False
1927,-0.772081409779377,2.165875009589353,2.0,0.5,False
1928,-1.317277250358011,-1.9960850724548187,2.0,0.5,False
1929,-1.442566787430048,-0.8617133841934113,2.0,0.5,False
1930,-0.30927066498721634,-0.8514639856937709,2.0,0.5,False
1931,-1.4695106738607688,1.15058275772062,2.0,0.5,False
1932,0.39770589518527427,3.085407743504445,2.0,0.5,False
1933,-1.9100829735115639,-1.276183583096533,2.0,0.5,False
1934,0.1941883488950535,2.2237724491955513,2.0,0.5,False
1935,-0.031805448333908436,0.6999060386202373,2.0,0.5,False
1936,0.21156253533889194,0.4646508872607576,2.0,0.5,False
1937,0.19860328337625283,3.653930850853609,2.0,0.5,False
1938,-0.0498362749852837,2.5732353253942044,2.0,0.5,False
1939,1.096018603759262,5.4464150823883735,2.0,0.5,False
1940,-1.0816894254938483,0.6950511753863582,2.0,0.5,False
1941,0.4205767153689603,0.6141230204524357,2.0,0.5,False
1942,0.06785741879124843,0.4563727045170137,2.0,0.5,False
1943,1.7579072672185139,1.4742253292602365,2.0,0.5,False
1944,-0.49569352905197384,-0.5685478959507763,2.0,0.5,False
1945,-1.2022657335920526,-0.9381585708643181,2.0,0.5,False
1946,0.3073034947422297,1.7217819097224307,2.0,0.5,False
1947,0.8194122050332817,4.26161667528466,2.0,0.5,False
1948,-0.7158234311256949,-1.6864544060496516,2.0,0.5,False
1949,0.7808597529932966,2.1468568514233,2.0,0.5,False
1950,1.0540414924267245,1.1651225907713596,2.0,0.5,False
1951,1.2198445233358493,1.1979144885980761,2.0,0.5,False
1952,-0.32129898501338866,-0.26096550109983,2.0,0.5,False
1953,0.9504190992194684,1.7869332989173916,2.0,0.5,False
1954,-1.083461872407345,-0.31512945477373194,2.0,0.5,False
1955,0.3536418868699925,1.03575089326847,2.0,0.5,False
1956,0.4039811214017649,2.7970444366262464,2.0,0.5,False
1957,-0.7886279497356585,1.24199024274606,2.0,0.5,False
1958,-1.6227042809902887,-2.6195127657594943,2.0,0.5,False
1959,0.3401105098659864,2.554635492094639,2.0,0.5,False
1960,1.548911109650448,2.6978078612561336,2.0,0.5,False
1961,0.5992182001040469,3.1166287842046296,2.0,0.5,False
1962,-0.5584311754023921,1.1174377671664653,2.0,0.5,False
1963,0.10148003291605616,0.9003108447074398,2.0,0.5,False
1964,-0.5735313010428469,0.5057605408944653,2.0,0.5,False
1965,-0.9217580331739099,2.70169563953484,2.0,0.5,False
1966,1.2425385497583958,0.6046743295213584,2.0,0.5,False
1967,1.1992370867276128,2.264979616054941,2.0,0.5,False
1968,1.1783763980799091,3.3984770914864413,2.0,0.5,False
1969,-0.5117868267679537,0.36739894722732136,2.0,0.5,False
1970,0.33753122617878695,-1.5167561664835163,2.0,0.5,False
1971,-1.1686950337829793,-0.038354806470803374,2.0,0.5,False
1972,-0.5023543528483323,2.473223680477047,2.0,0.5,False
1973,-1.1348961167014078,-0.13172224478638425,2.0,0.5,False
1974,-1.3512595544956687,0.7339634427311529,2.0,0.5,False
1975,0.011276563198786595,-0.29353522647064345,2.0,0.5,False
1976,-0.1318249010869594,-0.3192511084551858,2.0,0.5,False
1977,-0.6687750601086327,1.5759706381266125,2.0,0.5,False
1978,-0.5383657000069678,-0.0999935011111836,2.0,0.5,False
1979,-0.6025908807956813,0.34998558655581424,2.0,0.5,False
1980,0.36494072037255154,3.42834519202224,2.0,0.5,False
1981,0.9764581890676038,2.041215577745258,2.0,0.5,False
1982,0.8164621301224277,2.032369397635261,2.0,0.5,False
1983,-0.014301412076614546,4.070233982029626,2.0,0.5,False
1984,0.025539469858306026,1.7786497572366473,2.0,0.5,False
1985,-0.535918668050291,-0.6372500969097182,2.0,0.5,False
1986,-0.15197719361426573,2.599681296938961,2.0,0.5,False
1987,1.982109620014371,3.477324750903277,2.0,0.5,False
1988,1.0032320929204348,1.1266609225045712,2.0,0.5,False
1989,1.1550915826997723,-0.45280217101595666,2.0,0.5,False
1990,-0.17968693168090388,0.3290107632928394,2.0,0.5,False
1991,-0.06261199636016683,1.9786438314372274,2.0,0.5,False
1992,2.470606086900439,3.752833538464529,2.0,0.5,False
1993,1.084751099338029,3.7414801729939455,2.0,0.5,False
1994,-0.2960605465372658,1.5214999671485654,2.0,0.5,False
1995,0.2660899381385761,1.1373047642905603,2.0,0.5,False
1996,-0.29882834940803804,2.178931552162738,2.0,0.5,False
1997,-0.658302583531478,-0.3500066560412328,2.0,0.5,False
1998,1.9010621905778735,2.2478707308808326,2.0,0.5,False
1999,-0.9257736881873136,-1.3546980516760936,2.0,0.5,False
2000,1.397429543812824,-1.0958566270641823,2.0,0.5,False
2001,0.35729448158167965,-1.0340115216737118,2.0,0.5,False
2002,1.0592367019760769,2.9346315269445387,2.0,0.5,False
2003,-0.7538284042933221,1.8597650912052635,2.0,0.5,False
2004,-0.7791889268815227,0.39385207369981673,2.0,0.5,False
2005,0.04788355809039729,1.7416816406462223,2.0,0.5,False
2006,-0.09181027018191404,0.8927464856874774,2.0,0.5,False
2007,-1.4781858811190574,-2.7464428333508915,2.0,0.5,False
2008,0.4701871722426422,4.777872577910788,2.0,0.5,False
2009,0.11262735143573079,0.6027284825033226,2.0,0.5,False
2010,1.3954956064327457,0.034236167937225837,2.0,0.5,False
2011,-0.7576300938231759,0.9809108873971975,2.0,0.5,False
2012,0.28499493354159156,0.5923056603008144,2.0,0.5,False
2013,-2.347079550355368,-3.2250606009434746,2.0,0.5,False
2014,0.8681611583769021,3.3729928855859366,2.0,0.5,False
2015,0.7926443397440297,0.5854887447816743,2.0,0.5,False
2016,-0.7723233443445829,1.5640483549759159,2.0,0.5,False
2017,-0.4461914094367443,0.7708427526334469,2.0,0.5,False
2018,0.804433101362454,2.8659435016726102,2.0,0.5,False
2019,1.4960742810888286,4.121436028096336,2.0,0.5,False
2020,-0.3198391696733585,1.8063607627560523,2.0,0.5,False
2021,-0.28973285709221147,1.240393762888814,2.0,0.5,False
2022,0.8833996093854344,3.218219243973484,2.0,0.5,False
2023,-0.047489991303205796,1.212922195782201,2.0,0.5,False
2024,0.30849571955276167,1.6316819295537046,2.0,0.5,False
2025,0.5173316244792988,1.7960427939638781,2.0,0.5,False
2026,0.19688392722237372,1.7153646177056068,2.0,0.5,False
2027,-0.4989197713021963,0.6009180288440772,2.0,0.5,False
2028,-0.7430552656266534,0.9358413073771625,2.0,0.5,False
2029,-1.5914237552754344,-1.1291578666113977,2.0,0.5,False
2030,1.113842831341441,2.615134453598995,2.0,0.5,False
2031,0.4026980351850052,-1.2883694359643243,2.0,0.5,False
2032,0.31391409079865873,1.3382884776964965,2.0,0.5,False
2033,-1.29530518717133,-1.726818981348009,2.0,0.5,False
2034,-0.5363447375407193,-0.4921393699956398,2.0,0.5,False
2035,-0.8091356921170993,0.6318657365082065,2.0,0.5,False
2036,0.5850185830134764,2.1001771112678282,2.0,0.5,False
2037,1.2570989505441952,3.8244308661578583,2.0,0.5,False
2038,2.0894567217890274,2.565775065019916,2.0,0.5,False
2039,-0.18979477000906497,2.699747041536381,2.0,0.5,False
2040,0.2925512960250423,3.008502808644346,2.0,0.5,False
2041,0.128943964200308,1.0764634925470216,2.0,0.5,False
2042,-0.32699253909308496,-1.0135302028777882,2.0,0.5,False
2043,0.007257157652963028,-0.28629220994675386,2.0,0.5,False
2044,1.9024614051861113,1.6443413021645426,2.0,0.5,False
2045,0.8754902861586408,2.341286168109115,2.0,0.5,False
2046,-2.0524249217377037,-1.7310807200281197,2.0,0.5,False
2047,-0.9223596534914873,-0.6975276756620064,2.0,0.5,False
2048,0.7432523260075525,0.1834694935919377,2.0,0.5,False
2049,-1.7529155346460725,-2.8950190743113815,2.0,0.5,False
2050,0.7939847258157277,1.8955558521775222,2.0,0.5,False
2051,1.2418169503261702,3.6147408684525293,2.0,0.5,False
2052,-1.9699147459803397,0.5150121126714479,2.0,0.5,False
2053,0.11878322410824016,-0.9241766596151708,2.0,0.5,False
2054,-0.6294245628155887,-1.1562096304901228,2.0,0.5,False
2055,-1.198234057864901,0.09027570026308068,2.0,0.5,False
2056,0.2715321460852567,1.2011343633878442,2.0,0.5,False
2057,1.317505104101589,2.8884749939328502,2.0,0.5,False
2058,1.2298408736395385,2.6411218182158116,2.0,0.5,False
2059,-0.21328268804878103,-0.7991132364833547,2.0,0.5,False
2060,-1.3668770733952562,0.2789713735020729,2.0,0.5,False
2061,1.5091445505773884,2.7452564452985406,2.0,0.5,False
2062,-0.18785889405815168,2.038221401063411,2.0,0.5,False
2063,1.0262114513945788,2.0427195107171157,2.0,0.5,False
2064,-1.4970966790216178,1.2396991502912813,2.0,0.5,False
2065,-1.613766061030576,-0.9702606047875033,2.0,0.5,False
2066,0.5710430238725588,1.6698166731078823,2.0,0.5,False
2067,-0.5277507190532323,1.3138167979813775,2.0,0.5,False
2068,1.654629387971511,4.067370400265589,2.0,0.5,False
2069,1.1942883211199868,0.6380689888790807,2.0,0.5,False
2070,1.4454107593751477,3.3509807417767172,2.0,0.5,False
2071,0.5124943234091887,1.3164185527312555,2.0,0.5,False
2072,-2.0380141516299415,-2.5553192245989265,2.0,0.5,False
2073,0.3112066009129697,0.8608789962506439,2.0,0.5,False
2074,-1.7555175348003347,-1.1695625152144609,2.0,0.5,False
2075,-0.45893869066183157,-0.14959440046998573,2.0,0.5,False
2076,-0.7612141059910729,-0.1282096961287999,2.0,0.5,False
2077,1.7659252007414583,2.2902591300730952,2.0,0.5,False
2078,0.4840468280473116,2.119260783406541,2.0,0.5,False
2079,0.09771175525563319,0.04811516211873168,2.0,0.5,False
2080,0.49699117472762416,-1.0452046021077679,2.0,0.5,False
2081,-0.46416299665713406,1.726271319529794,2.0,0.5,False
2082,-0.11835732805908146,1.3952477790691113,2.0,0.5,False
2083,-0.5137737234748728,0.1485298948095113,2.0,0.5,False
2084,1.5939465189794237,3.158828391772804,2.0,0.5,False
2085,0.37044312098257137,2.0738723241504267,2.0,0.5,False
2086,-0.27670121377356854,-1.1688060915863225,2.0,0.5,False
2087,0.6312632199723138,3.073623220247986,2.0,0.5,False
2088,1.1709558205796273,2.802722127474321,2.0,0.5,False
2089,0.060794415239179764,2.0692035005168274,2.0,0.5,False
2090,0.9745825710049505,4.417398845876001,2.0,0.5,False
2091,1.718968967338169,2.481318474337984,2.0,0.5,False
2092,-0.3372011569925866,0.7627957796036317,2.0,0.5,False
2093,-2.205236937563541,-2.98788685982165,2.0,0.5,False
2094,0.6297935933747247,3.1430372232116013,2.0,0.5,False
2095,-0.3491618503606882,1.1272471094811867,2.0,0.5,False
2096,0.8943061511112711,1.6072829860285573,2.0,0.5,False
2097,-1.115264538202034,1.7865719192950684,2.0,0.5,False
2098,0.6751276326846692,-0.4150001202819782,2.0,0.5,False
2099,0.2801893252693205,0.8389817150632423,2.0,0.5,False
2100,1.285316460768499,3.047158343156001,2.0,0.5,False
2101,-0.23600053715330835,-1.1011634930768204,2.0,0.5,False
2102,1.1385879911389096,4.265502713190036,2.0,0.5,False
2103,1.2391911346269333,1.1485422987215976,2.0,0.5,False
2104,0.2313904622179543,2.975720058958415,2.0,0.5,False
2105,-1.0825277777150872,-2.030238075355882,2.0,0.5,False
2106,-0.2957779436815295,2.9257957880195775,2.0,0.5,False
2107,0.6082965862053896,2.4371419369231457,2.0,0.5,False
2108,1.1432570448457189,1.957420673503929,2.0,0.5,False
2109,-0.22370789691058166,2.037715109495291,2.0,0.5,False
2110,1.2498326095221164,1.766028927123683,2.0,0.5,False
2111,-1.7526525049320532,-4.094806848011684,2.0,0.5,False
2112,-0.6789666196789941,1.929800777336789,2.0,0.5,False
2113,-0.44971644700978586,-0.3900480457639506,2.0,0.5,False
2114,-0.8147664020862245,-0.30669209597144487,2.0,0.5,False
2115,-0.09230668414710126,2.138561242855598,2.0,0.5,False
2116,-0.10456790836360115,1.1187582176792232,2.0,0.5,False
2117,1.17180711040753,2.330919923488204,2.0,0.5,False
2118,-0.5228425763839347,0.4626363364291829,2.0,0.5,False
2119,-1.0270123975240815,2.5737182233649545,2.0,0.5,False
2120,1.475480716536951,2.3106011862388827,2.0,0.5,False
2121,-0.8475701894120986,1.1958887463813321,2.0,0.5,False
2122,0.001431909610272293,2.6900073700742198,2.0,0.5,False
2123,-0.055783359024142096,1.132820210960888,2.0,0.5,False
2124,0.10719253393768682,1.4763040051226015,2.0,0.5,False
2125,-0.08484697021083583,0.33617117588190626,2.0,0.5,False
2126,-0.42588473602081206,2.2950436851235083,2.0,0.5,False
2127,0.5658821143330185,-1.3423457439632667,2.0,0.5,False
2128,-0.8121279647134206,0.10368737985238385,2.0,0.5,False
2129,-0.7616833504138428,-2.106132058247847,2.0,0.5,False
2130,-0.6140751890806254,0.7302991690212198,2.0,0.5,False
2131,-0.6067004608593786,-0.11698089515078346,2.0,0.5,False
2132,-0.02541530678345262,0.5167460760105395,2.0,0.5,False
2133,-0.2500767918524778,-0.3042331195583968,2.0,0.5,False
2134,-0.20775458324764776,1.788862612739526,2.0,0.5,False
2135,0.1994456908353023,2.1428796301015014,2.0,0.5,False
2136,0.12139205099654048,0.8442208290386163,2.0,0.5,False
2137,-1.9236319592475768,-0.9238978814107508,2.0,0.5,False
2138,0.8011100962337635,-1.7798727266278906,2.0,0.5,False
2139,1.264839177168687,2.883160040373938,2.0,0.5,False
2140,-1.1287272321889021,1.8035825821725089,2.0,0.5,False
2141,-1.2992460578032052,-0.6155388063672967,2.0,0.5,False
2142,1.0256438448414784,1.4760385376590777,2.0,0.5,False
2143,-0.37915228460769335,1.1015259679401406,2.0,0.5,False
2144,-1.0768243558859858,-1.2357906769326839,2.0,0.5,False
2145,0.60678120921637,1.9754881458698215,2.0,0.5,False
2146,0.04100592564048262,-0.9769301448335441,2.0,0.5,False
2147,0.23583590721194636,2.9191600660737564,2.0,0.5,False
2148,-0.7721513618165216,0.9810353374836298,2.0,0.5,False
2149,0.8733454202002913,-0.8883776618713011,2.0,0.5,False
2150,-1.4041682167026226,1.519567897394442,2.0,0.5,False
2151,1.2372339978787408,3.1523871925530744,2.0,0.5,False
2152,-0.36156999387904243,-0.3708188983315225,2.0,0.5,False
2153,0.5770668911090213,1.8056392136410413,2.0,0.5,False
2154,-0.9718667747676216,0.1271293241764191,2.0,0.5,False
2155,0.37940185386229675,-0.3163801027034401,2.0,0.5,False
2156,0.37401182189737986,1.6540246881188803,2.0,0.5,False
2157,1.4252644981378695,1.9275622487476451,2.0,0.5,False
2158,-1.1291244756246015,-2.112993642865296,2.0,0.5,False
2159,-0.8635154618034849,-1.4081793348799407,2.0,0.5,False
2160,0.9121789222021436,2.5227222492076007,2.0,0.5,False
2161,0.5517268330961871,1.6060024465058667,2.0,0.5,False
2162,-1.3952687810316542,0.48567492609855556,2.0,0.5,False
2163,1.7240006615729195,1.869209015801766,2.0,0.5,False
2164,-0.7347278104725246,-0.7210826939092408,2.0,0.5,False
2165,-0.1932751367269568,0.5879330922496129,2.0,0.5,False
2166,-0.25427475996841575,0.19389768334902938,2.0,0.5,False
2167,0.12984902278900184,1.0673416841763794,2.0,0.5,False
2168,0.38727675371138504,4.751995252425024,2.0,0.5,False
2169,-0.3155434967384936,-0.6971260380307462,2.0,0.5,False
2170,-0.6030788894912043,2.71493258219306,2.0,0.5,False
2171,1.1359075447038252,3.0282104760424096,2.0,0.5,False
2172,0.6564575145669143,-0.7593437968206761,2.0,0.5,False
2173,-0.5972496266916801,-0.7915340334279294,2.0,0.5,False
2174,0.9746461721701689,3.8644456681752857,2.0,0.5,False
2175,-1.3783723614544834,-0.845647691417259,2.0,0.5,False
2176,0.9357714177872642,2.658379119833708,2.0,0.5,False
2177,0.2574841116281433,2.255086960234296,2.0,0.5,False
2178,1.6660015337504033,3.6291893785628475,2.0,0.5,False
2179,-1.030814236925909,1.068817823710565,2.0,0.5,False
2180,0.6957035969107702,-0.6797289837721252,2.0,0.5,False
2181,2.102162141151322,4.305793695656542,2.0,0.5,False
2182,-0.13108458682764274,1.6052279713946365,2.0,0.5,False
2183,0.318597905368492,0.4206359487417889,2.0,0.5,False
2184,-1.1282348657311008,-1.5493180177669608,2.0,0.5,False
2185,0.26476599801909,1.4228052050911097,2.0,0.5,False
2186,-0.6486175212395645,-0.5554957698966646,2.0,0.5,False
2187,1.1131966949131948,2.961645908172275,2.0,0.5,False
2188,-0.4554173331791076,-0.0822967839959623,2.0,0.5,False
2189,0.2958030482279928,1.5255588669759226,2.0,0.5,False
2190,0.306709974639011,1.483568549151479,2.0,0.5,False
2191,0.2937580845763598,0.3673352806313086,2.0,0.5,False
2192,-0.29005017538822303,0.1592496937852752,2.0,0.5,False
2193,-0.9416193341010626,1.263417065709674,2.0,0.5,False
2194,-0.14981322554936563,0.9135091263791968,2.0,0.5,False
2195,-0.1189714492645536,1.6336541045482451,2.0,0.5,False
2196,-1.0473767844170334,-2.6484360873646224,2.0,0.5,False
2197,-0.48959268063103484,-0.038551965485322054,2.0,0.5,False
2198,-1.66744543628252,-1.6470560582534368,2.0,0.5,False
2199,0.48780903018967975,1.9818516965310844,2.0,0.5,False
2200,1.664499575141542,3.105898392111577,2.0,0.5,False
2201,1.2952041368021228,1.8987490441040662,2.0,0.5,False
2202,-0.4275569658764182,1.23538448209416,2.0,0.5,False
2203,-0.6782231011216707,0.21317539824398413,2.0,0.5,False
2204,1.6627968771445691,3.588199224105773,2.0,0.5,False
2205,1.5071977980989701,3.1026297080558303,2.0,0.5,False
2206,-0.943375117516686,1.1943453214817776,2.0,0.5,False
2207,1.9219432849549443,3.8484371734698106,2.0,0.5,False
2208,1.0780293995861867,2.4363388360689746,2.0,0.5,False
2209,0.9829648122720778,1.7225844300463853,2.0,0.5,False
2210,0.5824865648898078,1.352345074580977,2.0,0.5,False
2211,1.788395195482483,2.0026207061328027,2.0,0.5,False
2212,2.36280496168801,3.4667649768902056,2.0,0.5,False
2213,-1.1342142514505187,-0.5194232255446802,2.0,0.5,False
2214,1.1195846813040538,2.277145534498304,2.0,0.5,False
2215,-0.9691719580706294,2.1370609181385496,2.0,0.5,False
2216,-0.11315546330190128,2.3419686286400756,2.0,0.5,False
2217,0.5270092196000141,2.8690213490618244,2.0,0.5,False
2218,-0.02575975263207992,1.0649717561120582,2.0,0.5,False
2219,0.08447344274698944,0.5614855392364116,2.0,0.5,False
2220,-0.3081937794969205,0.7048621909018871,2.0,0.5,False
2221,0.5762910796259079,0.8288483463340051,2.0,0.5,False
2222,-0.6094552408388635,3.8297386636095903,2.0,0.5,False
2223,1.58363888394761,2.2514748583147313,2.0,0.5,False
2224,-0.22296960476108033,0.8310364296781465,2.0,0.5,False
2225,0.22874889194250522,1.2283555257537362,2.0,0.5,False
2226,-0.835023911355151,-0.610210520631028,2.0,0.5,False
2227,0.5503030896730444,0.22015509454186427,2.0,0.5,False
2228,0.6012165449147308,0.6383972443589004,2.0,0.5,False
2229,-1.7079758833564138,-0.44152004151403856,2.0,0.5,False
2230,1.163697397328507,2.5889687454280375,2.0,0.5,False
2231,1.043516815838664,2.0545843985074983,2.0,0.5,False
2232,0.5202168883714554,1.3100184125851166,2.0,0.5,False
2233,1.3062089732831983,4.467317064685072,2.0,0.5,False
2234,-0.6435373141589715,0.8102793397359821,2.0,0.5,False
2235,-1.3574503806456575,0.39455609676573744,2.0,0.5,False
2236,0.8321578311917216,3.0584939915635383,2.0,0.5,False
2237,-0.14341331418489145,-0.6056175354263339,2.0,0.5,False
2238,-0.2472308828385978,-0.5149880061534108,2.0,0.5,False
2239,-1.401023130171063,-0.5789099657265637,2.0,0.5,False
2240,-0.12256842113849188,3.2453871987958354,2.0,0.5,False
2241,-0.9583289211336968,-2.7456434634089044,2.0,0.5,False
2242,0.8616452334567442,2.4423597850248333,2.0,0.5,False
2243,0.8570007328800736,0.9048096588562791,2.0,0.5,False
2244,1.0256090471737063,1.1119174913565795,2.0,0.5,False
2245,1.0957032142244387,1.2694439228317256,2.0,0.5,False
2246,-0.8011315376250041,2.4470382241471116,2.0,0.5,False
2247,-1.1660949497686202,0.45361729830849185,2.0,0.5,False
2248,0.42979723534727016,1.1977360249069762,2.0,0.5,False
2249,0.4926881728542104,2.6281131307759757,2.0,0.5,False
2250,0.11461125231428107,0.6896954495540459,2.0,0.5,False
2251,-0.12308920496875146,1.8984044214422244,2.0,0.5,False
2252,0.5187727322808041,2.886697037730106,2.0,0.5,False
2253,1.0761420958002776,2.5708879908954336,2.0,0.5,False
2254,-0.6774195763720801,0.9339640968032848,2.0,0.5,False
2255,-0.9556671934511427,-2.4496345204837366,2.0,0.5,False
2256,-2.164702062268364,-1.0103218524522364,2.0,0.5,False
2257,0.10260955209182743,0.3211788247378622,2.0,0.5,False
2258,0.6007114510467402,1.9965347378280538,2.0,0.5,False
2259,-0.5126089375955762,1.1027700076490146,2.0,0.5,False
2260,0.3359827413780193,0.3651361563918101,2.0,0.5,False
2261,-0.8949867070331426,0.025379289089144275,2.0,0.5,False
2262,1.1378389742167023,0.45973807720189663,2.0,0.5,False
2263,0.13089261180064723,1.4542478728806114,2.0,0.5,False
2264,1.241808241990361,2.380658429781856,2.0,0.5,False
2265,-1.4534541551043696,-2.3081391349799185,2.0,0.5,False
2266,-1.6377135078808496,-1.59730805713839,2.0,0.5,False
2267,1.6549727507675531,4.100505883633662,2.0,0.5,False
2268,1.7243869269254088,3.546168567933214,2.0,0.5,False
2269,1.4713244004815564,4.20974735113226,2.0,0.5,False
2270,-1.5775946167984196,0.48798075480068226,2.0,0.5,False
2271,0.1408105660521229,-0.07198822242759029,2.0,0.5,False
2272,0.9516686749806751,0.2959395560260599,2.0,0.5,False
2273,-0.5034957005478282,0.5841386363818735,2.0,0.5,False
2274,-0.05134439230897805,0.8410161214890042,2.0,0.5,False
2275,1.0783957198204295,1.5598448584163698,2.0,0.5,False
2276,-0.795423539228969,0.3477945359290446,2.0,0.5,False
2277,-2.587192717329604,0.2738648831554227,2.0,0.5,False
2278,-0.01256296523249577,0.5477715203964265,2.0,0.5,False
2279,1.0071378300808744,3.34886162086316,2.0,0.5,False
2280,1.4605232159010273,3.455710108959538,2.0,0.5,False
2281,0.9029996286868617,3.779481300972035,2.0,0.5,False
2282,-0.250388509447932,1.3434573715581224,2.0,0.5,False
2283,0.6818597053740094,4.2401231624909235,2.0,0.5,False
2284,0.7642115562579583,1.3409661709271392,2.0,0.5,False
2285,1.2630078625113144,3.0992056934094316,2.0,0.5,False
2286,-0.2761505014594736,0.05533457176120482,2.0,0.5,False
2287,-0.7430976285834158,0.8194073075120638,2.0,0.5,False
2288,1.3966893209347537,3.078982635865109,2.0,0.5,False
2289,-0.4440772832062808,0.2068174072658212,2.0,0.5,False
2290,0.06011586801385554,1.388545419035412,2.0,0.5,False
2291,-0.9246257436770171,-0.3986535497072873,2.0,0.5,False
2292,-0.9245408867703669,-1.3739894669250388,2.0,0.5,False
2293,2.9438691144058575,3.5135341435968,2.0,0.5,False
2294,-1.0098759645998487,-0.527626053431381,2.0,0.5,False
2295,-1.2797539487296703,-2.227794278392826,2.0,0.5,False
2296,-0.7874309259569456,0.3145771655794152,2.0,0.5,False
2297,-0.3341372842851781,0.24291906741636793,2.0,0.5,False
2298,0.12014587907739523,0.6397772336043301,2.0,0.5,False
2299,-0.4601193569841289,1.1534762234165399,2.0,0.5,False
2300,-0.3322954051061435,-0.7479684349604601,2.0,0.5,False
2301,-0.23437990866153038,1.3068529980933372,2.0,0.5,False
2302,0.7993289127275913,1.4013958967171507,2.0,0.5,False
2303,-1.6375898844871477,0.14481880490452181,2.0,0.5,False
2304,-0.40029256448402617,0.04532804046005523,2.0,0.5,False
2305,0.10167906743144732,3.2669395366617784,2.0,0.5,False
2306,-0.801171647506754,0.08645171050891215,2.0,0.5,False
2307,-0.15561322204736086,0.0025043168483904754,2.0,0.5,False
2308,-0.2977459749602443,0.4693820111021405,2.0,0.5,False
2309,-0.5226726365994447,-1.524519135295722,2.0,0.5,False
2310,-0.3988967815062624,1.4310115194836623,2.0,0.5,False
2311,0.02543451171519776,2.8084782213180937,2.0,0.5,False
2312,-0.8743829394462242,-1.6310036499585474,2.0,0.5,False
2313,1.029368442625535,3.2074628041241238,2.0,0.5,False
2314,-1.3992629366160974,0.8731655984194671,2.0,0.5,False
2315,0.54956839821197,0.025915418295944792,2.0,0.5,False
2316,-0.5740327825521171,-0.5088583866881339,2.0,0.5,False
2317,-0.19567378708385802,0.4802173649692676,2.0,0.5,False
2318,-0.6546992070655099,2.0124331148354333,2.0,0.5,False
2319,-0.6999457872313646,0.06847629741663774,2.0,0.5,False
2320,0.7349429525609195,1.294313125194778,2.0,0.5,False
2321,-0.8532120448003155,1.0815720339552617,2.0,0.5,False
2322,-1.9682093496638915,-0.41304610445146883,2.0,0.5,False
2323,-1.3444040219482274,-1.221749238821027,2.0,0.5,False
2324,0.2944196577826185,0.23973291198523386,2.0,0.5,False
2325,1.4365387460483166,5.187637652499266,2.0,0.5,False
2326,-1.7959735231319818,-0.5891525278896752,2.0,0.5,False
2327,-0.2750727098684603,-0.1307163994396392,2.0,0.5,False
2328,0.6526644900525231,3.691425878308168,2.0,0.5,False
2329,0.4261717870103241,0.6615026666905852,2.0,0.5,False
2330,0.30738969581101727,2.9024360185676246,2.0,0.5,False
2331,-1.3815131829755984,-1.9738857150746172,2.0,0.5,False
2332,0.22900015381177566,3.640964797498077,2.0,0.5,False
2333,0.8531542135625055,1.7380034856099666,2.0,0.5,False
2334,-0.3356056919529697,-0.43492074752352805,2.0,0.5,False
2335,-0.534540729448564,0.6560671231161238,2.0,0.5,False
2336,1.8452203697396334,3.3992217417274326,2.0,0.5,False
2337,0.6100793265918708,1.0467319791739413,2.0,0.5,False
2338,0.4402376232692086,1.5064831958420342,2.0,0.5,False
2339,-1.2508786084305044,-1.4983700450913016,2.0,0.5,False
2340,-1.3131846333952286,-0.24632423556217392,2.0,0.5,False
2341,-0.09669566480137927,1.7961853086112634,2.0,0.5,False
2342,0.6600563323815938,1.2797445450585239,2.0,0.5,False
2343,0.6998845903758318,2.219738984312815,2.0,0.5,False
2344,0.40039775341978934,0.07523176106967644,2.0,0.5,False
2345,0.5154807774890359,0.6708087824131916,2.0,0.5,False
2346,1.0488231964814663,3.2053164088009436,2.0,0.5,False
2347,-0.4038341235135796,0.5280111042172996,2.0,0.5,False
2348,-0.85579517636247,0.21607178139863933,2.0,0.5,False
2349,-1.511620298199828,-1.2320000981588028,2.0,0.5,False
2350,0.5441499331776246,-1.2930758917495073,2.0,0.5,False
2351,1.5011299561572886,1.8737130584424955,2.0,0.5,False
2352,-0.0012674097645188206,-0.07970288730522757,2.0,0.5,False
2353,1.6182999038771295,3.1239033643277634,2.0,0.5,False
2354,0.18368356001930347,-0.6663036702882128,2.0,0.5,False
2355,0.13120330012684062,0.15328809540852673,2.0,0.5,False
2356,-0.37678931477457966,-0.3820041091793904,2.0,0.5,False
2357,-0.6188614762573306,-0.7760010676218388,2.0,0.5,False
2358,-0.6161847315447446,1.237034956477913,2.0,0.5,False
2359,-0.29503694030604766,1.4291210637123766,2.0,0.5,False
2360,-1.1461100824004387,-2.618343624535441,2.0,0.5,False
2361,-0.631402098452345,-0.5297935781296013,2.0,0.5,False
2362,2.0589913888694453,3.664132840566963,2.0,0.5,False
2363,0.7465087475042694,1.3100686758248785,2.0,0.5,False
2364,-0.20397881059539524,1.1522007667779977,2.0,0.5,False
2365,-0.8864774560453167,1.618524381582072,2.0,0.5,False
2366,1.049515272582853,1.2553325642730884,2.0,0.5,False
2367,-1.1899652893610335,-3.8472155136175896,2.0,0.5,False
2368,-0.7391154552782668,0.15194941966680578,2.0,0.5,False
2369,0.3779623434696214,2.824543920231225,2.0,0.5,False
2370,1.2055927094869414,4.0118770344694745,2.0,0.5,False
2371,0.7540654156377962,1.8094027832599102,2.0,0.5,False
2372,0.20082637649895818,1.060506821761622,2.0,0.5,False
2373,-0.04804538984245057,1.3621258971405532,2.0,0.5,False
2374,-0.42076260788834896,0.09248389223053506,2.0,0.5,False
2375,-0.29896962117445086,-0.37476151072170855,2.0,0.5,False
2376,-0.4048085534780907,0.7601808735318061,2.0,0.5,False
2377,0.19589333823341357,0.7486564886098936,2.0,0.5,False
2378,-0.632092120643029,-0.1143232538482794,2.0,0.5,False
2379,1.9729276576259813,5.547327256458735,2.0,0.5,False
2380,-0.5920592100493779,0.899145990462123,2.0,0.5,False
2381,0.31439801598850825,1.2409511564130686,2.0,0.5,False
2382,-2.3336650994139103,-2.4402922789171,2.0,0.5,False
2383,-0.3725041410189263,3.1438091320053303,2.0,0.5,False
2384,-1.613183299808278,-1.5796664323023912,2.0,0.5,False
2385,1.6357460182284957,2.604283202639251,2.0,0.5,False
2386,-0.11644772488222481,-0.005064923517159446,2.0,0.5,False
2387,0.4779998201189927,1.7987279545648385,2.0,0.5,False
2388,-1.0892518783189498,-0.2777061674976321,2.0,0.5,False
2389,1.287103316820224,2.3308468540568796,2.0,0.5,False
2390,0.5271702389378277,1.0304352503765926,2.0,0.5,False
2391,-0.08549582538847209,-1.094678999281135,2.0,0.5,False
2392,-0.8724488266744175,0.17058316131670603,2.0,0.5,False
2393,-1.1439987071055877,0.5366652571291658,2.0,0.5,False
2394,0.7974871073075226,3.0404302544330832,2.0,0.5,False
2395,-0.696140377444274,-1.5273832155677756,2.0,0.5,False
2396,0.7289199215652616,1.7498840303908407,2.0,0.5,False
2397,-0.32715572409359617,-1.1478101395553906,2.0,0.5,False
2398,-0.24669084124388974,1.2380342397628181,2.0,0.5,False
2399,-0.007676934787677459,-0.5917623908359084,2.0,0.5,False
2400,-0.8395973919114695,-1.0609695638392256,2.0,0.5,False
2401,-0.05499076367471726,2.1200265908347466,2.0,0.5,False
2402,0.3769228284867333,2.8366318791506155,2.0,0.5,False
2403,-0.10501437245337118,1.7446067505085594,2.0,0.5,False
2404,1.024265961390834,2.183289744994895,2.0,0.5,False
2405,0.3827329142573181,2.4166064077368445,2.0,0.5,False
2406,-1.2231885332805459,-0.1339951884172858,2.0,0.5,False
2407,0.7489673320654039,1.7576524251847234,2.0,0.5,False
2408,0.8584178388830795,2.7544830246916994,2.0,0.5,False
2409,1.8662229812899531,4.771897868955514,2.0,0.5,False
2410,1.8085908109028308,4.674128809122087,2.0,0.5,False
2411,-0.09594579615678252,1.8337794637803133,2.0,0.5,False
2412,0.5000253357464779,0.2392425776246725,2.0,0.5,False
2413,-0.5510323048630571,0.39247888765406436,2.0,0.5,False
2414,0.47715920500444325,1.6819529522490109,2.0,0.5,False
2415,0.16903050133946448,1.2096621092595905,2.0,0.5,False
2416,0.27476882399678676,2.1938744622486652,2.0,0.5,False
2417,-0.8415785098449905,0.9406351138140949,2.0,0.5,False
2418,-0.7554264165692063,-0.05193769758898659,2.0,0.5,False
2419,1.5402045668215736,5.297449398238309,2.0,0.5,False
2420,0.9234206137744834,2.3448032447045852,2.0,0.5,False
2421,-2.1016149735853142,-1.0793844758760904,2.0,0.5,False
2422,0.2780752262892375,3.475548589953434,2.0,0.5,False
2423,-0.49318491627199496,3.384420108144079,2.0,0.5,False
2424,0.697503927397436,0.8210434814424308,2.0,0.5,False
2425,-0.47494160397632157,1.199525842145779,2.0,0.5,False
2426,0.23619314231127408,1.5357002008623466,2.0,0.5,False
2427,-0.19435627383767826,1.6976757045121305,2.0,0.5,False
2428,0.8350683390275153,1.986095785364367,2.0,0.5,False
2429,-0.9104306498734602,-0.4945043563378264,2.0,0.5,False
2430,-0.5441294769639053,-0.691142827747418,2.0,0.5,False
2431,2.498328703055869,4.331369440184798,2.0,0.5,False
2432,0.17111937518514717,0.8634016155500821,2.0,0.5,False
2433,-0.18676736347768932,3.6617489833375085,2.0,0.5,False
2434,-1.811728738464965,-2.560992814873106,2.0,0.5,False
2435,1.2074071731247291,1.7699118432176655,2.0,0.5,False
2436,1.0863280037756258,1.198564335178038,2.0,0.5,False
2437,-1.1811421743594224,-2.456262365307221,2.0,0.5,False
2438,1.986908864302239,5.69343133321248,2.0,0.5,False
2439,0.5562232373910544,-0.41055786373314473,2.0,0.5,False
2440,0.11511919990016371,3.5408175301729132,2.0,0.5,False
2441,1.6756902129379951,3.22464107820206,2.0,0.5,False
2442,-0.42116475524996694,0.23366447270468238,2.0,0.5,False
2443,-0.8209197643834811,-0.38532337463687316,2.0,0.5,False
2444,-1.5036495056268022,-0.982606770148087,2.0,0.5,False
2445,1.3929444474716595,2.8088660812151387,2.0,0.5,False
2446,-0.24863563003942907,0.3936215138239074,2.0,0.5,False
2447,1.109400902353137,0.31964445264530206,2.0,0.5,False
2448,0.7742966741634794,3.0966762951283733,2.0,0.5,False
2449,0.9042730465754332,2.213853256543922,2.0,0.5,False
2450,-0.06782934692072848,2.182203577513284,2.0,0.5,False
2451,-0.7046702463725941,-0.49115064539021414,2.0,0.5,False
2452,0.962950571564361,3.1434210428728058,2.0,0.5,False
2453,0.2023434228766927,2.1980153182326636,2.0,0.5,False
2454,0.18839996277219007,0.9345729187380832,2.0,0.5,False
2455,-0.0439238167536546,3.980118289572508,2.0,0.5,False
2456,1.1561644663344548,1.786870584585802,2.0,0.5,False
2457,0.9749307229750807,-0.4540553546942441,2.0,0.5,False
2458,0.5705521236467226,3.869043361774048,2.0,0.5,False
2459,0.3410886870712277,3.934393933553097,2.0,0.5,False
2460,-0.4420375786235009,-0.03570739272662343,2.0,0.5,False
2461,-0.854437419751866,2.0780250173401145,2.0,0.5,False
2462,0.017799737635171946,1.9668010302426684,2.0,0.5,False
2463,-0.4682234739654852,1.26035250315435,2.0,0.5,False
2464,-1.5513672827180616,-4.826901423021614,2.0,0.5,False
2465,-1.1902360461295738,0.08884924950824535,2.0,0.5,False
2466,-1.2331146599398335,-3.1577761962747064,2.0,0.5,False
2467,-0.3596773846712098,-1.4688298517577412,2.0,0.5,False
2468,-1.1444875642017822,-0.2845691378676908,2.0,0.5,False
2469,-0.08311827533350126,-0.6819202796597438,2.0,0.5,False
2470,1.387588694913098,1.2132096175833402,2.0,0.5,False
2471,0.9125404335735215,2.9260635495639495,2.0,0.5,False
2472,-1.669034406086362,-2.1584928900268334,2.0,0.5,False
2473,-1.3371700293229944,-2.1836553042634463,2.0,0.5,False
2474,-1.1086030979760368,0.23963885063856377,2.0,0.5,False
2475,0.04413916564018303,2.3995027195710636,2.0,0.5,False
2476,0.17940463315614266,0.09102433258014897,2.0,0.5,False
2477,-0.3909520063854956,0.08323468431220649,2.0,0.5,False
2478,-0.7455758481390947,-1.8743819915707394,2.0,0.5,False
2479,0.8064534772853207,-0.7441784016009558,2.0,0.5,False
2480,0.2781270997565267,2.4425216515268837,2.0,0.5,False
2481,0.8077122609254624,0.19619677936569258,2.0,0.5,False
2482,0.027096425771494796,1.2871067285786641,2.0,0.5,False
2483,1.6281325612310462,2.7655431264304347,2.0,0.5,False
2484,1.0099944349954613,3.8090460496065996,2.0,0.5,False
2485,0.5913338711976887,2.3535519054556056,2.0,0.5,False
2486,-1.0529127185718934,-1.6483434023470585,2.0,0.5,False
2487,0.6815874167699516,2.6145468021903926,2.0,0.5,False
2488,-0.18704948211889977,-0.621112340043007,2.0,0.5,False
2489,3.60582455608911,5.00003315732957,2.0,0.5,False
2490,0.3750719902595179,-0.4221837026484727,2.0,0.5,False
2491,2.208701913998769,0.0628342690597834,2.0,0.5,False
2492,0.6213940139232327,1.8410005505730498,2.0,0.5,False
2493,-0.40092317897071306,-0.9763113596718673,2.0,0.5,False
2494,1.1857979308007274,1.6981720847071013,2.0,0.5,False
2495,1.153551040103057,2.1629613370693734,2.0,0.5,False
2496,-0.6990683765798327,2.4897398728480553,2.0,0.5,False
2497,-1.5568417495927198,-2.534068743839075,2.0,0.5,False
2498,1.129974563061013,-0.3799473558804469,2.0,0.5,False
2499,-0.8267092453265484,0.01447891998893264,2.0,0.5,False
2500,1.6015141410169782,2.753109106996053,2.0,0.5,False
2501,0.5031656848331111,2.7748142954052764,2.0,0.5,False
2502,-1.1647835304587522,-1.0374929993933186,2.0,0.5,False
2503,1.8342911256115533,3.895407832678681,2.0,0.5,False
2504,-0.8604559363189592,-1.0634019822413645,2.0,0.5,False
2505,0.02660011917832073,2.9994620653800914,2.0,0.5,False
2506,0.49775531902693027,2.4977501296868834,2.0,0.5,False
2507,-0.31866584701032974,2.123126384798197,2.0,0.5,False
2508,-0.19578998545827014,3.2197341664848564,2.0,0.5,False
2509,0.5473546448847462,1.1579339224602505,2.0,0.5,False
2510,1.1110433358584582,1.8645136213798366,2.0,0.5,False
2511,0.33806570077098286,0.15089278064528455,2.0,0.5,False
2512,-0.596708942139325,0.7962894457010512,2.0,0.5,False
2513,1.545511662758206,4.899152633717889,2.0,0.5,False
2514,0.891510210890451,2.7421907517152446,2.0,0.5,False
2515,1.0481887919508437,5.581453867620981,2.0,0.5,False
2516,0.3254465773382618,0.49515135815240646,2.0,0.5,False
2517,1.1630414274385648,2.2063155240770485,2.0,0.5,False
2518,0.17026129224026665,1.7417708511884507,2.0,0.5,False
2519,-3.230775084187546,-3.797475906686588,2.0,0.5,False
2520,-0.8750229985608824,1.275080298700019,2.0,0.5,False
2521,-0.44757609650574753,0.4023043514547615,2.0,0.5,False
2522,1.0479871777850727,3.222075152570278,2.0,0.5,False
2523,0.7535192427286729,3.4519968508839107,2.0,0.5,False
2524,1.6544156437972506,3.253007002264095,2.0,0.5,False
2525,0.5588242581833369,2.2254626805522024,2.0,0.5,False
2526,-0.488363525273374,0.2094981755353411,2.0,0.5,False
2527,0.8097632689305342,2.3709547807800155,2.0,0.5,False
2528,-2.6568073185953387,-1.6088566702511613,2.0,0.5,False
2529,-0.9332625438458538,-0.11486426644558975,2.0,0.5,False
2530,0.07920822018144666,1.0676860850533996,2.0,0.5,False
2531,1.5249165882150078,1.3675172068044885,2.0,0.5,False
2532,2.2390848836633777,2.9767380390686036,2.0,0.5,False
2533,0.7508582223375313,0.710467084573508,2.0,0.5,False
2534,-0.6629059726450989,1.5498819808983064,2.0,0.5,False
2535,0.2335584779839248,3.3162615085547023,2.0,0.5,False
2536,1.1835203770776692,3.5723707482435034,2.0,0.5,False
2537,2.0854578761080855,3.4435104053207057,2.0,0.5,False
2538,0.4513527661903268,2.247151048385308,2.0,0.5,False
2539,-1.8974638953510434,-1.6312041562882975,2.0,0.5,False
2540,-0.7810695479994926,-0.3211318414231725,2.0,0.5,False
2541,0.4470765367067219,0.9945800792395013,2.0,0.5,False
2542,-0.0008850163044480344,1.65927715738141,2.0,0.5,False
2543,-0.7440511259741626,2.085989048323375,2.0,0.5,False
2544,2.103728653933024,1.9688736163986194,2.0,0.5,False
2545,-0.5716843295382705,-0.5707563982518415,2.0,0.5,False
2546,1.6091196477537095,3.4704023021445867,2.0,0.5,False
2547,0.6830009699700523,-0.1424202948524933,2.0,0.5,False
2548,0.06425326267726543,3.0085863476536843,2.0,0.5,False
2549,-1.0053533038615667,-0.5011816839864333,2.0,0.5,False
2550,-1.020769429237122,-0.5407024785939134,2.0,0.5,False
2551,0.981699130104138,0.9467365433391179,2.0,0.5,False
2552,-0.05617674427865785,1.3467984650782419,2.0,0.5,False
2553,0.03719288992722471,3.253685629785457,2.0,0.5,False
2554,2.3151469790404726,3.524922829156648,2.0,0.5,False
2555,2.152992295895976,2.6828726987499243,2.0,0.5,False
2556,-1.8062100152008576,1.782548087607775,2.0,0.5,False
2557,1.42466234120734,1.0433395216001873,2.0,0.5,False
2558,-0.6669752064202323,0.9103211763839931,2.0,0.5,False
2559,1.15261909532359,2.99296972509653,2.0,0.5,False
2560,0.7666467423755382,2.266057162358372,2.0,0.5,False
2561,0.5526305575115497,-0.011421310853269473,2.0,0.5,False
2562,-0.20673645187305334,0.3772651157898276,2.0,0.5,False
2563,0.6015750522895452,1.8052973848555314,2.0,0.5,False
2564,-0.26681996356464655,0.5737556730114465,2.0,0.5,False
2565,1.7265301817054466,4.3738048787874435,2.0,0.5,False
2566,-0.1891848608162922,0.2873215322104099,2.0,0.5,False
2567,-1.607806570274072,0.02939117283088738,2.0,0.5,False
2568,0.7071474212794064,0.4183266333684865,2.0,0.5,False
2569,0.2933077916582932,1.2469447115460324,2.0,0.5,False
2570,-0.6196305957374509,0.21223132338985887,2.0,0.5,False
2571,-0.5332690893000336,-0.9413348989816295,2.0,0.5,False
2572,1.1821677810188518,2.114729379152969,2.0,0.5,False
2573,-0.1644699884328034,2.5849667886425514,2.0,0.5,False
2574,0.19371158557447432,2.5723171037674293,2.0,0.5,False
2575,1.1872159222352985,1.8210558916504023,2.0,0.5,False
2576,0.1226113410223141,0.4521400871170289,2.0,0.5,False
2577,0.20431003982461243,2.7404274676177844,2.0,0.5,False
2578,-0.6974696965806516,-1.0102711988952142,2.0,0.5,False
2579,0.00598396081321137,1.6187848245926415,2.0,0.5,False
2580,-1.3757150336975639,-0.47243647146426226,2.0,0.5,False
2581,-0.42054988210632627,1.2185086135398904,2.0,0.5,False
2582,-0.4311165587349182,-0.08572395359484597,2.0,0.5,False
2583,-0.4761165266251634,1.400635792021588,2.0,0.5,False
2584,0.1594874495259757,0.2308704355091099,2.0,0.5,False
2585,-1.397425473831434,-0.6646119564995299,2.0,0.5,False
2586,0.45058881752167323,3.154832241160605,2.0,0.5,False
2587,-0.611460338846619,2.9887598631419148,2.0,0.5,False
2588,0.3188836572341487,0.5632934393467466,2.0,0.5,False
2589,-0.40480740550146777,-0.30855320979937095,2.0,0.5,False
2590,-0.8959146459449011,-1.1830293533655962,2.0,0.5,False
2591,-0.002429643327968759,1.2234118387060438,2.0,0.5,False
2592,1.2898574548875914,1.5355000007016333,2.0,0.5,False
2593,-0.8172939994038396,-1.195235452759223,2.0,0.5,False
2594,0.15469772600129109,0.6198407567094248,2.0,0.5,False
2595,-0.767684320843869,0.632032747139881,2.0,0.5,False
2596,0.1329977246960587,1.082392865501658,2.0,0.5,False
2597,-0.5771783472987008,1.0698804374831148,2.0,0.5,False
2598,1.1185116905692263,2.6142483154926737,2.0,0.5,False
2599,-0.7189871502025383,0.2663790823912936,2.0,0.5,False
2600,-0.6371981951968421,-0.6004369332887329,2.0,0.5,False
2601,-1.406559388245716,-1.1120372022663143,2.0,0.5,False
2602,-0.09728331113424464,0.15844953261547157,2.0,0.5,False
2603,-1.3477201454800192,-2.014431298365255,2.0,0.5,False
2604,-1.2574832659907234,-0.11438704932567578,2.0,0.5,False
2605,1.2400279309962834,1.8083512969506113,2.0,0.5,False
2606,-0.5253420014220457,-0.47040899301859873,2.0,0.5,False
2607,-1.018470349677025,1.2417561845958784,2.0,0.5,False
2608,0.6239881600597115,2.0099497608686656,2.0,0.5,False
2609,0.6832229781494646,2.69373608939216,2.0,0.5,False
2610,-0.575710213331989,-0.2959782354903928,2.0,0.5,False
2611,0.5719840739924473,0.40073564410156703,2.0,0.5,False
2612,0.504000903728509,2.854405312299592,2.0,0.5,False
2613,0.3323230642078419,1.1610547417591621,2.0,0.5,False
2614,0.518112644566136,2.935562766250662,2.0,0.5,False
2615,1.008400710815307,0.6542865099352002,2.0,0.5,False
2616,0.4207232054104821,0.13270781953364202,2.0,0.5,False
2617,0.9952677322679098,4.36655376785666,2.0,0.5,False
2618,-1.0136293430392402,1.6424061326675325,2.0,0.5,False
2619,-0.9919178222695724,-0.19300880775380552,2.0,0.5,False
2620,1.415454201490503,1.967190994532325,2.0,0.5,False
2621,-1.294328283264388,0.008606397416918599,2.0,0.5,False
2622,-0.3293418884313168,1.3938196631154145,2.0,0.5,False
2623,1.074284317614208,3.805918989455046,2.0,0.5,False
2624,1.9622488019555488,2.30294638916825,2.0,0.5,False
2625,-0.1400363802662822,0.675762644431126,2.0,0.5,False
2626,-1.3026858516720636,-1.5583071433363491,2.0,0.5,False
2627,-1.047894648697312,-0.033351784515964766,2.0,0.5,False
2628,0.12360565790207265,-0.31024316886608966,2.0,0.5,False
2629,-0.7031625412530351,-2.178973571175451,2.0,0.5,False
2630,0.8225272858315792,1.6398288827148215,2.0,0.5,False
2631,-0.7477344189775902,-1.280722762702244,2.0,0.5,False
2632,0.5049309797018502,2.833114876295506,2.0,0.5,False
2633,0.2899326041384614,1.2190632755158712,2.0,0.5,False
2634,1.478889711662714,3.438106048136913,2.0,0.5,False
2635,0.054017881687465484,-1.3112121858936252,2.0,0.5,False
2636,-1.37782869752264,0.9485053954226426,2.0,0.5,False
2637,-0.0010002501134933734,0.06550227065576641,2.0,0.5,False
2638,-1.463266507422152,0.26674432130859504,2.0,0.5,False
2639,-0.3197139922983775,1.1409273046610904,2.0,0.5,False
2640,-2.238443547370608,-2.0026775949656996,2.0,0.5,False
2641,0.43938582372358187,1.0534700246864355,2.0,0.5,False
2642,0.8777186445029208,2.1138181446687705,2.0,0.5,False
2643,-1.8291255433449758,0.05198656683251679,2.0,0.5,False
2644,-1.3048541260117652,-1.925587198963966,2.0,0.5,False
2645,-1.1531946064454077,-0.26064154312724575,2.0,0.5,False
2646,0.6653020118701283,-0.4062660943947103,2.0,0.5,False
2647,0.9414044257846,1.2120393179192372,2.0,0.5,False
2648,0.024023880009033324,1.7171849632950529,2.0,0.5,False
2649,-0.5125831379391929,-1.1453297352137009,2.0,0.5,False
2650,-0.3199168041840646,1.2112538689729822,2.0,0.5,False
2651,0.012231753436878543,-1.2843944573588761,2.0,0.5,False
2652,0.43101774584309416,0.3617063758618433,2.0,0.5,False
2653,0.3091804119731816,2.734128876990629,2.0,0.5,False
2654,0.18031122540899508,3.0442576331147118,2.0,0.5,False
2655,-0.3281849660166982,0.16638199390822078,2.0,0.5,False
2656,0.15905532549522391,0.6186224812744237,2.0,0.5,False
2657,-0.12896183495226088,-0.487565315707567,2.0,0.5,False
2658,0.9465850964568547,2.9690745334167516,2.0,0.5,False
2659,-0.4953190628183183,-2.1224724578702188,2.0,0.5,False
2660,-0.1380817330295028,3.002791533367904,2.0,0.5,False
2661,0.5474914109929775,0.6582263808673583,2.0,0.5,False
2662,2.024043728618826,5.151733512861443,2.0,0.5,False
2663,0.8046562994793935,1.6310090854804495,2.0,0.5,False
2664,1.6135130645702278,2.7402849406327117,2.0,0.5,False
2665,0.9214810278971124,1.9009431280651647,2.0,0.5,False
2666,0.4418663433696318,1.574280929999329,2.0,0.5,False
2667,0.6278022780883893,0.3685162318308671,2.0,0.5,False
2668,0.5073915457386204,2.7431458192379843,2.0,0.5,False
2669,-0.7826210799194856,-0.4024255027671923,2.0,0.5,False
2670,-1.3716742453624164,-1.0343710962836952,2.0,0.5,False
2671,1.6527656867743152,4.433493040890312,2.0,0.5,False
2672,-0.28588842581554047,-0.4073252971263876,2.0,0.5,False
2673,-0.29309730112453053,-1.0013848706800914,2.0,0.5,False
2674,-1.2095608155129463,0.7194168850174774,2.0,0.5,False
2675,-0.4003976183902237,0.3391395491430269,2.0,0.5,False
2676,-0.004581389623899284,0.5672998004049443,2.0,0.5,False
2677,-0.5478301889080237,0.7845300884683744,2.0,0.5,False
2678,0.571258583809441,0.0035468956147097774,2.0,0.5,False
2679,1.2698536952256494,1.7600517225705792,2.0,0.5,False
2680,1.5325466216152932,2.6482422623584805,2.0,0.5,False
2681,-0.19936388842510738,0.6067808003314619,2.0,0.5,False
2682,-0.3525232104380773,1.4622054227037076,2.0,0.5,False
2683,-2.5712192965511234,-2.7391836149135864,2.0,0.5,False
2684,-1.190924511072116,-0.6738606788834782,2.0,0.5,False
2685,1.2103288423855163,3.0616942800024267,2.0,0.5,False
2686,0.828343430807744,2.1630083590676534,2.0,0.5,False
2687,1.2844011766100216,1.1752664208114065,2.0,0.5,False
2688,-0.6651449130081817,1.236159055677146,2.0,0.5,False
2689,-0.6494548922050724,-0.30093505097724627,2.0,0.5,False
2690,-0.0010740607845706625,1.4601189358300606,2.0,0.5,False
2691,-0.16301794631116315,-0.8624045955236007,2.0,0.5,False
2692,-0.9451329543692295,-0.47584609494789354,2.0,0.5,False
2693,-0.36753608890275274,0.145480287552205,2.0,0.5,False
2694,-0.278539495821871,0.41567490111927596,2.0,0.5,False
2695,1.3676407865046647,5.271370882778313,2.0,0.5,False
2696,-1.6313685278336627,-1.4945396497241275,2.0,0.5,False
2697,2.0646458861215997,4.4943765086666065,2.0,0.5,False
2698,-0.3910906666330472,-2.4865764889422843,2.0,0.5,False
2699,0.9859625355071688,2.328307219161643,2.0,0.5,False
2700,-0.39740105198643466,-1.4627365463819921,2.0,0.5,False
2701,0.20765377571702187,0.3955152315724055,2.0,0.5,False
2702,-0.9818533910661653,-1.5931865602077484,2.0,0.5,False
2703,-0.5293721299435258,1.6393314617621288,2.0,0.5,False
2704,1.71384244418802,2.5682912586620477,2.0,0.5,False
2705,0.26379492063223864,1.6574629203881266,2.0,0.5,False
2706,-0.8171081913692941,0.9437170098285935,2.0,0.5,False
2707,-1.4301987157249223,-1.7534567709216717,2.0,0.5,False
2708,-1.1335132848011553,-1.045732070503083,2.0,0.5,False
2709,-1.8362445915320533,-1.9639698969274435,2.0,0.5,False
2710,-1.0999977597335377,1.766904995306715,2.0,0.5,False
2711,1.010931660222978,2.1524547611772844,2.0,0.5,False
2712,1.02791935836693,1.5695389324910782,2.0,0.5,False
2713,1.4821187217678105,2.349061573970115,2.0,0.5,False
2714,1.183025804647278,4.731144116975318,2.0,0.5,False
2715,0.8708813136764603,1.6296548326220566,2.0,0.5,False
2716,-0.8604672395764791,-2.905958734420536,2.0,0.5,False
2717,-0.5284244735153464,-1.2365131059396761,2.0,0.5,False
2718,-1.714719427720377,-0.539564516667224,2.0,0.5,False
2719,-1.4732219055710492,-1.6845399581538376,2.0,0.5,False
2720,1.5179070847478042,2.1274672674713626,2.0,0.5,False
2721,-0.13975237653822067,-0.7413641232124601,2.0,0.5,False
2722,0.06700569272020844,3.302203029316402,2.0,0.5,False
2723,-0.3332138669133596,0.5874033797660158,2.0,0.5,False
2724,-0.10451628184504792,-0.9103797521817141,2.0,0.5,False
2725,1.1713428428347887,1.4356720762194195,2.0,0.5,False
2726,0.9145021294264248,2.653859441893043,2.0,0.5,False
2727,0.5770408710787521,3.576239994151839,2.0,0.5,False
2728,-0.45290971068020147,0.1263535893805204,2.0,0.5,False
2729,-0.8575861549034596,0.5884381395018303,2.0,0.5,False
2730,-1.7301579460572383,0.7116225337622628,2.0,0.5,False
2731,-0.03137829247440983,0.460716006297878,2.0,0.5,False
2732,0.3875287274471061,2.2658662923031923,2.0,0.5,False
2733,1.1258765665769266,1.8429740221218993,2.0,0.5,False
2734,-0.286632542971663,-0.2312409649426337,2.0,0.5,False
2735,-0.8724304485091836,-1.8602579756206343,2.0,0.5,False
2736,-0.5100492765263688,1.539369349564375,2.0,0.5,False
2737,0.8954930563472437,3.8286328319101495,2.0,0.5,False
2738,-1.83615958332684,-3.1490984126080304,2.0,0.5,False
2739,-0.6155585185906959,0.8533802392050269,2.0,0.5,False
2740,-0.21926588338725886,1.8271473014532718,2.0,0.5,False
2741,0.48359186855571246,1.4578246415408793,2.0,0.5,False
2742,1.8403796265948922,3.318148645855991,2.0,0.5,False
2743,1.5238905611537037,2.9952637617437325,2.0,0.5,False
2744,1.1121499433600557,1.7280880281621678,2.0,0.5,False
2745,-1.49038879419696,-1.1517896859531962,2.0,0.5,False
2746,-3.059990585981715,-4.712495515889939,2.0,0.5,False
2747,-0.145303206527283,-0.08124451450844594,2.0,0.5,False
2748,3.3161568298373743,3.8803587115433666,2.0,0.5,False
2749,-0.06143244350069695,1.2231421267439462,2.0,0.5,False
2750,-0.9658634149666895,-1.1171736752915407,2.0,0.5,False
2751,-1.4737755752047914,-1.5803633296792483,2.0,0.5,False
2752,0.7066071273545272,3.0838070951775958,2.0,0.5,False
2753,-1.6915945974995874,-1.6860983974583879,2.0,0.5,False
2754,1.3805715520260242,3.6260293190514457,2.0,0.5,False
2755,-3.024510841674509,-5.423131313130551,2.0,0.5,False
2756,-1.173605952486275,0.7573570234861221,2.0,0.5,False
2757,0.8949698435734655,3.1579358544418024,2.0,0.5,False
2758,-1.0267740193044277,-0.9353595033696924,2.0,0.5,False
2759,-0.00443243486871533,0.6216113317042082,2.0,0.5,False
2760,0.21659441293396878,2.4048940579092473,2.0,0.5,False
2761,-0.19077668544393792,2.1405680331170824,2.0,0.5,False
2762,-1.8690005097758584,2.8330987677278427,2.0,0.5,False
2763,1.3204836929090926,1.8202851434947962,2.0,0.5,False
2764,-0.00442985258028341,1.2440127275288997,2.0,0.5,False
2765,1.6432615401380781,4.134686492536963,2.0,0.5,False
2766,-0.5469814466413854,0.18976150069502995,2.0,0.5,False
2767,0.8706567758116328,1.2265688066738032,2.0,0.5,False
2768,-0.8759490630190917,1.068449154806939,2.0,0.5,False
2769,1.3036043324924134,3.428432531404388,2.0,0.5,False
2770,1.5196478269589841,4.513596119027211,2.0,0.5,False
2771,1.5841574225513189,2.1085084183446563,2.0,0.5,False
2772,-2.767960417210758,-4.514378549524384,2.0,0.5,False
2773,1.9155976337674203,2.6134734890619145,2.0,0.5,False
2774,-0.27933444937335683,0.7242559053558839,2.0,0.5,False
2775,0.09260188020841705,2.667663281541792,2.0,0.5,False
2776,-1.3789342670750295,0.645729401347374,2.0,0.5,False
2777,-0.06849327322979677,2.237039719947907,2.0,0.5,False
2778,0.21666211843353209,2.0150324240407085,2.0,0.5,False
2779,-0.9777457597822047,1.5601184101406076,2.0,0.5,False
2780,-1.229380550792405,-2.6901690680392703,2.0,0.5,False
2781,-2.1259846046411304,-1.89963986104175,2.0,0.5,False
2782,-0.9120667599987089,-0.20797086088170214,2.0,0.5,False
2783,0.03964019698208431,0.6632652631185989,2.0,0.5,False
2784,-1.0362862236638113,-0.03422429758988088,2.0,0.5,False
2785,-0.07097474166198035,2.5025453512808022,2.0,0.5,False
2786,0.10894560150322331,2.8211025497394027,2.0,0.5,False
2787,2.47764381697089,3.894858460827035,2.0,0.5,False
2788,-0.23501163919900736,0.8124800556625484,2.0,0.5,False
2789,-2.970621805071795,-3.46263423794714,2.0,0.5,False
2790,-0.22864639740386436,-0.5700455913049942,2.0,0.5,False
2791,0.9927776490858655,2.271497145355025,2.0,0.5,False
2792,-0.22141625476725374,1.377881748601229,2.0,0.5,False
2793,-0.3002557004385571,1.6818732959734666,2.0,0.5,False
2794,-1.4918577327508027,-3.101306308595058,2.0,0.5,False
2795,-1.9063085414770413,-2.7755057319731566,2.0,0.5,False
2796,-0.6027030108704383,-0.9540476701363838,2.0,0.5,False
2797,0.19363330386342914,2.4780540082004263,2.0,0.5,False
2798,0.5249482920097666,1.0002882573858167,2.0,0.5,False
2799,1.687144535480598,2.339926382142403,2.0,0.5,False
2800,-0.15473265203779332,0.4820739397892868,2.0,0.5,False
2801,0.19148002015237528,1.9459132890480382,2.0,0.5,False
2802,1.3917493772188592,4.377703871127846,2.0,0.5,False
2803,-1.7112036655619778,-2.4020193632493134,2.0,0.5,False
2804,0.3555020056017972,1.4265100205708348,2.0,0.5,False
2805,1.1345624997311472,3.638955225948093,2.0,0.5,False
2806,-0.39527167061682056,-1.609928021596042,2.0,0.5,False
2807,0.30525223437304044,1.7178235359807796,2.0,0.5,False
2808,-0.37832770503133617,-0.13564917163744722,2.0,0.5,False
2809,0.5789849625169116,1.0043459627737126,2.0,0.5,False
2810,-1.4604403325711859,-1.3705803700778816,2.0,0.5,False
2811,-0.7413202672720458,-1.4952904079948133,2.0,0.5,False
2812,-0.5862378352312466,-0.39616959689337894,2.0,0.5,False
2813,0.0657418712792296,4.324622570017312,2.0,0.5,False
2814,2.136301902022733,5.761474822496239,2.0,0.5,False
2815,-0.5326026690084666,-0.8101140173405798,2.0,0.5,False
2816,-2.7696435455824875,-3.852757839809585,2.0,0.5,False
2817,0.18049540612384882,1.280196040231146,2.0,0.5,False
2818,-0.4513297352332595,1.033326037525489,2.0,0.5,False
2819,-0.11044543268946475,0.5893204376153882,2.0,0.5,False
2820,0.5080110617138518,0.3864824920714107,2.0,0.5,False
2821,-1.4005414073066973,-1.3819278032795341,2.0,0.5,False
2822,2.0646545355618624,4.1574718612461865,2.0,0.5,False
2823,-0.5706567168974158,1.4550978509216501,2.0,0.5,False
2824,-0.2985603558418546,0.43524398113649115,2.0,0.5,False
2825,0.22251828513283617,0.368745625945182,2.0,0.5,False
2826,0.4033147805069343,0.8929664834851341,2.0,0.5,False
2827,0.26514286241492663,2.8520240793126046,2.0,0.5,False
2828,-0.617963177795048,1.0674531930967865,2.0,0.5,False
2829,-1.0851242559096124,-0.4052311487366213,2.0,0.5,False
2830,0.39566172518257253,1.5512559862817716,2.0,0.5,False
2831,-0.6110187738405151,2.189802300796711,2.0,0.5,False
2832,-0.5529581141318936,-0.13484854530120577,2.0,0.5,False
2833,-0.2861448711846573,0.16313717008493678,2.0,0.5,False
2834,0.5057909662304743,2.02167758856657,2.0,0.5,False
2835,1.8082263203949132,2.4503001516666574,2.0,0.5,False
2836,1.355690045256911,2.947524124896827,2.0,0.5,False
2837,0.6437991764068621,3.8927103970121433,2.0,0.5,False
2838,1.3423464463304728,1.8188759044636709,2.0,0.5,False
2839,0.06619380223916561,2.5759163979783755,2.0,0.5,False
2840,-1.8106236216052685,0.19188239434301077,2.0,0.5,False
2841,2.433704903692226,3.510788653799959,2.0,0.5,False
2842,-0.5746625951187432,1.1240410511732262,2.0,0.5,False
2843,0.4061618634025347,0.7137381292344803,2.0,0.5,False
2844,0.5800940684768118,2.6401678281132774,2.0,0.5,False
2845,-0.3630676981582587,1.1692241403697672,2.0,0.5,False
2846,0.8530769825571249,1.1720021766120678,2.0,0.5,False
2847,-1.4946392387130827,0.0778101103228539,2.0,0.5,False
2848,-2.421866961807513,-1.4684528637156613,2.0,0.5,False
2849,-0.18094225818263837,2.0009432106435243,2.0,0.5,False
2850,0.2996813978105297,-1.0475112536067224,2.0,0.5,False
2851,-0.10792757341505525,1.4249030558658422,2.0,0.5,False
2852,0.5642641671667867,2.190062562373729,2.0,0.5,False
2853,0.8254726587800775,2.9917062324521777,2.0,0.5,False
2854,-0.530038910607681,-0.005828073630453234,2.0,0.5,False
2855,-0.7194664975944687,-0.49861452026569264,2.0,0.5,False
2856,-0.5233112491933877,1.421492064213462,2.0,0.5,False
2857,0.662341510607075,1.4328816675956821,2.0,0.5,False
2858,0.8497901927213141,2.9902374744422784,2.0,0.5,False
2859,0.5185705086889473,1.991831688906662,2.0,0.5,False
2860,0.08090155344886167,3.311375564628924,2.0,0.5,False
2861,-1.8988200889439597,-1.0947026203249015,2.0,0.5,False
2862,-1.6465839586693252,-0.033696074073848364,2.0,0.5,False
2863,-2.027871881292258,-2.0314705979741854,2.0,0.5,False
2864,-1.2089790201366901,1.0245837813487624,2.0,0.5,False
2865,1.0004775725664607,1.5584566534426108,2.0,0.5,False
2866,0.9246468799117626,3.508680965983949,2.0,0.5,False
2867,0.5160279157785915,3.093495489185534,2.0,0.5,False
2868,-0.5156552493451529,-1.5544261009829614,2.0,0.5,False
2869,-0.4275639641234554,-0.28405957804983295,2.0,0.5,False
2870,-1.944604929040958,-2.433175785164387,2.0,0.5,False
2871,-1.3758921779038011,-0.5676203537173847,2.0,0.5,False
2872,0.6740074430872118,2.7064566229233096,2.0,0.5,False
2873,0.41466648646831017,1.750626154279513,2.0,0.5,False
2874,-0.1731473867519595,0.6788304551228885,2.0,0.5,False
2875,-2.2863129530401425,-1.536281159384403,2.0,0.5,False
2876,-2.012970639203449,0.9983699788363665,2.0,0.5,False
2877,0.20276920450097966,0.556727999110618,2.0,0.5,False
2878,-0.7877131724197818,0.6144092235872358,2.0,0.5,False
2879,-0.5680145548176735,0.35645289189116625,2.0,0.5,False
2880,0.9459363128416961,1.3191153547411656,2.0,0.5,False
2881,-0.7121699164993488,-0.8318069399516099,2.0,0.5,False
2882,-0.897665598804033,1.2165170524996844,2.0,0.5,False
2883,-1.0271131156015334,-1.0315723883443182,2.0,0.5,False
2884,0.8478619145726056,1.05795185124625,2.0,0.5,False
2885,-0.12498592121577362,1.763296986710754,2.0,0.5,False
2886,2.0087469027009637,2.732329985198233,2.0,0.5,False
2887,-0.7217463698029141,1.5443933113675663,2.0,0.5,False
2888,0.2818508038036834,2.6734953818096328,2.0,0.5,False
2889,0.7822965541059833,1.9587872129381525,2.0,0.5,False
2890,1.5597591710742345,2.7684123407499834,2.0,0.5,False
2891,-1.3912746901260467,2.4091376424598776,2.0,0.5,False
2892,-0.9570028487942482,-0.1385828846032694,2.0,0.5,False
2893,-0.0795915229441981,-0.6093448135918167,2.0,0.5,False
2894,0.02590777110598528,1.2834647556713978,2.0,0.5,False
2895,0.130030955046552,0.07358975921927113,2.0,0.5,False
2896,1.6655186755971667,1.9086795698127124,2.0,0.5,False
2897,1.7508488321492457,5.464735915299338,2.0,0.5,False
2898,0.555641372771768,1.9080986188290463,2.0,0.5,False
2899,1.5500101369508925,1.4728397345677462,2.0,0.5,False
2900,0.7202797116884583,2.0763599995547253,2.0,0.5,False
2901,0.25054123224375485,-1.259628654203202,2.0,0.5,False
2902,-0.07628630987403785,-0.08320111404391473,2.0,0.5,False
2903,-2.9234041686940024,-3.1152078606140443,2.0,0.5,False
2904,-0.8840518152382847,-0.4316349803663564,2.0,0.5,False
2905,-0.6964317255780846,-1.826387172366904,2.0,0.5,False
2906,-0.371674771518478,0.149530370001715,2.0,0.5,False
2907,-0.5780820970895114,-0.273120371961315,2.0,0.5,False
2908,0.912444501908089,0.8939597043754272,2.0,0.5,False
2909,-0.992625349782818,-1.1011976137958244,2.0,0.5,False
2910,1.1780378305519432,2.8220174715785893,2.0,0.5,False
2911,0.970522209737748,-0.39785318183221996,2.0,0.5,False
2912,1.4866022500620197,2.272846597074865,2.0,0.5,False
2913,-0.47647348388742483,-0.3023981712632945,2.0,0.5,False
2914,-0.10841809311008455,0.5252769727488231,2.0,0.5,False
2915,0.7200466681389053,1.999106693586215,2.0,0.5,False
2916,0.7341133316124758,0.8110017946056536,2.0,0.5,False
2917,-1.8739902000724669,0.7596093555974777,2.0,0.5,False
2918,0.11417610868316942,0.5173642509524943,2.0,0.5,False
2919,0.555506478407107,1.9646418211251184,2.0,0.5,False
2920,0.22352688173501234,3.5683422191943137,2.0,0.5,False
2921,-1.729642555484554,-1.3766131602481524,2.0,0.5,False
2922,-0.3253119610016614,0.03480342154361654,2.0,0.5,False
2923,0.0912806047758875,3.3943408751672304,2.0,0.5,False
2924,-0.2625298603077506,1.4553486875334085,2.0,0.5,False
2925,0.2966532767708292,0.9870674822914798,2.0,0.5,False
2926,-0.9139957921236419,2.236048887626723,2.0,0.5,False
2927,-0.21541201995983972,-0.18562199965631207,2.0,0.5,False
2928,-0.7285836892325723,-2.6747443666288615,2.0,0.5,False
2929,0.40689052524983926,0.7598995281040581,2.0,0.5,False
2930,1.681259795709333,2.8893283424149185,2.0,0.5,False
2931,-0.2892731791820846,-1.7017377848918855,2.0,0.5,False
2932,-1.224397837462956,0.35088785856027177,2.0,0.5,False
2933,0.3641595254596416,1.891984685245711,2.0,0.5,False
2934,-1.0212473328993932,-0.17580276637316927,2.0,0.5,False
2935,-0.27026592291311,1.5786577110695017,2.0,0.5,False
2936,-0.965382080601974,-1.3767270600283548,2.0,0.5,False
2937,0.5085689192702094,2.205076310306342,2.0,0.5,False
2938,-0.336884951248316,0.912766186227481,2.0,0.5,False
2939,0.8612849206168823,3.920338976024201,2.0,0.5,False
2940,-0.15526814825397234,-0.9234446513707719,2.0,0.5,False
2941,2.719536155068172,4.683102590501861,2.0,0.5,False
2942,0.8090923613852546,1.692490148947713,2.0,0.5,False
2943,0.6907475689670559,1.130956134302448,2.0,0.5,False
2944,1.4111634488988858,1.0180315764943968,2.0,0.5,False
2945,-0.22468427189432805,0.2668863071029167,2.0,0.5,False
2946,-0.781800562155116,0.1265071319234435,2.0,0.5,False
2947,-0.5948053422494486,1.393137447656707,2.0,0.5,False
2948,0.3456781337013655,3.0659351992320105,2.0,0.5,False
2949,-0.4908826864485197,-0.7463618762021371,2.0,0.5,False
2950,-0.5361858677649537,-0.025093950580118596,2.0,0.5,False
2951,0.0070703981421349,0.805086005746461,2.0,0.5,False
2952,-1.4485506744264511,-2.7201806432368696,2.0,0.5,False
2953,0.8746094067096533,1.9992263232480616,2.0,0.5,False
2954,0.5066552683492549,2.4082829285352836,2.0,0.5,False
2955,-0.5576998711849013,-0.14976341353753966,2.0,0.5,False
2956,-0.6671742629505064,1.442040850760077,2.0,0.5,False
2957,-0.9505889314448278,-0.6703877729995504,2.0,0.5,False
2958,-0.9957261267408823,0.4085613359817444,2.0,0.5,False
2959,-0.20218686354023668,2.5651878824816046,2.0,0.5,False
2960,0.04595207198649963,0.6204161600203895,2.0,0.5,False
2961,-0.09322276805029352,2.841267043020914,2.0,0.5,False
2962,0.9337312892731376,1.1273597543074931,2.0,0.5,False
2963,-0.37283374004990716,-0.04686677170157405,2.0,0.5,False
2964,0.8993145126205692,1.091799513867732,2.0,0.5,False
2965,-0.13354036682650844,1.1425440211971156,2.0,0.5,False
2966,-0.8608861414534551,-2.059563896463069,2.0,0.5,False
2967,-0.4094231249852532,0.21117849687315848,2.0,0.5,False
2968,-0.6195726492016995,-1.240648900331462,2.0,0.5,False
2969,0.05353013893924672,0.7915427181695412,2.0,0.5,False
2970,-0.7453858624203468,0.20570029244533844,2.0,0.5,False
2971,-1.4814057228880844,-0.9828145325120017,2.0,0.5,False
2972,-0.2244121999072047,1.6892382228329343,2.0,0.5,False
2973,0.5455142974819924,0.7984027874475936,2.0,0.5,False
2974,1.6051573454523829,2.935259354766502,2.0,0.5,False
2975,0.25441139397554136,1.5520951003439196,2.0,0.5,False
2976,-1.4113010606626084,1.0103814493070482,2.0,0.5,False
2977,-0.8628826493885566,1.155737341910857,2.0,0.5,False
2978,-0.5004179612544192,3.077954697745683,2.0,0.5,False
2979,-1.5051019395698222,-1.4217836841884508,2.0,0.5,False
2980,0.4220802592675865,3.098715002499951,2.0,0.5,False
2981,-0.6198688166430977,0.8139643708259752,2.0,0.5,False
2982,-1.270932510317338,-3.095859731351508,2.0,0.5,False
2983,0.5284698832377115,3.8902310418479846,2.0,0.5,False
2984,1.4047716987479237,5.134457618194618,2.0,0.5,False
2985,-1.5162687535602153,-2.4708699720577907,2.0,0.5,False
2986,0.7991147761002757,2.2300290841695984,2.0,0.5,False
2987,-0.6494839224749909,-1.7235330901689734,2.0,0.5,False
2988,-0.0911049420546525,1.5592553088412964,2.0,0.5,False
2989,-0.009723042240847692,1.531458429253247,2.0,0.5,False
2990,-0.7089509040671195,0.10836501466828909,2.0,0.5,False
2991,-0.13951527896778584,1.5802551615548772,2.0,0.5,False
2992,1.5207378475962745,1.160842440712327,2.0,0.5,False
2993,0.43470353261546757,1.5738309024418855,2.0,0.5,False
2994,0.6255347264272498,1.2220503068509243,2.0,0.5,False
2995,-0.0031614248904962244,1.6199237191186948,2.0,0.5,False
2996,-0.8211713073767859,-0.3703907113542444,2.0,0.5,False
2997,0.8587594625909539,0.8682862060571642,2.0,0.5,False
2998,-0.9347134203792208,-3.171611288163688,2.0,0.5,False
2999,0.6533867774173953,1.6339483621797095,2.0,0.5,False
3000,0.006928179226713548,1.154323326831753,2.0,0.5,False
3001,-0.2939632752406924,1.5665044188020114,2.0,0.5,False
3002,0.15305270894308753,-0.4041991158631286,2.0,0.5,False
3003,-0.42917509540389465,1.8540726552209117,2.0,0.5,False
3004,0.7473011774889662,1.6531924512847627,2.0,0.5,False
3005,-0.23352282575664352,1.0954807492145504,2.0,0.5,False
3006,0.4143888586525872,0.580988219710983,2.0,0.5,False
3007,0.7793754826890029,0.9966863754009286,2.0,0.5,False
3008,0.39137303633206544,2.7030909400036096,2.0,0.5,False
3009,-1.1736846473036493,-1.0903901039979862,2.0,0.5,False
3010,0.29411442773815216,1.8950639076049585,2.0,0.5,False
3011,-1.7898394915678406,0.9782427892076091,2.0,0.5,False
3012,-0.6750901447905014,-1.3804834706707196,2.0,0.5,False
3013,-1.7306523591435898,-2.4471579506978536,2.0,0.5,False
3014,0.46635629038918447,1.9386570744949856,2.0,0.5,False
3015,-1.9580465629893264,-3.5916240380025295,2.0,0.5,False
3016,-1.236472814747931,-0.14948497538410072,2.0,0.5,False
3017,-0.4920475368506918,-1.616361249021998,2.0,0.5,False
3018,-0.34253275521225207,0.1893679303782354,2.0,0.5,False
3019,-1.778287440935769,-1.806901149269932,2.0,0.5,False
3020,-2.2867850175812774,-3.311259358817624,2.0,0.5,False
3021,-0.46170741873065896,2.0011016798587757,2.0,0.5,False
3022,0.837998238569413,1.3593406981691383,2.0,0.5,False
3023,-1.2728757878508101,2.4931950775977176,2.0,0.5,False
3024,-0.20598183115942825,-0.17217831950951323,2.0,0.5,False
3025,2.6228320781426433,4.582094405736536,2.0,0.5,False
3026,-0.08951443034048948,-1.243068301317971,2.0,0.5,False
3027,-2.3242443509927306,-0.5914921777338964,2.0,0.5,False
3028,1.5652409067808526,4.1763233144304905,2.0,0.5,False
3029,0.7231406163706392,0.5568797075222773,2.0,0.5,False
3030,-0.7009208985255232,1.564336863762782,2.0,0.5,False
3031,-1.00195972273949,-1.0922006235327943,2.0,0.5,False
3032,-0.417007169848173,0.3090233561571234,2.0,0.5,False
3033,0.2741492224528228,2.352149283373659,2.0,0.5,False
3034,-0.8461397225098359,-4.0531025718675115,2.0,0.5,False
3035,0.6957370552149158,3.617927499613563,2.0,0.5,False
3036,1.3842838810693017,0.6849125537507963,2.0,0.5,False
3037,0.5762926845404387,-0.6359772220036919,2.0,0.5,False
3038,-0.8834680000104352,-0.07862894917146745,2.0,0.5,False
3039,0.049166042265095994,0.7769805610700434,2.0,0.5,False
3040,0.0658962970733396,3.0494699517089083,2.0,0.5,False
3041,1.3694526620566903,2.7509543926320768,2.0,0.5,False
3042,-0.7989753974368369,1.3831066745654188,2.0,0.5,False
3043,-0.5662617224652421,3.481344617063634,2.0,0.5,False
3044,-1.4548676832475738,0.37838311207797437,2.0,0.5,False
3045,0.6077235170412315,2.378098454824212,2.0,0.5,False
3046,-0.45605308603087796,-0.5115779654724728,2.0,0.5,False
3047,0.7953198736312767,2.1565738206712686,2.0,0.5,False
3048,-0.8802554613696889,-0.4009976131888686,2.0,0.5,False
3049,0.15930041602344638,0.8917426222978853,2.0,0.5,False
3050,-0.012119000380166904,1.5768259697979157,2.0,0.5,False
3051,-0.5266141897598722,-0.339677102945943,2.0,0.5,False
3052,-0.04678447598840775,-0.17246228375228645,2.0,0.5,False
3053,1.0712333549525117,0.27353571835048296,2.0,0.5,False
3054,-2.0703810365471487,-2.5908011041969647,2.0,0.5,False
3055,-0.1309945803759729,2.7770499067876657,2.0,0.5,False
3056,-0.060297935068564276,0.6912618005366573,2.0,0.5,False
3057,0.9978770178431099,3.1109346678738055,2.0,0.5,False
3058,0.8561826265443554,0.9332144980524584,2.0,0.5,False
3059,-0.19777107912602496,0.9717358104886165,2.0,0.5,False
3060,-1.1762808813170047,1.9693538190124376,2.0,0.5,False
3061,0.013262479146200377,1.7349490348234429,2.0,0.5,False
3062,-1.2594781646444582,-0.023547377126136193,2.0,0.5,False
3063,-2.020437334371886,-0.7496943659224528,2.0,0.5,False
3064,0.39030150815492604,2.4153737886145397,2.0,0.5,False
3065,-0.6756608190309599,-0.04228624633053146,2.0,0.5,False
3066,-0.2559235914132171,0.5121404893522836,2.0,0.5,False
3067,1.9899066930266942,3.3972913210056093,2.0,0.5,False
3068,-1.3310812403944754,-1.6485533263050276,2.0,0.5,False
3069,0.7979657539970765,1.001351263526223,2.0,0.5,False
3070,1.0130863007887694,1.2417162189950557,2.0,0.5,False
3071,-0.14387788832408976,1.5864211591907553,2.0,0.5,False
3072,-0.10731927859738664,0.977491882535478,2.0,0.5,False
3073,-0.5564466226352444,-2.208962637623262,2.0,0.5,False
3074,0.38591138837331845,2.1267198071254967,2.0,0.5,False
3075,0.1665837111629519,0.08704964536735438,2.0,0.5,False
3076,-1.0790968985345366,-0.370525812419779,2.0,0.5,False
3077,-0.7497374864530115,1.5150586266317867,2.0,0.5,False
3078,-0.14841980744180244,2.1796192511125527,2.0,0.5,False
3079,-1.7917528966245406,-2.039971120145359,2.0,0.5,False
3080,-1.5492486096114508,-1.2707131225825459,2.0,0.5,False
3081,0.7380769839185787,3.1746214769715153,2.0,0.5,False
3082,1.118522816428899,4.980469281119304,2.0,0.5,False
3083,1.287123815657363,1.5270927123750453,2.0,0.5,False
3084,0.3995732533530804,-0.6299764810153563,2.0,0.5,False
3085,-2.037743401666227,-1.989126924436077,2.0,0.5,False
3086,1.0089873128812101,2.200165772594693,2.0,0.5,False
3087,0.7374503138869071,0.135095840805448,2.0,0.5,False
3088,0.6288517302444823,3.4705252715349615,2.0,0.5,False
3089,0.39002664856266184,2.741340533602083,2.0,0.5,False
3090,-0.3514254202130689,1.1148556601256185,2.0,0.5,False
3091,-0.2243114271096777,0.8031392686031265,2.0,0.5,False
3092,1.0088510054676088,2.9581780309943086,2.0,0.5,False
3093,-1.6531282829142955,0.4238316171250487,2.0,0.5,False
3094,0.051616481689503446,-0.2296393644829432,2.0,0.5,False
3095,2.443220963885013,3.1288173139139084,2.0,0.5,False
3096,-0.6555471876185895,-0.5105573914916024,2.0,0.5,False
3097,1.0398906941395174,2.876264908932211,2.0,0.5,False
3098,-1.6172433373604476,0.22003966796317953,2.0,0.5,False
3099,0.8406852990718915,2.307776414739063,2.0,0.5,False
3100,-1.5166010057866086,-2.810142404918789,2.0,0.5,False
3101,1.005310019993701,0.08486296143092664,2.0,0.5,False
3102,1.733981135921723,2.8953371656252433,2.0,0.5,False
3103,-0.7655868799609723,1.2249855185250924,2.0,0.5,False
3104,-1.5714255826897063,-0.4200650949870073,2.0,0.5,False
3105,0.6158821092109533,3.970997678141388,2.0,0.5,False
3106,-0.29097163047952024,1.1158160413986389,2.0,0.5,False
3107,0.058533187371464665,1.1361319641627154,2.0,0.5,False
3108,-1.409081557642211,1.4670199818561955,2.0,0.5,False
3109,-0.5233932004686153,-1.5958951083735506,2.0,0.5,False
3110,0.813651340885425,3.9299193292688233,2.0,0.5,False
3111,-0.11640630369814764,0.1615053746112484,2.0,0.5,False
3112,0.8339740467172295,0.8922753663442236,2.0,0.5,False
3113,0.2846455777047452,2.5338435382439366,2.0,0.5,False
3114,-0.14542207722195585,2.1650256366989726,2.0,0.5,False
3115,-0.8871858796988746,-1.9508026323279277,2.0,0.5,False
3116,0.1609399544774645,1.0323816795589367,2.0,0.5,False
3117,-0.19665441909711323,-0.394754538849855,2.0,0.5,False
3118,0.12776692984452154,3.6859498893685627,2.0,0.5,False
3119,-0.4006779955600637,1.4164698529233024,2.0,0.5,False
3120,-1.0708530166067138,-0.4939217563260751,2.0,0.5,False
3121,0.7156844375290061,1.9060515763085977,2.0,0.5,False
3122,-1.496349599752085,-1.3482984756867213,2.0,0.5,False
3123,-0.6939809223544513,1.1824886524119276,2.0,0.5,False
3124,-0.9896645134334078,0.3153266076921326,2.0,0.5,False
3125,-0.6476026263852517,-3.2670375583582763,2.0,0.5,False
3126,1.6081446602284601,2.2243007534551413,2.0,0.5,False
3127,-0.17061609040973602,-0.3699244518035214,2.0,0.5,False
3128,-1.7822282064499417,-1.8418528588343375,2.0,0.5,False
3129,0.16412520493067737,0.07069111639091435,2.0,0.5,False
3130,0.9261891457112162,4.57383925230944,2.0,0.5,False
3131,1.3552525535799733,4.522354559154805,2.0,0.5,False
3132,-1.3007236004656912,-0.40506676568409883,2.0,0.5,False
3133,1.5671425140595963,3.678123238108644,2.0,0.5,False
3134,-0.4016696967722865,-0.7298178328545206,2.0,0.5,False
3135,1.0435183829374495,3.7032867675674614,2.0,0.5,False
3136,1.5171882812568571,3.7105958192067563,2.0,0.5,False
3137,0.3435348987304122,0.292864810438575,2.0,0.5,False
3138,2.7867197895752103,5.180348752278829,2.0,0.5,False
3139,0.8256464280098119,2.079360308283708,2.0,0.5,False
3140,0.5334047248676574,0.5879848306695918,2.0,0.5,False
3141,0.823104775447064,1.3278643403941652,2.0,0.5,False
3142,0.6504385396281074,2.368061374849268,2.0,0.5,False
3143,0.5991386954611316,1.2865919353298179,2.0,0.5,False
3144,-1.6344281801718081,-3.486547020508578,2.0,0.5,False
3145,-1.5099479882178604,0.06591452562754796,2.0,0.5,False
3146,-0.6771008025916605,0.22409486687097677,2.0,0.5,False
3147,0.3773292917001503,0.4740098840153857,2.0,0.5,False
3148,0.3714907318841407,0.45755530299658453,2.0,0.5,False
3149,-1.1138971486832712,-1.3175979155644588,2.0,0.5,False
3150,-0.6274266323200339,-0.880387819291337,2.0,0.5,False
3151,-1.5285777371578515,-1.2358956181011713,2.0,0.5,False
3152,-0.525609235215206,0.592334076188008,2.0,0.5,False
3153,0.18313353127701262,-0.4520842071047674,2.0,0.5,False
3154,0.00811439453687641,-0.145187470072127,2.0,0.5,False
3155,-0.39338993858319976,0.13269893238534114,2.0,0.5,False
3156,0.9484478281904526,-0.2250621891025375,2.0,0.5,False
3157,0.5115142180640718,0.17041336843696375,2.0,0.5,False
3158,1.2177451816598153,2.9288724960556847,2.0,0.5,False
3159,-0.5132213731572864,0.8278408800099274,2.0,0.5,False
3160,-0.6767007505820495,-1.5247282878014896,2.0,0.5,False
3161,1.3673144257543217,4.5944855271641165,2.0,0.5,False
3162,0.3446430905155688,1.046855606732203,2.0,0.5,False
3163,-1.518936794071892,0.5345278500494259,2.0,0.5,False
3164,0.5361435748178242,2.8150759988218153,2.0,0.5,False
3165,0.7431196752936832,2.147063820624459,2.0,0.5,False
3166,-0.6963243040392196,0.8227125358494644,2.0,0.5,False
3167,-0.0020257900147962983,0.6182918320675492,2.0,0.5,False
3168,1.687379490914775,3.096300700876609,2.0,0.5,False
3169,0.28495315726276244,0.31507265812323015,2.0,0.5,False
3170,1.2664370058375842,1.704728342931592,2.0,0.5,False
3171,-0.7262232322895135,-0.1308579177948297,2.0,0.5,False
3172,0.6044609477247735,1.6144824552411359,2.0,0.5,False
3173,0.19655619291384038,1.506228987290471,2.0,0.5,False
3174,1.225825620387809,3.8619379188456793,2.0,0.5,False
3175,-0.11499796698936365,1.8954352077882524,2.0,0.5,False
3176,0.7144478959138286,3.954028171331021,2.0,0.5,False
3177,-0.9235595479872765,0.8985745547771046,2.0,0.5,False
3178,-1.6350147218667361,-3.040712649355055,2.0,0.5,False
3179,1.899714237431441,3.204506794924776,2.0,0.5,False
3180,0.10635493496614708,0.8004464516406555,2.0,0.5,False
3181,1.1333260120268525,2.2425530305802224,2.0,0.5,False
3182,2.3581203711127445,4.520688917071279,2.0,0.5,False
3183,0.3748499179891687,2.1236002968581413,2.0,0.5,False
3184,-0.34596006691427295,0.29270268819306233,2.0,0.5,False
3185,0.0726201538248644,-0.36933320784114254,2.0,0.5,False
3186,-0.02281015035776281,0.16749804091987355,2.0,0.5,False
3187,0.7452693225209837,1.652169272544058,2.0,0.5,False
3188,0.7692280137509291,0.8253723895705414,2.0,0.5,False
3189,0.11654976752997759,0.586759507667742,2.0,0.5,False
3190,-0.34222679974093234,1.674776888073061,2.0,0.5,False
3191,0.8854207459487825,2.7857465757711304,2.0,0.5,False
3192,-1.6922084411809524,-2.1767162099742294,2.0,0.5,False
3193,-1.47665444348138,-0.05940879066185786,2.0,0.5,False
3194,0.0017776884540949185,0.21637574422875072,2.0,0.5,False
3195,0.662597725651472,3.0234696339100533,2.0,0.5,False
3196,-1.4655377895780317,-0.8404948102129207,2.0,0.5,False
3197,-2.0315546318851245,-2.1883268588442593,2.0,0.5,False
3198,-0.416488990217014,0.18139731505595713,2.0,0.5,False
3199,1.3498524186069643,2.1812017967291517,2.0,0.5,False
3200,0.08763436146567462,0.8023039484275878,2.0,0.5,False
3201,-0.367521921377863,0.49142212426092124,2.0,0.5,False
3202,-0.7115719450469391,-0.7086716193632714,2.0,0.5,False
3203,-0.10490131484277014,2.174021099018763,2.0,0.5,False
3204,1.1062282487554895,2.141567417186048,2.0,0.5,False
3205,-0.3326708488385617,0.9051106211186417,2.0,0.5,False
3206,0.07200440799626166,0.08588763694763155,2.0,0.5,False
3207,0.1950302682672622,1.7540505273648535,2.0,0.5,False
3208,1.0659442371127184,2.2376876736119806,2.0,0.5,False
3209,0.26600703019199545,0.777995168326593,2.0,0.5,False
3210,-0.8672551371776372,-1.711986722990203,2.0,0.5,False
3211,-0.7413333937096794,-2.3001767206221118,2.0,0.5,False
3212,0.8224802923982236,1.3696261236616427,2.0,0.5,False
3213,-1.2914377724932307,0.5273961170008314,2.0,0.5,False
3214,0.13273726777074724,1.3070319991582569,2.0,0.5,False
3215,-0.7979078840903266,0.9794587717585048,2.0,0.5,False
3216,0.4956120134247055,2.421636549866414,2.0,0.5,False
3217,1.2213336045800518,1.7647172733058891,2.0,0.5,False
3218,1.0551008315342203,1.993630571798572,2.0,0.5,False
3219,0.6362576682883676,0.07529792825067982,2.0,0.5,False
3220,-0.2976429108433111,2.719100338807267,2.0,0.5,False
3221,-0.8545736381254088,-0.6253933569539043,2.0,0.5,False
3222,0.8638807374702522,2.2169244807135584,2.0,0.5,False
3223,0.24042600769762865,1.4301122917019142,2.0,0.5,False
3224,-0.42937260594883,-0.7992272842130262,2.0,0.5,False
3225,-0.15543096545030785,0.7143512644048845,2.0,0.5,False
3226,-0.04084834985237624,0.6019811584140742,2.0,0.5,False
3227,0.06262133927204672,1.7660713490472055,2.0,0.5,False
3228,-0.8468061655243273,1.599563396050018,2.0,0.5,False
3229,-0.2786587082353281,0.1334222962508037,2.0,0.5,False
3230,-0.5712671887516465,0.2353004082690896,2.0,0.5,False
3231,-1.6667815241745048,0.33066107399706035,2.0,0.5,False
3232,-0.6770840194450989,0.547660873292364,2.0,0.5,False
3233,0.7378150111383873,2.8257583879916965,2.0,0.5,False
3234,1.0941190000804024,0.43213448195467064,2.0,0.5,False
3235,1.2470269274459593,4.200349699074366,2.0,0.5,False
3236,1.2406737702037705,3.4611876481248363,2.0,0.5,False
3237,0.03536425753908059,-0.6959551246753523,2.0,0.5,False
3238,1.559479385538628,5.614594846004721,2.0,0.5,False
3239,-1.2956123978850123,-1.6395972181176566,2.0,0.5,False
3240,-0.5312704220048576,-0.5985789256311741,2.0,0.5,False
3241,1.3802278743823941,1.3705242492315814,2.0,0.5,False
3242,1.2980053022717342,1.687555036729374,2.0,0.5,False
3243,0.5043505908235549,2.901753127963558,2.0,0.5,False
3244,0.372382324576376,1.120862973606731,2.0,0.5,False
3245,-0.7535249221572954,-0.17199510777718308,2.0,0.5,False
3246,1.231343169530334,0.8761247183940677,2.0,0.5,False
3247,-0.7019600777356961,0.7223293016585175,2.0,0.5,False
3248,1.8545179946297465,4.883895076875746,2.0,0.5,False
3249,-1.5420689784359842,-3.133483838946551,2.0,0.5,False
3250,-0.5259706542483809,2.0815435713210095,2.0,0.5,False
3251,-1.6503520484416243,-0.2294595007270993,2.0,0.5,False
3252,0.7719883655763459,0.05266158307634994,2.0,0.5,False
3253,0.9236512383343717,2.994425462956217,2.0,0.5,False
3254,-0.7269441599537869,-3.2603642176018464,2.0,0.5,False
3255,1.154119546698777,1.032865125710825,2.0,0.5,False
3256,0.3768204841443078,2.3980867367078664,2.0,0.5,False
3257,-1.3166394686729446,0.9282446430672477,2.0,0.5,False
3258,-0.1507134984548313,2.4502311226313944,2.0,0.5,False
3259,-0.17582967231377536,-1.044822854807055,2.0,0.5,False
3260,-1.7390304214222123,-2.6411662009570174,2.0,0.5,False
3261,0.82368262717763,1.95222553162992,2.0,0.5,False
3262,1.2243089299193857,3.7746145324049367,2.0,0.5,False
3263,0.2605387930996624,2.5750472578716894,2.0,0.5,False
3264,0.3727083285242012,2.1734366556417153,2.0,0.5,False
3265,0.8668197863055775,2.1645702198104844,2.0,0.5,False
3266,-0.5264361538148983,1.6004815962893861,2.0,0.5,False
3267,0.22125363865492048,1.0156033197911123,2.0,0.5,False
3268,1.4040983403317842,3.084789446288849,2.0,0.5,False
3269,0.9877242231550547,5.17281442365446,2.0,0.5,False
3270,-3.7403048736252034,-4.223370640805032,2.0,0.5,False
3271,1.7747101575282633,0.7170400104997705,2.0,0.5,False
3272,0.5686223595155258,1.4819397931092502,2.0,0.5,False
3273,-0.6801202763964388,0.08626920879466543,2.0,0.5,False
3274,-2.169913043641545,-3.5721832598369883,2.0,0.5,False
3275,0.2819364355899727,-2.5994592798016987,2.0,0.5,False
3276,-1.3166326951819862,1.3431718029534436,2.0,0.5,False
3277,0.4526466073243554,-0.5171662652787812,2.0,0.5,False
3278,1.400296412764988,2.753634299130011,2.0,0.5,False
3279,0.45358123457868654,0.8214022101411758,2.0,0.5,False
3280,-1.407736821982766,-0.12903900180720562,2.0,0.5,False
3281,-0.4657749775763118,2.4015158256053803,2.0,0.5,False
3282,1.1894070856246757,3.359912077815896,2.0,0.5,False
3283,-0.29543763818169283,-1.2023160491226386,2.0,0.5,False
3284,0.6151817533360842,1.253155900948651,2.0,0.5,False
3285,-1.65722452818036,-0.6294140955174707,2.0,0.5,False
3286,-0.3542222881085473,-1.202913139910768,2.0,0.5,False
3287,-0.9584259947821948,0.7374754225449345,2.0,0.5,False
3288,0.10924419815063367,1.6372107647746859,2.0,0.5,False
3289,1.2693514671346635,0.1759946791137832,2.0,0.5,False
3290,-0.05032653346643126,0.6722350681197546,2.0,0.5,False
3291,0.8529877952420901,2.3638690569897274,2.0,0.5,False
3292,1.7896834453732573,3.7169649041057866,2.0,0.5,False
3293,-0.2438906227535988,0.10827918817324289,2.0,0.5,False
3294,0.875031858564772,3.0568334246875772,2.0,0.5,False
3295,-2.396816047151041,-3.021894944003167,2.0,0.5,False
3296,-0.002510326191259324,0.04212435088775768,2.0,0.5,False
3297,0.11215313259979164,0.33233092867450453,2.0,0.5,False
3298,2.843258207763125,3.8727201368621595,2.0,0.5,False
3299,0.9774303383429579,2.7221467289939634,2.0,0.5,False
3300,0.8868852970453343,3.1793302056014845,2.0,0.5,False
3301,0.9510693996720747,1.3664823597132874,2.0,0.5,False
3302,-1.0983727567975559,1.8224026628435726,2.0,0.5,False
3303,2.20931307995994,3.682220776980743,2.0,0.5,False
3304,-0.5894188592504258,1.2634105684077135,2.0,0.5,False
3305,0.20769083761874146,1.331983065134229,2.0,0.5,False
3306,-0.6230281097302842,-0.716758584362455,2.0,0.5,False
3307,0.3568607501812841,2.457482210507918,2.0,0.5,False
3308,0.6694512649558693,1.4615023356781989,2.0,0.5,False
3309,-0.8550605207373317,0.4920482500943802,2.0,0.5,False
3310,0.528644429283883,0.5902316142108326,2.0,0.5,False
3311,-0.8094936470875826,-0.8219506546235019,2.0,0.5,False
3312,-0.9471393274037603,-1.6826995502691104,2.0,0.5,False
3313,-0.495470788499249,2.3672771363697933,2.0,0.5,False
3314,0.1198111424464854,2.7241358790459884,2.0,0.5,False
3315,0.3660272520807736,1.3643396191628796,2.0,0.5,False
3316,-0.6069236673063653,1.035891436678153,2.0,0.5,False
3317,-0.4286325446013629,-0.14995928763017166,2.0,0.5,False
3318,0.10674147065232535,2.085248592842653,2.0,0.5,False
3319,0.2555568207809583,1.3638675850847088,2.0,0.5,False
3320,-0.806511283637816,-1.2908231009488058,2.0,0.5,False
3321,0.5937655836736545,2.261907657216047,2.0,0.5,False
3322,-0.557587445481639,-0.7934980590529407,2.0,0.5,False
3323,0.35620739508680593,0.7483776138789598,2.0,0.5,False
3324,0.18669202013514707,1.7133061077218104,2.0,0.5,False
3325,2.062113550808724,4.359173667112045,2.0,0.5,False
3326,-0.09763752684997214,1.6185869173713923,2.0,0.5,False
3327,0.8601417201391995,1.020538103218228,2.0,0.5,False
3328,-0.9014226804632534,-0.4138065339406607,2.0,0.5,False
3329,-1.5062080791945989,0.5120189781221771,2.0,0.5,False
3330,-0.49828063565238745,0.48075397335547887,2.0,0.5,False
3331,-1.3192342087211055,0.017834199837697406,2.0,0.5,False
3332,0.1695237202948412,2.7620981911383886,2.0,0.5,False
3333,0.9193636740716574,1.8739998815842454,2.0,0.5,False
3334,-0.43344229272411827,-1.944596788885727,2.0,0.5,False
3335,0.4984057052258246,2.0189439245063063,2.0,0.5,False
3336,0.7517488927680948,1.3117137617086367,2.0,0.5,False
3337,0.7478545988656775,2.033967205885523,2.0,0.5,False
3338,1.0554308329521884,-0.46236982585181474,2.0,0.5,False
3339,-1.121305429724315,0.9326346668492144,2.0,0.5,False
3340,0.7065304390741323,3.6060964539233,2.0,0.5,False
3341,0.06679145609543174,1.3379886879438407,2.0,0.5,False
3342,0.0497183586469562,1.3515223959856624,2.0,0.5,False
3343,0.8953065957435912,1.27421088334785,2.0,0.5,False
3344,1.0309158956988045,2.901994787205837,2.0,0.5,False
3345,-0.13851787006187383,3.1050288239947754,2.0,0.5,False
3346,-0.7614246741719214,-1.3575656009100374,2.0,0.5,False
3347,0.7861128929350121,-0.20905010781051292,2.0,0.5,False
3348,-0.21313741958226304,2.5361008511239795,2.0,0.5,False
3349,0.38467356421107546,1.603002970668259,2.0,0.5,False
3350,0.5189650692239416,2.420443083498174,2.0,0.5,False
3351,0.7197653932483106,1.2788609036311087,2.0,0.5,False
3352,-0.6782654967444003,-2.533172998904799,2.0,0.5,False
3353,-0.29394338380811075,1.665771349425725,2.0,0.5,False
3354,1.0354042183664867,1.6650690082243371,2.0,0.5,False
3355,-0.10667817890248275,1.5078519569036983,2.0,0.5,False
3356,-0.31858794313227584,3.1429616693219744,2.0,0.5,False
3357,1.477427963758148,1.0287310714965103,2.0,0.5,False
3358,1.093711188581736,-0.08059765905226102,2.0,0.5,False
3359,-1.0736509990816154,1.081095716394122,2.0,0.5,False
3360,0.9161862056038587,1.6473295698235129,2.0,0.5,False
3361,1.7975462177852273,2.8983584773382476,2.0,0.5,False
3362,0.8891066919490775,1.0373985309340896,2.0,0.5,False
3363,-0.5894874194509875,-0.7436551402319399,2.0,0.5,False
3364,-0.4448127882503117,1.1946898081846462,2.0,0.5,False
3365,-0.45919433774280477,0.738326447507718,2.0,0.5,False
3366,0.6519080977005105,1.312266626725265,2.0,0.5,False
3367,0.039081776869980746,-1.6993854506132813,2.0,0.5,False
3368,-0.5657024821872686,1.88422613869227,2.0,0.5,False
3369,-0.03476007968947561,-0.33957206821905006,2.0,0.5,False
3370,0.8645451880388882,3.217119570416951,2.0,0.5,False
3371,0.34180523768860294,0.22714072185771508,2.0,0.5,False
3372,1.0582745798481958,-0.34862661061270317,2.0,0.5,False
3373,-0.9893999335130464,-2.325497788435445,2.0,0.5,False
3374,0.43590868937639105,0.8321798739635118,2.0,0.5,False
3375,-0.44643092604195933,-0.826620724353227,2.0,0.5,False
3376,0.9641605471147989,2.717244872689023,2.0,0.5,False
3377,1.4986188008699644,4.120444650056768,2.0,0.5,False
3378,1.65256465885683,1.6577884010700628,2.0,0.5,False
3379,2.071947088566393,3.6363981679000283,2.0,0.5,False
3380,1.4961299371981134,3.725059514815776,2.0,0.5,False
3381,1.0357285966517589,2.449371268497326,2.0,0.5,False
3382,0.740270752367429,2.6647479371762057,2.0,0.5,False
3383,-1.1464112512981195,0.10900773952759674,2.0,0.5,False
3384,-1.049333554448814,-0.8721835090998709,2.0,0.5,False
3385,-0.05838654566170819,1.281468524914729,2.0,0.5,False
3386,1.2061803541964067,-0.24080763269131045,2.0,0.5,False
3387,0.6080173497487034,1.890147692865597,2.0,0.5,False
3388,0.27273958691177885,0.6483583021311149,2.0,0.5,False
3389,-0.1294384169010629,0.6922946348296743,2.0,0.5,False
3390,-1.1319611256936213,0.437768008893367,2.0,0.5,False
3391,-1.079878060588525,-0.8245083137171356,2.0,0.5,False
3392,0.04371935981735054,-0.8234068532560899,2.0,0.5,False
3393,0.4268632746643195,1.4715253513967024,2.0,0.5,False
3394,-0.36817500180618434,-0.47795456763437233,2.0,0.5,False
3395,0.13517217554340769,-2.323180070568604,2.0,0.5,False
3396,-0.4385165800231554,-2.0868510402590013,2.0,0.5,False
3397,2.6537413096821436,3.994149245990634,2.0,0.5,False
3398,-1.7972862614721312,-1.1426825158152236,2.0,0.5,False
3399,-0.18756636490265058,-0.8598946299650645,2.0,0.5,False
3400,0.4850908867312112,1.1614354800596332,2.0,0.5,False
3401,1.2027912835815358,0.0982553730028819,2.0,0.5,False
3402,0.9620783827290519,2.6273966212389817,2.0,0.5,False
3403,-0.014639093716101437,1.135088721053241,2.0,0.5,False
3404,0.8500619670769771,2.970767942441441,2.0,0.5,False
3405,-1.6411992458216285,-2.49447679656358,2.0,0.5,False
3406,-1.202422802755893,0.7876509507950663,2.0,0.5,False
3407,-0.4353547375153285,2.8270641609754206,2.0,0.5,False
3408,-0.5264277316072244,-0.5103746793752582,2.0,0.5,False
3409,-0.02166152825599235,-1.890142900372183,2.0,0.5,False
3410,0.012742874053097946,1.888213346553923,2.0,0.5,False
3411,-0.5453163699511456,-1.9338699193058955,2.0,0.5,False
3412,0.2853593610404029,1.8252760686671514,2.0,0.5,False
3413,0.24402696995810866,0.1065312775921502,2.0,0.5,False
3414,0.21667956876109287,0.1170315186630363,2.0,0.5,False
3415,0.24088287823466029,2.5794924302471074,2.0,0.5,False
3416,1.2210053219326291,3.218415582432705,2.0,0.5,False
3417,-0.5617491583986316,1.392302984792018,2.0,0.5,False
3418,-0.27083226895435414,-2.022095207242797,2.0,0.5,False
3419,0.8354368807839968,3.5599617792710236,2.0,0.5,False
3420,0.17668086440041714,1.4957815514763275,2.0,0.5,False
3421,-0.019119668523697956,-0.3410838583009417,2.0,0.5,False
3422,0.19083344907118358,1.9221281420751333,2.0,0.5,False
3423,-0.5551945905558863,-2.0135175175142033,2.0,0.5,False
3424,-1.7869423546898997,0.771023494103178,2.0,0.5,False
3425,-0.7345131141392226,0.2876386364336272,2.0,0.5,False
3426,1.629764682268915,2.8597588076155733,2.0,0.5,False
3427,-0.9738748687656034,0.05830009106988597,2.0,0.5,False
3428,0.8012316029375586,0.7624228120493398,2.0,0.5,False
3429,-0.45903112395367945,0.2531025098129618,2.0,0.5,False
3430,0.17009025296188576,2.138037409485874,2.0,0.5,False
3431,1.662986367850766,3.4409681658306064,2.0,0.5,False
3432,0.08397076212593653,-0.7879359217481177,2.0,0.5,False
3433,-0.5658833063980132,-0.306509075584795,2.0,0.5,False
3434,1.3158538677534102,3.963575436283394,2.0,0.5,False
3435,-0.9113038378417584,1.020663300381589,2.0,0.5,False
3436,0.6193620056115059,3.3318312363513183,2.0,0.5,False
3437,0.432741790538814,-0.5278105197358798,2.0,0.5,False
3438,-0.7119591991433363,-0.9365206535329491,2.0,0.5,False
3439,-1.4151151561711088,-0.5892827028904244,2.0,0.5,False
3440,0.4467773052132337,2.609813466182148,2.0,0.5,False
3441,-0.1399289482337162,2.847326463669891,2.0,0.5,False
3442,0.9430120812810406,1.0298443141201536,2.0,0.5,False
3443,-0.31252910204521095,-0.9703229273902307,2.0,0.5,False
3444,-0.7181606198119053,0.7208504742242308,2.0,0.5,False
3445,1.2843510930264392,5.0318369473113576,2.0,0.5,False
3446,-0.685292318216568,0.6089102892359791,2.0,0.5,False
3447,0.930902690614044,2.5732146170599313,2.0,0.5,False
3448,0.5200755077804095,0.7064665440592705,2.0,0.5,False
3449,-0.7468388288827643,1.4429215110851779,2.0,0.5,False
3450,0.24118876368426354,0.2323815760875968,2.0,0.5,False
3451,0.37777666365996887,2.233105673384564,2.0,0.5,False
3452,0.6243804329436212,4.037452023649979,2.0,0.5,False
3453,-0.90105587104502,-0.372273346828468,2.0,0.5,False
3454,-0.9056362951641657,1.4987255302398945,2.0,0.5,False
3455,0.1615641384198843,0.636195033387845,2.0,0.5,False
3456,-1.2866726881931845,-3.182983612934332,2.0,0.5,False
3457,0.11714776965135562,1.8701427824700039,2.0,0.5,False
3458,0.7645619018979858,0.22739779451755382,2.0,0.5,False
3459,1.808461599992031,4.782183899288715,2.0,0.5,False
3460,0.19291218310240074,2.0872429935344576,2.0,0.5,False
3461,-0.5534862435590848,-1.3032065148715941,2.0,0.5,False
3462,-0.10029454127655639,0.09388462835180633,2.0,0.5,False
3463,-0.023524518322192316,-0.5260312008697725,2.0,0.5,False
3464,0.04908070673154283,2.724304061688627,2.0,0.5,False
3465,0.5948999201014801,-1.0376808229776735,2.0,0.5,False
3466,-0.5851014191731009,1.5620017442817256,2.0,0.5,False
3467,-0.3043178791599495,0.9577984705095661,2.0,0.5,False
3468,-0.8303290753428495,1.8731549765977604,2.0,0.5,False
3469,-0.6632740153048755,3.294887918786782,2.0,0.5,False
3470,-0.32713764441847276,1.179789251607151,2.0,0.5,False
3471,1.3693310187846208,3.4692310061330858,2.0,0.5,False
3472,-1.488858634295961,-2.7067931230621927,2.0,0.5,False
3473,-1.0573005659797583,1.0206216748317134,2.0,0.5,False
3474,0.48610325137345195,3.0398760818618342,2.0,0.5,False
3475,-0.4928046004843964,1.4850808489335832,2.0,0.5,False
3476,0.36700158737820215,4.179238617060182,2.0,0.5,False
3477,-0.23067779207758524,0.2872611237381957,2.0,0.5,False
3478,1.011319636851878,0.32705478174002844,2.0,0.5,False
3479,0.10127767243021052,0.7750438826568056,2.0,0.5,False
3480,-0.18027859907329216,2.23053322446187,2.0,0.5,False
3481,-0.2666367647449559,3.468076463747401,2.0,0.5,False
3482,1.7458525600783668,3.0308286068202666,2.0,0.5,False
3483,0.7733958077635782,1.3581840953168096,2.0,0.5,False
3484,0.757638678185901,0.12589805377928087,2.0,0.5,False
3485,2.039384286727291,2.9689997210981507,2.0,0.5,False
3486,-0.7237140463013126,0.08934246319319294,2.0,0.5,False
3487,1.6639493895638842,3.4843139796772906,2.0,0.5,False
3488,-1.2886904411618134,-3.0836469884936433,2.0,0.5,False
3489,0.4373810840662394,0.376614642986592,2.0,0.5,False
3490,0.1794324316390943,0.6056276396171396,2.0,0.5,False
3491,-0.9872151382214553,0.3416941677531832,2.0,0.5,False
3492,-1.3217588686939075,0.28382986647467473,2.0,0.5,False
3493,-1.0856739552604493,0.57594480535342,2.0,0.5,False
3494,-1.1599530571275978,-1.6455018274996203,2.0,0.5,False
3495,-0.7065432254001334,-0.6928537694368776,2.0,0.5,False
3496,1.035720719520611,1.722308649900462,2.0,0.5,False
3497,-1.7195180596442055,-0.6519914486833003,2.0,0.5,False
3498,2.4205061236753385,2.9534137125291933,2.0,0.5,False
3499,1.5041076610562893,3.6785708041538916,2.0,0.5,False
3500,-0.902886453795382,0.2649556012492359,2.0,0.5,False
3501,-0.2436857024297614,-0.7403523389893358,2.0,0.5,False
3502,-0.7405618833873252,1.7689750306441623,2.0,0.5,False
3503,0.15343503196396188,0.3641812381052373,2.0,0.5,False
3504,-0.12162137046731718,0.5234792614092731,2.0,0.5,False
3505,0.21346474161380297,3.309837450758098,2.0,0.5,False
3506,-0.6152528218816824,0.9408621593152028,2.0,0.5,False
3507,-0.14734252189907185,0.4408454665358639,2.0,0.5,False
3508,1.6682300389390308,3.824888314169151,2.0,0.5,False
3509,-1.2168178969027863,-1.906904773130856,2.0,0.5,False
3510,-0.6181248334535285,-0.43452602136032137,2.0,0.5,False
3511,-0.13398558759459828,1.4530276298131757,2.0,0.5,False
3512,1.0698920838088575,3.2769591831487404,2.0,0.5,False
3513,-0.9432623117036715,-1.0752073519347416,2.0,0.5,False
3514,-1.171304269927479,-0.3860070063780041,2.0,0.5,False
3515,0.8829579904730585,2.912283537603842,2.0,0.5,False
3516,-0.5097883197620555,1.3688725565534692,2.0,0.5,False
3517,0.3552194205310799,1.6911223271189029,2.0,0.5,False
3518,0.7509089590832866,1.395791078420893,2.0,0.5,False
3519,-0.9889626068210627,-0.34418347267513844,2.0,0.5,False
3520,0.7396863435479706,3.4291703477757247,2.0,0.5,False
3521,0.8129870610634533,1.9823470965896455,2.0,0.5,False
3522,-0.8709991498837822,-0.6755443739923424,2.0,0.5,False
3523,-1.325321747229834,1.0800066749892574,2.0,0.5,False
3524,0.19529889458037594,1.3869431701584412,2.0,0.5,False
3525,-1.7950323029464812,-1.0143760087820612,2.0,0.5,False
3526,0.053886290531839943,1.892677433163885,2.0,0.5,False
3527,-0.5186408243461261,-1.3844148049240554,2.0,0.5,False
3528,0.6275446045977698,2.9740010436254813,2.0,0.5,False
3529,-0.587789314086465,-1.717189775660323,2.0,0.5,False
3530,-0.1258466174417144,2.321580781328292,2.0,0.5,False
3531,0.7577573813517917,3.5216671636673746,2.0,0.5,False
3532,1.7996175926909532,4.544286929398222,2.0,0.5,False
3533,-1.6692812507376946,-1.6224043638345147,2.0,0.5,False
3534,0.9790535065110205,2.421968392548604,2.0,0.5,False
3535,-1.4315658395032917,-0.3248776969037732,2.0,0.5,False
3536,0.83557608356251,2.372143446499967,2.0,0.5,False
3537,-0.5755998413369287,1.3291938233601464,2.0,0.5,False
3538,-1.7592261744431024,-2.8945528518490073,2.0,0.5,False
3539,1.0329350356919942,0.6294466779981827,2.0,0.5,False
3540,0.019750842339130527,0.8268674061959176,2.0,0.5,False
3541,2.2601523119462863,3.2106233391916663,2.0,0.5,False
3542,-0.8109137237940987,-0.3288385830222541,2.0,0.5,False
3543,-0.011751716509282232,1.0810014531577463,2.0,0.5,False
3544,0.2780875934487501,1.5195128254089496,2.0,0.5,False
3545,-0.33574420363730423,-0.36066511605893026,2.0,0.5,False
3546,-1.0720028179632206,-0.06424772031836853,2.0,0.5,False
3547,0.4365072583841921,1.7362392892906073,2.0,0.5,False
3548,1.9661835086521926,5.333387224231718,2.0,0.5,False
3549,0.9934675055303661,3.7884571582191957,2.0,0.5,False
3550,-0.25483574010931453,-0.27032016303839324,2.0,0.5,False
3551,2.020031160843815,5.229557298433364,2.0,0.5,False
3552,-0.8678312951186652,0.6085113385777691,2.0,0.5,False
3553,0.11492112324883072,2.033336369186905,2.0,0.5,False
3554,-2.281660743700096,-1.8538878195286668,2.0,0.5,False
3555,1.7371322839717405,2.5606407588984608,2.0,0.5,False
3556,0.6541665048782066,1.918274360513069,2.0,0.5,False
3557,-1.4487169409290084,-0.14583560016825092,2.0,0.5,False
3558,0.12488361679395009,0.21051137710666462,2.0,0.5,False
3559,0.8373537947601993,-1.5533120281413089,2.0,0.5,False
3560,0.5980082018042734,2.4260408898296775,2.0,0.5,False
3561,0.9368539204916859,2.5933689618892077,2.0,0.5,False
3562,-0.22709670242246618,0.023996079587252694,2.0,0.5,False
3563,-0.4609484286732529,0.44137097627572286,2.0,0.5,False
3564,-0.28740310823189147,1.7229420790320662,2.0,0.5,False
3565,1.2808455041773836,4.2363910714616715,2.0,0.5,False
3566,-1.792011807559763,-1.1025393784201647,2.0,0.5,False
3567,-1.2256066474402854,0.7516341836828335,2.0,0.5,False
3568,0.8017102843906311,1.607712029944496,2.0,0.5,False
3569,1.716591775629189,3.356824650730227,2.0,0.5,False
3570,-0.195682795028623,0.6934000228331034,2.0,0.5,False
3571,-0.24797836454853167,-0.0746032908085732,2.0,0.5,False
3572,-1.8987240355690471,-2.1004405333723097,2.0,0.5,False
3573,1.2108909712434504,4.450169838833905,2.0,0.5,False
3574,1.3777546159903071,2.9157887184648486,2.0,0.5,False
3575,-0.6992026562019332,0.22232444150503372,2.0,0.5,False
3576,1.2122472935815014,0.7387399601561085,2.0,0.5,False
3577,0.07864316961303511,1.8143607808934634,2.0,0.5,False
3578,-0.10318586112127345,0.027028142822926204,2.0,0.5,False
3579,-0.8624039278820579,-0.928152075149702,2.0,0.5,False
3580,-0.380495527876449,-0.6328374916756039,2.0,0.5,False
3581,1.2841024266725691,2.6381647649231503,2.0,0.5,False
3582,-2.183760576089273,0.10317688805573,2.0,0.5,False
3583,0.2282065857319871,3.3077447875014774,2.0,0.5,False
3584,1.7126221064233171,3.957437110287128,2.0,0.5,False
3585,0.23871416130764658,-0.3500771187096159,2.0,0.5,False
3586,-1.0896363173016994,-0.5293317242104789,2.0,0.5,False
3587,-1.391025533464909,-1.2804863005820606,2.0,0.5,False
3588,0.8137146682122033,3.0084789471174616,2.0,0.5,False
3589,0.6956305437059761,2.7801734187336113,2.0,0.5,False
3590,0.34457489501879845,2.696517090482959,2.0,0.5,False
3591,-0.1868485261304276,2.0808933704635653,2.0,0.5,False
3592,0.9487275777738211,2.907740763396845,2.0,0.5,False
3593,1.2866975922201898,3.6431625241096555,2.0,0.5,False
3594,0.914168313817849,3.7712535923569903,2.0,0.5,False
3595,-0.29169215429195544,-0.27465837793934217,2.0,0.5,False
3596,-1.5552938940379237,-0.8869523776855845,2.0,0.5,False
3597,2.1465364122295507,5.1192967839325565,2.0,0.5,False
3598,1.0779440838126924,2.104067645513233,2.0,0.5,False
3599,0.8465083801811648,-0.15115613098390512,2.0,0.5,False
3600,0.05656293836660646,-0.4394824151691481,2.0,0.5,False
3601,1.553640719843664,2.341687787542723,2.0,0.5,False
3602,-0.8850161625665783,2.661693827370585,2.0,0.5,False
3603,0.6773649445330086,3.1154723923391403,2.0,0.5,False
3604,-0.3857942349966151,-1.9879240641547975,2.0,0.5,False
3605,-1.6883694835038683,-1.4993037051257492,2.0,0.5,False
3606,-0.17414588787046187,2.092557089762257,2.0,0.5,False
3607,-2.1430151044995993,-2.417735332484726,2.0,0.5,False
3608,-0.9286996762002924,0.8476957775552194,2.0,0.5,False
3609,0.4224020988510572,0.5000349803484703,2.0,0.5,False
3610,0.7879124571577197,0.43808289477445417,2.0,0.5,False
3611,-0.17015887309550082,-1.419949669710957,2.0,0.5,False
3612,2.263470691169309,4.9450205786197925,2.0,0.5,False
3613,0.6367180067115675,2.5680465656067675,2.0,0.5,False
3614,-0.2650901792614585,-0.6368818234335741,2.0,0.5,False
3615,-0.044425906424229875,3.2847604079021933,2.0,0.5,False
3616,-0.6849938487464712,-0.40276266612360545,2.0,0.5,False
3617,-0.7630593178363306,-0.9422419333551324,2.0,0.5,False
3618,-1.3739965816716662,-0.9051218829246329,2.0,0.5,False
3619,0.2852493269121851,-0.3713801020985125,2.0,0.5,False
3620,0.7827732787593303,1.6297993006426292,2.0,0.5,False
3621,-0.07019855198830052,1.6855807699272982,2.0,0.5,False
3622,-1.1120151624583383,0.5185093696110108,2.0,0.5,False
3623,-0.7373682612660969,-1.2867176426609737,2.0,0.5,False
3624,-1.1739697006876093,-1.0693402773999423,2.0,0.5,False
3625,-1.4160870146659272,-1.3463946396993327,2.0,0.5,False
3626,0.3499105545476702,2.015498851678908,2.0,0.5,False
3627,-0.3104801430611984,2.925317291507627,2.0,0.5,False
3628,-2.280990710413849,-0.9717559943535554,2.0,0.5,False
3629,0.45341511594519235,-0.4717432808427735,2.0,0.5,False
3630,0.17588288595548177,-0.2863658723212503,2.0,0.5,False
3631,-0.921628890353874,1.860708163011073,2.0,0.5,False
3632,1.6975006701937116,2.7670999705377533,2.0,0.5,False
3633,-0.3871340079417044,-1.7596005110375492,2.0,0.5,False
3634,-0.34175127176446646,0.7546737346199079,2.0,0.5,False
3635,0.11225709720133584,0.1663693783971274,2.0,0.5,False
3636,-1.2376863288682154,-2.024806398315784,2.0,0.5,False
3637,0.2428320478986957,-0.8744162278631991,2.0,0.5,False
3638,1.0218393954233318,3.258256009393506,2.0,0.5,False
3639,-1.3874936477070905,-1.5847780157103446,2.0,0.5,False
3640,0.7754090752321204,2.946901775668072,2.0,0.5,False
3641,0.5250938482976638,2.1429306172738034,2.0,0.5,False
3642,-0.2518163586287889,0.2974658690594148,2.0,0.5,False
3643,0.022769352727756882,2.1716352178091243,2.0,0.5,False
3644,-0.34467241769083334,-0.4762435994634782,2.0,0.5,False
3645,1.1932337675077265,3.254916181829788,2.0,0.5,False
3646,-0.9908445417978103,-3.1188904387429197,2.0,0.5,False
3647,0.9122756345400743,1.8696058089278595,2.0,0.5,False
3648,-1.3948364008473528,-0.32359884997890453,2.0,0.5,False
3649,-0.6700029988738796,-0.4129231360263488,2.0,0.5,False
3650,0.9404592984100637,1.292979940743501,2.0,0.5,False
3651,-1.9421553244425493,-1.1182312858278167,2.0,0.5,False
3652,-0.4072414488895315,0.747812074276313,2.0,0.5,False
3653,0.4051050621984266,2.300703457620051,2.0,0.5,False
3654,-1.4945584021950435,-2.370306452094423,2.0,0.5,False
3655,-0.7328384002299563,-0.23356125691843424,2.0,0.5,False
3656,-0.9327600471134099,2.242240414551696,2.0,0.5,False
3657,-0.7619257436543284,0.476330327019414,2.0,0.5,False
3658,0.636369188002639,0.6200220071154428,2.0,0.5,False
3659,1.423629232816202,4.39556170683444,2.0,0.5,False
3660,0.6018791481285808,1.9817419972477777,2.0,0.5,False
3661,0.2635892526419354,2.649366001972983,2.0,0.5,False
3662,0.8816968349365166,4.327982625310602,2.0,0.5,False
3663,0.6670885478964103,1.8852930231362064,2.0,0.5,False
3664,-0.5177770843526777,1.360070906348303,2.0,0.5,False
3665,0.7464689733541103,2.3506756475711263,2.0,0.5,False
3666,1.180996881684478,3.202602310440987,2.0,0.5,False
3667,-0.27234127398175173,1.308320986643737,2.0,0.5,False
3668,2.091586022219231,3.0475336076684356,2.0,0.5,False
3669,0.7659531203339217,0.6770010431407263,2.0,0.5,False
3670,-0.8812218054118187,-0.8819956462676747,2.0,0.5,False
3671,-0.3060825230179036,1.748899471525819,2.0,0.5,False
3672,0.2170910288143145,0.03097165182661965,2.0,0.5,False
3673,-0.5211903793272624,1.2900282722620635,2.0,0.5,False
3674,-1.7141453899843189,-3.352898763259957,2.0,0.5,False
3675,-0.4474115558089363,1.9841288305787783,2.0,0.5,False
3676,-1.9983541239973523,-1.9513721496671015,2.0,0.5,False
3677,-0.35854171443628163,0.8224722448208532,2.0,0.5,False
3678,-1.6862801613967366,0.3241488682660328,2.0,0.5,False
3679,0.5631648764000028,1.1283542089065337,2.0,0.5,False
3680,0.3531980404080956,-0.3297656339547995,2.0,0.5,False
3681,-1.2331054335758376,0.6304428891695024,2.0,0.5,False
3682,1.185934840180529,2.596887168356436,2.0,0.5,False
3683,-0.895633035010469,0.055957408289289634,2.0,0.5,False
3684,-0.2786091509226171,1.4326917979767038,2.0,0.5,False
3685,0.08946314840616894,2.586620558060887,2.0,0.5,False
3686,0.6500944095703444,1.287799151155569,2.0,0.5,False
3687,-0.0038668817399856855,-1.1198503947512775,2.0,0.5,False
3688,-0.2783550896171258,1.0407800681792239,2.0,0.5,False
3689,-0.23436807436433266,1.0706317539669472,2.0,0.5,False
3690,-0.2791839668525212,2.1160136107808682,2.0,0.5,False
3691,0.16885962389487963,1.3925533415730427,2.0,0.5,False
3692,-0.2336533921220055,-0.462580234537063,2.0,0.5,False
3693,-1.5441597172070565,-1.8458604010934858,2.0,0.5,False
3694,-1.3093815567272307,-1.1398976845714994,2.0,0.5,False
3695,0.33816083539351943,0.2873345163043316,2.0,0.5,False
3696,-0.42546163617763855,0.22642177471064062,2.0,0.5,False
3697,0.4543412822603084,-0.4595503690259971,2.0,0.5,False
3698,-0.07493807986547071,0.9803847945353317,2.0,0.5,False
3699,1.2173404410009077,3.971461995884824,2.0,0.5,False
3700,0.15106210265926504,2.015334945788104,2.0,0.5,False
3701,-1.6502835788644785,-2.4741001105810794,2.0,0.5,False
3702,-0.3701000568519784,1.7494904582944033,2.0,0.5,False
3703,-0.4131223020335044,2.4021032706953163,2.0,0.5,False
3704,-0.5931494149229961,1.0406955464785934,2.0,0.5,False
3705,-0.13478020411946104,-0.3271730895974575,2.0,0.5,False
3706,-0.15215047289525688,0.7191702903446656,2.0,0.5,False
3707,0.37372097485399275,1.9777079139618186,2.0,0.5,False
3708,-1.7987988853329404,-4.0826234052883095,2.0,0.5,False
3709,-1.0588017824811735,-0.2546044200888304,2.0,0.5,False
3710,0.6366750252202928,0.8983763474365405,2.0,0.5,False
3711,0.8448666328996584,3.7674918415520877,2.0,0.5,False
3712,-1.8698447399983433,-2.025794447232147,2.0,0.5,False
3713,-1.829984776739138,-3.047514971212041,2.0,0.5,False
3714,-0.9234245909765632,0.7786901167460962,2.0,0.5,False
3715,-1.927018305918093,0.8627402888471718,2.0,0.5,False
3716,-0.821951947202389,-0.21992963274208632,2.0,0.5,False
3717,0.1858411314974324,2.061769117650634,2.0,0.5,False
3718,0.3039303069124006,2.5135916360356294,2.0,0.5,False
3719,-0.48314495628797755,0.5885888590550117,2.0,0.5,False
3720,1.3758518332097618,2.2737325907476023,2.0,0.5,False
3721,0.015038692341691692,1.3440109394133843,2.0,0.5,False
3722,-0.4002699929458952,0.596905105572904,2.0,0.5,False
3723,0.9278908790174311,3.87479832595472,2.0,0.5,False
3724,-0.47507427819934805,-0.6399988083229391,2.0,0.5,False
3725,0.5260518943980935,0.4599218941132863,2.0,0.5,False
3726,-0.8641589395563806,1.0529600478941585,2.0,0.5,False
3727,-0.39865391571247355,2.0894207134171867,2.0,0.5,False
3728,0.6729889528262478,0.08534076940101842,2.0,0.5,False
3729,2.019414663179657,5.817281931808999,2.0,0.5,False
3730,2.2576748727980935,3.5602804807865143,2.0,0.5,False
3731,-1.9590222843461709,-1.9452654331177914,2.0,0.5,False
3732,-0.6105666388698833,-1.9045987051315156,2.0,0.5,False
3733,1.5695802639486267,3.0496382467441734,2.0,0.5,False
3734,0.18100287022852904,0.9741310567870116,2.0,0.5,False
3735,-0.8466027020841939,-1.0169587739517514,2.0,0.5,False
3736,-1.8619512158408373,-2.4300010910970915,2.0,0.5,False
3737,-0.577128705351074,0.8194187533624753,2.0,0.5,False
3738,-0.3959721856542396,1.8245412459462227,2.0,0.5,False
3739,-1.257411216378736,0.10768070875054425,2.0,0.5,False
3740,0.034525699060302735,0.9285603358677498,2.0,0.5,False
3741,-0.29839691419271436,0.34689960375022166,2.0,0.5,False
3742,-1.7024139299250816,-2.1336506896207297,2.0,0.5,False
3743,1.603254293127095,2.419963109753908,2.0,0.5,False
3744,-1.1807978272820672,-1.0406392475578554,2.0,0.5,False
3745,1.0975671767053081,2.472971483985413,2.0,0.5,False
3746,0.3539138340505147,-0.2059575994697762,2.0,0.5,False
3747,2.5672292784944974,1.9913788221268152,2.0,0.5,False
3748,-1.4320142904977733,-1.1456479232167562,2.0,0.5,False
3749,-0.7517095058704406,1.3498075464837977,2.0,0.5,False
3750,-0.21442631880861354,1.512916406279993,2.0,0.5,False
3751,-2.8635326892216004,-2.1493998475704315,2.0,0.5,False
3752,0.9402746374138221,1.903301385737254,2.0,0.5,False
3753,0.23408256060785157,0.6634074051048329,2.0,0.5,False
3754,0.7339297226703275,0.9361949845655468,2.0,0.5,False
3755,1.1094611233584142,2.0706220316362307,2.0,0.5,False
3756,1.1929256699576765,0.9777384826114373,2.0,0.5,False
3757,0.1189118117944723,-1.070074195363617,2.0,0.5,False
3758,0.4789291335694238,-0.30245447453677143,2.0,0.5,False
3759,0.5347720286353016,1.5360178051641982,2.0,0.5,False
3760,-0.837429308967414,0.3458825406781028,2.0,0.5,False
3761,0.28513732622548227,1.0379488878882506,2.0,0.5,False
3762,0.6719368165642164,1.5966716423806502,2.0,0.5,False
3763,-0.05151189723369913,1.2952576000851668,2.0,0.5,False
3764,-1.1962407124451817,-1.3454624277435425,2.0,0.5,False
3765,-1.0519854799619621,1.0051289512958987,2.0,0.5,False
3766,-0.002918806424125039,-0.011623132674779102,2.0,0.5,False
3767,1.1781384222647442,1.962793455793154,2.0,0.5,False
3768,-0.3511178793900909,0.7756612745914011,2.0,0.5,False
3769,0.2639478867326284,0.3406975357481036,2.0,0.5,False
3770,-2.928433072896953,-5.002820710290011,2.0,0.5,False
3771,1.1471752466844332,4.343192229728474,2.0,0.5,False
3772,-0.7440303431335573,1.5197063902783128,2.0,0.5,False
3773,0.7343713977690766,2.5461381427289123,2.0,0.5,False
3774,1.8044055238801928,1.4665001183368005,2.0,0.5,False
3775,2.2127241130200006,4.20236176068423,2.0,0.5,False
3776,-1.936397205980788,-1.7570343572299703,2.0,0.5,False
3777,0.034792979066631174,-0.02821792994630523,2.0,0.5,False
3778,-0.3814939675139961,-0.021241398667368294,2.0,0.5,False
3779,-0.7577850206778898,1.1552370005042656,2.0,0.5,False
3780,1.8739391459646577,1.5106082013642308,2.0,0.5,False
3781,-2.452556652080045,-1.8752577393844452,2.0,0.5,False
3782,1.193093349144797,1.046935748024941,2.0,0.5,False
3783,-1.002590949525123,-0.6459604989532386,2.0,0.5,False
3784,0.08689018260538621,-0.6316301141652805,2.0,0.5,False
3785,0.5623128694340828,0.6268878548507602,2.0,0.5,False
3786,-0.6583580852514098,0.9959911542445522,2.0,0.5,False
3787,0.1769667976365196,2.514511131723527,2.0,0.5,False
3788,0.9552955855286852,2.340431809284799,2.0,0.5,False
3789,-0.25734566163934286,1.6919492874869433,2.0,0.5,False
3790,-0.015209273427284823,3.320610077753611,2.0,0.5,False
3791,-0.5447234440116204,-1.7504377811996168,2.0,0.5,False
3792,-0.26909167626328095,1.4180278858924158,2.0,0.5,False
3793,1.7900631467541508,2.5220680974250334,2.0,0.5,False
3794,-1.9030715577384343,-2.616768404132002,2.0,0.5,False
3795,-0.778503530970044,1.1885159812382702,2.0,0.5,False
3796,1.8455165965138576,2.3921770917567575,2.0,0.5,False
3797,-0.7906469693459167,-0.698225787713388,2.0,0.5,False
3798,-0.8823554499813475,-0.49827049601214857,2.0,0.5,False
3799,-0.3093674541518091,-0.6603340297087685,2.0,0.5,False
3800,-0.5159251193823651,-1.4046333778206754,2.0,0.5,False
3801,0.38751081390163955,-0.562872279530541,2.0,0.5,False
3802,-0.8480042680392557,0.9225443546137053,2.0,0.5,False
3803,-2.177022933524392,0.6599742893261529,2.0,0.5,False
3804,-3.1018705554108634,-2.1205511252677134,2.0,0.5,False
3805,0.19832711307642734,-0.5516071044868454,2.0,0.5,False
3806,0.052230292331250164,2.4742893812261326,2.0,0.5,False
3807,0.7524951055578323,0.39460318384857707,2.0,0.5,False
3808,-2.0393749003629758,1.009813834647393,2.0,0.5,False
3809,-0.15987044109024762,1.0193415459333826,2.0,0.5,False
3810,-1.4904136332853826,-2.3903176417278176,2.0,0.5,False
3811,-0.8302224809668849,-0.10004245489803765,2.0,0.5,False
3812,1.16248321121902,1.2468322667235472,2.0,0.5,False
3813,1.5671960624349506,2.5032340133260895,2.0,0.5,False
3814,-0.3357021473947041,0.43949673187769656,2.0,0.5,False
3815,0.06284313687065571,-0.1041279369581245,2.0,0.5,False
3816,1.0485158577171394,1.8162711988668458,2.0,0.5,False
3817,-0.3113221169446006,0.31124539677323015,2.0,0.5,False
3818,1.0984166182149997,2.1167553684408915,2.0,0.5,False
3819,0.8774467330315416,2.3294800956753896,2.0,0.5,False
3820,-0.43520860305440434,0.1487086665299548,2.0,0.5,False
3821,0.7973217681191738,2.0488615581045995,2.0,0.5,False
3822,2.102117799050206,5.951413957026306,2.0,0.5,False
3823,-0.9406253629948407,1.4278646413833864,2.0,0.5,False
3824,-0.6977738664462007,-1.0971200672597168,2.0,0.5,False
3825,1.9533231807425062,1.795660730180609,2.0,0.5,False
3826,0.2913544816927083,1.8704469670080204,2.0,0.5,False
3827,-0.2249533700751892,-0.14562123661074589,2.0,0.5,False
3828,1.0414486037841186,2.73758070397782,2.0,0.5,False
3829,-2.3220637233450594,-2.385781846048095,2.0,0.5,False
3830,0.39760736503903704,0.12062455978888309,2.0,0.5,False
3831,0.6942768405018716,3.802523211342042,2.0,0.5,False
3832,0.05919904716610587,1.7359502877934572,2.0,0.5,False
3833,-0.36745192145876354,-1.113099774083318,2.0,0.5,False
3834,0.41844768888939315,0.47493422235059357,2.0,0.5,False
3835,-0.5537253096159986,1.0806932772652602,2.0,0.5,False
3836,-0.1930730581878177,0.3848722539056182,2.0,0.5,False
3837,-0.032222437719469706,1.140963476919541,2.0,0.5,False
3838,0.9795448245463192,2.5110065856929085,2.0,0.5,False
3839,-0.7441099675478703,0.4622790346627801,2.0,0.5,False
3840,0.6204016057178805,0.6579411229254883,2.0,0.5,False
3841,0.36588309294158133,-0.953499988292589,2.0,0.5,False
3842,-0.9418130460304492,2.028780925091004,2.0,0.5,False
3843,0.28235168372689984,0.31119971876667774,2.0,0.5,False
3844,0.04289795912247881,1.2319403252331016,2.0,0.5,False
3845,0.5156537949043069,1.8890203623369908,2.0,0.5,False
3846,0.09336298339072086,2.4968606598735787,2.0,0.5,False
3847,-1.2838969985772273,1.7161942292597008,2.0,0.5,False
3848,0.5550669803820849,2.416980390139411,2.0,0.5,False
3849,0.7741047750860164,4.7746315250589415,2.0,0.5,False
3850,-0.5118759133601501,0.7495976065142115,2.0,0.5,False
3851,0.016005172331820527,-0.1709062649557983,2.0,0.5,False
3852,0.03297284687615576,0.16660182079286512,2.0,0.5,False
3853,-1.5246290443960748,-1.2445809231971863,2.0,0.5,False
3854,-1.3122167505558415,1.1778147767415073,2.0,0.5,False
3855,1.3843831409937917,1.6235477490910912,2.0,0.5,False
3856,1.10437915041907,0.9480887841851304,2.0,0.5,False
3857,-2.2687306580179283,-1.0183736999990536,2.0,0.5,False
3858,-1.2223977256671001,0.8993576593651992,2.0,0.5,False
3859,-0.47427423520118117,3.6082151892058794,2.0,0.5,False
3860,0.4964568581180066,1.518916265825216,2.0,0.5,False
3861,0.7693684703359938,1.9437125035309477,2.0,0.5,False
3862,-0.8291636559747326,2.090674293042969,2.0,0.5,False
3863,-0.3882453590699733,0.4024386945894599,2.0,0.5,False
3864,-0.2872266119178151,-0.5936489185904688,2.0,0.5,False
3865,0.5321626997667478,3.0442842508341488,2.0,0.5,False
3866,-0.15841608175400854,1.3315790503704927,2.0,0.5,False
3867,0.14372889998459598,1.0583578133343805,2.0,0.5,False
3868,-0.8784873909184138,-1.8423633489781581,2.0,0.5,False
3869,-0.2872774339160239,0.4213242703454668,2.0,0.5,False
3870,-1.8233833824874537,-1.728960548900185,2.0,0.5,False
3871,0.4684366756253973,1.4470634929374273,2.0,0.5,False
3872,0.23649092422614693,-1.8330819826985234,2.0,0.5,False
3873,-1.2937943318290803,-0.9399944367090524,2.0,0.5,False
3874,-0.5750843337983049,1.2334727745435894,2.0,0.5,False
3875,1.1427223110008078,1.0261055883280945,2.0,0.5,False
3876,-0.5065614407433704,0.7310197707148627,2.0,0.5,False
3877,-0.7648692258363974,-1.6484940284721712,2.0,0.5,False
3878,-0.6800994921812202,1.0055613790149098,2.0,0.5,False
3879,1.230377289283919,4.5472285221938185,2.0,0.5,False
3880,-0.4494295575753181,1.0827771010672878,2.0,0.5,False
3881,0.05227247536401643,-0.5961728120775565,2.0,0.5,False
3882,-1.11730547901858,0.670164512249184,2.0,0.5,False
3883,0.27097009003898864,-0.5090085196033682,2.0,0.5,False
3884,-0.4334100577094152,-0.6426860121439232,2.0,0.5,False
3885,0.2907587088227113,2.877640535345976,2.0,0.5,False
3886,0.242238069845862,0.050574237928691534,2.0,0.5,False
3887,1.6880119939755334,3.2020347926958608,2.0,0.5,False
3888,-2.579884345773682,-4.033730720480817,2.0,0.5,False
3889,0.1819738244788612,-0.6699266678506892,2.0,0.5,False
3890,-0.2557122505174423,2.214469086457978,2.0,0.5,False
3891,-0.5038046412473836,3.6578704987866817,2.0,0.5,False
3892,-0.39140658159877484,0.6888084927160847,2.0,0.5,False
3893,1.063845461580492,3.818465929434888,2.0,0.5,False
3894,-0.1306447010515856,-0.029863538646723975,2.0,0.5,False
3895,-0.33823415415324976,1.1717829838762386,2.0,0.5,False
3896,-0.0493812691107135,-0.4569131151813607,2.0,0.5,False
3897,0.7254520747578173,3.8468362436442844,2.0,0.5,False
3898,-0.7086730153074583,-1.4869651855223145,2.0,0.5,False
3899,-0.3326786906016562,1.867555006434881,2.0,0.5,False
3900,-0.6856574020069466,0.8764417292661246,2.0,0.5,False
3901,0.7548781834627051,2.040155386887301,2.0,0.5,False
3902,2.276012722025619,3.6028541910680385,2.0,0.5,False
3903,0.04678534358762615,2.5939301418206235,2.0,0.5,False
3904,-0.4807884897569848,0.08198965521146322,2.0,0.5,False
3905,0.27135150155922577,-1.2054164484139975,2.0,0.5,False
3906,0.17245891752934966,2.17494459880559,2.0,0.5,False
3907,0.6434388049020453,0.6565705029014762,2.0,0.5,False
3908,-0.8225710241860678,-0.8031675948838818,2.0,0.5,False
3909,0.29270228511057195,-0.28677781739993935,2.0,0.5,False
3910,-0.21251092197781074,-0.49796378649482415,2.0,0.5,False
3911,-0.41667986325815065,1.0232453901874956,2.0,0.5,False
3912,0.7672583119361639,3.5383976406974007,2.0,0.5,False
3913,0.5207919804625761,2.3436518671778575,2.0,0.5,False
3914,-0.19933423618336563,3.125080661812121,2.0,0.5,False
3915,-0.41559644895204617,0.97093639920934,2.0,0.5,False
3916,-2.101603636557963,-2.1249773429190633,2.0,0.5,False
3917,0.8340584545948592,2.257519710608142,2.0,0.5,False
3918,0.548751993234121,2.530220226243412,2.0,0.5,False
3919,1.00973266907402,4.2643756473617795,2.0,0.5,False
3920,-0.5195986054349288,-2.2146032192899527,2.0,0.5,False
3921,-0.3306404262717263,-0.07053303057497866,2.0,0.5,False
3922,-1.829525299410999,1.9441966507676005,2.0,0.5,False
3923,1.1862648199612054,1.7689707276883584,2.0,0.5,False
3924,0.8688491790102038,0.2675716551296378,2.0,0.5,False
3925,0.3311479488875928,1.03772192966221,2.0,0.5,False
3926,-1.466418064554823,0.5854422653147917,2.0,0.5,False
3927,-0.08839271955892812,-2.514491925551865,2.0,0.5,False
3928,0.0754118468673487,2.1402937014744414,2.0,0.5,False
3929,0.17645114637827936,1.608221416970804,2.0,0.5,False
3930,0.4769322463729105,0.6207990792795328,2.0,0.5,False
3931,-1.1854712038852853,1.2324942870473734,2.0,0.5,False
3932,-0.11711433245548693,0.2556053990444703,2.0,0.5,False
3933,-1.8711756227204224,-0.014165253190213202,2.0,0.5,False
3934,-0.9068544043086452,0.6072821641688781,2.0,0.5,False
3935,-0.5029334378337803,-0.9336653793827421,2.0,0.5,False
3936,-0.6203512403515199,0.8591716943659954,2.0,0.5,False
3937,-1.4607795065705453,-0.3339306661406518,2.0,0.5,False
3938,0.35054973919876015,2.5305838129340543,2.0,0.5,False
3939,-1.833896682025067,-1.6402444797381288,2.0,0.5,False
3940,1.386421303965181,2.260860121696515,2.0,0.5,False
3941,-1.0724358367362805,-1.5306621837790995,2.0,0.5,False
3942,-0.6781406366180313,-0.8402086685285604,2.0,0.5,False
3943,-0.9784850114162843,0.049808578746496995,2.0,0.5,False
3944,-0.4472165970024378,-2.034697706303011,2.0,0.5,False
3945,-1.2385345470444824,0.2181141565648892,2.0,0.5,False
3946,0.47908261441625005,1.6383915656357089,2.0,0.5,False
3947,-2.437194052685288,0.25239910210033467,2.0,0.5,False
3948,1.1863625865535157,0.6147826426732201,2.0,0.5,False
3949,0.37293058633024717,1.533882071162326,2.0,0.5,False
3950,0.7255496749825413,2.8220669758875627,2.0,0.5,False
3951,0.13151858119514945,0.024339973749397115,2.0,0.5,False
3952,-1.2240730986563204,0.4009706149892778,2.0,0.5,False
3953,-0.22280665117128834,0.7056385397884484,2.0,0.5,False
3954,-1.7844142216705823,-2.774703049935603,2.0,0.5,False
3955,-0.6661456556624471,0.5779158345321455,2.0,0.5,False
3956,-0.4554427706276628,0.25396152765480884,2.0,0.5,False
3957,-0.4439447418383171,0.717699346393242,2.0,0.5,False
3958,-0.8288706834875845,0.1801450359225083,2.0,0.5,False
3959,-0.3597403665138868,-0.7515507401043368,2.0,0.5,False
3960,-0.9014557582299013,0.0038107380827300252,2.0,0.5,False
3961,0.22613935539061744,-0.8536960130363709,2.0,0.5,False
3962,-0.6021687345424989,-0.005492669209815254,2.0,0.5,False
3963,0.003646220248734261,1.2672304852218852,2.0,0.5,False
3964,1.6965105260933813,2.41484680649486,2.0,0.5,False
3965,-0.9153202913420362,1.3631135889486643,2.0,0.5,False
3966,-0.21086773346074927,-0.1513057197336194,2.0,0.5,False
3967,-0.7639005572895547,1.1880307508464807,2.0,0.5,False
3968,-1.0029607465779644,2.0172549765077097,2.0,0.5,False
3969,1.093989927959381,3.1682396916382185,2.0,0.5,False
3970,-0.20794839619702604,1.3316763479456801,2.0,0.5,False
3971,0.5659696289105015,2.2649896807052974,2.0,0.5,False
3972,-0.34955641861329,2.1585333915363805,2.0,0.5,False
3973,0.44331198670688093,-0.17145603895755168,2.0,0.5,False
3974,-0.7939090820831289,-2.192607814307671,2.0,0.5,False
3975,0.4133020226138265,-0.3403751354053282,2.0,0.5,False
3976,-0.9730296719225437,1.1431244146680704,2.0,0.5,False
3977,-1.5649290829040492,-1.1310086304351654,2.0,0.5,False
3978,1.6831239657911772,4.045034144690937,2.0,0.5,False
3979,-0.6492956855411693,1.1933441958082898,2.0,0.5,False
3980,0.8850102859810632,1.3003828045191141,2.0,0.5,False
3981,-1.8404029153295354,-2.3292793000118444,2.0,0.5,False
3982,-0.6252557098981802,0.8015140892262635,2.0,0.5,False
3983,0.11707965423898421,0.7170352398457585,2.0,0.5,False
3984,0.9840403539584655,3.041832083095181,2.0,0.5,False
3985,0.61604568060973,2.041533509740648,2.0,0.5,False
3986,-0.3886142076407017,-0.23024800452089766,2.0,0.5,False
3987,-0.8287409182873063,1.2330851787505124,2.0,0.5,False
3988,0.6518500279209365,0.8983251479146883,2.0,0.5,False
3989,-0.09401706208502694,1.6455310715346774,2.0,0.5,False
3990,-0.3567335056550296,-1.1715626629395406,2.0,0.5,False
3991,-1.6821778282107618,0.8701747491918461,2.0,0.5,False
3992,0.7780705230426208,2.7814292444698907,2.0,0.5,False
3993,0.7220567947617276,3.470344554861465,2.0,0.5,False
3994,0.5542469703132575,2.0113911401779725,2.0,0.5,False
3995,1.0184886449806376,1.3872484553821383,2.0,0.5,False
3996,-2.900024338225634,-4.187239238011459,2.0,0.5,False
3997,0.6770202205704409,2.372381942425752,2.0,0.5,False
3998,-0.19928272050665252,2.127362966067226,2.0,0.5,False
3999,-2.0069704240889648,-3.290873216774817,2.0,0.5,False
4000,0.5090672122119907,0.3687606872718858,2.0,0.5,False
4001,-0.09851912419512968,1.8172369572452862,2.0,0.5,False
4002,0.008796510281910266,-1.1673186009913243,2.0,0.5,False
4003,0.4922710029748714,0.533755196443715,2.0,0.5,False
4004,-0.11842954078803962,-0.24604140539631558,2.0,0.5,False
4005,-1.795449927469537,-3.2471550522855392,2.0,0.5,False
4006,0.2094952734768625,-0.7532233506582664,2.0,0.5,False
4007,-0.18045723898114122,0.32958173453784867,2.0,0.5,False
4008,3.071160405587555,4.454901910924737,2.0,0.5,False
4009,-0.2196378831833932,1.7701958214033384,2.0,0.5,False
4010,-0.1348202469351863,0.2067799516233094,2.0,0.5,False
4011,-1.4457695197820124,0.518116578249108,2.0,0.5,False
4012,0.8917611624331414,1.6122007733821535,2.0,0.5,False
4013,0.48213342861621933,1.3355325357308616,2.0,0.5,False
4014,0.8571073051405446,1.9308361050527765,2.0,0.5,False
4015,0.21104471414427417,0.7967107998085059,2.0,0.5,False
4016,-1.0108237075461273,0.801978651793204,2.0,0.5,False
4017,-2.9719765624633556,-1.2483182410472913,2.0,0.5,False
4018,-1.9665966790913327,-0.17000395014313496,2.0,0.5,False
4019,0.657760207962384,1.2508675322190534,2.0,0.5,False
4020,0.4970380227932527,3.1786494238712715,2.0,0.5,False
4021,0.28948451941542175,2.6031846327416295,2.0,0.5,False
4022,1.009482264462692,3.483517036289194,2.0,0.5,False
4023,0.04866669397669684,1.652123679613331,2.0,0.5,False
4024,0.28518970539701716,2.223287449055439,2.0,0.5,False
4025,-0.731317405517708,0.3897935651147546,2.0,0.5,False
4026,-1.1880164597896152,1.82209067937365,2.0,0.5,False
4027,-0.668077734433566,-2.2908022532787244,2.0,0.5,False
4028,0.8467997208460591,2.893142311718508,2.0,0.5,False
4029,-1.59059931129605,-0.8491333140866268,2.0,0.5,False
4030,2.9403018709594453,4.468308950801551,2.0,0.5,False
4031,-0.8033394932760588,1.1732842221066597,2.0,0.5,False
4032,0.23889158974606364,1.7246794217100996,2.0,0.5,False
4033,-0.9116724447323991,-0.004020485605864932,2.0,0.5,False
4034,3.4495794208166624,5.4731149605546525,2.0,0.5,False
4035,-0.2733621616583049,-0.27537971329257604,2.0,0.5,False
4036,0.08568671029521534,1.7107884526907284,2.0,0.5,False
4037,-0.23938319989874154,-0.7085037084281449,2.0,0.5,False
4038,0.03245140163896067,2.143893172128616,2.0,0.5,False
4039,1.4874180892496922,1.9955524926947925,2.0,0.5,False
4040,-0.03129744778119397,0.719607253555741,2.0,0.5,False
4041,-0.6724650444712169,-0.5835283621386466,2.0,0.5,False
4042,0.07387036571604358,1.9816176368898628,2.0,0.5,False
4043,-0.22137531923426887,0.44090138923813915,2.0,0.5,False
4044,-0.36203794650470805,3.404566044958357,2.0,0.5,False
4045,-0.5325563725165444,1.5050218419374592,2.0,0.5,False
4046,0.22974144583271455,0.2623372058734883,2.0,0.5,False
4047,0.868807594202699,2.738170154513946,2.0,0.5,False
4048,1.093698302421958,4.210311835498664,2.0,0.5,False
4049,-1.9374074208077643,-0.5951265703165247,2.0,0.5,False
4050,-0.6981864313036614,3.169804642220164,2.0,0.5,False
4051,1.4859741317563973,2.748810258253522,2.0,0.5,False
4052,1.2199137478997226,2.675399113165558,2.0,0.5,False
4053,-0.3808774513346688,0.22815806180770792,2.0,0.5,False
4054,0.7474417826466606,3.4556153765211928,2.0,0.5,False
4055,0.4976973925343545,1.839917617502717,2.0,0.5,False
4056,0.3924698041370788,1.0112075784140049,2.0,0.5,False
4057,-0.5669980191742721,-0.01260380381746333,2.0,0.5,False
4058,0.5460124392500895,2.5095481625968663,2.0,0.5,False
4059,0.18507923156869838,1.6746657042299529,2.0,0.5,False
4060,-0.532969302113663,0.9333513130191103,2.0,0.5,False
4061,0.15268426905363086,1.8215130737612397,2.0,0.5,False
4062,0.009388115483968172,0.7235468915443812,2.0,0.5,False
4063,0.3079419189690643,2.1036778976145296,2.0,0.5,False
4064,-0.5473855935759823,1.091349103907652,2.0,0.5,False
4065,1.7369526639940316,1.8717420863108558,2.0,0.5,False
4066,-0.2993410241194361,1.0446707754178004,2.0,0.5,False
4067,-0.2828498490962829,0.09498655977325648,2.0,0.5,False
4068,0.016655478159637294,0.5103222471448163,2.0,0.5,False
4069,-0.9829325471264962,0.4691106473884997,2.0,0.5,False
4070,1.5449032510042724,2.0023977392346253,2.0,0.5,False
4071,1.0718618896805374,4.273977483555079,2.0,0.5,False
4072,-0.30747444430506105,1.46523926408221,2.0,0.5,False
4073,-0.037948333117845116,1.8049572697578347,2.0,0.5,False
4074,1.6458513216351742,5.277951215595874,2.0,0.5,False
4075,-1.3233697733864773,-0.5172150291582563,2.0,0.5,False
4076,-0.9184089215406539,0.3444560635503511,2.0,0.5,False
4077,0.08087251456815309,0.4013060095064232,2.0,0.5,False
4078,0.9568264824110535,3.5814532777054513,2.0,0.5,False
4079,-0.06122657343207188,2.6027715153851054,2.0,0.5,False
4080,0.6545478173835433,2.1622012339666483,2.0,0.5,False
4081,-0.3606742220782641,-0.212652992431982,2.0,0.5,False
4082,-0.9905420267816789,-1.8154701993996025,2.0,0.5,False
4083,1.0046316316329131,2.3327230861222774,2.0,0.5,False
4084,-0.15952183942980833,-1.1521787594649766,2.0,0.5,False
4085,-0.7705378587694137,0.7292900788460738,2.0,0.5,False
4086,0.6345794561656988,-0.40975179909294956,2.0,0.5,False
4087,2.5678176057617343,4.570835375807273,2.0,0.5,False
4088,-0.8525058577649527,-0.9972666928775341,2.0,0.5,False
4089,0.30792598976141633,1.0818914471914036,2.0,0.5,False
4090,-0.01644740250307007,0.7140050423666298,2.0,0.5,False
4091,0.9301755509155922,3.1417606153387254,2.0,0.5,False
4092,0.9723761805009548,3.488809925813661,2.0,0.5,False
4093,-2.5411348047402824,-3.0101405859755204,2.0,0.5,False
4094,0.9023768257534167,3.8483818012207642,2.0,0.5,False
4095,0.6789294221234096,2.711801912377585,2.0,0.5,False
4096,0.0789377834535595,2.0701754790640257,2.0,0.5,False
4097,1.4516752694900699,3.695451878736943,2.0,0.5,False
4098,0.22939403845916265,2.8593180014066597,2.0,0.5,False
4099,-1.1725348882007185,-2.514194895893024,2.0,0.5,False
4100,0.4963468820894598,0.7106249187541616,2.0,0.5,False
4101,0.47430600592757577,2.2311213298764,2.0,0.5,False
4102,-0.47387470964631906,-0.9114527726946454,2.0,0.5,False
4103,-0.5689668299588526,3.7417075606533476,2.0,0.5,False
4104,1.2163473125841378,1.8201447399941229,2.0,0.5,False
4105,0.05667535615293597,0.26738855097006176,2.0,0.5,False
4106,-0.7006079990600995,0.48506255798564596,2.0,0.5,False
4107,-2.051249063377836,-0.8664916622296097,2.0,0.5,False
4108,0.6399519762305227,2.2390568135944044,2.0,0.5,False
4109,-0.7510440994100254,-0.27231431103309656,2.0,0.5,False
4110,0.7914850660698127,1.8441809216032945,2.0,0.5,False
4111,1.7461415449768676,1.7326588736223103,2.0,0.5,False
4112,-1.635229512781567,0.8099632768249989,2.0,0.5,False
4113,-1.2734763681288452,-0.5978184151036294,2.0,0.5,False
4114,0.11398623820318303,2.911205780331471,2.0,0.5,False
4115,0.5403793416921265,1.9357491635016593,2.0,0.5,False
4116,-0.02344122586257541,2.3400836132523413,2.0,0.5,False
4117,1.430063390930007,2.429276530622909,2.0,0.5,False
4118,-1.258838994102588,2.445858884951449,2.0,0.5,False
4119,-0.5783923048670022,1.606346227454626,2.0,0.5,False
4120,-1.8498824502780737,1.2187957715449436,2.0,0.5,False
4121,-0.45936711422061166,-0.45002641309283425,2.0,0.5,False
4122,0.2283916969449596,1.5171549848645576,2.0,0.5,False
4123,1.4676262921115242,2.6287272865852134,2.0,0.5,False
4124,-0.2459127105818286,-1.4070632619409895,2.0,0.5,False
4125,0.8460303508113025,1.040627738250077,2.0,0.5,False
4126,-0.6652949160283399,0.9346545659079412,2.0,0.5,False
4127,-0.7788503754278004,0.061774056933977306,2.0,0.5,False
4128,0.530050487307874,-0.18617442950156482,2.0,0.5,False
4129,0.2801801636453938,1.6847444229490962,2.0,0.5,False
4130,1.5086920501706191,3.4931125425911653,2.0,0.5,False
4131,0.49877069450628586,2.6836243933520008,2.0,0.5,False
4132,-0.19658435613290717,2.2911688633622007,2.0,0.5,False
4133,-0.20704932496779438,0.3099008326290513,2.0,0.5,False
4134,0.3782689193038652,2.3290223955567297,2.0,0.5,False
4135,0.2496710195214453,2.3648259213451155,2.0,0.5,False
4136,1.2288493077518956,2.8771660991923635,2.0,0.5,False
4137,0.2910195791907855,4.43988777529119,2.0,0.5,False
4138,1.9656457013824733,5.120059447375443,2.0,0.5,False
4139,1.6713234746246766,3.6960433229395595,2.0,0.5,False
4140,-1.0651190007770848,0.4142446008644508,2.0,0.5,False
4141,0.7124348544866405,1.1665730523622722,2.0,0.5,False
4142,-1.6750345464523635,0.07237466560942621,2.0,0.5,False
4143,1.018574475839205,1.655703080234327,2.0,0.5,False
4144,1.026732350422663,0.7257815552146862,2.0,0.5,False
4145,-0.3724033967742214,1.9687249008831424,2.0,0.5,False
4146,-0.3356674007640985,-0.13762903328494414,2.0,0.5,False
4147,-0.13498623541202828,-0.21138763268555774,2.0,0.5,False
4148,0.8951584878934873,2.6705709570010217,2.0,0.5,False
4149,1.4769604770502358,3.8183192613686305,2.0,0.5,False
4150,-0.40858499867968046,0.07197383277942815,2.0,0.5,False
4151,0.3942951015865238,2.36073814877656,2.0,0.5,False
4152,0.1682921296987774,0.4203380348622279,2.0,0.5,False
4153,1.3952487448281587,3.0340675809086903,2.0,0.5,False
4154,-0.13200489559869866,1.649677130515434,2.0,0.5,False
4155,-1.9580144697930992,-0.805482823647709,2.0,0.5,False
4156,0.5783533735060874,0.7038981233277228,2.0,0.5,False
4157,0.8893111193422365,2.5752438298441236,2.0,0.5,False
4158,0.21159513351581055,-1.9520239762578004,2.0,0.5,False
4159,-0.03706797419017838,0.5275820746678951,2.0,0.5,False
4160,0.9301988430813805,2.8394032358102326,2.0,0.5,False
4161,1.142207294336032,3.180138190712496,2.0,0.5,False
4162,1.3687262241946136,-0.08927573172177428,2.0,0.5,False
4163,0.3478471315510939,1.712434174550403,2.0,0.5,False
4164,0.9901215067469518,3.5061236754005853,2.0,0.5,False
4165,0.6925990515280951,2.179061671086858,2.0,0.5,False
4166,0.8018880301266844,1.739824294938992,2.0,0.5,False
4167,0.4005046569552105,1.4954393897732992,2.0,0.5,False
4168,-0.11989796116368526,-0.6128760738586654,2.0,0.5,False
4169,-0.19303687444579243,0.6511345962013915,2.0,0.5,False
4170,1.6905016076770873,4.617912802492906,2.0,0.5,False
4171,1.0290845063569845,3.619250971353307,2.0,0.5,False
4172,0.5960116186133435,1.5794664257893658,2.0,0.5,False
4173,0.6156240747426341,0.6169541854416675,2.0,0.5,False
4174,0.5135595946428299,1.0901103791394675,2.0,0.5,False
4175,-1.0030043926383285,-1.8144948313791696,2.0,0.5,False
4176,0.3477044009158048,3.81127454840109,2.0,0.5,False
4177,-2.4380067562658523,-1.8440677939143195,2.0,0.5,False
4178,0.039347463645623984,1.4368661714201516,2.0,0.5,False
4179,0.07348795771682828,-1.0310955237719295,2.0,0.5,False
4180,-2.338461564897188,-1.9982814932003432,2.0,0.5,False
4181,-0.7320070326654804,-1.2560054579274562,2.0,0.5,False
4182,-1.370374486132778,-0.3478795143386081,2.0,0.5,False
4183,1.9074361903742112,0.23595741638834933,2.0,0.5,False
4184,-0.7858356743359418,1.1889265325687217,2.0,0.5,False
4185,0.06751991466684742,0.6324741900183194,2.0,0.5,False
4186,0.05012317846105307,2.403500378851833,2.0,0.5,False
4187,0.024397566032768124,2.007519851879362,2.0,0.5,False
4188,-1.3435068208436953,-0.7562092885651968,2.0,0.5,False
4189,0.3111144730191274,0.832453967507254,2.0,0.5,False
4190,-1.3332397440078387,-0.4730515464062388,2.0,0.5,False
4191,2.280443411112421,2.322922276069481,2.0,0.5,False
4192,1.0281428335287768,1.8573795452398336,2.0,0.5,False
4193,-1.354471296579917,-0.6782272963313208,2.0,0.5,False
4194,-1.7917160087427046,-0.00337828056861611,2.0,0.5,False
4195,1.5957270946653879,1.1975507807408936,2.0,0.5,False
4196,0.5776168026138612,1.6717532422290837,2.0,0.5,False
4197,-0.7800482744473057,0.7778045824851624,2.0,0.5,False
4198,-0.4220692580168003,0.2894746434474127,2.0,0.5,False
4199,0.7558018985589726,1.7474252141101743,2.0,0.5,False
4200,0.3872558544836443,1.4452845621740433,2.0,0.5,False
4201,0.41733695303007884,2.803730738650154,2.0,0.5,False
4202,0.32089472104355427,1.425236635497886,2.0,0.5,False
4203,0.07762251366922275,1.1430455983490653,2.0,0.5,False
4204,-0.6644212672791523,0.6709483332864374,2.0,0.5,False
4205,0.7895560021211868,2.5253384577591897,2.0,0.5,False
4206,-0.2500066175888402,-0.3529632442564946,2.0,0.5,False
4207,-0.37647745732050003,1.5208575769017385,2.0,0.5,False
4208,0.7185428617338045,1.941454057528555,2.0,0.5,False
4209,0.4380756229782524,2.371572588655673,2.0,0.5,False
4210,1.483612985300721,3.045626038860724,2.0,0.5,False
4211,-0.1343860235227474,3.9943822509023033,2.0,0.5,False
4212,1.551602387847692,4.601344755218747,2.0,0.5,False
4213,0.737845913092378,1.8311700205033423,2.0,0.5,False
4214,1.137770538438306,3.605612514706177,2.0,0.5,False
4215,0.10277979352419954,2.869735695615652,2.0,0.5,False
4216,-2.181030497351701,-0.8989425054971115,2.0,0.5,False
4217,-1.309008899275231,0.2983874155578623,2.0,0.5,False
4218,2.1509814362104844,1.8208876325094105,2.0,0.5,False
4219,-0.24638986801498208,-0.7758648002609203,2.0,0.5,False
4220,0.6062163070517562,0.9120818607006211,2.0,0.5,False
4221,0.2652771467606687,1.0715799755846884,2.0,0.5,False
4222,0.6464628050164736,1.689022323118174,2.0,0.5,False
4223,-1.4909428652855727,-1.0770373175203347,2.0,0.5,False
4224,-1.1114907008266297,-0.2757203973661117,2.0,0.5,False
4225,0.9569249612685636,2.4427939221661554,2.0,0.5,False
4226,0.15237590281344068,1.58309885575955,2.0,0.5,False
4227,-0.8450907915427984,-0.20462955750838607,2.0,0.5,False
4228,-0.3849956340830281,-0.5051898536877812,2.0,0.5,False
4229,2.5206123112522723,3.6461774749492672,2.0,0.5,False
4230,-1.4047844079535976,-1.3425283088518571,2.0,0.5,False
4231,-0.5022547141011796,-0.7434745381491247,2.0,0.5,False
4232,0.836965809362953,0.5919759076381172,2.0,0.5,False
4233,-0.14542179459028068,-0.4860807249946719,2.0,0.5,False
4234,1.5048743640997515,1.1088107726260104,2.0,0.5,False
4235,0.7618819472825262,1.9591392327634187,2.0,0.5,False
4236,0.14683207681706617,1.6790928756142853,2.0,0.5,False
4237,0.3248998208274091,2.4659201262586956,2.0,0.5,False
4238,-0.41504732038087355,4.437513492543819,2.0,0.5,False
4239,0.026793950657915525,0.605687423420082,2.0,0.5,False
4240,-1.4722240764448695,-0.2650665893052191,2.0,0.5,False
4241,1.1232941685067765,3.6708190853638505,2.0,0.5,False
4242,-0.41061683717093106,-1.2697343859024737,2.0,0.5,False
4243,0.9226008100925833,0.5222385071526949,2.0,0.5,False
4244,-0.8938300304404198,-0.24853818017432036,2.0,0.5,False
4245,0.10247403307944322,1.6391131795567364,2.0,0.5,False
4246,-0.5356518926732832,1.1323098796419218,2.0,0.5,False
4247,-1.0800016233468073,0.109561539050473,2.0,0.5,False
4248,-0.5818885523727599,0.42493836952545083,2.0,0.5,False
4249,0.2715550172766454,-0.041360271787850955,2.0,0.5,False
4250,0.6976191410871924,3.576689893814943,2.0,0.5,False
4251,1.2750277627382656,1.0611391877410106,2.0,0.5,False
4252,-0.5396073131803798,1.4899470444442944,2.0,0.5,False
4253,0.16734219892776492,1.7270057431459118,2.0,0.5,False
4254,0.5643043677550253,2.0434777028905513,2.0,0.5,False
4255,1.1465675834574764,2.14557298596785,2.0,0.5,False
4256,1.4899302613905383,2.550554489241065,2.0,0.5,False
4257,-1.2825377855189757,-0.6649743718965063,2.0,0.5,False
4258,-0.6762259627354084,-0.3824844105395069,2.0,0.5,False
4259,0.28070686426429886,0.7212730726339431,2.0,0.5,False
4260,0.3822308678515568,3.6590531788255105,2.0,0.5,False
4261,-0.4958944759790947,-0.4603045049756824,2.0,0.5,False
4262,-1.1996829825817743,-0.7692429089561781,2.0,0.5,False
4263,2.1207284366392765,3.468413393643578,2.0,0.5,False
4264,-1.6692232427773506,-0.5703367579612452,2.0,0.5,False
4265,-0.5966024033074072,-0.35313362580464536,2.0,0.5,False
4266,0.6885058063428666,0.5221345548116276,2.0,0.5,False
4267,0.2230240713393445,1.4607638622971248,2.0,0.5,False
4268,-0.46719518190535936,-1.5843245808923436,2.0,0.5,False
4269,0.3291621976218291,1.2566132391664502,2.0,0.5,False
4270,1.1705230772124104,0.774366569440188,2.0,0.5,False
4271,0.48182853608622217,-0.7434123381696209,2.0,0.5,False
4272,0.22286296539173334,3.0239823748539925,2.0,0.5,False
4273,0.33206081778950547,0.36984918852595294,2.0,0.5,False
4274,0.7021208102585492,2.799241791037649,2.0,0.5,False
4275,-1.405549862439195,0.5905828232392212,2.0,0.5,False
4276,1.0144886499436603,1.7464360017500595,2.0,0.5,False
4277,0.23663528564264666,2.698712416583742,2.0,0.5,False
4278,-0.9839178038593388,-1.9583319717219991,2.0,0.5,False
4279,0.297830751726581,-0.15972524952521971,2.0,0.5,False
4280,0.10910054254081471,1.8250511748917622,2.0,0.5,False
4281,0.8609734944729155,0.5594728978284447,2.0,0.5,False
4282,-0.7190306644651562,0.4344752390634474,2.0,0.5,False
4283,0.4638187563233384,2.7372959089301734,2.0,0.5,False
4284,0.4110396859626949,1.661860532136247,2.0,0.5,False
4285,0.0021278583595279637,1.4129097423552064,2.0,0.5,False
4286,-0.6833794859054563,2.1180908189013774,2.0,0.5,False
4287,0.2540102140260934,1.2508920511769184,2.0,0.5,False
4288,-0.19148419046333015,1.9858391767742747,2.0,0.5,False
4289,-0.3770696879267179,-2.407032691886149,2.0,0.5,False
4290,-1.1649775961302697,-0.18579661111290596,2.0,0.5,False
4291,-0.04325836480546336,-0.8166778297276802,2.0,0.5,False
4292,0.07698697393157054,-0.05698620306339519,2.0,0.5,False
4293,0.10499108265181842,1.5263557417145284,2.0,0.5,False
4294,-0.146499325758328,-0.19300243675265305,2.0,0.5,False
4295,-1.2481391534976247,-0.5979419040975755,2.0,0.5,False
4296,1.9170590073050915,4.708126547917225,2.0,0.5,False
4297,0.707900984542536,0.5925664025219293,2.0,0.5,False
4298,-1.8243776571520098,-0.46392614803553,2.0,0.5,False
4299,-1.6028620801598594,-3.2378015747777384,2.0,0.5,False
4300,1.1939473509436194,3.204963969555891,2.0,0.5,False
4301,-1.8830462486895856,-1.183069352779048,2.0,0.5,False
4302,-0.8983497680611573,0.717217401949371,2.0,0.5,False
4303,0.40259077980802466,1.842780827295325,2.0,0.5,False
4304,1.561461381392156,2.723669278831989,2.0,0.5,False
4305,-0.07782410944944093,2.622895165995354,2.0,0.5,False
4306,-0.293919695727566,0.023069620627122117,2.0,0.5,False
4307,-0.9272749073696152,0.2535372545631098,2.0,0.5,False
4308,-0.24914687433108687,-1.7005381665765715,2.0,0.5,False
4309,0.39819731761286037,1.3736026811570792,2.0,0.5,False
4310,-0.6288211452282919,-0.38562098466671324,2.0,0.5,False
4311,-1.5168194346875683,-2.4770394246439906,2.0,0.5,False
4312,0.17121376265317467,0.6839410283125906,2.0,0.5,False
4313,-0.32206016281833166,0.3540114703698732,2.0,0.5,False
4314,1.8208144462201978,4.860969676843933,2.0,0.5,False
4315,-1.7997828127257594,-1.4946748568423107,2.0,0.5,False
4316,0.13453366199607975,1.8661538603466046,2.0,0.5,False
4317,0.24035146810270971,3.452729582005877,2.0,0.5,False
4318,-1.134451364852468,-0.1758047564462334,2.0,0.5,False
4319,-0.6568388902924833,1.1369947468064918,2.0,0.5,False
4320,-1.1019571281533986,-0.6778793310869633,2.0,0.5,False
4321,-1.3394922028293155,-0.4055199032635353,2.0,0.5,False
4322,0.2962850104177497,2.884631858827229,2.0,0.5,False
4323,-0.11103782939995607,1.0034792136812591,2.0,0.5,False
4324,0.49940157123791357,2.7664428508161896,2.0,0.5,False
4325,-1.5890629257780438,-1.4627716954721806,2.0,0.5,False
4326,-0.9244234407999747,0.22910951915235672,2.0,0.5,False
4327,0.8545253371542288,1.6663830952889152,2.0,0.5,False
4328,-0.7490547932402236,-0.21109616595264225,2.0,0.5,False
4329,1.368800648371844,2.601940107196348,2.0,0.5,False
4330,0.48398478843117754,0.438989806630391,2.0,0.5,False
4331,-0.09785733684579999,1.4196013837360257,2.0,0.5,False
4332,1.0679599487387696,1.035047042481153,2.0,0.5,False
4333,-0.5282173192381228,1.9765175202655079,2.0,0.5,False
4334,1.0236643314314564,2.069591125531376,2.0,0.5,False
4335,-0.967628482937352,0.7163037221240035,2.0,0.5,False
4336,1.7445978338443127,3.691170864090876,2.0,0.5,False
4337,0.02090768786282583,-0.5544760661485295,2.0,0.5,False
4338,1.1077834969035172,2.6983887676813065,2.0,0.5,False
4339,0.14730398359387772,-0.8542110706876787,2.0,0.5,False
4340,-0.07471757359195039,2.868484423156567,2.0,0.5,False
4341,-1.4141675800684834,1.0776810623085493,2.0,0.5,False
4342,0.3018207119235424,2.1440918432174865,2.0,0.5,False
4343,1.7146237625035468,1.4681663242642229,2.0,0.5,False
4344,0.7386386803953313,1.8807462111710165,2.0,0.5,False
4345,-0.45238940495478736,-0.21391996052290108,2.0,0.5,False
4346,-0.3918810665829882,-0.20815073668334372,2.0,0.5,False
4347,-0.02327772806577511,1.1746962729003307,2.0,0.5,False
4348,0.9407947079425513,2.245210873635986,2.0,0.5,False
4349,0.4525201289911568,0.10071977083912975,2.0,0.5,False
4350,1.1603840791309705,2.278664115638681,2.0,0.5,False
4351,0.9691555634104082,4.485984557950851,2.0,0.5,False
4352,-1.2442892150797886,-1.2201664811423223,2.0,0.5,False
4353,0.028884867049428102,1.4300082209867706,2.0,0.5,False
4354,2.0254198010879767,2.996340523338846,2.0,0.5,False
4355,0.17120148011488384,2.2666259193989076,2.0,0.5,False
4356,-0.2942313905202815,3.58171010142624,2.0,0.5,False
4357,0.12091853270274552,-0.3627962646702356,2.0,0.5,False
4358,-1.2756102554485744,-1.357397529371264,2.0,0.5,False
4359,-0.4332287197850202,-0.8194330439155401,2.0,0.5,False
4360,-2.1227520779658238,-0.5959983876893158,2.0,0.5,False
4361,2.201677664394719,3.8037363560401665,2.0,0.5,False
4362,-0.9685640502555326,-0.8756018414989332,2.0,0.5,False
4363,1.613259115624605,5.520833011303593,2.0,0.5,False
4364,-0.2864238847852957,1.7275092150819624,2.0,0.5,False
4365,1.4333887577912088,1.27325994055038,2.0,0.5,False
4366,0.14386409389303464,1.6817041443178034,2.0,0.5,False
4367,-0.37540806362415896,0.3251355543617511,2.0,0.5,False
4368,-0.7009757612919928,-1.197004653006822,2.0,0.5,False
4369,0.028516904165685027,1.490958310880107,2.0,0.5,False
4370,-1.7121382203381146,-2.2506763977587734,2.0,0.5,False
4371,-0.006788845671212338,1.9567809557668854,2.0,0.5,False
4372,-0.6505160264908894,1.0131794340576321,2.0,0.5,False
4373,0.1217413360275135,-0.7406156083936776,2.0,0.5,False
4374,-1.5725730538937925,-3.1180281189362833,2.0,0.5,False
4375,0.8576008761742759,0.9567131367775998,2.0,0.5,False
4376,-1.044046994516039,-1.0499095439602975,2.0,0.5,False
4377,-0.18664579922097826,-0.17268684999420048,2.0,0.5,False
4378,-0.19623637035951436,0.08918802807773452,2.0,0.5,False
4379,-0.8368614010576169,-0.7721884200243742,2.0,0.5,False
4380,-0.6913057394539952,0.17394840339188467,2.0,0.5,False
4381,0.09615296945660091,0.14269325785017228,2.0,0.5,False
4382,-0.016725930805335933,-0.7462949391238406,2.0,0.5,False
4383,0.06647041592170269,3.105008980820646,2.0,0.5,False
4384,-1.9077335291247162,-1.8954118304491752,2.0,0.5,False
4385,-0.043253348539046006,0.7569464558046267,2.0,0.5,False
4386,-0.828081545644507,0.4626118890785607,2.0,0.5,False
4387,-1.1636816179505844,-0.7926641461998298,2.0,0.5,False
4388,0.3876962674253613,2.054000086929393,2.0,0.5,False
4389,0.7546646929202713,2.1655863214411792,2.0,0.5,False
4390,0.039968577919627706,0.21819724611815586,2.0,0.5,False
4391,-0.24978966180872444,0.20951146357569583,2.0,0.5,False
4392,-0.19753750203809745,2.540104455638305,2.0,0.5,False
4393,0.27432288380890996,1.767218455404831,2.0,0.5,False
4394,-1.643998679421586,-1.9400863894234948,2.0,0.5,False
4395,-0.5014007315227985,0.11015109422793046,2.0,0.5,False
4396,0.13344902337129,-0.5711258765628013,2.0,0.5,False
4397,1.3701066204535197,1.357580743230875,2.0,0.5,False
4398,0.1439061158391841,-2.413446648079996,2.0,0.5,False
4399,0.5239604688898364,2.226724152984669,2.0,0.5,False
4400,-1.2899505381512686,-2.002739534900088,2.0,0.5,False
4401,0.6137896426194351,-0.6084450228747612,2.0,0.5,False
4402,-1.899517669997829,-0.2963735893358608,2.0,0.5,False
4403,0.5762989796329162,0.5262122381124703,2.0,0.5,False
4404,0.39035477495533466,0.9692709189163113,2.0,0.5,False
4405,-1.3284088314266038,-1.9257584130567027,2.0,0.5,False
4406,0.5134377464887143,1.6760512633227804,2.0,0.5,False
4407,0.5385738514662903,0.7651441749255086,2.0,0.5,False
4408,0.41351870411169006,0.999606036420128,2.0,0.5,False
4409,-0.050786087128002734,0.6027567351674754,2.0,0.5,False
4410,1.2897847814487093,2.1888856179750977,2.0,0.5,False
4411,0.13171932621895,0.44086147027057543,2.0,0.5,False
4412,-1.6019343272558655,-0.20754392769813712,2.0,0.5,False
4413,0.15227962641838674,-0.21048714007081415,2.0,0.5,False
4414,0.2394248279563204,2.541753118447627,2.0,0.5,False
4415,1.07082453363902,1.6659913090470204,2.0,0.5,False
4416,0.2968332276341765,1.0929847052266213,2.0,0.5,False
4417,0.5923734952125785,1.5090205255483244,2.0,0.5,False
4418,0.825583422205275,0.21197464477446104,2.0,0.5,False
4419,-0.4346264795974542,0.07096904429166584,2.0,0.5,False
4420,0.06892993199441769,0.9857885309034446,2.0,0.5,False
4421,-0.006273605487326534,1.1826915631597017,2.0,0.5,False
4422,-0.263735639592504,3.914403418487541,2.0,0.5,False
4423,-0.6378403367699096,-1.8030102366360483,2.0,0.5,False
4424,0.6682136102490838,0.9656154918864268,2.0,0.5,False
4425,1.7608902178673271,2.846330427874585,2.0,0.5,False
4426,1.440732803185938,0.3789914962069052,2.0,0.5,False
4427,0.5098592880267383,0.5995024965936278,2.0,0.5,False
4428,1.0496789256883727,1.582633436625399,2.0,0.5,False
4429,-0.40479800586257275,0.22649827241336096,2.0,0.5,False
4430,0.17168366493775072,-1.2298078122283778,2.0,0.5,False
4431,-0.12321208965026041,-0.6453296508136092,2.0,0.5,False
4432,0.053051907517313215,1.728786937061628,2.0,0.5,False
4433,-0.05909602876110057,-1.1479418185002628,2.0,0.5,False
4434,-2.123252535361148,-1.3861493174884858,2.0,0.5,False
4435,-3.2637146678846825,-4.314001361836466,2.0,0.5,False
4436,1.741342010356905,2.941249438408532,2.0,0.5,False
4437,1.2504416105190372,1.0416655002741624,2.0,0.5,False
4438,-0.6111349102251662,0.2575793903083854,2.0,0.5,False
4439,0.3282167003641026,2.5328884399599616,2.0,0.5,False
4440,1.915265725450325,2.167572717505399,2.0,0.5,False
4441,2.308450265908973,3.7211152404857626,2.0,0.5,False
4442,2.9725573564186307,5.767372133109992,2.0,0.5,False
4443,-2.8309108166424197,-3.917823791075306,2.0,0.5,False
4444,-0.08854038013017082,-0.9292148779212286,2.0,0.5,False
4445,-3.271301477382454,-2.904471418856561,2.0,0.5,False
4446,0.13367788313148754,0.35183046034664617,2.0,0.5,False
4447,-0.13905912172232604,2.8906397376204582,2.0,0.5,False
4448,-0.1550588831228368,0.9656224135409296,2.0,0.5,False
4449,-0.49831621523732533,-1.4910960335486785,2.0,0.5,False
4450,0.5330474883123567,0.10143340971842357,2.0,0.5,False
4451,0.8716433344018364,0.5829100633884915,2.0,0.5,False
4452,-0.38729217142762395,-0.9428779922408332,2.0,0.5,False
4453,-1.2672340268950526,-0.5239577413625811,2.0,0.5,False
4454,-0.8871416676103795,-0.5422889716697914,2.0,0.5,False
4455,1.7399344611171312,2.8814991298718824,2.0,0.5,False
4456,-0.27770110058305136,1.0196161578467964,2.0,0.5,False
4457,0.2607385704778207,1.3694631106522743,2.0,0.5,False
4458,0.18978973110946146,1.1431205725515567,2.0,0.5,False
4459,-0.3096681784524387,1.8890010670892325,2.0,0.5,False
4460,-0.7337324662697541,-0.9466624492617389,2.0,0.5,False
4461,1.628012756676428,4.567098064605906,2.0,0.5,False
4462,-0.5311147919634016,-0.5530705101593735,2.0,0.5,False
4463,-0.02823556704870814,0.030448135511770502,2.0,0.5,False
4464,0.22995912905338878,-1.5239120254284342,2.0,0.5,False
4465,-0.11826071457672264,0.8895397957729227,2.0,0.5,False
4466,-0.6867036961251578,0.46192523074456726,2.0,0.5,False
4467,-1.7220179160046007,-1.393338668892595,2.0,0.5,False
4468,-1.0806004492262677,0.23461750243423496,2.0,0.5,False
4469,-1.0043409926725628,-1.05918115293374,2.0,0.5,False
4470,-1.102262739161089,-1.013480848350525,2.0,0.5,False
4471,-0.7428876485022707,1.164658562290165,2.0,0.5,False
4472,-2.5251713843574897,-0.5696894178129139,2.0,0.5,False
4473,-1.1066710047991823,0.5710423727205018,2.0,0.5,False
4474,-1.7191072025298137,-3.8365798025131856,2.0,0.5,False
4475,0.402327311862771,1.8111849635056616,2.0,0.5,False
4476,0.556837281832818,-0.3377650520016324,2.0,0.5,False
4477,-0.1606659026207833,-1.8286609973286079,2.0,0.5,False
4478,1.2423066956633968,2.759400938876092,2.0,0.5,False
4479,-0.6294087354735428,0.8673867414424186,2.0,0.5,False
4480,-0.6456639602461207,1.9809982947054605,2.0,0.5,False
4481,-0.39114373719573603,-0.18190169663018824,2.0,0.5,False
4482,-0.35984038870901264,-0.2540909247162385,2.0,0.5,False
4483,-2.218432628818422,0.23985339471118272,2.0,0.5,False
4484,1.1919057660847954,2.037068573568705,2.0,0.5,False
4485,-0.506060477947464,0.5451187163447321,2.0,0.5,False
4486,-0.6241903871044991,-2.23865790085982,2.0,0.5,False
4487,1.456842870268018,1.6052447042536606,2.0,0.5,False
4488,-1.055438876139981,3.6475347592382055,2.0,0.5,False
4489,0.27101029330519705,2.343113555513094,2.0,0.5,False
4490,0.00972127715139104,-0.9492705047405331,2.0,0.5,False
4491,1.9282846717042486,3.7750041334554965,2.0,0.5,False
4492,1.3092310418640996,1.1761046332697025,2.0,0.5,False
4493,0.07616966934910036,0.9596288455565348,2.0,0.5,False
4494,1.3480255708944942,2.078598726434617,2.0,0.5,False
4495,-0.06870422442617173,-0.13066556005932117,2.0,0.5,False
4496,0.0403857522267038,2.5939272397153825,2.0,0.5,False
4497,0.04096171756214297,2.133278208939064,2.0,0.5,False
4498,0.47273858266349295,1.649274338545057,2.0,0.5,False
4499,0.5720256194849473,-0.2691033144176047,2.0,0.5,False
4500,0.7187208836104235,0.3424507963739802,2.0,0.5,False
4501,-0.7129550449630001,-1.8471338031022106,2.0,0.5,False
4502,-1.0672427438591403,0.26537754897160654,2.0,0.5,False
4503,1.6418085078367468,2.9478446148399886,2.0,0.5,False
4504,-0.4354237725154517,1.2696833638436995,2.0,0.5,False
4505,-1.0847151707338578,-0.23435042549677498,2.0,0.5,False
4506,0.6434423547010252,1.8233364949536626,2.0,0.5,False
4507,-0.920667482001792,0.8009511072497038,2.0,0.5,False
4508,0.4964446550042234,1.5754389142303187,2.0,0.5,False
4509,-0.5822210537740726,-0.799459253730629,2.0,0.5,False
4510,-0.48348088736939154,1.362292164435296,2.0,0.5,False
4511,-0.08293529891541841,0.5913369424880263,2.0,0.5,False
4512,-1.2812051781409397,2.4934300123936235,2.0,0.5,False
4513,-1.7973251595233994,-1.9036918662835913,2.0,0.5,False
4514,0.6674653449001697,1.1879420579812292,2.0,0.5,False
4515,0.5235640156823157,2.1237647202240253,2.0,0.5,False
4516,-0.004949872037493323,0.7878111146412288,2.0,0.5,False
4517,0.5940899970142002,2.9597073262259284,2.0,0.5,False
4518,0.9332716896679548,2.693671633427803,2.0,0.5,False
4519,1.9010389864214678,2.58957329392952,2.0,0.5,False
4520,-0.831453460690458,-0.003003364842410261,2.0,0.5,False
4521,0.865301232705103,2.6204594090647637,2.0,0.5,False
4522,0.3420258062111753,1.2497093836127509,2.0,0.5,False
4523,-0.06046013222947123,-0.5821036380006095,2.0,0.5,False
4524,0.1069330588510696,-0.7548737392327844,2.0,0.5,False
4525,-0.4011299430699636,1.0627057107107127,2.0,0.5,False
4526,0.606979465676881,0.28104708579450577,2.0,0.5,False
4527,1.3289315881562707,-0.33818351694947135,2.0,0.5,False
4528,1.6833949379381108,1.9194562304288734,2.0,0.5,False
4529,-0.8583209123805724,-2.16294125203045,2.0,0.5,False
4530,2.0595967671485194,3.347287582900779,2.0,0.5,False
4531,1.4020649229462145,2.0144644157825318,2.0,0.5,False
4532,-0.25954285265523436,-0.3276272543305921,2.0,0.5,False
4533,-1.2433121872701753,-0.6221216123177467,2.0,0.5,False
4534,0.20871020233228832,0.12827801582552878,2.0,0.5,False
4535,-0.9817260697868719,0.2777846573532033,2.0,0.5,False
4536,-0.18132093072289063,0.6584502281069635,2.0,0.5,False
4537,0.7190175167186159,1.4379118771062835,2.0,0.5,False
4538,1.290247003277467,2.115497693712162,2.0,0.5,False
4539,0.13122517040444256,0.007408040749732114,2.0,0.5,False
4540,-0.9255347892632928,-0.2841001682145153,2.0,0.5,False
4541,-0.6483541017411147,-0.8685898990445704,2.0,0.5,False
4542,1.2952783425797412,2.3452144176856766,2.0,0.5,False
4543,-1.044096047180809,-1.1882897873424838,2.0,0.5,False
4544,-0.4324854089322803,0.322917914975575,2.0,0.5,False
4545,-0.9017980925323041,1.9527615264991638,2.0,0.5,False
4546,0.5171115733945002,-0.2368757434939378,2.0,0.5,False
4547,-0.8591251181997238,-1.195664563123832,2.0,0.5,False
4548,-0.27095399534389003,1.6296524843347595,2.0,0.5,False
4549,-0.5245778453778829,1.890107365318299,2.0,0.5,False
4550,-0.021098150914181622,0.7669416223037209,2.0,0.5,False
4551,0.010569951340918607,1.824363896129726,2.0,0.5,False
4552,1.0221789499736313,3.3753162428486285,2.0,0.5,False
4553,-0.8578967518399611,-0.5062073637567117,2.0,0.5,False
4554,0.6769109072604722,0.5318256065391328,2.0,0.5,False
4555,-0.19455692164239866,0.29332503137906635,2.0,0.5,False
4556,0.06604589522017364,0.3755901465779745,2.0,0.5,False
4557,0.728803343480625,2.116097306348035,2.0,0.5,False
4558,1.324020904985663,1.3559015630739657,2.0,0.5,False
4559,-1.9214245353754993,-2.063615171873954,2.0,0.5,False
4560,0.7047207026657282,1.7076294747174132,2.0,0.5,False
4561,0.7794500926302297,1.177054349669527,2.0,0.5,False
4562,0.2916137336889305,1.8436889637570715,2.0,0.5,False
4563,-1.01156855295147,2.783978720276305,2.0,0.5,False
4564,-0.022381972725544947,0.05131854841385863,2.0,0.5,False
4565,-0.4698658831874037,1.1352889402570254,2.0,0.5,False
4566,0.13620996418153364,2.1698813869174463,2.0,0.5,False
4567,-1.7452677464869595,-2.30497763067296,2.0,0.5,False
4568,0.06528118624105383,0.7925176585370137,2.0,0.5,False
4569,1.8790373302953367,2.5118729531474804,2.0,0.5,False
4570,0.5060867069891956,2.569488689034765,2.0,0.5,False
4571,1.0457208006079795,-0.4622376435727189,2.0,0.5,False
4572,1.0958076032349826,3.4400252735476693,2.0,0.5,False
4573,0.5521904336570465,0.09456406934445916,2.0,0.5,False
4574,-0.35793626420461394,-0.43814629844087905,2.0,0.5,False
4575,0.5014357926627615,1.564468216388883,2.0,0.5,False
4576,0.19198772351536877,0.9224156666009633,2.0,0.5,False
4577,1.2359102396522659,2.568275498011801,2.0,0.5,False
4578,-0.38160254366606794,1.6414212859717663,2.0,0.5,False
4579,-0.13298700720539983,1.8074596599200157,2.0,0.5,False
4580,1.00260014328748,2.4545920114345954,2.0,0.5,False
4581,-1.0030135224065284,-2.2680982277338657,2.0,0.5,False
4582,0.36486032031611254,1.6573788927017663,2.0,0.5,False
4583,-0.6737443195838784,-1.5468816657229585,2.0,0.5,False
4584,-2.049245529044863,-1.4368166013746306,2.0,0.5,False
4585,-0.22227599399275677,-0.26241763297112125,2.0,0.5,False
4586,-1.269852860262579,-1.7084201412338256,2.0,0.5,False
4587,1.0573806897955162,2.2019334750856387,2.0,0.5,False
4588,-1.644136629822695,-2.452345842082174,2.0,0.5,False
4589,-0.6173952847521186,0.04047674577535654,2.0,0.5,False
4590,0.3130600937267717,0.5322189040678089,2.0,0.5,False
4591,-1.9352313408443829,-1.2092156616230514,2.0,0.5,False
4592,-0.1900743329137498,1.6376709855929548,2.0,0.5,False
4593,-0.6179097059303466,0.5563636494083084,2.0,0.5,False
4594,1.0841836607438053,0.8101333035981313,2.0,0.5,False
4595,-1.9468514669606805,-2.238394796894686,2.0,0.5,False
4596,0.83418839450996,3.061608823354608,2.0,0.5,False
4597,-2.4580587524846695,-2.263434071533115,2.0,0.5,False
4598,-0.38064900509674254,0.4098989812966365,2.0,0.5,False
4599,0.7342630279317405,3.2783720280177753,2.0,0.5,False
4600,1.752058326906523,3.7189649310778377,2.0,0.5,False
4601,0.7286997318507886,0.9546507814260204,2.0,0.5,False
4602,-0.40194148215775294,0.5958239745854051,2.0,0.5,False
4603,-1.0600746796473413,0.02552131791215015,2.0,0.5,False
4604,-0.3990203192822096,0.6099136979430624,2.0,0.5,False
4605,0.9767655733489239,2.482046603849047,2.0,0.5,False
4606,0.12904529841488657,0.7027954767414122,2.0,0.5,False
4607,0.09074828851832978,2.5482715116193755,2.0,0.5,False
4608,-0.19796535774307314,2.378882227575881,2.0,0.5,False
4609,0.5860029893144064,2.6783970045345296,2.0,0.5,False
4610,-0.6285477604930951,0.041356362548593636,2.0,0.5,False
4611,0.015646051355675608,0.3383359406156211,2.0,0.5,False
4612,-0.5987912417680438,0.3364023694614025,2.0,0.5,False
4613,-1.3263888244534994,-0.9777562574419378,2.0,0.5,False
4614,-1.2827694697142646,-0.866037743218693,2.0,0.5,False
4615,0.11751984920109539,1.0391916826781036,2.0,0.5,False
4616,0.16273385529555576,-0.2803948184388133,2.0,0.5,False
4617,0.0345398990894107,-0.6361911405398013,2.0,0.5,False
4618,1.526818103047165,2.841125986097841,2.0,0.5,False
4619,-1.267332317285194,-1.7185388774008545,2.0,0.5,False
4620,0.38658551029890187,1.4813274279527937,2.0,0.5,False
4621,-0.7227280430453313,0.04037075559456316,2.0,0.5,False
4622,1.4068477711413516,-0.36624876397395845,2.0,0.5,False
4623,1.2514609762670026,2.0138835992190605,2.0,0.5,False
4624,0.953142837652979,-0.19266328696697022,2.0,0.5,False
4625,0.24381710542454146,1.9286931936374865,2.0,0.5,False
4626,0.814596367110242,1.210785353985562,2.0,0.5,False
4627,0.36208299798748683,1.6820884196239363,2.0,0.5,False
4628,-1.2816989197704132,-0.1636150026538732,2.0,0.5,False
4629,-0.7646070280612867,0.6402146094815544,2.0,0.5,False
4630,-1.103141531941802,-3.1517535689791747,2.0,0.5,False
4631,0.23322483178770004,1.1413304289345751,2.0,0.5,False
4632,-0.18971300565369936,3.250528229711037,2.0,0.5,False
4633,-0.8496626208163417,-0.7555818927514213,2.0,0.5,False
4634,-2.554621864154741,-3.5912422096337635,2.0,0.5,False
4635,-0.0693591726415506,3.4818431877956906,2.0,0.5,False
4636,-0.9584392650832377,0.08504111916870138,2.0,0.5,False
4637,-0.6730729882486425,0.3375594122650075,2.0,0.5,False
4638,-1.8218697796422156,0.411313372812792,2.0,0.5,False
4639,-1.3622808450011235,-3.341828139772119,2.0,0.5,False
4640,-0.17587971776506425,0.26947945717101207,2.0,0.5,False
4641,-0.06643648416359728,-0.2608756263150043,2.0,0.5,False
4642,1.1233262892442781,1.8880868275773572,2.0,0.5,False
4643,-0.6753190760856843,-2.1114819014102135,2.0,0.5,False
4644,0.34243819100799905,2.5529148247228535,2.0,0.5,False
4645,-0.17646641460894713,1.2664227247937871,2.0,0.5,False
4646,0.5123429616212517,1.502123840197324,2.0,0.5,False
4647,-1.9321654366638503,-1.6403637683124521,2.0,0.5,False
4648,0.10109945503761239,3.614899512472225,2.0,0.5,False
4649,0.709091332664706,1.26223204361622,2.0,0.5,False
4650,1.3838707949567852,4.054313574669823,2.0,0.5,False
4651,-1.247278140997763,-0.3801321123259148,2.0,0.5,False
4652,-1.2188227571878232,-2.94037370639044,2.0,0.5,False
4653,1.5886855378660831,3.360084435426133,2.0,0.5,False
4654,-0.3314394015759212,-0.661528560673151,2.0,0.5,False
4655,1.0078414311033421,1.870021259451725,2.0,0.5,False
4656,0.2567024141356436,-1.1284298089234277,2.0,0.5,False
4657,0.08618760104028113,1.472820554635804,2.0,0.5,False
4658,0.6662460945032845,-0.2501418548672789,2.0,0.5,False
4659,0.057739100672395904,0.3932861084901476,2.0,0.5,False
4660,-1.0830434611118342,-0.2778739784188044,2.0,0.5,False
4661,1.2745059562269174,1.669653015359442,2.0,0.5,False
4662,0.37972177462906015,2.5040508849029486,2.0,0.5,False
4663,-0.4314357557003493,0.20250725628023936,2.0,0.5,False
4664,-0.524964046091408,1.7314809667676152,2.0,0.5,False
4665,-0.5649645987589632,0.22903625409307027,2.0,0.5,False
4666,-1.1149485322268986,0.7830655964445452,2.0,0.5,False
4667,-0.006766782119300384,-1.8652133393391839,2.0,0.5,False
4668,0.749929789161057,2.293239474577032,2.0,0.5,False
4669,0.09202113004550456,2.733997030511852,2.0,0.5,False
4670,-1.004577624195077,-0.06181186591887183,2.0,0.5,False
4671,-0.9721077055714825,-2.6175079561592582,2.0,0.5,False
4672,-0.5764620037657845,-1.7517986169255164,2.0,0.5,False
4673,-0.11543208089828878,0.2201162338505212,2.0,0.5,False
4674,1.3986348640240573,3.688281412617675,2.0,0.5,False
4675,0.2951125023397636,4.20450051504918,2.0,0.5,False
4676,0.04138507062722172,1.4713942149785753,2.0,0.5,False
4677,-0.3707169838879795,-0.5488640023984627,2.0,0.5,False
4678,0.3607313656872253,2.7411903364828625,2.0,0.5,False
4679,-0.08040046760246063,2.2706819977840373,2.0,0.5,False
4680,-0.2992063014437852,0.27579942825123094,2.0,0.5,False
4681,-0.8690257385353838,-1.1776858758302695,2.0,0.5,False
4682,-0.44225893652439624,0.3027152696465716,2.0,0.5,False
4683,1.7211766492102532,4.696522681082052,2.0,0.5,False
4684,-0.26810000773906356,0.8687352751080354,2.0,0.5,False
4685,-0.4476133525066642,1.6291892850029328,2.0,0.5,False
4686,-1.1882425947461628,0.910752341959466,2.0,0.5,False
4687,-1.0438809313653452,-0.6145364342228272,2.0,0.5,False
4688,-0.5030547463736783,-1.912280311006801,2.0,0.5,False
4689,0.23497846083340712,1.0541414737035337,2.0,0.5,False
4690,0.07573165697753598,-0.13567073588636358,2.0,0.5,False
4691,1.7457194822997706,3.865808314902656,2.0,0.5,False
4692,-0.1889021941604828,-0.3189308553096377,2.0,0.5,False
4693,0.06533445779532396,1.309735088077873,2.0,0.5,False
4694,-1.5023009487050736,-0.8578443087416537,2.0,0.5,False
4695,2.0855775631912983,2.9239278786783696,2.0,0.5,False
4696,-1.227794554344737,1.3990870452636488,2.0,0.5,False
4697,-0.252650273675475,-1.162982907826545,2.0,0.5,False
4698,-0.13133727571616174,0.32627067271692856,2.0,0.5,False
4699,0.7619021714002214,1.3406161335135034,2.0,0.5,False
4700,0.21869166955119348,2.228087628088237,2.0,0.5,False
4701,-1.295014759202858,-2.0153367362770815,2.0,0.5,False
4702,-0.9871097085189051,-0.06287895631722473,2.0,0.5,False
4703,-0.5465060431980747,-0.2681544075562616,2.0,0.5,False
4704,-0.14244132641527324,1.7247792610494947,2.0,0.5,False
4705,-1.4782754577718256,0.9539965478506045,2.0,0.5,False
4706,0.055879221999887714,-1.5364992941170172,2.0,0.5,False
4707,0.26984064835299965,-0.8414968204709619,2.0,0.5,False
4708,-0.49197695242654876,-1.9931956758523541,2.0,0.5,False
4709,0.9409027275870584,0.42796683513008205,2.0,0.5,False
4710,0.7628660682159979,0.21034274376231465,2.0,0.5,False
4711,0.012843787121665149,0.5886889455721491,2.0,0.5,False
4712,-0.8964195399015554,-2.239428497497701,2.0,0.5,False
4713,0.33237414325741327,2.235439626357741,2.0,0.5,False
4714,-0.376373033652428,0.7103421401649432,2.0,0.5,False
4715,0.7174042481679682,3.9866787993656465,2.0,0.5,False
4716,-0.17322437663145993,0.24887800895425977,2.0,0.5,False
4717,-0.4437443016064334,-0.23658708319798105,2.0,0.5,False
4718,0.5797651861562981,1.169702048178635,2.0,0.5,False
4719,1.634306864755358,2.119849772200385,2.0,0.5,False
4720,-1.0736969214813774,-0.7468481288657949,2.0,0.5,False
4721,0.3665712500365628,1.2532320935488095,2.0,0.5,False
4722,0.0016671940910972327,1.5669370978682462,2.0,0.5,False
4723,0.340164936776234,0.9195595218155609,2.0,0.5,False
4724,0.8608896410292319,2.9445028795608916,2.0,0.5,False
4725,1.5572702382985777,0.872116968048112,2.0,0.5,False
4726,0.24206911106145274,1.5127132321409766,2.0,0.5,False
4727,0.5372106386605152,2.1200341559895692,2.0,0.5,False
4728,-0.08646787780103424,1.9116259455906714,2.0,0.5,False
4729,0.2803211805969279,1.6465134678056352,2.0,0.5,False
4730,-1.4150204621720024,0.17624579667714524,2.0,0.5,False
4731,-1.1458383083851285,-0.9874136748855784,2.0,0.5,False
4732,-1.1059349831504328,0.5536854714384667,2.0,0.5,False
4733,0.08703230036293409,1.8201658426196599,2.0,0.5,False
4734,-1.3566899355448074,-1.006284900862342,2.0,0.5,False
4735,1.7075898305905883,5.263523510355025,2.0,0.5,False
4736,-1.40156875529505,-0.8475785724413006,2.0,0.5,False
4737,1.3162223857646098,1.8753341270870252,2.0,0.5,False
4738,-1.571066419971631,0.3353083927104017,2.0,0.5,False
4739,0.9207174994054458,1.1513355937063303,2.0,0.5,False
4740,-0.09402062833424447,2.4155242950756226,2.0,0.5,False
4741,-0.05593894481937594,-1.2090518541334807,2.0,0.5,False
4742,-0.4315295212166058,0.5618357290229874,2.0,0.5,False
4743,-1.8353464259326753,-1.1264080768615163,2.0,0.5,False
4744,-1.5358269373896376,-1.3297611160822709,2.0,0.5,False
4745,1.4281662389765593,1.908683959002813,2.0,0.5,False
4746,0.5271795600738295,0.37929882460429726,2.0,0.5,False
4747,0.16328356373181743,1.6622582597758626,2.0,0.5,False
4748,0.33483753367348107,2.8304080533538536,2.0,0.5,False
4749,-1.4038936519132836,0.43809592449293533,2.0,0.5,False
4750,-1.3167900603846472,-0.19718524771532953,2.0,0.5,False
4751,-0.6352874203896047,0.9413396904206155,2.0,0.5,False
4752,-1.8314857838254377,-0.12152843929050122,2.0,0.5,False
4753,0.08276189294370255,2.4560869759134003,2.0,0.5,False
4754,0.4626924743036328,2.498722619851093,2.0,0.5,False
4755,-0.12373764494853176,1.3041413048450545,2.0,0.5,False
4756,1.2741560862978965,3.8394071358255326,2.0,0.5,False
4757,-0.04211762308862924,0.4196381925493532,2.0,0.5,False
4758,0.152510571630868,0.31281344703715086,2.0,0.5,False
4759,-1.0228110367461989,1.1689090392474002,2.0,0.5,False
4760,0.9173434566332888,3.9144781935883985,2.0,0.5,False
4761,-0.08420107057829634,2.4748843344626215,2.0,0.5,False
4762,-0.7468864450970724,-2.0395138689846775,2.0,0.5,False
4763,-2.149552071733841,-2.347774895893491,2.0,0.5,False
4764,1.0403349785358977,1.632747757628247,2.0,0.5,False
4765,-0.8135373470245685,1.3066096155400355,2.0,0.5,False
4766,-0.7739104324281019,0.5825391923879525,2.0,0.5,False
4767,0.5333655135685877,0.6596020313693017,2.0,0.5,False
4768,-0.4676127389476822,2.1768884421210464,2.0,0.5,False
4769,-0.6920923058410774,-1.432077498617928,2.0,0.5,False
4770,1.753814926018225,3.0153232357965236,2.0,0.5,False
4771,0.7629592713481308,2.433827568966699,2.0,0.5,False
4772,-0.08664902114456939,0.3485426025882675,2.0,0.5,False
4773,-0.7976215002054875,0.12981203738474134,2.0,0.5,False
4774,0.3870647950864765,0.635953420631591,2.0,0.5,False
4775,0.1898722650744384,-0.3921921133728691,2.0,0.5,False
4776,0.20925351600333317,0.8491405701816832,2.0,0.5,False
4777,0.13169300756157948,0.45487070761830883,2.0,0.5,False
4778,0.8466255352556743,2.1597685390046073,2.0,0.5,False
4779,-0.39937325336983853,-0.3409526259636716,2.0,0.5,False
4780,-1.010330720623601,1.2301058016274546,2.0,0.5,False
4781,0.12982358426058968,1.0698348190916187,2.0,0.5,False
4782,-0.7920189779385671,0.5442004401225786,2.0,0.5,False
4783,-0.2815510978302686,1.4120803736346852,2.0,0.5,False
4784,0.14224525588664305,2.49511027152407,2.0,0.5,False
4785,-0.3370214191749817,0.3516510892207083,2.0,0.5,False
4786,0.5903186676389278,-0.3740273035071926,2.0,0.5,False
4787,0.6076514436148801,1.7075350880371407,2.0,0.5,False
4788,-0.18390503035128586,-0.476165144994243,2.0,0.5,False
4789,0.912361871335763,1.9716115514180501,2.0,0.5,False
4790,0.15034716754761449,2.3018376247580723,2.0,0.5,False
4791,0.4390626982086451,2.940417899153368,2.0,0.5,False
4792,0.870862325619639,2.351995323680366,2.0,0.5,False
4793,-2.3949793380811992,-1.5599858895187402,2.0,0.5,False
4794,0.33717817376255454,2.731990418033398,2.0,0.5,False
4795,-0.19676163040130804,-0.5264752755958427,2.0,0.5,False
4796,-1.5344613069315154,-0.44072593029241247,2.0,0.5,False
4797,0.17177033139818731,2.099967339511804,2.0,0.5,False
4798,0.46586225712134666,0.7929691532570391,2.0,0.5,False
4799,0.6748135542700247,2.2840500989180046,2.0,0.5,False
4800,-0.5835980930114956,1.551258240425437,2.0,0.5,False
4801,-1.6291729925187062,-0.4170414351751207,2.0,0.5,False
4802,0.8869673671617391,0.6088090996380372,2.0,0.5,False
4803,0.7897374906872747,2.3647293740367354,2.0,0.5,False
4804,-0.4477094656585745,1.189984311378466,2.0,0.5,False
4805,-0.2941400799627492,-0.6355366728920182,2.0,0.5,False
4806,0.6151802551216095,1.6954854064789124,2.0,0.5,False
4807,-1.3287861122433138,-1.58469772577042,2.0,0.5,False
4808,0.7425128116697498,0.9069159997776761,2.0,0.5,False
4809,0.7123797522014061,0.9741322513933939,2.0,0.5,False
4810,-0.6599048396560171,0.6128070261410561,2.0,0.5,False
4811,1.1289030712682544,2.1635111279673667,2.0,0.5,False
4812,0.5373530287317688,3.202230375683623,2.0,0.5,False
4813,0.6212894654526658,-0.038250591412924306,2.0,0.5,False
4814,0.6680549753064152,2.693510046507085,2.0,0.5,False
4815,-1.1160113733835162,-0.3295693900026557,2.0,0.5,False
4816,-1.0536952701589422,0.9901932802550875,2.0,0.5,False
4817,-0.31808508145299597,0.7688868633702093,2.0,0.5,False
4818,-2.4864525189275986,-2.3892813150777283,2.0,0.5,False
4819,0.7786657883715675,1.4571182925713935,2.0,0.5,False
4820,-1.3021912087034229,1.2755150951315006,2.0,0.5,False
4821,-0.6880077354850763,-0.2685066835367696,2.0,0.5,False
4822,-0.849132097926396,-0.24007667735036403,2.0,0.5,False
4823,-0.13794962115851475,0.9685907589309262,2.0,0.5,False
4824,1.0884327774481892,2.95113733532935,2.0,0.5,False
4825,1.170842354083013,1.2351386368325263,2.0,0.5,False
4826,1.2631003024948735,3.033073478337659,2.0,0.5,False
4827,-0.19326815796624097,0.42659781826383225,2.0,0.5,False
4828,-0.6529033330560583,2.713858315678776,2.0,0.5,False
4829,-0.9687062537543184,-1.0982958582999542,2.0,0.5,False
4830,-0.705198843997738,0.969689171392664,2.0,0.5,False
4831,0.5801766908074208,-0.17097000630775638,2.0,0.5,False
4832,0.7694955974021506,2.0720447243896287,2.0,0.5,False
4833,-1.2155089634255802,-1.559217613144196,2.0,0.5,False
4834,0.0575296961801211,0.4766597359474666,2.0,0.5,False
4835,-0.2796461519445051,0.3170509798071575,2.0,0.5,False
4836,-0.9786568621669379,-1.6595935487057012,2.0,0.5,False
4837,0.6550149316351618,2.5522802138677685,2.0,0.5,False
4838,-0.3941109313877935,0.7776962578572286,2.0,0.5,False
4839,0.098655123142854,0.7898829512395242,2.0,0.5,False
4840,-0.10601598039773667,-0.046629294786522335,2.0,0.5,False
4841,-0.4954844233639418,-0.07951496838152028,2.0,0.5,False
4842,1.840910917365458,4.843725833666967,2.0,0.5,False
4843,0.5787541765963671,3.110217564064471,2.0,0.5,False
4844,1.9148063164346292,4.581435743205122,2.0,0.5,False
4845,-1.2630415204047452,-0.39510411128957634,2.0,0.5,False
4846,1.176513291746212,1.5371032717430266,2.0,0.5,False
4847,1.4986022062280375,0.677976623658705,2.0,0.5,False
4848,0.22786807438956894,2.4785857988173854,2.0,0.5,False
4849,0.5560664941826694,1.3051838329632333,2.0,0.5,False
4850,-1.3806959332568665,1.17344189640288,2.0,0.5,False
4851,-1.0292067585140827,0.2823793026932582,2.0,0.5,False
4852,0.08958192017270465,1.5478681785406574,2.0,0.5,False
4853,1.5966976509500606,3.976874048878385,2.0,0.5,False
4854,-1.0049342411054965,-0.8416715368479537,2.0,0.5,False
4855,0.4129805521754191,1.46753920437768,2.0,0.5,False
4856,-0.2644241155167686,2.3544167926943254,2.0,0.5,False
4857,1.2828966920440652,1.4060543790851936,2.0,0.5,False
4858,-0.3233099938984878,0.6958841239950895,2.0,0.5,False
4859,1.1406672523456813,2.6830216779621905,2.0,0.5,False
4860,1.9168119364069358,5.534525678994212,2.0,0.5,False
4861,-0.12186809991896996,1.3910184422164702,2.0,0.5,False
4862,-0.7922679701219483,0.20589447710549855,2.0,0.5,False
4863,-1.2595434448553187,-0.5003578592316826,2.0,0.5,False
4864,-0.11163340666214756,0.493195561986734,2.0,0.5,False
4865,0.006746082370279373,-0.5263218535151257,2.0,0.5,False
4866,0.30665762300819827,5.316653213519322,2.0,0.5,False
4867,0.729113213087932,1.5262830544015238,2.0,0.5,False
4868,-0.9596380730657107,-1.9142846992263527,2.0,0.5,False
4869,-0.8704852117047341,-0.9895469592292151,2.0,0.5,False
4870,0.638505656674107,1.4999960162488164,2.0,0.5,False
4871,-1.4801815928062092,-2.2741616715090824,2.0,0.5,False
4872,-1.9494605034576278,-0.7629037861424844,2.0,0.5,False
4873,-0.05432916099638819,2.284952063830155,2.0,0.5,False
4874,0.4445555679830134,2.8809269812134772,2.0,0.5,False
4875,1.1088163217535525,0.20411724041217716,2.0,0.5,False
4876,-0.3003388861789497,1.9951919309218917,2.0,0.5,False
4877,0.0935908633253249,-0.39164291219608116,2.0,0.5,False
4878,2.6819714896283466,5.426838990054527,2.0,0.5,False
4879,0.818670990778637,3.2493717630054944,2.0,0.5,False
4880,0.014228149066697188,0.5218412917577782,2.0,0.5,False
4881,1.2115706429525053,0.9291416778840791,2.0,0.5,False
4882,-0.6437130765989305,1.0595533374078878,2.0,0.5,False
4883,-0.28655997863916316,2.1016801391464623,2.0,0.5,False
4884,-1.8743438850149854,-1.1867581783830587,2.0,0.5,False
4885,0.1382303255647883,2.2220221083163816,2.0,0.5,False
4886,-1.5427148110484994,-1.2176144059562772,2.0,0.5,False
4887,-2.052280113885364,-0.4829419777972191,2.0,0.5,False
4888,1.2367588454734526,4.556605477867515,2.0,0.5,False
4889,0.23671413556058146,3.033452007113131,2.0,0.5,False
4890,-0.6011406035665808,0.3194030436566315,2.0,0.5,False
4891,-3.204544668479925,-3.447061054519914,2.0,0.5,False
4892,-1.1689266581573792,-0.7412194093005022,2.0,0.5,False
4893,-0.3667427739271608,0.19427250869287488,2.0,0.5,False
4894,1.4019592813350916,5.691634466904674,2.0,0.5,False
4895,0.15627908926813538,0.3027082446343303,2.0,0.5,False
4896,-0.2204682433569659,-1.646641320715033,2.0,0.5,False
4897,0.5791770527623437,0.27914416315519763,2.0,0.5,False
4898,-0.523416633749388,0.9446745315197915,2.0,0.5,False
4899,1.9142379457537604,3.3841637088640404,2.0,0.5,False
4900,-0.7002933198764956,-1.2072941142152844,2.0,0.5,False
4901,-0.20918659072813767,0.483554267628101,2.0,0.5,False
4902,0.7033783292195078,1.6138459208446139,2.0,0.5,False
4903,-0.1745833997980651,0.44471956699098386,2.0,0.5,False
4904,0.25952691117542603,1.673026374776038,2.0,0.5,False
4905,-0.037933530504615204,1.0844737590170968,2.0,0.5,False
4906,-1.227480038038571,0.2923630828857711,2.0,0.5,False
4907,0.15681659052208669,1.7767987152752536,2.0,0.5,False
4908,-0.05734090522427966,-1.4650147099545725,2.0,0.5,False
4909,-0.3230188618328022,2.6482732397203144,2.0,0.5,False
4910,-0.6399929214374596,-2.3072106150439358,2.0,0.5,False
4911,-1.2724523483550119,0.87417094878762,2.0,0.5,False
4912,-2.0871522406197385,-0.2019818493316765,2.0,0.5,False
4913,-0.06556606532533717,0.12571578487002466,2.0,0.5,False
4914,0.32798234989572994,0.7896173408787945,2.0,0.5,False
4915,0.8365569124037614,2.0781408650443827,2.0,0.5,False
4916,-0.7476517462666521,-1.387774265648614,2.0,0.5,False
4917,0.09420644517842881,1.4297247539579818,2.0,0.5,False
4918,0.5997341108187686,1.529156010362073,2.0,0.5,False
4919,1.4142428186153417,0.128347110213888,2.0,0.5,False
4920,1.6940481160363463,3.0023864463986145,2.0,0.5,False
4921,-0.9472184771771858,0.7425138297934809,2.0,0.5,False
4922,-0.08885679206759446,0.6104453251791073,2.0,0.5,False
4923,-0.30827626018566046,-2.2067893798578817,2.0,0.5,False
4924,-0.4673678380175172,-0.7018731916509109,2.0,0.5,False
4925,1.9693024345567147,4.595996455763207,2.0,0.5,False
4926,-0.9531801398160582,2.068587390868189,2.0,0.5,False
4927,0.5897175569014359,2.749899247712265,2.0,0.5,False
4928,1.1008410971182176,1.2759717651046216,2.0,0.5,False
4929,1.2661383377211013,1.5479516837369836,2.0,0.5,False
4930,1.0214024070406529,1.1871411164972574,2.0,0.5,False
4931,-0.12161486575921211,0.08672506891529574,2.0,0.5,False
4932,0.4899779046416731,4.126693605468972,2.0,0.5,False
4933,-2.255397411784672,-2.62112896698908,2.0,0.5,False
4934,0.4208188954224893,0.9278713766203547,2.0,0.5,False
4935,0.9278668538371958,2.399128559848448,2.0,0.5,False
4936,1.8445182856357158,2.5970631956880137,2.0,0.5,False
4937,1.2283644859444243,1.305923505717383,2.0,0.5,False
4938,-0.4225530131608265,3.3051692924740665,2.0,0.5,False
4939,-0.055119980572949916,1.5584961460434217,2.0,0.5,False
4940,-0.6145205990650903,-0.6473692129933972,2.0,0.5,False
4941,-1.230558109190333,-0.7033353196482689,2.0,0.5,False
4942,-0.5893766483634186,0.0852373184996631,2.0,0.5,False
4943,0.03054980457782239,1.1704013873037444,2.0,0.5,False
4944,-1.531356246074644,-0.2196643458784131,2.0,0.5,False
4945,-0.013758234497028666,-0.7121088587064072,2.0,0.5,False
4946,1.0590356373460361,2.0277938315309734,2.0,0.5,False
4947,1.8127825912597186,2.910192508727783,2.0,0.5,False
4948,1.6523112920844116,5.017586928307173,2.0,0.5,False
4949,-0.8189399444309581,1.9076528603290424,2.0,0.5,False
4950,2.091059802238288,2.964473515767989,2.0,0.5,False
4951,-0.7754119817009059,0.5639807795102171,2.0,0.5,False
4952,-1.1027314862732511,-2.8490460846148133,2.0,0.5,False
4953,-0.5037466846804487,-0.8909553058366293,2.0,0.5,False
4954,0.5430293909133412,2.3466598918246153,2.0,0.5,False
4955,1.4557963790377129,1.5415838109993873,2.0,0.5,False
4956,0.1329462361094366,0.8279550717699569,2.0,0.5,False
4957,-0.4982290753313947,-0.11370170712067534,2.0,0.5,False
4958,0.41721010507700973,-0.193783059667801,2.0,0.5,False
4959,-0.7005049638021157,0.21888422982899317,2.0,0.5,False
4960,-0.24760060997190175,1.2906573683142666,2.0,0.5,False
4961,1.1822655388495718,0.23690619741686597,2.0,0.5,False
4962,-1.8679260428797748,0.06514883846014197,2.0,0.5,False
4963,0.8696536253625888,2.299331762261132,2.0,0.5,False
4964,-2.5075638572756755,-3.2448373742493293,2.0,0.5,False
4965,-0.33661905578799656,3.3313385388779455,2.0,0.5,False
4966,-1.2997550799743194,0.7465533924341914,2.0,0.5,False
4967,1.2619362975833535,2.0827886505361954,2.0,0.5,False
4968,-0.13438260522106704,-0.7549690112313192,2.0,0.5,False
4969,-0.4013902930626107,3.491347189324144,2.0,0.5,False
4970,-0.7437655861244757,0.42131914961433026,2.0,0.5,False
4971,-0.3643812462145547,-0.03547498403213195,2.0,0.5,False
4972,1.329008836681895,2.3562436816758527,2.0,0.5,False
4973,1.1438414500793894,3.821981190850905,2.0,0.5,False
4974,-1.6024965726843075,-1.399885131983618,2.0,0.5,False
4975,-0.23730521415942046,0.42793322948341567,2.0,0.5,False
4976,0.5300028897953897,0.5903343460131736,2.0,0.5,False
4977,-0.19491390259702498,2.82602505775661,2.0,0.5,False
4978,-1.3233670345939381,-2.2231692171587416,2.0,0.5,False
4979,-0.655757130292103,1.6260250324499834,2.0,0.5,False
4980,-2.1545495288059766,-0.04679123295961529,2.0,0.5,False
4981,-0.916341234116824,-0.29211342455201933,2.0,0.5,False
4982,2.5970522512842207,3.1282898868223876,2.0,0.5,False
4983,1.2464206165180585,5.132084966534044,2.0,0.5,False
4984,-0.21353056708525323,2.118543047456768,2.0,0.5,False
4985,0.47874090025609733,3.382033284120773,2.0,0.5,False
4986,-1.2023198808232751,-0.5093760425004306,2.0,0.5,False
4987,0.3983990497378392,2.164620036606478,2.0,0.5,False
4988,0.18304832921742778,3.694675857751897,2.0,0.5,False
4989,0.6285021662432159,1.331891165611871,2.0,0.5,False
4990,0.3550038385092371,1.1741570118614517,2.0,0.5,False
4991,1.079873969581707,1.56720526121275,2.0,0.5,False
4992,0.6965309681828913,2.5477602720616486,2.0,0.5,False
4993,0.24764650815750733,0.8066957103008986,2.0,0.5,False
4994,1.4901234759635957,3.5978557786928316,2.0,0.5,False
4995,0.47883984446224653,1.4169810403559957,2.0,0.5,False
4996,2.173875953270521,3.191694671730668,2.0,0.5,False
4997,2.099297187741493,1.9970719236822814,2.0,0.5,False
4998,-0.1453553472882032,-0.6752976422628354,2.0,0.5,False
4999,-0.2830005088862689,-0.7293258345185033,2.0,0.5,False
5000,-1.2533914668848676,0.8244647758613707,2.0,0.5,False
