id,treatment,x_baseline,mediator,y_outcome
1,0,0.30471707975443135,1.3509488696895486,2.0372619905628846
2,1,-1.0399841062404955,0.3619227671965357,3.26360973261513
3,1,0.7504511958064572,1.9643632865036935,4.056987227956447
4,1,0.9405647163912139,2.035020724786313,5.052563244128433
5,0,-1.9510351886538364,2.242494779830441,3.153962460909392
6,0,-1.302179506862318,0.7397714359214697,0.9436682633169409
7,1,0.12784040316728537,1.1454481066209121,3.104732995000881
8,0,-0.3162425923435822,1.0901761859474393,2.7563540014108954
9,1,-0.016801157504288795,3.833134123233921,6.823175218175645
10,0,-0.85304392757358,-1.385549268756369,-0.6884681172055185
11,1,0.8793979748628286,1.1213373498901218,1.449706301009743
12,0,0.7777919354289483,0.49644002151539074,-0.06580384882072132
13,0,0.06603069756121605,0.10272098212641378,0.7895145115217699
14,1,1.1272412069680329,1.7054156637605353,1.3929624040061692
15,1,0.4675093422520456,0.5360205370823705,4.22462687126961
16,1,-0.8592924628832382,2.8461683146850407,5.071243053508127
17,1,0.36875078408249884,0.38801663674813036,1.6260997840673854
18,0,-0.9588826008289989,0.012122410128801248,-0.28930170404579425
19,0,0.8784503013072725,1.8093656821528796,4.013174838390444
20,0,-0.049925910986252896,0.45483736955827153,0.3312150317100153
21,1,-0.18486236354526056,0.6651471240336528,1.4099478877235483
22,0,-0.6809295444039414,-1.05295451969514,-0.9550863686026201
23,1,1.2225413386740303,1.836763205574427,3.995358887883558
24,0,-0.15452948206880215,-0.3033884104711071,1.2865031322625309
25,0,-0.4283278221631072,0.5767327450540458,2.6837394140370874
26,0,-0.3521335504882296,-1.0070912128706484,0.9674533759784074
27,0,0.5323091855533487,1.4727284925536264,2.5799640388990377
28,0,0.36544406436407834,0.7251827424736882,2.8187935291028374
29,1,0.4127326115959884,2.0136561778312734,3.22520308617411
30,0,0.43082100300788273,2.0703230791423817,1.3356212652819917
31,1,2.1416476008704612,1.9046987818892722,3.461897230352856
32,1,-0.4064150163846156,0.8522588003513912,1.7647152827981807
33,1,-0.5122427290715373,0.9985635529316657,2.064127935318181
34,1,-0.8137727282478777,1.2633416120023788,1.9412123371109145
35,0,0.6159794225754956,0.59382893198132,1.255915238916707
36,0,1.1289722927208916,0.00799395121449431,1.8538056238522505
37,0,-0.11394745765487507,-1.5572694903295214,1.1351981208020752
38,1,-0.840156476962528,0.8870240560322034,0.7936462863806746
39,1,-0.8244812156912396,1.8124813015795178,2.1598504315405256
40,0,0.6505927878247011,0.8314361426009026,1.1701084414376752
41,0,0.7432541712034423,1.9225307211868596,3.8369234328641406
42,1,0.543154268305195,3.818432824455347,5.522116235143336
43,1,-0.6655097072886943,2.2596808592718602,3.2024696947104987
44,1,0.23216132306671977,3.1521690393282418,5.715334311647007
45,1,0.11668580914072822,2.5017800350053383,5.281507463175452
46,1,0.21868859672901295,3.4755058349460874,5.300483594868259
47,1,0.8714287779481898,3.8122822676757244,4.970348796644819
48,0,0.22359554877468227,1.5182438354113315,2.8332425124016605
49,0,0.6789135630718949,1.410054215346154,2.312568719507966
50,1,0.06757906948889146,1.5150415489092999,3.087544119021618
51,1,0.28911939868998415,1.7453985386430853,3.0908221997792458
52,0,0.6312882258385404,0.3515491364013,2.402790028891097
53,1,-1.4571558198556664,1.8841048649383558,3.6425539272940166
54,0,-0.31967121635730134,-0.31624940226653886,1.6555172363516313
55,1,-0.4703726542927955,1.3677819939322515,4.410033608551819
56,0,-0.6388778482433419,-2.0468332396513027,-0.7156280404333304
57,1,-0.27514225122668373,3.3405472194045043,4.579041654274015
58,1,1.4949413112343959,1.9280078107840002,5.067322305250665
59,0,-0.8658311156932432,0.6958311026286039,1.9883295817683098
60,0,0.9682783545914808,2.2482702010888467,6.045293648814782
61,1,-1.6828697716158048,1.4954325059564384,3.268961440127964
62,0,-0.33488502998577485,1.8438781930976988,3.474589226114628
63,0,0.1627530651050056,-0.6929118926198652,0.6300626116971676
64,1,0.5862223313592781,4.273243289005485,6.0913891634092225
65,0,0.711226579792855,1.8004781724266221,2.6839319387976266
66,0,0.7933472351999252,0.9472066630466185,2.4001199547451706
67,0,-0.3487250722484376,1.820461810950914,3.271892548315082
68,1,-0.46235179266456716,0.3926595762112577,3.254577117322769
69,0,0.8579758812571538,0.46877788560765227,1.9492236201628472
70,0,-0.1913043248816149,1.886859098937895,2.3857090585363427
71,0,-1.2756863233379219,-1.7497660778963413,-1.3317573391629092
72,0,-1.1332872140034806,0.7204716107577607,0.1708772250538837
73,0,-0.9194522860016113,0.7563404740446704,3.233663860416658
74,0,0.49716074405376404,2.618374040038292,3.1766325753281963
75,0,0.14242573607056525,-1.0402276989010668,0.9556979084509529
76,0,0.6904853540677682,2.3167766632519635,3.731424591508051
77,1,-0.42725264633653426,1.012353462950137,3.030634764522237
78,0,0.15853969107671423,0.10055244741115943,1.0148125103541654
79,0,0.6255903939673367,-0.5343272687695921,-0.19700807860279812
80,1,-0.3093465397202384,0.5193440006170034,1.2889392921809806
81,1,0.45677523755741145,2.2405549187211458,5.860375355037564
82,1,-0.6619259410666513,0.389090302898649,2.1706661935225644
83,0,-0.3630538465650718,1.1313681796833939,3.18402515655803
84,0,-0.3817378939983291,-0.2774874151692522,2.031071943676333
85,0,-1.1958396455890397,-1.0717856995253596,-0.7218005587423817
86,0,0.4869724807855818,0.11828259787578,1.6391828599607408
87,0,-0.46940234020272387,0.6958864896954886,1.6470167971462917
88,1,0.01249411872768743,1.426394973687287,2.071679994415936
89,0,0.48074665890590895,0.6784341160045712,1.5891034718814967
90,1,0.4465311760299441,2.5301668146450673,5.006979640090283
91,0,0.6653851089727862,1.7820369843087844,2.416084751092484
92,0,-0.09848548450942361,0.16035904605774193,0.8158187537839959
93,1,-0.42329831204415375,0.5287884908105953,2.0707619730161193
94,1,-0.07971821090639905,1.7521790156505965,5.64776470477942
95,0,-1.6873344339580298,0.4644492559166628,-0.7070665679793826
96,1,-1.4471124724230873,-0.19485904769887674,1.8173617568437648
97,0,-1.3226996123544024,-0.7874181807139058,-0.30529718043695114
98,0,-0.9972468276014818,-0.5183609442433854,-0.35846521826611544
99,1,0.3997742267234366,1.6121100792966543,3.2141892174850764
100,0,-0.9054790553600608,-0.532677620234804,0.9536028125266067
101,0,-0.3781625540393897,1.0935919588850829,2.7424830420977657
102,0,1.2992282977860654,-0.7153647121225979,0.7304980698693684
103,0,-0.35626397106142593,-1.1865978885128523,0.8348906337314896
104,0,0.7375155684670865,0.38736585902866355,2.803701967822657
105,0,-0.933617680009877,0.04426189185718021,1.673914297805819
106,1,-0.20543755786763002,0.18372485978160724,1.3964448970608623
107,1,-0.9500220549105812,0.8082445408792608,2.912681679110021
108,0,-0.3390330759005625,-0.002753740189258058,1.4286403037691988
109,0,0.8403081374573955,0.35879449421507303,0.7112246880600003
110,1,-1.7273204231923487,1.3336853563315867,1.2187823776388589
111,0,0.43442364354585733,-0.031251791359804715,-0.9671426840251889
112,1,0.2377356023322779,3.2491569807079568,5.166559591286563
113,1,-0.5941499556967944,2.009959653024534,3.9891693767520935
114,0,-1.4460578543884546,-0.7409308769578582,-1.2119240254879635
115,0,0.07212950771386951,0.6161503456817339,2.6766085797758703
116,0,-0.5294927090638024,0.46516750588646427,1.511487113370116
117,0,0.23267621135470395,1.7845243379041922,4.180512195090485
118,0,0.02185214552344288,-0.0938267852593182,1.2810795138289612
119,1,1.6017788913209154,2.947872365116848,4.00189457150188
120,0,-0.23935562747302427,0.4700477875405703,1.880457875336114
121,1,-1.023497492621865,2.884517268662207,5.1499284650099355
122,1,0.17927563495631615,3.0446741431263025,4.33290568423056
123,0,0.21999668397176517,0.76297830978413,0.36488464926860775
124,0,1.3591875752404365,0.6454736515560704,2.017607230910764
125,0,0.8351112459145785,1.2571392834538293,1.4233168973205603
126,1,0.35687105914950934,1.6266112906176866,4.61887316550872
127,0,1.4633028912195618,2.6192979733442034,3.5047818711615233
128,1,-1.188763054322851,1.4218411618801567,4.708689657508885
129,1,-0.6397515327497477,1.1024319076622384,0.6503229335934533
130,1,-0.9265759414055249,0.9624121315044167,2.7118925473684596
131,1,-0.38980980315576796,0.3700214738545622,3.521452153324729
132,1,-1.3766861475563088,1.8435532838264301,2.4779117384278715
133,1,0.6351509468144043,1.0705340814048188,2.8383633351406643
134,1,-0.22222269709877338,2.731481443058115,4.084001189274316
135,1,-1.4708062945026579,-0.034176942352370565,0.7878941565948151
136,1,-1.0155790812075416,1.5225677246109877,3.3640745494837603
137,1,0.3135138474501953,2.9442779127325123,3.5115590812234476
138,0,0.8381265678943811,-1.400809094255322,-0.3441525620066714
139,1,1.9967308916917865,4.3172848112997215,7.032625227322652
140,1,2.9138624660073296,2.1488735426040892,4.316552324418912
141,1,0.4144094332759964,1.9654182121449382,2.8480958988143623
142,0,-0.9895381200318641,0.7745877895067845,2.6068655641019136
143,1,-2.132046280731309,1.7865151718961607,3.8903628773667487
144,1,0.2677114623438358,2.0541973769628328,2.8665524981278585
145,1,-0.812941095310326,2.45350225511327,2.796806471028664
146,0,-0.41535726017968533,0.8944635348679071,0.8594676668381458
147,1,-0.6120967990598081,3.277252100314361,5.5001059059896145
148,1,-0.14079088641638526,2.1800902769296817,4.22750499860895
149,1,1.0659802307876436,3.9844295891193804,6.7877083477226225
150,1,0.15704856744534462,2.6481934104712592,4.153452905909713
151,1,-0.1586348370386883,-0.15334057687986924,0.6901982182122861
152,1,-1.0356537528258116,4.000406552540098,6.512122290389435
153,0,-1.674682944704357,-0.5767489918885259,-0.4651340942805613
154,1,-0.4863079090733309,3.049651642479736,4.938938116519048
155,0,-0.05378255081832049,0.5106586778739423,-0.0500226714050962
156,1,1.767929913579883,3.291469231676544,4.875244790069721
157,1,0.13027452147288585,1.0506034455760715,3.886054670812162
158,0,0.9827395110230576,1.4205663963965052,1.900839731931259
159,0,-0.49929559853915206,0.09702077504384898,1.811665476787518
160,0,-1.1849437664170246,1.7235199816647813,0.1555115321931826
161,1,-0.9651167622323719,1.8491331387472978,2.8967181266576376
162,1,-0.7252260645357532,2.4183748219408403,3.9019749631555576
163,0,2.1284697324351645,-1.0255359517425209,2.1426982980869176
164,1,-0.8213866792243861,1.368011316444059,1.83467110058473
165,0,0.838489203736345,1.1620983961791993,3.000789532373558
166,1,-0.9029271780870264,1.6527367530135995,4.329083098644988
167,0,0.9315730128742441,1.7406291175801238,2.2054540729106984
168,0,0.38495096610586316,0.24958104469430448,0.9530472891427875
169,0,-0.1566378976580904,0.5017957357372035,1.612096930017489
170,1,-0.040762526135434025,2.868998006574362,3.1793605341547453
171,0,-0.6547876954293904,-1.9751253120741739,-1.5611860630214087
172,1,0.44607220148208054,2.4231721620829654,5.5884986433257975
173,0,-0.45498348034078,0.0296201299042127,1.4612782447004773
174,0,-1.2256057637672482,-0.7799998536837958,-0.1818722959204882
175,0,-1.2779375743196193,0.4531629519800943,1.3106477989526537
176,0,0.17258791772211948,1.7792276721252913,3.394650621199487
177,1,1.579091256410435,3.2128712084073117,6.101099607599512
178,0,0.15999161357343825,0.4128844531654028,0.8884686285009883
179,1,-0.11863832610988256,2.5401494659279837,5.851142743985677
180,0,0.2858261396025429,1.4538157403266072,3.827329169451777
181,0,1.3060017417068248,0.8044292520188806,2.742887230713458
182,0,0.21938250136385634,-0.1272658015790511,0.07365083284782903
183,0,-0.41092723083373717,-0.25851220037245104,-0.3609215533097916
184,1,1.1062887100598888,2.8697399618861037,4.564393907301488
185,1,0.4287564384616135,1.7864801178257932,3.7329965031625267
186,0,1.535755991995992,-0.08545542213179069,-0.5467960892916446
187,1,0.18323443722190613,0.070107495657447,2.4014475166470843
188,1,-1.2244690317205003,2.164490742580229,5.0070592000846
189,1,-1.368159199245665,0.7427738179620766,2.845616117943821
190,1,1.6509279322312496,2.5256661353253564,3.9797989189673713
191,1,1.723665720783297,3.4568066233041126,4.807136370060282
192,1,-0.17951921328260065,0.33721975916173474,2.4011682606792935
193,1,-0.38318732113598775,1.5399064231463586,3.109965243580982
194,0,1.4614442922422022,0.767739141453791,2.5030691741581395
195,1,-1.107045682043488,1.747629171014914,3.927941407211851
196,0,-0.8947270189558264,1.4707418927336868,3.383687017837184
197,1,0.6433267946890444,0.5635462237443054,1.3600881537525924
198,1,-0.3946051228595896,2.1514164118478902,4.094114335125284
199,0,-0.005121866720071296,1.52998721497768,2.1654878376723428
200,1,-0.16344289852451258,1.4645900664858633,3.133266442845599
201,1,0.33757454879893356,1.6638253717465563,4.3957491341750865
202,0,1.4074818613137168,1.3406939273790373,3.5953161726930243
203,1,0.09058490690174555,2.071992549960312,5.288553181724315
204,1,0.6439387932768579,2.47553424535018,4.829912254373819
205,1,-2.0501721010310225,1.6462288960919098,2.9261776851299106
206,0,-0.04871840193011795,-0.49658782619468655,0.2407900239689062
207,0,-0.8432302702928711,1.237297416617082,0.33389636016383895
208,1,-1.218813060423628,2.50113924406315,5.397111676877029
209,0,-0.8781523669287508,0.422637183611673,0.9251082964402528
210,0,-0.33412344070081207,-1.0943923387599104,0.3446800331028377
211,0,0.9159025423560131,0.6600250567067133,2.5222020909203486
212,0,-1.326392717739564,0.2964880616186991,-0.214105990979353
213,1,0.030631492594417446,0.564589209991508,1.4473691160507571
214,1,-0.4841694333335785,1.1946111064229128,4.444797126811691
215,1,-0.32767309436196085,0.19232868413286996,2.217229580944022
216,1,1.0027578253046041,2.608119572577825,4.02808547334023
217,0,0.5381154370039261,0.8273899460032291,1.8086660222764708
218,0,1.3373981074427437,-0.7445637325814214,1.6091527937399661
219,0,-0.15450567924990047,0.8051131578070105,2.7085265016913347
220,0,-0.695942611670703,0.23470826910849782,-0.370562015465286
221,0,-0.22385881688049952,0.9492566376902549,3.5387687179860476
222,0,0.2424967912712216,0.18121660362593872,2.195863992878863
223,0,0.17657335845371103,-0.24850739320691084,0.6343320291422452
224,0,-1.0843880722333665,-0.5961610481278168,-1.0047611056612105
225,1,0.09048978162787422,1.1889767179399575,4.061083314326457
226,1,0.22822833013890514,1.7872935956227185,4.109366761945119
227,1,2.5174740375339204,2.6032006766849682,3.4488971061139875
228,1,1.8768446112816701,2.0723335055763985,4.015624352474356
229,1,-0.8532433505588201,1.0207074458358347,5.776231718516559
230,0,-0.2873833615491761,0.0623817235297654,1.0214068086343517
231,1,-1.4634420018370031,3.7686921849558317,4.534033190252774
232,0,-0.5907070139634865,-0.4479372556872547,-0.5745752837865925
233,0,0.3156050035903405,0.036709492530909604,2.871929476678397
234,0,1.2058536208882336,4.155610194634618,6.244540408389953
235,0,-0.7290838377436085,0.7022881511374699,2.963910497505976
236,0,-0.6541464400677965,-1.0762245979240346,0.041131398154563986
237,1,-2.147289029738655,1.8985004950556668,4.523061924440722
238,1,-0.16266592054490767,0.7411613346353801,1.6603077609784882
239,1,-1.062414411859563,2.290337184247228,4.040445282790373
240,1,-0.5294394273660737,1.3302058924194966,3.311371521919018
241,1,-0.8768607781675882,0.9971459170603161,4.0042206933020195
242,0,-0.09426255425255699,2.0808862025518158,3.3808767318417594
243,1,-1.7577283913566313,1.7390828352522556,2.5620254152447144
244,1,-1.4670452453909906,2.23287586383191,3.803540653674086
245,0,2.129247112028298,1.5736938131284357,1.3231300330738547
246,0,-1.287422581274031,-0.33067129817530777,-1.9091245477003813
247,1,-1.0967855784546396,1.9823187467218162,4.394303001139175
248,1,1.836913528321314,3.460289451180855,5.252928270538773
249,0,2.905067169240407,1.5062581942896756,2.8258543291574894
250,1,-1.1715666288253417,3.150172615698904,5.54680596930045
251,0,-0.36824895678803055,1.2400125161654993,3.563373109852492
252,0,0.34155555094050954,0.8144492150537648,2.4172482800694497
253,0,1.7286976444055924,1.2700958243394955,4.543908183438426
254,0,-0.9868570784282374,0.3411800054391535,1.6464977238107836
255,1,-0.24527784594210975,0.37517786062237546,2.428335755013949
256,0,0.777337576061744,0.6431290770099181,2.038985414726866
257,1,0.43476607446661863,2.0516163076811527,2.65307396044086
258,0,-0.37615607123009925,-0.02893194263555854,1.851835448758544
259,1,-0.13382296451604114,1.9975301293498826,1.3252995164313885
260,1,-1.3748958083699818,1.3088387478441166,2.247606728894342
261,1,-0.23817374397466523,2.402239767906369,4.177535369679049
262,1,-0.2663874900089551,2.2831961340630444,3.24015631264789
263,1,0.23216988962625595,1.936804254472718,3.331482309325148
264,1,-0.555327218819016,0.16618894305229692,3.694499065515722
265,1,0.471538522545139,3.6321842954447123,6.630515885735419
266,1,1.0127158178198286,1.8619237467748055,3.178639229532032
267,0,0.15542932766846604,0.46574234460540803,1.0272616991667247
268,0,0.35175640839920347,0.26300607382037333,0.05635340694836999
269,0,0.053155347577867364,0.02753494820782376,1.7431598037295344
270,0,8.439309141418043e-05,2.044083365927948,2.794357794135755
271,0,-0.7215580335428474,1.6695769103232254,0.5587988327201079
272,0,0.316494261673308,1.0393416820796633,2.203424126224383
273,1,-0.09728659841348947,1.5633138660452277,3.7828354299643556
274,0,2.093168308930595,1.7470684776929317,4.128843112654104
275,1,1.5733549024752425,2.2458034525119452,4.287119638430219
276,0,0.3858465525565008,0.4255310474438513,1.13002919516877
277,1,-0.7630572096947675,1.8091887585978998,5.442841997148474
278,0,-1.112411471983418,-0.2748811885404702,0.509222673162398
279,0,1.191142953088865,1.109607149930092,3.0673975721457998
280,0,0.2627492251471385,0.7830456931657771,1.2960558948189465
281,1,0.4801434033916108,2.446979042275408,5.032917374589562
282,0,-1.7445859869741926,-0.6425127535678666,-1.447058943366803
283,1,0.9274384815581808,2.688367897343995,4.211788047936997
284,0,0.45442033821436295,-0.26998539148619627,-0.3873755632693776
285,1,-1.110430684414478,0.794304143054418,1.767244684302055
286,0,-0.47152480744994896,-0.17038250138072875,1.9857825773603524
287,1,0.2637172043565196,0.7070633889332776,1.9474809405008837
288,0,0.05246679835624363,1.5314023228925358,3.2601518080378686
289,0,-0.292171185803555,-0.5567038319308638,1.9021271129654653
290,0,-0.10348826806596086,-0.22996281782646005,0.7217622149570287
291,0,-0.25197737820688537,1.6798144970245765,3.62318612643948
292,0,0.15256251210246857,-0.024813948222909832,1.5367845123362591
293,1,1.471491972993157,1.9533049067598502,4.164040231942015
294,0,-2.5666584409312976,-1.282026533195925,-0.04504263206525516
295,0,-0.23685026450968424,1.2618961282697794,4.054464165359696
296,1,0.17651242137244696,2.599689970602799,3.7977235423687365
297,0,0.2959939896870995,1.3277441010295767,1.427741998790922
298,0,-0.37191458132128985,0.9259554537975567,0.8336579918779554
299,1,-1.7567217824785826,1.246572576275902,3.68965618951674
300,1,0.32799548371410964,1.2740219781762483,4.268988698047424
301,1,1.727350214164185,1.4032357575832344,3.0116688670821365
302,0,-1.5338614049161376,1.329747105286829,-0.1130387251357452
303,1,0.8638280136981883,2.7239526758360464,4.021961538652598
304,0,-0.3285252231228939,-0.29186179413729246,1.190287339045125
305,1,-0.0613243458288473,1.7214344644744801,3.442446456325878
306,1,-1.052898510703949,1.0840153538038018,2.853783398418379
307,1,-0.33445617235587666,0.47145244258748664,1.6812167898407133
308,0,1.3000445946989585,1.06766475503099,3.3417627986805463
309,0,0.582655241987707,0.2593039083571163,1.719026758509294
310,1,1.732311605409944,1.2671568153272976,4.000082608773089
311,1,1.1774118889776937,0.5740910125515459,2.768639073373766
312,1,0.4390866789295762,0.26792250347320157,2.680108002869961
313,1,1.743934526167792,1.851754230155698,4.4591128235702175
314,1,0.43899315873829875,1.746602977196574,2.706326980808452
315,0,0.8279881767970589,-0.12690435712319847,1.4117563736113414
316,0,-0.29657095353470836,1.0617681415968152,2.793962122836393
317,0,0.06654581585920483,0.4544172029747991,2.622867832341484
318,0,-0.6974238233002769,0.8676581636085671,2.1442805472322246
319,0,0.989583934594853,0.6139643901907481,0.8466306583781826
320,1,-1.1783036231148656,0.5593912778584345,1.3124132236614585
321,1,0.7823503424176613,2.048822673863912,3.570144661094514
322,1,-0.19065105750515945,0.38013017073012967,2.3314638673656227
323,0,1.1712470934673194,1.3908126486768437,2.502825966062715
324,1,0.7508689887312598,0.9881114901062442,1.8145532222215823
325,1,1.8206461576468016,3.164426373827489,4.198835571041799
326,1,0.7307746911386448,1.5807766610996787,1.4284098244207244
327,1,-1.5720402556532407,2.290921439613945,0.6570384646152863
328,1,-0.06695317289820084,0.5572908595422243,2.212118402007659
329,1,-1.172007192594816,0.6706281414927349,4.556457078116628
330,0,-0.5182798423662747,0.7254509941386882,3.41857454945686
331,1,1.5112284332767216,3.3238656234097714,4.447879897942144
332,0,0.637533810897696,2.357869051584231,3.635279111154381
333,0,-0.6989304285787463,0.33168703510724884,-0.27267856065866636
334,0,-1.013717366440399,2.033630420854636,1.5187774167084354
335,1,0.03278209287626079,1.4201700780374478,2.0292538989823203
336,1,-1.2165601493811278,2.4337995775486343,3.7649888632305757
337,1,-0.6711402773965811,0.5564769198217204,2.039789254130428
338,0,0.31200947155124387,1.0138033483286273,2.3289072134457354
339,0,1.1553120361066962,-1.4950994300244367,0.39917936690118544
340,1,0.6087614722244398,0.761037430014208,2.3459088010639375
341,0,-2.2912895085981,0.27928994550133485,0.857234014444343
342,1,0.3043667290302598,0.4788711665085543,1.2459320056243965
343,0,0.07203357323257792,0.948559682758958,0.6184693731482924
344,1,0.41389028537269307,2.7306252064241714,3.1144309174504
345,1,1.6162096816512073,1.683542711777084,4.456032449235553
346,1,-2.063238276804743,0.11207556128437912,1.1615200578351872
347,0,-0.5911034251911056,-0.15151764341207047,-1.1408585912746947
348,1,0.5909063227933546,0.9114595776538209,2.766551889528882
349,1,-1.5815943994539423,1.1243081221478997,1.3591679104710277
350,1,1.475949048053509,2.2448753393041345,6.000443967887808
351,1,0.3683566127006584,1.5044968607133886,2.799346461666694
352,0,0.846583985843404,2.428334435939843,4.279157218927645
353,0,-0.5709436615217945,-0.39068691814351364,1.5840873769371147
354,0,0.8137636899662105,2.1355622862451753,2.343386571681376
355,0,1.0684715559890383,-0.2206977695154022,1.0690436592371133
356,1,0.23287802013716835,1.8426409759826994,4.242684481398279
357,0,0.23440089269869593,1.7534256763576783,2.9158520273075244
358,0,0.2703432392817259,1.7124601240378357,3.127629531203999
359,0,-0.8633452647393817,-0.1792614771220496,-0.6815599236290796
360,0,-0.14752868024035293,1.0108111159992392,2.535341599665693
361,0,-0.1525225324523588,0.8754223239285184,1.3587536232653377
362,1,0.3833938643534951,1.2750789807133087,3.5012089768681482
363,0,0.9998242469102946,1.4158972112211625,3.535850906154686
364,1,-1.0585360819784093,3.2449313474588495,5.502032638581442
365,0,-0.12500903031957764,0.9341979559667574,2.2579158753923156
366,0,1.4814555476589732,1.5107930433683627,3.4492124490846745
367,1,-0.7435882288125641,2.1490785095569382,4.48877191768321
368,0,-0.8222500172903203,-1.2076516125422365,1.1233995453836254
369,0,0.20230619183119358,1.020916530755647,2.027327069659115
370,1,0.8443851904853201,0.9365559823070686,3.069390013846521
371,1,0.01142605556065933,1.113540875970398,3.8478928960586414
372,1,1.3289605904369892,4.2606299583195995,5.8360344666434845
373,0,0.8567939825665268,0.503776585111148,0.3398679089464678
374,1,0.8418200668900618,1.2123719157727915,3.6739661037335747
375,1,0.5541165013240933,3.0188175292986204,4.723617144947494
376,1,2.327653100346085,1.4506189272614487,2.508622135596298
377,0,-0.2051616888660442,-0.008967650849490416,1.450541940757138
378,0,-2.003522292066514,1.1479954803662127,3.178424036982158
379,0,1.604254361517141,1.0240438737631017,0.7151521997774439
380,0,-0.45769943095682564,-1.1989068744135771,0.731878234611539
381,1,0.10788044434303304,2.276353747625529,1.5608623207484533
382,0,1.309550684860527,0.4963993234116493,1.3580228302022408
383,0,-1.6022595410589253,1.5591736242125676,4.079237628243362
384,0,-1.2516472141061394,-0.48168111186597545,-0.06033460320006995
385,0,-1.6012779371188537,1.07084259259027,1.8405254009874912
386,0,-0.7941362900254239,2.037457145358087,3.6414960881265577
387,0,0.43963660601699356,-0.21905224200647255,-0.8475984348637262
388,0,0.524187842812771,0.4640433320856385,1.640975701487948
389,1,0.27627417932855375,2.1715075279430165,4.090975435770035
390,0,-1.4127658838923665,-0.7811755177218844,1.7985922787483821
391,1,-2.310103436632644,1.2772639157180374,1.3795023973936855
392,0,0.054353585390382264,0.2913857881111224,0.9207171887390773
393,0,-0.47177603363833576,0.11339961831513404,0.0906886207638512
394,0,0.45938577171661177,0.6867541242230951,0.7442194748750379
395,0,0.7019536262212701,0.7818508034449452,3.0496442557537775
396,0,0.13824143205868192,0.7053531986936448,1.759652987106199
397,0,0.7601330853758538,0.12921358015597184,0.7256730008046217
398,1,0.22921137411506842,1.213591687884767,2.541588061565245
399,0,0.5300647056014667,0.5404318228556095,1.0832176870305068
400,0,-0.7046732628698824,0.24384037990324015,0.6291025499215697
401,1,-0.17961141383145854,1.2072672359039458,1.7068996088483899
402,0,0.19677609665695725,0.8829724710831055,1.663598147849297
403,0,0.8205284754174188,-1.0686032060499713,-0.2637042026186321
404,0,-0.3937411722245721,-0.3485886105763233,-0.1851335514245802
405,0,0.5211672557321126,0.37642235051677925,1.6357020579681765
406,0,-0.265838791915379,-0.43586682460521864,0.7508548971298639
407,1,-0.11754216732813036,3.293935364610452,4.513779716853119
408,1,0.829519042024073,1.9677175593321736,3.7894872169707337
409,1,-1.993060371054156,1.2788515669096567,4.838863219599682
410,0,-1.296472328074761,-0.372172406387889,2.488966386599296
411,0,-1.4821853974428207,0.039565460394192856,-0.3109618092241071
412,0,-2.3336161198483047,-1.4153383002572255,-1.7965090908154453
413,0,-0.6782644401551767,0.12670363185837355,-0.06835253316465828
414,0,0.7494338997277404,-0.21217825867743367,1.9947624612403536
415,0,-0.28488406638257474,0.1371311953290651,0.6816250824768559
416,0,0.19779008194185213,-2.0005795417199415,-0.7213472817352713
417,0,1.0892174967107926,-0.30123795943028786,2.9135728731927544
418,0,1.3276861322676916,2.362232244194641,3.617304676337717
419,1,-0.06913793472613955,2.5096563686897007,5.002077503501794
420,0,1.3535858895693973,2.2251151027860505,4.016253030000323
421,1,0.09212665843410921,3.1153592672011565,4.3455672471920295
422,0,-0.8373982238274621,0.9217679570162387,2.813450043992605
423,1,-0.5944003521987352,1.0688112089612443,1.9002303294213112
424,0,-1.4805365125650163,-0.9814119000351276,1.062360583896045
425,0,-0.8881338537336524,1.380304449329601,1.6152267133737506
426,0,-0.35801668807442916,0.45716296796506173,0.9075919098140812
427,0,0.8035850193786016,3.235098322195487,3.3073275024444158
428,1,1.7207698311659838,1.851132973339041,3.071027528755591
429,0,-1.38218151537704,2.058241400167368,2.3550407747634243
430,0,0.39282746825991893,0.4610564497822205,-0.8917266144764076
431,1,-1.0405439391575344,2.72388541551144,4.082444286504337
432,0,0.47469708846320197,2.3391008637714155,2.926066044222539
433,1,-0.1310866506877266,0.6377240766129695,3.201517845087256
434,1,-1.8309058258475304,0.6657301739548722,2.522529747142192
435,0,0.9282969915684843,-0.25449012822798556,0.2235318389864145
436,0,-0.605000712808731,-0.9114447021008428,-0.49099560408849596
437,0,-0.5339002383735546,1.0068967790128835,1.665498692817275
438,1,-1.06975241128969,1.1824459063640715,4.254451978581983
439,0,-0.6542832766875555,0.3560813401838696,0.4029200043899167
440,0,0.4278904406949172,1.1846062671817552,1.550423690370085
441,0,-0.18924434093640552,-1.4141601359958362,-1.5805931558002682
442,1,0.32866200228248105,3.085364604641799,3.46905752566211
443,1,0.3619218539288437,1.4594823928387355,3.638870387249999
444,1,1.320661655528167,2.6285998028963076,4.895635465075151
445,1,-0.3427861508643793,2.217876993969233,5.232081616631709
446,1,-1.4768578168457318,2.627739215710121,5.1737766600679045
447,0,1.067222416571983,0.7153093371885614,4.325870535034766
448,1,-0.3314881720972547,-0.5230839106721072,1.136745687367346
449,1,1.114592444577377,2.0915053468267737,3.853894271946042
450,0,0.3833771131824704,0.8157199921163423,0.592169069619477
451,1,-0.13113753020334493,0.6263978817988793,3.0967485432345363
452,1,0.3487758940462951,1.9521234226468271,3.940412842902425
453,0,1.9510125601262995,0.7242853333115981,2.7657541503475414
454,0,2.076980529053753,-0.2196597905663844,0.056612096005966395
455,0,0.0693811351327787,1.1922992355491173,2.5577796516023725
456,1,0.1601905933170753,1.1843320270973265,3.221569763714683
457,0,1.0762401574663856,0.41649283250284647,1.7707759038898105
458,1,-0.8456610327673472,0.9837228428827113,1.9313247281387178
459,0,0.3330703726182551,1.8353997092496233,4.091338432326673
460,1,-0.0258628479538564,1.6513249838404507,5.49645999322769
461,0,0.3139082114575536,0.6732722839830876,0.6257098999769828
462,1,-0.8333688059494058,1.0093532038287811,3.3631234222318582
463,0,-1.589567493308969,0.4859965742622146,-1.7097670757399683
464,0,-2.0729834359912918,1.227423017653284,2.4814362799374843
465,0,-1.1173841129896078,0.812645583589624,-0.2809858555500524
466,0,-0.458675284939333,1.0492643758530562,1.4325619709659316
467,0,-0.2931915866487618,1.018272729889717,0.6466097508057143
468,1,1.9372311624295169,0.9009267054176917,2.872761442954199
469,1,1.1059933699072981,1.1556791792730512,4.01567155162234
470,1,-0.9620911163416273,1.2063852714983856,0.956653784503037
471,1,0.34770845245095694,1.0784484932420613,2.5885104942166137
472,0,-0.4070782363503251,-0.6866604956610955,-0.2814449117472173
473,1,-0.28436383804009513,-0.2574848922826025,3.066691023981253
474,1,0.18532564941538202,0.4090684816904735,2.677894619423835
475,0,0.6191711169753933,0.42922577775001763,0.37584288787167375
476,1,-0.33925848388401536,1.5287960880159108,2.789650012208708
477,0,1.0638515327343585,0.02610168368973198,2.7949762286221356
478,1,-1.141938226142404,1.4363437448405048,3.722321416386048
479,1,0.006339062362268442,1.2680680778003042,2.151102427867336
480,1,2.5976737265958323,3.569875705352598,5.622339912288676
481,0,0.2230797426252751,0.4052981587627452,1.2148049588796523
482,1,1.4332145066061728,2.826295233383567,4.374956207548996
483,0,0.09152017817320818,0.730669815746655,0.038761695059606804
484,1,0.5807770953297967,0.4721620893548839,1.710695793030875
485,0,-0.056783194392691534,0.3923068659450171,2.7701495329318533
486,1,-0.17040758116420443,0.413253626322055,1.7980276230280388
487,1,-0.7794823967254196,1.358034442765453,2.89888433295945
488,0,0.4303013589575532,-0.1160404095434232,1.1105455091016616
489,0,-0.8515371891857679,0.626501876729078,3.67433583360405
490,1,0.6655852363134291,0.5573212334278275,2.4993130521074747
491,0,1.08528700444591,0.8402879266132102,3.1512906810859036
492,0,0.36653140723722993,1.1823750047343629,1.657501114130612
493,0,-0.28624873355569186,1.321720949242288,2.0050719420286582
494,0,0.4539655793086961,-0.12797808409161404,0.9753677548804103
495,1,-0.3086730555464126,1.6251490555432513,2.589281502584584
496,1,0.9355471254651493,2.1648111105511183,3.9482027550411907
497,0,-1.8314060842151236,1.497704454278231,3.019474173248476
498,0,-0.3356073681186462,-1.082012271185731,-0.9494983059013435
499,0,-1.9908119951239978,-1.0083461436082484,-0.4064195116694096
500,0,-1.495060830227205,2.8559442436679183,4.265665629278409
501,1,1.3638622298139094,1.8360613849881982,3.0843677821382363
502,0,0.895184981971686,-1.1224383153117687,1.1520124736975246
503,1,-0.7194802332847904,0.9016057866663968,2.6305932197207613
504,1,-1.502503456040897,-1.5196242582766313,-0.18524751282410032
505,1,-2.964528837841651,1.0515620611036578,0.2505084877351127
506,1,-0.5434955079326346,2.3467361078984283,3.664424564298428
507,0,2.4204150122474024,0.3144621275054673,2.170137546100251
508,0,0.4348842714636474,0.15974135918758736,2.9920632322827845
509,0,-0.5595722860494895,1.2557824695540656,2.7117571664557807
510,1,0.46508020950030626,0.08930859800402136,3.1085408716824316
511,1,-1.5609583529944429,-0.08985871809787849,0.18884503768129424
512,0,-0.29732336269763543,0.18268780947506968,0.9964006412825881
513,0,0.09947747301573849,-0.22249159556209686,2.018150341369915
514,0,-0.08610065182104851,0.18030290698009765,0.2753492262159649
515,1,0.7908061216900806,0.6734915171005023,3.5968753704116208
516,1,0.34464522623605237,2.0177070537923236,4.619953963639867
517,1,0.668326018107997,1.7512647202524103,3.95965357232383
518,1,-0.6883722822307594,2.042678809563805,3.376301727981678
519,0,0.8978154084105481,0.9697441230034568,1.1630120501131311
520,1,1.6289369476239914,2.395371156783221,6.296537840411332
521,1,-0.9701495196514126,-0.03735221042553749,2.2004804033682106
522,0,-0.8876956557145598,0.7262828549305043,1.8893598484630412
523,1,1.3357843363202329,1.7698688990916276,3.424176018153423
524,0,-0.19134398669506028,0.27599849634186413,1.2756013285928296
525,1,1.403821392066557,3.1694107940107767,5.414892342394121
526,1,-0.4425357118921839,0.8478037299154496,2.9591722722705853
527,1,1.4550455762707113,3.487698001340214,6.31304740506629
528,1,0.13148581680545218,3.1839210444147286,4.227746681920728
529,0,0.2582288233226952,1.3302530843611806,0.9153018835387152
530,1,1.5647180216699044,1.1887945957335495,3.386019051341028
531,1,-0.36177047744417123,-0.5948243888601832,-0.614395821673779
532,1,-0.9411220959249583,2.4964982854824536,3.784612871303824
533,1,-0.44856420802835434,1.6768157989225734,2.87791312720514
534,0,0.4523339506431387,-0.10949728562852079,1.472717696701776
535,1,-1.5657590721805144,2.4038346221014484,5.873279843151654
536,1,0.6374709026511215,1.029682389917527,1.0125859465441898
537,0,-0.5387713176177432,-0.08578665351626569,3.0806441132785864
538,0,1.1478126607335635,1.369234162537063,2.3657215355647496
539,1,-2.3942603049004716,-0.13188092308501886,1.5370756981074667
540,1,-0.7865657751041687,1.3545493578616818,1.5824040452171315
541,1,-1.686468151234102,2.283196738543131,4.742774678522631
542,0,-0.8262294663639526,0.46324190371194424,1.3394685467908778
543,1,0.24766590110894313,3.0217261071563635,4.809791876189865
544,0,-0.1792266254497549,1.5798343703710716,0.6066039303781667
545,1,-0.25337756894801494,1.6317250637372147,3.4548463637950393
546,0,-0.1591848713800608,-1.8844968377714064,-0.07050548823084446
547,1,0.20338824061994343,0.6552441769706763,2.2596431896114764
548,1,-1.0085360419431078,2.1607732998015567,4.933265437057085
549,1,0.7068496408990508,0.3618034719844281,3.436068572055601
550,1,0.6626659703854839,1.572107202528695,2.8635450138649436
551,0,0.385037937656101,0.9539919949858626,3.6261134413144758
552,1,0.5565334427512632,3.3365307285868893,5.2931323814622235
553,1,0.2964180008086595,1.2139057037881837,3.1229345547377463
554,0,2.0350733027310675,0.4670342817361909,1.9730301648851354
555,1,-0.0870941710525099,1.6214259821887465,3.47332289891937
556,1,-0.30708321833457675,1.9587880043097292,1.067238003984306
557,1,-0.7535275803573779,1.3196948984966927,2.7834829842354964
558,1,-1.0322626705778368,2.439589547712459,2.6691905419344373
559,0,-1.2444717876010754,-0.6724853693087944,1.704955975386667
560,1,-0.8887973132309185,1.5535217394097678,4.761845268484785
561,0,-0.07068038165207131,0.9240085957513977,2.761810851876571
562,0,0.3342951284977145,0.20005572864345766,1.0284473170041122
563,0,0.051142058552161786,1.3550525541256153,1.3572660292323493
564,0,-0.765535277429713,0.41929795801343567,0.6086099012518883
565,0,0.9001845640199633,1.558901082358263,4.681579901588289
566,1,0.7394126723009475,2.115927909739116,3.371613057679345
567,0,-0.159648307422017,0.8285100792606229,-0.559014936609844
568,0,-0.652916144664712,-0.32826660024876897,1.5713156793036822
569,0,0.5484279208297995,0.0337566710577164,2.6439453688415697
570,1,0.18797358748610446,2.980788556174608,6.4775989608383515
571,0,-1.4481272594150476,0.701072266695818,2.449794819062137
572,0,-0.0679802559844049,-0.5433592430177232,1.644564383020177
573,1,0.26203581207438104,1.9594741682771457,3.8648154047455643
574,0,-0.8996947864877538,-2.143684489481752,-3.3999190702709656
575,1,0.189843392837443,1.1830128541518163,3.0488625742193185
576,0,-1.4548224852577891,1.024580931042569,2.355189206410428
577,0,1.3361861000121709,0.7757102412924918,1.9076774047286758
578,0,1.2479499850594318,0.9922976651838608,2.0610515434561316
579,1,-0.25251733430296475,-1.3921364468111008,-0.606757952690016
580,0,0.36345433783907316,0.2167826832155702,0.2877348075113588
581,1,-2.409921965799875,1.31529563408725,4.471459755693345
582,0,-1.1563476602653329,0.6183855773187399,3.2614624151458154
583,1,-0.2937789201521298,2.574222035288725,4.312819120012196
584,0,-1.0721330214268592,-0.03189765820148596,1.0351993426060693
585,0,0.7143964826306588,0.5486631321650485,0.7106843716541617
586,0,1.997296530747994,-0.23292847018546414,1.8091056859035886
587,1,-1.176614719429302,1.1424940449980114,4.466820272726351
588,0,-0.8374634040851927,-1.0128140836233563,-1.7095375443850882
589,1,0.23544836830993032,-0.07723560931243778,2.233737364051942
590,1,1.6111161484996208,1.098155474439308,3.7594009467842726
591,1,-1.2223743125399031,2.8419726140420005,4.925104266423277
592,0,0.24903612230694197,0.304149635178806,2.9967745274886637
593,1,1.8212988508131087,2.4662670182672985,6.666545000601072
594,1,-1.6517591481792673,0.6909760043481636,1.9271404968396475
595,1,-1.281069206845832,-0.47487178150564713,1.7420880492815445
596,1,-0.42360660646083825,2.509031142991456,4.308543527425347
597,1,-0.520588412855411,-0.6283746637122121,0.43539236077701005
598,1,0.8126012877536446,1.388987709534435,3.6223221239661783
599,1,0.24165971982083806,1.7178830350961902,4.2377145075606055
600,0,-1.7749620596421283,0.1980010255372167,1.0599372990257767
601,1,0.5154104029008109,1.1281535163413734,2.150054387435418
602,0,-0.5775388873556505,-1.5112231492616695,-1.0902915665884771
603,1,1.274447216941239,1.2812408727469333,2.880222895960524
604,1,-0.6275875364369197,0.7629657514492616,1.5950042892311733
605,0,-0.6366152831022357,-0.464078080085751,0.7221384448994705
606,0,0.5411316108045314,1.6323980734489627,3.1587364919029466
607,0,0.7629264823369366,-0.4847248334380614,1.647378063916522
608,0,0.4480993639362036,0.93540908361902,1.1674066082456296
609,0,-1.6855973173848082,0.1526178420024733,0.23801969229671838
610,1,0.5380344399282511,2.821865409450145,6.2840417493670335
611,1,-1.034308051674399,1.256575712760749,2.685218238352949
612,1,0.2352761115882635,2.5617138006740374,4.438900052243324
613,0,-1.4237344353990602,-0.09934046871381608,0.4408089228107225
614,1,0.44632214754306365,2.2682891708477193,5.290584419077975
615,0,-0.8065989043073726,-1.2449207585394524,0.7655681413141022
616,1,-1.2826346502605217,-1.323068471369265,1.3336126991674786
617,0,0.7138201364823995,1.0916928945105733,2.261024533164601
618,0,0.2416445216767513,1.003676482542255,1.1795694093886038
619,0,-0.6139768013928971,0.7913092927340134,3.5937270102146885
620,1,1.4511788490210642,1.6104211399516402,4.55696588671137
621,0,-0.44065242156974244,1.8575265257394498,2.3127370600331116
622,1,0.03210767397093466,1.2497544864542582,4.479994868192856
623,1,0.2689134476786009,2.2015530539759496,3.5197268282525744
624,1,-0.6196659341286136,2.1087364447654946,5.195506661128428
625,0,0.47113629339992935,2.3600810477690892,4.932592895833567
626,0,-0.5334523471647244,0.02293467606074906,-0.00523856505325182
627,0,-0.4116383222162092,-0.2766844028940156,1.2227462356837036
628,0,1.362642639803341,-0.5893525924743208,1.465366639447676
629,1,-1.040586052512433,2.940191190908743,7.1469831799925885
630,0,-2.41278033092949,0.19757680776969305,-0.02728037605006206
631,0,1.6109369950118944,1.4363422043978704,4.191072880394078
632,0,2.549327952607003,4.381502627106021,5.908714235660975
633,1,-0.40526926544933184,1.9034639615514997,2.381045924881064
634,0,-1.9368380406201853,-1.3833728172860877,-0.890727595244412
635,1,-0.31048397619594376,1.4109512321482407,3.151319198008759
636,0,-0.2862229498406692,-0.5606492938008539,-0.6767840768842768
637,1,-0.18992384102225704,1.2471544531105505,3.321343303757629
638,1,-1.1133880419218483,0.9633939846688382,3.4985256317830506
639,0,0.5795611424764774,0.08684395167589376,1.4409568342332015
640,0,0.5245073752860862,-0.7359302927695711,-0.17287290709223047
641,0,-1.4944056198193065,1.6441799477265042,2.1968267553556773
642,0,0.6991967316948878,1.00860706394686,2.1439030534923864
643,0,2.052684981945891,0.890333459883529,2.518192083753756
644,1,0.17196033243705985,2.509225929246861,5.453448757974304
645,1,-0.33732516206850605,2.069869726228839,4.074344447201227
646,0,-0.1420032144075213,0.7330897684197911,0.3019924969085763
647,1,0.6152567669685612,2.569575102857395,3.9303053842624154
648,0,-1.7306716055072182,0.11473326210649124,0.9346199919016842
649,1,0.16439070297730224,2.4195386678847823,5.376541293434357
650,0,-0.3904639494628101,1.1359731160389321,3.355726767682922
651,1,1.8478250129560454,2.4170662389196167,6.36131658309828
652,1,-0.17417273380495787,1.4273536863623968,3.32313353718071
653,0,1.6678876111195198,2.5307640847897646,4.627650782516162
654,0,-1.1037406977820072,-0.30902374910803576,-0.9842334230674067
655,0,0.5872591668027922,1.0674913504681836,2.614824756990225
656,1,0.3194002637912288,2.209728489876435,2.9983444411738196
657,1,-0.8690472478647824,0.8297279733769296,2.3933793280492233
658,1,0.17739611463694044,0.9453964490795889,5.8107140608791195
659,1,1.2125188368316004,1.709903630179629,4.055961633736379
660,1,-0.3237917042866007,1.110645635538412,1.9820740755007629
661,0,-1.6919626491697632,-1.4657193563897943,-0.39632288026584167
662,1,-0.01756282647744591,1.0432360695374907,2.3226483176526465
663,1,-0.9024230947925126,1.6954960561968084,2.3542673240807543
664,0,-0.3423409386638824,1.663241302549434,4.697912648207158
665,1,-0.08158776968512098,2.229915004268097,5.080409476597826
666,0,-1.7056522160155172,-2.611230163174893,-1.6068239813822516
667,0,-1.615658339320678,0.6566062129611242,0.9416512548494474
668,1,0.48206683552552526,1.2864682647619397,2.872092148894845
669,0,-0.5227186961696804,0.796264465836859,3.2342025934470735
670,0,-2.564744341820567,-0.28355856175679817,0.5100701075436562
671,0,0.7848440366081351,0.5427655848956128,-1.3830707507315734
672,1,0.27236975527423984,1.6794751986201306,5.954887665333816
673,1,-0.713874824036484,1.4634132445192747,3.303700636684263
674,0,-1.3168302110582415,1.4493559087727714,2.52935887229594
675,0,0.8358078963143372,0.7310821818092137,2.9849385745068777
676,0,0.3493506225604296,1.6903413199493293,3.225614271773002
677,1,2.3826022826840734,3.3546865506508787,6.378115624904503
678,0,0.42018859872493736,1.2931021272011343,1.953416379581197
679,1,0.3877031412620148,0.02969212224892681,0.6774374265349432
680,1,-0.16692793010856513,2.7665542771290372,4.81340147258052
681,0,0.816775867200791,0.2871314660246493,2.8821012917393976
682,1,0.6250852012481537,2.603252841449218,3.8804673233157314
683,1,1.251725008565195,1.102984669329145,2.4253056762224077
684,1,-0.5213229186372847,0.3585290811055586,3.2752837577580385
685,0,-0.4354074729439623,2.3457664949480104,2.8014397952181262
686,1,-0.4791031709119801,0.5992859818882916,1.8929054338714932
687,1,0.7908017211789892,3.083347155405444,4.668363226695
688,1,1.498374440296732,2.2679326535255404,4.302626560594407
689,1,-0.45884049314930064,1.1422277936950382,1.2768215991631398
690,0,-0.42477372779309125,0.3277389973318661,0.7034441392316214
691,1,0.3140772238697992,0.4931286706296285,2.58631213454331
692,1,-0.24576150001290142,1.612517170386899,3.586602806559148
693,0,0.95205365313989,-0.2971242179539926,2.0512795652535725
694,0,-2.2517772906190467,-0.5709769814996997,1.8180597825712956
695,0,-0.8267050469168946,1.1772880498945075,3.5244304871755316
696,1,-0.7824163339614458,1.7194657763692236,4.277634893650869
697,0,-2.320356012386145,-1.6782773025963649,-1.291083095840801
698,1,-0.9636384443688041,2.2623965936032286,3.2465998347725877
699,0,-0.9151561158459262,0.2183534033370796,1.0532006126762963
700,0,-0.20110465451883033,-0.10251666476498777,1.442841174104144
701,1,1.1129658916602636,2.7805660714070104,5.625097047984731
702,0,-0.24506065119070236,0.25927496766578695,1.8333485709434967
703,1,-1.0308137202711538,0.22509454401294104,1.6977563285826576
704,0,-0.056954541213528984,2.3307233490855457,4.1061946806851015
705,1,1.0491736214413494,1.9974646435414172,5.2681718729131894
706,0,-0.9759588161149049,0.1258271506833114,1.8107957715278717
707,1,-0.9105748839214486,1.0217223630929753,2.607594331145287
708,1,0.5585489592742234,3.047530427239856,4.125391526588694
709,0,-0.22153611573080054,-0.09133934286128031,0.006786004604452112
710,0,0.6474846907094743,-0.8507344515987623,-0.4024551370490489
711,0,-0.013646791795296761,-0.18277169943456756,1.071574140881303
712,1,0.701663648089567,3.2372736948816625,5.697410178055209
713,1,-1.0350781140406409,2.221608727244925,2.4000607864927668
714,0,-0.01208465078826744,0.2413589521036586,0.7349469135824541
715,0,-0.21069001436315682,1.8100481373315271,3.0111955997642896
716,1,-1.2158909241041307,2.0831749515906433,2.7403168566722145
717,1,-1.5634779478686884,0.9643672520047867,2.885575815490654
718,1,0.6857490352746618,1.7398148554813186,3.369536371619685
719,0,-0.3509523822179781,0.7240320172800407,0.9304212691671884
720,1,-1.0222802816473295,0.5614289658419852,2.2101783419614165
721,1,-0.09617893692333225,1.6756513844323513,3.8486959266267853
722,0,1.1280188573493026,1.1469190218180811,1.5239938790180139
723,0,-2.280737845371923,-1.8711875922201167,-1.5699475411085488
724,0,-1.4966386899033264,-0.13831192953889573,1.0300387097875467
725,1,-0.9228864418952676,1.1200778820657313,1.9734104103699106
726,0,1.461178866720329,1.9664216799764211,1.6009006128965855
727,1,0.2825869829192965,-0.059720898935245126,0.26022265195885974
728,1,0.7673172404612268,1.548689152434657,3.084101736469933
729,1,-1.1401609191262305,0.876197076897544,1.1297466167671597
730,1,-1.1195358752705262,2.324210201340443,3.5525811311100917
731,0,0.4478137167227104,0.5907975456519204,3.3453031401691415
732,1,0.05827433093544655,3.5135769449330034,3.946633423431411
733,0,0.5487388188641266,1.3268350275656244,2.153977939860749
734,1,-0.18767099092845213,1.2334757085319452,5.128246064617639
735,1,0.278143726454627,2.0231018144953468,4.286860642761982
736,1,0.15811908490510918,1.3933669161020745,2.8572674456074965
737,1,0.7777673890849254,2.7927263072158977,4.591397150513645
738,0,0.8070082819444706,-0.590095228707671,1.0006689360745011
739,1,-1.6198719943917699,0.3903424251111356,3.562139956860222
740,1,-2.2472685553408556,1.4815093519526645,2.3012020334072507
741,1,1.0017453976515072,3.226280068019073,4.469018864661091
742,0,1.1877250932619365,-1.3456510681606177,-1.4869147822884579
743,0,-1.0206230195133374,1.5682843101364146,2.467255738743551
744,1,-1.8598354065456286,1.001914249608305,1.0242597984812665
745,0,0.09903482100720092,-1.3541645156350028,-0.7981401762553573
746,1,0.9308382263505294,-1.0224763739841798,0.05500783017557376
747,1,1.7975945224343146,0.7098922909220147,3.9435347056429837
748,1,0.516297572101451,1.8351844157850334,3.230047542838518
749,0,-0.37171669658569495,0.32258695321540687,1.6451739419038838
750,1,-0.8931306215848627,2.065261248233851,2.082543122228315
751,0,0.011451291670654416,-0.04605179005976723,1.0877454227272092
752,0,-0.2992647038852564,-0.6978199576117479,-0.9608332042495479
753,1,-1.0150679057288161,0.9823932406204621,2.1537311595448396
754,0,2.0487556508632867,1.1482369821705631,4.769190686599445
755,0,1.785168402072131,1.2663233155769167,3.5555313732322262
756,0,1.1360486835554284,0.051649905794222684,1.1504470596740013
757,1,-0.9208503978091276,2.3251915809926214,7.1399634112139925
758,1,0.8550193242972788,1.33510902556515,2.390938200051288
759,0,0.6396264094979018,-0.1778294394755333,2.1153122244994087
760,0,0.44254562420405297,0.09037217779292606,-0.35379315421337787
761,1,1.2496652670437771,3.14973975581574,4.955750051576548
762,0,0.6353711428612774,0.5578148899177239,0.337099368309419
763,1,0.7400142363043355,1.2274907678215286,3.43276953017327
764,1,0.6369062833722101,2.8171796354602066,4.800531145713405
765,1,0.3407914080021059,3.944985962349378,5.505479444766218
766,1,-1.7836111297141835,1.3745992953946928,3.909934094578163
767,1,0.08362107741055723,2.9589287840886005,4.2085540265679215
768,1,-0.5561919588491252,2.569220362920052,4.584833718957551
769,0,-1.2798409576400205,-0.4895920389503391,1.0749947097929955
770,0,1.681816619300824,1.0311791662664798,0.8843212812304613
771,1,1.7289953408857035,0.9361539725617236,2.3335386990644804
772,0,1.359220600295612,0.7028239137270486,2.028529001102005
773,1,0.2552134168558746,1.1503736559310382,3.631569758730532
774,1,1.3506251209526567,1.702301579110162,5.193664369222227
775,1,0.012053180601825543,0.9537209228002109,2.5402517601926555
776,0,0.20279727689777938,0.2737423748737665,0.9978307876034384
777,0,-1.093471370461983,0.7041912751263195,0.612900970820259
778,1,0.39699130449884,1.6996054809096564,3.9089878339864574
779,0,0.0603859284244171,-1.3462574192280605,-0.6312978072412687
780,1,-1.3026521168344645,0.5630838000511744,1.8285211138585629
781,1,-0.051197111816596905,0.16524151389676867,1.861113585644941
782,1,-0.07972956385680847,1.9201413568247252,4.255823506143702
783,1,1.79756116664464,2.7425857140475793,4.338367394197246
784,0,0.8942133285134095,1.024812220408188,1.431496797201965
785,0,0.011445439091466015,-0.28397076157194756,1.1500425123804487
786,1,0.248787309801083,2.0214901220715413,0.845522682149173
787,0,0.044212378104198057,0.04314945766238437,0.4483137596215384
788,0,-0.20291398479554773,-0.6990996451889168,-0.8909919415553904
789,0,-1.0824271973882869,0.9172017604924443,2.9039745440315756
790,0,-0.15105187760692926,1.2727121904416931,1.8015690523774104
791,1,-0.7460982566525134,2.4250660040877516,3.515130237490018
792,0,-1.2503155389231464,-0.48344326170940005,0.21787114525269677
793,1,0.5112218145475347,3.0327288570573394,4.339600791501932
794,0,0.39126465993323495,0.12379714665190283,0.799401920485015
795,1,-1.786707511368078,1.8174890681280895,3.3572579762776376
796,0,-0.12268463749512722,-0.047718053015213424,0.505704584979493
797,1,0.9957013858999235,1.7747282520242063,3.344651076932154
798,0,1.0592237388963208,-1.6034107357202934,-1.4017236616523379
799,1,1.0258368428852387,1.7058378384486557,2.5572214665051725
800,0,0.0389132069014598,0.6027639288554654,1.671183467826038
801,0,-0.8450453279691511,-0.1635632157545841,0.9740282284374082
802,0,-1.0836988273580606,1.9310784198777213,1.2861820106221598
803,1,0.3446049047503575,0.6409153860998309,3.26977778243075
804,1,0.379280034365163,1.250202773205623,3.890106419903403
805,0,1.2873311116050654,-0.01867327650433359,2.2134820840953027
806,0,1.0999796503420836,0.2662169161071539,1.7861019309161683
807,1,-0.1322286565311721,2.6917444659813534,5.102380834964116
808,1,-1.2442058788608694,2.8047700306687027,6.540954699474851
809,0,-0.31910659701089783,-0.2965245900222111,0.338132489698316
810,1,0.21723119481052466,1.042161815719954,1.8399165537925022
811,1,-0.2020832453894041,0.4822463777892638,0.7077698454899213
812,1,-0.5778941080776558,2.8329171540960063,6.2730122627127916
813,0,0.2528848149698989,1.6968698514072722,4.516234073099909
814,0,-0.5039577414106104,0.2428308775880301,0.21743958737167757
815,0,-0.628066083725374,-1.0845190214244922,-0.9374530508481236
816,1,0.31145283430343956,0.4867732848347799,2.025072814164296
817,0,-0.4019925801292048,0.5500316763458317,2.6938900324659745
818,1,0.24410438897835213,2.3225692351400045,2.884087914455365
819,1,0.2732040228521227,-0.28418359816551164,-0.3961623184839622
820,1,-1.1394290010915746,1.036861389134645,4.776490065478491
821,0,-0.4812411238654122,1.97392355239776,3.190048614544753
822,0,1.4377769399164624,0.7138238753446532,2.4557925692465066
823,0,-1.1620795127342871,1.6410142369703378,2.2034923292234874
824,1,-2.116654448970531,1.7140497942645245,3.5565038281884416
825,1,-1.8618451532425115,0.05716685319188897,-0.029408060797599278
826,0,0.029109946576669203,0.21606169062114472,0.38096311307624875
827,1,0.03091727803269891,1.5805809448651067,3.491922284994252
828,0,-0.11761085542512094,-0.48779482472104285,-1.7822078887063089
829,0,1.2141898289285016,-0.10561107413239068,0.8347092778390806
830,0,-2.672834433102938,1.2049182621876793,1.3061870052326845
831,1,0.3959338744308236,0.8414195426362954,2.4179160855720987
832,0,1.5614382018035733,2.046867536949752,2.8080733694894855
833,0,-1.127780764891714,-0.2748187078325306,-0.49626678668537055
834,1,-0.3798065117898951,1.5604187165798589,1.4624255639509598
835,1,-0.7528919172286209,2.035976843069986,3.8301455067916734
836,0,-0.8943460460775288,-0.3668624867279373,0.1541443172603137
837,0,-0.32626200502304,0.9700257119876213,0.5294917644143355
838,1,1.4274852836845047,0.08181588555696928,2.2298463551276413
839,0,1.8373866754875203,1.490923391060893,2.563450531085691
840,0,-0.3359392250401477,-2.06931189208368,-1.5975236887538247
841,1,1.9050602140644701,2.0446713375208834,2.0687884935263265
842,0,0.035576476984624864,1.364915928413879,3.054798736118697
843,1,1.753691026701081,2.8484026140687,3.7660897792997865
844,0,-0.09329864965349177,-0.8264000738579886,0.2182104510525546
845,0,0.1310578260461443,-0.6303470482796736,-0.4124039265031376
846,0,0.36547447264283456,-0.07902969852978448,0.6053386784507973
847,0,3.1788536793675353,1.6398719661683951,4.427935193791813
848,0,0.8512855748447891,-1.2765475175902667,0.4253277981820649
849,0,-0.7072645299514636,0.27459706516600274,2.2631841054651805
850,1,0.9689978702758579,2.302128734882822,4.626313803559567
851,1,-0.3618325370843415,1.3084130580037139,3.4321901349276263
852,0,-0.48975018290120914,0.8783959131826891,-0.0006931236237306404
853,1,0.9086013598921112,2.196304566293837,3.8604998444057053
854,1,0.031085587771152785,1.1676714169324505,2.748979602638073
855,1,0.2785759145118061,-0.1526165859059485,2.926763417348388
856,0,0.013985221865292462,0.6376086481304106,1.1341763645965408
857,0,0.3365831266054347,-0.35210042724834745,0.9800757071288619
858,0,0.4249658974361492,0.04914714436929957,1.359897666941282
859,0,-1.9369669327054153,0.3980341381514613,2.1683159118911055
860,0,0.6665726686095336,2.1173051840172112,3.1168756354329843
861,1,-0.9820194198303006,1.3673340506089007,3.798717115335987
862,1,-1.4422991355594112,1.821375095778047,1.6280501345286407
863,0,-0.05841124385868244,-0.9620027143104954,-1.5877043960261736
864,0,0.08398100331445427,0.7707178819893707,-0.4958302619722652
865,0,-0.6935061645722808,0.23204221295115335,1.8793259551700308
866,0,0.8310318576679744,1.9785371379265742,3.818410447248905
867,1,-1.342175166370907,0.7568889740599712,3.185281514685072
868,0,-0.40694374877255896,0.13627925820586154,0.3775286727451568
869,1,-0.5848741349330007,2.5833522266528943,3.702829742131628
870,1,-0.04658727033933937,1.5939900265035487,3.26362492977337
871,1,0.2788642846472388,0.6748179041069029,3.9742900639840064
872,1,-1.0078929496235447,3.9492653884030595,7.241514926100402
873,1,0.7242826774562282,0.838692039900135,3.5773570652327433
874,0,0.06300236833469973,0.45420062895088614,1.7978208274213272
875,0,-1.8919462533119105,0.27910428003204013,2.236097727069784
876,1,-1.958591440397031,1.3800400769120054,2.532479331683041
877,0,-0.012319292929311235,0.30656050811480784,0.9131551190466505
878,1,-0.2209673177863541,1.4489494341377855,3.075733849966704
879,0,-0.1034201135746335,0.23404209963965455,0.23464370750515007
880,0,-0.02798245653021798,-0.6243285955504374,0.19506554877190624
881,0,0.22555983951018072,2.717887166275783,2.645591090393879
882,1,0.9476496098482997,1.7643039652411128,4.7788417061103505
883,0,-1.1111049009175582,0.7635995225478281,2.0850659333973343
884,0,-1.1719715929007948,-0.18624433555184383,2.0089237434158225
885,0,-1.0933238578873825,-0.18276082972169827,-1.0307084042133643
886,1,0.2889166671687069,1.3312313374809617,5.090711617836776
887,1,1.2449473786464456,0.5236384256046831,1.0001524875405319
888,0,-0.4313394382395105,0.2099770284073775,-0.07459893432373055
889,1,-2.5016998441596545,0.5424823924326734,1.2213208767376522
890,0,-1.7039928626103755,1.1603266504016645,3.127248769849454
891,1,-0.8330367227960116,0.25338886557668117,2.112355018246052
892,0,-0.5577288874952148,-0.2444658438034194,0.4001591281759659
893,0,-0.4083886272547264,-0.5209570549305,-0.39526221502660586
894,1,0.038581122980917065,3.154104730906084,3.585885804841568
895,1,-0.3117463308224471,0.7370676558985945,3.6073457134271156
896,0,1.0493396105434072,1.3771017278891589,3.38560891104648
897,1,-0.6760173056813688,2.4673562817015693,5.484603197657646
898,1,-0.862317959475543,1.2951817007419288,3.3195362358279445
899,0,0.4788755385204616,-0.7331483393843299,-2.2794756902357722
900,1,-1.5356420699261193,-0.12484647974152607,0.12344217359179788
901,1,0.3896917053200022,2.6766715763920805,5.0194812233027895
902,0,0.10255318372626686,-0.7298280636819774,-0.07903445217274407
903,1,-0.1474424899181674,2.047793864084462,3.2594633991727013
904,0,1.5882761071492624,1.0908319419653751,1.305260398505699
905,1,-0.6222074452947179,1.8904702507226117,4.513618329078208
906,0,2.0602981705240784,1.589674259003111,3.4579265305222346
907,0,-0.2254314492280993,-0.5013002191863315,0.9548047138761713
908,1,-1.2770164449702281,0.3413668874941901,1.2523613497150874
909,1,0.0699195809948253,2.43590300839885,4.426174683497624
910,1,-1.0762452003187681,0.747781829339973,0.9947678630797385
911,1,-0.7517558478135002,-1.2756752463491985,0.24414560324190795
912,0,0.39703330001549114,1.2678652878885122,-0.18065763070149865
913,0,0.5555820886501248,-0.36958666147373087,-0.8265863828782609
914,0,-0.6221677002542582,0.7804855678289759,1.333740183526113
915,0,0.9874051450464006,2.1890433928308894,5.761642568115102
916,0,1.157507758021134,0.8640147846682877,0.29477326284765026
917,1,1.436301756563291,3.126656358632518,3.9703361174053127
918,1,0.5294134071257222,2.012621702673919,4.135279180791874
919,0,1.3634287120856987,2.496457941766857,5.5385665901986
920,0,-1.8807984279740577,-1.1263466371493234,-0.30033382575606143
921,1,-0.31790654862846257,1.5964130549949715,4.034973597573436
922,0,-0.8670052563234263,0.9130600281444397,1.402055226203277
923,0,0.11922586112739209,0.34535600132817224,0.858579584614274
924,0,-0.5714492191967373,1.4807842308936485,2.4486787391220575
925,0,-0.16615784194973238,0.018113107904299763,0.32659214888824906
926,0,1.8821748802040494,3.1340236156901033,5.234727930448658
927,1,-0.1697197964203783,3.771281565346132,3.9310657071164714
928,0,0.4137923171902139,0.9062096913843638,2.8789551873892405
929,1,-0.2322693299242352,2.1829203813773463,3.9757795276952517
930,1,0.07571328795683367,2.9143854220116876,4.514807211002191
931,1,0.006016680436071459,0.5146076051634547,0.6728263810642476
932,0,0.4483240659731595,-0.6775027947858427,-0.5676266535890805
933,0,1.165307535547177,2.1060111745217878,4.537724154764402
934,0,1.6473939976033294,1.2682066721539982,2.389086473641299
935,0,0.30962008190916684,0.3663807785929605,1.706703260847615
936,0,0.5895468860356021,0.6879873686918416,0.9263647325836156
937,1,-1.150864509185567,-1.0313008251197393,0.5094716368176965
938,0,-0.08787674241562057,0.28307466281831256,-0.1066527337847909
939,0,0.940289464883589,0.029040100271852998,1.316980247536458
940,0,0.8659686384171532,1.6778622251402284,3.221696850093864
941,1,0.21160973279505021,2.758513698222521,4.921450371966549
942,1,0.8863939595679524,2.5425984220002964,3.616292383423725
943,1,0.49076670899381886,2.242688661497287,3.798791019195549
944,1,1.2003062582593216,0.5627451287575287,3.1400005263910247
945,1,0.2893591569571111,2.3774508270840076,4.023885063197332
946,1,-0.35569831557103465,2.2226884508520737,3.6642434053977566
947,0,0.33584125693302364,1.8459450308486371,4.816580890860798
948,1,-2.9305943758527757,2.9390314996743645,3.2019235056376845
949,1,0.38288573638504947,0.12230504734390624,3.0793006627098984
950,0,-3.6484128252147836,-0.9830006731826484,-1.8673639017305357
951,1,-1.723463407405418,0.44069434062073,2.550782744911061
952,0,0.45176860094098414,0.8080377686673694,2.6065440469795393
953,1,0.47752933726679525,1.8566606593980772,3.2418013717943905
954,0,-1.1624287801399305,-0.08281070712212474,-0.532773316012217
955,1,-0.7121020418789388,2.513973748837492,2.201120136658287
956,1,1.370540988614132,1.009748085403456,2.4687427742009467
957,0,-0.48403013157267616,-0.686330506864409,0.7430821147733795
958,0,2.242920312402985,0.14865082262285334,0.5196067280038719
959,0,-0.001919853176346149,0.13909645662110925,1.235661066909568
960,0,0.4080361768812668,-0.6061793628474662,-1.0010019253820581
961,1,1.6168743984986076,2.1364908307503114,4.025977518346068
962,0,0.13102711619341956,0.373817940227159,0.2529794592671122
963,0,-1.0023439806908012,-0.5872183082063204,0.13433239376109227
964,0,-0.10972745169429012,1.3408480185479088,1.8178230586015187
965,1,-0.03561073619009093,1.6298162508562357,2.232327967380618
966,0,-1.3647416522015654,1.1532248683713342,1.2214030600420807
967,1,-0.25583207134082336,1.428200527393321,2.2428772508831636
968,0,-0.7421920939974367,0.25314748356941436,-0.2092156354674859
969,0,0.9243577571874341,0.21452492247451938,2.4821422992014237
970,1,0.03461187418525562,1.7033370217200923,3.1500845321062187
971,0,-0.28279574914757005,1.1273925813877754,-0.13139201751540375
972,1,-0.10618193062257626,1.2568111885429292,2.4122939948237287
973,0,0.22312201840616613,1.085348568056514,3.0446846855560117
974,1,0.6168141996897798,1.0722972988611927,2.2343015055417723
975,1,-0.9997122286693814,2.159136896921395,5.256938329321148
976,1,-1.0415876326212719,0.8076178829016911,1.5426383014158476
977,0,1.10467921540253,1.6830836378498093,3.407427536746771
978,1,-0.4123368722047306,1.6372754807722458,4.3914466909223115
979,1,-1.416842092596874,2.795901105612001,4.762726659404059
980,0,0.44381270938310463,-0.5209239134392776,-0.8066553462036872
981,0,0.4633698060326869,-0.8371658315020623,-0.6869604472170895
982,1,-1.5307152572567064,0.624568176847421,3.288496115782661
983,0,0.2294817154636063,-0.8157664333952312,-0.5744815466344874
984,1,0.7355830924283736,0.5379400333002344,3.4607331656881137
985,1,0.37438645170626306,2.433866695971755,3.8784592644980633
986,0,0.6319814837613953,0.6854156517157602,1.9532492676871906
987,1,-1.404269098090749,0.7990382938685163,0.9320771972294151
988,1,0.3310401549961956,1.4123494491934265,2.6702899054801676
989,0,-0.30261975947044656,-0.18802359216747339,-0.12385392450128452
990,1,-0.4827901587246448,3.2055321202016502,5.134573739014894
991,0,0.8705556094197265,0.02566097518288124,1.2929696767827092
992,0,1.47927451067423,-0.3783515448810303,1.38015325349945
993,1,1.794370054600359,3.0343616338664354,4.702713141693835
994,0,1.314807871505905,0.6786867381039507,1.0114182411105537
995,1,-0.10973418163018368,3.70585343432883,5.666635683547101
996,0,0.35272016302634307,0.07961041011376768,0.12056553971200179
997,0,0.7668228717842437,1.576031041292065,3.8078181420715023
998,0,0.12117794929946196,1.6185507153891439,2.5282639186599236
999,1,0.13076418791154437,1.2178934241714596,2.7179111520488126
1000,1,0.823753131876182,1.2042051716538187,3.6311314207792664
1001,1,-0.059282646025932216,2.4235817371231247,4.135360708486222
1002,1,-0.7292869363736615,2.056105837001832,2.052196732891903
1003,1,-0.4144730658358585,0.16504797953831574,0.8207234669817105
1004,1,0.6339103777337424,0.761737477015402,3.7462282564267655
1005,1,0.002993291199955732,-0.8355320175880185,1.0489509884965553
1006,1,0.34020997686833787,2.3974498470393035,2.58392404004953
1007,1,0.6700792422021898,1.6391965795249115,3.925324494680516
1008,1,-0.3748414628976096,1.425397140155435,2.591170027706164
1009,0,0.7562481636298061,-0.9645696486129114,-0.6878199683957321
1010,0,0.37884260345839443,-0.48444957205180805,-0.5535537769939751
1011,1,-1.2348130869114786,0.8515971613589902,3.404564015295382
1012,0,1.4423047911862443,0.2603658372080523,-0.41667157656004883
1013,0,-0.5007447437569161,0.4676126523905564,0.5299316291996831
1014,1,-1.6550953431851838,1.7869395236762586,3.3760472209504644
1015,0,-1.0450437095863023,2.4560994564093064,4.825453783395543
1016,0,-1.021045160678322,0.17366942176557798,1.5233185859802325
1017,0,0.05217331865753347,1.6310546586942056,1.79546470689291
1018,0,-0.2738505055462372,-0.41212792864364584,2.0624554243539217
1019,1,-0.33683196764059287,-0.07599590526753364,0.3015143014993753
1020,1,0.6197019654824789,1.533608942934619,3.7228855013862696
1021,1,0.3398753611927038,0.20424089048356953,2.560000608474325
1022,1,0.31604787064428624,1.809487528362389,2.7915815192908053
1023,1,0.40982845732869266,1.0424944126899427,3.6220531560439353
1024,0,0.6161346680022383,-1.269430986353914,-0.6600941816944258
1025,1,-2.107953341777443,2.8036391433269445,4.877190902489421
1026,0,-0.3644382522644612,-0.14689318878471852,-1.0593763318238194
1027,0,-2.180210064489474,-1.79168232229104,-0.8927482449600603
1028,1,0.03605992679779541,2.6089897685466283,4.004095081212582
1029,1,-0.00463297222434532,0.9699957457934111,3.918772934316364
1030,0,1.0455322747896802,1.903825716127566,3.0689514413145513
1031,1,1.1876343927211208,1.3228959831382867,4.60965239540263
1032,0,0.20277504825236733,0.019934824212913038,1.5681025988964388
1033,0,-0.5003610773968998,0.6947233862579765,1.4671427117304392
1034,0,0.48516111254573785,1.2387677144678315,3.1234692465912746
1035,0,-0.5279176373243135,1.1101084461433044,2.7985833832055635
1036,1,-0.001392651443348899,1.6098410658376663,3.8814725400402104
1037,0,0.9861363169607678,1.3244576166428137,0.22938350540978414
1038,1,-0.5577713459894236,2.2782972031265936,2.984182443164311
1039,0,0.8056786392425009,0.9422727303395999,3.487514304694024
1040,1,0.6774013686923024,1.7605622973433945,2.440096715646589
1041,1,-0.9547918171308215,-0.031732493370376647,2.459770293269266
1042,1,0.973894128217401,2.591342395245209,5.2925738776683575
1043,0,0.6985663453715051,0.7517436027526024,1.165704510244874
1044,1,0.10192588737265744,1.3169619138610897,1.1421154642188969
1045,1,-0.7623234580276522,2.7490693261833643,3.827692036629907
1046,0,-0.85920601857557,-1.1855954384859866,1.7205784014319105
1047,0,-0.5376625769030224,1.9827375422939795,2.0119277347040208
1048,0,0.54259446329196,0.6405050603531224,0.9547666084122439
1049,0,-0.9556251674013979,0.5308306282824791,0.34212318449237267
1050,0,0.4375122486198699,0.2362095600556901,2.5384964863291835
1051,0,-1.2417555288783926,-1.539599571186848,-1.0308663885876328
1052,0,-0.20406858443884895,0.2991695262025656,0.6324495803656568
1053,1,0.10964775457400863,2.067639233264995,5.303042801375148
1054,0,2.4451301450589167,1.909764489920269,3.9782846068675886
1055,0,-1.3773156555203674,-0.1112278950950116,-0.30598126790934466
1056,1,1.4720145664901334,-0.05093547125737796,0.8198835309788683
1057,0,0.14984241398728004,-0.9967086203864415,1.1914298272909878
1058,0,0.41117191801596314,2.675371199168083,3.7743937465129913
1059,0,0.11834791338820451,-0.5570316097556542,-1.082426046934126
1060,0,0.444726818195233,2.060467503697778,1.366297180443276
1061,0,-0.15368510436201774,-0.48019226872620085,-0.626968004798363
1062,0,1.4540501814574582,0.7537591447093699,0.8050845928978316
1063,0,-0.4564711442247224,0.9882669163324873,-0.1491042834138936
1064,1,1.1322345721792477,1.2194759250729004,2.1464158528602537
1065,1,-0.6443671202130229,3.098904999695147,3.850951014008689
1066,0,-0.06025184640128695,0.5576528041480249,1.082921146483197
1067,0,-1.0719625522902192,0.6392620806126041,3.1177796152822728
1068,0,0.4550237203475199,0.36890010808513013,1.1930615800563604
1069,1,1.4451259569265338,2.792258074095051,4.713708427736143
1070,1,-0.07735617982085408,3.2555858859036064,5.549370013738378
1071,0,-0.19688569870390954,0.30964835276561276,1.032953141958271
1072,0,-1.1146169630679268,1.8953277018288581,3.0725572731019812
1073,0,-0.2292926535523081,-0.18038360444481027,1.0543727417964615
1074,1,-1.5927942597215277,1.9862577614352517,3.5902874750901894
1075,1,-0.9128779867188273,1.9152509402274016,6.299141427302595
1076,0,0.22678604610913541,-0.5005462588496288,1.4559367944165502
1077,1,1.3190131977413961,2.3095136639597507,3.2915943188013
1078,0,2.809210861229503,1.3501291962192237,3.282193554654288
1079,1,-0.5865850850709007,0.6708322982018846,1.5617784745279844
1080,1,1.43530015664544,2.488592481187758,5.0219032765767
1081,0,0.2437524804016479,0.7194152902290119,0.39297836920107154
1082,0,-0.15124764674637586,0.3820387586688706,0.24400978123561634
1083,1,0.4325944517261522,1.7612008664591607,3.991627319294518
1084,0,0.06191648367995918,0.42856468618036836,2.4386170965143856
1085,1,0.11039572561221853,1.365419096437338,3.690142590312795
1086,0,-0.4083331628266692,0.5173341461669809,2.2897848481368652
1087,1,-1.3981096597988507,0.6366528896965642,2.5308495165006395
1088,0,-1.5436252025220816,2.693721930713375,3.5574929892412905
1089,0,0.653244883281227,-0.7133597804809477,-0.08640407808313921
1090,0,-0.2767000900857134,-0.167746104260173,1.5899156864394812
1091,0,-0.5960888996561666,-0.18456877447379066,1.7210926784216174
1092,0,0.008505626723153567,2.5430451023414835,3.4816305363563393
1093,1,0.7949322529156275,0.618345025897189,2.460405434701656
1094,0,0.1803639430263982,0.9800314808940292,3.607510081221546
1095,0,-0.6560549366409674,0.5515775840542496,1.3999448169098334
1096,0,1.2262929556489497,1.2014901913692329,2.522434652864992
1097,0,1.579185502981632,2.2100988135054296,4.010161821854651
1098,1,0.4945566553228533,3.0641963563439445,4.865301431454362
1099,1,0.9736635113440901,1.5411422268831096,2.7155346064088324
1100,0,1.241959996813811,1.0666054485381342,2.692963023424418
1101,1,1.1300993164045137,0.17492776276920985,2.1621926160277907
1102,1,0.6140991771126236,1.983322761655716,5.748392353552737
1103,1,0.5983470470748828,1.0855146862905458,3.7936326459978984
1104,0,0.5196605733465026,0.46951574604343427,0.9779655742697332
1105,0,-1.0973376745470436,-1.5145731671808078,-0.004980482899840988
1106,0,0.7007231568595857,1.1150892337769511,2.563099699879848
1107,1,-1.355813971126554,-0.40331288691357403,2.434950620806628
1108,1,-0.7945994551250549,1.6099047702540699,2.7265306664000195
1109,0,1.3035650678080875,-0.3354360726801233,1.1139530892410185
1110,0,0.8402201626941975,-0.0975749863276254,0.9713753971187218
1111,1,1.4873982896858626,3.3009515894509214,5.456910670446393
1112,1,-0.27167438368729224,2.206415630807434,3.0668818050660267
1113,0,-1.1522488412767675,1.3035284852875126,2.6489903849453356
1114,1,-0.24043719707034283,3.187595973380187,5.357472809815615
1115,0,0.1020312972405742,-0.24222931796759262,2.0634005584023174
1116,0,0.07898871634000969,2.022668277342875,3.028440168624096
1117,1,1.1336804787567016,0.5745984874481087,2.189495074951314
1118,1,-0.36127042500344553,2.3377192070438695,4.8547594999872175
1119,1,0.35203447180292424,1.3122726269409057,2.3884751397018062
1120,0,-0.9886271494346061,-0.7268882874696982,1.1603708177273395
1121,0,0.450317278043813,1.2495650507175864,3.4224705037400516
1122,0,0.003108550185636745,1.4458840902249042,3.7037847013964402
1123,0,-0.7498133382845175,1.1903243851611895,2.4169847021837794
1124,0,-0.2358293621748528,0.6441110802423362,1.1104488252095994
1125,0,-0.18417574651522164,0.5767045773746726,1.649057154376991
1126,0,-0.2701551293370962,0.9458200468987736,2.2718579161105605
1127,0,1.7713412422676835,1.335166448197496,2.129293051463157
1128,0,-0.09844600230787963,1.0118220388936163,3.325249127357256
1129,1,-0.24389611017733773,1.830830628057513,4.1621355735905885
1130,0,-2.0974509576101417,0.7135485372233213,0.40183539037928795
1131,1,-0.8942073519794773,-0.19547001214427095,3.308562193925611
1132,1,-0.26307342445635284,1.489804497576708,3.3345790878556145
1133,1,-0.6858526761766428,0.11039770330142096,0.6791241252161062
1134,0,1.381707593377797,1.1912142956182237,1.6373016915465088
1135,0,-0.16493777539621862,2.0924488432348323,4.547244885320933
1136,1,1.2884442493182524,1.612448492848507,5.49512225892898
1137,1,0.061704634050368024,1.8457634205123257,4.667589400803318
1138,0,0.037227836421576635,1.2676550658481118,3.5944092817195625
1139,0,-0.08879644771250095,-1.594361866080275,0.604494303175836
1140,1,0.0037962516214591325,1.1790283933422498,3.536703796430608
1141,0,1.7187950030498593,1.380154160187808,3.052954948608706
1142,1,-2.3196107267512183,-1.8928779436826404,-0.01693689455627634
1143,0,-2.001545744438679,-1.077272216406575,0.2584340778489839
1144,0,-0.5431708310561139,1.4379067240644552,1.5876745513268342
1145,1,0.014527881937568883,2.707355265031995,5.242219570731619
1146,0,0.6901044247640123,1.081349554799304,3.677987287049124
1147,1,0.4730871980274752,2.7241237993514202,4.412368810627884
1148,0,-0.3842459128805702,0.5998304605572926,1.2097334926593817
1149,0,1.0190436932417624,1.3611080154148434,3.0414630633018622
1150,1,1.030195403152731,1.6934049121052053,3.0497864423276155
1151,0,0.18405783127156553,0.6710300323035624,0.39102298193036944
1152,0,0.9626575724868413,0.15642688533022997,2.4966774399327765
1153,1,0.2726452634321288,3.045276923211952,4.448854715874945
1154,1,-0.5614830267828836,3.053114501467337,4.7592664748309685
1155,1,0.6978168390000047,3.289257852397075,4.61869617918901
1156,0,0.11061312257867771,0.125075175095741,2.4239526145244756
1157,0,0.001339846754486929,-0.4533720853387413,1.4000720422961703
1158,1,1.4729535721895743,3.418859732407036,5.27271090569125
1159,0,-2.4508721285400865,0.3086455640293867,-0.3614262264413828
1160,0,-1.4176841701595697,0.40327909047577154,0.7728124515856571
1161,1,-1.18707042637437,0.7102467871425432,2.8429854018173826
1162,0,-0.3632606475688056,0.8166856183661232,1.9326691929321274
1163,0,-0.2546081697660301,-0.6616605105917439,0.39651589990703706
1164,0,-1.5073256477730475,0.6818646617471178,1.59209829166232
1165,0,-0.9851580323108263,1.5833392899129626,3.145103914948957
1166,1,-0.8608416785235702,3.072793040350881,4.658765500581123
1167,1,2.457424092075892,3.1457512817325832,5.887249550607264
1168,0,1.8017419477471466,-0.34149896529697776,0.03193021650735328
1169,0,-0.4117494176846493,0.5738053056406268,4.045306199079023
1170,1,-0.3635832903067989,3.730606756965673,5.174030779588058
1171,0,-1.1492039971882941,-0.7133727895987725,0.260379418847546
1172,0,-1.9081304132252668,-0.131620696877797,1.0532187452633606
1173,1,-0.11688018640852403,3.07846029587842,4.444293746196174
1174,1,-0.9978519832440257,2.0177783271003777,3.6260327247010355
1175,0,-0.08485053166200977,2.954701164986502,3.9334063333108746
1176,1,-1.6002058490434774,0.4870688620583683,1.052989599676296
1177,0,-0.7619744583102578,-0.7183481232338993,0.5678464106436876
1178,1,0.14862709530283086,2.968713564426023,3.1492171452278583
1179,1,0.3662095977839374,0.6139842510636453,4.239934613037047
1180,1,0.41747195874201454,1.628473598805068,4.304938875531864
1181,1,-1.3204889841570373,1.2382067598933124,3.4132313207152816
1182,1,0.8546857301355617,2.9923951924265904,3.2266902260204606
1183,0,-0.8002116966018503,0.8742044590446918,0.9216334464313012
1184,0,0.6328579146073064,1.1469222885590544,3.6628389922855695
1185,1,-0.010638676618193147,1.2943775191128752,7.243491180828837
1186,1,-1.3763874990779479,2.5020877693585586,5.2215027346
1187,0,-0.31619770458118795,4.430964731352908,6.4046686006876214
1188,1,0.3653637420637676,2.500891221542046,4.898938198068988
1189,1,0.612965380474599,1.9835618216892161,3.0586577020739654
1190,0,-0.14098789744441861,-0.8401593402254861,1.1268171634859605
1191,0,1.5317788906010528,0.3220522178631624,0.527200658886444
1192,0,1.007510770986559,0.5885429973486636,0.5794599864061218
1193,0,-0.25665411639975283,-0.11159647518705845,-0.4364566239054988
1194,0,0.7501218121369445,0.7089587091142351,2.834705718043217
1195,0,1.9337934851881868,2.858154122363744,4.1874987644738795
1196,0,1.960484600783027,2.3353122976041423,3.8282673176651283
1197,0,-1.2279998808224974,-0.027232680715003482,0.7117634060698126
1198,1,-0.9265331111571506,0.21376012198699423,0.7027369585573393
1199,0,1.484918786733851,2.2828432789225683,2.9090961302519345
1200,1,-1.0582810508376372,1.3334614112873444,2.301378994866364
1201,1,-1.322541133291679,-0.42326276558985887,-0.29304243947355535
1202,1,-0.4861941306990469,2.266571879283322,3.4651229578431617
1203,1,0.42022670947458574,2.851754697075841,3.6544935825745197
1204,1,-0.10239670661109637,-0.7566274169179981,1.600568870626775
1205,0,-0.6505636204055921,-0.519723728254581,1.0111346116311246
1206,1,-0.674212461724509,1.3872822501749333,1.758800635190142
1207,0,-0.7123370644127087,1.0208097919848047,1.5817106148542623
1208,1,-0.8795096286589426,0.920400526778146,4.400558482363061
1209,0,2.2816328772760617,0.352347961208882,0.8279116389858013
1210,0,0.2975110711855549,1.316422571035949,2.8025626030681257
1211,0,0.8867590544047386,0.2977053430072624,1.5805790878910946
1212,1,-0.4890774681189237,2.09533141011302,4.890403474330142
1213,0,-0.18595667718604886,-0.6673026581304052,0.5909728477897913
1214,0,-0.713553981370355,-1.0663992136475051,-0.6404054878453262
1215,0,-2.651708334919202,0.45975665709463653,0.9961791115836811
1216,0,-1.3780092768478662,0.33911712726285403,1.1448852158470164
1217,1,-1.8106186799803947,2.0792701292420888,3.4254512109631867
1218,1,-2.2497837779516074,0.4924718656930761,0.5234036547787373
1219,0,-1.1953589742981028,-0.653712994769176,1.3503038179690956
1220,0,1.3249556793816308,2.2582055913554,4.58963031509605
1221,0,-0.04443616770435442,-1.0362896143057765,-1.089365874716505
1222,0,1.290563762321174,2.138629837876977,3.096016958157459
1223,1,0.4109825769008753,3.1437994805526457,4.800910326578605
1224,1,0.7825588257151592,2.794857161980623,3.594850126624072
1225,0,-0.9008969953045751,-0.4580766156018206,-1.5050522824250028
1226,1,0.5239509541926708,1.0406614495324418,2.27485898845864
1227,0,0.7287142340743459,0.5085584972241042,1.2978990037877816
1228,1,-0.5766472922336929,0.23196613549849276,0.4754033436877354
1229,1,0.5595403706161663,0.9061681124312532,2.9950539506399654
1230,1,0.5661877585748329,2.514590619081496,5.590684474112803
1231,1,-0.5495526211300829,2.184483327885132,4.716688949824384
1232,1,-1.122768432270995,0.31359464378374513,1.762355304170828
1233,0,-1.1841283318982723,0.820883435730593,-0.2563539271702582
1234,0,0.08650554192146179,0.9802549683162447,2.713258417359585
1235,0,0.3270098687893148,2.107989215213898,3.319783358036319
1236,1,-0.7925258304579145,2.031378692730147,4.097224635856584
1237,1,0.02658534132609864,2.7665566561322077,6.5079765246999415
1238,1,0.5705370361384854,2.348238701771757,3.4375344794688005
1239,1,0.6181907146653008,2.8653863240967783,1.9142085339077957
1240,0,1.5518801201224885,-0.32155312053102847,-0.0646316743162878
1241,1,1.2769808321980434,1.9613497925484997,4.50279102725593
1242,1,-1.001291432756544,1.3606298019455068,2.9872974171422384
1243,0,1.6835862095380225,0.7613259159261243,0.8824070282350471
1244,0,-0.5309765045557148,0.7845936789500112,0.2586809948624378
1245,0,1.0448728124544275,1.447841498232079,2.302207044905569
1246,0,0.06798662605108885,0.912653064886475,0.6801557202148871
1247,1,-0.4121493784569676,1.399411305241572,3.637614847804704
1248,1,-1.8076968597749328,0.42196086222239515,1.4489946016411395
1249,1,-0.1715645102163482,2.7457167210913296,3.884285934716348
1250,0,-1.559383235305609,0.3819178460221524,0.311764796038024
1251,1,0.9672992358427723,0.9715759123534233,3.2281584861025725
1252,1,1.516792657139248,1.9613502554921507,4.107318010680037
1253,0,-0.7969109892966902,-1.4823729744963683,-0.43979790249311246
1254,1,0.30197074251927114,1.825961837103224,3.86648542941289
1255,0,-0.7253915220079754,0.0840026007990114,0.8667287598007097
1256,0,-0.6284847301367896,-0.2630123693963747,-0.42183989888182316
1257,0,0.7744947038653713,2.3169486009631406,2.7414674150049527
1258,0,-0.03853826184341251,-0.6677155980951361,-0.07009815560275551
1259,1,1.7396480419310116,2.9282873642616387,7.1414122107361635
1260,0,-0.482232478702921,2.542038417320997,2.0967556011636015
1261,0,0.9993363324744892,1.8770688034590346,2.657959566637042
1262,0,0.09741341295778198,0.4976852417895675,1.6154349844916127
1263,0,0.7957780097442332,-0.39533523650005753,0.46048761217629663
1264,0,-0.4471576573299467,-0.9962094737834394,0.988328536188309
1265,0,-0.04955883755158271,0.07358065377700324,0.7551709557638202
1266,1,-0.11549887929893475,0.9783496022964112,2.520708427286015
1267,0,-0.8360571148457872,-0.4703640434118685,1.1770530472352911
1268,1,0.6620815345817527,1.5723110049032816,5.315438974738008
1269,0,0.6502490055783642,0.5928276087878224,3.1303757838518234
1270,1,0.5935546949055667,2.3632783561169663,4.1453354109889355
1271,1,1.5369656539176446,0.9232934767128642,2.9811723957639895
1272,0,1.4493448012363035,0.25255964423784105,1.5891478492693056
1273,0,-0.37494468984913537,0.22784451022277805,1.2998549807155366
1274,1,0.37305231843417824,1.6164305021069842,2.643692851446005
1275,0,-0.6236006892582127,2.149343500635959,3.9612171616397553
1276,1,0.023355316114555456,1.9392531875582242,3.9505333785039216
1277,0,-0.5997494491188647,-1.293514646695084,-0.4583207253341707
1278,0,1.620070309136051,1.40420245432758,1.457071139595717
1279,1,0.3636981503429628,2.3547731678468677,4.2897990064060725
1280,1,-0.21802912810442213,1.509463233323935,1.3726451044822456
1281,0,1.193618571856377,-0.3553111028522882,0.3017632674867552
1282,1,-2.1706154097954116,2.8068700723748394,3.609649283936558
1283,1,-2.0141025948652898,0.025885307959155668,1.7100599820737166
1284,0,0.7958386552197739,1.3995238029818657,4.438541558971116
1285,0,0.06046844811736806,0.7181910634991457,2.3021922187880564
1286,0,0.25044630026076065,1.1759444391079983,3.6744357717957636
1287,0,-1.3263961033185487,1.8089390931717655,3.1888720456116326
1288,1,-0.023233710850366202,2.2546687588859253,5.175075506403467
1289,0,2.003509410401342,0.5423885960768696,3.8002178311002437
1290,0,0.8241996197958629,1.8532521610667199,2.2862552527236373
1291,1,0.1697065451428121,1.119812513498724,2.156649388395783
1292,1,-0.43905391010493766,1.7318418383637866,4.11284195682012
1293,1,-0.39457285186939384,0.2885445364233916,2.005951511987267
1294,1,-2.1291978892000176,0.027959405903242418,1.6224736608701997
1295,0,0.2576404209211606,0.6286787967125346,1.4315399887894058
1296,1,0.8454831084818539,2.321731641125428,3.694569545797081
1297,0,-1.5756193271706151,-1.6750764208422149,0.6305643824986873
1298,0,-0.661416892306816,0.7988623003086195,0.5667178080273418
1299,0,-1.157464632233422,-0.6666683662683242,0.7882309665265357
1300,1,-0.9653511948087635,2.6900826572285377,4.821240703997234
1301,1,0.05348162682190022,1.3640800592220617,1.5957630870161978
1302,0,-2.0844021549884744,-1.248942916046528,-1.4966036770378166
1303,1,0.614270438357064,1.9600856894663714,3.2202492161879164
1304,1,0.7538550699336822,1.0099215199013791,3.5252766472047066
1305,0,-0.2511025880369125,1.6936143650220519,2.276358741484118
1306,1,-2.4807085099845416,0.9563176545377372,2.1745861459300233
1307,0,-0.9964186260023896,0.049397789105996015,-0.6075332930792097
1308,1,1.2329019341026966,2.661671599161817,7.03416370269767
1309,0,-2.7779942807285725,-1.3383457234188647,-0.8227489608250822
1310,0,-0.34752341219351923,-0.8934106789865699,0.5360855358716701
1311,0,-1.180000778467259,0.5543513459014593,0.777725701642785
1312,0,0.8045703015848366,-0.35829961753335815,0.14998711571575796
1313,1,-0.6751139521434614,0.3974556606075048,3.975117525132344
1314,0,0.40395402073561154,1.457942237441571,0.622011434582064
1315,0,0.5654604191690931,1.1947022357346677,2.5864413879992627
1316,1,1.83622583973002,0.9970382094660943,1.952779486304205
1317,1,-0.20294194367537022,1.0199813739560526,2.3743918308239738
1318,1,0.37604436962261134,0.9090817549404634,2.146196161190965
1319,0,-1.485055479127436,1.8308026543023495,1.5478138750576145
1320,0,1.190413563293744,1.7631344965587317,3.036658938923808
1321,0,-0.7605088480713647,-0.14899750042668342,-1.8691284173470222
1322,1,-0.5607541640877456,2.107968440117169,3.4803291253809228
1323,1,-0.022247794849210738,0.3371394756144075,2.0423999412945903
1324,1,-1.5628843453398495,0.5584885452085523,0.6866351297345699
1325,1,0.228770028928938,1.8734942746205676,5.232467001855739
1326,0,0.9674662729250108,1.2424706310234161,1.8415055108111034
1327,1,0.2929338234972916,1.6904210215357434,3.311523543770365
1328,0,-1.588897564178725,0.2713442414606084,0.36134556471016077
1329,0,-0.12380929432965958,0.5411936716542284,1.4348656923577106
1330,0,0.7420289029794906,0.5590312688715298,3.015581142973477
1331,0,-1.8779887659659078,-0.35954222198066604,2.737875828749627
1332,1,-1.074766013817714,0.9513053231769015,3.281991324114017
1333,0,0.87654360408152,0.9949005898530441,3.2582030776411193
1334,1,0.27009543419728654,2.191844219458642,5.762290787775181
1335,1,0.41197158212675383,2.02195064195686,4.153216035148668
1336,1,1.8594948076233115,1.0792513922859337,4.821401227422466
1337,1,0.4685527785062026,0.841637982408673,3.5277496705003166
1338,0,0.6578880104331793,1.096248209078021,2.3718131704762286
1339,0,2.710745527218326,2.7848969588363754,4.677387098731509
1340,0,-0.2138045580904907,0.588274094131608,-0.27590378085431455
1341,0,-0.7978827636184951,-0.15103324156254272,0.981509466159908
1342,1,0.4277963982471327,2.052679374916915,2.394491134120046
1343,0,0.4389910293888949,-0.5051241136967601,-1.0425950594300888
1344,0,-0.5267153919462082,1.6509285389526012,2.738464149588584
1345,0,-1.0323970195548475,0.37687503864157407,0.05631703953055034
1346,0,2.309844422090078,0.5234961134164751,1.978351246531113
1347,1,0.3268434703880229,1.6312575750235316,3.6350607884510007
1348,0,-0.7322853814020757,-0.24672184648423845,0.7898706780524813
1349,1,0.9159303022795986,3.2864490675007136,4.365513720914532
1350,1,-0.1091451515613345,1.4650163650845405,4.141869717253472
1351,1,-0.25288144631783127,1.7795013122202434,3.439689786490598
1352,0,0.5622728719144933,1.2424083182256398,2.7959385727797006
1353,1,-1.29188226823169,0.5716687157659509,0.9168526481726165
1354,0,0.3526272039171724,0.7994976273103087,1.6916955112977563
1355,0,1.9129548077317522,1.3483220117137356,3.828207456530206
1356,1,0.46617766219731077,0.285774477638572,3.1491876418867357
1357,1,-0.3762121037834645,1.8398328576425707,2.7672977539614836
1358,0,-0.507105280428242,0.3021063509283882,0.6551271042678946
1359,1,-0.41033997334510935,1.706864300112464,2.4361095753796236
1360,0,-0.25396267804778105,0.4594409100762323,0.7522354562057942
1361,1,-0.377806532758272,1.8458279131226003,2.171199065864417
1362,1,0.9163114410745667,3.312236657998528,5.157323073804967
1363,1,-1.7332091032089831,0.0005298569521954288,2.087026434493243
1364,1,0.862000050412134,1.6164476796232201,2.8037948259045686
1365,1,-0.3796865251425611,2.252712671420068,3.8861690837303784
1366,1,0.37694778569537224,2.294010203436523,3.9489013529442407
1367,1,-1.1269879102008638,1.821309180281825,4.451030329839872
1368,1,1.328631066849436,4.852166535728168,6.306300912293634
1369,0,1.245634960171873,1.4878260121682678,2.161736896551791
1370,1,0.9595905257500736,3.118814953980047,4.264711930837701
1371,0,-1.5147547757935393,-0.2614984915905702,-0.7019589668277659
1372,1,0.8291210710660528,0.9558239474225337,3.450833153082714
1373,0,0.4048550876357089,0.30713909705707876,1.252999318253742
1374,0,-1.6052712471325676,0.730378797203634,1.4641344076004221
1375,1,-0.02429738377081549,2.0995386396979305,5.169320319139165
1376,0,0.3645344890332625,1.0126117173088585,3.4175993410433825
1377,0,0.5560752738231508,0.4524781953498175,-0.0825410577203558
1378,1,0.17726136694885572,1.3793757912716813,3.8626627377570197
1379,0,0.2912314168473797,0.40751218076093604,1.6914053898416013
1380,0,1.4736113922530956,1.6665588678411416,2.499690147145824
1381,0,1.2260339099106798,1.7085376011436222,3.2814280701537006
1382,0,-2.8670549537827434,-1.3663581358060508,-2.6661523617833853
1383,0,-0.317438554837682,1.1671109929801446,3.5662656247890077
1384,0,-0.16465102754395128,-0.20011653901941506,1.2818973525437023
1385,0,-1.7520985727269711,0.443292080022962,0.22767462064490873
1386,0,0.09418305823231217,0.3362891750072055,0.769715564834144
1387,0,1.2487577724105066,2.4404158809621364,1.9870209598967974
1388,1,-1.0865678595905903,0.9559550131416772,2.224684191387305
1389,1,0.3364009386898723,1.9795321225017448,3.3640803329991362
1390,0,-0.9158234772964378,0.8318461143704963,0.3235710317874496
1391,0,-0.6719120236796768,-0.5755324572267851,1.0667873717470575
1392,1,1.477393634170035,2.070361034824065,5.442636951352548
1393,1,-0.542557820111825,1.2706477693433151,2.934775715276473
1394,0,0.46221248901062467,0.12485026329721416,0.9116458782529712
1395,0,-1.871218116060987,-0.5010884363015358,0.5596525426180605
1396,0,1.8623175613948801,2.170709866555258,3.523534416339191
1397,1,0.602652446306499,1.2822449991316165,2.1205962721617304
1398,1,-0.18249984265026167,2.211657929876527,3.322479974759214
1399,1,0.5755465099998948,2.187258955031113,3.805932250283061
1400,0,-1.4098194289478103,-1.3199259444595188,-0.353703235772385
1401,0,1.1825307417526572,1.3739286609522385,2.619771527179238
1402,0,-0.3239847754964302,-1.0107086424066234,0.13486378248120645
1403,0,-0.2040695150484347,1.0668709736506297,0.5012290873570209
1404,0,-0.49165561496548443,-0.1546883276204934,1.4121982934713389
1405,1,-0.5806514027455847,1.5341718324327769,3.221457435892172
1406,0,0.6946706116284086,-0.5858787661378163,3.1057644103380193
1407,1,0.25590685010422287,1.899154378636083,3.362701378480515
1408,0,0.6517481414030399,1.6224748603915315,3.0762829837815118
1409,0,-0.008794689485571452,-0.3096038348682923,3.517856389443095
1410,1,0.513199811077181,1.2467928571791431,3.343524448897758
1411,1,-0.41884874392503835,2.0289664003899777,3.6775661123289534
1412,0,2.2297318414095484,1.648537876069804,2.107562349601062
1413,1,-1.5679304164304986,-1.2045584233376563,1.810121860585229
1414,0,1.2609373235629844,2.8936875608516686,2.9867734393876955
1415,0,1.3679074507209708,1.4389257187646227,3.1396281257569387
1416,0,-0.8521588059655938,0.9412710206632834,1.2972839381617833
1417,0,2.2292736105559734,1.025241636504775,2.281760096037947
1418,1,0.9954902829453182,0.14329357633135054,0.7184593643103561
1419,0,0.9711390068229115,1.4660637632971134,4.003418786395591
1420,1,0.028022187025876687,1.1432186278768768,2.671025759363775
1421,1,-0.21722615821867644,2.178763846717737,2.720228956180968
1422,0,-0.20940882703960811,0.2183762816253888,2.429185113257559
1423,0,0.3905305963195172,0.8551985580122325,1.4291678642388324
1424,0,1.4011862750338961,0.1453595011009241,1.7602040478384247
1425,1,0.1813142178614196,2.6187832080373576,5.296462433744007
1426,1,-0.9114436231372903,0.2381878736011409,2.3299334795480027
1427,1,0.8244270623849798,4.192897544054683,3.9611474060326435
1428,0,0.9211507463947922,3.0142938589054498,4.893880709162196
1429,0,0.6546595284477861,2.3290974440008463,3.3594155870252753
1430,1,0.7454989065249826,3.199128657732005,4.8191997422336685
1431,0,-0.2709281301578081,0.33417320271901657,1.1709126277122326
1432,1,-0.9289891671305796,2.5878499556080348,2.5920193282408373
1433,0,-0.8681934306407798,0.1433654725316384,1.1618977010652851
1434,0,-1.635463248457858,-1.5441565167826643,-2.235640540183546
1435,1,0.23694861154594976,3.2742859974944727,4.835836010247031
1436,0,-0.08344878322659362,1.603789827954527,2.743364502847419
1437,1,-0.43998770452970876,1.5366645809856518,4.322704128067324
1438,0,-2.95561882434507,-1.6118699046346712,-2.0226068293634
1439,1,-1.247317469694169,0.7396040825127754,3.7417279604199303
1440,1,1.1208406514031668,0.21510661053344005,3.186127994329221
1441,1,-0.664626000063131,2.445693052599038,3.6833581100958757
1442,1,0.3605916776568414,0.20486853643287217,0.9682376055616377
1443,1,-1.3906854299752562,1.5696252411540994,1.647671972928627
1444,1,1.4387054823592311,1.2879182969280811,3.647413244933067
1445,0,-0.1440276600546764,-0.9699117430158796,-0.7360014245676287
1446,0,0.2900403964835352,0.8253672122236323,3.082732096802055
1447,1,2.325779791881685,2.0639345522524737,3.6495666808005396
1448,0,1.5164401005894037,1.7931211356021888,2.1957381756680974
1449,0,-0.3065656212870578,-0.8595749551148243,0.3127382718720778
1450,1,-0.5932201848703592,0.76471929906507,1.7600284049315746
1451,0,-0.3255450115195318,-1.9853057119467508,-1.0418647208818537
1452,1,0.5098982484765356,-0.33137720778496216,2.5565917719688662
1453,1,-0.10522413425087113,3.466625169703251,5.3628096745218015
1454,0,-0.39524414500347166,2.4650250005986276,3.5069406323006573
1455,1,1.4671812507090423,2.2328805804366656,4.531463539486892
1456,0,-0.11420989177783689,-0.3580917334398627,-1.0740327020808234
1457,1,2.2995890930373193,2.091427802421089,4.743183370959042
1458,1,0.09074256375217302,2.6007969716120156,4.578877061088345
1459,0,1.7853183942247275,0.521206498445372,2.7711675042737385
1460,0,0.3573194227106268,0.8448296938548773,2.522104379534122
1461,0,0.9629605732494478,0.7761321214935848,1.7667756045379603
1462,0,-0.7246110515177244,-0.28619598553817527,1.60127469566897
1463,0,-0.8537592225874118,-0.28232051276809467,0.2542969451017023
1464,1,0.4597059550149875,2.1312326581900045,4.270330953270707
1465,0,0.9885532424653152,-0.1803221636478468,0.70623905436586
1466,1,0.040256502000462865,2.163806296223655,4.433615401546959
1467,0,-1.2863933350836971,-0.35749696017429106,0.008734590171207424
1468,1,-1.360258366289327,1.419289794761432,4.594789730445134
1469,0,-1.4271364021862412,1.4558216455126864,4.187757102301077
1470,0,-1.767622112939381,-0.19847867910876674,1.3219351524893619
1471,1,0.10948535944708751,2.6526499480261183,6.015843669329564
1472,0,1.1250439217080253,-0.954519679371421,-1.268725375888863
1473,1,-0.013415786924808768,1.2256122502819626,1.6015513496220066
1474,0,-2.2604147573378524,-0.15043580612528287,0.07592067577593364
1475,1,-0.19076046033454871,3.5661025411060945,5.369181414298063
1476,1,-0.1627989966326071,-0.30879178224967263,1.2604410003241402
1477,1,2.0959987502254394,2.232589763174855,2.809654263586989
1478,0,-1.4571379129195563,1.519547477040396,3.379711600780131
1479,0,-0.3906776025991957,-0.4022236860466307,2.673839026790467
1480,0,1.7058526805445642,0.798916993737699,3.4210752090192345
1481,0,0.44997834134654807,0.9667324874595038,3.142251424515285
1482,0,0.5633130735164247,0.8535024757777077,2.192284695626596
1483,1,0.11458443702387822,3.3001458065615776,4.280065323239217
1484,1,0.32994353865726456,2.247456871670411,4.185973632037832
1485,1,0.777609530278536,3.2610557545977796,7.32216569749499
1486,0,-0.8094863188927663,-0.10285425297774126,0.3832603707366495
1487,0,0.8780585789081998,0.02289216242216341,0.7435466303798617
1488,1,-1.3730030168855392,1.0623759019147028,3.695078957641509
1489,0,0.3283679728315381,-0.5605927015181402,1.6787669437937631
1490,0,0.17874096328632716,1.0371339851959933,1.2249803720784551
1491,0,-0.6162930881921079,-0.0707660392128781,0.5444907299112777
1492,1,-0.022685275325646737,1.0214055174248307,2.3149629664582667
1493,1,-0.6225401526655531,2.011896363821336,3.7570777123493153
1494,0,-1.0717013268617444,-0.9652261760328118,0.9241202295463321
1495,0,-0.35361474161364437,1.164417791371701,1.2896673219208812
1496,0,-1.1039886353716615,-0.30953397910285924,1.559333106059745
1497,0,0.3227974640932481,1.7559356833221584,2.9221464250621163
1498,1,-1.1500854941523635,0.9622367735247237,4.858411811008529
1499,0,0.7119770229910514,1.3455027734552396,2.8067290624243233
1500,1,-1.18147906792882,1.5251186533942598,2.991904270179231
1501,0,-0.5662949155810063,1.0740133990401848,2.535469143039976
1502,0,-0.624603408215179,0.4225658696830736,0.9604989501528278
1503,1,1.3251467288748389,0.4341466063192079,0.7039028287423506
1504,0,0.33028994561659186,1.6078805229271098,2.43341733777933
1505,1,-0.21173380254439425,1.5487969367787744,3.0501565672006707
1506,0,0.4987194410697233,1.43913190967573,0.9465583373398629
1507,1,-2.107192347329688,1.7580887726699501,3.0636151134095195
1508,0,-0.043133589640907445,-0.28623655790361396,-1.3619735004411928
1509,0,1.9975141778047627,0.184458848166132,1.2362748485716055
1510,1,0.13234650640267256,2.3950590533698057,4.465124346695013
1511,0,0.0679131691693355,0.21712492134028683,1.3277037323123864
1512,0,0.5481283796421961,1.6008677933591557,2.299423996400777
1513,1,0.8956052433143455,1.7904806301312803,3.684071276846078
1514,1,-1.9974666928898597,2.1241697695813304,2.7406119935255275
1515,1,-1.6823264817910268,1.6186065396717937,3.0929577627361233
1516,1,0.21029129108614655,2.0510623810399924,3.9512070458489923
1517,1,-0.7148765618975097,1.1115258326904727,1.868300542409461
1518,1,1.3120252622199142,2.326035192727491,4.656139445680571
1519,1,-0.3151743898852239,2.798300397987142,4.79671817509055
1520,0,-1.9345307357131178,-0.13457467937725506,0.31230925989905023
1521,0,-1.268013916843997,0.6507702686306562,3.8182145215486747
1522,1,-2.7496760196305754,0.9214572703605334,2.0308196797501097
1523,1,-0.23412553728291255,1.754366381560548,3.2283070287309474
1524,0,-0.18838412726438336,2.1668955187589836,2.7068255840983744
1525,0,-0.42446270978189776,1.5743912181049817,1.5185594530722022
1526,0,1.0788790390297387,0.90306752690464,2.804740694553991
1527,1,1.1985198365166936,2.274010038891042,3.62746703817493
1528,1,-0.1703884233561112,0.9470129694421976,2.144987137773222
1529,0,-2.134693667476856,-0.31337964650800987,-0.27855993954197916
1530,1,0.6172815804922585,2.1945822616962927,3.133095061946233
1531,1,0.5553602285085755,2.7172216581217006,2.877210371278693
1532,1,0.309391570156945,2.5420383679580025,3.940976814830198
1533,0,0.9814797493081158,-0.3148151311120757,1.7548161314618387
1534,1,-1.16482809646104,2.3275343017403194,4.0915484879133555
1535,1,2.008755386185139,2.2138529364779886,5.976179283903141
1536,1,-0.959427753141868,0.42518031837990156,2.7842510727407115
1537,0,0.7492229272008546,2.061151615592178,3.7349610113063934
1538,1,-1.6873476944133516,2.6570746884139473,6.002254172183992
1539,1,-0.9302646872700508,1.684667576159645,3.201469043702424
1540,0,1.5163686467253361,1.6637041959228358,3.0300535987728554
1541,0,-0.2608998230008499,1.189179261844177,2.125534875583869
1542,1,0.8399226051327979,3.34774893435209,6.859520186562199
1543,1,0.2369553887192461,2.4991551420474987,4.349061536250439
1544,0,-0.10495815600017268,-0.8591757242386205,-0.5284447295157594
1545,0,1.3638503249326897,2.9189628464509347,4.779408449400325
1546,0,-0.23665882465190033,1.4946592420844729,1.6310676660970647
1547,1,-1.7807381075634705,0.656254362458194,2.633578253559425
1548,1,-0.8032400919517051,0.4294029000570787,2.482595815808573
1549,0,0.5511917287016942,1.170170949014592,2.091006626948435
1550,0,0.39550910636250813,0.34039269354117324,1.9853060869005015
1551,0,-1.5670582502354382,0.35987787892832773,-0.44132370142711164
1552,0,-0.724342519408201,1.026104085455803,2.0441977028991487
1553,1,-0.5817213492022466,0.9590417072425306,2.1799320527353494
1554,1,-0.365469594114225,0.4742511290813951,5.0634207875430715
1555,0,-1.3759135886015514,0.4730443912915127,1.3536867432114101
1556,0,-0.6283711081194786,-0.22189918771281714,0.05603454087984994
1557,0,-0.7286104852595274,0.42751264015453994,-0.09651119295044741
1558,1,0.7715332597619193,0.5881335409663111,3.8478463897129607
1559,1,0.8091213109902438,1.6905536688224356,3.3023452114967067
1560,1,-0.145810458088816,2.371208753613352,3.3506945949201694
1561,0,-0.3920397958707315,0.9883205688855774,2.2462118237204907
1562,1,0.1399243120391134,0.9536193227384653,3.4313230165519415
1563,0,-0.8165751074555749,-0.9132369015547241,0.5574010101636898
1564,1,-1.146832082167441,1.3717140651015598,2.962098071727433
1565,1,-0.9402212089257169,1.9789664343416937,3.75011232944327
1566,0,-0.6348131639714567,0.714731191001114,1.8198056338875253
1567,1,-1.163473799792271,0.8387980157010088,2.742499521371428
1568,0,0.16205955906287475,0.8464423102054659,2.303739417919523
1569,1,0.7297156737837084,3.4212701734111075,6.461666059473395
1570,0,-1.5870983007982418,0.2290151970695551,0.968010398935757
1571,0,0.02512871121603335,-1.1256093224538102,-0.9373868460409653
1572,0,-0.21993579526633558,0.6372195995207415,1.44894073736344
1573,0,0.3415086855368029,2.64640957687365,4.468492132716007
1574,0,-0.012938768103588062,-0.791272443546672,-1.5803881555522352
1575,0,-1.4535992799316308,0.09364487784953283,-0.9778271735087545
1576,1,-1.2623892988571654,1.0949477773107161,3.5607460389316077
1577,0,0.029423575584972723,0.6047100319505558,3.1307175639188785
1578,0,1.0287809197455093,1.0028864290774246,0.9434425780070526
1579,1,-2.214187371043003,2.1757157747500235,3.6333375713743177
1580,1,0.34572657980157995,1.8885012603412845,3.3581014633845854
1581,0,1.1896220052876432,2.13414615879834,3.111240447614245
1582,0,-0.1530258762062131,0.3364365783516536,1.6113624118668266
1583,1,0.5502024960264408,1.5149239748332992,2.1320942450278384
1584,1,-0.7030690808978022,0.8198962926920534,1.3720649760200918
1585,0,-0.11936619927687682,-1.3528968889032158,-0.6780213016798163
1586,1,-1.6209135183081516,1.4895073564333945,2.819949054877604
1587,0,-2.344343308418874,1.8506972959461807,1.2558735285782343
1588,0,0.9427658012252752,1.2410652176534438,3.219266052687683
1589,1,-0.9849949277244419,2.091248875844347,3.2766889171884257
1590,1,-0.4555278450034305,1.1503103214845158,2.4373871464169845
1591,1,-1.3864422532701932,1.0397339327452713,2.8451042723211333
1592,0,-1.4099697030838758,1.0616505774080993,1.650748360723825
1593,0,-0.17383770009461635,2.4565423302614353,4.259251603148325
1594,0,-0.7295771941356465,1.7690747775561257,1.6897368009283302
1595,0,0.37797099799469847,1.4186359291264314,1.0968435316618974
1596,0,0.4525384189795919,0.6709121050843865,1.4516322250816973
1597,1,0.32084964632460716,2.005973808164706,3.93037991036464
1598,1,0.2386007909284437,1.0180729178502785,1.6250371319384465
1599,1,1.5777682049318862,0.7251629401769086,1.4529630194630268
1600,0,-1.067593769044886,-0.9470764884734068,0.02170254005560146
1601,0,-0.05493486620291775,0.5333195746610622,0.7645520341055166
1602,1,1.1326898205195888,1.7478146847291995,2.3218409318261974
1603,0,1.2645398093380364,-0.5900797619182736,1.6281694922633965
1604,1,-1.4217636493445729,1.236147526146892,2.1200001233508847
1605,0,-0.3123554416558699,0.08786304303729409,2.175203558571478
1606,1,1.3581210958672605,0.9345874734760977,3.034682483758977
1607,1,0.5080791051990653,1.482244720939649,3.6786194040347655
1608,1,0.19526303147977275,1.4376259087275876,3.0651787689266894
1609,1,-0.21768469343465674,1.0180574520451362,0.11935826881250788
1610,1,-0.38380092570774543,2.511529887063616,3.097983210868362
1611,0,0.2882190630903242,-1.3164358431662149,-0.38450149026687447
1612,1,-0.25237412498448336,-0.3615112282063162,1.7527430840894918
1613,1,-0.04257862104444418,1.6905121981357585,1.6923224515387487
1614,1,0.07859870611503737,1.8197068012268172,3.5818248345893635
1615,0,-0.6780715284934992,0.7007936774709236,0.4429152845581923
1616,0,0.5321293738814383,0.12066530388533736,1.4617113437512792
1617,1,2.9142446484154196,1.656349589432294,4.019797733415553
1618,1,-1.7769866393260751,1.15958787550723,3.347692150071589
1619,0,0.3240125241899799,0.15562562190899776,2.2872510569345126
1620,0,-0.7601900886189056,1.8230143780700228,3.1299662596202706
1621,0,0.57740257751925,0.3489935233305832,2.3248676278050078
1622,0,0.04655747332786092,0.46078209028128037,1.119751109023014
1623,0,0.7618547740424635,3.2039745718106816,7.17946293788632
1624,0,1.1755065765087795,0.6578917462219469,0.6741739650288217
1625,0,0.19242111776818133,1.113883200529545,1.62461164617386
1626,1,1.1320522884141782,2.6859251199106065,5.613694160340335
1627,0,-2.3442978937886774,0.5281122755816114,1.8119740016848684
1628,0,1.5904522979160232,1.2666229547860592,3.0721024335116125
1629,0,0.3750621518923401,0.8063594399782117,2.5566905283497876
1630,0,1.0778433557451819,0.9236872965606707,0.055698813103666645
1631,1,-1.2198757448415216,0.7580433743137702,3.9033669198833003
1632,1,-0.8307698816053357,1.7762878383576677,3.2062429031699855
1633,0,0.14593829414477413,2.5724273256680243,4.847509166767831
1634,0,-0.017037889337463016,1.7055705421623184,0.6686363853268698
1635,0,0.2830685880099896,0.8888385986276336,2.2020208197108224
1636,0,1.0845151609299661,1.68118434638498,2.334585099426125
1637,0,-1.7652203153028492,-0.8987420033215069,0.3203340851992266
1638,0,0.9738190717173091,0.531633567315474,2.0434678341277817
1639,0,0.008281909957927018,1.4503344171714334,2.818038596662197
1640,1,-0.20378186112454774,3.1260326351208274,3.8263345746644264
1641,0,-1.4711152343848903,-0.7122007424108451,-0.06339291010643419
1642,0,0.503048668376865,0.16732629108990232,1.0877689768359344
1643,0,-2.414107851031037,1.9571434385692252,2.9696319100704502
1644,0,0.6483940112387127,0.7907794531405862,2.9097552508217954
1645,0,-1.492105835472992,1.875730222058481,2.727784976972497
1646,0,0.053457912617474034,0.7228946910610347,0.4574139851959309
1647,0,-0.11916883732792043,0.710429631127059,1.7941746732282429
1648,0,1.1695381472938837,0.5453705565282676,4.390354414396307
1649,1,-0.17865516901389017,2.5889585908060617,5.99923288399107
1650,1,-0.6941385611456656,2.8495359819603,1.5363087069734673
1651,0,-0.506602695971203,-0.6869830389322279,0.2750395755683762
1652,0,1.2728827687546636,0.5294142784059622,2.7161103574122394
1653,1,0.5362969691808936,2.7759676151284887,4.500899996396688
1654,1,-0.3856299815231613,1.4547623677587236,2.7175454513102077
1655,0,-0.23644641996451343,-0.06431939452256419,0.6214271064010448
1656,0,-1.567177090585447,1.0393890266937678,2.2781430940113307
1657,0,0.388474200851541,1.7199954649679734,1.6492203307632727
1658,1,-1.7598157076954657,0.7224131970192218,3.3591387070894996
1659,0,0.7517964658354561,0.9379054677385825,2.0322717692076044
1660,0,0.12862159249126584,-0.6698883181568532,-0.5791882737701494
1661,0,2.3869517995739225,0.3206046293934778,2.9223451507069576
1662,0,-1.1001355537243058,0.2941245660160883,-0.4710334498404143
1663,0,-0.10266209104063294,0.5006081602676536,0.9248656450579431
1664,1,1.7982877009230627,1.2726102185462842,2.8605926934457324
1665,1,1.1913896402914144,1.3414429673618489,5.523662833656262
1666,0,-0.6962120515798997,-0.7739079854295293,-0.5981711643849523
1667,0,0.22396742837344774,1.0222500854252448,-0.08792164940017066
1668,1,0.001999356415087233,-0.26703938976737396,0.9515453662365022
1669,0,0.2819558673941572,-0.42699046934194895,1.0849510515416607
1670,0,-0.6986804359848298,-1.5725456786277698,0.07180278075886837
1671,0,-0.08932040270073452,0.8922244830477603,4.1509000959503854
1672,1,-1.5980523752767137,-0.5821492626377156,2.3051378332928225
1673,1,0.13512345186808206,1.772266234095965,3.7872135183847333
1674,1,0.45002067342183205,3.4745302177739728,4.4731188848835615
1675,1,-0.227419412643884,3.3052081574777366,6.683751706296318
1676,0,-1.6150508905847878,-1.7904228363542574,-1.4819965647974465
1677,0,0.9885318628514624,1.0949691604863945,1.6345182968420824
1678,0,0.3645250379928023,-0.379613784982614,0.27621742046187653
1679,1,-0.7260150977009768,0.28905943497944886,0.6915681765424437
1680,1,-0.28060044683806395,1.5023499115585066,2.781209731019918
1681,0,-1.5006694027818388,1.2780903360985738,1.7448481255637902
1682,1,-1.0254101277779044,1.9920358358869867,4.317610416143524
1683,0,-0.5378113463571395,-0.37648433239002255,0.12786506323753088
1684,0,1.2284208122801512,1.573560241094048,1.5517851617115628
1685,0,-0.6395033908874757,-1.935559349147922,-2.667232182582117
1686,1,0.6402136593287587,1.1391182993653872,3.276730778754255
1687,1,-0.5383162028615798,0.7146135944402754,2.479576207337184
1688,0,0.24794756085187486,0.6527049599944936,1.1479817609517007
1689,1,-0.14139550214380217,1.4547533856968597,2.759017824776029
1690,1,0.8730566000927434,1.820445886407938,4.183544139225657
1691,1,-0.5348113382185579,1.364837068428294,4.44842105447393
1692,1,-1.572528250002441,1.2506487659883547,1.9559985318438788
1693,0,-1.3819490313636327,0.625546257549134,1.43805928749184
1694,1,-0.5318774939427574,1.6897677779195555,4.341662683136327
1695,1,-1.2490599706780527,1.0409301921920258,1.8150039078591655
1696,1,0.4102120156795513,2.2248118845086475,4.091222173081252
1697,0,-0.4657681648580778,1.1863930941953407,2.055243858136059
1698,1,2.3746065500264315,1.8563560742853,2.8199821492470676
1699,1,-1.737714595137132,1.1192828907861845,2.7402387665243806
1700,0,0.20363317870980122,1.7229965166595267,2.7952678310059187
1701,1,-1.127953023505669,0.25885341568094256,2.3883470605758665
1702,0,-0.4934013403826786,2.1566817941411403,1.8711150514038923
1703,0,0.14141947334054417,-0.7967291327374122,0.24152514719192145
1704,0,-2.325371374874287,-0.5429760236670226,1.3736837650139286
1705,1,0.23682611678802748,0.8208578381603963,4.745722893430289
1706,1,1.9029074622741677,4.458799235551627,7.91950999697807
1707,0,-0.45343829836859284,-0.13938151835772972,-0.40714068368169065
1708,1,0.2598078568055095,1.27710120051312,3.580115453917848
1709,0,1.0249216931253993,0.4367277679977007,1.1585655316616668
1710,0,-0.16395350002699655,0.5464167578858513,1.797526651010373
1711,1,-0.5809601885314832,1.197270164536044,2.1088614210528234
1712,1,-2.2757364037217522,0.8843922742610748,0.5157715516644243
1713,1,0.6409907193949733,-1.6369127372052457,-0.05323183202608367
1714,1,-0.11316840972889723,1.723209313083158,4.223178327747394
1715,1,-1.0126838513881617,1.4140014660701963,3.2994644512663753
1716,0,0.12659671027769356,1.5765478104957018,3.004815012465594
1717,0,-0.5836803568061814,1.6339568412375476,2.733571092855689
1718,0,-0.5284261311155256,0.15376409927354484,1.4526063478961504
1719,1,0.6062911561087082,2.6981164285065677,5.148886418815011
1720,1,-1.3383824113238445,0.1969164961580403,1.454558584938653
1721,1,1.0473152860737585,2.781536928518232,4.8738905471526
1722,0,-1.3976861631184037,-0.491781648070098,1.9719394941759119
1723,0,-0.6627014083552638,-0.8835078906366339,0.1259828566934523
1724,1,1.9229461940665773,2.0912951800159227,4.318447915283157
1725,1,1.1273547616424222,3.4386788756905053,5.567034335245388
1726,0,0.09760399249544019,0.7102867344794788,1.511899014662347
1727,0,-0.9405302155012165,1.7143290830280151,2.0908670762069685
1728,0,-0.5292723066998932,-0.40751440582577203,0.6953096571996809
1729,0,0.0732753145856964,1.569833698923699,2.078773559881687
1730,0,0.03752323233959842,-0.14090306753506587,0.7210866494556383
1731,0,-0.09087092962596285,0.6980673926014143,0.8893785001499346
1732,1,-0.03083251408418433,1.9074330744341597,3.80927837615164
1733,0,-0.2143751097051141,1.0971792010126384,2.6384991232476427
1734,0,-1.4419787356400129,0.3181469992193236,0.8178363921804057
1735,0,-0.5165107421608328,-0.3941377604700672,-1.5058183457915497
1736,1,0.9146240539868465,2.854694168288618,5.427990523141459
1737,0,-1.3683342975511175,1.8211563050600592,2.667673288309596
1738,0,-0.18955551153927852,-0.1406700757179019,-0.17181262803921737
1739,0,-0.819753928770844,-1.5811582550762855,0.028161201492818866
1740,1,0.11135042939811132,2.232724697173222,2.6565695823369975
1741,1,-0.38863318106681816,1.2522296516278053,4.01991063073891
1742,0,1.477393664974669,0.8121152435371042,2.0502273568848253
1743,0,0.5065831541902538,1.2081527019880882,0.04060425744880858
1744,0,-1.3118031657772113,-0.3499333795587619,0.5660355745490333
1745,1,0.6712280116136986,1.6325164321404382,3.160569666372242
1746,1,-0.774651856262063,1.3674849261847948,2.4557052631092455
1747,0,-0.5769963713775336,1.7966550265717562,1.9435299908400312
1748,0,0.3138190201071218,0.6242153101457182,1.5597633233072699
1749,1,-0.49174741973013475,0.31680219326599945,1.5332640281528311
1750,1,0.8928558163229553,0.7719782637557715,0.8938591838319772
1751,0,-0.7745100615133954,0.40687690320558256,2.5240427775801084
1752,0,-0.6189465525913632,-0.8151119664683879,-0.18325893294846574
1753,0,-0.6563708935481088,-1.2592147549885935,-1.1224239495764783
1754,1,-0.5656387483550389,2.165844366427499,2.7242929342111597
1755,1,1.099191555547813,2.7142558695329884,5.504826248095472
1756,1,0.6287962936103031,1.5205023541892375,2.147829643814773
1757,1,1.709943954012071,2.50664247735533,4.782618570015711
1758,0,2.2676442038992546,1.368414905365277,2.238294744271547
1759,0,-1.0307170319323398,0.7932042763893836,1.0616412094405834
1760,0,0.07041912732728889,1.125875642137986,1.0363999366275438
1761,1,-1.176200316643433,-1.2586486825202559,-0.31420817837060266
1762,1,-0.7776059277482671,1.2262192631931257,2.87951046915033
1763,0,-0.6300825102556694,0.8288794351014322,1.9381751593992915
1764,0,-1.0571548741382744,-0.2276030532804968,-0.22462650939113016
1765,1,-1.0518872728984137,1.4206364573903025,2.919324600373206
1766,1,-0.14428437852025486,2.407414668122001,5.067012223388373
1767,1,-1.216718418386407,1.4159097077362401,1.3099374671098862
1768,0,0.8421269591376328,2.2605575049761564,3.4227139232118233
1769,1,-0.9177535374175142,2.551660191055867,3.2173255381701904
1770,1,2.809568970096392,2.4243065380574835,3.7335361599602304
1771,1,-0.45138445096439517,1.3665384939859027,3.3372731167911245
1772,1,0.07201764191705222,-1.128718812626249,0.14043324708960203
1773,1,-1.2953411844660352,0.9848954477696634,1.3090240846413568
1774,1,1.7060917581276394,0.8585586347277652,4.324060178423281
1775,1,1.1195006808029162,2.2570797462414975,5.20106939673391
1776,0,0.29691587073611253,0.7419454723408355,-0.1309773098711109
1777,0,-1.3468025487795656,0.791814991392908,0.04802635363492702
1778,1,0.21066687772462028,3.1598705352655774,5.5954609821291825
1779,1,-1.121431046017255,1.337301256522855,2.6281412142819347
1780,0,1.4623552634733608,3.2191228909652043,6.012168588014834
1781,0,0.8091947318531727,0.9752098647758557,2.753385209687501
1782,1,0.09543903848773612,0.4184153178296879,2.5369686493812336
1783,1,-2.4363756632473224,0.4070154259156835,0.6978776014407817
1784,1,-0.9834159786590306,1.0322285060944687,3.1269856052271345
1785,0,0.6877611315998724,1.2984554906333403,1.160243762202848
1786,1,1.2128836917231558,1.116615207287646,4.464436479042346
1787,1,1.1091698114921316,1.7347750606382433,4.178747611954912
1788,0,-1.5920130022414554,-0.13864418146852325,-0.281877358674407
1789,0,0.30155230681290407,0.1423448843883276,2.007332773883223
1790,1,1.0155152164829295,2.816069946624597,7.0606978790575186
1791,0,-1.6583355655822452,0.6438207187906823,1.0945365058647825
1792,1,-0.007904515373236347,2.864195780491988,5.213028067108633
1793,1,0.27384239830845625,1.4511275383813373,2.874066698352027
1794,1,-0.3007645848467349,2.8122981921938814,4.637497492842879
1795,0,-1.8521618554012016,-1.4196456425974064,-2.2973125737090943
1796,1,-0.3256981100737287,0.2139062659880242,1.948237130467413
1797,0,-0.327305430255024,-0.8119933151677206,0.16612292861188604
1798,1,-0.1480724045477542,1.6647899712677632,5.23417326720296
1799,0,-0.5634714254250696,1.533336688950235,0.6256392911618711
1800,1,-0.4430121532414673,0.9649542733879296,2.395468383631857
1801,1,-0.0397062823469779,1.2113947103314695,4.291570671693109
1802,0,0.4424546049697111,0.4167184261815757,1.2634378513767617
1803,0,-0.3044267628566672,0.9815000945306547,1.7492732089743235
1804,1,-0.4096489283680019,1.0994800181350255,1.984291207579251
1805,0,0.09235403825445808,-0.005710746440163894,0.08015468094796996
1806,0,-1.9209159258951816,-1.4216700411262448,-2.631706992138433
1807,0,0.4770351272264581,0.0713894269908163,0.5375812047919538
1808,1,-0.0005630971229588082,2.877292823798445,3.6878251492617293
1809,1,0.039693526597561826,1.8028340664577451,3.728811605434331
1810,0,0.960734307594464,0.048365782030424076,0.4528444411255852
1811,1,-1.9528155300482481,2.3502993137144594,3.280145222656303
1812,0,-1.9738338698589637,-0.6773636630178764,-0.5243358300473292
1813,0,0.27380384532351953,2.0020967330795214,3.008692319853853
1814,0,-0.007116855128515773,1.9014719213615459,2.371526293931002
1815,0,0.17017694319193222,0.6070647093322483,0.5793140080335026
1816,0,-0.46212707517244556,-1.1371876499234213,-0.143846621010072
1817,1,0.6643536742399312,4.188806717617735,7.189160668730332
1818,0,0.93263884299112,1.1670677091618822,2.4820616735508807
1819,1,0.48398229395152703,1.5213076634648681,2.8082836840165513
1820,0,-0.26082845840458313,1.3778793772536808,2.202567280479139
1821,0,-2.107689387614403,0.5699959707370265,-0.9021746771423931
1822,0,0.7692362080371281,2.0417092122975786,3.0561537043661393
1823,1,1.2217286662175928,1.4041708111853815,3.048162175338427
1824,1,0.64455841198398,2.2118409363695863,3.207292260759871
1825,0,-0.8796424273675065,-0.9497629584551888,-0.877789796260658
1826,0,0.6737943936677578,1.3684727138415615,2.0929970910354663
1827,0,0.8605297079614455,0.7352135427612462,2.899777760360026
1828,1,1.5588162477990857,2.448654129826538,5.652477796166448
1829,0,-0.8761099242279576,0.09081729889114251,-0.012529847512259829
1830,1,-0.22645458454413847,1.381074804048397,2.6177065138961764
1831,0,0.7472720511434552,-0.14404955867167746,0.5128148942684354
1832,0,0.05741007143815779,1.307653236115681,3.128680765953437
1833,1,-1.1173276020512748,2.8545057561260556,4.576546788347417
1834,0,0.414616285026703,0.0677165265979256,1.243429646244308
1835,0,0.5786616338151667,1.2271389951156448,2.879133935299868
1836,1,0.08796289633100199,2.158572493559543,3.379751664414812
1837,0,0.21958492717994416,0.5739732895028419,2.981776849292888
1838,0,-0.25870590168573016,-1.1042075038704358,-0.15769334162778334
1839,0,1.4782789357160593,-0.3581136703957748,0.08162967055552395
1840,0,-0.9006921837126766,-0.5511896062653735,0.03903171319425122
1841,1,-0.5873207627637789,-0.6152009524010653,2.299263219254051
1842,0,0.010985513527525621,1.9113263839638726,2.4883813506856054
1843,1,0.8789540277008926,2.3313894374899813,5.256738042074992
1844,1,-1.4973731700945367,1.2208270005725173,2.0960065737820885
1845,1,-1.3102967497654392,-0.8833248441974604,-0.1110478909278545
1846,1,-2.037728507734718,-0.7351894073408156,1.3168623017065326
1847,1,0.03269522525327079,1.7074671793890228,2.640033663793936
1848,1,-1.1183058172065439,3.3349982203220137,5.733877307042401
1849,0,-0.3845501100179167,-0.31400922887845684,0.9607067481413092
1850,0,0.661378189891708,1.5622114713799504,1.8208931748907005
1851,1,-0.6415427207828466,1.027634776090185,2.6278834879392816
1852,0,0.23128202274336457,0.6246238661118759,1.1221059801010114
1853,1,-0.29933790775172203,2.824882476567415,4.9139914516861305
1854,0,0.6721143150964368,0.3556826643623868,3.3779037723370937
1855,1,0.4751280673480088,1.1524335121522693,2.6767545227344485
1856,0,-0.69193369617461,1.7104904452723808,3.105879979895966
1857,1,-0.16865175340045263,1.6949622950934595,3.485672586080885
1858,0,1.0437433977204944,1.9043281099023113,3.13713449250959
1859,0,0.393376870254097,-0.06723583230845787,0.8462344210108378
1860,1,-1.3969620577511315,2.6875855916356364,3.3507757337338564
1861,1,0.6556180611713827,2.170312692886026,4.436576254402757
1862,1,-1.0846106224362382,1.8094044394837872,3.103740565077151
1863,1,1.412513069961006,2.2553832324174765,3.4330857626709514
1864,0,1.024098839841025,0.3017546699558059,2.5207477001723095
1865,1,0.2898854759184008,1.7852828322805485,3.742269550166572
1866,0,0.1572328434361934,0.10457961504149171,0.9079272263854912
1867,1,-0.20903225602742,2.5968363858365597,5.695086549377374
1868,0,0.6785239514000281,0.5005000183513462,-0.19987672690164593
1869,0,-0.37077816946206166,-1.107740678632518,1.0909244912041582
1870,1,0.23556987063989387,0.09124722620268444,1.058173251194446
1871,1,0.8719343665194511,0.23486215763541085,2.420781570354821
1872,0,-0.5618065435255897,0.9494287944962645,1.2490037316704354
1873,1,-0.6161927399906946,0.3636378666293474,1.1173982781787846
1874,1,-1.194365480724459,1.6417761316212292,4.516789561444773
1875,0,-1.0644727461261723,0.31723269365356166,2.9605547118236117
1876,1,-1.8283953114415024,1.0867728116577722,2.2998680987183935
1877,0,0.7298287890155296,1.1573538400870285,2.638794300084429
1878,0,1.8089145420827708,1.2009778997153575,2.6197520597944117
1879,1,1.4253289434703056,-0.5821310597398583,3.233441566307058
1880,0,-1.6260844886265164,-0.3114505874364451,-1.7498179326152832
1881,0,0.7248546715562,1.142559535530291,2.6646539111117513
1882,1,1.4221063499235564,3.7669147157320655,5.124209671572843
1883,0,-0.456809980738664,2.0494146223608984,0.6020886047419869
1884,1,0.10144743065004946,0.36728371560975814,1.8270431043105275
1885,1,-2.0078930508046704,0.7479067854458257,3.9943769661954454
1886,0,0.2667361679766415,-0.9860939633150054,-0.5887959201200774
1887,1,-1.0635597294347174,2.9008171562796674,5.278870716957335
1888,0,0.19963501791151453,1.572746713522005,3.811345914167674
1889,1,-1.5612029221888803,1.5822270102065106,3.057289623149212
1890,0,0.5428582244775959,0.8289523286034889,2.0579795919103
1891,1,1.0245126754266898,3.387984902977481,3.6765895315217083
1892,0,-0.7831798617151676,1.4763712362455887,1.6035714007299084
1893,1,-1.1369225814104345,2.5169679222329906,4.996591030280899
1894,0,-2.156023042549981,0.30987294701726525,0.9393474355443365
1895,0,-0.26641353407517704,0.07084764026328433,1.384906374891931
1896,0,-0.5815939342816051,1.092646651733076,2.1094854445598057
1897,1,-1.5510194123480547,2.0507360815506983,5.732536143377519
1898,1,0.45301875631217164,1.6452681573016918,3.1053520773755254
1899,0,-0.44997038186464916,0.013759966606363805,2.5291759332197437
1900,0,-1.0757359586452324,1.31059248196464,2.228948512442326
1901,0,-0.5545724056404471,1.9977443870774725,4.58102888053018
1902,0,1.0713045389296156,0.07199558076411838,0.06127839929189127
1903,1,0.6029369437552222,1.617504407678592,3.7227440040604973
1904,1,-0.13002606149848983,2.0119252580051508,3.3922332617819833
1905,1,0.6191050184648526,2.372330503288066,4.435623842831076
1906,0,-1.160911956386739,-0.37063994615731594,1.6195539252314644
1907,0,0.03237010072703053,2.393231660562153,3.7785152860655047
1908,1,0.14732233048647056,2.1662919646911125,5.2161391208153445
1909,0,-0.4698365084987269,0.8904324559209348,1.1262440609472444
1910,1,0.43545833595741784,3.589521582298979,4.653778791966746
1911,0,-0.7804334546444512,-0.18319166163792538,0.6768267205704505
1912,0,0.5098207077761179,0.5645143358905574,1.6278262990546957
1913,1,0.5518587715312919,0.6122354024377588,2.3367477879198244
1914,0,-2.917159880697066,-0.5474984364626981,-1.0895621382727967
1915,1,1.1903057035101177,0.5681641871176726,3.804876917671584
1916,0,-3.047632565352754,0.3335595845873458,0.3611958708833073
1917,0,-0.6160490255561253,0.7351820424031545,3.038050359504611
1918,0,1.025348034257755,0.5305351032387864,1.7483480752943956
1919,0,-0.31728672525244067,0.30439027460642,1.8893618603699767
1920,1,-1.466185982469542,2.021610620448128,4.086083066917903
1921,0,-1.0937370617166706,-0.9639172054048992,-1.0069393580990857
1922,1,1.0269057463206197,2.212239591348709,4.584823662165322
1923,1,-1.9215045305486382,1.823058447294153,5.167090485651531
1924,0,1.1289911009620173,-0.9435767471186365,0.5338337261741237
1925,0,-0.05510209904228934,1.1684073759893325,3.058663695740549
1926,0,-1.1923953304424335,-1.531781062394297,-0.07698828389059842
1927,1,-0.5831150723026911,1.40747099445766,3.397897638362109
1928,1,-1.0172243411016413,0.2314415935742813,2.0144754430786995
1929,0,0.8662252008585286,2.1911141395475733,3.9116747388405795
1930,1,0.7324278097628383,0.7626072887765039,3.4723753972046847
1931,0,-1.7191611338760466,-1.6659382321281966,-2.361934515954479
1932,0,-0.4035921185193341,0.5122745060405154,1.6788589714331035
1933,0,-0.8631856623442771,-0.172658678724106,0.4706263080597215
1934,1,1.2935099684593703,0.583447761873878,2.2506229119140437
1935,0,-1.350099118126421,0.6207854637169231,2.6467300191202123
1936,0,1.604229104685014,-1.0102303310441751,-0.42253075817102576
1937,0,-0.033294739516937566,-0.5462293944382062,-0.9476574026515955
1938,1,-1.1619344063800876,0.7762014076651891,3.139530751775026
1939,0,-0.6772741840092779,1.099040136952357,0.5431914435966123
1940,0,-0.8016188407684506,1.5549827147826167,0.4667158686703634
1941,0,-1.274618402015506,1.220396726722921,2.8737407363097853
1942,1,0.09482685973037566,1.5751742674568798,3.552861889965443
1943,0,-1.2279155506918433,-2.295682910002709,-1.0685463927723018
1944,1,-2.1803662087381888,1.4367431585971016,2.3582423420698415
1945,0,-0.3796764708481731,1.8566707979701615,1.3963293721915073
1946,0,-1.8028561964178826,1.1929335488882034,0.6465750959869594
1947,1,-0.7521608680675204,1.9373007493234637,3.3146796762786765
1948,1,-0.9091028886033559,0.2377663690805405,0.5835429334418278
1949,0,-0.8712160720258142,-0.28667182523615925,0.8461378674043311
1950,1,2.0009631015901537,4.234103329222721,5.971838011506333
1951,1,0.05641156716957076,0.30019393548673734,2.296512296285957
1952,0,0.24537100899533215,-0.5742299254517862,0.6299924045737111
1953,1,-1.7763982963422946,2.1096320622625955,3.9411519574186635
1954,1,-0.6539631336369219,1.0726518151033955,3.24134171566501
1955,0,0.21530262994151197,-0.6171643332221682,0.08199560198688904
1956,1,-1.0245289129130064,2.920612504849114,4.699675988900342
1957,0,0.9080628435179854,1.2334748312005355,2.6510955283243067
1958,0,-1.2026965859010301,-0.24261014014748716,-1.9120397664210582
1959,1,-0.2863661358651756,0.46831532334093184,2.8575678420273873
1960,1,-0.5860516399755586,3.57159107186727,5.404322940092409
1961,1,0.16432065938191598,1.7248443790679673,4.121757376187921
1962,1,-0.640490071855426,2.9051810409128667,3.290239431094519
1963,1,-0.27089362707093734,2.5123654564881583,3.9424135559115774
1964,0,-0.23613009177798555,-0.09174058919662975,-0.23049606411780732
1965,1,-0.734387757391301,0.9667425577928286,3.3644663825274437
1966,1,0.48509386849711267,3.2918430584830536,3.783745290113982
1967,1,0.23838837483742528,3.234033845071205,4.153056738116369
1968,0,-0.0886139452531673,-1.4035001596966845,0.11309117952466313
1969,0,-0.4304583334619581,0.920642760943605,1.2051765619739654
1970,0,0.796544030519997,0.6177484044323794,0.84866655374732
1971,0,-0.23583424381418136,-0.6040734360827604,1.255479144694586
1972,0,-0.3066972878259372,0.6697369083694162,2.556109207396097
1973,1,0.10469002988812601,0.38181021798004333,2.924819416498667
1974,1,1.6965866829708507,1.7425206502451553,4.730547660779619
1975,0,-1.340356208021204,-0.7005805951763288,-0.20023111571862595
1976,0,0.7698568930553547,0.2311658037606079,1.1805442077350636
1977,1,-1.893171161238105,1.0605701579665776,1.8338546471853538
1978,0,0.21727315822862395,-0.4503847144368992,0.760799084924803
1979,1,1.5750828276087308,3.745703877155917,5.332822115351815
1980,0,0.48866852446730713,1.1398837907343173,1.8045512897008016
1981,0,0.1706250785397928,2.3457505519439925,3.9797760016348507
1982,0,-0.5604494688030756,0.17178519028105785,2.244234542034823
1983,1,0.03104720048855424,1.1605241978494572,3.364993892217263
1984,0,-0.2520628154033563,2.182796769872021,4.926700072033918
1985,1,-0.7859766079313554,0.8861472777466084,1.8234363841275891
1986,0,-0.28987561547486984,0.23474529336841435,-0.6612044689358181
1987,0,0.19838116062643954,1.2795617586852466,3.0338658804000884
1988,1,-0.7672170685306403,0.2321090711435294,1.1068321047906702
1989,0,-0.8062818206846841,0.9694101385882448,1.5344615326759443
1990,0,-1.3602434375921744,0.6752740348869504,-0.36657116275260826
1991,1,0.3907250260888961,3.0865428258645013,4.065477583736454
1992,1,0.5453232619670604,2.7536414816002592,3.160478717414435
1993,0,0.23166044423651747,1.8694764861485262,2.481505311575526
1994,0,0.9651704927286658,0.6791292473101895,1.4776118519729726
1995,1,0.08786763708072752,0.8636899724171576,2.771223911381512
1996,1,0.3920109373657567,3.927588695293089,7.045713847121416
1997,1,0.30383742563756283,0.264455612169302,2.8021293621946333
1998,1,-0.09154001941820787,0.24602491530072967,0.40554727520660694
1999,1,-0.5308218281296473,2.105881492069937,4.407732562056864
2000,0,2.214152615791911,2.789231832914923,4.343817053514765
2001,0,-0.4519509798535085,0.5539655519581125,1.3657489239513128
2002,1,-0.6658777111204364,2.499540386366075,4.143665314204761
2003,1,0.43400982345010697,-0.16559978043692647,1.9257546123393499
2004,1,0.25185441529500513,1.2760113624073643,2.4344954544528
2005,1,-1.4047915476103274,-0.5953852714263574,0.7413055615269362
2006,0,1.1226782545637386,1.6172144345977815,4.025689209402363
2007,0,-0.09419457535083331,-1.0754896991942644,-0.7982343986899646
2008,1,-1.1109310952157205,0.08890182540263658,0.6368276301843971
2009,0,1.188784114353874,1.370660439267565,2.546709914264489
2010,1,0.625675571596154,2.9495270234965756,3.7440956810594592
2011,1,-1.2645419919479142,1.161669294186409,0.9859777743424878
2012,0,1.7771828402577243,1.603327356185827,2.6142967471625553
2013,1,0.6587973683661927,2.43542737738295,5.815808735620112
2014,1,-0.010196115625046132,1.481514305870014,3.2408709868681123
2015,1,1.5902188056217794,1.0823601588002851,3.3789810143728545
2016,0,0.15929778382964058,1.1126807420335347,0.014391940648337709
2017,1,-0.02808307510403198,2.3046707682438727,4.537179645664013
2018,0,-0.660300116021989,1.195934368283662,2.157240206389056
2019,1,0.5818504393070786,2.186621555871021,3.438076815693082
2020,0,0.4766029673239799,-0.5255190232821324,0.7498520415850375
2021,1,0.014680139889711287,2.3947442033360935,4.367801848471997
2022,1,-0.789986353867603,1.461623013611378,2.044137814479922
2023,1,0.12992985416607386,1.2562415119264791,3.4140812095396034
2024,1,-0.06979878576213788,1.3844245270776465,4.3676001924523735
2025,0,-1.333474318734201,-0.59029947401064,-0.08493581323099675
2026,1,-1.4718123513241856,2.147300073457173,2.785343400755228
2027,0,0.5651533788097695,-0.7485687199370895,0.18688188602313605
2028,1,-2.601888315051689,-0.07405242932192502,2.060183102732166
2029,0,0.20541052696125997,0.2328502734166833,0.04761353951166325
2030,1,-0.4780830577538245,3.1703259309128526,5.453267578146268
2031,0,1.3082466068799101,1.946754531156822,2.530389394012323
2032,1,-0.49346820915387574,-0.08888126599338819,1.8544881735555743
2033,1,0.659484214251896,3.2491923530280546,4.61675792083287
2034,0,-0.3969138412377916,1.7303460646123465,2.0839463412832275
2035,0,0.11374815348614345,-0.6398838799768,1.9059606669554763
2036,1,0.7368365309200512,-0.60040731132043,-0.06212659566991152
2037,1,-0.46255571632458015,1.4890116627553833,3.6818666970360114
2038,0,0.996554884498404,1.921390874649343,4.852026262470311
2039,0,-0.9936978771064832,1.7931526066682573,3.2799349577197834
2040,0,0.2945928425583791,-0.2824494115937365,-0.5546278621212426
2041,1,0.9226397227878528,3.728771021499321,4.4317184571414865
2042,1,0.6600374917903349,-0.32992114827960073,0.850460973432065
2043,0,1.9164448767354103,0.7068828491913355,2.2480797360582923
2044,1,-0.7634393173106605,1.0537575355910547,2.927012366217975
2045,1,-1.379149251348588,2.4385922495197265,2.691065844950316
2046,1,-0.9943351084951194,2.7000019333912437,3.428377453245253
2047,0,0.660442566548437,1.6523564253979264,1.9729624517275934
2048,0,0.4979229342693786,-0.701173168465081,0.21766461027390185
2049,0,0.10225665964741577,1.3932960296931465,4.398442818913704
2050,0,-1.12295704910713,0.6721548538613529,0.5143763784164792
2051,0,0.7668672933290608,-0.9411741972808726,-0.7647585717508485
2052,0,-1.2247047776505404,-1.9344252620968492,-2.3125065127708018
2053,0,1.1589495823768998,1.885674164733846,3.753008652451458
2054,1,2.857438423139865,2.377132225962715,4.707278314235586
2055,0,0.3664511465715505,-0.6752467484834103,-0.49818306733905865
2056,1,0.5831081356577431,1.6667605119885542,3.220586555341771
2057,0,-0.4928597688955594,0.7161831504445348,0.8261008957077217
2058,1,-1.8102133210868163,1.074084877006408,2.8079334939782896
2059,0,-0.6027193630302223,-1.2328019620351531,2.331030772155138
2060,1,-1.0928952410987494,3.257688331234485,5.389973688706972
2061,1,-1.4470045764150157,2.2701165960633873,3.687727165673021
2062,0,1.7223599419956492,0.6813305309252273,1.3608270318364046
2063,1,0.272862518025773,1.4867640995054443,1.9979365212257496
2064,0,0.37968758061398367,0.9733936688973711,2.783020916423203
2065,1,-0.30902236519624954,0.4776718947007934,2.895221600027863
2066,0,-0.17287108244343635,0.7708151118039378,1.2701398986244445
2067,0,0.9645506822393334,-0.5413672321889655,1.8648768872015196
2068,0,-0.03233711869521544,0.4197646475462694,1.434404162692311
2069,1,0.5306939380247327,0.6906366815505609,3.371536204550643
2070,0,-0.19600429784501586,-0.6768852716802194,0.580110870783789
2071,1,-0.3421528907320472,3.2430767463985957,4.797510288374548
2072,0,-1.406914165601862,0.13715164460399557,-0.09911579982386387
2073,0,-1.977749062367128,0.11408176669102926,0.5729953618549324
2074,0,-0.2615619010664018,-1.5898484314012435,0.19988985728032316
2075,1,0.05649669199323269,1.119947249076922,2.423111475576142
2076,1,-1.286130036708791,1.7753731076917099,3.75788849595313
2077,0,-0.03447486503463288,0.6837938064371151,0.594162951406185
2078,1,0.053752562990502024,-0.43790405245655495,2.152904796271904
2079,0,-2.156008006059379,0.06033551483926752,0.9420752501173534
2080,0,-0.9151246594795012,0.592021405705839,0.20688571497343777
2081,1,0.4072638937354685,3.10594116631934,4.763379421544822
2082,0,0.3870587293957439,-0.03911350011961967,1.9697391550778987
2083,0,-1.1536749163997606,-2.0881711950555992,-2.5779387189887757
2084,1,0.15844805049973495,0.750763663344765,1.5115030348197775
2085,0,1.0224072253604721,-0.2903428712604156,0.8446416190251856
2086,1,0.7770729589908982,2.6698307654772435,6.758576087707617
2087,1,-0.09528578701393456,-1.0453223244994982,0.06304243405821686
2088,1,-0.4679763133242924,1.11125064593009,3.3129293828507267
2089,1,-0.6293444843345044,2.9369921282769034,4.871258639011353
2090,1,0.4678197829096571,1.8475583977065317,3.1516024540229193
2091,0,0.19510397314288802,1.4548480081192903,2.6550021545327427
2092,1,0.6294040061022004,0.24702286827957232,1.7250690074050574
2093,1,0.13187381312115198,0.1375726307300229,1.6061426032377417
2094,1,0.8187639503474419,3.3828716429494667,3.685352530245822
2095,0,0.09459253295770016,0.6295931256445633,1.6240753973697817
2096,1,0.7846887161316864,2.0386809770486503,4.894712226897538
2097,1,0.8708227703666389,0.843094003002995,2.8746843318560082
2098,0,-0.8045266302248135,0.3594237398827874,2.289026174660255
2099,1,-1.808144046870746,0.01161921759868001,2.0303178541695477
2100,0,1.5434928560145533,2.149918305710016,3.3990755705827063
2101,0,0.2566587307122617,3.30482832908185,3.728234522217484
2102,1,-1.7144858954961215,1.6695952850164928,2.640434390555865
2103,0,-0.7138194972187111,-0.349092234627157,-0.9623666080080205
2104,0,0.7718742923698284,-1.8020960427837098,-0.9148000744080702
2105,0,-0.279676831132893,-1.2683671638822092,-0.17830377154463414
2106,0,-0.5120614193191271,1.9012434052313978,4.5142522191668055
2107,1,1.4008818603129667,1.0910727148228168,3.699569410164287
2108,1,-1.0472871463838105,1.0149789743983446,1.7406675649836054
2109,1,-0.7981533577548339,2.115879967252728,2.3168810201829553
2110,0,0.21138647504826755,2.0457057418762727,2.8814309496813535
2111,1,0.39045493205388226,1.6175495584523267,4.307404991690852
2112,1,0.4963430343407315,1.4442360406361847,3.1228883108099432
2113,1,0.9112380445689469,2.0449924418813676,4.569224225800752
2114,0,0.19857862068151685,-0.06806423043476217,0.7905260444493529
2115,0,0.48938393893840915,0.07299597838856764,1.8878732008918486
2116,1,-0.2592092593150832,2.034117339739349,2.185017465170671
2117,1,0.06269830323671424,1.9041010088055006,5.320822789598944
2118,0,0.10753418005363442,2.663865560574674,2.5728889483616904
2119,1,0.21509813581903608,2.2033782573811402,4.8401302142747245
2120,0,0.7725398075827608,1.8829074903686562,2.7652314572162533
2121,0,0.555145681944831,-0.4047414721396818,0.5904597638823837
2122,1,0.0442170029001831,2.2384223909003262,3.8061638855102142
2123,1,-0.8091259849410398,0.7342808579166289,2.6280602459799143
2124,0,0.06767125806270954,0.9157546407153707,2.3868134356088078
2125,1,-0.028017784895743934,2.3801092626461178,5.232867217490037
2126,1,0.19318157981319836,1.8078233179454333,5.054408516505451
2127,0,2.206525307140402,3.5692833136169133,5.342409921821696
2128,1,-0.5237727785412354,2.970847935546082,6.379767619006139
2129,1,0.42228901912535954,3.0039320385667043,4.981362385214254
2130,1,1.0684620672442982,2.784824812543303,5.875957588245087
2131,1,0.09800191409938289,3.492761391959859,5.7410814476858825
2132,1,2.337845119172165,0.9643842382824337,2.682748630691501
2133,0,-0.3780392917314767,1.756871330471133,2.862497626504681
2134,0,0.32408922232004705,-0.39401754530350874,1.1739721766696256
2135,1,-0.798805744892982,0.8960191574653759,2.504059877084172
2136,1,-0.35152473514329313,2.15593502351868,4.298486594487577
2137,0,0.2489339103966579,1.8079003386297208,3.7230500800359474
2138,0,0.8463040623077297,-0.3996854129896431,0.74620225747601
2139,1,0.3190948340235742,1.2831835725293415,0.20311487065157507
2140,0,1.259114849334736,0.9752665273017312,3.905359648662049
2141,0,-0.09496531059267174,0.28514440212648445,0.9685599097876214
2142,1,-0.33216852983900536,2.4543815022834856,3.364667575483387
2143,1,2.7039851072793866,5.947123148168336,7.163809873971395
2144,1,0.39423764944203077,2.237592003358489,3.7799936309132502
2145,1,-0.7194815459785476,0.7489590980441194,1.8423149575314277
2146,0,-0.6942637622480688,-1.004787459313416,-0.880649675647721
2147,1,-0.9426799145313405,1.0919421120549921,2.0212798593041508
2148,0,0.9365693558567879,-0.15927907927175378,1.557777615959426
2149,0,-0.36437729289324183,0.8582366041074505,3.8157245865319034
2150,1,0.12736247565648562,2.1902303784811723,4.836274471627371
2151,1,-0.06350867443826871,1.2177791931435629,4.1276756430104795
2152,1,0.7314924079409346,3.9044027361660634,5.473291186307511
2153,0,-0.8467440928840201,-0.4894705471051003,0.44584599986867357
2154,1,-1.0755722861430155,1.257897246258921,3.269265193260605
2155,1,0.22429730718159427,2.4064518580442957,3.5917534258378447
2156,1,0.600959284699897,2.772342679179798,4.26680446557066
2157,1,0.33253231309764075,3.0773362154724913,5.798394636425096
2158,0,-0.8094537290973276,0.6856603602640406,2.6140623695446843
2159,1,0.6774848420913938,2.954158153415415,4.9570653913489515
2160,1,-0.7438609270956342,0.8117335498433705,1.2678041836455174
2161,1,-0.5215386447863833,2.4616203669144667,3.8617206547395324
2162,1,-0.9439535247220022,2.3215430927397986,2.4914212532895266
2163,1,1.3011583486520308,3.603234179349145,5.738668258914278
2164,0,0.6334215410273492,-0.9784095299203378,0.4036778895565508
2165,0,0.6049933756788733,-0.22568510289740518,0.6246031512005931
2166,1,1.2472114211424503,2.897304395710037,5.188457902321732
2167,1,2.8126492482387233,-0.10756970540978017,2.6718613833218035
2168,1,-1.7092261039101555,1.6792383426153035,3.3942551647403967
2169,0,-0.7383765808771081,1.3382914506682346,0.989085842195883
2170,0,-0.6161750841745238,-0.2612277728027971,0.36227288484960357
2171,1,-0.8508196223826928,1.01456411317328,3.0542431669630097
2172,1,-1.0775832476037126,0.30258767847898227,3.4657828002642392
2173,0,-0.2996530640553656,-0.111443038948013,0.5567005980022164
2174,1,-1.216603715289405,0.842450383451421,2.94996984084165
2175,0,0.3350423675374132,-0.08232856420429746,1.8628318212270087
2176,0,0.051698321428614635,-0.2221686813559125,0.5915432845572509
2177,0,0.4810286647636553,0.37330381454070305,2.6179172949807743
2178,0,0.5077284516382525,0.36921421983535435,2.6729337415939014
2179,0,0.6030068534266765,2.5550339558890593,5.056020060635586
2180,1,-0.3734089368238823,1.193792175835825,3.3775425574565805
2181,1,2.1211434026336673,2.6804932369819587,7.264859167166227
2182,1,0.23443111648209775,1.1934463684683276,2.4250494790004056
2183,0,-1.862484752624795,-0.6483412016288956,2.103239434025085
2184,0,-1.0023757457662175,-1.5050832614624876,0.06274107804270168
2185,0,-1.7405029890278156,-1.593517144519438,0.39876959070171725
2186,1,0.01733462915130733,0.4982021090923925,1.981631280380943
2187,0,-0.12180522405333363,0.6471552675440706,2.4672689256971667
2188,1,-0.4684256978994578,2.6356459459147477,5.7689349699992185
2189,1,2.010926112400514,0.5166133068246364,1.631439885580867
2190,1,0.5489828740769108,1.3156180608742563,3.0620883538742194
2191,0,0.7260983614463344,-0.649061200916448,-1.6450942168583689
2192,1,-0.9310734879421032,1.1564008594838193,2.5918531850462423
2193,0,-0.9991448913310123,1.276026026307847,1.2601888545815583
2194,0,0.03680549909695475,0.06415924812111107,0.8537526599737669
2195,1,0.17300713965222583,1.704385169695971,6.462629955231076
2196,1,-1.856311567114457,2.598334926257977,5.744876119632285
2197,1,-0.18030702284953407,2.1038088236530488,2.4282998823825093
2198,0,0.014072082873504806,-0.2558702309547506,1.3026824872193554
2199,1,-0.21514916577112894,1.7943705361043865,4.350271790009399
2200,1,-0.8133904123466764,0.6284338648937062,1.927858695719781
2201,0,-0.53953518192114,0.7586214581596578,1.829022024933979
2202,1,-0.17685919357279603,2.1622823960009203,4.202892764701359
2203,0,0.09080002361004777,-0.8399196934154383,-1.168371061555289
2204,1,0.604791582550568,2.056586892150944,2.94621585457491
2205,1,1.0808562049508712,1.9066836034893415,4.095151562920506
2206,1,-0.2943477235272498,2.1563730801139367,3.996906063390254
2207,1,-0.45615619611535785,2.394500192184526,3.3947062375441854
2208,0,0.43765567353430623,1.108746306184897,1.4019013010379133
2209,1,0.6108449164108543,1.5800601215435037,3.412449855154468
2210,1,-0.4342004332588856,2.5030698908863345,5.10238075721783
2211,0,0.7903934769661722,-0.1359447332203999,0.9456481912259643
2212,0,0.9795853411559731,-0.5266463910227075,2.2920015078441365
2213,1,1.291686465658673,-1.1077807448631987,0.2547360006059751
2214,1,1.7783209067198225,2.1633553202787916,4.512129303077582
2215,1,-0.8664161386594389,0.6185287189087331,1.8909500620728397
2216,1,0.01389820933251119,2.101923938875104,4.492664527154716
2217,1,0.011277696618660139,-0.26784408505876955,0.7528235720397662
2218,0,-0.0980735685325076,-0.17660062145925232,2.7311824188280016
2219,0,-0.6492629196101362,0.7754910299814444,-0.04497395701658902
2220,1,-1.4855620032310715,0.22449525268169812,3.44286309171573
2221,1,0.0926794460290038,2.1370605824215634,4.045584940736197
2222,1,-0.7683556595479125,0.9124707070675856,3.111224156904916
2223,1,0.085993480747625,1.69298973444429,4.844713333685773
2224,1,-0.7940435416988534,2.0569449439071996,4.555797730733499
2225,1,-1.0996583458443414,2.322899519362011,3.172940962400081
2226,1,0.2342983603768977,1.8627819194336763,4.309731146771658
2227,0,0.15092152680649595,-0.2687338368367961,2.6289244411591195
2228,1,0.579281971320933,1.4157457290166298,2.444310411119994
2229,1,2.1858637664176253,2.9927144930122456,7.348315757489748
2230,0,0.2772895312108468,-0.43806672411935255,1.003093668091381
2231,1,0.4850817670641296,1.6674579334790331,3.1312465149716022
2232,1,-1.0775613288673254,0.9908475029783275,1.6820458525966084
2233,1,-1.2869074405363745,1.2105659845201229,2.529897422004573
2234,1,1.5828294467733337,1.1655663047826226,1.3268538630667939
2235,0,-0.9234797799333037,-1.6289882861921028,-1.2289287112375509
2236,0,-1.043944071468642,0.7075593945190507,1.2358433363697103
2237,0,-0.03909892121655298,1.4524017471236825,1.3701683137679521
2238,0,-0.09019241337738836,-1.319232681511373,0.4105740307175091
2239,1,-0.9025065064432917,1.7981742089932287,3.198906619915183
2240,1,-0.3049732187131,2.691690949231247,3.7949017608741986
2241,1,1.2293757176501043,2.6647237620573545,4.385264970518832
2242,0,-0.8059936088317976,-0.15846826132560576,1.0354404902238816
2243,0,-1.3936724843661716,-0.8615981150606091,-0.06711140146684923
2244,0,0.9425936208997923,0.8637561656199269,1.3512998017123077
2245,1,0.4922969119380367,2.0954741324282917,4.1195869888563434
2246,0,-0.6205186206486616,0.4096519249613003,1.2348722432653105
2247,1,-1.582167016126918,1.045215265044359,1.3893176386701627
2248,1,-0.7446233564385631,0.39396126894567374,1.7565319041507004
2249,1,-0.05470443684927131,2.1062769602540703,4.474674343305104
2250,0,1.165672089883819,1.3205561213786696,3.125828799251942
2251,0,-1.036581974869657,0.3898475330007748,0.9525668056234495
2252,1,-0.08451988151147344,1.7856376806178154,4.245506499101498
2253,1,0.675144659894898,3.5817928857145747,4.536866320708932
2254,0,-2.3812673401219207,-0.8387589866099723,-1.2640002928276823
2255,1,1.0337861679388998,3.2915709478383257,5.047073218132425
2256,1,-1.1824505722064373,0.6112403591162312,3.672316380762079
2257,0,0.3319954934569346,1.7085492209935085,2.9381999462231008
2258,0,0.24668314961074406,1.8073724949637668,2.5813433152201437
2259,0,1.084586391463845,0.5323247140372709,3.2933799935366865
2260,0,0.5509243808935403,2.3262403683288957,3.149486809304065
2261,0,-2.377290491729981,0.2558487392270949,3.015123878167093
2262,1,-0.7847792471559913,0.587293784712635,1.719054811660691
2263,0,0.13820512935328008,0.16730494441677501,0.18321724103613013
2264,1,-0.19497988611978695,2.7742683402707153,4.368910388194882
2265,1,0.47761072975677044,2.766347920803681,4.412785805918018
2266,0,0.7893665556697054,-0.3212304346783792,0.028922900106278848
2267,0,0.6084517364296791,0.5432782087384065,4.266942634182779
2268,1,-0.21427494255446522,1.8392405000101721,3.915012079304529
2269,1,-1.8463370111204804,0.638494307588247,2.5334764790357345
2270,1,-0.4554812488548173,3.921155348718274,5.16817983181039
2271,0,0.4163681481389552,0.8585741878470121,1.3641784327296733
2272,0,-1.0904472525504776,0.11105363333180743,1.9185225385394125
2273,0,0.6312747301215763,1.8802334632945628,1.330646636729117
2274,1,0.9083932972673044,1.6073044543413564,2.446118641004449
2275,1,0.12686697629584257,2.7454877035060754,4.3235525931576895
2276,1,-3.063779866312396,-0.8868663554767036,1.651424976895129
2277,1,-1.2780883627118034,0.8629194449408929,2.0327847994290584
2278,0,1.8861891585560817,2.1149271659440716,3.9083165549294843
2279,1,-0.546537793028378,3.106236382681158,4.824657503463573
2280,0,-1.984143223128996,-0.8685386799446918,1.0308910883663174
2281,1,1.2352473883102724,1.1807525802744334,1.6430790397235668
2282,1,0.013355591543672855,2.271453107833561,4.810087429865073
2283,1,1.1049404889577255,1.4084482517696046,3.230537419818553
2284,0,0.2769586752193653,0.31450968481041564,2.294785613773697
2285,1,0.4585591362121688,2.7139727656008086,3.7864024867429267
2286,1,0.3630092477145166,1.2648005927003427,3.161795512106085
2287,0,0.697488311921,-1.2561792579593858,-0.21918830648786974
2288,0,2.2774304485560983,-0.11785530103905173,0.33519531735175523
2289,1,0.9710063359591881,2.0012574865080373,2.715045740752911
2290,0,-1.580339317845535,-1.837524943826545,-1.7340041692587946
2291,0,0.4466615152789034,0.33683803728635037,1.5561014693371304
2292,0,1.1414807681032177,-0.5496522858130266,-0.0782683564968758
2293,0,1.202700806536146,2.500749248826442,3.4112158471058533
2294,0,-0.42660498305909955,2.5371610998479426,1.5660427487525517
2295,1,1.1649444451881277,0.99128623121437,2.6536251997682654
2296,0,0.9277423995512052,1.0350813999032795,3.244216526438527
2297,1,2.57251743696973,1.5113514990940664,4.531035312458096
2298,0,-0.7500017362485115,-0.03431612292906472,0.7287615927940894
2299,0,-0.5074005764004252,2.151249155035678,3.2934217647697563
2300,0,-0.3061190484599539,-0.058524262264471494,0.05199153244938037
2301,1,-0.4902221500387753,1.266895892751254,4.593290146034899
2302,1,-0.890020749763603,0.49046450784322226,4.180222864404406
2303,0,-2.762675505673743,0.8173867259627404,1.4296752555339656
2304,0,-0.4346994737231341,-2.893676544640967,0.6100693966758985
2305,0,0.36935805969990443,0.1680100963783503,0.5616993367829891
2306,0,-0.4932218455059107,0.3061473522127681,-0.04357625695736722
2307,1,1.9353811835291097,1.6195370252078187,3.096989507819523
2308,0,0.013375812715862578,1.3675582515459261,2.150743149014108
2309,1,1.2910290551841355,3.289336000525715,7.659608362765505
2310,1,0.26142041272996835,0.36638661093947555,1.93751156607951
2311,1,0.826407309893258,4.041408846738782,5.147034495913412
2312,1,0.27924155393356226,0.3605136418265531,1.3179030930358289
2313,0,1.3687846319035628,2.1992660712469103,4.613045109670903
2314,1,0.05593935013240072,1.8666095035754144,4.675099121910931
2315,0,0.4961207080887857,0.14513511531282108,0.7588810705769677
2316,1,0.3663329336500437,1.4005329504191768,1.3980154210720306
2317,1,-0.2882854581273188,1.5800015719014904,2.193750935566742
2318,0,0.4049823189246768,0.8299125575411849,3.6321528588256635
2319,1,2.234386246197682,1.4501615224877793,4.385846656276787
2320,0,-0.270396942095442,0.18494095969297705,1.1963229468321936
2321,0,0.4194648928532483,-0.1448333550716202,2.8078927966500875
2322,1,1.2577789508694428,0.86228415818696,4.872166221172365
2323,0,1.1402532809442802,0.024764281825386925,1.2168753360529443
2324,1,0.011716417719365251,0.5535402926203701,2.3383118156325766
2325,1,-2.3833887029573617,0.5648284763622728,1.3061040536587236
2326,1,0.5167028186484662,2.287485751062955,3.9062230273075134
2327,0,-2.2194742586230527,-0.045131923408953514,-0.9753517509336853
2328,0,1.469937230941231,2.91532594594302,2.718927015947206
2329,1,0.16947387119326057,-0.4596108523619389,-0.34837494702918814
2330,0,0.999674019871989,1.269243172175785,3.5535149830696278
2331,1,-0.9021111381810512,1.4357868970700367,1.4939624465212633
2332,0,-1.5525074733000543,0.8499181003819506,3.4893789044280945
2333,0,0.2607543841411672,1.2946915195527589,1.616464505181587
2334,1,-0.03360343995614198,1.5249272178779805,5.0555564366692884
2335,1,-0.4915408261571657,1.725189037009606,3.0618265289126985
2336,1,0.08466128073276377,0.9813291713013444,1.23207465652742
2337,1,2.76743589203226,3.1439107469641323,6.781176823436054
2338,0,0.8345255473690577,-1.1285183879119838,1.440252349195053
2339,0,1.049498605863319,1.591676020408313,1.895524741313966
2340,0,0.8439368915533556,0.7300076232298965,1.5671427349431173
2341,1,1.4794621438521929,1.656776605324569,2.8468730975340284
2342,0,-0.1900716729007449,0.2104452986830503,1.0519042696451824
2343,1,-2.0547613076752937,0.9243753731090312,2.421252259014827
2344,0,-0.1885861330060098,1.7407279205786983,2.3516276348620675
2345,1,0.8117357099965018,5.177014376247463,5.320470122855911
2346,1,-0.9698003951150737,2.6289307056158604,3.6540913115028237
2347,1,-0.17636595048933035,1.0817644289634447,3.5500100024196204
2348,0,-0.6917697430023131,0.9222509013845852,1.5749974101882065
2349,1,1.5020292518431304,2.8239379416104233,4.596903164417343
2350,0,0.7494570154065637,-0.2003236178252511,0.01879124022529688
2351,0,0.651540620643959,-0.565337111027494,-0.045080356096318774
2352,0,0.6216013131209713,0.6231994650195027,3.156467834225657
2353,0,-0.037249252552126945,1.2965328269357967,1.1493057196232634
2354,1,0.1975562825275035,0.14745861715682262,2.707792970347553
2355,0,-1.1851845805323176,-0.5764532418141013,0.23356506298295965
2356,0,-2.1864419787505676,0.4167191153652362,1.2242413827365246
2357,1,0.15008113034502407,1.7867479523740872,2.884407897428474
2358,1,0.3239902562721444,3.2134706974806386,4.72649138268715
2359,1,1.2092645684253776,0.65141191645127,2.6875446499643876
2360,1,1.5713358160823676,4.523565678274165,6.117165876881442
2361,0,1.5699984849989468,-0.5669928980698955,1.0784389029664432
2362,1,-0.9980235932938778,-0.6285707968164238,1.4292635006478718
2363,0,-0.3522650349497693,0.3354077100177623,3.4376613266477296
2364,0,0.48033429588137955,-0.4903586394815955,0.8838982490570517
2365,0,2.5319046777421774,1.220815739277774,0.8149540193073723
2366,1,1.480099203713916,2.0703028821595084,5.329341803740972
2367,0,1.1193971619983802,0.6400449364920828,1.6600537272555664
2368,1,-0.3877879555492906,0.7412525811384337,4.47562035296543
2369,0,-0.8831996311551246,0.6676962632331537,2.961980789507437
2370,0,0.7889078833832395,0.4193352502478022,1.0718494432128838
2371,0,-1.10066126423436,1.2734664914844556,2.775237022508759
2372,0,-0.23843635098030264,0.24809684217760247,0.6064544242336543
2373,0,-0.11477794900192263,-0.4990808075671662,0.4806544290471431
2374,1,1.592912089122808,0.4901630748934569,3.284730307071973
2375,1,-0.35469730295967755,1.4214813776637252,4.2635421231183
2376,0,-2.4392496385726155,-1.5009794629344073,-0.09362356176269049
2377,1,0.5044446476624683,0.5013715402939625,2.477250101739284
2378,0,-0.6990218531039264,0.817750753215809,4.16137028267624
2379,0,0.042631024437746814,-1.2648807538320677,-0.6213749554716077
2380,0,-0.08670470084212364,1.8861819680802752,1.2616403962125526
2381,0,-0.2737039958177683,0.5776051856502097,0.10816509127733132
2382,0,0.7903405817847039,0.6932595435104499,3.3253353899897338
2383,1,-1.5328648783527072,0.20537459594360175,1.6221487004262558
2384,0,-0.5170142249543602,1.10926802885663,2.16492268191985
2385,1,0.6840379131173813,1.9023064403378191,3.2965901430369584
2386,0,-0.6140847753443682,-0.37032207534411243,0.054158490287823935
2387,1,-1.6088067092699718,1.4171826838705974,2.1083254810673084
2388,1,0.6685553432567358,0.21778114753764055,2.6226430295190766
2389,0,1.123094630441539,-0.798398742416677,0.3288402661345302
2390,0,-0.04499520764300634,-0.6336846475939802,0.7923216886808198
2391,1,-1.9608455984695325,1.461273588068854,3.208542853692431
2392,1,0.7059697466988162,1.9085326022035134,3.4238478179103806
2393,1,-1.659887881419688,2.251012901129846,2.2603046995431213
2394,0,0.3087992768481657,-0.327350069114127,-0.8113898097438514
2395,1,-0.8874638247421598,2.008428693058694,6.657587519805328
2396,0,-1.1598392857669653,0.0381776618746293,2.284383249144546
2397,0,-0.4419100170796902,-0.5756181998648356,1.6761823636104405
2398,1,-0.18329755642725984,2.030318403784741,3.1190520855123935
2399,1,-0.6442082503864482,1.440725666638833,3.1213937503246636
2400,1,0.5887032782151507,1.2474917893191466,2.349869652579006
2401,1,-0.44606937845883377,1.6081782736064414,2.0068823027487843
2402,0,0.980190871671822,0.6645268755641547,1.2717915295228184
2403,1,0.28117316564347944,1.6306638811755412,4.813083477733816
2404,0,-0.697557206596308,-0.12186031188969182,1.5793736137150163
2405,0,-0.8659398838322859,-1.0647305040433235,-1.2079664824318022
2406,0,-1.6474962990474387,0.0805165261806407,0.43620121621367763
2407,1,0.2907331778668224,0.9845055796386321,3.5917753871485774
2408,0,-0.3545875472513581,-0.6267051318194752,-0.26859403645708413
2409,0,-2.3721955280635143,-0.4523585025216613,0.15278863669836612
2410,1,-0.5357148727694001,2.2733120823413584,4.36801655485229
2411,1,-0.901034029254952,1.6153032989144955,3.626027044907636
2412,1,1.5756775921706603,1.641561069293609,4.010842015418027
2413,1,-1.7027786118933097,0.6178203585641496,1.4235674624029777
2414,0,-1.4413507997340538,0.7034080222685519,0.8641632748029259
2415,1,1.1099696431056998,-0.36374487651553045,0.5245992005849844
2416,1,1.3567631574639631,2.9043939364386695,3.41440997442919
2417,1,-0.7449829387256415,-0.3975106565480315,1.1387440140166114
2418,1,-0.6320858228089109,0.0949663448343463,2.5848087948597556
2419,0,0.6162353965533128,0.17060478770276832,-0.08643052714051591
2420,0,-2.32709979694531,1.971994203847252,2.779547488582447
2421,1,-1.8611936845055561,2.8190612546626,5.031453731144883
2422,0,-0.28073340085071186,1.122267735541922,0.22938728655043383
2423,0,1.549890566129126,1.3215095481341876,2.360906561223794
2424,0,-0.4357300881667396,-1.4929959944624964,1.0660681883625291
2425,1,0.10093679173515462,1.8870392004012453,4.25916757650565
2426,1,1.133789272564012,1.4909152632092324,1.6472159686597465
2427,1,2.106884733278146,1.5153960863607219,4.395112495427962
2428,1,-0.5768484731483126,1.6817485480301655,2.618642059172174
2429,1,-0.016836723733426057,1.2238389734332733,3.711778558779347
2430,1,1.8220552213428425,3.115916112371703,4.590245390039498
2431,0,-1.5221992751914284,-1.892614550170096,-1.2500868496203466
2432,1,1.0275810705538218,2.0832857435121284,3.5512591890599428
2433,0,-1.0183155323612583,-0.6845918832224209,0.114902733043833
2434,0,0.10247236710315673,0.12110588121525351,0.5743201807248731
2435,0,-0.24261904740027426,0.7318407052591592,1.4597786542246265
2436,1,-0.9580116007012293,0.2952886571795641,0.7280813287286407
2437,1,-0.9831019276582751,1.5693015610149823,3.6633407708973187
2438,1,0.2764143642537545,1.5705861040668618,3.601154185561538
2439,1,0.9955393281626821,1.338074933271916,1.7206506248003015
2440,1,-0.1297362031885032,1.1905066530325292,3.9574760725967555
2441,0,0.07011315873321637,0.3664820564330388,1.2042167285251857
2442,1,0.5711740662910472,1.1035157073241018,3.1795129168182212
2443,1,-0.9716187730129598,1.4156088434217236,3.785846760848317
2444,1,0.739692508412923,1.643731130857801,3.91991187490037
2445,0,0.819343097059747,0.13452039205096322,2.463592169923812
2446,0,2.60362629875041,2.8709301235281064,4.098359861072777
2447,1,-0.3761041905595823,2.0024086653937463,4.761617213508869
2448,0,-0.4580818016681276,-0.020136773123392737,1.0111714843503026
2449,0,0.7689658715737455,0.8765501922968324,2.5379767911182727
2450,0,0.8191041689121383,-0.2810888860998666,1.2863611204804652
2451,0,-0.535087153376712,-0.09729775279159691,2.0364151418425864
2452,0,-0.40316267693004887,0.05897374648273773,1.6997535846560217
2453,1,0.5411308382180404,0.6155453415555294,2.080826028889291
2454,1,-0.8275842407346614,1.8390787757740195,2.8322948836272395
2455,1,-0.4105339880150149,1.0712271009826697,2.739366155784834
2456,0,0.08959276736843465,0.17141116276312657,0.42922827515756634
2457,0,0.9959386848222581,0.2300617463233222,0.37705728196142685
2458,0,-0.6045986161795408,3.277711005789237,2.0287388132552877
2459,0,-1.842384462030672,-0.7153304887832144,-1.633070139018059
2460,0,-1.916597467518211,-2.1436561941412906,0.4584306734665915
2461,1,-1.2594130667061334,-0.27775589097067566,0.6138612460583206
2462,1,-1.3131677181999373,2.0653523072354534,5.506179063416611
2463,1,-0.15461075861990903,2.9900694640971572,5.162301913528754
2464,0,-1.188880153597605,-0.5384612374521351,0.17400471019223887
2465,0,-0.7027549598212041,1.5681231816891026,0.9269670729036283
2466,0,-0.7740858849820498,1.0093642343479292,1.859215952927568
2467,0,-0.4405078608479934,0.17836751075951304,2.982449705558144
2468,1,1.3225043315231224,1.8363050156864014,5.4584426260077645
2469,0,0.6619475894305167,0.8794545032448082,2.2860826738284907
2470,1,0.016129415276003874,2.5822946467364423,3.236852163886627
2471,1,-0.4610262805808381,1.9589866814207706,2.7096160800554507
2472,0,-0.4332326566230212,-0.30677809878560214,-0.24601647350266664
2473,0,0.3277464699519495,0.4241168939592741,2.7678211153123646
2474,0,0.5841690733522902,2.6565141767276113,5.405068427506828
2475,0,-0.9076175061006004,0.4789285454660119,1.4932978792134772
2476,1,0.03648075561423148,2.5802696535668845,4.084485369166577
2477,1,-2.031619568663027,1.6303991166503242,4.572785699578702
2478,1,0.21171378417059702,2.036871879248882,2.9006410952180466
2479,1,0.762149241958686,2.037343672602675,4.041596848594778
2480,0,-0.2800686268808754,1.3133700372607167,2.720322311430672
2481,0,1.8165269961401054,1.763600334152715,2.264105126204337
2482,0,-0.8812384474360504,0.4995219437807335,0.687360032902216
2483,0,0.21744041530326128,-0.1285304009569097,0.20122010291613945
2484,1,-0.035824746665955476,2.074811381548685,5.28437328820358
2485,0,-0.10029766744340833,0.4029027632988941,3.2972105068673
2486,0,-0.11432216800474763,0.15744743825349983,1.2493755348891111
2487,0,0.10710503000947168,3.210907483968909,3.964109902928016
2488,0,0.8479587434636998,-0.7846636846687176,-0.21491301096927384
2489,1,1.3777362362747443,3.071833729939906,5.149127290645184
2490,0,-0.0022502445041573905,-0.36334601760507784,0.08598218205730113
2491,0,0.8153160721716332,0.875790310994886,1.9418232830739919
2492,0,-0.7017669462667825,2.85805743521015,4.130936868960717
2493,1,0.765955452726233,0.967417640993807,2.515295788748685
2494,1,-0.7619915238269903,0.7475298880246392,2.2055435206451435
2495,1,1.0906599360881322,2.0096842436748394,3.8423617458201607
2496,0,2.2106408773932396,0.31597530558661013,1.4405400463391191
2497,0,-0.12208388797139179,1.3474311845488836,1.8815665299383943
2498,1,-2.1925434908074086,0.5077075166944824,2.631395421469807
2499,0,-0.548072933244823,0.98958776017589,0.10923714455048295
2500,0,1.2318751342893033,-0.4596265915132782,2.3610282943458456
2501,1,0.5530767870252449,0.059091533953347986,2.105236354561394
2502,0,0.24891359867502955,0.34568910064945935,2.00548939637098
2503,0,1.008668355954839,-0.7659073312511433,1.1609041230887
2504,1,0.484453439248422,3.363604944539977,4.55243647235909
2505,0,1.2177251874511363,-0.6644859342596571,-0.3352994529486715
2506,0,0.9194236766469855,-0.2618595846766022,-0.11024413400103217
2507,0,1.5217004527369589,1.370130021295698,2.4274020820145013
2508,1,0.35879608390625434,1.22127487510987,3.7922387834421496
2509,0,0.9052594014939547,-0.7468101494194175,-0.14952029434145064
2510,0,-0.3071270730857854,2.447826038146224,3.994332263707372
2511,1,-0.6014608115590059,0.5179279533727241,-0.17028542780027633
2512,1,1.7067676404189733,2.0157724846291427,3.7715588107376883
2513,1,0.21620467632268803,1.555668882790776,4.566047185666877
2514,0,0.804880565862379,1.4517733217252915,2.4417781458648316
2515,0,0.12374001441139017,0.999474464994476,1.1950788317105876
2516,1,-0.5865156509199643,0.6972442669930049,1.7230979146714147
2517,1,0.010982892582401323,1.3774676503314136,0.15164166577967997
2518,0,1.4359940177677142,0.7038757717884986,0.9792726049301206
2519,1,0.555240074279424,2.615531520482389,5.583820907850856
2520,0,-1.711473159730459,-1.181763862777739,-1.1066612616200624
2521,1,-0.2152444565761547,3.6535372197829354,4.945943966466479
2522,1,1.782293792704712,1.4755047503519694,1.3001513218565042
2523,0,-0.21379686184995605,0.42711154468841994,-0.2464856207941335
2524,1,-1.8004786917341806,-0.0001330472134959404,2.6298203930394206
2525,1,1.8930488854225436,0.969755653986146,3.765659511732216
2526,0,0.6823925098127926,-0.16971065613378622,-0.330671185610659
2527,0,-0.0700128588128004,-0.4915270753080952,-0.13610203864387543
2528,1,-0.37141773608206863,1.174317655020549,2.870861764805352
2529,0,1.0823519297917354,-0.15425944982622009,-0.13391679602462903
2530,0,-0.5419834002261925,1.032957401226352,-0.07958316233248719
2531,0,1.1482564245159883,0.061493032036421535,1.1319339295001836
2532,1,0.542195285724256,0.9688430922653616,3.4498907115834534
2533,0,0.24468192548734993,0.18043571352893628,1.8212294183563604
2534,1,0.14551480533559535,2.7364933202969732,5.440833666906238
2535,0,-0.17496803671417813,0.6623857625961458,0.07383489347348648
2536,0,1.0456401202092658,0.7140025061753099,1.981032440044102
2537,1,-0.8653428321018342,0.007352380400770686,1.3658324497512822
2538,0,-1.6219251268302093,-1.1292859979127723,-0.5408917087760066
2539,0,0.6144401228924746,-0.5940779031718812,0.3170284877724764
2540,0,0.6312383280671477,1.996222722092491,2.462022207098405
2541,1,0.4802411525117667,2.3746354688851774,1.2528932451719261
2542,0,0.4077283696180388,-0.23930199803878238,2.004072696455499
2543,0,-0.32054037833754784,-0.16053375732691977,1.1053483324806597
2544,0,0.7874827043855253,-0.08904536492167636,-0.4158386115810788
2545,0,-0.04555812675454088,-0.39952865440707086,1.064491373234776
2546,0,-0.4871135608151781,0.814166962971627,1.2694394438071215
2547,1,-0.3118913122553999,1.318896385539067,2.637545806670257
2548,0,2.020639698775832,3.187359653930213,3.823072992196346
2549,0,-1.7349760820454327,1.2298669999033685,2.4198022561465464
2550,1,0.49978810429579884,3.159416771755462,4.259550821098423
2551,1,-1.6791104276237172,1.8676238466610111,2.2349670750456676
2552,0,-0.10823333832297323,0.04487092799591896,2.15496907093732
2553,0,-0.4336274851541877,0.9677026389833278,1.702095732185765
2554,0,-2.085028296679878,-0.47434118353262134,-0.03883323286080484
2555,1,0.389037590433763,3.4469873278584915,6.01725896622191
2556,0,-0.3800380621921959,0.7902679643922619,1.0466736511076462
2557,0,-2.099206342561244,0.13259845583464197,0.24460401467550774
2558,0,0.8395680907742521,0.8789430896617847,2.3525719775394704
2559,0,1.435006177988935,2.670768280757539,2.41639191389156
2560,0,1.490124342296572,-0.48671303114781406,1.0324108840797148
2561,0,0.35895644065147114,2.4459747598641677,2.7620545888130943
2562,1,0.04605813857711549,1.527663634118997,4.192347854289569
2563,1,1.328156620895797,0.692298010453088,3.3045926614821566
2564,1,1.6823835853400984,1.4525053439589732,4.003530418002024
2565,1,1.133568702875625,0.3892633481391048,0.8090184401596725
2566,0,-0.9415376022298011,0.8711954649166997,1.5794925492969196
2567,1,0.2013448532149219,0.7221105056179571,1.385112915846664
2568,1,0.4395161442914286,2.0005225094921286,3.851561835373388
2569,1,-1.8096169689172292,2.2913319394906786,1.4141288688174938
2570,1,0.4693606596207741,1.1687912693200955,1.5218311328690077
2571,0,2.272991825979389,0.9137938547694244,3.5574258288054894
2572,0,0.6399361658007914,-0.6113857601757783,0.8856546489909405
2573,0,1.4734130814417563,0.5536668154813291,1.4945335842900134
2574,0,0.18291473012870507,3.128898044311984,3.2567376676515027
2575,0,-0.07321832398382148,1.2559676669152953,1.1570700845314381
2576,0,0.3812713900809755,0.34965099813068773,1.6260610312354087
2577,0,-0.8158266479844326,-0.35643603057704487,0.1367663302337226
2578,1,-0.9637751872343886,1.36823404817325,4.522126194043649
2579,1,1.2663045571693656,2.2099421193444493,4.078439310767973
2580,1,1.3723423428665182,1.6926329957141975,3.825821956532035
2581,0,-0.9911063155873504,0.7327273010949241,0.14600256992208305
2582,1,0.9679988045538644,1.0369521513057505,2.6698526870393837
2583,1,-0.08695997560602091,0.7155243323339255,2.6751237422807077
2584,1,0.33980857449043056,2.172138029397334,3.6673140330822327
2585,1,0.4602186394350634,0.6694238382661213,2.0758390325789016
2586,0,0.9943504681243184,1.5273223932998352,3.053102112540022
2587,0,0.08271820186318887,0.5105348481620232,3.0419017700956505
2588,1,1.410161995301936,0.29513937987336747,2.5221411492415817
2589,1,0.30941283975992473,1.902322977488924,4.908391828914047
2590,0,0.6241842724695326,-0.9978913428481349,0.7485478891645538
2591,0,-0.8332625915372465,0.9433832321944874,2.8610840885548887
2592,0,2.158659010704834,0.898883373960854,1.7208952527551833
2593,0,0.4698249232049664,2.4920316934683093,3.379069183124901
2594,1,0.7129974253450992,2.985212071976137,4.725037986280492
2595,1,-1.6081858112115415,0.1568517504047129,2.1814918247263804
2596,0,-0.822702023079101,-1.7675504707651477,-0.13967805316910376
2597,0,1.2378836879187305,0.1162638495842453,1.4888967782798825
2598,0,0.2868911182926047,-0.6351912673425897,1.2988935336917953
2599,0,-1.913779734828926,1.7516041664284163,1.8055167424812582
2600,1,1.038289928983819,2.001172319414994,4.8942078581108825
2601,1,-0.5437828043527234,2.4702839628773496,5.177336844192673
2602,1,1.411316985876712,1.8383641832124276,4.598123926312433
2603,0,-0.08783567860369966,0.2939818081382445,1.4105844558987175
2604,1,0.20470668602052994,1.7287849832972506,4.283049652906323
2605,1,1.1789545785916484,3.160225692169941,4.302012142649781
2606,0,-0.8974929708546623,0.5423768644181999,1.561240534607476
2607,1,-0.9928468078339396,0.34481211417315305,2.2467532294314876
2608,1,-0.19649842039810733,3.263564611966985,3.694749264735879
2609,1,0.8271727996212221,1.6553363409000534,4.095355153763819
2610,0,-1.3308772526134907,-0.35478329966069566,-0.869777475865209
2611,0,-1.6680345998890966,-2.8299156822157636,-2.591440900103014
2612,0,0.8237209270437923,1.381515869274475,2.586021013959532
2613,0,-0.6029783125670037,0.4201191458917822,0.5687870987455748
2614,0,-0.3922260129202831,0.4822578527258172,1.4863666887620788
2615,1,-1.8568104019401659,0.7401322083071322,2.235327118355319
2616,0,-0.6789793143519821,-0.2789116344383774,-0.2348891366676148
2617,0,-0.007567296631150636,0.12814938418022498,1.694610383678326
2618,1,0.9303778576228922,2.442274228414147,3.664193296632494
2619,1,-0.7712301662346388,2.107748723162959,6.041477064650726
2620,0,1.6573761202324966,0.7661812476951506,1.9881776484110452
2621,1,-0.6845560241798007,2.443570687062819,2.9353653372368265
2622,0,-0.6830918015851747,0.21609827850696994,0.09513815197616304
2623,0,1.5373575518978022,0.45698084744568523,2.912032822523547
2624,1,0.21146015236391716,1.9618536206165396,3.3949940013708693
2625,0,-0.5520247290115766,-1.024993837197333,-1.4991625908296167
2626,0,-0.15513313118059344,0.6861783697250705,2.508864490616719
2627,0,1.3530735775420593,-0.6362600322637538,0.2187807954665753
2628,1,1.4662028196256818,1.1121338859039402,3.858793960948428
2629,0,-0.816793179270256,-1.7637293604977011,0.00847802930437469
2630,1,-0.042433810079108215,1.5121529043047668,3.57812968109749
2631,0,0.09015682766757308,2.136680750609366,5.550619511828214
2632,1,-0.9862401105165975,1.2870513057635857,1.1650607907270423
2633,0,-0.05568505264999431,1.126879863638129,1.2977927778363214
2634,0,0.005322860451700487,2.853910755447899,3.5990253229342817
2635,1,1.1402094789367356,2.4461186918011166,6.7353341161965865
2636,1,1.207425028311201,1.2970154639053382,5.136502939669791
2637,0,-0.32920939835900803,-0.22633142224353964,1.996517565478575
2638,0,-0.21395314386081168,0.4364722650647628,0.5995576955466901
2639,0,0.6642923020556356,0.06639304535576629,0.5217367659964638
2640,0,-0.5851884489270115,-0.23364353449153535,-0.17924125941739177
2641,1,0.5886401517374027,2.8618459547807107,3.996147097087429
2642,0,-0.08790648736921473,1.4997843345614479,3.9749076443635794
2643,1,-0.9693985777386207,-0.23771205537025009,1.124641105686182
2644,0,-0.9568367128796466,-0.6052205317641136,0.09191396101601468
2645,0,1.447058696031102,0.470113221895938,2.53391174802559
2646,0,-0.1564214791432986,1.0521625024222625,0.3573502325596283
2647,0,1.640354093898311,2.1351818166751495,3.5158984567239506
2648,0,-0.5136362607149101,3.047877056059411,2.8482780752435084
2649,1,0.2912052011314934,1.3216882640567866,2.8855143837247668
2650,0,2.3926767230182415,0.8020743025634436,1.6941889532078793
2651,1,-1.0573867446632792,1.9713539922387304,2.9218958972748177
2652,0,-1.8978144998997766,-0.7515610689247922,0.0944578378016172
2653,0,1.2865901312872332,0.7450151778956529,2.223546606545611
2654,0,-0.8268091053930736,-0.1630808404014678,0.4517367492859323
2655,0,-0.020706364106233777,-2.127865831136049,-0.7613227609661396
2656,1,-0.5859182104515849,1.6474577670160702,2.461659584072204
2657,1,0.2681627809553161,1.5980878749838046,4.133306300214295
2658,1,-0.9505362071857422,2.686070188101177,4.089763924506422
2659,1,-0.1799400878833061,1.6515083811713631,2.931856801456805
2660,0,0.4498153265565342,-0.6198028803472121,-0.3245986267388866
2661,0,-1.008308886274262,-0.06059153886180191,0.496349223416664
2662,1,-0.7000840296458889,-0.6011080520303949,2.92951439888635
2663,0,-0.3473828335985318,-0.8151326852792021,0.05207697789850187
2664,0,-1.4288154342262782,0.7068613378851142,0.2766947148964194
2665,1,-0.4225609827987464,1.325891265206713,3.9601981354320097
2666,1,0.11879653990290184,2.6581472014689362,4.009978073657763
2667,1,-0.39954894158842846,-0.3867569333545764,1.6170922826802083
2668,0,-0.27137649293172456,0.17612565479672965,0.5161898057838067
2669,1,-0.019901670906585355,1.218517000340239,4.295309982302092
2670,0,-0.655743462432314,1.2591255438835118,1.5372170947510848
2671,0,0.6910625658668772,1.3800815379266858,3.9161520296775976
2672,0,1.4359781248017758,1.5730455875288305,1.8109806279603993
2673,1,-0.46438039219544847,3.102095920425467,4.516313456270898
2674,1,0.4851982314777071,1.4774723601567457,4.774507792359069
2675,1,-0.23961715543464693,2.963195688670325,4.883446482364734
2676,0,0.3654873450385047,-0.4345599473681846,2.910003463445149
2677,0,1.5657795312032543,-0.1111438904047175,0.9328715665979161
2678,0,0.5086595430180988,1.4053444344037684,2.764119195968062
2679,1,-1.7734145388096807,-0.3367651000517058,3.0137012642351757
2680,0,0.4539956314469589,1.2089643178530456,0.7858402274001692
2681,0,1.2328637433090093,0.9711723167140289,0.579995032194293
2682,1,-0.2215961699981027,2.705373877655442,3.665546466446414
2683,0,0.9956348061178324,0.7392464768804603,2.7517461275773525
2684,1,-0.690115541151946,1.5490142839499432,1.601139992387615
2685,0,-1.4855391595222738,0.5636032450682238,1.8635444697257886
2686,1,0.14116901883264016,1.0797011555900136,3.434641653845435
2687,0,-1.7564767207463141,-0.7331493237141155,1.9299455653385786
2688,0,-0.23977101289359176,0.9024981359753419,2.900028858908996
2689,0,1.286842262645503,0.8567648696630135,2.47818355968989
2690,0,-1.9097629057462808,-0.48024278902816453,1.4969375649755394
2691,1,-1.2794967959138979,1.2333668615281632,3.316371443460251
2692,0,-1.0320322451615775,1.7849498342898567,2.118473330630339
2693,0,-0.06331985971095996,0.03798563534681948,-0.11928411364423397
2694,1,-0.36571678564620924,1.1182653510241216,2.275756390201799
2695,0,1.3991363816960873,-0.7877033101536688,0.4520500916384311
2696,1,0.9543483290916974,1.943951560570394,4.109839631738337
2697,1,0.49527294606859795,2.5054653950609715,2.269324386187932
2698,0,0.14563031434388482,1.3798872099840336,2.1894529379288166
2699,1,0.3932297769848273,1.9261865347259806,3.8334142596723906
2700,0,-0.861982355313375,1.197238866486871,2.5723798403040368
2701,0,0.8572103535566122,1.4883935079472255,4.286636461164898
2702,0,-1.112044254359201,1.2793369533845023,2.2425816379579318
2703,1,0.8353769939022309,2.9349157536482307,3.9924282761809593
2704,1,1.186142502118831,3.6258209467429006,3.844970063565195
2705,1,0.2108646020880872,1.5935662140601765,4.122750092590175
2706,1,-0.17621305896197587,0.3200780399498988,1.2157480686800903
2707,0,0.4003099083096733,1.283811716178322,3.2307106750016037
2708,1,-2.861518370100673,1.6220976782925742,4.2472141564350085
2709,1,0.30225821848546125,3.360672858926778,3.677049736644696
2710,1,-0.11335399783980703,2.947284156817764,5.278505916008765
2711,1,-0.05062811305699102,3.630284021947468,6.712780809675414
2712,1,0.7065325128978275,2.5318137341958815,5.492159562055729
2713,0,-0.07476892156472781,0.7063799154692099,-0.4049533057541912
2714,1,-1.140206856651158,-0.0270451783210941,0.69126140555497
2715,1,-0.14140267082537805,1.9656757332664667,2.457214693350968
2716,1,0.06755548408082447,1.1677632883529294,3.5047471403161454
2717,0,0.11493391158101274,0.7459901869067748,2.182303592708475
2718,1,0.16191936728506806,1.8030889964951766,0.937580992011565
2719,0,1.0393690449185533,1.283544302325701,2.19058648998157
2720,0,-1.0860345530341475,0.07685892455124511,1.6603718442855224
2721,1,0.17570045616484992,2.6877303275820394,4.670846410039132
2722,0,1.289929698618241,-1.8361754032895856,-0.4319225440660762
2723,1,-1.7346114969371953,1.369610126076686,2.4576941399705365
2724,0,0.17964668078005355,1.7563837833865779,1.7333721784679104
2725,1,-0.5853785019730434,3.3944349578643016,5.060303433579209
2726,1,-0.37071038447310495,2.320748223043131,4.098699597383635
2727,0,-0.904807503214422,1.9134407716182122,3.3477337913082836
2728,1,-0.16955071570044408,1.8180707810486092,4.280660562203982
2729,0,1.8412556144269043,1.0552392602551344,2.5093518023037564
2730,1,-1.2644303611772136,1.8500865348745874,4.492108827223976
2731,1,-1.1696100024788274,1.3459227163652867,2.5370760477337506
2732,0,-1.3019345701635046,-0.672937839066412,-1.3773493229788463
2733,1,1.727418286628101,1.7029852418565308,4.325522568600357
2734,1,-0.46233970552128695,0.4491451822674566,2.2830567955524543
2735,1,-0.025639060347674214,2.220685376760942,4.51248908037127
2736,1,-0.4027829411062397,1.5905569301686053,2.04554899366443
2737,0,-0.9444228784030915,-0.14361298027902497,2.4582985326514013
2738,1,-0.2351506466144354,1.062771049178379,3.5262433335191337
2739,0,2.45824360573656,1.7425294279205943,2.9461812580687803
2740,0,1.392070920974255,1.6980694569023465,2.041030495132552
2741,1,-0.8529378177922723,0.31360465815713545,3.02017050503093
2742,0,0.6475741030616857,-0.593412438857112,-0.5656674003086313
2743,1,-0.8315227726663764,2.4050531238211024,6.300113394079896
2744,0,-1.7763676388462208,-1.408043530142462,-1.3765219978110372
2745,1,1.0195109176646295,2.5533401091218733,6.27774750726041
2746,1,1.1600928466435507,3.664937052747078,5.512481837003072
2747,0,1.0460522510478993,2.4330504787075045,5.223007637737393
2748,0,-0.46986524921957273,1.0969130158662197,1.2680714591957893
2749,0,-0.16677573400198623,1.1587767951215249,2.1442580268678273
2750,1,0.7497655536581233,4.176837116293892,6.931539557196083
2751,1,0.3914960373481072,-0.5169468516893387,2.0234294924761054
2752,0,-0.3936374712970443,-0.0824269174697484,1.9396074219287263
2753,1,-1.6190718201181646,2.062770303041152,3.0514838242159548
2754,0,0.11387519414201226,0.1968755504006467,1.3044589620788603
2755,0,1.0790096392361133,2.0634812003778684,4.527671704223162
2756,0,-1.1975882890341571,0.10136945297956021,0.15659629345377724
2757,0,0.638759381675977,0.8233716748403906,2.523664612293988
2758,1,0.33154169513369264,1.52478784429417,3.1719359435431587
2759,1,0.7501482632323336,1.4025335201616393,3.5584372793907115
2760,1,0.8719754997190072,1.4144826867680502,3.4734280031263
2761,1,-0.694465241925353,1.7628267242591704,2.6356505250891358
2762,0,-1.616959400164946,-0.7596527858723507,-0.34373785802778767
2763,0,-0.5335195256828793,1.2931490257864238,2.331377372726554
2764,1,0.8891273175270074,2.6199641198609256,4.495065584654198
2765,1,-0.542003903525971,2.636815269912049,5.9011504390010945
2766,1,-0.6940433238576419,0.3628626468497087,3.034009538894541
2767,0,-1.8213503419246384,-1.7458816493638354,-0.8201712192552666
2768,1,1.752647554550939,2.221608510733518,3.6089918389242035
2769,1,0.8257136414253099,4.846514705987114,5.987634342374222
2770,1,0.7698959812747644,3.197177572477,7.124967804012364
2771,1,0.9677253867794737,1.435871307527129,2.41953094881083
2772,0,0.5767083615434017,1.0975246428943615,2.3267259333535657
2773,0,-0.24432885517952907,1.154288250889825,2.466371194202598
2774,0,-0.16376410412220166,-0.9175174719695218,-0.2615939442772682
2775,0,-0.4275643645921248,1.7413565596569673,1.653639922161183
2776,1,2.634740754415,2.3229980995035593,3.8650496113800723
2777,1,0.5559120312994426,1.7760927647819722,3.140770168737832
2778,0,-0.46380044135143456,0.38464452702842533,0.5823915696603592
2779,0,0.4654967741662798,1.784189171557779,4.2050089195719655
2780,1,-1.0108689178563175,0.6415571664416968,2.2302573893978046
2781,1,1.504506718589227,0.44438201079231576,2.021482253362549
2782,0,-0.6610690958071401,0.6246345641579025,1.5993787888636801
2783,1,0.5010854326224657,-0.19333245638638918,2.3748405354330187
2784,0,1.0659776297431345,0.5186896937874003,1.387265513678447
2785,0,0.3847685442049928,1.802304853120316,3.78123985713723
2786,0,0.09446999181963821,1.1074349010546296,0.8551821250619986
2787,1,0.010802084856015158,2.7455966911820804,5.719060740269697
2788,1,-0.056441096887107134,2.303419036136697,4.0831784769870545
2789,1,-0.5766984889275022,3.9373249421051577,5.573972892567929
2790,0,-0.44948342976970423,-0.2230846565877263,-0.005995667006519878
2791,1,1.479590373650935,2.542008789103604,3.410076733320377
2792,1,-0.10853663268515668,1.2293185389818027,1.3409392766293804
2793,0,-0.7857962693827731,1.221062389100039,1.3011264662736985
2794,0,-0.5162975968615086,0.2835358448910515,1.7679495461211023
2795,0,1.100370680697223,2.548956083653212,2.8077517974879944
2796,1,0.6756066331644784,1.371866034547367,1.7585391754559538
2797,0,0.5603291782322569,2.0752252791866614,2.2782258039953263
2798,0,-0.25752119890979147,1.0158831708710334,1.5795456135847599
2799,1,0.5733624701729451,1.8395476719649029,3.4087189433371385
2800,1,-0.643561124950648,2.04937400037473,3.5917688671418353
2801,1,-0.25961403134577454,1.8833801781254598,4.664063717908183
2802,1,0.9698044873917454,2.3468960264693335,5.590111362039171
2803,0,0.8742776789190644,0.5554122305813284,3.735730271754463
2804,1,-0.9819098459508032,0.7038385386597678,0.6825492527710388
2805,0,-0.8555264529085758,-0.09172905583510332,-0.11871826675315322
2806,0,0.10870215281340967,-1.1505343321041996,0.5696912555182364
2807,1,1.7261323746695099,3.0597880449334784,4.7509833043423555
2808,0,-1.9155651644689942,-1.309833521516178,0.16783991543925525
2809,0,0.27833293957050426,0.36585282663545166,1.6286328446643796
2810,1,-1.3760433315731482,1.9352320420090887,5.039227585731258
2811,0,-0.6343309935255456,1.1490974190422476,3.0649473342698244
2812,0,-0.3644284180642414,-1.383980462256511,0.6041504806896222
2813,1,-0.4205083434368909,1.4819994217438548,2.7860261443627805
2814,1,-0.5337959396592085,1.9996059175510594,3.595385883650946
2815,1,0.007207060376370152,1.7541782273752378,3.250366181883156
2816,0,-0.5352555666305784,1.6834982876843712,1.0705550307083485
2817,1,-1.4624573848541527,0.43945588462915197,3.4187336631538545
2818,1,0.7798696125227764,-0.11508024643336379,2.5862809849144037
2819,0,0.7528721671488805,1.5361876669131855,2.341734976262024
2820,0,0.843174310022669,0.21586617338831304,2.68909354285282
2821,0,-1.5407344962640819,-1.7207609464652225,-1.6592754924651945
2822,1,0.29891815258415083,1.6311630552087715,1.6528122172703261
2823,0,0.6759788558069234,1.9333516326737783,4.075917156728777
2824,1,-1.031202068439585,0.12738676165542628,0.442586114851512
2825,1,0.009173248182129144,4.038747928401906,5.644807112414349
2826,0,-0.11626664531036575,-0.3727615881297716,0.8101081235919154
2827,1,1.8421506585682637,2.339656051696229,4.8935515281486435
2828,0,1.924496037012573,-0.1417836067438365,2.091516656862474
2829,0,-1.6643563933302008,0.042303430696953956,1.2902835782984257
2830,1,2.4939270057279894,2.31443027995972,5.163108207667345
2831,0,-0.9152257211533239,-1.2640616186770843,-1.2378585449642405
2832,1,0.9806732943274258,4.8200289572491375,7.1104071733822805
2833,1,0.9704979808637308,1.4958122252404245,1.9843618513630645
2834,0,-0.9956902268418067,-0.29316962535857055,2.0698300277258976
2835,0,0.493267793839099,1.6170162175053842,1.3131049524549798
2836,0,-0.10753374426606396,2.28199476006865,2.9140481724590925
2837,1,0.5543300046323907,2.99273586939402,3.584727631293715
2838,1,0.2306723023806257,0.5680215676876013,1.6839897422980745
2839,0,1.196339485370247,1.072810855105737,2.3255071676118377
2840,1,0.07539954314606226,-0.15875261944117613,1.1275691906720344
2841,1,-0.16787406942631122,2.5513428604944632,5.462014304754822
2842,1,1.0960642330571804,0.3936311313866918,2.639744993960924
2843,0,0.5803959648586033,-0.12908253415165605,0.5240869295914716
2844,0,0.7318133943208879,0.7163425142649557,1.7291232631550868
2845,0,-0.6645866722585968,0.7456305594634332,2.8324136820676493
2846,0,-1.045262781398474,-0.0745134578148613,1.6253048691899101
2847,0,-0.5677221432527015,1.8487670337570712,1.5964517110911198
2848,0,-0.6208213856805886,1.0369931664881027,1.23217717521238
2849,0,0.7861992686529143,1.380584534660083,3.0126142070750372
2850,0,0.9759840502940518,-0.4366056868964481,1.111957709189402
2851,0,-0.15513028953240038,2.1528288106856825,2.0714212113804393
2852,1,1.4309190188243524,1.3262105613687942,4.161520954440289
2853,1,1.3684693937651298,3.8480832511166327,5.030902989683263
2854,0,0.24339891640053923,2.5952147318457333,4.947721288982183
2855,1,-0.82189177154304,1.9660890009008631,4.131159802841877
2856,0,1.5753766494355401,2.0046260925100827,2.1877769717514695
2857,1,-0.06101735102840823,-1.4012249683653912,-0.1425051400344846
2858,1,0.1261651964309746,1.542847143438915,2.8216195681964855
2859,0,-0.33960502560656863,1.500284132237569,2.5922398484185862
2860,1,-0.8897903262971976,2.357573170424925,3.775638207152995
2861,1,-1.4686394303152919,0.03968483280553481,0.40046803336069314
2862,1,0.6328683235572881,1.5961384571993127,2.1284529756881945
2863,0,-0.7834010538966204,-2.271385821370133,-0.8790426977515956
2864,0,3.0595312289968235,1.8308522088718004,3.7289953192353282
2865,1,-1.086073582612479,-0.5091504760105674,1.1791723646719685
2866,0,-1.25738247498137,1.2532631002931607,2.2725184642573475
2867,1,0.5101387156134412,3.0357664754014415,4.318875070999095
2868,1,1.5293134789672953,1.6844272292836902,3.974282282852293
2869,0,0.06458965694322165,1.040652827537055,4.592076323909967
2870,0,0.5722424201872743,0.4545740019956738,2.743589606780272
2871,0,-1.8435474174587096,0.18884416977725324,0.531726235325674
2872,0,-0.6775115456917667,-0.85051288695068,-0.5093869431902733
2873,1,-1.073615729137567,2.000407904498639,0.7252453611795593
2874,1,-1.895045849947881,-0.5096989852087808,1.9799859977863412
2875,0,0.11698023402388695,-1.2948360921222157,0.5151653084573744
2876,1,-2.2428276216104335,0.9052233968498781,1.7128299032512986
2877,1,-1.3221959660874487,1.0920979305624858,1.1959510544678684
2878,1,-0.537193794013418,1.811143592347725,2.3484373903553157
2879,0,-0.8312858359510763,-0.3988932410216518,0.8792474542675558
2880,1,0.3964085022070677,3.70461421644771,5.494555183226608
2881,1,0.30558019190248,1.9522790469501858,4.504987102937963
2882,0,0.8937987459354568,1.0010214022968624,2.2662242898521368
2883,1,0.7523837327126781,2.122948997220849,5.040184575879869
2884,1,1.1408127893613809,3.0451537057564924,5.442891404021015
2885,0,-0.0019184000090541567,1.075441894481748,2.9038535946406183
2886,1,0.3034669008166697,2.23305796995328,2.0040679391946767
2887,1,0.5115137019191913,2.5894382154413482,3.257395385327727
2888,1,0.1416566973910257,-0.08211762782988363,1.3818620417606944
2889,0,-0.3971943099170739,-1.4060059435608996,0.5941239793559276
2890,1,-0.3324425343397702,1.524208494396625,5.1382497135964105
2891,1,-0.8175583983299655,1.2570585978191082,2.7293111357662374
2892,1,0.4216168299098296,2.406294893021157,3.679038195114943
2893,0,-0.09401517408515554,0.4918123499579587,-0.4819592291168755
2894,0,-0.6631737506367649,0.8829128092631812,2.613841823208992
2895,1,-0.6622448193245927,0.25573128464133643,1.3730917455819411
2896,0,-1.2103987277827886,0.1261358112564687,3.842390735058066
2897,0,0.9788413412371997,-0.5474043355866243,-0.09103998737369756
2898,0,0.07861766953178756,0.9104432352309371,4.031441865997959
2899,1,-0.8628000195732701,-0.43712504823530174,1.9386823314375112
2900,0,0.8085477496020183,1.090874423421485,1.2243195740205217
2901,1,-0.560448809794373,0.06286597616457579,1.982920002849288
2902,1,-1.4065006270122327,0.8945220186745346,3.1846024198225544
2903,1,1.021222289219133,2.9012943782149887,4.680286643542233
2904,1,-0.5370969895661131,1.7662508917285833,4.29681420436766
2905,0,-0.4088990902087895,-1.2683299507869379,0.46584739051996416
2906,1,0.04118002034917748,1.0399601614107292,3.4445346660746963
2907,0,1.1425892227901149,-0.6586017586397674,0.5534427178707498
2908,1,0.020037290866311695,0.011252687654700111,0.6403200565218359
2909,0,-1.1991171261452302,0.2579280382904052,0.9413192375861257
2910,1,0.5438770041121802,2.423461444793757,4.508301509332036
2911,1,-0.48498972426172404,1.9951090034371721,1.822060187547003
2912,0,1.8879239715294662,1.6690040063385907,3.2158241166358277
2913,1,-0.0011197219978901704,1.6877532325148143,3.3907280233050927
2914,0,-2.235035497898666,-0.4439008681195676,-1.1875340384842552
2915,0,0.357364972155674,-0.46585983541561216,0.2726067683237658
2916,0,1.9445977922602284,0.6432996659275696,1.7203728775453164
2917,0,1.5759202885453896,-0.3485722987625537,2.896706292439943
2918,1,1.8309542887565653,1.40412075950005,3.79042996342873
2919,1,-1.0197601853814635,1.4829988148236029,4.115092029061909
2920,0,0.9121523959767788,0.6558396312521114,1.7204548059568183
2921,1,-0.7219945397367117,4.548129675973763,4.329814251191337
2922,1,0.2242893994169245,0.42149122232006975,2.938690951025078
2923,1,-1.2729524287397325,1.1930155505462983,2.08023833521081
2924,0,-0.6444557648827163,-1.117068840668539,-0.5815601236329928
2925,1,-0.6762466973636153,1.1093401148209645,1.7211195262327708
2926,0,0.8985552801426162,0.42247340192760025,1.6749523218774833
2927,1,0.8007191216696554,2.7850957627340347,5.810417948690419
2928,1,0.2768197293308208,1.333379379581325,4.121481433922115
2929,1,-1.3504214180553855,1.1035539745272254,4.219659198701313
2930,0,-0.31163943394972,-0.02380979265713551,2.641821778507032
2931,0,-0.746116482942726,-1.1248866889400269,-2.319984215786796
2932,1,0.869675756694491,1.3088003552152396,2.089114945625006
2933,0,1.1781848528171845,0.47151874076133765,-0.10103586700177836
2934,0,1.056385586030883,0.8907415592156493,2.733949086811416
2935,1,-0.7552194194170205,2.032381461399719,2.9882557937171623
2936,1,-2.739533122289479,0.643543553602127,1.4064565973003014
2937,0,-1.7669618981300543,-0.28226483342036307,0.14774535502617075
2938,0,1.4216269780822084,-0.7943250650623905,0.8725710186448028
2939,1,-0.4012549393198239,2.119358035460404,2.3537859995899835
2940,0,-0.7507246182651125,-0.4211152726295745,-0.830123658916684
2941,0,1.642660293436234,1.7399213262606459,3.0697495914789994
2942,0,1.2651599454883269,2.195987931500694,4.647765856752827
2943,0,0.02444872191978665,0.31941958988293084,1.2989119310158035
2944,1,-0.2934030910639739,0.5886677919149157,1.5383274673200888
2945,0,-0.13210121281312523,0.4436710230697643,-0.7309578998304971
2946,0,0.22716279838746606,0.9168508375348783,2.9149589822726503
2947,1,1.600047281319608,1.8644941831491615,3.2485719900226027
2948,0,0.4224674242372267,0.06270181789184404,-0.00024161301243164068
2949,0,0.7260290330391413,1.2813409206091562,0.7112215007582035
2950,1,1.1692701090701714,2.5483593074152466,3.143112518087315
2951,1,-1.169676001024419,1.0028075593655168,1.6076581387067808
2952,0,0.7548618924740429,-0.927607597518477,-0.01548395521781945
2953,0,-0.29456875466161137,0.868007558980969,0.6003521032879897
2954,0,-2.516095195772766,-1.0221557521732063,-0.33966675378012223
2955,0,-2.128169541985812,0.0758902127745654,0.4038085644593006
2956,1,-1.0181176115186856,1.5457219482234312,5.364090715104222
2957,1,0.5312232285925814,-0.02958045846489088,0.1722210708609635
2958,1,0.11379956534029644,1.8152215540136623,3.7994608973941033
2959,1,0.184366707175664,2.269842537527155,4.280720868003244
2960,0,1.950943482686692,1.7224354601164944,2.0820667527306838
2961,1,-1.2690896148598123,1.436638866638369,3.078073341113867
2962,1,-0.027433354183723595,-0.2854160502047072,2.2786916453652637
2963,0,0.3044355228138156,1.868411719030782,3.025790306151378
2964,1,-0.7362731165383355,1.89014073258108,4.927348994093251
2965,0,0.028326745082940964,-0.6948213058455951,-1.8668435749243455
2966,1,-1.599949334084345,0.43225215961642294,1.0700288799968334
2967,1,1.4099062172750279,2.354196074477029,5.911233365162978
2968,0,-0.6816145525304338,0.9752998275391256,2.751003250296889
2969,1,2.031400164778503,1.8214571930858492,4.568248937307838
2970,0,-0.03247432391745505,1.3157831102038384,3.542503651939807
2971,1,1.0280535653991831,0.21564924051957712,0.3047020748976439
2972,0,-0.05330286899115438,-0.5584498717911335,1.2265002171334565
2973,0,-0.03074383226052982,-1.5735871595202415,0.48463423644707515
2974,0,-0.5840293332220078,-0.5726139428362955,-0.34811997565643354
2975,1,0.11912392936627762,3.243814363353978,7.69687626711846
2976,0,0.31799869441404743,2.6532018429096165,3.9131505458544837
2977,1,-0.7842585089151799,1.6993129155558888,1.149692171264312
2978,0,-0.1250444158598842,-0.17594253202651983,1.1803205827352574
2979,0,-0.6100988660571137,0.09533043933192242,0.25345063613110086
2980,0,2.2996640696148387,1.6632391117174739,4.28816719956996
2981,0,-0.08973076991161853,-1.089900082612568,0.44009779679640626
2982,1,1.5452321516965593,1.591070469527763,3.1021948275908846
2983,0,-0.19562233080768832,1.8762063752079425,4.339533827309301
2984,1,0.25928764153490796,0.7320762231321098,3.5233850574184022
2985,1,-1.3213640716452693,0.5545658792448762,1.2623730772337205
2986,1,-0.44707259186786463,1.579071878421081,3.1376122794866608
2987,1,0.21053467078924676,2.046302660741483,4.405326385663413
2988,1,1.5860038309598667,1.5507971030884877,3.30373460650784
2989,1,0.22198277767627117,1.843559216554837,3.353556368242836
2990,1,1.3837203611929991,2.7230556420973393,4.836524742600423
2991,1,0.6407291102029202,3.8536705568245235,4.716017794827718
2992,1,1.6274013394646858,2.061976022404625,1.9546909517205941
2993,0,-0.059042217305055426,0.4409900194679206,1.6683164383389473
2994,1,2.390222710651804,3.944519159175052,4.233663752010227
2995,0,-0.485396202914123,-0.1947847191723322,-0.2849026628998774
2996,1,-0.766461834197669,0.14570841697851833,0.02083369119041234
2997,1,-1.2100528496890341,1.587233120752252,1.496778103053142
2998,1,2.3310246715580702,3.475482426555336,6.168042534986242
2999,1,0.8194475726178976,2.3068814069850547,4.048462756448561
3000,1,-0.33412073338030845,1.5027481224386616,2.9775235202944765
3001,1,1.249022696873495,0.6263134359272096,1.3602161916778988
3002,0,0.687692185117782,0.6479384102669614,1.1296277584519565
3003,0,1.9661274713755903,2.3229931677290137,4.092673821214319
3004,0,-1.5478328327399113,-1.1984669313611949,-0.5601207632156778
3005,0,-0.26536010831425455,0.17564479370245226,1.9452468330815869
3006,1,-0.46252138394282544,1.1737588526587917,3.846346587996141
3007,1,-1.9736826764086015,0.4101906264396743,1.563234232899743
3008,1,1.060327204779694,2.266021165952914,2.42583732098836
3009,0,-0.2703965558033584,0.8621862745150002,1.0514620642881123
3010,1,0.7396312049865622,2.3547162662894054,4.204953226414026
3011,0,2.3597719343296117,0.23112181668375853,0.9265891515455666
3012,1,-0.3532436918276083,-0.051956801881965387,0.6227702484187598
3013,1,-0.4211529826571552,1.836042541733582,3.6215642294256374
3014,0,0.11866416972399602,0.029680209434546967,3.483716146112627
3015,0,0.9872473529834096,2.6344865855818087,3.3437479941421153
3016,0,-0.5667130253101499,2.214495788421901,3.098347330868096
3017,0,-0.6309615971321306,2.301401315256401,1.863173118598986
3018,0,1.0571892702413659,-0.12295411996230343,2.3318847891274834
3019,0,0.37863932383803556,1.1829608838935042,3.1334317920125345
3020,0,-2.0447282630048207,0.7575340383500379,2.154322525214991
3021,0,-1.2253917994691081,0.8907366937036697,3.0054541451145926
3022,0,1.5012358638272103,0.5959728149543044,1.4688786330249393
3023,1,0.4019282830788125,3.09974338788897,4.67771122465911
3024,0,-0.762195931037249,0.27181620705534804,2.8292555527345478
3025,1,-0.17040965723498214,1.7769832277649447,4.175629399262507
3026,0,0.013236672801670204,-1.0338624499366424,-2.2504369367204697
3027,0,0.7357333602801638,1.365484977657038,2.9674526253500804
3028,0,-1.3582633948587894,-0.16789073203004773,-0.02124147177140223
3029,1,-0.8409491386704581,1.9124941204993877,4.442476117421953
3030,0,0.27295575486338886,0.8170004262636349,2.279782046656486
3031,1,-0.09983458049545033,1.8509862025151358,1.8904765223932467
3032,0,0.5718591826367099,0.6258441823243288,2.0090461893471483
3033,1,-1.2295073973595978,2.1177475154525744,3.8824737632322623
3034,0,0.3571286762713211,0.4082460659963302,1.843134287715381
3035,0,1.0915836193774722,-0.6277223336397417,1.1661232421490615
3036,1,0.4868185471492834,2.415001170518719,5.808330839770307
3037,0,0.13911173976159188,-0.267272002983161,1.1744393345834558
3038,0,-0.09588360256597088,-0.853026923451931,0.15069481650933933
3039,1,-0.8348511527715018,0.4273013200259512,3.2082986436598757
3040,0,-0.07199859243978847,0.7617328016249844,3.9900738067267945
3041,0,1.259705852880406,0.7813929527692718,2.9484048775134424
3042,0,-0.11902850660012523,-1.668391581652885,-0.4859911561648198
3043,0,-0.8898039893484101,-0.15059713985719259,1.103972612042044
3044,1,-0.4922470887653863,2.7215570983451487,4.67915143999033
3045,1,0.20085029727593015,1.3089594182494002,3.1676478929779135
3046,1,-0.37351399718084694,1.4224692474181535,5.312937279488365
3047,0,0.4853032830631407,1.6885824222460948,2.0365897045422905
3048,1,0.5228437607490304,2.652342386429245,5.71181696682175
3049,1,0.8889831804046482,2.9884460417731056,4.840385735153462
3050,0,1.4235594722650329,-1.8454857683741932,-2.0411930440599106
3051,1,0.9958587243723608,3.732280655753819,5.543134657041785
3052,1,-0.9342390641479599,2.056128716183541,3.1225050696000345
3053,1,-0.9035344465762722,3.890416080051268,6.087286509153673
3054,0,-0.07577147645982442,-0.3050574737122312,0.7710884536543747
3055,0,-0.4511753572394145,-1.3988032128207346,-1.5110651479165864
3056,1,-1.1383267269609427,1.3657204386368935,4.40906300673442
3057,1,-0.44169179417299426,1.2921201319909408,4.093915777632066
3058,0,-0.474512933619039,1.0113101035291097,3.5024630489017032
3059,0,-0.6718477397612058,1.373374022657994,2.475969138773869
3060,1,-0.3157894861550056,1.5179690092740012,3.21907804376231
3061,0,1.178450850318331,0.6128272092827736,2.552077861965061
3062,0,0.19923804124923924,1.082491231890899,1.5448638192198447
3063,1,2.4718090760554694,2.185214057124143,4.609635427055073
3064,0,0.17050818601964934,0.2111703549091073,1.0695940927916718
3065,0,-0.29006577393725175,1.4501152064941105,0.9310677345167395
3066,0,0.004132882654866092,1.7610177217000325,2.889299803070078
3067,1,0.25649197844354,2.8609138373961556,4.271245341341562
3068,0,0.43525395717106363,0.4623464744257936,1.3068451018417022
3069,1,2.0767113258590237,0.18322441000452416,2.7623516208262835
3070,1,-0.8453204649775686,1.298197774113881,4.201666815104993
3071,1,0.8590460581777356,1.199733804776272,2.3227729258638408
3072,1,0.20775059761412384,1.632600160273649,3.137592064667117
3073,1,-1.5710977425706176,0.5575797845112059,1.2782775396372719
3074,0,0.7706987820947633,0.7104697791628269,1.0344289477827882
3075,1,1.2676235608039048,1.0410114390096068,2.4999672075206156
3076,1,-0.8571764037774298,0.16212964214839243,1.5942440785777119
3077,1,-0.008933867891970693,2.920011322203301,5.304096205502411
3078,0,-1.7253542620077036,-0.9872638919699644,-0.01188897958666707
3079,0,-1.2588064596843365,0.12268968735105262,-0.18592860366906416
3080,1,1.0480295776172526,2.968923719888011,6.272689959328615
3081,0,-0.4664165060074345,1.2743791744273423,3.1255081797028934
3082,1,-1.1088029749380393,2.1622073124339396,2.839261066836628
3083,0,0.22946036445842968,0.8717046238390642,3.1417075886503105
3084,1,-0.5224124314310232,2.2672795791075426,4.289735505417614
3085,1,-0.4708216577755361,2.9318416352734937,4.4812220007931405
3086,0,0.7393260256749032,1.1468204016978443,2.652765651312137
3087,0,-1.1617333589343466,-1.6857223544944875,-0.9438398219068788
3088,1,-0.9053652126818322,0.8998572300453536,3.0638628419903937
3089,0,0.15407999214886864,1.2425940693667483,2.460725590927689
3090,0,0.9694097907482053,0.1637270035150573,1.0201829093924957
3091,1,1.2381603014898497,3.6915542299055986,3.7133595310421845
3092,0,-0.665061720361623,0.23730165572508158,1.6314718522846832
3093,1,0.9373769669196479,2.0664618614353305,3.6802819764325267
3094,0,-0.7841422934704089,1.3895015108606128,3.010619661811777
3095,0,1.8262093469068,0.8650129067627471,2.7119298384198274
3096,1,-1.1337710254197284,1.5361457281022675,2.761727311862313
3097,0,1.328478810791731,1.7976671272366316,4.086351080472313
3098,0,-0.6564861068187239,-1.1692164478793035,-0.09567200740647724
3099,1,2.0132464547946003,2.0186757740508305,4.384967912387838
3100,1,0.5913207288524843,2.706549514034865,4.486702973042219
3101,1,-1.016016529408222,1.4607951895201274,4.741147595878281
3102,1,-0.5222384795425068,3.010662268214728,3.992947843210569
3103,0,0.7811812052237417,-0.8415689966197958,-0.00800729303410258
3104,0,1.0526444176155614,-0.8742084426614648,-0.9010147042183491
3105,1,-0.07071559172446261,2.448471839105379,4.961059798084992
3106,1,0.044658280963466405,2.5792046992218145,3.805987349056834
3107,1,0.7583530326440655,1.7342559029613864,3.215890927763878
3108,0,0.13179842701081995,0.9399339281489703,1.4493569813939533
3109,0,-1.2935048593383758,0.8571555198298939,1.6611764640246067
3110,0,-0.8129740246401806,-0.5577554132438006,-0.9711098028309827
3111,1,0.23511994315166507,1.0636876078962003,0.6674663304242725
3112,1,1.2154824164976936,2.2543709041479447,4.755171424840255
3113,0,1.6159824241620477,1.8888836871423345,1.0985224657710337
3114,0,0.7795294207714503,-0.4320981001265497,1.5779455680051195
3115,0,0.28729076103636375,0.38823959637588973,3.00422549811831
3116,0,0.748813885982477,0.48040753409030446,1.4659465073517666
3117,1,-0.6667508502068556,1.9179338499807075,4.884076626659826
3118,1,-0.15323096025821417,1.6453323419137014,3.3904297303188393
3119,0,-0.8241307213394766,-0.2931228002047024,2.1412922146052726
3120,1,-1.2487426107077115,2.5739429975450925,3.6679766232903397
3121,1,0.33354901163620493,1.2608072218700415,0.7626352147661608
3122,0,0.1855133065847436,0.26355762895396945,1.220748546164416
3123,0,0.6876524845090128,-0.8852018905669197,1.9602917997456215
3124,0,0.5461118308924472,-0.04979232757816099,1.5943983445407464
3125,0,0.24264427132386202,1.0888693577362085,1.622074983463137
3126,1,0.5566166656775543,2.187586956058126,4.427811458478369
3127,1,-0.04268309622747663,2.2867120611975187,5.049300280404576
3128,0,0.4128913952224006,1.1748497045123905,2.1718115446424
3129,0,-0.7261444026863596,2.369870715489246,5.8510319202943535
3130,1,0.3697059256391301,1.063052950244829,2.419576178853168
3131,0,0.6684176852860094,-0.9188984378489856,1.2172958212529645
3132,1,-0.6696814280722031,0.4485425755068151,2.876543526374174
3133,1,0.05183209899284673,1.0118977938662628,2.1224367889667746
3134,1,-0.6236025096293596,0.5385923104942811,1.7894315412207364
3135,1,-0.5265066965161149,1.6357088386900196,4.348506146866161
3136,1,-1.1249293551021546,2.6151760990263746,4.334978115610184
3137,1,1.2657749251665555,3.6193915505198815,6.010618262280465
3138,0,1.0656851747200478,1.3240140542626189,0.9011837355022712
3139,0,0.5374338542273371,2.8025023717222166,4.565987797729786
3140,0,1.972195951943814,0.735285729016725,2.4170217634880555
3141,0,-0.18924569656839169,-1.1892927509729438,-0.29105191292777566
3142,0,3.0317624151106344,2.4627067924213595,4.429951138502562
3143,0,-0.22752941536322038,-1.4068532163580287,-0.8615768065549225
3144,0,0.25519335175601643,-0.17844501717299932,0.2806911492947298
3145,0,-0.39777791394020817,0.9007788582407339,1.5793377438135825
3146,0,0.372325560060305,0.5093161879693107,1.119578121663074
3147,1,0.8356149278862445,1.7597317154943672,5.9073842621148165
3148,1,-0.11391639305308393,0.4850350492640687,3.1741224994970416
3149,1,1.7767198471176207,2.222213564701949,3.409088610153772
3150,1,0.23914928463346072,2.77540727412783,6.659533133315365
3151,1,0.2704853861101991,1.8011135323690786,3.2223539981548055
3152,1,-0.9089976945137175,0.5970748120048239,2.244730640566365
3153,0,0.4184990745503845,-0.6219887382322152,1.3591282716091817
3154,1,-0.1340272208093656,0.8501972508016116,0.6534032627421236
3155,0,-0.6082397293372869,0.7098618336131723,1.351188040804746
3156,1,-0.7764744081483639,1.810659939915201,2.8820312073183603
3157,1,2.671763379756685,1.7010219133313367,4.240454668826808
3158,0,-0.2634772501790354,-1.7898025970357687,-0.47244836380613325
3159,1,-1.4569854207812678,1.6829171374377845,3.114260687949179
3160,0,-0.6982214597325725,-0.6071738368950228,0.1295345729794748
3161,0,-0.051567839476213594,1.1735921271724195,3.228409931912622
3162,0,0.546667032616485,-0.09210953234280428,1.3187098045145307
3163,0,0.5547965217253135,-0.3214614971522147,0.8309228172447909
3164,0,0.6766145517765254,0.8561562727925419,2.139349774607986
3165,1,-0.6448603066373296,3.8642411380351698,7.371158074237922
3166,1,0.34044044350154545,2.551162124167037,4.591924189851452
3167,0,-0.8760594641105784,0.37340145997267826,0.6837410621848574
3168,1,-0.6196429830140117,1.8729586414767647,1.640030956262903
3169,0,-0.9177089745002595,-1.5264285538356752,-2.143907722770681
3170,0,-1.1883888545982695,-0.9788570271320371,-0.6835606931314521
3171,1,1.0642094888580087,-0.49166601838973634,1.4127990354277178
3172,1,0.6886117009788877,3.636457404870289,5.0185582854558275
3173,0,0.9766653699781299,2.3203856401491874,3.8668626911906223
3174,0,0.03931306602429631,0.9046124460221987,1.3439670147187497
3175,1,0.7768076988651466,2.0681574127437488,3.1090296823813475
3176,1,-1.761289404642545,-0.3799768238903438,1.68040913053856
3177,0,0.8630875180453551,0.5396262951629154,3.0816382956499995
3178,0,0.1771198300050302,2.3455278274054017,2.27378419565986
3179,0,0.6271096001491656,0.8195488782404641,2.188686661978109
3180,1,0.38002329904861315,1.2493605235026877,1.220360525158592
3181,1,-0.9870551545368866,-0.3541872063646794,-0.2261363679992161
3182,1,-1.4980397753910466,2.630893795113491,3.542520012058109
3183,0,-0.7120541661829632,0.2162999491174547,2.208799548258056
3184,1,0.5649172812729122,0.11274133101904438,1.2470187575681524
3185,1,0.6900914151753954,0.9827617424810766,2.104679550750606
3186,0,-1.3679422773818628,-1.1879207005726893,-0.42542187415461213
3187,1,-0.9810993674682146,1.2739266640475637,2.9147904017037716
3188,0,-0.7232356859408393,0.49036826383056686,0.5605896538877292
3189,0,-0.3573050602668157,-0.11040858235856932,2.8043519728513058
3190,1,-1.3620508308526522,2.068431347231086,3.3306578079451823
3191,0,-1.4220517661401326,0.1521867106304019,0.9813613398204554
3192,1,-0.8218352964075539,2.5157617963498637,3.749615199357911
3193,1,0.08625383622500567,1.3686820727867826,3.6259044021829627
3194,0,-1.1805943397534906,3.191147290085098,5.189985981838516
3195,0,-0.11580350997176611,-0.09922977646548747,2.541273218494732
3196,1,1.0585528161418154,1.1142358530866727,2.363680741051156
3197,0,-1.30177973741351,-0.9168344713198107,0.9236047574986996
3198,1,-0.20644575841053947,1.427125545922533,3.7355172137914434
3199,0,1.0247567337507726,-0.9121090707405519,1.2673788854696801
3200,0,-0.4182683903638093,0.6690823267186679,1.4935493759531084
3201,1,-0.5736696908584189,-0.3774046768223327,1.1208206117238029
3202,0,1.1634958143064738,1.0107196683491733,3.179133476924462
3203,1,-0.30620207897154783,0.25688763221218247,2.95033972247416
3204,1,1.1044950252055679,1.6500551001815777,5.236674669084577
3205,0,0.4289653911271988,1.233230016470519,2.517570650146448
3206,1,-0.34284465290983673,3.9011842880034022,5.525700729786678
3207,1,0.47969053059753036,0.7659066383981021,0.20199116452340427
3208,1,0.3204495138460378,1.6458174047274197,1.8986467695012925
3209,0,1.020882821002474,0.08250617152520001,0.8924311305423018
3210,0,-0.5483455378650185,-0.5343739839203011,-0.7451020227395202
3211,1,0.041206066781619685,0.9973884900649415,3.6197602688545114
3212,1,-0.061515679604637406,2.505611771755548,2.983287674255667
3213,1,0.7041481416397848,1.4231885782615559,2.8627138782392247
3214,1,-1.0251791944441757,3.6417589399376022,4.774696607910278
3215,1,1.016977048237856,2.421072370366091,5.629210863413109
3216,0,0.4663287721704166,-0.3701120295229502,0.11491497589148902
3217,1,-1.3169250736329463,0.9382172957650388,2.9272443990864376
3218,0,1.2082628254805003,0.06063185760416068,1.4979905502229776
3219,0,2.2340930807977313,1.9702965771860332,4.320403678792859
3220,1,1.0018339695494078,0.3617705342995694,3.2123523803259317
3221,0,1.4269847672264693,-0.4128559502678695,0.83910089030788
3222,0,0.0853713816025881,-0.06593470426836501,-0.7451549405550276
3223,1,-1.66150491973851,1.8844953172167722,3.120453446623441
3224,1,-1.8441204511675249,2.3798241394725146,3.7910444047068563
3225,1,0.25508204386775846,3.1570668039331706,5.2940924458595005
3226,1,-0.59197880772998,2.052207877628536,2.9962569708617295
3227,0,-0.9145762783273513,0.14273758014377458,2.1007234428869177
3228,1,-0.06274668396867535,2.47580180712339,4.2768718886446475
3229,0,0.6155852878612882,-0.45982503107332406,-0.25720532131319207
3230,0,-1.4527575467621472,-1.7804844860448705,-1.5292638341389801
3231,0,-0.4488776202803848,0.8019742916023735,3.640741421513127
3232,0,1.5098706831203152,-0.05271721221275549,1.913634817357806
3233,1,-1.0752883802213746,1.3121067537681068,3.945505633288236
3234,0,0.8697611871649563,0.8805553720223014,1.0129206397418784
3235,1,-0.4847307615489939,1.8027003307135983,2.8169244862199987
3236,0,0.5457937598499527,1.6015296664800378,2.0292661125687834
3237,0,1.0973275072028672,1.6612734404525915,3.0651326794817866
3238,1,0.7412817669850216,2.1173845972631966,3.8916391195746414
3239,1,0.9091596022138765,1.5307326001947574,3.0230701093805115
3240,1,-1.1515935334079561,1.462284028653934,2.667895729468889
3241,0,1.1136597067412988,0.23788749534746823,0.6665842500206582
3242,0,-0.8526931146348199,0.0477631436033831,0.697385233775009
3243,1,0.2595417655715384,4.396035953251875,7.3611598901999304
3244,1,0.2582461869972269,1.9596635569827086,2.2981734428324
3245,0,0.48512255886958094,1.0957817846984228,2.539285730107569
3246,1,0.33695667606019053,1.0956063537876952,4.343090383879357
3247,1,-0.8438099785247232,2.466930422872451,3.914981328601939
3248,1,-1.3498674122957162,2.0553121989747094,3.0564626873696703
3249,0,0.8723486799617686,1.5290571586436155,3.627758380586558
3250,1,0.18583457751891555,1.970641620009138,2.823586658644077
3251,0,1.1493768409578178,1.879003148054116,3.086186986306949
3252,1,-0.04473293418786798,2.958265316378373,3.709474629155072
3253,0,-1.4051643606769604,0.361549611146207,-0.7895842310134649
3254,0,0.9661296810041061,0.675226545300909,1.716468216706935
3255,0,-0.370370609661107,1.2834598072164285,0.9459906220172238
3256,1,0.3420034574210212,0.8984757306665627,2.7552059088215985
3257,1,-0.6474594284795192,0.7878018908408175,3.57333962952562
3258,1,1.6443017102336905,2.1399901701852055,6.123105918911567
3259,1,-0.8765648241831969,-0.30432651569310454,1.4138898034134646
3260,1,-0.33742975410617465,2.4263663473315717,5.178096228485937
3261,1,0.10744870269731638,0.7693207233433716,2.9897731139894685
3262,0,-1.0921823270869582,-0.2991457196278443,0.09930420107970517
3263,1,0.33051952858759515,1.5858762628965075,1.5272038146831324
3264,0,1.6119104774674902,1.0228599648107972,3.971734387386414
3265,0,-0.49046216069371046,0.009208075368844992,-0.1379865460510198
3266,0,0.3951428190317255,0.5511717984791689,3.0129712737032834
3267,0,-2.7494353860385554,-0.38445824820198066,0.6024623038525592
3268,1,-0.03892920048484066,1.2412902822274214,2.0574916568830943
3269,1,-0.31304228592620537,0.8328928565833731,2.882282761217085
3270,0,-0.8184976024103849,1.3359246436324863,4.305136184435739
3271,1,1.081450469628532,-0.0799705613781434,3.471972113411334
3272,0,-0.32624368162382816,0.19641173650336877,0.6184499440441545
3273,0,-0.17747748709358746,-0.022142718012291784,0.23038102638430868
3274,0,-0.37719287478907115,0.8056336242897653,1.830403086648023
3275,0,-1.9168158717650765,-1.5293375580485316,-1.0782144613713833
3276,0,-1.131986440076961,-0.33938127326669243,1.6339588243606453
3277,0,0.9610934861202163,0.6859683118463089,2.617776145492156
3278,0,-2.109950646879972,0.9370884163064678,-0.17714331459794908
3279,0,-0.7663153496157056,0.6022903619107122,1.9077025474114824
3280,1,-0.3997200562897638,0.39659577224420905,1.9375608001188886
3281,0,1.7436218672915653,0.5356098414668098,1.9214423509531895
3282,0,0.768603765496369,1.6166324823096017,3.0192962496695346
3283,1,-0.5571705270530996,0.3320739759610025,3.2193688758269845
3284,0,1.304513697115551,0.8127098407622945,3.051405543731425
3285,1,-0.7405158205011196,1.4687248013233885,2.3708788965358694
3286,0,1.0090998037340055,0.41694688119943707,1.5601548742565687
3287,1,-1.3588772459230156,3.98808860902201,5.067791766980195
3288,1,1.0732578317891572,1.6092458900891984,1.942051487540432
3289,1,-0.4061336454709856,2.0279250657265018,3.6373278290312148
3290,1,-1.0285042409412697,0.6251476074983349,4.064201186869177
3291,0,-0.21714361307631405,0.96260490807651,0.20713279171150023
3292,0,0.27734417972021486,1.4539908507679997,2.485397893051976
3293,0,-0.49474843052571216,-0.23638856590381163,0.6085236025813707
3294,1,0.5539535059953238,1.811484236580064,4.010010409543448
3295,0,-0.5829938836640675,-0.5701779349900935,-0.6495016691168375
3296,0,0.6203723939313579,-0.4582920938704842,-0.7593282058841664
3297,1,0.44222206203659953,2.8694620511111864,3.3793088067238806
3298,0,-0.06092305470793503,-0.0722778622960284,2.2464712850938633
3299,0,-0.4413823123659498,-2.046027022217855,-2.116989459052902
3300,1,0.15154079576526616,3.5108183952232026,4.8415643627230835
3301,0,0.5502537430336992,-0.13701920015249647,3.0776641470672175
3302,1,2.0617991527316084,2.072166702071452,3.5502708758413175
3303,1,0.939420421798181,3.6227326320337694,5.953016314344332
3304,1,0.9759899498158413,1.8510548907571123,4.9100645573457875
3305,0,3.0885121948602836,1.2632170562562217,3.896639682207522
3306,0,0.5159584767678441,-0.57338550152018,-0.8017701632102918
3307,1,0.4846435113117023,0.21055935376594404,1.394135608326786
3308,1,0.7040150743216541,1.744818257700368,3.987985248816684
3309,1,-1.0089659775882531,1.760119980798419,5.2873442426640604
3310,0,-0.4439016364187562,0.6723549172851457,0.822063931360199
3311,0,-0.506169266692334,-0.13311186047691598,0.27204130207354027
3312,0,0.6476139772195617,0.7145419925128109,2.263639209357728
3313,0,-0.17417456222119868,-1.3894623639943269,0.19536095090980998
3314,0,0.1382234254743028,1.0016340483377693,2.709532737735367
3315,1,1.0874546201484645,2.1876422308145855,3.3587772900094777
3316,0,0.8631507387041388,2.7326061157940993,3.373188126600522
3317,1,-0.16172100304124704,1.658963345516673,3.642120344710392
3318,1,-0.6699950968782225,0.5563321187904541,3.484644412043091
3319,0,1.1352747316531886,0.7898592854071375,1.7784301496193478
3320,1,0.7738911809098658,1.6043675542571227,3.536843890355276
3321,1,-1.6062568182953822,1.652830823281783,2.105651022483297
3322,0,-0.3131539389082808,0.4329458800527019,3.2335419241632883
3323,0,0.1655154620167624,-0.710292062447615,0.47707397709744725
3324,1,0.7788297171210313,0.29790562694228995,3.3314263499232384
3325,1,0.9101014949397712,2.2359386511149473,4.247856158170502
3326,1,0.2839060011754735,3.168286341421881,5.110334606900388
3327,1,0.585247531358856,1.954922143459376,2.3716627588790864
3328,0,0.06413680237815363,1.3325383946336533,0.19460388541671714
3329,1,-0.6738516881805606,2.510653647749432,5.427788521949279
3330,1,-0.261264391041254,1.8884125284822921,3.7142178645364616
3331,1,0.018991186640108272,0.8912058681306243,2.9014322284452643
3332,1,-0.034679250018589874,1.8849043100399872,2.428914707835858
3333,1,-1.8855729044434706,2.3414010162674392,2.8612222575851214
3334,1,-0.3974833349294312,2.1106455491210845,4.893450883270183
3335,0,0.05620565308915186,1.2651070387554013,4.016491940214668
3336,1,-0.281369991905701,1.1530427607364637,2.275494748582772
3337,0,-0.24682379551158573,0.22359910160104207,1.8457176308617806
3338,1,0.4879913708045874,1.727670100341009,3.8152933071835315
3339,1,-1.0789571870486339,1.324974841348614,2.7886544638611612
3340,1,-1.6280422139512112,2.3795456518269953,5.705896229215073
3341,0,-0.3481697908366748,-1.9516246655891698,-1.4744602697792566
3342,1,0.7641144055017897,1.9597726262323745,5.153308144350218
3343,0,1.6875530394866385,0.9267695361511374,2.6457034610905135
3344,0,0.78212823909474,-0.6368626697157269,0.5026736557384022
3345,0,-1.4682637598688473,0.7312880886268107,2.80965250968612
3346,1,-0.23236723937677117,0.9057896362420441,2.9494506867897177
3347,0,0.2566343810815294,0.2199576649712991,1.1748570112753243
3348,1,0.1775911169235922,3.602059242831121,6.817019639197873
3349,0,0.539304552942874,1.6717650154219181,4.028888179782385
3350,1,-0.9170489464607607,1.999372255206888,4.817925787068612
3351,1,0.06494308755074261,2.100259860909627,0.025444136800111483
3352,1,0.420322829776129,1.661416826487496,3.9856580181811325
3353,1,0.8256709533036595,3.9470785513611992,6.124329935091901
3354,1,-0.805718166612792,2.2604521814564014,3.864445294048357
3355,1,-0.345156867242898,0.846903025861878,3.187651286385977
3356,1,-2.7038176800733402,-0.511247582239656,1.0085457542502039
3357,0,-0.6214619675777742,0.8803994117159372,2.4339144355275635
3358,0,-0.524414892971043,0.2868064022302424,0.9139616158810409
3359,1,-1.019584508167443,-0.03481351939640054,3.059450209146603
3360,0,0.1656121502326517,0.9782698107813774,2.790336432600734
3361,1,-0.05594543204526823,1.414189210074899,3.7455267141806856
3362,1,-2.2592138775776114,1.5529007622541866,3.3947632204455287
3363,0,0.21550796930175647,1.0063926053714336,3.2067755067253487
3364,1,-0.9283241307890274,0.8132387392194526,3.4492616999971366
3365,1,0.48568895919051513,2.4785514521813594,4.262917190473174
3366,1,-1.2818512477286654,0.8175395430465011,3.351479674324064
3367,1,0.03000653853094012,1.2761200883783106,3.256173636126543
3368,1,-0.2831633288865059,1.0827795947126702,4.743073720435698
3369,1,0.30310188495033036,2.9219049932913697,5.880253181328401
3370,1,0.12469727765134685,1.4568367952410435,2.6561669322096195
3371,0,-0.25516417502145444,1.7958939280578154,5.07557178250379
3372,1,-1.5362723140442447,3.0226031759735865,2.413308877174908
3373,1,-1.4772079634610316,0.5181184741072418,2.6600316220840776
3374,0,-0.583886939092219,-2.5961613964245993,-2.409186113688329
3375,0,-0.00827988392958697,1.5420255780923966,4.422549894979499
3376,1,-0.608247947199117,1.1755537184801237,3.1067101943355873
3377,0,0.6252119305794656,-0.1786228339581517,0.15262408707062025
3378,1,-0.2792209192116837,1.0275156180835268,2.5051767220216066
3379,0,-0.9650127247795103,-0.20431763879988235,-0.11125164242137608
3380,0,-0.27809629298790933,1.7137642027973672,2.3523679656297065
3381,1,0.22585983631655238,1.9276691902124803,3.444193541586286
3382,0,0.3248847188245844,1.8810640457555108,2.1948851208193734
3383,0,1.8783791319931293,1.5577338588764345,3.2034734968576846
3384,1,-0.6689093400034194,1.1900964740484898,3.2475387694545383
3385,1,-0.07347866159040038,1.2875991983136226,2.076597074719575
3386,0,0.4261239468194264,1.1894459347954291,0.6164019611153164
3387,1,-0.023422959200815323,2.513398741572464,4.619670601881873
3388,1,-0.5006181459886532,2.5466072419042733,4.778404163826076
3389,1,-1.5492571763442435,0.9736843357209838,3.1940496624133687
3390,0,-0.5108345590530156,0.5219554886885678,1.9709629584720925
3391,0,-1.073702412717801,0.7619296854399862,3.119905978633416
3392,1,-1.7266066811237784,0.7980529697260046,3.2497995204325116
3393,1,-0.7956788416705864,0.3263563136960572,4.647048741777516
3394,0,-1.0470917207664545,-0.6203985829320597,3.2708302697475937
3395,1,0.5837865452929482,1.634100521039899,1.7927552424537752
3396,0,0.6010918374142937,1.3425346904445892,0.2656144266916023
3397,1,-0.9038792895808748,2.6878137086978393,4.2996465529349495
3398,1,-0.2602286305631211,0.2658842020964429,2.518070905864141
3399,1,-1.8582426621125354,0.5451821874362567,1.897648646008027
3400,1,-0.4943399501826941,1.19383551788194,3.598547973903161
3401,0,0.3989819007023456,1.4144116025173474,2.2239659072594415
3402,1,0.8249378896141027,1.4193708314957307,2.6904076460044277
3403,0,-0.7130470816913138,-0.14364645945486598,0.17085326435582682
3404,1,1.0518548605275198,0.6035638810080319,2.413766484049332
3405,1,-1.5156919215134717,1.7286997395192174,4.0690736992766725
3406,0,-1.2476277991437925,-0.03568741433969236,0.22804632916571893
3407,0,0.7096618656378763,0.058853524711766414,0.9118171949226365
3408,0,1.6711212285632473,0.7418231440868777,2.6462642338438807
3409,0,0.4934319881836954,1.7750250983863716,2.6749150984779204
3410,0,-0.040342386534012425,-0.5169896242800468,1.5916524490585404
3411,1,-2.1951837465222086,0.19978524493974115,0.641242263400238
3412,1,-2.0224470560434793,2.345518330652577,2.6046651629783946
3413,1,0.12940953689586895,1.814597689087618,3.945108630485134
3414,1,-0.35806266957117455,2.2623352958405647,4.395011224191126
3415,1,-1.105835182152118,1.770001355360051,2.4838748248462146
3416,0,0.06553258083005072,0.4843252219550668,2.841027139448503
3417,1,0.11513136750780958,1.3862402911037863,5.134203374375574
3418,1,0.9444158685402726,2.8148827830459004,4.17591174391324
3419,1,0.13660228301270078,2.903317252714965,6.217938382048696
3420,1,1.2283943683343845,3.152706657516412,2.816253359182567
3421,1,0.007994029548813363,0.5169265752169601,3.394637647844747
3422,1,-0.11533499480733611,2.970310519402128,3.889480749312243
3423,1,1.0643121862471823,1.6613584016765097,4.650293520898086
3424,0,-0.9784408800414345,-0.5485618015572646,-0.7055259635222172
3425,1,2.8144474532661614,2.3750065392113746,4.669408495237811
3426,0,0.3752574781667358,1.4437056786987528,1.7086415777902602
3427,0,0.3808292528376731,1.1547129598793644,2.016998112664818
3428,1,0.5250959739725976,1.6021423803375114,5.337085604062476
3429,0,1.8771364753316424,1.9008068094774675,3.16829630795039
3430,1,0.7925074116726066,2.077612804261217,6.146415910521574
3431,0,-1.6050559790039236,-0.5544882592405513,-0.2613120161341724
3432,1,1.4034703847675043,1.4130058324717578,4.985464613232061
3433,0,-0.3408965794450173,0.8079658705881148,0.11409394818630836
3434,1,0.10715507283932346,1.6496287860361953,3.1845507452258692
3435,0,-1.2792539721752665,-1.2592813450662161,-1.051242124826627
3436,0,0.5262020181238957,1.5050220985066718,4.147968102928592
3437,0,-0.6513742900675522,-0.1756873156446861,0.8792866123778775
3438,1,0.10016963799347375,3.3221705393868364,3.0541212973380354
3439,1,-0.284099005360783,0.21178031323705415,0.6448308574413351
3440,1,1.9250128017358519,2.0967952441307443,3.269135555098514
3441,0,1.9822603001455896,0.3947004056044494,2.725202759745736
3442,0,0.046513170214741384,-0.46146856931291635,1.3528415483863077
3443,0,0.06397771136885474,0.03240259665227979,0.744798705964931
3444,1,-0.37344296634951507,3.358534719132127,4.535336332244651
3445,1,1.1060062915027862,2.175172057530339,4.91276155668095
3446,0,-0.32891987033337716,-0.39038399989744205,-0.5856910663960782
3447,1,-0.4213372746456993,-0.2550295927311148,1.9183719302900983
3448,1,0.9785928636649645,0.272215312751803,2.6404518823550287
3449,0,-0.5382990953166494,-0.19795287271373013,0.41979771515617526
3450,0,-0.03775503444853058,-0.1450144944732193,1.2451124636827902
3451,0,-1.5813107815109928,-0.1984439406877833,0.5873882560847026
3452,0,0.7041903451231669,-1.5609266968989015,0.07733086688227214
3453,0,1.9408669391818687,0.9905784867080272,1.044649566064307
3454,1,0.7212253727997919,2.9440973869870453,5.502844442075705
3455,0,1.461799167547305,2.561380997628387,4.88034216064012
3456,1,-0.8461021361773309,-0.4482767887703385,1.50345420455864
3457,1,0.2363242820282007,0.9695045253693045,3.417985232766444
3458,1,-0.9431599243693896,0.562818161714648,2.0642668594310076
3459,1,-0.22776554558134285,1.777391763851247,4.423171220998022
3460,0,0.7722114773525048,-0.48810902467070205,0.7315803987796534
3461,0,0.10182061310329862,2.2128094326576706,2.0852322728237196
3462,0,-1.4126410226012216,0.11973016490537333,1.6574181152683891
3463,1,-1.3150291055377534,1.1823449790394622,1.0851929104241393
3464,1,-1.3811639314907738,2.8783645543355454,4.684911512325774
3465,0,0.4914525899395903,0.6313881528985289,1.3454558208394676
3466,0,2.0638945356566682,1.5194717671956892,2.4841249246223116
3467,1,1.3624582440002129,1.3579391999080146,3.6024195986342624
3468,0,-1.8959851991460643,-1.4392976247982028,-1.5277828554454098
3469,1,1.421075938069784,1.5159611499167043,4.112382351658494
3470,0,0.9364004170146472,2.967895964049218,4.21197268007415
3471,0,-1.5452999455287577,0.6694309646283285,0.743077024110379
3472,0,-0.3032016167104975,0.6835743520979007,2.96111359880212
3473,0,1.0955224114958095,-0.14771666673645678,1.2761704258622033
3474,0,0.5504335109347853,1.5763808542642814,3.3172684898757194
3475,1,-1.3090950523879856,-0.0504217900301871,2.9043479289866374
3476,0,0.6107421557961942,-0.8838338029435229,1.6384931640100884
3477,1,-2.1375005960805877,0.4998626982941776,2.452148032934248
3478,0,-0.22282217575721136,2.3876442592342846,3.040421623073038
3479,0,1.1379567694000488,2.739281263212626,2.537168829555424
3480,0,0.018394215571319834,0.0542813364208522,1.2646508800148621
3481,0,-0.4989375499619459,-0.323880283186568,1.6709165226384286
3482,0,0.8893462537723492,-0.8735581644280751,0.6586259057196799
3483,0,0.9747518150865815,0.8704562700460589,-1.3791774167045223
3484,1,1.3100396928669502,2.2550246598482047,5.187094753248062
3485,1,0.8743424284463873,2.7518589827308286,5.658226623195848
3486,1,1.0813747939371465,2.935119951506308,4.650172716567424
3487,0,0.7329085574375346,0.5224506495666275,2.657394036307657
3488,1,0.26552864911647195,2.335686469494526,4.8167576137111965
3489,1,0.08950899976381409,1.0262138320826082,2.1586088397533416
3490,0,-0.237259719097402,0.965864617631465,3.189713790029669
3491,0,-1.2123682930597257,-0.37094256610247645,-0.8808931478205354
3492,1,-0.9553115088198088,1.8728650633209951,3.424558090518098
3493,1,-0.28201448193520967,1.9938969807048024,3.580491771545675
3494,0,0.2414521596024293,0.641239273575793,0.8640915533074979
3495,0,1.4408125980042632,1.7267834975606333,3.318739884810451
3496,1,-0.04179722787551253,0.11706176027666082,3.2190712142746163
3497,0,1.003476290877664,-0.26387333095764076,2.18456379907928
3498,1,1.0793156564321207,1.753735023376602,4.493262369404942
3499,1,-0.231446797688791,0.18730257302003972,0.24509070660198606
3500,1,0.5946902113701839,1.4715425488563496,2.054528290253267
