id,direct_effect_truth,indirect_effect_truth,total_effect_truth,mediator0_truth,mediator_observed_truth,y0_truth,y1_truth
1,0.8,1.2,2.0,1.3509488696895486,1.3509488696895486,2.0372619905628846,4.037261990562884
2,0.8,1.2,2.0,-0.8380772328034642,0.3619227671965357,1.2636097326151303,3.26360973261513
3,0.8,1.2,2.0,0.7643632865036936,1.9643632865036935,2.0569872279564474,4.056987227956447
4,0.8,1.2,2.0,0.835020724786313,2.035020724786313,3.052563244128434,5.052563244128433
5,0.8,1.2,2.0,2.242494779830441,2.242494779830441,3.153962460909392,5.1539624609093915
6,0.8,1.2,2.0,0.7397714359214697,0.7397714359214697,0.9436682633169409,2.943668263316941
7,0.8,1.2,2.0,-0.054551893379087835,1.1454481066209121,1.1047329950008813,3.104732995000881
8,0.8,1.2,2.0,1.0901761859474393,1.0901761859474393,2.7563540014108954,4.756354001410895
9,0.8,1.2,2.0,2.6331341232339214,3.833134123233921,4.823175218175645,6.823175218175645
10,0.8,1.2,2.0,-1.385549268756369,-1.385549268756369,-0.6884681172055185,1.3115318827944815
11,0.8,1.2,2.0,-0.07866265010987816,1.1213373498901218,-0.5502936989902565,1.449706301009743
12,0.8,1.2,2.0,0.49644002151539074,0.49644002151539074,-0.06580384882072132,1.934196151179279
13,0.8,1.2,2.0,0.10272098212641378,0.10272098212641378,0.7895145115217699,2.7895145115217703
14,0.8,1.2,2.0,0.5054156637605351,1.7054156637605353,-0.6070375959938312,1.3929624040061692
15,0.8,1.2,2.0,-0.6639794629176293,0.5360205370823705,2.2246268712696105,4.22462687126961
16,0.8,1.2,2.0,1.6461683146850408,2.8461683146850407,3.0712430535081268,5.071243053508127
17,0.8,1.2,2.0,-0.8119833632518696,0.38801663674813036,-0.3739002159326146,1.6260997840673854
18,0.8,1.2,2.0,0.012122410128801248,0.012122410128801248,-0.28930170404579425,1.7106982959542059
19,0.8,1.2,2.0,1.8093656821528796,1.8093656821528796,4.013174838390444,6.013174838390444
20,0.8,1.2,2.0,0.45483736955827153,0.45483736955827153,0.3312150317100153,2.3312150317100153
21,0.8,1.2,2.0,-0.5348528759663472,0.6651471240336528,-0.5900521122764518,1.4099478877235483
22,0.8,1.2,2.0,-1.05295451969514,-1.05295451969514,-0.9550863686026201,1.04491363139738
23,0.8,1.2,2.0,0.636763205574427,1.836763205574427,1.9953588878835582,3.995358887883558
24,0.8,1.2,2.0,-0.3033884104711071,-0.3033884104711071,1.2865031322625309,3.2865031322625313
25,0.8,1.2,2.0,0.5767327450540458,0.5767327450540458,2.6837394140370874,4.683739414037087
26,0.8,1.2,2.0,-1.0070912128706484,-1.0070912128706484,0.9674533759784074,2.9674533759784074
27,0.8,1.2,2.0,1.4727284925536264,1.4727284925536264,2.5799640388990377,4.579964038899038
28,0.8,1.2,2.0,0.7251827424736882,0.7251827424736882,2.8187935291028374,4.818793529102837
29,0.8,1.2,2.0,0.8136561778312735,2.0136561778312734,1.225203086174111,3.22520308617411
30,0.8,1.2,2.0,2.0703230791423817,2.0703230791423817,1.3356212652819917,3.3356212652819917
31,0.8,1.2,2.0,0.7046987818892725,1.9046987818892722,1.4618972303528568,3.461897230352856
32,0.8,1.2,2.0,-0.3477411996486086,0.8522588003513912,-0.2352847172018192,1.7647152827981807
33,0.8,1.2,2.0,-0.2014364470683344,0.9985635529316657,0.06412793531818128,2.064127935318181
34,0.8,1.2,2.0,0.06334161200237878,1.2633416120023788,-0.05878766288908588,1.9412123371109145
35,0.8,1.2,2.0,0.59382893198132,0.59382893198132,1.255915238916707,3.255915238916707
36,0.8,1.2,2.0,0.00799395121449431,0.00799395121449431,1.8538056238522505,3.853805623852251
37,0.8,1.2,2.0,-1.5572694903295214,-1.5572694903295214,1.1351981208020752,3.135198120802075
38,0.8,1.2,2.0,-0.3129759439677966,0.8870240560322034,-1.2063537136193254,0.7936462863806746
39,0.8,1.2,2.0,0.612481301579518,1.8124813015795178,0.15985043154052603,2.1598504315405256
40,0.8,1.2,2.0,0.8314361426009026,0.8314361426009026,1.1701084414376752,3.1701084414376757
41,0.8,1.2,2.0,1.9225307211868596,1.9225307211868596,3.8369234328641406,5.836923432864141
42,0.8,1.2,2.0,2.618432824455347,3.818432824455347,3.5221162351433364,5.522116235143336
43,0.8,1.2,2.0,1.05968085927186,2.2596808592718602,1.2024696947104985,3.2024696947104987
44,0.8,1.2,2.0,1.9521690393282418,3.1521690393282418,3.715334311647007,5.715334311647007
45,0.8,1.2,2.0,1.3017800350053386,2.5017800350053383,3.281507463175453,5.281507463175452
46,0.8,1.2,2.0,2.2755058349460873,3.4755058349460874,3.30048359486826,5.300483594868259
47,0.8,1.2,2.0,2.6122822676757247,3.8122822676757244,2.970348796644819,4.970348796644819
48,0.8,1.2,2.0,1.5182438354113315,1.5182438354113315,2.8332425124016605,4.83324251240166
49,0.8,1.2,2.0,1.410054215346154,1.410054215346154,2.312568719507966,4.312568719507966
50,0.8,1.2,2.0,0.31504154890930003,1.5150415489092999,1.0875441190216177,3.087544119021618
51,0.8,1.2,2.0,0.5453985386430854,1.7453985386430853,1.0908221997792458,3.0908221997792458
52,0.8,1.2,2.0,0.3515491364013,0.3515491364013,2.402790028891097,4.402790028891097
53,0.8,1.2,2.0,0.6841048649383559,1.8841048649383558,1.6425539272940164,3.6425539272940166
54,0.8,1.2,2.0,-0.31624940226653886,-0.31624940226653886,1.6555172363516313,3.6555172363516304
55,0.8,1.2,2.0,0.1677819939322514,1.3677819939322515,2.410033608551818,4.410033608551819
56,0.8,1.2,2.0,-2.0468332396513027,-2.0468332396513027,-0.7156280404333304,1.2843719595666696
57,0.8,1.2,2.0,2.1405472194045045,3.3405472194045043,2.579041654274016,4.579041654274015
58,0.8,1.2,2.0,0.7280078107840005,1.9280078107840002,3.0673223052506646,5.067322305250665
59,0.8,1.2,2.0,0.6958311026286039,0.6958311026286039,1.9883295817683098,3.9883295817683098
60,0.8,1.2,2.0,2.2482702010888467,2.2482702010888467,6.045293648814782,8.045293648814782
61,0.8,1.2,2.0,0.2954325059564384,1.4954325059564384,1.2689614401279639,3.268961440127964
62,0.8,1.2,2.0,1.8438781930976988,1.8438781930976988,3.474589226114628,5.474589226114627
63,0.8,1.2,2.0,-0.6929118926198652,-0.6929118926198652,0.6300626116971676,2.6300626116971677
64,0.8,1.2,2.0,3.0732432890054855,4.273243289005485,4.091389163409223,6.0913891634092225
65,0.8,1.2,2.0,1.8004781724266221,1.8004781724266221,2.6839319387976266,4.6839319387976275
66,0.8,1.2,2.0,0.9472066630466185,0.9472066630466185,2.4001199547451706,4.400119954745171
67,0.8,1.2,2.0,1.820461810950914,1.820461810950914,3.271892548315082,5.271892548315082
68,0.8,1.2,2.0,-0.8073404237887422,0.3926595762112577,1.2545771173227693,3.254577117322769
69,0.8,1.2,2.0,0.46877788560765227,0.46877788560765227,1.9492236201628472,3.9492236201628472
70,0.8,1.2,2.0,1.886859098937895,1.886859098937895,2.3857090585363427,4.385709058536343
71,0.8,1.2,2.0,-1.7497660778963413,-1.7497660778963413,-1.3317573391629092,0.6682426608370908
72,0.8,1.2,2.0,0.7204716107577607,0.7204716107577607,0.1708772250538837,2.170877225053884
73,0.8,1.2,2.0,0.7563404740446704,0.7563404740446704,3.233663860416658,5.233663860416659
74,0.8,1.2,2.0,2.618374040038292,2.618374040038292,3.1766325753281963,5.176632575328196
75,0.8,1.2,2.0,-1.0402276989010668,-1.0402276989010668,0.9556979084509529,2.955697908450953
76,0.8,1.2,2.0,2.3167766632519635,2.3167766632519635,3.731424591508051,5.73142459150805
77,0.8,1.2,2.0,-0.187646537049863,1.012353462950137,1.0306347645222371,3.030634764522237
78,0.8,1.2,2.0,0.10055244741115943,0.10055244741115943,1.0148125103541654,3.014812510354165
79,0.8,1.2,2.0,-0.5343272687695921,-0.5343272687695921,-0.19700807860279812,1.8029919213972019
80,0.8,1.2,2.0,-0.6806559993829967,0.5193440006170034,-0.7110607078190194,1.2889392921809806
81,0.8,1.2,2.0,1.0405549187211458,2.2405549187211458,3.860375355037565,5.860375355037564
82,0.8,1.2,2.0,-0.8109096971013509,0.389090302898649,0.1706661935225649,2.1706661935225644
83,0.8,1.2,2.0,1.1313681796833939,1.1313681796833939,3.18402515655803,5.184025156558031
84,0.8,1.2,2.0,-0.2774874151692522,-0.2774874151692522,2.031071943676333,4.031071943676333
85,0.8,1.2,2.0,-1.0717856995253596,-1.0717856995253596,-0.7218005587423817,1.2781994412576185
86,0.8,1.2,2.0,0.11828259787578,0.11828259787578,1.6391828599607408,3.6391828599607403
87,0.8,1.2,2.0,0.6958864896954886,0.6958864896954886,1.6470167971462917,3.647016797146291
88,0.8,1.2,2.0,0.2263949736872869,1.426394973687287,0.07167999441593542,2.071679994415936
89,0.8,1.2,2.0,0.6784341160045712,0.6784341160045712,1.5891034718814967,3.5891034718814967
90,0.8,1.2,2.0,1.3301668146450671,2.5301668146450673,3.0069796400902837,5.006979640090283
91,0.8,1.2,2.0,1.7820369843087844,1.7820369843087844,2.416084751092484,4.416084751092484
92,0.8,1.2,2.0,0.16035904605774193,0.16035904605774193,0.8158187537839959,2.8158187537839963
93,0.8,1.2,2.0,-0.6712115091894046,0.5287884908105953,0.07076197301611947,2.0707619730161193
94,0.8,1.2,2.0,0.5521790156505965,1.7521790156505965,3.64776470477942,5.64776470477942
95,0.8,1.2,2.0,0.4644492559166628,0.4644492559166628,-0.7070665679793826,1.2929334320206176
96,0.8,1.2,2.0,-1.3948590476988767,-0.19485904769887674,-0.18263824315623522,1.8173617568437648
97,0.8,1.2,2.0,-0.7874181807139058,-0.7874181807139058,-0.30529718043695114,1.694702819563049
98,0.8,1.2,2.0,-0.5183609442433854,-0.5183609442433854,-0.35846521826611544,1.6415347817338843
99,0.8,1.2,2.0,0.41211007929665444,1.6121100792966543,1.2141892174850764,3.2141892174850764
100,0.8,1.2,2.0,-0.532677620234804,-0.532677620234804,0.9536028125266067,2.953602812526607
101,0.8,1.2,2.0,1.0935919588850829,1.0935919588850829,2.7424830420977657,4.742483042097765
102,0.8,1.2,2.0,-0.7153647121225979,-0.7153647121225979,0.7304980698693684,2.730498069869369
103,0.8,1.2,2.0,-1.1865978885128523,-1.1865978885128523,0.8348906337314896,2.8348906337314896
104,0.8,1.2,2.0,0.38736585902866355,0.38736585902866355,2.803701967822657,4.803701967822657
105,0.8,1.2,2.0,0.04426189185718021,0.04426189185718021,1.673914297805819,3.673914297805819
106,0.8,1.2,2.0,-1.0162751402183927,0.18372485978160724,-0.6035551029391376,1.3964448970608623
107,0.8,1.2,2.0,-0.39175545912073917,0.8082445408792608,0.9126816791100212,2.912681679110021
108,0.8,1.2,2.0,-0.002753740189258058,-0.002753740189258058,1.4286403037691988,3.428640303769199
109,0.8,1.2,2.0,0.35879449421507303,0.35879449421507303,0.7112246880600003,2.71122468806
110,0.8,1.2,2.0,0.13368535633158687,1.3336853563315867,-0.7812176223611409,1.2187823776388589
111,0.8,1.2,2.0,-0.031251791359804715,-0.031251791359804715,-0.9671426840251889,1.0328573159748116
112,0.8,1.2,2.0,2.0491569807079566,3.2491569807079568,3.166559591286564,5.166559591286563
113,0.8,1.2,2.0,0.8099596530245339,2.009959653024534,1.989169376752093,3.9891693767520935
114,0.8,1.2,2.0,-0.7409308769578582,-0.7409308769578582,-1.2119240254879635,0.7880759745120363
115,0.8,1.2,2.0,0.6161503456817339,0.6161503456817339,2.6766085797758703,4.676608579775871
116,0.8,1.2,2.0,0.46516750588646427,0.46516750588646427,1.511487113370116,3.5114871133701158
117,0.8,1.2,2.0,1.7845243379041922,1.7845243379041922,4.180512195090485,6.180512195090485
118,0.8,1.2,2.0,-0.0938267852593182,-0.0938267852593182,1.2810795138289612,3.2810795138289617
119,0.8,1.2,2.0,1.747872365116848,2.947872365116848,2.0018945715018797,4.00189457150188
120,0.8,1.2,2.0,0.4700477875405703,0.4700477875405703,1.880457875336114,3.880457875336115
121,0.8,1.2,2.0,1.6845172686622067,2.884517268662207,3.149928465009935,5.1499284650099355
122,0.8,1.2,2.0,1.8446741431263027,3.0446741431263025,2.33290568423056,4.33290568423056
123,0.8,1.2,2.0,0.76297830978413,0.76297830978413,0.36488464926860775,2.3648846492686078
124,0.8,1.2,2.0,0.6454736515560704,0.6454736515560704,2.017607230910764,4.017607230910764
125,0.8,1.2,2.0,1.2571392834538293,1.2571392834538293,1.4233168973205603,3.4233168973205594
126,0.8,1.2,2.0,0.42661129061768677,1.6266112906176866,2.6188731655087203,4.61887316550872
127,0.8,1.2,2.0,2.6192979733442034,2.6192979733442034,3.5047818711615233,5.504781871161524
128,0.8,1.2,2.0,0.2218411618801567,1.4218411618801567,2.7086896575088852,4.708689657508885
129,0.8,1.2,2.0,-0.09756809233776154,1.1024319076622384,-1.3496770664065467,0.6503229335934533
130,0.8,1.2,2.0,-0.2375878684955831,0.9624121315044167,0.71189254736846,2.7118925473684596
131,0.8,1.2,2.0,-0.8299785261454378,0.3700214738545622,1.5214521533247287,3.521452153324729
132,0.8,1.2,2.0,0.6435532838264302,1.8435532838264301,0.4779117384278717,2.4779117384278715
133,0.8,1.2,2.0,-0.1294659185951813,1.0705340814048188,0.8383633351406641,2.8383633351406643
134,0.8,1.2,2.0,1.531481443058115,2.731481443058115,2.0840011892743164,4.084001189274316
135,0.8,1.2,2.0,-1.2341769423523705,-0.034176942352370565,-1.212105843405185,0.7878941565948151
136,0.8,1.2,2.0,0.3225677246109878,1.5225677246109877,1.364074549483761,3.3640745494837603
137,0.8,1.2,2.0,1.744277912732512,2.9442779127325123,1.5115590812234474,3.5115590812234476
138,0.8,1.2,2.0,-1.400809094255322,-1.400809094255322,-0.3441525620066714,1.6558474379933288
139,0.8,1.2,2.0,3.117284811299722,4.3172848112997215,5.032625227322653,7.032625227322652
140,0.8,1.2,2.0,0.9488735426040894,2.1488735426040892,2.3165523244189123,4.316552324418912
141,0.8,1.2,2.0,0.7654182121449382,1.9654182121449382,0.8480958988143619,2.8480958988143623
142,0.8,1.2,2.0,0.7745877895067845,0.7745877895067845,2.6068655641019136,4.606865564101914
143,0.8,1.2,2.0,0.5865151718961609,1.7865151718961607,1.8903628773667491,3.8903628773667487
144,0.8,1.2,2.0,0.8541973769628329,2.0541973769628328,0.866552498127859,2.8665524981278585
145,0.8,1.2,2.0,1.2535022551132697,2.45350225511327,0.7968064710286631,2.796806471028664
146,0.8,1.2,2.0,0.8944635348679071,0.8944635348679071,0.8594676668381458,2.859467666838146
147,0.8,1.2,2.0,2.0772521003143614,3.277252100314361,3.500105905989615,5.5001059059896145
148,0.8,1.2,2.0,0.9800902769296818,2.1800902769296817,2.2275049986089503,4.22750499860895
149,0.8,1.2,2.0,2.78442958911938,3.9844295891193804,4.787708347722623,6.7877083477226225
150,0.8,1.2,2.0,1.4481934104712595,2.6481934104712592,2.153452905909713,4.153452905909713
151,0.8,1.2,2.0,-1.3533405768798692,-0.15334057687986924,-1.309801781787714,0.6901982182122861
152,0.8,1.2,2.0,2.800406552540098,4.000406552540098,4.512122290389435,6.512122290389435
153,0.8,1.2,2.0,-0.5767489918885259,-0.5767489918885259,-0.4651340942805613,1.5348659057194387
154,0.8,1.2,2.0,1.8496516424797358,3.049651642479736,2.938938116519048,4.938938116519048
155,0.8,1.2,2.0,0.5106586778739423,0.5106586778739423,-0.0500226714050962,1.949977328594904
156,0.8,1.2,2.0,2.0914692316765446,3.291469231676544,2.875244790069722,4.875244790069721
157,0.8,1.2,2.0,-0.1493965544239283,1.0506034455760715,1.8860546708121622,3.886054670812162
158,0.8,1.2,2.0,1.4205663963965052,1.4205663963965052,1.900839731931259,3.9008397319312587
159,0.8,1.2,2.0,0.09702077504384898,0.09702077504384898,1.811665476787518,3.8116654767875184
160,0.8,1.2,2.0,1.7235199816647813,1.7235199816647813,0.1555115321931826,2.1555115321931826
161,0.8,1.2,2.0,0.6491331387472978,1.8491331387472978,0.8967181266576374,2.8967181266576376
162,0.8,1.2,2.0,1.2183748219408401,2.4183748219408403,1.901974963155557,3.9019749631555576
163,0.8,1.2,2.0,-1.0255359517425209,-1.0255359517425209,2.1426982980869176,4.142698298086917
164,0.8,1.2,2.0,0.16801131644405892,1.368011316444059,-0.16532889941527018,1.83467110058473
165,0.8,1.2,2.0,1.1620983961791993,1.1620983961791993,3.000789532373558,5.000789532373558
166,0.8,1.2,2.0,0.4527367530135993,1.6527367530135995,2.329083098644988,4.329083098644988
167,0.8,1.2,2.0,1.7406291175801238,1.7406291175801238,2.2054540729106984,4.205454072910698
168,0.8,1.2,2.0,0.24958104469430448,0.24958104469430448,0.9530472891427875,2.9530472891427872
169,0.8,1.2,2.0,0.5017957357372035,0.5017957357372035,1.612096930017489,3.612096930017489
170,0.8,1.2,2.0,1.6689980065743617,2.868998006574362,1.1793605341547455,3.1793605341547453
171,0.8,1.2,2.0,-1.9751253120741739,-1.9751253120741739,-1.5611860630214087,0.4388139369785911
172,0.8,1.2,2.0,1.2231721620829654,2.4231721620829654,3.588498643325798,5.5884986433257975
173,0.8,1.2,2.0,0.0296201299042127,0.0296201299042127,1.4612782447004773,3.461278244700477
174,0.8,1.2,2.0,-0.7799998536837958,-0.7799998536837958,-0.1818722959204882,1.8181277040795119
175,0.8,1.2,2.0,0.4531629519800943,0.4531629519800943,1.3106477989526537,3.310647798952654
176,0.8,1.2,2.0,1.7792276721252913,1.7792276721252913,3.394650621199487,5.394650621199486
177,0.8,1.2,2.0,2.0128712084073115,3.2128712084073117,4.101099607599512,6.101099607599512
178,0.8,1.2,2.0,0.4128844531654028,0.4128844531654028,0.8884686285009883,2.8884686285009886
179,0.8,1.2,2.0,1.3401494659279838,2.5401494659279837,3.8511427439856765,5.851142743985677
180,0.8,1.2,2.0,1.4538157403266072,1.4538157403266072,3.827329169451777,5.827329169451776
181,0.8,1.2,2.0,0.8044292520188806,0.8044292520188806,2.742887230713458,4.742887230713459
182,0.8,1.2,2.0,-0.1272658015790511,-0.1272658015790511,0.07365083284782903,2.073650832847829
183,0.8,1.2,2.0,-0.25851220037245104,-0.25851220037245104,-0.3609215533097916,1.6390784466902082
184,0.8,1.2,2.0,1.6697399618861035,2.8697399618861037,2.564393907301488,4.564393907301488
185,0.8,1.2,2.0,0.5864801178257933,1.7864801178257932,1.732996503162527,3.7329965031625267
186,0.8,1.2,2.0,-0.08545542213179069,-0.08545542213179069,-0.5467960892916446,1.4532039107083559
187,0.8,1.2,2.0,-1.129892504342553,0.070107495657447,0.4014475166470844,2.4014475166470843
188,0.8,1.2,2.0,0.9644907425802294,2.164490742580229,3.0070592000846013,5.0070592000846
189,0.8,1.2,2.0,-0.45722618203792326,0.7427738179620766,0.8456161179438211,2.845616117943821
190,0.8,1.2,2.0,1.3256661353253565,2.5256661353253564,1.9797989189673713,3.9797989189673713
191,0.8,1.2,2.0,2.2568066233041124,3.4568066233041126,2.8071363700602814,4.807136370060282
192,0.8,1.2,2.0,-0.8627802408382653,0.33721975916173474,0.40116826067929323,2.4011682606792935
193,0.8,1.2,2.0,0.3399064231463587,1.5399064231463586,1.1099652435809813,3.109965243580982
194,0.8,1.2,2.0,0.767739141453791,0.767739141453791,2.5030691741581395,4.50306917415814
195,0.8,1.2,2.0,0.5476291710149142,1.747629171014914,1.9279414072118513,3.927941407211851
196,0.8,1.2,2.0,1.4707418927336868,1.4707418927336868,3.383687017837184,5.3836870178371825
197,0.8,1.2,2.0,-0.6364537762556945,0.5635462237443054,-0.6399118462474076,1.3600881537525924
198,0.8,1.2,2.0,0.95141641184789,2.1514164118478902,2.094114335125284,4.094114335125284
199,0.8,1.2,2.0,1.52998721497768,1.52998721497768,2.1654878376723428,4.165487837672343
200,0.8,1.2,2.0,0.26459006648586353,1.4645900664858633,1.1332664428455996,3.133266442845599
201,0.8,1.2,2.0,0.46382537174655647,1.6638253717465563,2.3957491341750874,4.3957491341750865
202,0.8,1.2,2.0,1.3406939273790373,1.3406939273790373,3.5953161726930243,5.595316172693024
203,0.8,1.2,2.0,0.8719925499603118,2.071992549960312,3.288553181724315,5.288553181724315
204,0.8,1.2,2.0,1.27553424535018,2.47553424535018,2.8299122543738187,4.829912254373819
205,0.8,1.2,2.0,0.44622889609190997,1.6462288960919098,0.9261776851299113,2.9261776851299106
206,0.8,1.2,2.0,-0.49658782619468655,-0.49658782619468655,0.2407900239689062,2.2407900239689056
207,0.8,1.2,2.0,1.237297416617082,1.237297416617082,0.33389636016383895,2.333896360163839
208,0.8,1.2,2.0,1.3011392440631497,2.50113924406315,3.397111676877028,5.397111676877029
209,0.8,1.2,2.0,0.422637183611673,0.422637183611673,0.9251082964402528,2.925108296440253
210,0.8,1.2,2.0,-1.0943923387599104,-1.0943923387599104,0.3446800331028377,2.3446800331028372
211,0.8,1.2,2.0,0.6600250567067133,0.6600250567067133,2.5222020909203486,4.522202090920349
212,0.8,1.2,2.0,0.2964880616186991,0.2964880616186991,-0.214105990979353,1.785894009020647
213,0.8,1.2,2.0,-0.635410790008492,0.564589209991508,-0.5526308839492431,1.4473691160507571
214,0.8,1.2,2.0,-0.005388893577086995,1.1946111064229128,2.4447971268116913,4.444797126811691
215,0.8,1.2,2.0,-1.00767131586713,0.19232868413286996,0.21722958094402198,2.217229580944022
216,0.8,1.2,2.0,1.4081195725778253,2.608119572577825,2.02808547334023,4.02808547334023
217,0.8,1.2,2.0,0.8273899460032291,0.8273899460032291,1.8086660222764708,3.80866602227647
218,0.8,1.2,2.0,-0.7445637325814214,-0.7445637325814214,1.6091527937399661,3.6091527937399666
219,0.8,1.2,2.0,0.8051131578070105,0.8051131578070105,2.7085265016913347,4.708526501691335
220,0.8,1.2,2.0,0.23470826910849782,0.23470826910849782,-0.370562015465286,1.6294379845347138
221,0.8,1.2,2.0,0.9492566376902549,0.9492566376902549,3.5387687179860476,5.538768717986048
222,0.8,1.2,2.0,0.18121660362593872,0.18121660362593872,2.195863992878863,4.195863992878863
223,0.8,1.2,2.0,-0.24850739320691084,-0.24850739320691084,0.6343320291422452,2.634332029142245
224,0.8,1.2,2.0,-0.5961610481278168,-0.5961610481278168,-1.0047611056612105,0.9952388943387895
225,0.8,1.2,2.0,-0.011023282060042439,1.1889767179399575,2.0610833143264577,4.061083314326457
226,0.8,1.2,2.0,0.5872935956227185,1.7872935956227185,2.109366761945119,4.109366761945119
227,0.8,1.2,2.0,1.403200676684968,2.6032006766849682,1.4488971061139868,3.4488971061139875
228,0.8,1.2,2.0,0.8723335055763982,2.0723335055763985,2.0156243524743553,4.015624352474356
229,0.8,1.2,2.0,-0.17929255416416512,1.0207074458358347,3.7762317185165593,5.776231718516559
230,0.8,1.2,2.0,0.0623817235297654,0.0623817235297654,1.0214068086343517,3.0214068086343517
231,0.8,1.2,2.0,2.568692184955832,3.7686921849558317,2.5340331902527744,4.534033190252774
232,0.8,1.2,2.0,-0.4479372556872547,-0.4479372556872547,-0.5745752837865925,1.425424716213407
233,0.8,1.2,2.0,0.036709492530909604,0.036709492530909604,2.871929476678397,4.871929476678397
234,0.8,1.2,2.0,4.155610194634618,4.155610194634618,6.244540408389953,8.244540408389954
235,0.8,1.2,2.0,0.7022881511374699,0.7022881511374699,2.963910497505976,4.963910497505975
236,0.8,1.2,2.0,-1.0762245979240346,-1.0762245979240346,0.041131398154563986,2.041131398154564
237,0.8,1.2,2.0,0.6985004950556668,1.8985004950556668,2.5230619244407224,4.523061924440722
238,0.8,1.2,2.0,-0.4588386653646199,0.7411613346353801,-0.33969223902151213,1.6603077609784882
239,0.8,1.2,2.0,1.0903371842472283,2.290337184247228,2.0404452827903734,4.040445282790373
240,0.8,1.2,2.0,0.13020589241949646,1.3302058924194966,1.3113715219190178,3.311371521919018
241,0.8,1.2,2.0,-0.20285408293968382,0.9971459170603161,2.0042206933020195,4.0042206933020195
242,0.8,1.2,2.0,2.0808862025518158,2.0808862025518158,3.3808767318417594,5.38087673184176
243,0.8,1.2,2.0,0.5390828352522555,1.7390828352522556,0.5620254152447144,2.5620254152447144
244,0.8,1.2,2.0,1.0328758638319102,2.23287586383191,1.8035406536740861,3.803540653674086
245,0.8,1.2,2.0,1.5736938131284357,1.5736938131284357,1.3231300330738547,3.3231300330738547
246,0.8,1.2,2.0,-0.33067129817530777,-0.33067129817530777,-1.9091245477003813,0.09087545229961869
247,0.8,1.2,2.0,0.7823187467218162,1.9823187467218162,2.3943030011391753,4.394303001139175
248,0.8,1.2,2.0,2.2602894511808547,3.460289451180855,3.2529282705387734,5.252928270538773
249,0.8,1.2,2.0,1.5062581942896756,1.5062581942896756,2.8258543291574894,4.825854329157489
250,0.8,1.2,2.0,1.9501726156989037,3.150172615698904,3.54680596930045,5.54680596930045
251,0.8,1.2,2.0,1.2400125161654993,1.2400125161654993,3.563373109852492,5.563373109852493
252,0.8,1.2,2.0,0.8144492150537648,0.8144492150537648,2.4172482800694497,4.417248280069449
253,0.8,1.2,2.0,1.2700958243394955,1.2700958243394955,4.543908183438426,6.543908183438426
254,0.8,1.2,2.0,0.3411800054391535,0.3411800054391535,1.6464977238107836,3.6464977238107834
255,0.8,1.2,2.0,-0.8248221393776245,0.37517786062237546,0.42833575501394827,2.428335755013949
256,0.8,1.2,2.0,0.6431290770099181,0.6431290770099181,2.038985414726866,4.0389854147268665
257,0.8,1.2,2.0,0.8516163076811527,2.0516163076811527,0.65307396044086,2.65307396044086
258,0.8,1.2,2.0,-0.02893194263555854,-0.02893194263555854,1.851835448758544,3.8518354487585444
259,0.8,1.2,2.0,0.7975301293498824,1.9975301293498826,-0.6747004835686119,1.3252995164313885
260,0.8,1.2,2.0,0.10883874784411658,1.3088387478441166,0.247606728894342,2.247606728894342
261,0.8,1.2,2.0,1.2022397679063688,2.402239767906369,2.177535369679048,4.177535369679049
262,0.8,1.2,2.0,1.0831961340630447,2.2831961340630444,1.240156312647891,3.24015631264789
263,0.8,1.2,2.0,0.736804254472718,1.936804254472718,1.3314823093251478,3.331482309325148
264,0.8,1.2,2.0,-1.033811056947703,0.16618894305229692,1.6944990655157224,3.694499065515722
265,0.8,1.2,2.0,2.432184295444712,3.6321842954447123,4.630515885735418,6.630515885735419
266,0.8,1.2,2.0,0.6619237467748054,1.8619237467748055,1.178639229532032,3.178639229532032
267,0.8,1.2,2.0,0.46574234460540803,0.46574234460540803,1.0272616991667247,3.0272616991667247
268,0.8,1.2,2.0,0.26300607382037333,0.26300607382037333,0.05635340694836999,2.0563534069483707
269,0.8,1.2,2.0,0.02753494820782376,0.02753494820782376,1.7431598037295344,3.743159803729534
270,0.8,1.2,2.0,2.044083365927948,2.044083365927948,2.794357794135755,4.794357794135755
271,0.8,1.2,2.0,1.6695769103232254,1.6695769103232254,0.5587988327201079,2.5587988327201074
272,0.8,1.2,2.0,1.0393416820796633,1.0393416820796633,2.203424126224383,4.203424126224384
273,0.8,1.2,2.0,0.36331386604522775,1.5633138660452277,1.7828354299643554,3.7828354299643556
274,0.8,1.2,2.0,1.7470684776929317,1.7470684776929317,4.128843112654104,6.128843112654103
275,0.8,1.2,2.0,1.0458034525119455,2.2458034525119452,2.287119638430219,4.287119638430219
276,0.8,1.2,2.0,0.4255310474438513,0.4255310474438513,1.13002919516877,3.13002919516877
277,0.8,1.2,2.0,0.6091887585978999,1.8091887585978998,3.4428419971484745,5.442841997148474
278,0.8,1.2,2.0,-0.2748811885404702,-0.2748811885404702,0.509222673162398,2.509222673162398
279,0.8,1.2,2.0,1.109607149930092,1.109607149930092,3.0673975721457998,5.0673975721458
280,0.8,1.2,2.0,0.7830456931657771,0.7830456931657771,1.2960558948189465,3.296055894818946
281,0.8,1.2,2.0,1.2469790422754077,2.446979042275408,3.032917374589563,5.032917374589562
282,0.8,1.2,2.0,-0.6425127535678666,-0.6425127535678666,-1.447058943366803,0.5529410566331969
283,0.8,1.2,2.0,1.4883678973439949,2.688367897343995,2.2117880479369973,4.211788047936997
284,0.8,1.2,2.0,-0.26998539148619627,-0.26998539148619627,-0.3873755632693776,1.6126244367306222
285,0.8,1.2,2.0,-0.405695856945582,0.794304143054418,-0.23275531569794505,1.767244684302055
286,0.8,1.2,2.0,-0.17038250138072875,-0.17038250138072875,1.9857825773603524,3.985782577360352
287,0.8,1.2,2.0,-0.4929366110667224,0.7070633889332776,-0.05251905949911628,1.9474809405008837
288,0.8,1.2,2.0,1.5314023228925358,1.5314023228925358,3.2601518080378686,5.260151808037868
289,0.8,1.2,2.0,-0.5567038319308638,-0.5567038319308638,1.9021271129654653,3.902127112965465
290,0.8,1.2,2.0,-0.22996281782646005,-0.22996281782646005,0.7217622149570287,2.7217622149570286
291,0.8,1.2,2.0,1.6798144970245765,1.6798144970245765,3.62318612643948,5.62318612643948
292,0.8,1.2,2.0,-0.024813948222909832,-0.024813948222909832,1.5367845123362591,3.5367845123362587
293,0.8,1.2,2.0,0.7533049067598504,1.9533049067598502,2.1640402319420144,4.164040231942015
294,0.8,1.2,2.0,-1.282026533195925,-1.282026533195925,-0.04504263206525516,1.9549573679347447
295,0.8,1.2,2.0,1.2618961282697794,1.2618961282697794,4.054464165359696,6.054464165359695
296,0.8,1.2,2.0,1.3996899706027992,2.599689970602799,1.7977235423687365,3.7977235423687365
297,0.8,1.2,2.0,1.3277441010295767,1.3277441010295767,1.427741998790922,3.4277419987909212
298,0.8,1.2,2.0,0.9259554537975567,0.9259554537975567,0.8336579918779554,2.8336579918779554
299,0.8,1.2,2.0,0.046572576275901875,1.246572576275902,1.68965618951674,3.68965618951674
300,0.8,1.2,2.0,0.07402197817624845,1.2740219781762483,2.2689886980474236,4.268988698047424
301,0.8,1.2,2.0,0.20323575758323453,1.4032357575832344,1.0116688670821365,3.0116688670821365
302,0.8,1.2,2.0,1.329747105286829,1.329747105286829,-0.1130387251357452,1.8869612748642548
303,0.8,1.2,2.0,1.5239526758360464,2.7239526758360464,2.021961538652598,4.021961538652598
304,0.8,1.2,2.0,-0.29186179413729246,-0.29186179413729246,1.190287339045125,3.1902873390451254
305,0.8,1.2,2.0,0.5214344644744803,1.7214344644744801,1.4424464563258779,3.442446456325878
306,0.8,1.2,2.0,-0.11598464619619797,1.0840153538038018,0.8537833984183791,2.853783398418379
307,0.8,1.2,2.0,-0.7285475574125132,0.47145244258748664,-0.3187832101592864,1.6812167898407133
308,0.8,1.2,2.0,1.06766475503099,1.06766475503099,3.3417627986805463,5.341762798680547
309,0.8,1.2,2.0,0.2593039083571163,0.2593039083571163,1.719026758509294,3.719026758509294
310,0.8,1.2,2.0,0.06715681532729767,1.2671568153272976,2.0000826087730887,4.000082608773089
311,0.8,1.2,2.0,-0.6259089874484538,0.5740910125515459,0.7686390733737665,2.768639073373766
312,0.8,1.2,2.0,-0.9320774965267983,0.26792250347320157,0.6801080028699606,2.680108002869961
313,0.8,1.2,2.0,0.651754230155698,1.851754230155698,2.459112823570218,4.4591128235702175
314,0.8,1.2,2.0,0.546602977196574,1.746602977196574,0.7063269808084518,2.706326980808452
315,0.8,1.2,2.0,-0.12690435712319847,-0.12690435712319847,1.4117563736113414,3.4117563736113414
316,0.8,1.2,2.0,1.0617681415968152,1.0617681415968152,2.793962122836393,4.793962122836393
317,0.8,1.2,2.0,0.4544172029747991,0.4544172029747991,2.622867832341484,4.622867832341484
318,0.8,1.2,2.0,0.8676581636085671,0.8676581636085671,2.1442805472322246,4.144280547232225
319,0.8,1.2,2.0,0.6139643901907481,0.6139643901907481,0.8466306583781826,2.846630658378183
320,0.8,1.2,2.0,-0.6406087221415655,0.5593912778584345,-0.6875867763385416,1.3124132236614585
321,0.8,1.2,2.0,0.8488226738639124,2.048822673863912,1.5701446610945138,3.570144661094514
322,0.8,1.2,2.0,-0.8198698292698703,0.38013017073012967,0.3314638673656226,2.3314638673656227
323,0.8,1.2,2.0,1.3908126486768437,1.3908126486768437,2.502825966062715,4.502825966062714
324,0.8,1.2,2.0,-0.21188850989375574,0.9881114901062442,-0.18544677777841756,1.8145532222215823
325,0.8,1.2,2.0,1.9644263738274894,3.164426373827489,2.1988355710417986,4.198835571041799
326,0.8,1.2,2.0,0.3807766610996787,1.5807766610996787,-0.5715901755792758,1.4284098244207244
327,0.8,1.2,2.0,1.0909214396139448,2.290921439613945,-1.3429615353847135,0.6570384646152863
328,0.8,1.2,2.0,-0.6427091404577756,0.5572908595422243,0.21211840200765905,2.212118402007659
329,0.8,1.2,2.0,-0.5293718585072651,0.6706281414927349,2.5564570781166274,4.556457078116628
330,0.8,1.2,2.0,0.7254509941386882,0.7254509941386882,3.41857454945686,5.41857454945686
331,0.8,1.2,2.0,2.1238656234097717,3.3238656234097714,2.4478798979421446,4.447879897942144
332,0.8,1.2,2.0,2.357869051584231,2.357869051584231,3.635279111154381,5.635279111154381
333,0.8,1.2,2.0,0.33168703510724884,0.33168703510724884,-0.27267856065866636,1.7273214393413343
334,0.8,1.2,2.0,2.033630420854636,2.033630420854636,1.5187774167084354,3.5187774167084354
335,0.8,1.2,2.0,0.2201700780374477,1.4201700780374478,0.029253898982320115,2.0292538989823203
336,0.8,1.2,2.0,1.2337995775486341,2.4337995775486343,1.7649888632305757,3.7649888632305757
337,0.8,1.2,2.0,-0.6435230801782795,0.5564769198217204,0.03978925413042805,2.039789254130428
338,0.8,1.2,2.0,1.0138033483286273,1.0138033483286273,2.3289072134457354,4.328907213445735
339,0.8,1.2,2.0,-1.4950994300244367,-1.4950994300244367,0.39917936690118544,2.399179366901185
340,0.8,1.2,2.0,-0.43896256998579186,0.761037430014208,0.3459088010639378,2.3459088010639375
341,0.8,1.2,2.0,0.27928994550133485,0.27928994550133485,0.857234014444343,2.857234014444343
342,0.8,1.2,2.0,-0.7211288334914455,0.4788711665085543,-0.7540679943756029,1.2459320056243965
343,0.8,1.2,2.0,0.948559682758958,0.948559682758958,0.6184693731482924,2.6184693731482924
344,0.8,1.2,2.0,1.5306252064241712,2.7306252064241714,1.1144309174504001,3.1144309174504
345,0.8,1.2,2.0,0.4835427117770841,1.683542711777084,2.456032449235553,4.456032449235553
346,0.8,1.2,2.0,-1.0879244387156208,0.11207556128437912,-0.8384799421648128,1.1615200578351872
347,0.8,1.2,2.0,-0.15151764341207047,-0.15151764341207047,-1.1408585912746947,0.8591414087253053
348,0.8,1.2,2.0,-0.28854042234617916,0.9114595776538209,0.7665518895288821,2.766551889528882
349,0.8,1.2,2.0,-0.07569187785210034,1.1243081221478997,-0.6408320895289723,1.3591679104710277
350,0.8,1.2,2.0,1.0448753393041343,2.2448753393041345,4.000443967887808,6.000443967887808
351,0.8,1.2,2.0,0.3044968607133888,1.5044968607133886,0.7993464616666943,2.799346461666694
352,0.8,1.2,2.0,2.428334435939843,2.428334435939843,4.279157218927645,6.279157218927645
353,0.8,1.2,2.0,-0.39068691814351364,-0.39068691814351364,1.5840873769371147,3.5840873769371147
354,0.8,1.2,2.0,2.1355622862451753,2.1355622862451753,2.343386571681376,4.343386571681376
355,0.8,1.2,2.0,-0.2206977695154022,-0.2206977695154022,1.0690436592371133,3.069043659237113
356,0.8,1.2,2.0,0.6426409759826994,1.8426409759826994,2.2426844813982796,4.242684481398279
357,0.8,1.2,2.0,1.7534256763576783,1.7534256763576783,2.9158520273075244,4.915852027307524
358,0.8,1.2,2.0,1.7124601240378357,1.7124601240378357,3.127629531203999,5.127629531203999
359,0.8,1.2,2.0,-0.1792614771220496,-0.1792614771220496,-0.6815599236290796,1.3184400763709203
360,0.8,1.2,2.0,1.0108111159992392,1.0108111159992392,2.535341599665693,4.535341599665693
361,0.8,1.2,2.0,0.8754223239285184,0.8754223239285184,1.3587536232653377,3.358753623265337
362,0.8,1.2,2.0,0.07507898071330865,1.2750789807133087,1.5012089768681485,3.5012089768681482
363,0.8,1.2,2.0,1.4158972112211625,1.4158972112211625,3.535850906154686,5.535850906154686
364,0.8,1.2,2.0,2.0449313474588497,3.2449313474588495,3.5020326385814418,5.502032638581442
365,0.8,1.2,2.0,0.9341979559667574,0.9341979559667574,2.2579158753923156,4.257915875392316
366,0.8,1.2,2.0,1.5107930433683627,1.5107930433683627,3.4492124490846745,5.449212449084674
367,0.8,1.2,2.0,0.9490785095569383,2.1490785095569382,2.4887719176832106,4.48877191768321
368,0.8,1.2,2.0,-1.2076516125422365,-1.2076516125422365,1.1233995453836254,3.1233995453836254
369,0.8,1.2,2.0,1.020916530755647,1.020916530755647,2.027327069659115,4.027327069659115
370,0.8,1.2,2.0,-0.26344401769293135,0.9365559823070686,1.0693900138465213,3.069390013846521
371,0.8,1.2,2.0,-0.08645912402960199,1.113540875970398,1.8478928960586414,3.8478928960586414
372,0.8,1.2,2.0,3.0606299583195997,4.2606299583195995,3.836034466643485,5.8360344666434845
373,0.8,1.2,2.0,0.503776585111148,0.503776585111148,0.3398679089464678,2.339867908946468
374,0.8,1.2,2.0,0.012371915772791287,1.2123719157727915,1.6739661037335742,3.6739661037335747
375,0.8,1.2,2.0,1.8188175292986202,3.0188175292986204,2.7236171449474944,4.723617144947494
376,0.8,1.2,2.0,0.2506189272614485,1.4506189272614487,0.5086221355962979,2.508622135596298
377,0.8,1.2,2.0,-0.008967650849490416,-0.008967650849490416,1.450541940757138,3.4505419407571383
378,0.8,1.2,2.0,1.1479954803662127,1.1479954803662127,3.178424036982158,5.1784240369821575
379,0.8,1.2,2.0,1.0240438737631017,1.0240438737631017,0.7151521997774439,2.7151521997774433
380,0.8,1.2,2.0,-1.1989068744135771,-1.1989068744135771,0.731878234611539,2.731878234611539
381,0.8,1.2,2.0,1.076353747625529,2.276353747625529,-0.43913767925154623,1.5608623207484533
382,0.8,1.2,2.0,0.4963993234116493,0.4963993234116493,1.3580228302022408,3.3580228302022403
383,0.8,1.2,2.0,1.5591736242125676,1.5591736242125676,4.079237628243362,6.079237628243362
384,0.8,1.2,2.0,-0.48168111186597545,-0.48168111186597545,-0.06033460320006995,1.9396653967999298
385,0.8,1.2,2.0,1.07084259259027,1.07084259259027,1.8405254009874912,3.840525400987491
386,0.8,1.2,2.0,2.037457145358087,2.037457145358087,3.6414960881265577,5.641496088126558
387,0.8,1.2,2.0,-0.21905224200647255,-0.21905224200647255,-0.8475984348637262,1.152401565136274
388,0.8,1.2,2.0,0.4640433320856385,0.4640433320856385,1.640975701487948,3.640975701487948
389,0.8,1.2,2.0,0.9715075279430165,2.1715075279430165,2.0909754357700354,4.090975435770035
390,0.8,1.2,2.0,-0.7811755177218844,-0.7811755177218844,1.7985922787483821,3.7985922787483823
391,0.8,1.2,2.0,0.07726391571803731,1.2772639157180374,-0.6204976026063149,1.3795023973936855
392,0.8,1.2,2.0,0.2913857881111224,0.2913857881111224,0.9207171887390773,2.920717188739077
393,0.8,1.2,2.0,0.11339961831513404,0.11339961831513404,0.0906886207638512,2.090688620763851
394,0.8,1.2,2.0,0.6867541242230951,0.6867541242230951,0.7442194748750379,2.744219474875038
395,0.8,1.2,2.0,0.7818508034449452,0.7818508034449452,3.0496442557537775,5.049644255753778
396,0.8,1.2,2.0,0.7053531986936448,0.7053531986936448,1.759652987106199,3.7596529871061986
397,0.8,1.2,2.0,0.12921358015597184,0.12921358015597184,0.7256730008046217,2.725673000804622
398,0.8,1.2,2.0,0.013591687884767167,1.213591687884767,0.5415880615652454,2.541588061565245
399,0.8,1.2,2.0,0.5404318228556095,0.5404318228556095,1.0832176870305068,3.0832176870305066
400,0.8,1.2,2.0,0.24384037990324015,0.24384037990324015,0.6291025499215697,2.6291025499215697
401,0.8,1.2,2.0,0.007267235903945679,1.2072672359039458,-0.2931003911516106,1.7068996088483899
402,0.8,1.2,2.0,0.8829724710831055,0.8829724710831055,1.663598147849297,3.6635981478492967
403,0.8,1.2,2.0,-1.0686032060499713,-1.0686032060499713,-0.2637042026186321,1.736295797381368
404,0.8,1.2,2.0,-0.3485886105763233,-0.3485886105763233,-0.1851335514245802,1.8148664485754198
405,0.8,1.2,2.0,0.37642235051677925,0.37642235051677925,1.6357020579681765,3.6357020579681762
406,0.8,1.2,2.0,-0.43586682460521864,-0.43586682460521864,0.7508548971298639,2.750854897129864
407,0.8,1.2,2.0,2.093935364610452,3.293935364610452,2.5137797168531186,4.513779716853119
408,0.8,1.2,2.0,0.7677175593321737,1.9677175593321736,1.7894872169707332,3.7894872169707337
409,0.8,1.2,2.0,0.07885156690965658,1.2788515669096567,2.8388632195996824,4.838863219599682
410,0.8,1.2,2.0,-0.372172406387889,-0.372172406387889,2.488966386599296,4.488966386599296
411,0.8,1.2,2.0,0.039565460394192856,0.039565460394192856,-0.3109618092241071,1.6890381907758927
412,0.8,1.2,2.0,-1.4153383002572255,-1.4153383002572255,-1.7965090908154453,0.2034909091845548
413,0.8,1.2,2.0,0.12670363185837355,0.12670363185837355,-0.06835253316465828,1.9316474668353418
414,0.8,1.2,2.0,-0.21217825867743367,-0.21217825867743367,1.9947624612403536,3.994762461240353
415,0.8,1.2,2.0,0.1371311953290651,0.1371311953290651,0.6816250824768559,2.681625082476856
416,0.8,1.2,2.0,-2.0005795417199415,-2.0005795417199415,-0.7213472817352713,1.2786527182647287
417,0.8,1.2,2.0,-0.30123795943028786,-0.30123795943028786,2.9135728731927544,4.913572873192755
418,0.8,1.2,2.0,2.362232244194641,2.362232244194641,3.617304676337717,5.617304676337717
419,0.8,1.2,2.0,1.3096563686897005,2.5096563686897007,3.002077503501793,5.002077503501794
420,0.8,1.2,2.0,2.2251151027860505,2.2251151027860505,4.016253030000323,6.016253030000323
421,0.8,1.2,2.0,1.9153592672011566,3.1153592672011565,2.345567247192029,4.3455672471920295
422,0.8,1.2,2.0,0.9217679570162387,0.9217679570162387,2.813450043992605,4.813450043992606
423,0.8,1.2,2.0,-0.13118879103875553,1.0688112089612443,-0.09976967057868835,1.9002303294213112
424,0.8,1.2,2.0,-0.9814119000351276,-0.9814119000351276,1.062360583896045,3.062360583896045
425,0.8,1.2,2.0,1.380304449329601,1.380304449329601,1.6152267133737506,3.6152267133737506
426,0.8,1.2,2.0,0.45716296796506173,0.45716296796506173,0.9075919098140812,2.907591909814082
427,0.8,1.2,2.0,3.235098322195487,3.235098322195487,3.3073275024444158,5.307327502444416
428,0.8,1.2,2.0,0.6511329733390407,1.851132973339041,1.0710275287555904,3.071027528755591
429,0.8,1.2,2.0,2.058241400167368,2.058241400167368,2.3550407747634243,4.355040774763425
430,0.8,1.2,2.0,0.4610564497822205,0.4610564497822205,-0.8917266144764076,1.1082733855235927
431,0.8,1.2,2.0,1.52388541551144,2.72388541551144,2.082444286504337,4.082444286504337
432,0.8,1.2,2.0,2.3391008637714155,2.3391008637714155,2.926066044222539,4.926066044222539
433,0.8,1.2,2.0,-0.5622759233870304,0.6377240766129695,1.2015178450872563,3.201517845087256
434,0.8,1.2,2.0,-0.5342698260451277,0.6657301739548722,0.5225297471421917,2.522529747142192
435,0.8,1.2,2.0,-0.25449012822798556,-0.25449012822798556,0.2235318389864145,2.2235318389864145
436,0.8,1.2,2.0,-0.9114447021008428,-0.9114447021008428,-0.49099560408849596,1.5090043959115043
437,0.8,1.2,2.0,1.0068967790128835,1.0068967790128835,1.665498692817275,3.665498692817275
438,0.8,1.2,2.0,-0.017554093635928497,1.1824459063640715,2.2544519785819825,4.254451978581983
439,0.8,1.2,2.0,0.3560813401838696,0.3560813401838696,0.4029200043899167,2.4029200043899164
440,0.8,1.2,2.0,1.1846062671817552,1.1846062671817552,1.550423690370085,3.5504236903700845
441,0.8,1.2,2.0,-1.4141601359958362,-1.4141601359958362,-1.5805931558002682,0.41940684419973184
442,0.8,1.2,2.0,1.8853646046417991,3.085364604641799,1.4690575256621101,3.46905752566211
443,0.8,1.2,2.0,0.2594823928387356,1.4594823928387355,1.638870387249999,3.638870387249999
444,0.8,1.2,2.0,1.4285998028963074,2.6285998028963076,2.8956354650751503,4.895635465075151
445,0.8,1.2,2.0,1.0178769939692334,2.217876993969233,3.2320816166317092,5.232081616631709
446,0.8,1.2,2.0,1.4277392157101212,2.627739215710121,3.1737766600679045,5.1737766600679045
447,0.8,1.2,2.0,0.7153093371885614,0.7153093371885614,4.325870535034766,6.325870535034766
448,0.8,1.2,2.0,-1.7230839106721072,-0.5230839106721072,-0.863254312632654,1.136745687367346
449,0.8,1.2,2.0,0.891505346826774,2.0915053468267737,1.853894271946042,3.853894271946042
450,0.8,1.2,2.0,0.8157199921163423,0.8157199921163423,0.592169069619477,2.5921690696194775
451,0.8,1.2,2.0,-0.5736021182011207,0.6263978817988793,1.0967485432345359,3.0967485432345363
452,0.8,1.2,2.0,0.7521234226468272,1.9521234226468271,1.940412842902425,3.940412842902425
453,0.8,1.2,2.0,0.7242853333115981,0.7242853333115981,2.7657541503475414,4.765754150347541
454,0.8,1.2,2.0,-0.2196597905663844,-0.2196597905663844,0.056612096005966395,2.056612096005966
455,0.8,1.2,2.0,1.1922992355491173,1.1922992355491173,2.5577796516023725,4.557779651602372
456,0.8,1.2,2.0,-0.01566797290267352,1.1843320270973265,1.2215697637146832,3.221569763714683
457,0.8,1.2,2.0,0.41649283250284647,0.41649283250284647,1.7707759038898105,3.7707759038898105
458,0.8,1.2,2.0,-0.21627715711728868,0.9837228428827113,-0.06867527186128208,1.9313247281387178
459,0.8,1.2,2.0,1.8353997092496233,1.8353997092496233,4.091338432326673,6.091338432326673
460,0.8,1.2,2.0,0.4513249838404508,1.6513249838404507,3.496459993227691,5.49645999322769
461,0.8,1.2,2.0,0.6732722839830876,0.6732722839830876,0.6257098999769828,2.6257098999769832
462,0.8,1.2,2.0,-0.19064679617121877,1.0093532038287811,1.363123422231858,3.3631234222318582
463,0.8,1.2,2.0,0.4859965742622146,0.4859965742622146,-1.7097670757399683,0.29023292426003167
464,0.8,1.2,2.0,1.227423017653284,1.227423017653284,2.4814362799374843,4.481436279937484
465,0.8,1.2,2.0,0.812645583589624,0.812645583589624,-0.2809858555500524,1.7190141444499472
466,0.8,1.2,2.0,1.0492643758530562,1.0492643758530562,1.4325619709659316,3.4325619709659314
467,0.8,1.2,2.0,1.018272729889717,1.018272729889717,0.6466097508057143,2.6466097508057143
468,0.8,1.2,2.0,-0.299073294582308,0.9009267054176917,0.8727614429541993,2.872761442954199
469,0.8,1.2,2.0,-0.044320820726948984,1.1556791792730512,2.015671551622339,4.01567155162234
470,0.8,1.2,2.0,0.006385271498385581,1.2063852714983856,-1.0433462154969626,0.956653784503037
471,0.8,1.2,2.0,-0.12155150675793847,1.0784484932420613,0.5885104942166142,2.5885104942166137
472,0.8,1.2,2.0,-0.6866604956610955,-0.6866604956610955,-0.2814449117472173,1.7185550882527827
473,0.8,1.2,2.0,-1.4574848922826025,-0.2574848922826025,1.066691023981253,3.066691023981253
474,0.8,1.2,2.0,-0.7909315183095265,0.4090684816904735,0.6778946194238351,2.677894619423835
475,0.8,1.2,2.0,0.42922577775001763,0.42922577775001763,0.37584288787167375,2.3758428878716744
476,0.8,1.2,2.0,0.3287960880159109,1.5287960880159108,0.7896500122087082,2.789650012208708
477,0.8,1.2,2.0,0.02610168368973198,0.02610168368973198,2.7949762286221356,4.794976228622136
478,0.8,1.2,2.0,0.2363437448405048,1.4363437448405048,1.7223214163860483,3.722321416386048
479,0.8,1.2,2.0,0.06806807780030422,1.2680680778003042,0.1511024278673363,2.151102427867336
480,0.8,1.2,2.0,2.369875705352598,3.569875705352598,3.6223399122886755,5.622339912288676
481,0.8,1.2,2.0,0.4052981587627452,0.4052981587627452,1.2148049588796523,3.2148049588796526
482,0.8,1.2,2.0,1.6262952333835672,2.826295233383567,2.3749562075489967,4.374956207548996
483,0.8,1.2,2.0,0.730669815746655,0.730669815746655,0.038761695059606804,2.038761695059607
484,0.8,1.2,2.0,-0.7278379106451159,0.4721620893548839,-0.289304206969125,1.710695793030875
485,0.8,1.2,2.0,0.3923068659450171,0.3923068659450171,2.7701495329318533,4.770149532931853
486,0.8,1.2,2.0,-0.7867463736779449,0.413253626322055,-0.20197237697196097,1.7980276230280388
487,0.8,1.2,2.0,0.1580344427654529,1.358034442765453,0.89888433295945,2.89888433295945
488,0.8,1.2,2.0,-0.1160404095434232,-0.1160404095434232,1.1105455091016616,3.110545509101662
489,0.8,1.2,2.0,0.626501876729078,0.626501876729078,3.67433583360405,5.674335833604051
490,0.8,1.2,2.0,-0.6426787665721725,0.5573212334278275,0.4993130521074747,2.4993130521074747
491,0.8,1.2,2.0,0.8402879266132102,0.8402879266132102,3.1512906810859036,5.151290681085904
492,0.8,1.2,2.0,1.1823750047343629,1.1823750047343629,1.657501114130612,3.6575011141306124
493,0.8,1.2,2.0,1.321720949242288,1.321720949242288,2.0050719420286582,4.005071942028657
494,0.8,1.2,2.0,-0.12797808409161404,-0.12797808409161404,0.9753677548804103,2.97536775488041
495,0.8,1.2,2.0,0.42514905554325133,1.6251490555432513,0.5892815025845843,2.589281502584584
496,0.8,1.2,2.0,0.9648111105511183,2.1648111105511183,1.9482027550411907,3.9482027550411907
497,0.8,1.2,2.0,1.497704454278231,1.497704454278231,3.019474173248476,5.019474173248475
498,0.8,1.2,2.0,-1.082012271185731,-1.082012271185731,-0.9494983059013435,1.0505016940986565
499,0.8,1.2,2.0,-1.0083461436082484,-1.0083461436082484,-0.4064195116694096,1.5935804883305904
500,0.8,1.2,2.0,2.8559442436679183,2.8559442436679183,4.265665629278409,6.265665629278409
501,0.8,1.2,2.0,0.6360613849881981,1.8360613849881982,1.0843677821382354,3.0843677821382363
502,0.8,1.2,2.0,-1.1224383153117687,-1.1224383153117687,1.1520124736975246,3.1520124736975244
503,0.8,1.2,2.0,-0.29839421333360316,0.9016057866663968,0.6305932197207614,2.6305932197207613
504,0.8,1.2,2.0,-2.7196242582766312,-1.5196242582766313,-2.1852475128241005,-0.18524751282410032
505,0.8,1.2,2.0,-0.14843793889634224,1.0515620611036578,-1.7494915122648873,0.2505084877351127
506,0.8,1.2,2.0,1.1467361078984282,2.3467361078984283,1.6644245642984277,3.664424564298428
507,0.8,1.2,2.0,0.3144621275054673,0.3144621275054673,2.170137546100251,4.170137546100251
508,0.8,1.2,2.0,0.15974135918758736,0.15974135918758736,2.9920632322827845,4.992063232282785
509,0.8,1.2,2.0,1.2557824695540656,1.2557824695540656,2.7117571664557807,4.711757166455781
510,0.8,1.2,2.0,-1.1106914019959784,0.08930859800402136,1.1085408716824316,3.1085408716824316
511,0.8,1.2,2.0,-1.2898587180978784,-0.08985871809787849,-1.8111549623187058,0.18884503768129424
512,0.8,1.2,2.0,0.18268780947506968,0.18268780947506968,0.9964006412825881,2.9964006412825883
513,0.8,1.2,2.0,-0.22249159556209686,-0.22249159556209686,2.018150341369915,4.018150341369915
514,0.8,1.2,2.0,0.18030290698009765,0.18030290698009765,0.2753492262159649,2.2753492262159645
515,0.8,1.2,2.0,-0.5265084828994977,0.6734915171005023,1.5968753704116212,3.5968753704116208
516,0.8,1.2,2.0,0.8177070537923233,2.0177070537923236,2.6199539636398668,4.619953963639867
517,0.8,1.2,2.0,0.5512647202524105,1.7512647202524103,1.9596535723238298,3.95965357232383
518,0.8,1.2,2.0,0.8426788095638049,2.042678809563805,1.3763017279816783,3.376301727981678
519,0.8,1.2,2.0,0.9697441230034568,0.9697441230034568,1.1630120501131311,3.1630120501131316
520,0.8,1.2,2.0,1.1953711567832208,2.395371156783221,4.296537840411332,6.296537840411332
521,0.8,1.2,2.0,-1.2373522104255374,-0.03735221042553749,0.2004804033682105,2.2004804033682106
522,0.8,1.2,2.0,0.7262828549305043,0.7262828549305043,1.8893598484630412,3.8893598484630414
523,0.8,1.2,2.0,0.5698688990916279,1.7698688990916276,1.4241760181534233,3.424176018153423
524,0.8,1.2,2.0,0.27599849634186413,0.27599849634186413,1.2756013285928296,3.27560132859283
525,0.8,1.2,2.0,1.9694107940107768,3.1694107940107767,3.4148923423941215,5.414892342394121
526,0.8,1.2,2.0,-0.35219627008455034,0.8478037299154496,0.9591722722705855,2.9591722722705853
527,0.8,1.2,2.0,2.287698001340214,3.487698001340214,4.31304740506629,6.31304740506629
528,0.8,1.2,2.0,1.9839210444147288,3.1839210444147286,2.2277466819207277,4.227746681920728
529,0.8,1.2,2.0,1.3302530843611806,1.3302530843611806,0.9153018835387152,2.9153018835387154
530,0.8,1.2,2.0,-0.01120540426645067,1.1887945957335495,1.3860190513410275,3.386019051341028
531,0.8,1.2,2.0,-1.7948243888601831,-0.5948243888601832,-2.614395821673779,-0.614395821673779
532,0.8,1.2,2.0,1.2964982854824534,2.4964982854824536,1.784612871303824,3.784612871303824
533,0.8,1.2,2.0,0.47681579892257336,1.6768157989225734,0.8779131272051397,2.87791312720514
534,0.8,1.2,2.0,-0.10949728562852079,-0.10949728562852079,1.472717696701776,3.4727176967017757
535,0.8,1.2,2.0,1.2038346221014484,2.4038346221014484,3.8732798431516544,5.873279843151654
536,0.8,1.2,2.0,-0.17031761008247293,1.029682389917527,-0.9874140534558097,1.0125859465441898
537,0.8,1.2,2.0,-0.08578665351626569,-0.08578665351626569,3.0806441132785864,5.080644113278586
538,0.8,1.2,2.0,1.369234162537063,1.369234162537063,2.3657215355647496,4.3657215355647505
539,0.8,1.2,2.0,-1.3318809230850188,-0.13188092308501886,-0.4629243018925332,1.5370756981074667
540,0.8,1.2,2.0,0.15454935786168203,1.3545493578616818,-0.41759595478286826,1.5824040452171315
541,0.8,1.2,2.0,1.083196738543131,2.283196738543131,2.742774678522631,4.742774678522631
542,0.8,1.2,2.0,0.46324190371194424,0.46324190371194424,1.3394685467908778,3.339468546790878
543,0.8,1.2,2.0,1.8217261071563637,3.0217261071563635,2.8097918761898653,4.809791876189865
544,0.8,1.2,2.0,1.5798343703710716,1.5798343703710716,0.6066039303781667,2.606603930378167
545,0.8,1.2,2.0,0.43172506373721486,1.6317250637372147,1.4548463637950393,3.4548463637950393
546,0.8,1.2,2.0,-1.8844968377714064,-1.8844968377714064,-0.07050548823084446,1.9294945117691555
547,0.8,1.2,2.0,-0.5447558230293236,0.6552441769706763,0.25964318961147637,2.2596431896114764
548,0.8,1.2,2.0,0.9607732998015571,2.1607732998015567,2.933265437057086,4.933265437057085
549,0.8,1.2,2.0,-0.8381965280155719,0.3618034719844281,1.4360685720556008,3.436068572055601
550,0.8,1.2,2.0,0.37210720252869517,1.572107202528695,0.8635450138649441,2.8635450138649436
551,0.8,1.2,2.0,0.9539919949858626,0.9539919949858626,3.6261134413144758,5.626113441314476
552,0.8,1.2,2.0,2.136530728586889,3.3365307285868893,3.293132381462224,5.2931323814622235
553,0.8,1.2,2.0,0.013905703788183787,1.2139057037881837,1.1229345547377463,3.1229345547377463
554,0.8,1.2,2.0,0.4670342817361909,0.4670342817361909,1.9730301648851354,3.9730301648851354
555,0.8,1.2,2.0,0.42142598218874655,1.6214259821887465,1.4733228989193705,3.47332289891937
556,0.8,1.2,2.0,0.7587880043097294,1.9587880043097292,-0.9327619960156941,1.067238003984306
557,0.8,1.2,2.0,0.1196948984966926,1.3196948984966927,0.7834829842354962,2.7834829842354964
558,0.8,1.2,2.0,1.2395895477124594,2.439589547712459,0.6691905419344377,2.6691905419344373
559,0.8,1.2,2.0,-0.6724853693087944,-0.6724853693087944,1.704955975386667,3.7049559753866674
560,0.8,1.2,2.0,0.353521739409768,1.5535217394097678,2.7618452684847847,4.761845268484785
561,0.8,1.2,2.0,0.9240085957513977,0.9240085957513977,2.761810851876571,4.761810851876571
562,0.8,1.2,2.0,0.20005572864345766,0.20005572864345766,1.0284473170041122,3.0284473170041117
563,0.8,1.2,2.0,1.3550525541256153,1.3550525541256153,1.3572660292323493,3.357266029232349
564,0.8,1.2,2.0,0.41929795801343567,0.41929795801343567,0.6086099012518883,2.6086099012518886
565,0.8,1.2,2.0,1.558901082358263,1.558901082358263,4.681579901588289,6.681579901588289
566,0.8,1.2,2.0,0.9159279097391162,2.115927909739116,1.3716130576793455,3.371613057679345
567,0.8,1.2,2.0,0.8285100792606229,0.8285100792606229,-0.559014936609844,1.4409850633901553
568,0.8,1.2,2.0,-0.32826660024876897,-0.32826660024876897,1.5713156793036822,3.571315679303682
569,0.8,1.2,2.0,0.0337566710577164,0.0337566710577164,2.6439453688415697,4.643945368841569
570,0.8,1.2,2.0,1.780788556174608,2.980788556174608,4.4775989608383515,6.4775989608383515
571,0.8,1.2,2.0,0.701072266695818,0.701072266695818,2.449794819062137,4.449794819062137
572,0.8,1.2,2.0,-0.5433592430177232,-0.5433592430177232,1.644564383020177,3.6445643830201773
573,0.8,1.2,2.0,0.7594741682771458,1.9594741682771457,1.8648154047455638,3.8648154047455643
574,0.8,1.2,2.0,-2.143684489481752,-2.143684489481752,-3.3999190702709656,-1.3999190702709658
575,0.8,1.2,2.0,-0.016987145848183727,1.1830128541518163,1.0488625742193185,3.0488625742193185
576,0.8,1.2,2.0,1.024580931042569,1.024580931042569,2.355189206410428,4.3551892064104285
577,0.8,1.2,2.0,0.7757102412924918,0.7757102412924918,1.9076774047286758,3.907677404728675
578,0.8,1.2,2.0,0.9922976651838608,0.9922976651838608,2.0610515434561316,4.0610515434561325
579,0.8,1.2,2.0,-2.592136446811101,-1.3921364468111008,-2.606757952690016,-0.606757952690016
580,0.8,1.2,2.0,0.2167826832155702,0.2167826832155702,0.2877348075113588,2.2877348075113586
581,0.8,1.2,2.0,0.11529563408725002,1.31529563408725,2.4714597556933446,4.471459755693345
582,0.8,1.2,2.0,0.6183855773187399,0.6183855773187399,3.2614624151458154,5.261462415145815
583,0.8,1.2,2.0,1.3742220352887253,2.574222035288725,2.312819120012196,4.312819120012196
584,0.8,1.2,2.0,-0.03189765820148596,-0.03189765820148596,1.0351993426060693,3.035199342606069
585,0.8,1.2,2.0,0.5486631321650485,0.5486631321650485,0.7106843716541617,2.7106843716541613
586,0.8,1.2,2.0,-0.23292847018546414,-0.23292847018546414,1.8091056859035886,3.809105685903589
587,0.8,1.2,2.0,-0.05750595500198863,1.1424940449980114,2.4668202727263506,4.466820272726351
588,0.8,1.2,2.0,-1.0128140836233563,-1.0128140836233563,-1.7095375443850882,0.2904624556149118
589,0.8,1.2,2.0,-1.2772356093124377,-0.07723560931243778,0.23373736405194212,2.233737364051942
590,0.8,1.2,2.0,-0.10184452556069212,1.098155474439308,1.7594009467842722,3.7594009467842726
591,0.8,1.2,2.0,1.6419726140420006,2.8419726140420005,2.9251042664232774,4.925104266423277
592,0.8,1.2,2.0,0.304149635178806,0.304149635178806,2.9967745274886637,4.996774527488664
593,0.8,1.2,2.0,1.2662670182672982,2.4662670182672985,4.666545000601072,6.666545000601072
594,0.8,1.2,2.0,-0.5090239956518363,0.6909760043481636,-0.07285950316035214,1.9271404968396475
595,0.8,1.2,2.0,-1.674871781505647,-0.47487178150564713,-0.25791195071845563,1.7420880492815445
596,0.8,1.2,2.0,1.3090311429914558,2.509031142991456,2.308543527425348,4.308543527425347
597,0.8,1.2,2.0,-1.828374663712212,-0.6283746637122121,-1.5646076392229902,0.43539236077701005
598,0.8,1.2,2.0,0.1889877095344349,1.388987709534435,1.6223221239661783,3.6223221239661783
599,0.8,1.2,2.0,0.5178830350961903,1.7178830350961902,2.237714507560606,4.2377145075606055
600,0.8,1.2,2.0,0.1980010255372167,0.1980010255372167,1.0599372990257767,3.0599372990257763
601,0.8,1.2,2.0,-0.07184648365862667,1.1281535163413734,0.150054387435418,2.150054387435418
602,0.8,1.2,2.0,-1.5112231492616695,-1.5112231492616695,-1.0902915665884771,0.9097084334115229
603,0.8,1.2,2.0,0.08124087274693348,1.2812408727469333,0.880222895960524,2.880222895960524
604,0.8,1.2,2.0,-0.43703424855073825,0.7629657514492616,-0.40499571076882657,1.5950042892311733
605,0.8,1.2,2.0,-0.464078080085751,-0.464078080085751,0.7221384448994705,2.7221384448994703
606,0.8,1.2,2.0,1.6323980734489627,1.6323980734489627,3.1587364919029466,5.158736491902946
607,0.8,1.2,2.0,-0.4847248334380614,-0.4847248334380614,1.647378063916522,3.6473780639165216
608,0.8,1.2,2.0,0.93540908361902,0.93540908361902,1.1674066082456296,3.1674066082456296
609,0.8,1.2,2.0,0.1526178420024733,0.1526178420024733,0.23801969229671838,2.238019692296718
610,0.8,1.2,2.0,1.6218654094501455,2.821865409450145,4.2840417493670335,6.2840417493670335
611,0.8,1.2,2.0,0.0565757127607491,1.256575712760749,0.6852182383529491,2.685218238352949
612,0.8,1.2,2.0,1.3617138006740377,2.5617138006740374,2.438900052243324,4.438900052243324
613,0.8,1.2,2.0,-0.09934046871381608,-0.09934046871381608,0.4408089228107225,2.4408089228107226
614,0.8,1.2,2.0,1.0682891708477193,2.2682891708477193,3.2905844190779754,5.290584419077975
615,0.8,1.2,2.0,-1.2449207585394524,-1.2449207585394524,0.7655681413141022,2.7655681413141022
616,0.8,1.2,2.0,-2.5230684713692653,-1.323068471369265,-0.6663873008325216,1.3336126991674786
617,0.8,1.2,2.0,1.0916928945105733,1.0916928945105733,2.261024533164601,4.261024533164601
618,0.8,1.2,2.0,1.003676482542255,1.003676482542255,1.1795694093886038,3.179569409388604
619,0.8,1.2,2.0,0.7913092927340134,0.7913092927340134,3.5937270102146885,5.593727010214688
620,0.8,1.2,2.0,0.4104211399516401,1.6104211399516402,2.55696588671137,4.55696588671137
621,0.8,1.2,2.0,1.8575265257394498,1.8575265257394498,2.3127370600331116,4.312737060033111
622,0.8,1.2,2.0,0.04975448645425845,1.2497544864542582,2.4799948681928567,4.479994868192856
623,0.8,1.2,2.0,1.0015530539759498,2.2015530539759496,1.5197268282525749,3.5197268282525744
624,0.8,1.2,2.0,0.9087364447654944,2.1087364447654946,3.195506661128428,5.195506661128428
625,0.8,1.2,2.0,2.3600810477690892,2.3600810477690892,4.932592895833567,6.932592895833567
626,0.8,1.2,2.0,0.02293467606074906,0.02293467606074906,-0.00523856505325182,1.9947614349467482
627,0.8,1.2,2.0,-0.2766844028940156,-0.2766844028940156,1.2227462356837036,3.2227462356837036
628,0.8,1.2,2.0,-0.5893525924743208,-0.5893525924743208,1.465366639447676,3.465366639447676
629,0.8,1.2,2.0,1.740191190908743,2.940191190908743,5.1469831799925885,7.1469831799925885
630,0.8,1.2,2.0,0.19757680776969305,0.19757680776969305,-0.02728037605006206,1.972719623949938
631,0.8,1.2,2.0,1.4363422043978704,1.4363422043978704,4.191072880394078,6.191072880394078
632,0.8,1.2,2.0,4.381502627106021,4.381502627106021,5.908714235660975,7.908714235660975
633,0.8,1.2,2.0,0.7034639615514999,1.9034639615514997,0.38104592488106426,2.381045924881064
634,0.8,1.2,2.0,-1.3833728172860877,-1.3833728172860877,-0.890727595244412,1.1092724047555877
635,0.8,1.2,2.0,0.21095123214824074,1.4109512321482407,1.1513191980087591,3.151319198008759
636,0.8,1.2,2.0,-0.5606492938008539,-0.5606492938008539,-0.6767840768842768,1.3232159231157232
637,0.8,1.2,2.0,0.0471544531105505,1.2471544531105505,1.3213433037576285,3.321343303757629
638,0.8,1.2,2.0,-0.2366060153311617,0.9633939846688382,1.4985256317830502,3.4985256317830506
639,0.8,1.2,2.0,0.08684395167589376,0.08684395167589376,1.4409568342332015,3.4409568342332015
640,0.8,1.2,2.0,-0.7359302927695711,-0.7359302927695711,-0.17287290709223047,1.8271270929077694
641,0.8,1.2,2.0,1.6441799477265042,1.6441799477265042,2.1968267553556773,4.196826755355676
642,0.8,1.2,2.0,1.00860706394686,1.00860706394686,2.1439030534923864,4.143903053492386
643,0.8,1.2,2.0,0.890333459883529,0.890333459883529,2.518192083753756,4.518192083753756
644,0.8,1.2,2.0,1.3092259292468609,2.509225929246861,3.453448757974304,5.453448757974304
645,0.8,1.2,2.0,0.8698697262288392,2.069869726228839,2.0743444472012276,4.074344447201227
646,0.8,1.2,2.0,0.7330897684197911,0.7330897684197911,0.3019924969085763,2.301992496908576
647,0.8,1.2,2.0,1.3695751028573953,2.569575102857395,1.9303053842624163,3.9303053842624154
648,0.8,1.2,2.0,0.11473326210649124,0.11473326210649124,0.9346199919016842,2.9346199919016844
649,0.8,1.2,2.0,1.2195386678847822,2.4195386678847823,3.3765412934343564,5.376541293434357
650,0.8,1.2,2.0,1.1359731160389321,1.1359731160389321,3.355726767682922,5.355726767682922
651,0.8,1.2,2.0,1.2170662389196165,2.4170662389196167,4.361316583098281,6.36131658309828
652,0.8,1.2,2.0,0.22735368636239697,1.4273536863623968,1.3231335371807103,3.32313353718071
653,0.8,1.2,2.0,2.5307640847897646,2.5307640847897646,4.627650782516162,6.627650782516163
654,0.8,1.2,2.0,-0.30902374910803576,-0.30902374910803576,-0.9842334230674067,1.0157665769325932
655,0.8,1.2,2.0,1.0674913504681836,1.0674913504681836,2.614824756990225,4.614824756990225
656,0.8,1.2,2.0,1.0097284898764352,2.209728489876435,0.9983444411738196,2.9983444411738196
657,0.8,1.2,2.0,-0.3702720266230703,0.8297279733769296,0.39337932804922326,2.3933793280492233
658,0.8,1.2,2.0,-0.2546035509204112,0.9453964490795889,3.8107140608791195,5.8107140608791195
659,0.8,1.2,2.0,0.5099036301796291,1.709903630179629,2.055961633736379,4.055961633736379
660,0.8,1.2,2.0,-0.08935436446158801,1.110645635538412,-0.01792592449923691,1.9820740755007629
661,0.8,1.2,2.0,-1.4657193563897943,-1.4657193563897943,-0.39632288026584167,1.6036771197341584
662,0.8,1.2,2.0,-0.15676393046250936,1.0432360695374907,0.3226483176526468,2.3226483176526465
663,0.8,1.2,2.0,0.4954960561968085,1.6954960561968084,0.3542673240807547,2.3542673240807543
664,0.8,1.2,2.0,1.663241302549434,1.663241302549434,4.697912648207158,6.697912648207158
665,0.8,1.2,2.0,1.029915004268097,2.229915004268097,3.0804094765978256,5.080409476597826
666,0.8,1.2,2.0,-2.611230163174893,-2.611230163174893,-1.6068239813822516,0.39317601861774815
667,0.8,1.2,2.0,0.6566062129611242,0.6566062129611242,0.9416512548494474,2.9416512548494476
668,0.8,1.2,2.0,0.0864682647619398,1.2864682647619397,0.8720921488948458,2.872092148894845
669,0.8,1.2,2.0,0.796264465836859,0.796264465836859,3.2342025934470735,5.2342025934470735
670,0.8,1.2,2.0,-0.28355856175679817,-0.28355856175679817,0.5100701075436562,2.5100701075436564
671,0.8,1.2,2.0,0.5427655848956128,0.5427655848956128,-1.3830707507315734,0.6169292492684266
672,0.8,1.2,2.0,0.47947519862013066,1.6794751986201306,3.954887665333816,5.954887665333816
673,0.8,1.2,2.0,0.2634132445192748,1.4634132445192747,1.3037006366842632,3.303700636684263
674,0.8,1.2,2.0,1.4493559087727714,1.4493559087727714,2.52935887229594,4.529358872295941
675,0.8,1.2,2.0,0.7310821818092137,0.7310821818092137,2.9849385745068777,4.984938574506877
676,0.8,1.2,2.0,1.6903413199493293,1.6903413199493293,3.225614271773002,5.225614271773002
677,0.8,1.2,2.0,2.1546865506508794,3.3546865506508787,4.378115624904504,6.378115624904503
678,0.8,1.2,2.0,1.2931021272011343,1.2931021272011343,1.953416379581197,3.953416379581197
679,0.8,1.2,2.0,-1.1703078777510731,0.02969212224892681,-1.3225625734650568,0.6774374265349432
680,0.8,1.2,2.0,1.566554277129037,2.7665542771290372,2.8134014725805208,4.81340147258052
681,0.8,1.2,2.0,0.2871314660246493,0.2871314660246493,2.8821012917393976,4.8821012917393976
682,0.8,1.2,2.0,1.4032528414492185,2.603252841449218,1.8804673233157319,3.8804673233157314
683,0.8,1.2,2.0,-0.097015330670855,1.102984669329145,0.42530567622240767,2.4253056762224077
684,0.8,1.2,2.0,-0.8414709188944413,0.3585290811055586,1.2752837577580394,3.2752837577580385
685,0.8,1.2,2.0,2.3457664949480104,2.3457664949480104,2.8014397952181262,4.801439795218127
686,0.8,1.2,2.0,-0.6007140181117083,0.5992859818882916,-0.10709456612850637,1.8929054338714932
687,0.8,1.2,2.0,1.8833471554054442,3.083347155405444,2.668363226695,4.668363226695
688,0.8,1.2,2.0,1.0679326535255407,2.2679326535255404,2.3026265605944083,4.302626560594407
689,0.8,1.2,2.0,-0.057772206304961715,1.1422277936950382,-0.7231784008368607,1.2768215991631398
690,0.8,1.2,2.0,0.3277389973318661,0.3277389973318661,0.7034441392316214,2.7034441392316215
691,0.8,1.2,2.0,-0.7068713293703714,0.4931286706296285,0.5863121345433103,2.58631213454331
692,0.8,1.2,2.0,0.41251717038689906,1.612517170386899,1.5866028065591482,3.586602806559148
693,0.8,1.2,2.0,-0.2971242179539926,-0.2971242179539926,2.0512795652535725,4.051279565253573
694,0.8,1.2,2.0,-0.5709769814996997,-0.5709769814996997,1.8180597825712956,3.8180597825712956
695,0.8,1.2,2.0,1.1772880498945075,1.1772880498945075,3.5244304871755316,5.524430487175531
696,0.8,1.2,2.0,0.5194657763692236,1.7194657763692236,2.277634893650869,4.277634893650869
697,0.8,1.2,2.0,-1.6782773025963649,-1.6782773025963649,-1.291083095840801,0.7089169041591987
698,0.8,1.2,2.0,1.0623965936032285,2.2623965936032286,1.2465998347725877,3.2465998347725877
699,0.8,1.2,2.0,0.2183534033370796,0.2183534033370796,1.0532006126762963,3.0532006126762967
700,0.8,1.2,2.0,-0.10251666476498777,-0.10251666476498777,1.442841174104144,3.442841174104144
701,0.8,1.2,2.0,1.5805660714070102,2.7805660714070104,3.625097047984731,5.625097047984731
702,0.8,1.2,2.0,0.25927496766578695,0.25927496766578695,1.8333485709434967,3.833348570943497
703,0.8,1.2,2.0,-0.9749054559870589,0.22509454401294104,-0.3022436714173422,1.6977563285826576
704,0.8,1.2,2.0,2.3307233490855457,2.3307233490855457,4.1061946806851015,6.1061946806851015
705,0.8,1.2,2.0,0.7974646435414171,1.9974646435414172,3.26817187291319,5.2681718729131894
706,0.8,1.2,2.0,0.1258271506833114,0.1258271506833114,1.8107957715278717,3.8107957715278715
707,0.8,1.2,2.0,-0.17827763690702453,1.0217223630929753,0.6075943311452867,2.607594331145287
708,0.8,1.2,2.0,1.8475304272398563,3.047530427239856,2.125391526588694,4.125391526588694
709,0.8,1.2,2.0,-0.09133934286128031,-0.09133934286128031,0.006786004604452112,2.006786004604452
710,0.8,1.2,2.0,-0.8507344515987623,-0.8507344515987623,-0.4024551370490489,1.5975448629509512
711,0.8,1.2,2.0,-0.18277169943456756,-0.18277169943456756,1.071574140881303,3.0715741408813027
712,0.8,1.2,2.0,2.0372736948816623,3.2372736948816625,3.6974101780552093,5.697410178055209
713,0.8,1.2,2.0,1.021608727244925,2.221608727244925,0.4000607864927672,2.4000607864927668
714,0.8,1.2,2.0,0.2413589521036586,0.2413589521036586,0.7349469135824541,2.734946913582455
715,0.8,1.2,2.0,1.8100481373315271,1.8100481373315271,3.0111955997642896,5.011195599764289
716,0.8,1.2,2.0,0.8831749515906433,2.0831749515906433,0.7403168566722147,2.7403168566722145
717,0.8,1.2,2.0,-0.23563274799521322,0.9643672520047867,0.8855758154906538,2.885575815490654
718,0.8,1.2,2.0,0.5398148554813188,1.7398148554813186,1.3695363716196856,3.369536371619685
719,0.8,1.2,2.0,0.7240320172800407,0.7240320172800407,0.9304212691671884,2.9304212691671885
720,0.8,1.2,2.0,-0.6385710341580146,0.5614289658419852,0.21017834196141696,2.2101783419614165
721,0.8,1.2,2.0,0.4756513844323513,1.6756513844323513,1.8486959266267855,3.8486959266267853
722,0.8,1.2,2.0,1.1469190218180811,1.1469190218180811,1.5239938790180139,3.5239938790180143
723,0.8,1.2,2.0,-1.8711875922201167,-1.8711875922201167,-1.5699475411085488,0.4300524588914512
724,0.8,1.2,2.0,-0.13831192953889573,-0.13831192953889573,1.0300387097875467,3.030038709787547
725,0.8,1.2,2.0,-0.07992211793426857,1.1200778820657313,-0.026589589630089616,1.9734104103699106
726,0.8,1.2,2.0,1.9664216799764211,1.9664216799764211,1.6009006128965855,3.6009006128965853
727,0.8,1.2,2.0,-1.259720898935245,-0.059720898935245126,-1.7397773480411403,0.26022265195885974
728,0.8,1.2,2.0,0.3486891524346572,1.548689152434657,1.084101736469933,3.084101736469933
729,0.8,1.2,2.0,-0.32380292310245606,0.876197076897544,-0.8702533832328406,1.1297466167671597
730,0.8,1.2,2.0,1.1242102013404427,2.324210201340443,1.5525811311100914,3.5525811311100917
731,0.8,1.2,2.0,0.5907975456519204,0.5907975456519204,3.3453031401691415,5.3453031401691415
732,0.8,1.2,2.0,2.3135769449330033,3.5135769449330034,1.9466334234314109,3.946633423431411
733,0.8,1.2,2.0,1.3268350275656244,1.3268350275656244,2.153977939860749,4.153977939860749
734,0.8,1.2,2.0,0.03347570853194537,1.2334757085319452,3.128246064617639,5.128246064617639
735,0.8,1.2,2.0,0.823101814495347,2.0231018144953468,2.286860642761982,4.286860642761982
736,0.8,1.2,2.0,0.19336691610207463,1.3933669161020745,0.8572674456074969,2.8572674456074965
737,0.8,1.2,2.0,1.5927263072158977,2.7927263072158977,2.5913971505136444,4.591397150513645
738,0.8,1.2,2.0,-0.590095228707671,-0.590095228707671,1.0006689360745011,3.000668936074501
739,0.8,1.2,2.0,-0.8096575748888644,0.3903424251111356,1.562139956860222,3.562139956860222
740,0.8,1.2,2.0,0.2815093519526646,1.4815093519526645,0.3012020334072508,2.3012020334072507
741,0.8,1.2,2.0,2.026280068019073,3.226280068019073,2.4690188646610918,4.469018864661091
742,0.8,1.2,2.0,-1.3456510681606177,-1.3456510681606177,-1.4869147822884579,0.5130852177115419
743,0.8,1.2,2.0,1.5682843101364146,1.5682843101364146,2.467255738743551,4.467255738743551
744,0.8,1.2,2.0,-0.19808575039169476,1.001914249608305,-0.9757402015187333,1.0242597984812665
745,0.8,1.2,2.0,-1.3541645156350028,-1.3541645156350028,-0.7981401762553573,1.2018598237446427
746,0.8,1.2,2.0,-2.22247637398418,-1.0224763739841798,-1.9449921698244264,0.05500783017557376
747,0.8,1.2,2.0,-0.4901077090779853,0.7098922909220147,1.9435347056429835,3.9435347056429837
748,0.8,1.2,2.0,0.6351844157850336,1.8351844157850334,1.230047542838518,3.230047542838518
749,0.8,1.2,2.0,0.32258695321540687,0.32258695321540687,1.6451739419038838,3.6451739419038836
750,0.8,1.2,2.0,0.8652612482338511,2.065261248233851,0.0825431222283155,2.082543122228315
751,0.8,1.2,2.0,-0.04605179005976723,-0.04605179005976723,1.0877454227272092,3.087745422727209
752,0.8,1.2,2.0,-0.6978199576117479,-0.6978199576117479,-0.9608332042495479,1.039166795750452
753,0.8,1.2,2.0,-0.21760675937953783,0.9823932406204621,0.15373115954483973,2.1537311595448396
754,0.8,1.2,2.0,1.1482369821705631,1.1482369821705631,4.769190686599445,6.769190686599445
755,0.8,1.2,2.0,1.2663233155769167,1.2663233155769167,3.5555313732322262,5.555531373232227
756,0.8,1.2,2.0,0.051649905794222684,0.051649905794222684,1.1504470596740013,3.150447059674002
757,0.8,1.2,2.0,1.1251915809926212,2.3251915809926214,5.1399634112139925,7.1399634112139925
758,0.8,1.2,2.0,0.13510902556515003,1.33510902556515,0.3909382000512881,2.390938200051288
759,0.8,1.2,2.0,-0.1778294394755333,-0.1778294394755333,2.1153122244994087,4.115312224499409
760,0.8,1.2,2.0,0.09037217779292606,0.09037217779292606,-0.35379315421337787,1.6462068457866224
761,0.8,1.2,2.0,1.9497397558157403,3.14973975581574,2.9557500515765485,4.955750051576548
762,0.8,1.2,2.0,0.5578148899177239,0.5578148899177239,0.337099368309419,2.3370993683094192
763,0.8,1.2,2.0,0.027490767821528705,1.2274907678215286,1.4327695301732708,3.43276953017327
764,0.8,1.2,2.0,1.6171796354602068,2.8171796354602066,2.8005311457134057,4.800531145713405
765,0.8,1.2,2.0,2.7449859623493778,3.944985962349378,3.505479444766217,5.505479444766218
766,0.8,1.2,2.0,0.17459929539469274,1.3745992953946928,1.9099340945781627,3.909934094578163
767,0.8,1.2,2.0,1.7589287840886008,2.9589287840886005,2.2085540265679215,4.2085540265679215
768,0.8,1.2,2.0,1.369220362920052,2.569220362920052,2.5848337189575505,4.584833718957551
769,0.8,1.2,2.0,-0.4895920389503391,-0.4895920389503391,1.0749947097929955,3.0749947097929953
770,0.8,1.2,2.0,1.0311791662664798,1.0311791662664798,0.8843212812304613,2.884321281230461
771,0.8,1.2,2.0,-0.2638460274382761,0.9361539725617236,0.33353869906448097,2.3335386990644804
772,0.8,1.2,2.0,0.7028239137270486,0.7028239137270486,2.028529001102005,4.0285290011020045
773,0.8,1.2,2.0,-0.0496263440689616,1.1503736559310382,1.631569758730532,3.631569758730532
774,0.8,1.2,2.0,0.5023015791101622,1.702301579110162,3.1936643692222266,5.193664369222227
775,0.8,1.2,2.0,-0.24627907719978903,0.9537209228002109,0.5402517601926556,2.5402517601926555
776,0.8,1.2,2.0,0.2737423748737665,0.2737423748737665,0.9978307876034384,2.997830787603438
777,0.8,1.2,2.0,0.7041912751263195,0.7041912751263195,0.612900970820259,2.6129009708202595
778,0.8,1.2,2.0,0.49960548090965634,1.6996054809096564,1.9089878339864579,3.9089878339864574
779,0.8,1.2,2.0,-1.3462574192280605,-1.3462574192280605,-0.6312978072412687,1.3687021927587313
780,0.8,1.2,2.0,-0.6369161999488254,0.5630838000511744,-0.1714788861414368,1.8285211138585629
781,0.8,1.2,2.0,-1.0347584861032315,0.16524151389676867,-0.13888641435505925,1.861113585644941
782,0.8,1.2,2.0,0.7201413568247252,1.9201413568247252,2.2558235061437024,4.255823506143702
783,0.8,1.2,2.0,1.5425857140475794,2.7425857140475793,2.3383673941972463,4.338367394197246
784,0.8,1.2,2.0,1.024812220408188,1.024812220408188,1.431496797201965,3.4314967972019645
785,0.8,1.2,2.0,-0.28397076157194756,-0.28397076157194756,1.1500425123804487,3.1500425123804487
786,0.8,1.2,2.0,0.821490122071541,2.0214901220715413,-1.1544773178508272,0.845522682149173
787,0.8,1.2,2.0,0.04314945766238437,0.04314945766238437,0.4483137596215384,2.4483137596215383
788,0.8,1.2,2.0,-0.6990996451889168,-0.6990996451889168,-0.8909919415553904,1.1090080584446096
789,0.8,1.2,2.0,0.9172017604924443,0.9172017604924443,2.9039745440315756,4.903974544031576
790,0.8,1.2,2.0,1.2727121904416931,1.2727121904416931,1.8015690523774104,3.8015690523774106
791,0.8,1.2,2.0,1.225066004087752,2.4250660040877516,1.5151302374900182,3.515130237490018
792,0.8,1.2,2.0,-0.48344326170940005,-0.48344326170940005,0.21787114525269677,2.2178711452526967
793,0.8,1.2,2.0,1.8327288570573392,3.0327288570573394,2.339600791501933,4.339600791501932
794,0.8,1.2,2.0,0.12379714665190283,0.12379714665190283,0.799401920485015,2.799401920485015
795,0.8,1.2,2.0,0.6174890681280897,1.8174890681280895,1.3572579762776373,3.3572579762776376
796,0.8,1.2,2.0,-0.047718053015213424,-0.047718053015213424,0.505704584979493,2.505704584979493
797,0.8,1.2,2.0,0.5747282520242062,1.7747282520242063,1.3446510769321538,3.344651076932154
798,0.8,1.2,2.0,-1.6034107357202934,-1.6034107357202934,-1.4017236616523379,0.5982763383476624
799,0.8,1.2,2.0,0.5058378384486559,1.7058378384486557,0.5572214665051727,2.5572214665051725
800,0.8,1.2,2.0,0.6027639288554654,0.6027639288554654,1.671183467826038,3.671183467826038
801,0.8,1.2,2.0,-0.1635632157545841,-0.1635632157545841,0.9740282284374082,2.974028228437408
802,0.8,1.2,2.0,1.9310784198777213,1.9310784198777213,1.2861820106221598,3.2861820106221598
803,0.8,1.2,2.0,-0.5590846139001692,0.6409153860998309,1.26977778243075,3.26977778243075
804,0.8,1.2,2.0,0.05020277320562305,1.250202773205623,1.890106419903403,3.890106419903403
805,0.8,1.2,2.0,-0.01867327650433359,-0.01867327650433359,2.2134820840953027,4.213482084095302
806,0.8,1.2,2.0,0.2662169161071539,0.2662169161071539,1.7861019309161683,3.786101930916168
807,0.8,1.2,2.0,1.4917444659813532,2.6917444659813534,3.102380834964115,5.102380834964116
808,0.8,1.2,2.0,1.604770030668703,2.8047700306687027,4.540954699474851,6.540954699474851
809,0.8,1.2,2.0,-0.2965245900222111,-0.2965245900222111,0.338132489698316,2.3381324896983156
810,0.8,1.2,2.0,-0.15783818428004592,1.042161815719954,-0.1600834462074976,1.8399165537925022
811,0.8,1.2,2.0,-0.7177536222107361,0.4822463777892638,-1.2922301545100785,0.7077698454899213
812,0.8,1.2,2.0,1.6329171540960066,2.8329171540960063,4.2730122627127916,6.2730122627127916
813,0.8,1.2,2.0,1.6968698514072722,1.6968698514072722,4.516234073099909,6.516234073099909
814,0.8,1.2,2.0,0.2428308775880301,0.2428308775880301,0.21743958737167757,2.2174395873716772
815,0.8,1.2,2.0,-1.0845190214244922,-1.0845190214244922,-0.9374530508481236,1.0625469491518764
816,0.8,1.2,2.0,-0.7132267151652202,0.4867732848347799,0.025072814164295687,2.025072814164296
817,0.8,1.2,2.0,0.5500316763458317,0.5500316763458317,2.6938900324659745,4.6938900324659745
818,0.8,1.2,2.0,1.1225692351400045,2.3225692351400045,0.884087914455365,2.884087914455365
819,0.8,1.2,2.0,-1.4841835981655116,-0.28418359816551164,-2.396162318483962,-0.3961623184839622
820,0.8,1.2,2.0,-0.16313861086535508,1.036861389134645,2.776490065478491,4.776490065478491
821,0.8,1.2,2.0,1.97392355239776,1.97392355239776,3.190048614544753,5.190048614544753
822,0.8,1.2,2.0,0.7138238753446532,0.7138238753446532,2.4557925692465066,4.455792569246507
823,0.8,1.2,2.0,1.6410142369703378,1.6410142369703378,2.2034923292234874,4.203492329223487
824,0.8,1.2,2.0,0.5140497942645245,1.7140497942645245,1.5565038281884418,3.5565038281884416
825,0.8,1.2,2.0,-1.142833146808111,0.05716685319188897,-2.029408060797599,-0.029408060797599278
826,0.8,1.2,2.0,0.21606169062114472,0.21606169062114472,0.38096311307624875,2.380963113076249
827,0.8,1.2,2.0,0.3805809448651068,1.5805809448651067,1.491922284994252,3.491922284994252
828,0.8,1.2,2.0,-0.48779482472104285,-0.48779482472104285,-1.7822078887063089,0.21779211129369136
829,0.8,1.2,2.0,-0.10561107413239068,-0.10561107413239068,0.8347092778390806,2.8347092778390808
830,0.8,1.2,2.0,1.2049182621876793,1.2049182621876793,1.3061870052326845,3.306187005232685
831,0.8,1.2,2.0,-0.3585804573637046,0.8414195426362954,0.4179160855720988,2.4179160855720987
832,0.8,1.2,2.0,2.046867536949752,2.046867536949752,2.8080733694894855,4.808073369489485
833,0.8,1.2,2.0,-0.2748187078325306,-0.2748187078325306,-0.49626678668537055,1.5037332133146293
834,0.8,1.2,2.0,0.3604187165798591,1.5604187165798589,-0.5375744360490398,1.4624255639509598
835,0.8,1.2,2.0,0.8359768430699863,2.035976843069986,1.8301455067916743,3.8301455067916734
836,0.8,1.2,2.0,-0.3668624867279373,-0.3668624867279373,0.1541443172603137,2.1541443172603136
837,0.8,1.2,2.0,0.9700257119876213,0.9700257119876213,0.5294917644143355,2.5294917644143355
838,0.8,1.2,2.0,-1.118184114443031,0.08181588555696928,0.22984635512764073,2.2298463551276413
839,0.8,1.2,2.0,1.490923391060893,1.490923391060893,2.563450531085691,4.5634505310856905
840,0.8,1.2,2.0,-2.06931189208368,-2.06931189208368,-1.5975236887538247,0.40247631124617506
841,0.8,1.2,2.0,0.8446713375208836,2.0446713375208834,0.06878849352632743,2.0687884935263265
842,0.8,1.2,2.0,1.364915928413879,1.364915928413879,3.054798736118697,5.0547987361186975
843,0.8,1.2,2.0,1.6484026140687003,2.8484026140687,1.7660897792997863,3.7660897792997865
844,0.8,1.2,2.0,-0.8264000738579886,-0.8264000738579886,0.2182104510525546,2.2182104510525544
845,0.8,1.2,2.0,-0.6303470482796736,-0.6303470482796736,-0.4124039265031376,1.5875960734968624
846,0.8,1.2,2.0,-0.07902969852978448,-0.07902969852978448,0.6053386784507973,2.6053386784507975
847,0.8,1.2,2.0,1.6398719661683951,1.6398719661683951,4.427935193791813,6.427935193791813
848,0.8,1.2,2.0,-1.2765475175902667,-1.2765475175902667,0.4253277981820649,2.4253277981820647
849,0.8,1.2,2.0,0.27459706516600274,0.27459706516600274,2.2631841054651805,4.2631841054651805
850,0.8,1.2,2.0,1.1021287348828217,2.302128734882822,2.6263138035595666,4.626313803559567
851,0.8,1.2,2.0,0.10841305800371387,1.3084130580037139,1.4321901349276263,3.4321901349276263
852,0.8,1.2,2.0,0.8783959131826891,0.8783959131826891,-0.0006931236237306404,1.9993068763762691
853,0.8,1.2,2.0,0.9963045662938372,2.196304566293837,1.8604998444057053,3.8604998444057053
854,0.8,1.2,2.0,-0.03232858306754949,1.1676714169324505,0.7489796026380728,2.748979602638073
855,0.8,1.2,2.0,-1.3526165859059485,-0.1526165859059485,0.9267634173483881,2.926763417348388
856,0.8,1.2,2.0,0.6376086481304106,0.6376086481304106,1.1341763645965408,3.1341763645965406
857,0.8,1.2,2.0,-0.35210042724834745,-0.35210042724834745,0.9800757071288619,2.980075707128862
858,0.8,1.2,2.0,0.04914714436929957,0.04914714436929957,1.359897666941282,3.3598976669412814
859,0.8,1.2,2.0,0.3980341381514613,0.3980341381514613,2.1683159118911055,4.1683159118911055
860,0.8,1.2,2.0,2.1173051840172112,2.1173051840172112,3.1168756354329843,5.116875635432985
861,0.8,1.2,2.0,0.16733405060890083,1.3673340506089007,1.7987171153359873,3.798717115335987
862,0.8,1.2,2.0,0.6213750957780473,1.821375095778047,-0.37194986547135955,1.6280501345286407
863,0.8,1.2,2.0,-0.9620027143104954,-0.9620027143104954,-1.5877043960261736,0.4122956039738266
864,0.8,1.2,2.0,0.7707178819893707,0.7707178819893707,-0.4958302619722652,1.504169738027735
865,0.8,1.2,2.0,0.23204221295115335,0.23204221295115335,1.8793259551700308,3.8793259551700303
866,0.8,1.2,2.0,1.9785371379265742,1.9785371379265742,3.818410447248905,5.818410447248905
867,0.8,1.2,2.0,-0.4431110259400287,0.7568889740599712,1.1852815146850721,3.185281514685072
868,0.8,1.2,2.0,0.13627925820586154,0.13627925820586154,0.3775286727451568,2.3775286727451563
869,0.8,1.2,2.0,1.3833522266528946,2.5833522266528943,1.7028297421316285,3.702829742131628
870,0.8,1.2,2.0,0.3939900265035487,1.5939900265035487,1.2636249297733702,3.26362492977337
871,0.8,1.2,2.0,-0.525182095893097,0.6748179041069029,1.9742900639840069,3.9742900639840064
872,0.8,1.2,2.0,2.7492653884030593,3.9492653884030595,5.241514926100401,7.241514926100402
873,0.8,1.2,2.0,-0.3613079600998649,0.838692039900135,1.5773570652327435,3.5773570652327433
874,0.8,1.2,2.0,0.45420062895088614,0.45420062895088614,1.7978208274213272,3.797820827421327
875,0.8,1.2,2.0,0.27910428003204013,0.27910428003204013,2.236097727069784,4.236097727069784
876,0.8,1.2,2.0,0.18004007691200524,1.3800400769120054,0.5324793316830405,2.532479331683041
877,0.8,1.2,2.0,0.30656050811480784,0.30656050811480784,0.9131551190466505,2.9131551190466514
878,0.8,1.2,2.0,0.24894943413778572,1.4489494341377855,1.075733849966704,3.075733849966704
879,0.8,1.2,2.0,0.23404209963965455,0.23404209963965455,0.23464370750515007,2.23464370750515
880,0.8,1.2,2.0,-0.6243285955504374,-0.6243285955504374,0.19506554877190624,2.195065548771906
881,0.8,1.2,2.0,2.717887166275783,2.717887166275783,2.645591090393879,4.645591090393879
882,0.8,1.2,2.0,0.5643039652411129,1.7643039652411128,2.7788417061103514,4.7788417061103505
883,0.8,1.2,2.0,0.7635995225478281,0.7635995225478281,2.0850659333973343,4.085065933397335
884,0.8,1.2,2.0,-0.18624433555184383,-0.18624433555184383,2.0089237434158225,4.0089237434158225
885,0.8,1.2,2.0,-0.18276082972169827,-0.18276082972169827,-1.0307084042133643,0.9692915957866355
886,0.8,1.2,2.0,0.13123133748096172,1.3312313374809617,3.090711617836776,5.090711617836776
887,0.8,1.2,2.0,-0.6763615743953171,0.5236384256046831,-0.9998475124594682,1.0001524875405319
888,0.8,1.2,2.0,0.2099770284073775,0.2099770284073775,-0.07459893432373055,1.9254010656762697
889,0.8,1.2,2.0,-0.6575176075673266,0.5424823924326734,-0.7786791232623476,1.2213208767376522
890,0.8,1.2,2.0,1.1603266504016645,1.1603266504016645,3.127248769849454,5.127248769849454
891,0.8,1.2,2.0,-0.9466111344233188,0.25338886557668117,0.11235501824605226,2.112355018246052
892,0.8,1.2,2.0,-0.2444658438034194,-0.2444658438034194,0.4001591281759659,2.4001591281759658
893,0.8,1.2,2.0,-0.5209570549305,-0.5209570549305,-0.39526221502660586,1.6047377849733941
894,0.8,1.2,2.0,1.954104730906084,3.154104730906084,1.5858858048415676,3.585885804841568
895,0.8,1.2,2.0,-0.46293234410140544,0.7370676558985945,1.6073457134271156,3.6073457134271156
896,0.8,1.2,2.0,1.3771017278891589,1.3771017278891589,3.38560891104648,5.38560891104648
897,0.8,1.2,2.0,1.2673562817015696,2.4673562817015693,3.4846031976576457,5.484603197657646
898,0.8,1.2,2.0,0.09518170074192892,1.2951817007419288,1.3195362358279445,3.3195362358279445
899,0.8,1.2,2.0,-0.7331483393843299,-0.7331483393843299,-2.2794756902357722,-0.27947569023577223
900,0.8,1.2,2.0,-1.324846479741526,-0.12484647974152607,-1.8765578264082021,0.12344217359179788
901,0.8,1.2,2.0,1.4766715763920804,2.6766715763920805,3.01948122330279,5.0194812233027895
902,0.8,1.2,2.0,-0.7298280636819774,-0.7298280636819774,-0.07903445217274407,1.9209655478272558
903,0.8,1.2,2.0,0.8477938640844621,2.047793864084462,1.2594633991727018,3.2594633991727013
904,0.8,1.2,2.0,1.0908319419653751,1.0908319419653751,1.305260398505699,3.305260398505699
905,0.8,1.2,2.0,0.6904702507226118,1.8904702507226117,2.5136183290782084,4.513618329078208
906,0.8,1.2,2.0,1.589674259003111,1.589674259003111,3.4579265305222346,5.457926530522235
907,0.8,1.2,2.0,-0.5013002191863315,-0.5013002191863315,0.9548047138761713,2.954804713876171
908,0.8,1.2,2.0,-0.8586331125058098,0.3413668874941901,-0.7476386502849126,1.2523613497150874
909,0.8,1.2,2.0,1.23590300839885,2.43590300839885,2.4261746834976248,4.426174683497624
910,0.8,1.2,2.0,-0.45221817066002695,0.747781829339973,-1.0052321369202617,0.9947678630797385
911,0.8,1.2,2.0,-2.4756752463491987,-1.2756752463491985,-1.7558543967580922,0.24414560324190795
912,0.8,1.2,2.0,1.2678652878885122,1.2678652878885122,-0.18065763070149865,1.819342369298501
913,0.8,1.2,2.0,-0.36958666147373087,-0.36958666147373087,-0.8265863828782609,1.1734136171217389
914,0.8,1.2,2.0,0.7804855678289759,0.7804855678289759,1.333740183526113,3.3337401835261122
915,0.8,1.2,2.0,2.1890433928308894,2.1890433928308894,5.761642568115102,7.761642568115102
916,0.8,1.2,2.0,0.8640147846682877,0.8640147846682877,0.29477326284765026,2.2947732628476505
917,0.8,1.2,2.0,1.9266563586325183,3.126656358632518,1.9703361174053138,3.9703361174053127
918,0.8,1.2,2.0,0.8126217026739188,2.012621702673919,2.135279180791873,4.135279180791874
919,0.8,1.2,2.0,2.496457941766857,2.496457941766857,5.5385665901986,7.538566590198599
920,0.8,1.2,2.0,-1.1263466371493234,-1.1263466371493234,-0.30033382575606143,1.6996661742439385
921,0.8,1.2,2.0,0.3964130549949715,1.5964130549949715,2.0349735975734355,4.034973597573436
922,0.8,1.2,2.0,0.9130600281444397,0.9130600281444397,1.402055226203277,3.4020552262032773
923,0.8,1.2,2.0,0.34535600132817224,0.34535600132817224,0.858579584614274,2.8585795846142736
924,0.8,1.2,2.0,1.4807842308936485,1.4807842308936485,2.4486787391220575,4.448678739122057
925,0.8,1.2,2.0,0.018113107904299763,0.018113107904299763,0.32659214888824906,2.326592148888249
926,0.8,1.2,2.0,3.1340236156901033,3.1340236156901033,5.234727930448658,7.234727930448658
927,0.8,1.2,2.0,2.5712815653461316,3.771281565346132,1.931065707116472,3.9310657071164714
928,0.8,1.2,2.0,0.9062096913843638,0.9062096913843638,2.8789551873892405,4.87895518738924
929,0.8,1.2,2.0,0.9829203813773463,2.1829203813773463,1.9757795276952512,3.9757795276952517
930,0.8,1.2,2.0,1.7143854220116879,2.9143854220116876,2.514807211002191,4.514807211002191
931,0.8,1.2,2.0,-0.6853923948365453,0.5146076051634547,-1.3271736189357528,0.6728263810642476
932,0.8,1.2,2.0,-0.6775027947858427,-0.6775027947858427,-0.5676266535890805,1.4323733464109194
933,0.8,1.2,2.0,2.1060111745217878,2.1060111745217878,4.537724154764402,6.537724154764402
934,0.8,1.2,2.0,1.2682066721539982,1.2682066721539982,2.389086473641299,4.3890864736412984
935,0.8,1.2,2.0,0.3663807785929605,0.3663807785929605,1.706703260847615,3.7067032608476147
936,0.8,1.2,2.0,0.6879873686918416,0.6879873686918416,0.9263647325836156,2.9263647325836155
937,0.8,1.2,2.0,-2.2313008251197393,-1.0313008251197393,-1.4905283631823036,0.5094716368176965
938,0.8,1.2,2.0,0.28307466281831256,0.28307466281831256,-0.1066527337847909,1.8933472662152089
939,0.8,1.2,2.0,0.029040100271852998,0.029040100271852998,1.316980247536458,3.3169802475364585
940,0.8,1.2,2.0,1.6778622251402284,1.6778622251402284,3.221696850093864,5.221696850093863
941,0.8,1.2,2.0,1.5585136982225212,2.758513698222521,2.921450371966549,4.921450371966549
942,0.8,1.2,2.0,1.3425984220002962,2.5425984220002964,1.6162923834237248,3.616292383423725
943,0.8,1.2,2.0,1.0426886614972872,2.242688661497287,1.7987910191955496,3.798791019195549
944,0.8,1.2,2.0,-0.6372548712424714,0.5627451287575287,1.1400005263910242,3.1400005263910247
945,0.8,1.2,2.0,1.1774508270840074,2.3774508270840076,2.0238850631973313,4.023885063197332
946,0.8,1.2,2.0,1.0226884508520735,2.2226884508520737,1.6642434053977566,3.6642434053977566
947,0.8,1.2,2.0,1.8459450308486371,1.8459450308486371,4.816580890860798,6.816580890860798
948,0.8,1.2,2.0,1.7390314996743643,2.9390314996743645,1.2019235056376847,3.2019235056376845
949,0.8,1.2,2.0,-1.0776949526560937,0.12230504734390624,1.0793006627098987,3.0793006627098984
950,0.8,1.2,2.0,-0.9830006731826484,-0.9830006731826484,-1.8673639017305357,0.13263609826946432
951,0.8,1.2,2.0,-0.7593056593792701,0.44069434062073,0.5507827449110607,2.550782744911061
952,0.8,1.2,2.0,0.8080377686673694,0.8080377686673694,2.6065440469795393,4.60654404697954
953,0.8,1.2,2.0,0.6566606593980773,1.8566606593980772,1.2418013717943905,3.2418013717943905
954,0.8,1.2,2.0,-0.08281070712212474,-0.08281070712212474,-0.532773316012217,1.467226683987783
955,0.8,1.2,2.0,1.3139737488374919,2.513973748837492,0.20112013665828643,2.201120136658287
956,0.8,1.2,2.0,-0.190251914596544,1.009748085403456,0.4687427742009467,2.4687427742009467
957,0.8,1.2,2.0,-0.686330506864409,-0.686330506864409,0.7430821147733795,2.7430821147733795
958,0.8,1.2,2.0,0.14865082262285334,0.14865082262285334,0.5196067280038719,2.519606728003872
959,0.8,1.2,2.0,0.13909645662110925,0.13909645662110925,1.235661066909568,3.235661066909568
960,0.8,1.2,2.0,-0.6061793628474662,-0.6061793628474662,-1.0010019253820581,0.9989980746179423
961,0.8,1.2,2.0,0.9364908307503117,2.1364908307503114,2.0259775183460693,4.025977518346068
962,0.8,1.2,2.0,0.373817940227159,0.373817940227159,0.2529794592671122,2.252979459267112
963,0.8,1.2,2.0,-0.5872183082063204,-0.5872183082063204,0.13433239376109227,2.1343323937610927
964,0.8,1.2,2.0,1.3408480185479088,1.3408480185479088,1.8178230586015187,3.817823058601518
965,0.8,1.2,2.0,0.42981625085623587,1.6298162508562357,0.23232796738061778,2.232327967380618
966,0.8,1.2,2.0,1.1532248683713342,1.1532248683713342,1.2214030600420807,3.22140306004208
967,0.8,1.2,2.0,0.22820052739332097,1.428200527393321,0.24287725088316314,2.2428772508831636
968,0.8,1.2,2.0,0.25314748356941436,0.25314748356941436,-0.2092156354674859,1.790784364532514
969,0.8,1.2,2.0,0.21452492247451938,0.21452492247451938,2.4821422992014237,4.482142299201424
970,0.8,1.2,2.0,0.5033370217200922,1.7033370217200923,1.1500845321062183,3.1500845321062187
971,0.8,1.2,2.0,1.1273925813877754,1.1273925813877754,-0.13139201751540375,1.8686079824845963
972,0.8,1.2,2.0,0.0568111885429291,1.2568111885429292,0.4122939948237281,2.4122939948237287
973,0.8,1.2,2.0,1.085348568056514,1.085348568056514,3.0446846855560117,5.044684685556012
974,0.8,1.2,2.0,-0.12770270113880722,1.0722972988611927,0.23430150554177231,2.2343015055417723
975,0.8,1.2,2.0,0.9591368969213951,2.159136896921395,3.256938329321148,5.256938329321148
976,0.8,1.2,2.0,-0.39238211709830884,0.8076178829016911,-0.4573616985841523,1.5426383014158476
977,0.8,1.2,2.0,1.6830836378498093,1.6830836378498093,3.407427536746771,5.40742753674677
978,0.8,1.2,2.0,0.4372754807722459,1.6372754807722458,2.3914466909223115,4.3914466909223115
979,0.8,1.2,2.0,1.5959011056120012,2.795901105612001,2.7627266594040596,4.762726659404059
980,0.8,1.2,2.0,-0.5209239134392776,-0.5209239134392776,-0.8066553462036872,1.1933446537963126
981,0.8,1.2,2.0,-0.8371658315020623,-0.8371658315020623,-0.6869604472170895,1.3130395527829104
982,0.8,1.2,2.0,-0.5754318231525788,0.624568176847421,1.2884961157826615,3.288496115782661
983,0.8,1.2,2.0,-0.8157664333952312,-0.8157664333952312,-0.5744815466344874,1.4255184533655125
984,0.8,1.2,2.0,-0.6620599666997655,0.5379400333002344,1.460733165688114,3.4607331656881137
985,0.8,1.2,2.0,1.2338666959717548,2.433866695971755,1.8784592644980636,3.8784592644980633
986,0.8,1.2,2.0,0.6854156517157602,0.6854156517157602,1.9532492676871906,3.95324926768719
987,0.8,1.2,2.0,-0.4009617061314836,0.7990382938685163,-1.067922802770585,0.9320771972294151
988,0.8,1.2,2.0,0.21234944919342663,1.4123494491934265,0.6702899054801675,2.6702899054801676
989,0.8,1.2,2.0,-0.18802359216747339,-0.18802359216747339,-0.12385392450128452,1.8761460754987154
990,0.8,1.2,2.0,2.00553212020165,3.2055321202016502,3.1345737390148947,5.134573739014894
991,0.8,1.2,2.0,0.02566097518288124,0.02566097518288124,1.2929696767827092,3.2929696767827092
992,0.8,1.2,2.0,-0.3783515448810303,-0.3783515448810303,1.38015325349945,3.3801532534994503
993,0.8,1.2,2.0,1.8343616338664355,3.0343616338664354,2.702713141693834,4.702713141693835
994,0.8,1.2,2.0,0.6786867381039507,0.6786867381039507,1.0114182411105537,3.0114182411105537
995,0.8,1.2,2.0,2.5058534343288303,3.70585343432883,3.6666356835471015,5.666635683547101
996,0.8,1.2,2.0,0.07961041011376768,0.07961041011376768,0.12056553971200179,2.120565539712002
997,0.8,1.2,2.0,1.576031041292065,1.576031041292065,3.8078181420715023,5.807818142071502
998,0.8,1.2,2.0,1.6185507153891439,1.6185507153891439,2.5282639186599236,4.528263918659923
999,0.8,1.2,2.0,0.01789342417145967,1.2178934241714596,0.7179111520488124,2.7179111520488126
1000,0.8,1.2,2.0,0.00420517165381884,1.2042051716538187,1.6311314207792664,3.6311314207792664
1001,0.8,1.2,2.0,1.223581737123125,2.4235817371231247,2.135360708486222,4.135360708486222
1002,0.8,1.2,2.0,0.8561058370018322,2.056105837001832,0.05219673289190352,2.052196732891903
1003,0.8,1.2,2.0,-1.0349520204616842,0.16504797953831574,-1.1792765330182895,0.8207234669817105
1004,0.8,1.2,2.0,-0.438262522984598,0.761737477015402,1.7462282564267655,3.7462282564267655
1005,0.8,1.2,2.0,-2.0355320175880185,-0.8355320175880185,-0.9510490115034448,1.0489509884965553
1006,0.8,1.2,2.0,1.1974498470393038,2.3974498470393035,0.58392404004953,2.58392404004953
1007,0.8,1.2,2.0,0.4391965795249115,1.6391965795249115,1.9253244946805155,3.925324494680516
1008,0.8,1.2,2.0,0.22539714015543508,1.425397140155435,0.5911700277061644,2.591170027706164
1009,0.8,1.2,2.0,-0.9645696486129114,-0.9645696486129114,-0.6878199683957321,1.312180031604268
1010,0.8,1.2,2.0,-0.48444957205180805,-0.48444957205180805,-0.5535537769939751,1.4464462230060244
1011,0.8,1.2,2.0,-0.34840283864100974,0.8515971613589902,1.404564015295382,3.404564015295382
1012,0.8,1.2,2.0,0.2603658372080523,0.2603658372080523,-0.41667157656004883,1.5833284234399512
1013,0.8,1.2,2.0,0.4676126523905564,0.4676126523905564,0.5299316291996831,2.5299316291996834
1014,0.8,1.2,2.0,0.5869395236762588,1.7869395236762586,1.3760472209504644,3.3760472209504644
1015,0.8,1.2,2.0,2.4560994564093064,2.4560994564093064,4.825453783395543,6.825453783395543
1016,0.8,1.2,2.0,0.17366942176557798,0.17366942176557798,1.5233185859802325,3.5233185859802325
1017,0.8,1.2,2.0,1.6310546586942056,1.6310546586942056,1.79546470689291,3.7954647068929095
1018,0.8,1.2,2.0,-0.41212792864364584,-0.41212792864364584,2.0624554243539217,4.062455424353921
1019,0.8,1.2,2.0,-1.2759959052675338,-0.07599590526753364,-1.698485698500625,0.3015143014993753
1020,0.8,1.2,2.0,0.33360894293461907,1.533608942934619,1.7228855013862694,3.7228855013862696
1021,0.8,1.2,2.0,-0.9957591095164304,0.20424089048356953,0.5600006084743252,2.560000608474325
1022,0.8,1.2,2.0,0.6094875283623891,1.809487528362389,0.7915815192908052,2.7915815192908053
1023,0.8,1.2,2.0,-0.15750558731005737,1.0424944126899427,1.6220531560439349,3.6220531560439353
1024,0.8,1.2,2.0,-1.269430986353914,-1.269430986353914,-0.6600941816944258,1.3399058183055739
1025,0.8,1.2,2.0,1.6036391433269443,2.8036391433269445,2.87719090248942,4.877190902489421
1026,0.8,1.2,2.0,-0.14689318878471852,-0.14689318878471852,-1.0593763318238194,0.9406236681761801
1027,0.8,1.2,2.0,-1.79168232229104,-1.79168232229104,-0.8927482449600603,1.1072517550399397
1028,0.8,1.2,2.0,1.4089897685466282,2.6089897685466283,2.004095081212582,4.004095081212582
1029,0.8,1.2,2.0,-0.23000425420658882,0.9699957457934111,1.918772934316364,3.918772934316364
1030,0.8,1.2,2.0,1.903825716127566,1.903825716127566,3.0689514413145513,5.068951441314551
1031,0.8,1.2,2.0,0.12289598313828687,1.3228959831382867,2.6096523954026303,4.60965239540263
1032,0.8,1.2,2.0,0.019934824212913038,0.019934824212913038,1.5681025988964388,3.5681025988964388
1033,0.8,1.2,2.0,0.6947233862579765,0.6947233862579765,1.4671427117304392,3.467142711730439
1034,0.8,1.2,2.0,1.2387677144678315,1.2387677144678315,3.1234692465912746,5.123469246591275
1035,0.8,1.2,2.0,1.1101084461433044,1.1101084461433044,2.7985833832055635,4.798583383205563
1036,0.8,1.2,2.0,0.4098410658376663,1.6098410658376663,1.8814725400402101,3.8814725400402104
1037,0.8,1.2,2.0,1.3244576166428137,1.3244576166428137,0.22938350540978414,2.2293835054097837
1038,0.8,1.2,2.0,1.0782972031265934,2.2782972031265936,0.9841824431643108,2.984182443164311
1039,0.8,1.2,2.0,0.9422727303395999,0.9422727303395999,3.487514304694024,5.487514304694024
1040,0.8,1.2,2.0,0.5605622973433946,1.7605622973433945,0.44009671564658914,2.440096715646589
1041,0.8,1.2,2.0,-1.2317324933703766,-0.031732493370376647,0.4597702932692659,2.459770293269266
1042,0.8,1.2,2.0,1.391342395245209,2.591342395245209,3.292573877668358,5.2925738776683575
1043,0.8,1.2,2.0,0.7517436027526024,0.7517436027526024,1.165704510244874,3.1657045102448738
1044,0.8,1.2,2.0,0.11696191386108973,1.3169619138610897,-0.8578845357811034,1.1421154642188969
1045,0.8,1.2,2.0,1.5490693261833643,2.7490693261833643,1.8276920366299072,3.827692036629907
1046,0.8,1.2,2.0,-1.1855954384859866,-1.1855954384859866,1.7205784014319105,3.7205784014319105
1047,0.8,1.2,2.0,1.9827375422939795,1.9827375422939795,2.0119277347040208,4.01192773470402
1048,0.8,1.2,2.0,0.6405050603531224,0.6405050603531224,0.9547666084122439,2.9547666084122444
1049,0.8,1.2,2.0,0.5308306282824791,0.5308306282824791,0.34212318449237267,2.3421231844923733
1050,0.8,1.2,2.0,0.2362095600556901,0.2362095600556901,2.5384964863291835,4.5384964863291835
1051,0.8,1.2,2.0,-1.539599571186848,-1.539599571186848,-1.0308663885876328,0.9691336114123672
1052,0.8,1.2,2.0,0.2991695262025656,0.2991695262025656,0.6324495803656568,2.6324495803656576
1053,0.8,1.2,2.0,0.8676392332649951,2.067639233264995,3.303042801375148,5.303042801375148
1054,0.8,1.2,2.0,1.909764489920269,1.909764489920269,3.9782846068675886,5.978284606867589
1055,0.8,1.2,2.0,-0.1112278950950116,-0.1112278950950116,-0.30598126790934466,1.694018732090655
1056,0.8,1.2,2.0,-1.2509354712573781,-0.05093547125737796,-1.1801164690211317,0.8198835309788683
1057,0.8,1.2,2.0,-0.9967086203864415,-0.9967086203864415,1.1914298272909878,3.1914298272909876
1058,0.8,1.2,2.0,2.675371199168083,2.675371199168083,3.7743937465129913,5.774393746512992
1059,0.8,1.2,2.0,-0.5570316097556542,-0.5570316097556542,-1.082426046934126,0.9175739530658737
1060,0.8,1.2,2.0,2.060467503697778,2.060467503697778,1.366297180443276,3.3662971804432757
1061,0.8,1.2,2.0,-0.48019226872620085,-0.48019226872620085,-0.626968004798363,1.3730319952016368
1062,0.8,1.2,2.0,0.7537591447093699,0.7537591447093699,0.8050845928978316,2.8050845928978316
1063,0.8,1.2,2.0,0.9882669163324873,0.9882669163324873,-0.1491042834138936,1.8508957165861069
1064,0.8,1.2,2.0,0.019475925072900635,1.2194759250729004,0.14641585286025416,2.1464158528602537
1065,0.8,1.2,2.0,1.8989049996951473,3.098904999695147,1.8509510140086887,3.850951014008689
1066,0.8,1.2,2.0,0.5576528041480249,0.5576528041480249,1.082921146483197,3.082921146483197
1067,0.8,1.2,2.0,0.6392620806126041,0.6392620806126041,3.1177796152822728,5.117779615282273
1068,0.8,1.2,2.0,0.36890010808513013,0.36890010808513013,1.1930615800563604,3.1930615800563604
1069,0.8,1.2,2.0,1.592258074095051,2.792258074095051,2.7137084277361434,4.713708427736143
1070,0.8,1.2,2.0,2.0555858859036062,3.2555858859036064,3.549370013738378,5.549370013738378
1071,0.8,1.2,2.0,0.30964835276561276,0.30964835276561276,1.032953141958271,3.032953141958271
1072,0.8,1.2,2.0,1.8953277018288581,1.8953277018288581,3.0725572731019812,5.072557273101982
1073,0.8,1.2,2.0,-0.18038360444481027,-0.18038360444481027,1.0543727417964615,3.054372741796461
1074,0.8,1.2,2.0,0.7862577614352517,1.9862577614352517,1.5902874750901894,3.5902874750901894
1075,0.8,1.2,2.0,0.7152509402274017,1.9152509402274016,4.299141427302595,6.299141427302595
1076,0.8,1.2,2.0,-0.5005462588496288,-0.5005462588496288,1.4559367944165502,3.45593679441655
1077,0.8,1.2,2.0,1.1095136639597505,2.3095136639597507,1.2915943188012993,3.2915943188013
1078,0.8,1.2,2.0,1.3501291962192237,1.3501291962192237,3.282193554654288,5.282193554654288
1079,0.8,1.2,2.0,-0.5291677017981152,0.6708322982018846,-0.4382215254720156,1.5617784745279844
1080,0.8,1.2,2.0,1.2885924811877585,2.488592481187758,3.0219032765767,5.0219032765767
1081,0.8,1.2,2.0,0.7194152902290119,0.7194152902290119,0.39297836920107154,2.3929783692010718
1082,0.8,1.2,2.0,0.3820387586688706,0.3820387586688706,0.24400978123561634,2.244009781235617
1083,0.8,1.2,2.0,0.5612008664591608,1.7612008664591607,1.9916273192945184,3.991627319294518
1084,0.8,1.2,2.0,0.42856468618036836,0.42856468618036836,2.4386170965143856,4.438617096514386
1085,0.8,1.2,2.0,0.1654190964373381,1.365419096437338,1.690142590312795,3.690142590312795
1086,0.8,1.2,2.0,0.5173341461669809,0.5173341461669809,2.2897848481368652,4.289784848136865
1087,0.8,1.2,2.0,-0.5633471103034356,0.6366528896965642,0.5308495165006402,2.5308495165006395
1088,0.8,1.2,2.0,2.693721930713375,2.693721930713375,3.5574929892412905,5.5574929892412905
1089,0.8,1.2,2.0,-0.7133597804809477,-0.7133597804809477,-0.08640407808313921,1.9135959219168606
1090,0.8,1.2,2.0,-0.167746104260173,-0.167746104260173,1.5899156864394812,3.5899156864394812
1091,0.8,1.2,2.0,-0.18456877447379066,-0.18456877447379066,1.7210926784216174,3.7210926784216176
1092,0.8,1.2,2.0,2.5430451023414835,2.5430451023414835,3.4816305363563393,5.481630536356338
1093,0.8,1.2,2.0,-0.5816549741028111,0.618345025897189,0.4604054347016564,2.460405434701656
1094,0.8,1.2,2.0,0.9800314808940292,0.9800314808940292,3.607510081221546,5.6075100812215455
1095,0.8,1.2,2.0,0.5515775840542496,0.5515775840542496,1.3999448169098334,3.3999448169098327
1096,0.8,1.2,2.0,1.2014901913692329,1.2014901913692329,2.522434652864992,4.522434652864993
1097,0.8,1.2,2.0,2.2100988135054296,2.2100988135054296,4.010161821854651,6.010161821854651
1098,0.8,1.2,2.0,1.8641963563439443,3.0641963563439445,2.8653014314543612,4.865301431454362
1099,0.8,1.2,2.0,0.34114222688310963,1.5411422268831096,0.7155346064088326,2.7155346064088324
1100,0.8,1.2,2.0,1.0666054485381342,1.0666054485381342,2.692963023424418,4.692963023424419
1101,0.8,1.2,2.0,-1.0250722372307899,0.17492776276920985,0.16219261602779134,2.1621926160277907
1102,0.8,1.2,2.0,0.7833227616557161,1.983322761655716,3.7483923535527373,5.748392353552737
1103,0.8,1.2,2.0,-0.11448531370945425,1.0855146862905458,1.7936326459978984,3.7936326459978984
1104,0.8,1.2,2.0,0.46951574604343427,0.46951574604343427,0.9779655742697332,2.9779655742697337
1105,0.8,1.2,2.0,-1.5145731671808078,-1.5145731671808078,-0.004980482899840988,1.9950195171001592
1106,0.8,1.2,2.0,1.1150892337769511,1.1150892337769511,2.563099699879848,4.563099699879848
1107,0.8,1.2,2.0,-1.603312886913574,-0.40331288691357403,0.43495062080662805,2.434950620806628
1108,0.8,1.2,2.0,0.4099047702540699,1.6099047702540699,0.7265306664000196,2.7265306664000195
1109,0.8,1.2,2.0,-0.3354360726801233,-0.3354360726801233,1.1139530892410185,3.1139530892410185
1110,0.8,1.2,2.0,-0.0975749863276254,-0.0975749863276254,0.9713753971187218,2.971375397118722
1111,0.8,1.2,2.0,2.100951589450921,3.3009515894509214,3.4569106704463928,5.456910670446393
1112,0.8,1.2,2.0,1.0064156308074343,2.206415630807434,1.0668818050660265,3.0668818050660267
1113,0.8,1.2,2.0,1.3035284852875126,1.3035284852875126,2.6489903849453356,4.648990384945336
1114,0.8,1.2,2.0,1.9875959733801873,3.187595973380187,3.357472809815616,5.357472809815615
1115,0.8,1.2,2.0,-0.24222931796759262,-0.24222931796759262,2.0634005584023174,4.063400558402318
1116,0.8,1.2,2.0,2.022668277342875,2.022668277342875,3.028440168624096,5.028440168624096
1117,0.8,1.2,2.0,-0.625401512551891,0.5745984874481087,0.1894950749513143,2.189495074951314
1118,0.8,1.2,2.0,1.1377192070438695,2.3377192070438695,2.8547594999872175,4.8547594999872175
1119,0.8,1.2,2.0,0.11227262694090573,1.3122726269409057,0.38847513970180647,2.3884751397018062
1120,0.8,1.2,2.0,-0.7268882874696982,-0.7268882874696982,1.1603708177273395,3.1603708177273395
1121,0.8,1.2,2.0,1.2495650507175864,1.2495650507175864,3.4224705037400516,5.422470503740052
1122,0.8,1.2,2.0,1.4458840902249042,1.4458840902249042,3.7037847013964402,5.70378470139644
1123,0.8,1.2,2.0,1.1903243851611895,1.1903243851611895,2.4169847021837794,4.41698470218378
1124,0.8,1.2,2.0,0.6441110802423362,0.6441110802423362,1.1104488252095994,3.110448825209599
1125,0.8,1.2,2.0,0.5767045773746726,0.5767045773746726,1.649057154376991,3.6490571543769903
1126,0.8,1.2,2.0,0.9458200468987736,0.9458200468987736,2.2718579161105605,4.271857916110561
1127,0.8,1.2,2.0,1.335166448197496,1.335166448197496,2.129293051463157,4.129293051463157
1128,0.8,1.2,2.0,1.0118220388936163,1.0118220388936163,3.325249127357256,5.325249127357256
1129,0.8,1.2,2.0,0.6308306280575129,1.830830628057513,2.1621355735905885,4.1621355735905885
1130,0.8,1.2,2.0,0.7135485372233213,0.7135485372233213,0.40183539037928795,2.401835390379288
1131,0.8,1.2,2.0,-1.395470012144271,-0.19547001214427095,1.3085621939256105,3.308562193925611
1132,0.8,1.2,2.0,0.2898044975767079,1.489804497576708,1.3345790878556143,3.3345790878556145
1133,0.8,1.2,2.0,-1.089602296698579,0.11039770330142096,-1.3208758747838938,0.6791241252161062
1134,0.8,1.2,2.0,1.1912142956182237,1.1912142956182237,1.6373016915465088,3.6373016915465093
1135,0.8,1.2,2.0,2.0924488432348323,2.0924488432348323,4.547244885320933,6.547244885320934
1136,0.8,1.2,2.0,0.41244849284850726,1.612448492848507,3.4951222589289794,5.49512225892898
1137,0.8,1.2,2.0,0.6457634205123256,1.8457634205123257,2.667589400803317,4.667589400803318
1138,0.8,1.2,2.0,1.2676550658481118,1.2676550658481118,3.5944092817195625,5.594409281719563
1139,0.8,1.2,2.0,-1.594361866080275,-1.594361866080275,0.604494303175836,2.604494303175836
1140,0.8,1.2,2.0,-0.020971606657749997,1.1790283933422498,1.5367037964306078,3.536703796430608
1141,0.8,1.2,2.0,1.380154160187808,1.380154160187808,3.052954948608706,5.052954948608706
1142,0.8,1.2,2.0,-3.0928779436826406,-1.8928779436826404,-2.0169368945562764,-0.01693689455627634
1143,0.8,1.2,2.0,-1.077272216406575,-1.077272216406575,0.2584340778489839,2.2584340778489835
1144,0.8,1.2,2.0,1.4379067240644552,1.4379067240644552,1.5876745513268342,3.587674551326834
1145,0.8,1.2,2.0,1.5073552650319955,2.707355265031995,3.2422195707316193,5.242219570731619
1146,0.8,1.2,2.0,1.081349554799304,1.081349554799304,3.677987287049124,5.677987287049124
1147,0.8,1.2,2.0,1.52412379935142,2.7241237993514202,2.412368810627884,4.412368810627884
1148,0.8,1.2,2.0,0.5998304605572926,0.5998304605572926,1.2097334926593817,3.2097334926593817
1149,0.8,1.2,2.0,1.3611080154148434,1.3611080154148434,3.0414630633018622,5.041463063301862
1150,0.8,1.2,2.0,0.49340491210520543,1.6934049121052053,1.0497864423276155,3.0497864423276155
1151,0.8,1.2,2.0,0.6710300323035624,0.6710300323035624,0.39102298193036944,2.3910229819303694
1152,0.8,1.2,2.0,0.15642688533022997,0.15642688533022997,2.4966774399327765,4.4966774399327765
1153,0.8,1.2,2.0,1.8452769232119521,3.045276923211952,2.4488547158749454,4.448854715874945
1154,0.8,1.2,2.0,1.8531145014673367,3.053114501467337,2.7592664748309694,4.7592664748309685
1155,0.8,1.2,2.0,2.0892578523970746,3.289257852397075,2.61869617918901,4.61869617918901
1156,0.8,1.2,2.0,0.125075175095741,0.125075175095741,2.4239526145244756,4.423952614524476
1157,0.8,1.2,2.0,-0.4533720853387413,-0.4533720853387413,1.4000720422961703,3.4000720422961703
1158,0.8,1.2,2.0,2.2188597324070356,3.418859732407036,3.27271090569125,5.27271090569125
1159,0.8,1.2,2.0,0.3086455640293867,0.3086455640293867,-0.3614262264413828,1.6385737735586177
1160,0.8,1.2,2.0,0.40327909047577154,0.40327909047577154,0.7728124515856571,2.772812451585657
1161,0.8,1.2,2.0,-0.4897532128574567,0.7102467871425432,0.8429854018173829,2.8429854018173826
1162,0.8,1.2,2.0,0.8166856183661232,0.8166856183661232,1.9326691929321274,3.9326691929321274
1163,0.8,1.2,2.0,-0.6616605105917439,-0.6616605105917439,0.39651589990703706,2.396515899907037
1164,0.8,1.2,2.0,0.6818646617471178,0.6818646617471178,1.59209829166232,3.5920982916623196
1165,0.8,1.2,2.0,1.5833392899129626,1.5833392899129626,3.145103914948957,5.145103914948957
1166,0.8,1.2,2.0,1.8727930403508812,3.072793040350881,2.6587655005811235,4.658765500581123
1167,0.8,1.2,2.0,1.9457512817325835,3.1457512817325832,3.8872495506072644,5.887249550607264
1168,0.8,1.2,2.0,-0.34149896529697776,-0.34149896529697776,0.03193021650735328,2.0319302165073534
1169,0.8,1.2,2.0,0.5738053056406268,0.5738053056406268,4.045306199079023,6.045306199079022
1170,0.8,1.2,2.0,2.5306067569656734,3.730606756965673,3.174030779588059,5.174030779588058
1171,0.8,1.2,2.0,-0.7133727895987725,-0.7133727895987725,0.260379418847546,2.2603794188475455
1172,0.8,1.2,2.0,-0.131620696877797,-0.131620696877797,1.0532187452633606,3.0532187452633606
1173,0.8,1.2,2.0,1.87846029587842,3.07846029587842,2.4442937461961747,4.444293746196174
1174,0.8,1.2,2.0,0.8177783271003778,2.0177783271003777,1.6260327247010355,3.6260327247010355
1175,0.8,1.2,2.0,2.954701164986502,2.954701164986502,3.9334063333108746,5.933406333310875
1176,0.8,1.2,2.0,-0.7129311379416317,0.4870688620583683,-0.9470104003237041,1.052989599676296
1177,0.8,1.2,2.0,-0.7183481232338993,-0.7183481232338993,0.5678464106436876,2.567846410643688
1178,0.8,1.2,2.0,1.7687135644260232,2.968713564426023,1.1492171452278586,3.1492171452278583
1179,0.8,1.2,2.0,-0.5860157489363547,0.6139842510636453,2.2399346130370468,4.239934613037047
1180,0.8,1.2,2.0,0.42847359880506797,1.628473598805068,2.304938875531864,4.304938875531864
1181,0.8,1.2,2.0,0.03820675989331232,1.2382067598933124,1.4132313207152811,3.4132313207152816
1182,0.8,1.2,2.0,1.7923951924265906,2.9923951924265904,1.2266902260204613,3.2266902260204606
1183,0.8,1.2,2.0,0.8742044590446918,0.8742044590446918,0.9216334464313012,2.9216334464313007
1184,0.8,1.2,2.0,1.1469222885590544,1.1469222885590544,3.6628389922855695,5.66283899228557
1185,0.8,1.2,2.0,0.09437751911287529,1.2943775191128752,5.243491180828838,7.243491180828837
1186,0.8,1.2,2.0,1.3020877693585589,2.5020877693585586,3.2215027346000005,5.2215027346
1187,0.8,1.2,2.0,4.430964731352908,4.430964731352908,6.4046686006876214,8.404668600687621
1188,0.8,1.2,2.0,1.300891221542046,2.500891221542046,2.8989381980689877,4.898938198068988
1189,0.8,1.2,2.0,0.7835618216892162,1.9835618216892161,1.0586577020739656,3.0586577020739654
1190,0.8,1.2,2.0,-0.8401593402254861,-0.8401593402254861,1.1268171634859605,3.1268171634859607
1191,0.8,1.2,2.0,0.3220522178631624,0.3220522178631624,0.527200658886444,2.5272006588864437
1192,0.8,1.2,2.0,0.5885429973486636,0.5885429973486636,0.5794599864061218,2.579459986406122
1193,0.8,1.2,2.0,-0.11159647518705845,-0.11159647518705845,-0.4364566239054988,1.5635433760945014
1194,0.8,1.2,2.0,0.7089587091142351,0.7089587091142351,2.834705718043217,4.8347057180432165
1195,0.8,1.2,2.0,2.858154122363744,2.858154122363744,4.1874987644738795,6.1874987644738795
1196,0.8,1.2,2.0,2.3353122976041423,2.3353122976041423,3.8282673176651283,5.828267317665128
1197,0.8,1.2,2.0,-0.027232680715003482,-0.027232680715003482,0.7117634060698126,2.711763406069813
1198,0.8,1.2,2.0,-0.9862398780130057,0.21376012198699423,-1.2972630414426607,0.7027369585573393
1199,0.8,1.2,2.0,2.2828432789225683,2.2828432789225683,2.9090961302519345,4.9090961302519345
1200,0.8,1.2,2.0,0.1334614112873444,1.3334614112873444,0.30137899486636444,2.301378994866364
1201,0.8,1.2,2.0,-1.6232627655898588,-0.42326276558985887,-2.293042439473555,-0.29304243947355535
1202,0.8,1.2,2.0,1.066571879283322,2.266571879283322,1.4651229578431617,3.4651229578431617
1203,0.8,1.2,2.0,1.651754697075841,2.851754697075841,1.6544935825745193,3.6544935825745197
1204,0.8,1.2,2.0,-1.956627416917998,-0.7566274169179981,-0.3994311293732248,1.600568870626775
1205,0.8,1.2,2.0,-0.519723728254581,-0.519723728254581,1.0111346116311246,3.0111346116311246
1206,0.8,1.2,2.0,0.18728225017493333,1.3872822501749333,-0.24119936480985826,1.758800635190142
1207,0.8,1.2,2.0,1.0208097919848047,1.0208097919848047,1.5817106148542623,3.5817106148542623
1208,0.8,1.2,2.0,-0.27959947322185397,0.920400526778146,2.400558482363061,4.400558482363061
1209,0.8,1.2,2.0,0.352347961208882,0.352347961208882,0.8279116389858013,2.8279116389858014
1210,0.8,1.2,2.0,1.316422571035949,1.316422571035949,2.8025626030681257,4.802562603068125
1211,0.8,1.2,2.0,0.2977053430072624,0.2977053430072624,1.5805790878910946,3.580579087891094
1212,0.8,1.2,2.0,0.89533141011302,2.09533141011302,2.8904034743301423,4.890403474330142
1213,0.8,1.2,2.0,-0.6673026581304052,-0.6673026581304052,0.5909728477897913,2.5909728477897906
1214,0.8,1.2,2.0,-1.0663992136475051,-1.0663992136475051,-0.6404054878453262,1.359594512154674
1215,0.8,1.2,2.0,0.45975665709463653,0.45975665709463653,0.9961791115836811,2.996179111583681
1216,0.8,1.2,2.0,0.33911712726285403,0.33911712726285403,1.1448852158470164,3.144885215847017
1217,0.8,1.2,2.0,0.8792701292420887,2.0792701292420888,1.4254512109631858,3.4254512109631867
1218,0.8,1.2,2.0,-0.707528134306924,0.4924718656930761,-1.476596345221263,0.5234036547787373
1219,0.8,1.2,2.0,-0.653712994769176,-0.653712994769176,1.3503038179690956,3.350303817969096
1220,0.8,1.2,2.0,2.2582055913554,2.2582055913554,4.58963031509605,6.58963031509605
1221,0.8,1.2,2.0,-1.0362896143057765,-1.0362896143057765,-1.089365874716505,0.9106341252834951
1222,0.8,1.2,2.0,2.138629837876977,2.138629837876977,3.096016958157459,5.096016958157458
1223,0.8,1.2,2.0,1.943799480552646,3.1437994805526457,2.800910326578605,4.800910326578605
1224,0.8,1.2,2.0,1.5948571619806229,2.794857161980623,1.5948501266240722,3.594850126624072
1225,0.8,1.2,2.0,-0.4580766156018206,-0.4580766156018206,-1.5050522824250028,0.49494771757499767
1226,0.8,1.2,2.0,-0.15933855046755807,1.0406614495324418,0.27485898845864,2.27485898845864
1227,0.8,1.2,2.0,0.5085584972241042,0.5085584972241042,1.2978990037877816,3.297899003787782
1228,0.8,1.2,2.0,-0.9680338645015073,0.23196613549849276,-1.5245966563122648,0.4754033436877354
1229,0.8,1.2,2.0,-0.2938318875687468,0.9061681124312532,0.9950539506399654,2.9950539506399654
1230,0.8,1.2,2.0,1.3145906190814958,2.514590619081496,3.590684474112802,5.590684474112803
1231,0.8,1.2,2.0,0.9844833278851323,2.184483327885132,2.7166889498243836,4.716688949824384
1232,0.8,1.2,2.0,-0.8864053562162548,0.31359464378374513,-0.23764469582917233,1.762355304170828
1233,0.8,1.2,2.0,0.820883435730593,0.820883435730593,-0.2563539271702582,1.7436460728297418
1234,0.8,1.2,2.0,0.9802549683162447,0.9802549683162447,2.713258417359585,4.713258417359585
1235,0.8,1.2,2.0,2.107989215213898,2.107989215213898,3.319783358036319,5.31978335803632
1236,0.8,1.2,2.0,0.8313786927301472,2.031378692730147,2.097224635856585,4.097224635856584
1237,0.8,1.2,2.0,1.5665566561322075,2.7665566561322077,4.5079765246999415,6.5079765246999415
1238,0.8,1.2,2.0,1.1482387017717568,2.348238701771757,1.4375344794688005,3.4375344794688005
1239,0.8,1.2,2.0,1.6653863240967781,2.8653863240967783,-0.08579146609220434,1.9142085339077957
1240,0.8,1.2,2.0,-0.32155312053102847,-0.32155312053102847,-0.0646316743162878,1.9353683256837122
1241,0.8,1.2,2.0,0.7613497925484995,1.9613497925484997,2.5027910272559293,4.50279102725593
1242,0.8,1.2,2.0,0.160629801945507,1.3606298019455068,0.9872974171422387,2.9872974171422384
1243,0.8,1.2,2.0,0.7613259159261243,0.7613259159261243,0.8824070282350471,2.882407028235047
1244,0.8,1.2,2.0,0.7845936789500112,0.7845936789500112,0.2586809948624378,2.2586809948624373
1245,0.8,1.2,2.0,1.447841498232079,1.447841498232079,2.302207044905569,4.302207044905569
1246,0.8,1.2,2.0,0.912653064886475,0.912653064886475,0.6801557202148871,2.680155720214887
1247,0.8,1.2,2.0,0.19941130524157188,1.399411305241572,1.6376148478047037,3.637614847804704
1248,0.8,1.2,2.0,-0.7780391377776048,0.42196086222239515,-0.5510053983588603,1.4489946016411395
1249,0.8,1.2,2.0,1.5457167210913296,2.7457167210913296,1.8842859347163479,3.884285934716348
1250,0.8,1.2,2.0,0.3819178460221524,0.3819178460221524,0.311764796038024,2.311764796038024
1251,0.8,1.2,2.0,-0.22842408764657673,0.9715759123534233,1.228158486102572,3.2281584861025725
1252,0.8,1.2,2.0,0.7613502554921506,1.9613502554921507,2.107318010680036,4.107318010680037
1253,0.8,1.2,2.0,-1.4823729744963683,-1.4823729744963683,-0.43979790249311246,1.5602020975068875
1254,0.8,1.2,2.0,0.6259618371032243,1.825961837103224,1.86648542941289,3.86648542941289
1255,0.8,1.2,2.0,0.0840026007990114,0.0840026007990114,0.8667287598007097,2.8667287598007096
1256,0.8,1.2,2.0,-0.2630123693963747,-0.2630123693963747,-0.42183989888182316,1.578160101118177
1257,0.8,1.2,2.0,2.3169486009631406,2.3169486009631406,2.7414674150049527,4.741467415004952
1258,0.8,1.2,2.0,-0.6677155980951361,-0.6677155980951361,-0.07009815560275551,1.9299018443972442
1259,0.8,1.2,2.0,1.728287364261639,2.9282873642616387,5.1414122107361635,7.1414122107361635
1260,0.8,1.2,2.0,2.542038417320997,2.542038417320997,2.0967556011636015,4.0967556011636015
1261,0.8,1.2,2.0,1.8770688034590346,1.8770688034590346,2.657959566637042,4.657959566637042
1262,0.8,1.2,2.0,0.4976852417895675,0.4976852417895675,1.6154349844916127,3.615434984491613
1263,0.8,1.2,2.0,-0.39533523650005753,-0.39533523650005753,0.46048761217629663,2.4604876121762964
1264,0.8,1.2,2.0,-0.9962094737834394,-0.9962094737834394,0.988328536188309,2.988328536188309
1265,0.8,1.2,2.0,0.07358065377700324,0.07358065377700324,0.7551709557638202,2.75517095576382
1266,0.8,1.2,2.0,-0.2216503977035887,0.9783496022964112,0.520708427286015,2.520708427286015
1267,0.8,1.2,2.0,-0.4703640434118685,-0.4703640434118685,1.1770530472352911,3.177053047235291
1268,0.8,1.2,2.0,0.3723110049032817,1.5723110049032816,3.3154389747380084,5.315438974738008
1269,0.8,1.2,2.0,0.5928276087878224,0.5928276087878224,3.1303757838518234,5.130375783851823
1270,0.8,1.2,2.0,1.1632783561169662,2.3632783561169663,2.145335410988936,4.1453354109889355
1271,0.8,1.2,2.0,-0.27670652328713585,0.9232934767128642,0.9811723957639897,2.9811723957639895
1272,0.8,1.2,2.0,0.25255964423784105,0.25255964423784105,1.5891478492693056,3.589147849269306
1273,0.8,1.2,2.0,0.22784451022277805,0.22784451022277805,1.2998549807155366,3.2998549807155366
1274,0.8,1.2,2.0,0.4164305021069844,1.6164305021069842,0.6436928514460053,2.643692851446005
1275,0.8,1.2,2.0,2.149343500635959,2.149343500635959,3.9612171616397553,5.961217161639755
1276,0.8,1.2,2.0,0.7392531875582241,1.9392531875582242,1.9505333785039218,3.9505333785039216
1277,0.8,1.2,2.0,-1.293514646695084,-1.293514646695084,-0.4583207253341707,1.5416792746658292
1278,0.8,1.2,2.0,1.40420245432758,1.40420245432758,1.457071139595717,3.457071139595717
1279,0.8,1.2,2.0,1.1547731678468676,2.3547731678468677,2.289799006406073,4.2897990064060725
1280,0.8,1.2,2.0,0.3094632333239352,1.509463233323935,-0.6273548955177544,1.3726451044822456
1281,0.8,1.2,2.0,-0.3553111028522882,-0.3553111028522882,0.3017632674867552,2.301763267486755
1282,0.8,1.2,2.0,1.6068700723748393,2.8068700723748394,1.6096492839365584,3.609649283936558
1283,0.8,1.2,2.0,-1.174114692040844,0.025885307959155668,-0.28994001792628316,1.7100599820737166
1284,0.8,1.2,2.0,1.3995238029818657,1.3995238029818657,4.438541558971116,6.438541558971116
1285,0.8,1.2,2.0,0.7181910634991457,0.7181910634991457,2.3021922187880564,4.302192218788056
1286,0.8,1.2,2.0,1.1759444391079983,1.1759444391079983,3.6744357717957636,5.674435771795764
1287,0.8,1.2,2.0,1.8089390931717655,1.8089390931717655,3.1888720456116326,5.188872045611632
1288,0.8,1.2,2.0,1.0546687588859252,2.2546687588859253,3.1750755064034673,5.175075506403467
1289,0.8,1.2,2.0,0.5423885960768696,0.5423885960768696,3.8002178311002437,5.800217831100245
1290,0.8,1.2,2.0,1.8532521610667199,1.8532521610667199,2.2862552527236373,4.286255252723637
1291,0.8,1.2,2.0,-0.08018748650127594,1.119812513498724,0.15664938839578313,2.156649388395783
1292,0.8,1.2,2.0,0.5318418383637866,1.7318418383637866,2.1128419568201204,4.11284195682012
1293,0.8,1.2,2.0,-0.9114554635766083,0.2885445364233916,0.005951511987267073,2.005951511987267
1294,0.8,1.2,2.0,-1.1720405940967575,0.027959405903242418,-0.37752633912980027,1.6224736608701997
1295,0.8,1.2,2.0,0.6286787967125346,0.6286787967125346,1.4315399887894058,3.4315399887894062
1296,0.8,1.2,2.0,1.1217316411254283,2.321731641125428,1.694569545797082,3.694569545797081
1297,0.8,1.2,2.0,-1.6750764208422149,-1.6750764208422149,0.6305643824986873,2.6305643824986875
1298,0.8,1.2,2.0,0.7988623003086195,0.7988623003086195,0.5667178080273418,2.5667178080273416
1299,0.8,1.2,2.0,-0.6666683662683242,-0.6666683662683242,0.7882309665265357,2.7882309665265357
1300,0.8,1.2,2.0,1.4900826572285375,2.6900826572285377,2.8212407039972347,4.821240703997234
1301,0.8,1.2,2.0,0.16408005922206187,1.3640800592220617,-0.40423691298380193,1.5957630870161978
1302,0.8,1.2,2.0,-1.248942916046528,-1.248942916046528,-1.4966036770378166,0.5033963229621835
1303,0.8,1.2,2.0,0.7600856894663715,1.9600856894663714,1.2202492161879168,3.2202492161879164
1304,0.8,1.2,2.0,-0.19007848009862072,1.0099215199013791,1.525276647204707,3.5252766472047066
1305,0.8,1.2,2.0,1.6936143650220519,1.6936143650220519,2.276358741484118,4.276358741484119
1306,0.8,1.2,2.0,-0.24368234546226278,0.9563176545377372,0.17458614593002358,2.1745861459300233
1307,0.8,1.2,2.0,0.049397789105996015,0.049397789105996015,-0.6075332930792097,1.3924667069207906
1308,0.8,1.2,2.0,1.4616715991618168,2.661671599161817,5.03416370269767,7.03416370269767
1309,0.8,1.2,2.0,-1.3383457234188647,-1.3383457234188647,-0.8227489608250822,1.1772510391749178
1310,0.8,1.2,2.0,-0.8934106789865699,-0.8934106789865699,0.5360855358716701,2.53608553587167
1311,0.8,1.2,2.0,0.5543513459014593,0.5543513459014593,0.777725701642785,2.777725701642785
1312,0.8,1.2,2.0,-0.35829961753335815,-0.35829961753335815,0.14998711571575796,2.1499871157157577
1313,0.8,1.2,2.0,-0.802544339392495,0.3974556606075048,1.975117525132344,3.975117525132344
1314,0.8,1.2,2.0,1.457942237441571,1.457942237441571,0.622011434582064,2.622011434582065
1315,0.8,1.2,2.0,1.1947022357346677,1.1947022357346677,2.5864413879992627,4.586441387999264
1316,0.8,1.2,2.0,-0.2029617905339054,0.9970382094660943,-0.04722051369579461,1.952779486304205
1317,0.8,1.2,2.0,-0.18001862604394747,1.0199813739560526,0.37439183082397354,2.3743918308239738
1318,0.8,1.2,2.0,-0.2909182450595367,0.9090817549404634,0.14619616119096468,2.146196161190965
1319,0.8,1.2,2.0,1.8308026543023495,1.8308026543023495,1.5478138750576145,3.547813875057614
1320,0.8,1.2,2.0,1.7631344965587317,1.7631344965587317,3.036658938923808,5.036658938923809
1321,0.8,1.2,2.0,-0.14899750042668342,-0.14899750042668342,-1.8691284173470222,0.13087158265297782
1322,0.8,1.2,2.0,0.9079684401171689,2.107968440117169,1.4803291253809223,3.4803291253809228
1323,0.8,1.2,2.0,-0.8628605243855925,0.3371394756144075,0.04239994129459029,2.0423999412945903
1324,0.8,1.2,2.0,-0.6415114547914478,0.5584885452085523,-1.3133648702654304,0.6866351297345699
1325,0.8,1.2,2.0,0.6734942746205677,1.8734942746205676,3.2324670018557393,5.232467001855739
1326,0.8,1.2,2.0,1.2424706310234161,1.2424706310234161,1.8415055108111034,3.841505510811103
1327,0.8,1.2,2.0,0.4904210215357434,1.6904210215357434,1.3115235437703647,3.311523543770365
1328,0.8,1.2,2.0,0.2713442414606084,0.2713442414606084,0.36134556471016077,2.36134556471016
1329,0.8,1.2,2.0,0.5411936716542284,0.5411936716542284,1.4348656923577106,3.43486569235771
1330,0.8,1.2,2.0,0.5590312688715298,0.5590312688715298,3.015581142973477,5.015581142973478
1331,0.8,1.2,2.0,-0.35954222198066604,-0.35954222198066604,2.737875828749627,4.737875828749627
1332,0.8,1.2,2.0,-0.24869467682309837,0.9513053231769015,1.2819913241140173,3.281991324114017
1333,0.8,1.2,2.0,0.9949005898530441,0.9949005898530441,3.2582030776411193,5.258203077641119
1334,0.8,1.2,2.0,0.9918442194586421,2.191844219458642,3.7622907877751812,5.762290787775181
1335,0.8,1.2,2.0,0.8219506419568601,2.02195064195686,2.153216035148668,4.153216035148668
1336,0.8,1.2,2.0,-0.12074860771406604,1.0792513922859337,2.8214012274224665,4.821401227422466
1337,0.8,1.2,2.0,-0.3583620175913268,0.841637982408673,1.527749670500317,3.5277496705003166
1338,0.8,1.2,2.0,1.096248209078021,1.096248209078021,2.3718131704762286,4.371813170476228
1339,0.8,1.2,2.0,2.7848969588363754,2.7848969588363754,4.677387098731509,6.677387098731509
1340,0.8,1.2,2.0,0.588274094131608,0.588274094131608,-0.27590378085431455,1.7240962191456854
1341,0.8,1.2,2.0,-0.15103324156254272,-0.15103324156254272,0.981509466159908,2.981509466159908
1342,0.8,1.2,2.0,0.8526793749169154,2.052679374916915,0.3944911341200459,2.394491134120046
1343,0.8,1.2,2.0,-0.5051241136967601,-0.5051241136967601,-1.0425950594300888,0.9574049405699117
1344,0.8,1.2,2.0,1.6509285389526012,1.6509285389526012,2.738464149588584,4.738464149588585
1345,0.8,1.2,2.0,0.37687503864157407,0.37687503864157407,0.05631703953055034,2.0563170395305503
1346,0.8,1.2,2.0,0.5234961134164751,0.5234961134164751,1.978351246531113,3.9783512465311133
1347,0.8,1.2,2.0,0.4312575750235318,1.6312575750235316,1.6350607884510013,3.6350607884510007
1348,0.8,1.2,2.0,-0.24672184648423845,-0.24672184648423845,0.7898706780524813,2.7898706780524813
1349,0.8,1.2,2.0,2.0864490675007135,3.2864490675007136,2.365513720914532,4.365513720914532
1350,0.8,1.2,2.0,0.2650163650845405,1.4650163650845405,2.1418697172534724,4.141869717253472
1351,0.8,1.2,2.0,0.5795013122202435,1.7795013122202434,1.4396897864905984,3.439689786490598
1352,0.8,1.2,2.0,1.2424083182256398,1.2424083182256398,2.7959385727797006,4.795938572779701
1353,0.8,1.2,2.0,-0.628331284234049,0.5716687157659509,-1.0831473518273835,0.9168526481726165
1354,0.8,1.2,2.0,0.7994976273103087,0.7994976273103087,1.6916955112977563,3.6916955112977563
1355,0.8,1.2,2.0,1.3483220117137356,1.3483220117137356,3.828207456530206,5.828207456530206
1356,0.8,1.2,2.0,-0.914225522361428,0.285774477638572,1.1491876418867357,3.1491876418867357
1357,0.8,1.2,2.0,0.6398328576425707,1.8398328576425707,0.7672977539614839,2.7672977539614836
1358,0.8,1.2,2.0,0.3021063509283882,0.3021063509283882,0.6551271042678946,2.6551271042678946
1359,0.8,1.2,2.0,0.5068643001124639,1.706864300112464,0.43610957537962325,2.4361095753796236
1360,0.8,1.2,2.0,0.4594409100762323,0.4594409100762323,0.7522354562057942,2.752235456205794
1361,0.8,1.2,2.0,0.6458279131226005,1.8458279131226003,0.1711990658644169,2.171199065864417
1362,0.8,1.2,2.0,2.112236657998528,3.312236657998528,3.1573230738049674,5.157323073804967
1363,0.8,1.2,2.0,-1.1994701430478045,0.0005298569521954288,0.08702643449324277,2.087026434493243
1364,0.8,1.2,2.0,0.41644767962322005,1.6164476796232201,0.8037948259045683,2.8037948259045686
1365,0.8,1.2,2.0,1.052712671420068,2.252712671420068,1.886169083730379,3.8861690837303784
1366,0.8,1.2,2.0,1.0940102034365227,2.294010203436523,1.9489013529442403,3.9489013529442407
1367,0.8,1.2,2.0,0.621309180281825,1.821309180281825,2.4510303298398712,4.451030329839872
1368,0.8,1.2,2.0,3.6521665357281683,4.852166535728168,4.306300912293635,6.306300912293634
1369,0.8,1.2,2.0,1.4878260121682678,1.4878260121682678,2.161736896551791,4.1617368965517905
1370,0.8,1.2,2.0,1.918814953980047,3.118814953980047,2.2647119308377004,4.264711930837701
1371,0.8,1.2,2.0,-0.2614984915905702,-0.2614984915905702,-0.7019589668277659,1.298041033172234
1372,0.8,1.2,2.0,-0.24417605257746633,0.9558239474225337,1.450833153082714,3.450833153082714
1373,0.8,1.2,2.0,0.30713909705707876,0.30713909705707876,1.252999318253742,3.252999318253742
1374,0.8,1.2,2.0,0.730378797203634,0.730378797203634,1.4641344076004221,3.4641344076004223
1375,0.8,1.2,2.0,0.8995386396979308,2.0995386396979305,3.1693203191391643,5.169320319139165
1376,0.8,1.2,2.0,1.0126117173088585,1.0126117173088585,3.4175993410433825,5.417599341043383
1377,0.8,1.2,2.0,0.4524781953498175,0.4524781953498175,-0.0825410577203558,1.9174589422796442
1378,0.8,1.2,2.0,0.1793757912716814,1.3793757912716813,1.8626627377570197,3.8626627377570197
1379,0.8,1.2,2.0,0.40751218076093604,0.40751218076093604,1.6914053898416013,3.6914053898416013
1380,0.8,1.2,2.0,1.6665588678411416,1.6665588678411416,2.499690147145824,4.499690147145824
1381,0.8,1.2,2.0,1.7085376011436222,1.7085376011436222,3.2814280701537006,5.2814280701537
1382,0.8,1.2,2.0,-1.3663581358060508,-1.3663581358060508,-2.6661523617833853,-0.6661523617833853
1383,0.8,1.2,2.0,1.1671109929801446,1.1671109929801446,3.5662656247890077,5.566265624789007
1384,0.8,1.2,2.0,-0.20011653901941506,-0.20011653901941506,1.2818973525437023,3.2818973525437025
1385,0.8,1.2,2.0,0.443292080022962,0.443292080022962,0.22767462064490873,2.227674620644909
1386,0.8,1.2,2.0,0.3362891750072055,0.3362891750072055,0.769715564834144,2.7697155648341436
1387,0.8,1.2,2.0,2.4404158809621364,2.4404158809621364,1.9870209598967974,3.9870209598967974
1388,0.8,1.2,2.0,-0.2440449868583227,0.9559550131416772,0.22468419138730505,2.224684191387305
1389,0.8,1.2,2.0,0.7795321225017449,1.9795321225017448,1.3640803329991364,3.3640803329991362
1390,0.8,1.2,2.0,0.8318461143704963,0.8318461143704963,0.3235710317874496,2.3235710317874494
1391,0.8,1.2,2.0,-0.5755324572267851,-0.5755324572267851,1.0667873717470575,3.0667873717470573
1392,0.8,1.2,2.0,0.8703610348240653,2.070361034824065,3.4426369513525477,5.442636951352548
1393,0.8,1.2,2.0,0.07064776934331524,1.2706477693433151,0.9347757152764724,2.934775715276473
1394,0.8,1.2,2.0,0.12485026329721416,0.12485026329721416,0.9116458782529712,2.9116458782529717
1395,0.8,1.2,2.0,-0.5010884363015358,-0.5010884363015358,0.5596525426180605,2.559652542618061
1396,0.8,1.2,2.0,2.170709866555258,2.170709866555258,3.523534416339191,5.523534416339191
1397,0.8,1.2,2.0,0.08224499913161643,1.2822449991316165,0.12059627216172975,2.1205962721617304
1398,0.8,1.2,2.0,1.0116579298765274,2.211657929876527,1.3224799747592137,3.322479974759214
1399,0.8,1.2,2.0,0.9872589550311126,2.187258955031113,1.8059322502830608,3.805932250283061
1400,0.8,1.2,2.0,-1.3199259444595188,-1.3199259444595188,-0.353703235772385,1.646296764227615
1401,0.8,1.2,2.0,1.3739286609522385,1.3739286609522385,2.619771527179238,4.619771527179237
1402,0.8,1.2,2.0,-1.0107086424066234,-1.0107086424066234,0.13486378248120645,2.1348637824812067
1403,0.8,1.2,2.0,1.0668709736506297,1.0668709736506297,0.5012290873570209,2.5012290873570207
1404,0.8,1.2,2.0,-0.1546883276204934,-0.1546883276204934,1.4121982934713389,3.4121982934713384
1405,0.8,1.2,2.0,0.3341718324327768,1.5341718324327769,1.2214574358921724,3.221457435892172
1406,0.8,1.2,2.0,-0.5858787661378163,-0.5858787661378163,3.1057644103380193,5.105764410338019
1407,0.8,1.2,2.0,0.6991543786360829,1.899154378636083,1.3627013784805144,3.362701378480515
1408,0.8,1.2,2.0,1.6224748603915315,1.6224748603915315,3.0762829837815118,5.076282983781512
1409,0.8,1.2,2.0,-0.3096038348682923,-0.3096038348682923,3.517856389443095,5.517856389443095
1410,0.8,1.2,2.0,0.04679285717914328,1.2467928571791431,1.343524448897758,3.343524448897758
1411,0.8,1.2,2.0,0.8289664003899779,2.0289664003899777,1.6775661123289534,3.6775661123289534
1412,0.8,1.2,2.0,1.648537876069804,1.648537876069804,2.107562349601062,4.1075623496010625
1413,0.8,1.2,2.0,-2.4045584233376562,-1.2045584233376563,-0.18987813941477105,1.810121860585229
1414,0.8,1.2,2.0,2.8936875608516686,2.8936875608516686,2.9867734393876955,4.986773439387695
1415,0.8,1.2,2.0,1.4389257187646227,1.4389257187646227,3.1396281257569387,5.139628125756938
1416,0.8,1.2,2.0,0.9412710206632834,0.9412710206632834,1.2972839381617833,3.2972839381617827
1417,0.8,1.2,2.0,1.025241636504775,1.025241636504775,2.281760096037947,4.281760096037948
1418,0.8,1.2,2.0,-1.0567064236686494,0.14329357633135054,-1.281540635689644,0.7184593643103561
1419,0.8,1.2,2.0,1.4660637632971134,1.4660637632971134,4.003418786395591,6.003418786395591
1420,0.8,1.2,2.0,-0.056781372123123175,1.1432186278768768,0.6710257593637756,2.671025759363775
1421,0.8,1.2,2.0,0.9787638467177369,2.178763846717737,0.720228956180968,2.720228956180968
1422,0.8,1.2,2.0,0.2183762816253888,0.2183762816253888,2.429185113257559,4.429185113257558
1423,0.8,1.2,2.0,0.8551985580122325,0.8551985580122325,1.4291678642388324,3.4291678642388326
1424,0.8,1.2,2.0,0.1453595011009241,0.1453595011009241,1.7602040478384247,3.7602040478384247
1425,0.8,1.2,2.0,1.4187832080373575,2.6187832080373576,3.2964624337440074,5.296462433744007
1426,0.8,1.2,2.0,-0.9618121263988589,0.2381878736011409,0.329933479548003,2.3299334795480027
1427,0.8,1.2,2.0,2.9928975440546837,4.192897544054683,1.9611474060326444,3.9611474060326435
1428,0.8,1.2,2.0,3.0142938589054498,3.0142938589054498,4.893880709162196,6.893880709162195
1429,0.8,1.2,2.0,2.3290974440008463,2.3290974440008463,3.3594155870252753,5.359415587025275
1430,0.8,1.2,2.0,1.9991286577320049,3.199128657732005,2.8191997422336685,4.8191997422336685
1431,0.8,1.2,2.0,0.33417320271901657,0.33417320271901657,1.1709126277122326,3.170912627712233
1432,0.8,1.2,2.0,1.3878499556080346,2.5878499556080348,0.5920193282408368,2.5920193282408373
1433,0.8,1.2,2.0,0.1433654725316384,0.1433654725316384,1.1618977010652851,3.1618977010652847
1434,0.8,1.2,2.0,-1.5441565167826643,-1.5441565167826643,-2.235640540183546,-0.2356405401835462
1435,0.8,1.2,2.0,2.074285997494473,3.2742859974944727,2.8358360102470317,4.835836010247031
1436,0.8,1.2,2.0,1.603789827954527,1.603789827954527,2.743364502847419,4.743364502847419
1437,0.8,1.2,2.0,0.33666458098565194,1.5366645809856518,2.3227041280673246,4.322704128067324
1438,0.8,1.2,2.0,-1.6118699046346712,-1.6118699046346712,-2.0226068293634,-0.02260682936339964
1439,0.8,1.2,2.0,-0.46039591748722447,0.7396040825127754,1.7417279604199305,3.7417279604199303
1440,0.8,1.2,2.0,-0.9848933894665597,0.21510661053344005,1.1861279943292211,3.186127994329221
1441,0.8,1.2,2.0,1.2456930525990377,2.445693052599038,1.6833581100958754,3.6833581100958757
1442,0.8,1.2,2.0,-0.9951314635671278,0.20486853643287217,-1.0317623944383623,0.9682376055616377
1443,0.8,1.2,2.0,0.3696252411540995,1.5696252411540994,-0.3523280270713729,1.647671972928627
1444,0.8,1.2,2.0,0.08791829692808117,1.2879182969280811,1.647413244933067,3.647413244933067
1445,0.8,1.2,2.0,-0.9699117430158796,-0.9699117430158796,-0.7360014245676287,1.263998575432371
1446,0.8,1.2,2.0,0.8253672122236323,0.8253672122236323,3.082732096802055,5.082732096802054
1447,0.8,1.2,2.0,0.8639345522524742,2.0639345522524737,1.6495666808005407,3.6495666808005396
1448,0.8,1.2,2.0,1.7931211356021888,1.7931211356021888,2.1957381756680974,4.195738175668098
1449,0.8,1.2,2.0,-0.8595749551148243,-0.8595749551148243,0.3127382718720778,2.312738271872078
1450,0.8,1.2,2.0,-0.43528070093493,0.76471929906507,-0.23997159506842508,1.7600284049315746
1451,0.8,1.2,2.0,-1.9853057119467508,-1.9853057119467508,-1.0418647208818537,0.9581352791181462
1452,0.8,1.2,2.0,-1.5313772077849621,-0.33137720778496216,0.5565917719688663,2.5565917719688662
1453,0.8,1.2,2.0,2.2666251697032513,3.466625169703251,3.362809674521801,5.3628096745218015
1454,0.8,1.2,2.0,2.4650250005986276,2.4650250005986276,3.5069406323006573,5.506940632300657
1455,0.8,1.2,2.0,1.0328805804366654,2.2328805804366656,2.531463539486892,4.531463539486892
1456,0.8,1.2,2.0,-0.3580917334398627,-0.3580917334398627,-1.0740327020808234,0.9259672979191769
1457,0.8,1.2,2.0,0.8914278024210887,2.091427802421089,2.7431833709590427,4.743183370959042
1458,0.8,1.2,2.0,1.4007969716120159,2.6007969716120156,2.5788770610883467,4.578877061088345
1459,0.8,1.2,2.0,0.521206498445372,0.521206498445372,2.7711675042737385,4.771167504273739
1460,0.8,1.2,2.0,0.8448296938548773,0.8448296938548773,2.522104379534122,4.522104379534122
1461,0.8,1.2,2.0,0.7761321214935848,0.7761321214935848,1.7667756045379603,3.76677560453796
1462,0.8,1.2,2.0,-0.28619598553817527,-0.28619598553817527,1.60127469566897,3.6012746956689696
1463,0.8,1.2,2.0,-0.28232051276809467,-0.28232051276809467,0.2542969451017023,2.2542969451017028
1464,0.8,1.2,2.0,0.9312326581900046,2.1312326581900045,2.270330953270707,4.270330953270707
1465,0.8,1.2,2.0,-0.1803221636478468,-0.1803221636478468,0.70623905436586,2.7062390543658603
1466,0.8,1.2,2.0,0.9638062962236551,2.163806296223655,2.4336154015469593,4.433615401546959
1467,0.8,1.2,2.0,-0.35749696017429106,-0.35749696017429106,0.008734590171207424,2.0087345901712075
1468,0.8,1.2,2.0,0.21928979476143215,1.419289794761432,2.594789730445134,4.594789730445134
1469,0.8,1.2,2.0,1.4558216455126864,1.4558216455126864,4.187757102301077,6.187757102301077
1470,0.8,1.2,2.0,-0.19847867910876674,-0.19847867910876674,1.3219351524893619,3.321935152489362
1471,0.8,1.2,2.0,1.4526499480261186,2.6526499480261183,4.0158436693295645,6.015843669329564
1472,0.8,1.2,2.0,-0.954519679371421,-0.954519679371421,-1.268725375888863,0.731274624111137
1473,0.8,1.2,2.0,0.02561225028196268,1.2256122502819626,-0.3984486503779936,1.6015513496220066
1474,0.8,1.2,2.0,-0.15043580612528287,-0.15043580612528287,0.07592067577593364,2.075920675775934
1475,0.8,1.2,2.0,2.3661025411060943,3.5661025411060945,3.369181414298062,5.369181414298063
1476,0.8,1.2,2.0,-1.5087917822496726,-0.30879178224967263,-0.7395589996758598,1.2604410003241402
1477,0.8,1.2,2.0,1.0325897631748548,2.232589763174855,0.8096542635869892,2.809654263586989
1478,0.8,1.2,2.0,1.519547477040396,1.519547477040396,3.379711600780131,5.379711600780131
1479,0.8,1.2,2.0,-0.4022236860466307,-0.4022236860466307,2.673839026790467,4.673839026790466
1480,0.8,1.2,2.0,0.798916993737699,0.798916993737699,3.4210752090192345,5.421075209019234
1481,0.8,1.2,2.0,0.9667324874595038,0.9667324874595038,3.142251424515285,5.142251424515285
1482,0.8,1.2,2.0,0.8535024757777077,0.8535024757777077,2.192284695626596,4.192284695626595
1483,0.8,1.2,2.0,2.100145806561578,3.3001458065615776,2.2800653232392167,4.280065323239217
1484,0.8,1.2,2.0,1.0474568716704113,2.247456871670411,2.185973632037832,4.185973632037832
1485,0.8,1.2,2.0,2.06105575459778,3.2610557545977796,5.322165697494991,7.32216569749499
1486,0.8,1.2,2.0,-0.10285425297774126,-0.10285425297774126,0.3832603707366495,2.3832603707366493
1487,0.8,1.2,2.0,0.02289216242216341,0.02289216242216341,0.7435466303798617,2.743546630379862
1488,0.8,1.2,2.0,-0.13762409808529721,1.0623759019147028,1.6950789576415088,3.695078957641509
1489,0.8,1.2,2.0,-0.5605927015181402,-0.5605927015181402,1.6787669437937631,3.678766943793763
1490,0.8,1.2,2.0,1.0371339851959933,1.0371339851959933,1.2249803720784551,3.2249803720784547
1491,0.8,1.2,2.0,-0.0707660392128781,-0.0707660392128781,0.5444907299112777,2.544490729911278
1492,0.8,1.2,2.0,-0.1785944825751694,1.0214055174248307,0.3149629664582667,2.3149629664582667
1493,0.8,1.2,2.0,0.8118963638213358,2.011896363821336,1.7570777123493155,3.7570777123493153
1494,0.8,1.2,2.0,-0.9652261760328118,-0.9652261760328118,0.9241202295463321,2.924120229546332
1495,0.8,1.2,2.0,1.164417791371701,1.164417791371701,1.2896673219208812,3.289667321920881
1496,0.8,1.2,2.0,-0.30953397910285924,-0.30953397910285924,1.559333106059745,3.5593331060597446
1497,0.8,1.2,2.0,1.7559356833221584,1.7559356833221584,2.9221464250621163,4.922146425062117
1498,0.8,1.2,2.0,-0.23776322647527626,0.9622367735247237,2.858411811008529,4.858411811008529
1499,0.8,1.2,2.0,1.3455027734552396,1.3455027734552396,2.8067290624243233,4.806729062424323
1500,0.8,1.2,2.0,0.3251186533942598,1.5251186533942598,0.9919042701792306,2.991904270179231
1501,0.8,1.2,2.0,1.0740133990401848,1.0740133990401848,2.535469143039976,4.535469143039975
1502,0.8,1.2,2.0,0.4225658696830736,0.4225658696830736,0.9604989501528278,2.960498950152828
1503,0.8,1.2,2.0,-0.7658533936807921,0.4341466063192079,-1.29609717125765,0.7039028287423506
1504,0.8,1.2,2.0,1.6078805229271098,1.6078805229271098,2.43341733777933,4.433417337779329
1505,0.8,1.2,2.0,0.3487969367787745,1.5487969367787744,1.0501565672006707,3.0501565672006707
1506,0.8,1.2,2.0,1.43913190967573,1.43913190967573,0.9465583373398629,2.9465583373398623
1507,0.8,1.2,2.0,0.5580887726699502,1.7580887726699501,1.0636151134095198,3.0636151134095195
1508,0.8,1.2,2.0,-0.28623655790361396,-0.28623655790361396,-1.3619735004411928,0.6380264995588072
1509,0.8,1.2,2.0,0.184458848166132,0.184458848166132,1.2362748485716055,3.236274848571605
1510,0.8,1.2,2.0,1.1950590533698058,2.3950590533698057,2.4651243466950126,4.465124346695013
1511,0.8,1.2,2.0,0.21712492134028683,0.21712492134028683,1.3277037323123864,3.3277037323123864
1512,0.8,1.2,2.0,1.6008677933591557,1.6008677933591557,2.299423996400777,4.299423996400776
1513,0.8,1.2,2.0,0.5904806301312805,1.7904806301312803,1.684071276846078,3.684071276846078
1514,0.8,1.2,2.0,0.9241697695813303,2.1241697695813304,0.7406119935255275,2.7406119935255275
1515,0.8,1.2,2.0,0.41860653967179373,1.6186065396717937,1.092957762736123,3.0929577627361233
1516,0.8,1.2,2.0,0.8510623810399924,2.0510623810399924,1.9512070458489927,3.9512070458489923
1517,0.8,1.2,2.0,-0.08847416730952729,1.1115258326904727,-0.13169945759053892,1.868300542409461
1518,0.8,1.2,2.0,1.126035192727491,2.326035192727491,2.656139445680571,4.656139445680571
1519,0.8,1.2,2.0,1.5983003979871422,2.798300397987142,2.7967181750905508,4.79671817509055
1520,0.8,1.2,2.0,-0.13457467937725506,-0.13457467937725506,0.31230925989905023,2.3123092598990502
1521,0.8,1.2,2.0,0.6507702686306562,0.6507702686306562,3.8182145215486747,5.818214521548675
1522,0.8,1.2,2.0,-0.2785427296394666,0.9214572703605334,0.03081967975010977,2.0308196797501097
1523,0.8,1.2,2.0,0.5543663815605482,1.754366381560548,1.2283070287309477,3.2283070287309474
1524,0.8,1.2,2.0,2.1668955187589836,2.1668955187589836,2.7068255840983744,4.7068255840983735
1525,0.8,1.2,2.0,1.5743912181049817,1.5743912181049817,1.5185594530722022,3.5185594530722026
1526,0.8,1.2,2.0,0.90306752690464,0.90306752690464,2.804740694553991,4.804740694553992
1527,0.8,1.2,2.0,1.0740100388910423,2.274010038891042,1.627467038174931,3.62746703817493
1528,0.8,1.2,2.0,-0.25298703055780225,0.9470129694421976,0.1449871377732227,2.144987137773222
1529,0.8,1.2,2.0,-0.31337964650800987,-0.31337964650800987,-0.27855993954197916,1.721440060458021
1530,0.8,1.2,2.0,0.9945822616962926,2.1945822616962927,1.1330950619462332,3.133095061946233
1531,0.8,1.2,2.0,1.5172216581217004,2.7172216581217006,0.8772103712786923,2.877210371278693
1532,0.8,1.2,2.0,1.3420383679580024,2.5420383679580025,1.9409768148301978,3.940976814830198
1533,0.8,1.2,2.0,-0.3148151311120757,-0.3148151311120757,1.7548161314618387,3.7548161314618387
1534,0.8,1.2,2.0,1.1275343017403194,2.3275343017403194,2.0915484879133555,4.0915484879133555
1535,0.8,1.2,2.0,1.0138529364779887,2.2138529364779886,3.9761792839031416,5.976179283903141
1536,0.8,1.2,2.0,-0.7748196816200983,0.42518031837990156,0.7842510727407117,2.7842510727407115
1537,0.8,1.2,2.0,2.061151615592178,2.061151615592178,3.7349610113063934,5.734961011306393
1538,0.8,1.2,2.0,1.4570746884139476,2.6570746884139473,4.002254172183992,6.002254172183992
1539,0.8,1.2,2.0,0.48466757615964506,1.684667576159645,1.2014690437024234,3.201469043702424
1540,0.8,1.2,2.0,1.6637041959228358,1.6637041959228358,3.0300535987728554,5.030053598772855
1541,0.8,1.2,2.0,1.189179261844177,1.189179261844177,2.125534875583869,4.1255348755838686
1542,0.8,1.2,2.0,2.1477489343520904,3.34774893435209,4.8595201865622,6.859520186562199
1543,0.8,1.2,2.0,1.299155142047499,2.4991551420474987,2.349061536250439,4.349061536250439
1544,0.8,1.2,2.0,-0.8591757242386205,-0.8591757242386205,-0.5284447295157594,1.4715552704842407
1545,0.8,1.2,2.0,2.9189628464509347,2.9189628464509347,4.779408449400325,6.779408449400324
1546,0.8,1.2,2.0,1.4946592420844729,1.4946592420844729,1.6310676660970647,3.6310676660970644
1547,0.8,1.2,2.0,-0.5437456375418058,0.656254362458194,0.6335782535594252,2.633578253559425
1548,0.8,1.2,2.0,-0.7705970999429211,0.4294029000570787,0.48259581580857275,2.482595815808573
1549,0.8,1.2,2.0,1.170170949014592,1.170170949014592,2.091006626948435,4.091006626948435
1550,0.8,1.2,2.0,0.34039269354117324,0.34039269354117324,1.9853060869005015,3.9853060869005015
1551,0.8,1.2,2.0,0.35987787892832773,0.35987787892832773,-0.44132370142711164,1.5586762985728881
1552,0.8,1.2,2.0,1.026104085455803,1.026104085455803,2.0441977028991487,4.044197702899149
1553,0.8,1.2,2.0,-0.24095829275746938,0.9590417072425306,0.17993205273534935,2.1799320527353494
1554,0.8,1.2,2.0,-0.7257488709186048,0.4742511290813951,3.0634207875430715,5.0634207875430715
1555,0.8,1.2,2.0,0.4730443912915127,0.4730443912915127,1.3536867432114101,3.3536867432114104
1556,0.8,1.2,2.0,-0.22189918771281714,-0.22189918771281714,0.05603454087984994,2.0560345408798497
1557,0.8,1.2,2.0,0.42751264015453994,0.42751264015453994,-0.09651119295044741,1.903488807049553
1558,0.8,1.2,2.0,-0.6118664590336889,0.5881335409663111,1.847846389712961,3.8478463897129607
1559,0.8,1.2,2.0,0.4905536688224355,1.6905536688224356,1.3023452114967065,3.3023452114967067
1560,0.8,1.2,2.0,1.1712087536133517,2.371208753613352,1.3506945949201694,3.3506945949201694
1561,0.8,1.2,2.0,0.9883205688855774,0.9883205688855774,2.2462118237204907,4.246211823720491
1562,0.8,1.2,2.0,-0.24638067726153468,0.9536193227384653,1.4313230165519415,3.4313230165519415
1563,0.8,1.2,2.0,-0.9132369015547241,-0.9132369015547241,0.5574010101636898,2.55740101016369
1564,0.8,1.2,2.0,0.17171406510155987,1.3717140651015598,0.9620980717274332,2.962098071727433
1565,0.8,1.2,2.0,0.7789664343416938,1.9789664343416937,1.7501123294432703,3.75011232944327
1566,0.8,1.2,2.0,0.714731191001114,0.714731191001114,1.8198056338875253,3.8198056338875253
1567,0.8,1.2,2.0,-0.3612019842989912,0.8387980157010088,0.7424995213714279,2.742499521371428
1568,0.8,1.2,2.0,0.8464423102054659,0.8464423102054659,2.303739417919523,4.303739417919523
1569,0.8,1.2,2.0,2.2212701734111073,3.4212701734111075,4.461666059473395,6.461666059473395
1570,0.8,1.2,2.0,0.2290151970695551,0.2290151970695551,0.968010398935757,2.968010398935757
1571,0.8,1.2,2.0,-1.1256093224538102,-1.1256093224538102,-0.9373868460409653,1.0626131539590349
1572,0.8,1.2,2.0,0.6372195995207415,0.6372195995207415,1.44894073736344,3.44894073736344
1573,0.8,1.2,2.0,2.64640957687365,2.64640957687365,4.468492132716007,6.468492132716007
1574,0.8,1.2,2.0,-0.791272443546672,-0.791272443546672,-1.5803881555522352,0.4196118444477648
1575,0.8,1.2,2.0,0.09364487784953283,0.09364487784953283,-0.9778271735087545,1.0221728264912457
1576,0.8,1.2,2.0,-0.10505222268928402,1.0949477773107161,1.5607460389316072,3.5607460389316077
1577,0.8,1.2,2.0,0.6047100319505558,0.6047100319505558,3.1307175639188785,5.1307175639188785
1578,0.8,1.2,2.0,1.0028864290774246,1.0028864290774246,0.9434425780070526,2.943442578007053
1579,0.8,1.2,2.0,0.9757157747500237,2.1757157747500235,1.6333375713743183,3.6333375713743177
1580,0.8,1.2,2.0,0.6885012603412846,1.8885012603412845,1.3581014633845854,3.3581014633845854
1581,0.8,1.2,2.0,2.13414615879834,2.13414615879834,3.111240447614245,5.111240447614246
1582,0.8,1.2,2.0,0.3364365783516536,0.3364365783516536,1.6113624118668266,3.6113624118668266
1583,0.8,1.2,2.0,0.3149239748332991,1.5149239748332992,0.13209424502783818,2.1320942450278384
1584,0.8,1.2,2.0,-0.3801037073079464,0.8198962926920534,-0.6279350239799081,1.3720649760200918
1585,0.8,1.2,2.0,-1.3528968889032158,-1.3528968889032158,-0.6780213016798163,1.3219786983201836
1586,0.8,1.2,2.0,0.28950735643339437,1.4895073564333945,0.8199490548776038,2.819949054877604
1587,0.8,1.2,2.0,1.8506972959461807,1.8506972959461807,1.2558735285782343,3.2558735285782343
1588,0.8,1.2,2.0,1.2410652176534438,1.2410652176534438,3.219266052687683,5.219266052687683
1589,0.8,1.2,2.0,0.891248875844347,2.091248875844347,1.2766889171884253,3.2766889171884257
1590,0.8,1.2,2.0,-0.049689678515484226,1.1503103214845158,0.4373871464169843,2.4373871464169845
1591,0.8,1.2,2.0,-0.16026606725472864,1.0397339327452713,0.8451042723211333,2.8451042723211333
1592,0.8,1.2,2.0,1.0616505774080993,1.0616505774080993,1.650748360723825,3.650748360723825
1593,0.8,1.2,2.0,2.4565423302614353,2.4565423302614353,4.259251603148325,6.259251603148326
1594,0.8,1.2,2.0,1.7690747775561257,1.7690747775561257,1.6897368009283302,3.6897368009283307
1595,0.8,1.2,2.0,1.4186359291264314,1.4186359291264314,1.0968435316618974,3.096843531661897
1596,0.8,1.2,2.0,0.6709121050843865,0.6709121050843865,1.4516322250816973,3.4516322250816973
1597,0.8,1.2,2.0,0.8059738081647057,2.005973808164706,1.93037991036464,3.93037991036464
1598,0.8,1.2,2.0,-0.1819270821497212,1.0180729178502785,-0.3749628680615529,1.6250371319384465
1599,0.8,1.2,2.0,-0.4748370598230912,0.7251629401769086,-0.5470369805369731,1.4529630194630268
1600,0.8,1.2,2.0,-0.9470764884734068,-0.9470764884734068,0.02170254005560146,2.0217025400556015
1601,0.8,1.2,2.0,0.5333195746610622,0.5333195746610622,0.7645520341055166,2.7645520341055168
1602,0.8,1.2,2.0,0.5478146847291994,1.7478146847291995,0.32184093182619744,2.3218409318261974
1603,0.8,1.2,2.0,-0.5900797619182736,-0.5900797619182736,1.6281694922633965,3.6281694922633965
1604,0.8,1.2,2.0,0.036147526146892,1.236147526146892,0.12000012335088506,2.1200001233508847
1605,0.8,1.2,2.0,0.08786304303729409,0.08786304303729409,2.175203558571478,4.175203558571479
1606,0.8,1.2,2.0,-0.26541252652390224,0.9345874734760977,1.034682483758977,3.034682483758977
1607,0.8,1.2,2.0,0.28224472093964903,1.482244720939649,1.6786194040347655,3.6786194040347655
1608,0.8,1.2,2.0,0.23762590872758765,1.4376259087275876,1.0651787689266894,3.0651787689266894
1609,0.8,1.2,2.0,-0.1819425479548637,1.0180574520451362,-1.880641731187492,0.11935826881250788
1610,0.8,1.2,2.0,1.311529887063616,2.511529887063616,1.097983210868363,3.097983210868362
1611,0.8,1.2,2.0,-1.3164358431662149,-1.3164358431662149,-0.38450149026687447,1.6154985097331256
1612,0.8,1.2,2.0,-1.5615112282063162,-0.3615112282063162,-0.2472569159105083,1.7527430840894918
1613,0.8,1.2,2.0,0.4905121981357586,1.6905121981357585,-0.30767754846125106,1.6923224515387487
1614,0.8,1.2,2.0,0.6197068012268171,1.8197068012268172,1.5818248345893635,3.5818248345893635
1615,0.8,1.2,2.0,0.7007936774709236,0.7007936774709236,0.4429152845581923,2.4429152845581923
1616,0.8,1.2,2.0,0.12066530388533736,0.12066530388533736,1.4617113437512792,3.4617113437512788
1617,0.8,1.2,2.0,0.4563495894322942,1.656349589432294,2.0197977334155532,4.019797733415553
1618,0.8,1.2,2.0,-0.04041212449276997,1.15958787550723,1.3476921500715884,3.347692150071589
1619,0.8,1.2,2.0,0.15562562190899776,0.15562562190899776,2.2872510569345126,4.287251056934513
1620,0.8,1.2,2.0,1.8230143780700228,1.8230143780700228,3.1299662596202706,5.1299662596202715
1621,0.8,1.2,2.0,0.3489935233305832,0.3489935233305832,2.3248676278050078,4.324867627805008
1622,0.8,1.2,2.0,0.46078209028128037,0.46078209028128037,1.119751109023014,3.119751109023014
1623,0.8,1.2,2.0,3.2039745718106816,3.2039745718106816,7.17946293788632,9.17946293788632
1624,0.8,1.2,2.0,0.6578917462219469,0.6578917462219469,0.6741739650288217,2.674173965028822
1625,0.8,1.2,2.0,1.113883200529545,1.113883200529545,1.62461164617386,3.6246116461738604
1626,0.8,1.2,2.0,1.4859251199106065,2.6859251199106065,3.6136941603403354,5.613694160340335
1627,0.8,1.2,2.0,0.5281122755816114,0.5281122755816114,1.8119740016848684,3.8119740016848684
1628,0.8,1.2,2.0,1.2666229547860592,1.2666229547860592,3.0721024335116125,5.0721024335116125
1629,0.8,1.2,2.0,0.8063594399782117,0.8063594399782117,2.5566905283497876,4.556690528349788
1630,0.8,1.2,2.0,0.9236872965606707,0.9236872965606707,0.055698813103666645,2.0556988131036658
1631,0.8,1.2,2.0,-0.4419566256862297,0.7580433743137702,1.9033669198833003,3.9033669198833003
1632,0.8,1.2,2.0,0.5762878383576677,1.7762878383576677,1.2062429031699857,3.2062429031699855
1633,0.8,1.2,2.0,2.5724273256680243,2.5724273256680243,4.847509166767831,6.847509166767831
1634,0.8,1.2,2.0,1.7055705421623184,1.7055705421623184,0.6686363853268698,2.6686363853268698
1635,0.8,1.2,2.0,0.8888385986276336,0.8888385986276336,2.2020208197108224,4.202020819710823
1636,0.8,1.2,2.0,1.68118434638498,1.68118434638498,2.334585099426125,4.334585099426125
1637,0.8,1.2,2.0,-0.8987420033215069,-0.8987420033215069,0.3203340851992266,2.3203340851992267
1638,0.8,1.2,2.0,0.531633567315474,0.531633567315474,2.0434678341277817,4.043467834127782
1639,0.8,1.2,2.0,1.4503344171714334,1.4503344171714334,2.818038596662197,4.8180385966621975
1640,0.8,1.2,2.0,1.9260326351208272,3.1260326351208274,1.8263345746644262,3.8263345746644264
1641,0.8,1.2,2.0,-0.7122007424108451,-0.7122007424108451,-0.06339291010643419,1.9366070898935661
1642,0.8,1.2,2.0,0.16732629108990232,0.16732629108990232,1.0877689768359344,3.0877689768359344
1643,0.8,1.2,2.0,1.9571434385692252,1.9571434385692252,2.9696319100704502,4.969631910070451
1644,0.8,1.2,2.0,0.7907794531405862,0.7907794531405862,2.9097552508217954,4.909755250821796
1645,0.8,1.2,2.0,1.875730222058481,1.875730222058481,2.727784976972497,4.727784976972497
1646,0.8,1.2,2.0,0.7228946910610347,0.7228946910610347,0.4574139851959309,2.4574139851959305
1647,0.8,1.2,2.0,0.710429631127059,0.710429631127059,1.7941746732282429,3.7941746732282433
1648,0.8,1.2,2.0,0.5453705565282676,0.5453705565282676,4.390354414396307,6.390354414396308
1649,0.8,1.2,2.0,1.3889585908060615,2.5889585908060617,3.9992328839910694,5.99923288399107
1650,0.8,1.2,2.0,1.6495359819603,2.8495359819603,-0.4636912930265322,1.5363087069734673
1651,0.8,1.2,2.0,-0.6869830389322279,-0.6869830389322279,0.2750395755683762,2.275039575568376
1652,0.8,1.2,2.0,0.5294142784059622,0.5294142784059622,2.7161103574122394,4.71611035741224
1653,0.8,1.2,2.0,1.5759676151284885,2.7759676151284887,2.500899996396688,4.500899996396688
1654,0.8,1.2,2.0,0.25476236775872374,1.4547623677587236,0.717545451310208,2.7175454513102077
1655,0.8,1.2,2.0,-0.06431939452256419,-0.06431939452256419,0.6214271064010448,2.621427106401045
1656,0.8,1.2,2.0,1.0393890266937678,1.0393890266937678,2.2781430940113307,4.27814309401133
1657,0.8,1.2,2.0,1.7199954649679734,1.7199954649679734,1.6492203307632727,3.6492203307632733
1658,0.8,1.2,2.0,-0.4775868029807783,0.7224131970192218,1.3591387070894991,3.3591387070894996
1659,0.8,1.2,2.0,0.9379054677385825,0.9379054677385825,2.0322717692076044,4.032271769207605
1660,0.8,1.2,2.0,-0.6698883181568532,-0.6698883181568532,-0.5791882737701494,1.4208117262298505
1661,0.8,1.2,2.0,0.3206046293934778,0.3206046293934778,2.9223451507069576,4.922345150706957
1662,0.8,1.2,2.0,0.2941245660160883,0.2941245660160883,-0.4710334498404143,1.5289665501595857
1663,0.8,1.2,2.0,0.5006081602676536,0.5006081602676536,0.9248656450579431,2.9248656450579436
1664,0.8,1.2,2.0,0.07261021854628424,1.2726102185462842,0.8605926934457324,2.8605926934457324
1665,0.8,1.2,2.0,0.14144296736184891,1.3414429673618489,3.523662833656263,5.523662833656262
1666,0.8,1.2,2.0,-0.7739079854295293,-0.7739079854295293,-0.5981711643849523,1.401828835615048
1667,0.8,1.2,2.0,1.0222500854252448,1.0222500854252448,-0.08792164940017066,1.9120783505998293
1668,0.8,1.2,2.0,-1.4670393897673737,-0.26703938976737396,-1.0484546337634977,0.9515453662365022
1669,0.8,1.2,2.0,-0.42699046934194895,-0.42699046934194895,1.0849510515416607,3.08495105154166
1670,0.8,1.2,2.0,-1.5725456786277698,-1.5725456786277698,0.07180278075886837,2.071802780758868
1671,0.8,1.2,2.0,0.8922244830477603,0.8922244830477603,4.1509000959503854,6.1509000959503854
1672,0.8,1.2,2.0,-1.7821492626377156,-0.5821492626377156,0.30513783329282274,2.3051378332928225
1673,0.8,1.2,2.0,0.5722662340959649,1.772266234095965,1.7872135183847333,3.7872135183847333
1674,0.8,1.2,2.0,2.274530217773973,3.4745302177739728,2.473118884883562,4.4731188848835615
1675,0.8,1.2,2.0,2.105208157477737,3.3052081574777366,4.683751706296318,6.683751706296318
1676,0.8,1.2,2.0,-1.7904228363542574,-1.7904228363542574,-1.4819965647974465,0.5180034352025535
1677,0.8,1.2,2.0,1.0949691604863945,1.0949691604863945,1.6345182968420824,3.634518296842082
1678,0.8,1.2,2.0,-0.379613784982614,-0.379613784982614,0.27621742046187653,2.2762174204618764
1679,0.8,1.2,2.0,-0.9109405650205511,0.28905943497944886,-1.308431823457556,0.6915681765424437
1680,0.8,1.2,2.0,0.3023499115585068,1.5023499115585066,0.7812097310199184,2.781209731019918
1681,0.8,1.2,2.0,1.2780903360985738,1.2780903360985738,1.7448481255637902,3.74484812556379
1682,0.8,1.2,2.0,0.7920358358869868,1.9920358358869867,2.317610416143524,4.317610416143524
1683,0.8,1.2,2.0,-0.37648433239002255,-0.37648433239002255,0.12786506323753088,2.1278650632375307
1684,0.8,1.2,2.0,1.573560241094048,1.573560241094048,1.5517851617115628,3.551785161711563
1685,0.8,1.2,2.0,-1.935559349147922,-1.935559349147922,-2.667232182582117,-0.667232182582117
1686,0.8,1.2,2.0,-0.060881700634612734,1.1391182993653872,1.276730778754255,3.276730778754255
1687,0.8,1.2,2.0,-0.4853864055597246,0.7146135944402754,0.4795762073371842,2.479576207337184
1688,0.8,1.2,2.0,0.6527049599944936,0.6527049599944936,1.1479817609517007,3.147981760951701
1689,0.8,1.2,2.0,0.2547533856968597,1.4547533856968597,0.7590178247760286,2.759017824776029
1690,0.8,1.2,2.0,0.6204458864079382,1.820445886407938,2.1835441392256567,4.183544139225657
1691,0.8,1.2,2.0,0.16483706842829401,1.364837068428294,2.44842105447393,4.44842105447393
1692,0.8,1.2,2.0,0.050648765988354744,1.2506487659883547,-0.04400146815612127,1.9559985318438788
1693,0.8,1.2,2.0,0.625546257549134,0.625546257549134,1.43805928749184,3.43805928749184
1694,0.8,1.2,2.0,0.4897677779195556,1.6897677779195555,2.341662683136328,4.341662683136327
1695,0.8,1.2,2.0,-0.1590698078079742,1.0409301921920258,-0.18499609214083457,1.8150039078591655
1696,0.8,1.2,2.0,1.0248118845086476,2.2248118845086475,2.0912221730812526,4.091222173081252
1697,0.8,1.2,2.0,1.1863930941953407,1.1863930941953407,2.055243858136059,4.055243858136058
1698,0.8,1.2,2.0,0.6563560742853,1.8563560742853,0.8199821492470674,2.8199821492470676
1699,0.8,1.2,2.0,-0.08071710921381539,1.1192828907861845,0.7402387665243809,2.7402387665243806
1700,0.8,1.2,2.0,1.7229965166595267,1.7229965166595267,2.7952678310059187,4.795267831005919
1701,0.8,1.2,2.0,-0.9411465843190573,0.25885341568094256,0.38834706057586676,2.3883470605758665
1702,0.8,1.2,2.0,2.1566817941411403,2.1566817941411403,1.8711150514038923,3.871115051403892
1703,0.8,1.2,2.0,-0.7967291327374122,-0.7967291327374122,0.24152514719192145,2.2415251471919215
1704,0.8,1.2,2.0,-0.5429760236670226,-0.5429760236670226,1.3736837650139286,3.373683765013929
1705,0.8,1.2,2.0,-0.3791421618396038,0.8208578381603963,2.745722893430288,4.745722893430289
1706,0.8,1.2,2.0,3.2587992355516273,4.458799235551627,5.9195099969780705,7.91950999697807
1707,0.8,1.2,2.0,-0.13938151835772972,-0.13938151835772972,-0.40714068368169065,1.5928593163183096
1708,0.8,1.2,2.0,0.07710120051312008,1.27710120051312,1.5801154539178486,3.580115453917848
1709,0.8,1.2,2.0,0.4367277679977007,0.4367277679977007,1.1585655316616668,3.158565531661667
1710,0.8,1.2,2.0,0.5464167578858513,0.5464167578858513,1.797526651010373,3.797526651010373
1711,0.8,1.2,2.0,-0.0027298354639559985,1.197270164536044,0.1088614210528237,2.1088614210528234
1712,0.8,1.2,2.0,-0.31560772573892504,0.8843922742610748,-1.4842284483355757,0.5157715516644243
1713,0.8,1.2,2.0,-2.8369127372052456,-1.6369127372052457,-2.0532318320260834,-0.05323183202608367
1714,0.8,1.2,2.0,0.5232093130831581,1.723209313083158,2.2231783277473935,4.223178327747394
1715,0.8,1.2,2.0,0.21400146607019627,1.4140014660701963,1.2994644512663753,3.2994644512663753
1716,0.8,1.2,2.0,1.5765478104957018,1.5765478104957018,3.004815012465594,5.004815012465594
1717,0.8,1.2,2.0,1.6339568412375476,1.6339568412375476,2.733571092855689,4.733571092855689
1718,0.8,1.2,2.0,0.15376409927354484,0.15376409927354484,1.4526063478961504,3.4526063478961504
1719,0.8,1.2,2.0,1.4981164285065678,2.6981164285065677,3.148886418815011,5.148886418815011
1720,0.8,1.2,2.0,-1.0030835038419599,0.1969164961580403,-0.545441415061347,1.454558584938653
1721,0.8,1.2,2.0,1.581536928518232,2.781536928518232,2.8738905471526,4.8738905471526
1722,0.8,1.2,2.0,-0.491781648070098,-0.491781648070098,1.9719394941759119,3.9719394941759116
1723,0.8,1.2,2.0,-0.8835078906366339,-0.8835078906366339,0.1259828566934523,2.125982856693452
1724,0.8,1.2,2.0,0.8912951800159226,2.0912951800159227,2.318447915283156,4.318447915283157
1725,0.8,1.2,2.0,2.238678875690506,3.4386788756905053,3.56703433524539,5.567034335245388
1726,0.8,1.2,2.0,0.7102867344794788,0.7102867344794788,1.511899014662347,3.5118990146623474
1727,0.8,1.2,2.0,1.7143290830280151,1.7143290830280151,2.0908670762069685,4.090867076206968
1728,0.8,1.2,2.0,-0.40751440582577203,-0.40751440582577203,0.6953096571996809,2.695309657199681
1729,0.8,1.2,2.0,1.569833698923699,1.569833698923699,2.078773559881687,4.078773559881687
1730,0.8,1.2,2.0,-0.14090306753506587,-0.14090306753506587,0.7210866494556383,2.7210866494556383
1731,0.8,1.2,2.0,0.6980673926014143,0.6980673926014143,0.8893785001499346,2.8893785001499346
1732,0.8,1.2,2.0,0.7074330744341597,1.9074330744341597,1.8092783761516402,3.80927837615164
1733,0.8,1.2,2.0,1.0971792010126384,1.0971792010126384,2.6384991232476427,4.638499123247643
1734,0.8,1.2,2.0,0.3181469992193236,0.3181469992193236,0.8178363921804057,2.817836392180406
1735,0.8,1.2,2.0,-0.3941377604700672,-0.3941377604700672,-1.5058183457915497,0.4941816542084507
1736,0.8,1.2,2.0,1.6546941682886178,2.854694168288618,3.427990523141459,5.427990523141459
1737,0.8,1.2,2.0,1.8211563050600592,1.8211563050600592,2.667673288309596,4.667673288309596
1738,0.8,1.2,2.0,-0.1406700757179019,-0.1406700757179019,-0.17181262803921737,1.8281873719607822
1739,0.8,1.2,2.0,-1.5811582550762855,-1.5811582550762855,0.028161201492818866,2.0281612014928188
1740,0.8,1.2,2.0,1.032724697173222,2.232724697173222,0.6565695823369972,2.6565695823369975
1741,0.8,1.2,2.0,0.05222965162780552,1.2522296516278053,2.01991063073891,4.01991063073891
1742,0.8,1.2,2.0,0.8121152435371042,0.8121152435371042,2.0502273568848253,4.050227356884825
1743,0.8,1.2,2.0,1.2081527019880882,1.2081527019880882,0.04060425744880858,2.0406042574488086
1744,0.8,1.2,2.0,-0.3499333795587619,-0.3499333795587619,0.5660355745490333,2.5660355745490326
1745,0.8,1.2,2.0,0.43251643214043817,1.6325164321404382,1.1605696663722418,3.160569666372242
1746,0.8,1.2,2.0,0.1674849261847947,1.3674849261847948,0.45570526310924564,2.4557052631092455
1747,0.8,1.2,2.0,1.7966550265717562,1.7966550265717562,1.9435299908400312,3.943529990840031
1748,0.8,1.2,2.0,0.6242153101457182,0.6242153101457182,1.5597633233072699,3.5597633233072696
1749,0.8,1.2,2.0,-0.8831978067340005,0.31680219326599945,-0.4667359718471688,1.5332640281528311
1750,0.8,1.2,2.0,-0.42802173624422857,0.7719782637557715,-1.1061408161680228,0.8938591838319772
1751,0.8,1.2,2.0,0.40687690320558256,0.40687690320558256,2.5240427775801084,4.524042777580108
1752,0.8,1.2,2.0,-0.8151119664683879,-0.8151119664683879,-0.18325893294846574,1.816741067051534
1753,0.8,1.2,2.0,-1.2592147549885935,-1.2592147549885935,-1.1224239495764783,0.8775760504235217
1754,0.8,1.2,2.0,0.9658443664274989,2.165844366427499,0.7242929342111601,2.7242929342111597
1755,0.8,1.2,2.0,1.5142558695329886,2.7142558695329884,3.5048262480954726,5.504826248095472
1756,0.8,1.2,2.0,0.32050235418923767,1.5205023541892375,0.14782964381477348,2.147829643814773
1757,0.8,1.2,2.0,1.30664247735533,2.50664247735533,2.7826185700157113,4.782618570015711
1758,0.8,1.2,2.0,1.368414905365277,1.368414905365277,2.238294744271547,4.238294744271546
1759,0.8,1.2,2.0,0.7932042763893836,0.7932042763893836,1.0616412094405834,3.0616412094405834
1760,0.8,1.2,2.0,1.125875642137986,1.125875642137986,1.0363999366275438,3.0363999366275443
1761,0.8,1.2,2.0,-2.458648682520256,-1.2586486825202559,-2.314208178370603,-0.31420817837060266
1762,0.8,1.2,2.0,0.02621926319312559,1.2262192631931257,0.87951046915033,2.87951046915033
1763,0.8,1.2,2.0,0.8288794351014322,0.8288794351014322,1.9381751593992915,3.938175159399291
1764,0.8,1.2,2.0,-0.2276030532804968,-0.2276030532804968,-0.22462650939113016,1.7753734906088698
1765,0.8,1.2,2.0,0.2206364573903026,1.4206364573903025,0.9193246003732058,2.919324600373206
1766,0.8,1.2,2.0,1.207414668122001,2.407414668122001,3.0670122233883723,5.067012223388373
1767,0.8,1.2,2.0,0.21590970773624021,1.4159097077362401,-0.6900625328901139,1.3099374671098862
1768,0.8,1.2,2.0,2.2605575049761564,2.2605575049761564,3.4227139232118233,5.422713923211824
1769,0.8,1.2,2.0,1.351660191055867,2.551660191055867,1.2173255381701908,3.2173255381701904
1770,0.8,1.2,2.0,1.2243065380574836,2.4243065380574835,1.7335361599602304,3.7335361599602304
1771,0.8,1.2,2.0,0.1665384939859028,1.3665384939859027,1.3372731167911245,3.3372731167911245
1772,0.8,1.2,2.0,-2.328718812626249,-1.128718812626249,-1.8595667529103976,0.14043324708960203
1773,0.8,1.2,2.0,-0.21510455223033642,0.9848954477696634,-0.6909759153586434,1.3090240846413568
1774,0.8,1.2,2.0,-0.3414413652722348,0.8585586347277652,2.324060178423281,4.324060178423281
1775,0.8,1.2,2.0,1.0570797462414976,2.2570797462414975,3.20106939673391,5.20106939673391
1776,0.8,1.2,2.0,0.7419454723408355,0.7419454723408355,-0.1309773098711109,1.8690226901288889
1777,0.8,1.2,2.0,0.791814991392908,0.791814991392908,0.04802635363492702,2.048026353634927
1778,0.8,1.2,2.0,1.9598705352655772,3.1598705352655774,3.595460982129183,5.5954609821291825
1779,0.8,1.2,2.0,0.13730125652285516,1.337301256522855,0.6281412142819345,2.6281412142819347
1780,0.8,1.2,2.0,3.2191228909652043,3.2191228909652043,6.012168588014834,8.012168588014834
1781,0.8,1.2,2.0,0.9752098647758557,0.9752098647758557,2.753385209687501,4.753385209687501
1782,0.8,1.2,2.0,-0.7815846821703121,0.4184153178296879,0.5369686493812332,2.5369686493812336
1783,0.8,1.2,2.0,-0.7929845740843164,0.4070154259156835,-1.302122398559218,0.6978776014407817
1784,0.8,1.2,2.0,-0.1677714939055312,1.0322285060944687,1.126985605227134,3.1269856052271345
1785,0.8,1.2,2.0,1.2984554906333403,1.2984554906333403,1.160243762202848,3.1602437622028487
1786,0.8,1.2,2.0,-0.08338479271235388,1.116615207287646,2.4644364790423463,4.464436479042346
1787,0.8,1.2,2.0,0.5347750606382434,1.7347750606382433,2.178747611954912,4.178747611954912
1788,0.8,1.2,2.0,-0.13864418146852325,-0.13864418146852325,-0.281877358674407,1.7181226413255934
1789,0.8,1.2,2.0,0.1423448843883276,0.1423448843883276,2.007332773883223,4.007332773883223
1790,0.8,1.2,2.0,1.6160699466245974,2.816069946624597,5.0606978790575186,7.0606978790575186
1791,0.8,1.2,2.0,0.6438207187906823,0.6438207187906823,1.0945365058647825,3.0945365058647822
1792,0.8,1.2,2.0,1.6641957804919878,2.864195780491988,3.2130280671086333,5.213028067108633
1793,0.8,1.2,2.0,0.25112753838133733,1.4511275383813373,0.874066698352027,2.874066698352027
1794,0.8,1.2,2.0,1.6122981921938815,2.8122981921938814,2.6374974928428796,4.637497492842879
1795,0.8,1.2,2.0,-1.4196456425974064,-1.4196456425974064,-2.2973125737090943,-0.29731257370909403
1796,0.8,1.2,2.0,-0.9860937340119758,0.2139062659880242,-0.0517628695325866,1.948237130467413
1797,0.8,1.2,2.0,-0.8119933151677206,-0.8119933151677206,0.16612292861188604,2.1661229286118857
1798,0.8,1.2,2.0,0.46478997126776317,1.6647899712677632,3.2341732672029604,5.23417326720296
1799,0.8,1.2,2.0,1.533336688950235,1.533336688950235,0.6256392911618711,2.6256392911618716
1800,0.8,1.2,2.0,-0.23504572661207035,0.9649542733879296,0.3954683836318569,2.395468383631857
1801,0.8,1.2,2.0,0.011394710331469493,1.2113947103314695,2.2915706716931092,4.291570671693109
1802,0.8,1.2,2.0,0.4167184261815757,0.4167184261815757,1.2634378513767617,3.2634378513767617
1803,0.8,1.2,2.0,0.9815000945306547,0.9815000945306547,1.7492732089743235,3.7492732089743237
1804,0.8,1.2,2.0,-0.1005199818649744,1.0994800181350255,-0.015708792420748963,1.984291207579251
1805,0.8,1.2,2.0,-0.005710746440163894,-0.005710746440163894,0.08015468094796996,2.08015468094797
1806,0.8,1.2,2.0,-1.4216700411262448,-1.4216700411262448,-2.631706992138433,-0.6317069921384333
1807,0.8,1.2,2.0,0.0713894269908163,0.0713894269908163,0.5375812047919538,2.537581204791953
1808,0.8,1.2,2.0,1.677292823798445,2.877292823798445,1.6878251492617298,3.6878251492617293
1809,0.8,1.2,2.0,0.6028340664577452,1.8028340664577451,1.728811605434331,3.728811605434331
1810,0.8,1.2,2.0,0.048365782030424076,0.048365782030424076,0.4528444411255852,2.452844441125585
1811,0.8,1.2,2.0,1.1502993137144597,2.3502993137144594,1.2801452226563033,3.280145222656303
1812,0.8,1.2,2.0,-0.6773636630178764,-0.6773636630178764,-0.5243358300473292,1.475664169952671
1813,0.8,1.2,2.0,2.0020967330795214,2.0020967330795214,3.008692319853853,5.0086923198538535
1814,0.8,1.2,2.0,1.9014719213615459,1.9014719213615459,2.371526293931002,4.371526293931002
1815,0.8,1.2,2.0,0.6070647093322483,0.6070647093322483,0.5793140080335026,2.579314008033503
1816,0.8,1.2,2.0,-1.1371876499234213,-1.1371876499234213,-0.143846621010072,1.8561533789899278
1817,0.8,1.2,2.0,2.9888067176177344,4.188806717617735,5.189160668730332,7.189160668730332
1818,0.8,1.2,2.0,1.1670677091618822,1.1670677091618822,2.4820616735508807,4.482061673550881
1819,0.8,1.2,2.0,0.321307663464868,1.5213076634648681,0.8082836840165513,2.8082836840165513
1820,0.8,1.2,2.0,1.3778793772536808,1.3778793772536808,2.202567280479139,4.20256728047914
1821,0.8,1.2,2.0,0.5699959707370265,0.5699959707370265,-0.9021746771423931,1.0978253228576067
1822,0.8,1.2,2.0,2.0417092122975786,2.0417092122975786,3.0561537043661393,5.05615370436614
1823,0.8,1.2,2.0,0.2041708111853815,1.4041708111853815,1.0481621753384271,3.048162175338427
1824,0.8,1.2,2.0,1.0118409363695862,2.2118409363695863,1.20729226075987,3.207292260759871
1825,0.8,1.2,2.0,-0.9497629584551888,-0.9497629584551888,-0.877789796260658,1.122210203739342
1826,0.8,1.2,2.0,1.3684727138415615,1.3684727138415615,2.0929970910354663,4.092997091035466
1827,0.8,1.2,2.0,0.7352135427612462,0.7352135427612462,2.899777760360026,4.899777760360026
1828,0.8,1.2,2.0,1.2486541298265377,2.448654129826538,3.6524777961664476,5.652477796166448
1829,0.8,1.2,2.0,0.09081729889114251,0.09081729889114251,-0.012529847512259829,1.9874701524877403
1830,0.8,1.2,2.0,0.18107480404839732,1.381074804048397,0.6177065138961763,2.6177065138961764
1831,0.8,1.2,2.0,-0.14404955867167746,-0.14404955867167746,0.5128148942684354,2.5128148942684354
1832,0.8,1.2,2.0,1.307653236115681,1.307653236115681,3.128680765953437,5.128680765953437
1833,0.8,1.2,2.0,1.6545057561260554,2.8545057561260556,2.5765467883474176,4.576546788347417
1834,0.8,1.2,2.0,0.0677165265979256,0.0677165265979256,1.243429646244308,3.243429646244308
1835,0.8,1.2,2.0,1.2271389951156448,1.2271389951156448,2.879133935299868,4.879133935299867
1836,0.8,1.2,2.0,0.9585724935595429,2.158572493559543,1.3797516644148116,3.379751664414812
1837,0.8,1.2,2.0,0.5739732895028419,0.5739732895028419,2.981776849292888,4.9817768492928876
1838,0.8,1.2,2.0,-1.1042075038704358,-1.1042075038704358,-0.15769334162778334,1.8423066583722167
1839,0.8,1.2,2.0,-0.3581136703957748,-0.3581136703957748,0.08162967055552395,2.081629670555524
1840,0.8,1.2,2.0,-0.5511896062653735,-0.5511896062653735,0.03903171319425122,2.039031713194251
1841,0.8,1.2,2.0,-1.8152009524010653,-0.6152009524010653,0.29926321925405097,2.299263219254051
1842,0.8,1.2,2.0,1.9113263839638726,1.9113263839638726,2.4883813506856054,4.488381350685605
1843,0.8,1.2,2.0,1.1313894374899813,2.3313894374899813,3.256738042074992,5.256738042074992
1844,0.8,1.2,2.0,0.02082700057251721,1.2208270005725173,0.09600657378208832,2.0960065737820885
1845,0.8,1.2,2.0,-2.0833248441974606,-0.8833248441974604,-2.1110478909278547,-0.1110478909278545
1846,0.8,1.2,2.0,-1.9351894073408156,-0.7351894073408156,-0.6831376982934672,1.3168623017065326
1847,0.8,1.2,2.0,0.507467179389023,1.7074671793890228,0.6400336637939362,2.640033663793936
1848,0.8,1.2,2.0,2.134998220322014,3.3349982203220137,3.7338773070424005,5.733877307042401
1849,0.8,1.2,2.0,-0.31400922887845684,-0.31400922887845684,0.9607067481413092,2.960706748141309
1850,0.8,1.2,2.0,1.5622114713799504,1.5622114713799504,1.8208931748907005,3.8208931748907
1851,0.8,1.2,2.0,-0.1723652239098148,1.027634776090185,0.6278834879392818,2.6278834879392816
1852,0.8,1.2,2.0,0.6246238661118759,0.6246238661118759,1.1221059801010114,3.1221059801010114
1853,0.8,1.2,2.0,1.624882476567415,2.824882476567415,2.9139914516861305,4.9139914516861305
1854,0.8,1.2,2.0,0.3556826643623868,0.3556826643623868,3.3779037723370937,5.377903772337094
1855,0.8,1.2,2.0,-0.04756648784773054,1.1524335121522693,0.6767545227344489,2.6767545227344485
1856,0.8,1.2,2.0,1.7104904452723808,1.7104904452723808,3.105879979895966,5.105879979895966
1857,0.8,1.2,2.0,0.49496229509345957,1.6949622950934595,1.485672586080885,3.485672586080885
1858,0.8,1.2,2.0,1.9043281099023113,1.9043281099023113,3.13713449250959,5.137134492509591
1859,0.8,1.2,2.0,-0.06723583230845787,-0.06723583230845787,0.8462344210108378,2.8462344210108377
1860,0.8,1.2,2.0,1.4875855916356364,2.6875855916356364,1.3507757337338562,3.3507757337338564
1861,0.8,1.2,2.0,0.9703126928860258,2.170312692886026,2.4365762544027576,4.436576254402757
1862,0.8,1.2,2.0,0.6094044394837872,1.8094044394837872,1.103740565077151,3.103740565077151
1863,0.8,1.2,2.0,1.0553832324174766,2.2553832324174765,1.4330857626709514,3.4330857626709514
1864,0.8,1.2,2.0,0.3017546699558059,0.3017546699558059,2.5207477001723095,4.5207477001723095
1865,0.8,1.2,2.0,0.5852828322805484,1.7852828322805485,1.7422695501665715,3.742269550166572
1866,0.8,1.2,2.0,0.10457961504149171,0.10457961504149171,0.9079272263854912,2.9079272263854907
1867,0.8,1.2,2.0,1.3968363858365596,2.5968363858365597,3.6950865493773737,5.695086549377374
1868,0.8,1.2,2.0,0.5005000183513462,0.5005000183513462,-0.19987672690164593,1.8001232730983536
1869,0.8,1.2,2.0,-1.107740678632518,-1.107740678632518,1.0909244912041582,3.090924491204158
1870,0.8,1.2,2.0,-1.1087527737973155,0.09124722620268444,-0.941826748805554,1.058173251194446
1871,0.8,1.2,2.0,-0.9651378423645891,0.23486215763541085,0.4207815703548209,2.420781570354821
1872,0.8,1.2,2.0,0.9494287944962645,0.9494287944962645,1.2490037316704354,3.2490037316704354
1873,0.8,1.2,2.0,-0.8363621333706526,0.3636378666293474,-0.8826017218212153,1.1173982781787846
1874,0.8,1.2,2.0,0.44177613162122914,1.6417761316212292,2.516789561444772,4.516789561444773
1875,0.8,1.2,2.0,0.31723269365356166,0.31723269365356166,2.9605547118236117,4.960554711823612
1876,0.8,1.2,2.0,-0.11322718834222782,1.0867728116577722,0.29986809871839315,2.2998680987183935
1877,0.8,1.2,2.0,1.1573538400870285,1.1573538400870285,2.638794300084429,4.638794300084429
1878,0.8,1.2,2.0,1.2009778997153575,1.2009778997153575,2.6197520597944117,4.619752059794411
1879,0.8,1.2,2.0,-1.7821310597398583,-0.5821310597398583,1.233441566307058,3.233441566307058
1880,0.8,1.2,2.0,-0.3114505874364451,-0.3114505874364451,-1.7498179326152832,0.25018206738471704
1881,0.8,1.2,2.0,1.142559535530291,1.142559535530291,2.6646539111117513,4.664653911111751
1882,0.8,1.2,2.0,2.5669147157320653,3.7669147157320655,3.124209671572843,5.124209671572843
1883,0.8,1.2,2.0,2.0494146223608984,2.0494146223608984,0.6020886047419869,2.6020886047419864
1884,0.8,1.2,2.0,-0.8327162843902418,0.36728371560975814,-0.17295689568947295,1.8270431043105275
1885,0.8,1.2,2.0,-0.4520932145541742,0.7479067854458257,1.994376966195445,3.9943769661954454
1886,0.8,1.2,2.0,-0.9860939633150054,-0.9860939633150054,-0.5887959201200774,1.4112040798799228
1887,0.8,1.2,2.0,1.7008171562796677,2.9008171562796674,3.278870716957335,5.278870716957335
1888,0.8,1.2,2.0,1.572746713522005,1.572746713522005,3.811345914167674,5.811345914167675
1889,0.8,1.2,2.0,0.3822270102065106,1.5822270102065106,1.0572896231492122,3.057289623149212
1890,0.8,1.2,2.0,0.8289523286034889,0.8289523286034889,2.0579795919103,4.0579795919103
1891,0.8,1.2,2.0,2.1879849029774814,3.387984902977481,1.6765895315217076,3.6765895315217083
1892,0.8,1.2,2.0,1.4763712362455887,1.4763712362455887,1.6035714007299084,3.603571400729909
1893,0.8,1.2,2.0,1.3169679222329909,2.5169679222329906,2.9965910302809,4.996591030280899
1894,0.8,1.2,2.0,0.30987294701726525,0.30987294701726525,0.9393474355443365,2.9393474355443368
1895,0.8,1.2,2.0,0.07084764026328433,0.07084764026328433,1.384906374891931,3.3849063748919317
1896,0.8,1.2,2.0,1.092646651733076,1.092646651733076,2.1094854445598057,4.109485444559805
1897,0.8,1.2,2.0,0.8507360815506981,2.0507360815506983,3.7325361433775184,5.732536143377519
1898,0.8,1.2,2.0,0.44526815730169167,1.6452681573016918,1.1053520773755248,3.1053520773755254
1899,0.8,1.2,2.0,0.013759966606363805,0.013759966606363805,2.5291759332197437,4.5291759332197445
1900,0.8,1.2,2.0,1.31059248196464,1.31059248196464,2.228948512442326,4.228948512442326
1901,0.8,1.2,2.0,1.9977443870774725,1.9977443870774725,4.58102888053018,6.58102888053018
1902,0.8,1.2,2.0,0.07199558076411838,0.07199558076411838,0.06127839929189127,2.0612783992918913
1903,0.8,1.2,2.0,0.4175044076785923,1.617504407678592,1.7227440040604975,3.7227440040604973
1904,0.8,1.2,2.0,0.811925258005151,2.0119252580051508,1.3922332617819833,3.3922332617819833
1905,0.8,1.2,2.0,1.1723305032880664,2.372330503288066,2.435623842831076,4.435623842831076
1906,0.8,1.2,2.0,-0.37063994615731594,-0.37063994615731594,1.6195539252314644,3.6195539252314646
1907,0.8,1.2,2.0,2.393231660562153,2.393231660562153,3.7785152860655047,5.778515286065504
1908,0.8,1.2,2.0,0.9662919646911123,2.1662919646911125,3.2161391208153445,5.2161391208153445
1909,0.8,1.2,2.0,0.8904324559209348,0.8904324559209348,1.1262440609472444,3.126244060947244
1910,0.8,1.2,2.0,2.389521582298979,3.589521582298979,2.6537787919667464,4.653778791966746
1911,0.8,1.2,2.0,-0.18319166163792538,-0.18319166163792538,0.6768267205704505,2.67682672057045
1912,0.8,1.2,2.0,0.5645143358905574,0.5645143358905574,1.6278262990546957,3.6278262990546954
1913,0.8,1.2,2.0,-0.5877645975622412,0.6122354024377588,0.3367477879198244,2.3367477879198244
1914,0.8,1.2,2.0,-0.5474984364626981,-0.5474984364626981,-1.0895621382727967,0.9104378617272032
1915,0.8,1.2,2.0,-0.6318358128823275,0.5681641871176726,1.8048769176715844,3.804876917671584
1916,0.8,1.2,2.0,0.3335595845873458,0.3335595845873458,0.3611958708833073,2.361195870883307
1917,0.8,1.2,2.0,0.7351820424031545,0.7351820424031545,3.038050359504611,5.038050359504612
1918,0.8,1.2,2.0,0.5305351032387864,0.5305351032387864,1.7483480752943956,3.7483480752943956
1919,0.8,1.2,2.0,0.30439027460642,0.30439027460642,1.8893618603699767,3.889361860369976
1920,0.8,1.2,2.0,0.8216106204481279,2.021610620448128,2.0860830669179022,4.086083066917903
1921,0.8,1.2,2.0,-0.9639172054048992,-0.9639172054048992,-1.0069393580990857,0.9930606419009143
1922,0.8,1.2,2.0,1.0122395913487092,2.212239591348709,2.584823662165322,4.584823662165322
1923,0.8,1.2,2.0,0.623058447294153,1.823058447294153,3.1670904856515314,5.167090485651531
1924,0.8,1.2,2.0,-0.9435767471186365,-0.9435767471186365,0.5338337261741237,2.533833726174124
1925,0.8,1.2,2.0,1.1684073759893325,1.1684073759893325,3.058663695740549,5.05866369574055
1926,0.8,1.2,2.0,-1.531781062394297,-1.531781062394297,-0.07698828389059842,1.9230117161094014
1927,0.8,1.2,2.0,0.2074709944576601,1.40747099445766,1.397897638362109,3.397897638362109
1928,0.8,1.2,2.0,-0.9685584064257187,0.2314415935742813,0.014475443078699607,2.0144754430786995
1929,0.8,1.2,2.0,2.1911141395475733,2.1911141395475733,3.9116747388405795,5.9116747388405795
1930,0.8,1.2,2.0,-0.4373927112234961,0.7626072887765039,1.4723753972046845,3.4723753972046847
1931,0.8,1.2,2.0,-1.6659382321281966,-1.6659382321281966,-2.361934515954479,-0.3619345159544789
1932,0.8,1.2,2.0,0.5122745060405154,0.5122745060405154,1.6788589714331035,3.6788589714331037
1933,0.8,1.2,2.0,-0.172658678724106,-0.172658678724106,0.4706263080597215,2.4706263080597215
1934,0.8,1.2,2.0,-0.616552238126122,0.583447761873878,0.25062291191404357,2.2506229119140437
1935,0.8,1.2,2.0,0.6207854637169231,0.6207854637169231,2.6467300191202123,4.646730019120213
1936,0.8,1.2,2.0,-1.0102303310441751,-1.0102303310441751,-0.42253075817102576,1.577469241828974
1937,0.8,1.2,2.0,-0.5462293944382062,-0.5462293944382062,-0.9476574026515955,1.0523425973484046
1938,0.8,1.2,2.0,-0.42379859233481093,0.7762014076651891,1.139530751775026,3.139530751775026
1939,0.8,1.2,2.0,1.099040136952357,1.099040136952357,0.5431914435966123,2.543191443596612
1940,0.8,1.2,2.0,1.5549827147826167,1.5549827147826167,0.4667158686703634,2.4667158686703634
1941,0.8,1.2,2.0,1.220396726722921,1.220396726722921,2.8737407363097853,4.873740736309785
1942,0.8,1.2,2.0,0.3751742674568799,1.5751742674568798,1.5528618899654432,3.552861889965443
1943,0.8,1.2,2.0,-2.295682910002709,-2.295682910002709,-1.0685463927723018,0.9314536072276981
1944,0.8,1.2,2.0,0.23674315859710182,1.4367431585971016,0.35824234206984185,2.3582423420698415
1945,0.8,1.2,2.0,1.8566707979701615,1.8566707979701615,1.3963293721915073,3.3963293721915075
1946,0.8,1.2,2.0,1.1929335488882034,1.1929335488882034,0.6465750959869594,2.646575095986959
1947,0.8,1.2,2.0,0.7373007493234637,1.9373007493234637,1.3146796762786757,3.3146796762786765
1948,0.8,1.2,2.0,-0.9622336309194593,0.2377663690805405,-1.4164570665581722,0.5835429334418278
1949,0.8,1.2,2.0,-0.28667182523615925,-0.28667182523615925,0.8461378674043311,2.8461378674043316
1950,0.8,1.2,2.0,3.0341033292227206,4.234103329222721,3.971838011506332,5.971838011506333
1951,0.8,1.2,2.0,-0.8998060645132625,0.30019393548673734,0.29651229628595716,2.296512296285957
1952,0.8,1.2,2.0,-0.5742299254517862,-0.5742299254517862,0.6299924045737111,2.629992404573711
1953,0.8,1.2,2.0,0.9096320622625959,2.1096320622625955,1.9411519574186638,3.9411519574186635
1954,0.8,1.2,2.0,-0.12734818489660438,1.0726518151033955,1.24134171566501,3.24134171566501
1955,0.8,1.2,2.0,-0.6171643332221682,-0.6171643332221682,0.08199560198688904,2.081995601986889
1956,0.8,1.2,2.0,1.7206125048491137,2.920612504849114,2.6996759889003425,4.699675988900342
1957,0.8,1.2,2.0,1.2334748312005355,1.2334748312005355,2.6510955283243067,4.651095528324307
1958,0.8,1.2,2.0,-0.24261014014748716,-0.24261014014748716,-1.9120397664210582,0.08796023357894134
1959,0.8,1.2,2.0,-0.7316846766590681,0.46831532334093184,0.8575678420273869,2.8575678420273873
1960,0.8,1.2,2.0,2.3715910718672704,3.57159107186727,3.40432294009241,5.404322940092409
1961,0.8,1.2,2.0,0.5248443790679673,1.7248443790679673,2.1217573761879214,4.121757376187921
1962,0.8,1.2,2.0,1.7051810409128665,2.9051810409128667,1.2902394310945187,3.290239431094519
1963,0.8,1.2,2.0,1.3123654564881586,2.5123654564881583,1.9424135559115776,3.9424135559115774
1964,0.8,1.2,2.0,-0.09174058919662975,-0.09174058919662975,-0.23049606411780732,1.7695039358821925
1965,0.8,1.2,2.0,-0.23325744220717143,0.9667425577928286,1.3644663825274437,3.3644663825274437
1966,0.8,1.2,2.0,2.0918430584830534,3.2918430584830536,1.7837452901139819,3.783745290113982
1967,0.8,1.2,2.0,2.034033845071205,3.234033845071205,2.153056738116369,4.153056738116369
1968,0.8,1.2,2.0,-1.4035001596966845,-1.4035001596966845,0.11309117952466313,2.113091179524663
1969,0.8,1.2,2.0,0.920642760943605,0.920642760943605,1.2051765619739654,3.2051765619739654
1970,0.8,1.2,2.0,0.6177484044323794,0.6177484044323794,0.84866655374732,2.84866655374732
1971,0.8,1.2,2.0,-0.6040734360827604,-0.6040734360827604,1.255479144694586,3.255479144694586
1972,0.8,1.2,2.0,0.6697369083694162,0.6697369083694162,2.556109207396097,4.556109207396097
1973,0.8,1.2,2.0,-0.8181897820199566,0.38181021798004333,0.9248194164986671,2.924819416498667
1974,0.8,1.2,2.0,0.5425206502451551,1.7425206502451553,2.7305476607796186,4.730547660779619
1975,0.8,1.2,2.0,-0.7005805951763288,-0.7005805951763288,-0.20023111571862595,1.799768884281374
1976,0.8,1.2,2.0,0.2311658037606079,0.2311658037606079,1.1805442077350636,3.1805442077350636
1977,0.8,1.2,2.0,-0.1394298420334224,1.0605701579665776,-0.16614535281464604,1.8338546471853538
1978,0.8,1.2,2.0,-0.4503847144368992,-0.4503847144368992,0.760799084924803,2.7607990849248027
1979,0.8,1.2,2.0,2.545703877155917,3.745703877155917,3.332822115351815,5.332822115351815
1980,0.8,1.2,2.0,1.1398837907343173,1.1398837907343173,1.8045512897008016,3.804551289700802
1981,0.8,1.2,2.0,2.3457505519439925,2.3457505519439925,3.9797760016348507,5.979776001634852
1982,0.8,1.2,2.0,0.17178519028105785,0.17178519028105785,2.244234542034823,4.244234542034823
1983,0.8,1.2,2.0,-0.039475802150542805,1.1605241978494572,1.3649938922172629,3.364993892217263
1984,0.8,1.2,2.0,2.182796769872021,2.182796769872021,4.926700072033918,6.926700072033917
1985,0.8,1.2,2.0,-0.31385272225339167,0.8861472777466084,-0.17656361587241087,1.8234363841275891
1986,0.8,1.2,2.0,0.23474529336841435,0.23474529336841435,-0.6612044689358181,1.3387955310641815
1987,0.8,1.2,2.0,1.2795617586852466,1.2795617586852466,3.0338658804000884,5.033865880400088
1988,0.8,1.2,2.0,-0.9678909288564705,0.2321090711435294,-0.89316789520933,1.1068321047906702
1989,0.8,1.2,2.0,0.9694101385882448,0.9694101385882448,1.5344615326759443,3.5344615326759445
1990,0.8,1.2,2.0,0.6752740348869504,0.6752740348869504,-0.36657116275260826,1.6334288372473915
1991,0.8,1.2,2.0,1.8865428258645014,3.0865428258645013,2.0654775837364543,4.065477583736454
1992,0.8,1.2,2.0,1.553641481600259,2.7536414816002592,1.160478717414435,3.160478717414435
1993,0.8,1.2,2.0,1.8694764861485262,1.8694764861485262,2.481505311575526,4.481505311575527
1994,0.8,1.2,2.0,0.6791292473101895,0.6791292473101895,1.4776118519729726,3.477611851972973
1995,0.8,1.2,2.0,-0.33631002758284234,0.8636899724171576,0.771223911381512,2.771223911381512
1996,0.8,1.2,2.0,2.7275886952930892,3.927588695293089,5.045713847121416,7.045713847121416
1997,0.8,1.2,2.0,-0.935544387830698,0.264455612169302,0.8021293621946333,2.8021293621946333
1998,0.8,1.2,2.0,-0.9539750846992703,0.24602491530072967,-1.5944527247933928,0.40554727520660694
1999,0.8,1.2,2.0,0.9058814920699371,2.105881492069937,2.4077325620568644,4.407732562056864
2000,0.8,1.2,2.0,2.789231832914923,2.789231832914923,4.343817053514765,6.343817053514765
2001,0.8,1.2,2.0,0.5539655519581125,0.5539655519581125,1.3657489239513128,3.365748923951313
2002,0.8,1.2,2.0,1.299540386366075,2.499540386366075,2.1436653142047617,4.143665314204761
2003,0.8,1.2,2.0,-1.3655997804369264,-0.16559978043692647,-0.07424538766065003,1.9257546123393499
2004,0.8,1.2,2.0,0.07601136240736445,1.2760113624073643,0.43449545445280013,2.4344954544528
2005,0.8,1.2,2.0,-1.7953852714263574,-0.5953852714263574,-1.2586944384730638,0.7413055615269362
2006,0.8,1.2,2.0,1.6172144345977815,1.6172144345977815,4.025689209402363,6.025689209402364
2007,0.8,1.2,2.0,-1.0754896991942644,-1.0754896991942644,-0.7982343986899646,1.201765601310035
2008,0.8,1.2,2.0,-1.1110981745973634,0.08890182540263658,-1.3631723698156029,0.6368276301843971
2009,0.8,1.2,2.0,1.370660439267565,1.370660439267565,2.546709914264489,4.546709914264489
2010,0.8,1.2,2.0,1.7495270234965756,2.9495270234965756,1.744095681059459,3.7440956810594592
2011,0.8,1.2,2.0,-0.038330705813590854,1.161669294186409,-1.0140222256575122,0.9859777743424878
2012,0.8,1.2,2.0,1.603327356185827,1.603327356185827,2.6142967471625553,4.614296747162555
2013,0.8,1.2,2.0,1.2354273773829498,2.43542737738295,3.815808735620112,5.815808735620112
2014,0.8,1.2,2.0,0.281514305870014,1.481514305870014,1.2408709868681118,3.2408709868681123
2015,0.8,1.2,2.0,-0.11763984119971505,1.0823601588002851,1.3789810143728543,3.3789810143728545
2016,0.8,1.2,2.0,1.1126807420335347,1.1126807420335347,0.014391940648337709,2.0143919406483373
2017,0.8,1.2,2.0,1.104670768243873,2.3046707682438727,2.5371796456640134,4.537179645664013
2018,0.8,1.2,2.0,1.195934368283662,1.195934368283662,2.157240206389056,4.157240206389057
2019,0.8,1.2,2.0,0.986621555871021,2.186621555871021,1.438076815693082,3.438076815693082
2020,0.8,1.2,2.0,-0.5255190232821324,-0.5255190232821324,0.7498520415850375,2.749852041585038
2021,0.8,1.2,2.0,1.1947442033360933,2.3947442033360935,2.367801848471996,4.367801848471997
2022,0.8,1.2,2.0,0.26162301361137785,1.461623013611378,0.04413781447992182,2.044137814479922
2023,0.8,1.2,2.0,0.05624151192647914,1.2562415119264791,1.4140812095396036,3.4140812095396034
2024,0.8,1.2,2.0,0.1844245270776464,1.3844245270776465,2.3676001924523735,4.3676001924523735
2025,0.8,1.2,2.0,-0.59029947401064,-0.59029947401064,-0.08493581323099675,1.9150641867690035
2026,0.8,1.2,2.0,0.9473000734571733,2.147300073457173,0.7853434007552283,2.785343400755228
2027,0.8,1.2,2.0,-0.7485687199370895,-0.7485687199370895,0.18688188602313605,2.186881886023136
2028,0.8,1.2,2.0,-1.2740524293219249,-0.07405242932192502,0.06018310273216598,2.060183102732166
2029,0.8,1.2,2.0,0.2328502734166833,0.2328502734166833,0.04761353951166325,2.047613539511663
2030,0.8,1.2,2.0,1.9703259309128525,3.1703259309128526,3.4532675781462685,5.453267578146268
2031,0.8,1.2,2.0,1.946754531156822,1.946754531156822,2.530389394012323,4.530389394012323
2032,0.8,1.2,2.0,-1.2888812659933881,-0.08888126599338819,-0.1455118264444259,1.8544881735555743
2033,0.8,1.2,2.0,2.049192353028055,3.2491923530280546,2.6167579208328706,4.61675792083287
2034,0.8,1.2,2.0,1.7303460646123465,1.7303460646123465,2.0839463412832275,4.083946341283227
2035,0.8,1.2,2.0,-0.6398838799768,-0.6398838799768,1.9059606669554763,3.905960666955476
2036,0.8,1.2,2.0,-1.8004073113204297,-0.60040731132043,-2.0621265956699113,-0.06212659566991152
2037,0.8,1.2,2.0,0.28901166275538354,1.4890116627553833,1.6818666970360119,3.6818666970360114
2038,0.8,1.2,2.0,1.921390874649343,1.921390874649343,4.852026262470311,6.852026262470311
2039,0.8,1.2,2.0,1.7931526066682573,1.7931526066682573,3.2799349577197834,5.2799349577197825
2040,0.8,1.2,2.0,-0.2824494115937365,-0.2824494115937365,-0.5546278621212426,1.4453721378787572
2041,0.8,1.2,2.0,2.5287710214993213,3.728771021499321,2.4317184571414865,4.4317184571414865
2042,0.8,1.2,2.0,-1.529921148279601,-0.32992114827960073,-1.1495390265679353,0.850460973432065
2043,0.8,1.2,2.0,0.7068828491913355,0.7068828491913355,2.2480797360582923,4.248079736058292
2044,0.8,1.2,2.0,-0.14624246440894534,1.0537575355910547,0.9270123662179748,2.927012366217975
2045,0.8,1.2,2.0,1.2385922495197266,2.4385922495197265,0.691065844950316,2.691065844950316
2046,0.8,1.2,2.0,1.500001933391244,2.7000019333912437,1.4283774532452536,3.428377453245253
2047,0.8,1.2,2.0,1.6523564253979264,1.6523564253979264,1.9729624517275934,3.9729624517275943
2048,0.8,1.2,2.0,-0.701173168465081,-0.701173168465081,0.21766461027390185,2.217664610273902
2049,0.8,1.2,2.0,1.3932960296931465,1.3932960296931465,4.398442818913704,6.398442818913705
2050,0.8,1.2,2.0,0.6721548538613529,0.6721548538613529,0.5143763784164792,2.51437637841648
2051,0.8,1.2,2.0,-0.9411741972808726,-0.9411741972808726,-0.7647585717508485,1.2352414282491515
2052,0.8,1.2,2.0,-1.9344252620968492,-1.9344252620968492,-2.3125065127708018,-0.31250651277080155
2053,0.8,1.2,2.0,1.885674164733846,1.885674164733846,3.753008652451458,5.753008652451458
2054,0.8,1.2,2.0,1.177132225962715,2.377132225962715,2.707278314235586,4.707278314235586
2055,0.8,1.2,2.0,-0.6752467484834103,-0.6752467484834103,-0.49818306733905865,1.5018169326609419
2056,0.8,1.2,2.0,0.4667605119885544,1.6667605119885542,1.220586555341771,3.220586555341771
2057,0.8,1.2,2.0,0.7161831504445348,0.7161831504445348,0.8261008957077217,2.826100895707722
2058,0.8,1.2,2.0,-0.12591512299359192,1.074084877006408,0.8079334939782901,2.8079334939782896
2059,0.8,1.2,2.0,-1.2328019620351531,-1.2328019620351531,2.331030772155138,4.331030772155138
2060,0.8,1.2,2.0,2.0576883312344854,3.257688331234485,3.389973688706972,5.389973688706972
2061,0.8,1.2,2.0,1.0701165960633874,2.2701165960633873,1.6877271656730206,3.687727165673021
2062,0.8,1.2,2.0,0.6813305309252273,0.6813305309252273,1.3608270318364046,3.3608270318364046
2063,0.8,1.2,2.0,0.2867640995054443,1.4867640995054443,-0.0020634787742508376,1.9979365212257496
2064,0.8,1.2,2.0,0.9733936688973711,0.9733936688973711,2.783020916423203,4.783020916423203
2065,0.8,1.2,2.0,-0.7223281052992064,0.4776718947007934,0.8952216000278637,2.895221600027863
2066,0.8,1.2,2.0,0.7708151118039378,0.7708151118039378,1.2701398986244445,3.2701398986244445
2067,0.8,1.2,2.0,-0.5413672321889655,-0.5413672321889655,1.8648768872015196,3.8648768872015196
2068,0.8,1.2,2.0,0.4197646475462694,0.4197646475462694,1.434404162692311,3.4344041626923114
2069,0.8,1.2,2.0,-0.509363318449439,0.6906366815505609,1.3715362045506427,3.371536204550643
2070,0.8,1.2,2.0,-0.6768852716802194,-0.6768852716802194,0.580110870783789,2.580110870783789
2071,0.8,1.2,2.0,2.0430767463985955,3.2430767463985957,2.7975102883745477,4.797510288374548
2072,0.8,1.2,2.0,0.13715164460399557,0.13715164460399557,-0.09911579982386387,1.900884200176136
2073,0.8,1.2,2.0,0.11408176669102926,0.11408176669102926,0.5729953618549324,2.5729953618549324
2074,0.8,1.2,2.0,-1.5898484314012435,-1.5898484314012435,0.19988985728032316,2.199889857280323
2075,0.8,1.2,2.0,-0.08005275092307806,1.119947249076922,0.4231114755761415,2.423111475576142
2076,0.8,1.2,2.0,0.5753731076917099,1.7753731076917099,1.75788849595313,3.75788849595313
2077,0.8,1.2,2.0,0.6837938064371151,0.6837938064371151,0.594162951406185,2.594162951406185
2078,0.8,1.2,2.0,-1.637904052456555,-0.43790405245655495,0.15290479627190368,2.152904796271904
2079,0.8,1.2,2.0,0.06033551483926752,0.06033551483926752,0.9420752501173534,2.942075250117353
2080,0.8,1.2,2.0,0.592021405705839,0.592021405705839,0.20688571497343777,2.206885714973438
2081,0.8,1.2,2.0,1.9059411663193402,3.10594116631934,2.7633794215448213,4.763379421544822
2082,0.8,1.2,2.0,-0.03911350011961967,-0.03911350011961967,1.9697391550778987,3.9697391550778987
2083,0.8,1.2,2.0,-2.0881711950555992,-2.0881711950555992,-2.5779387189887757,-0.5779387189887752
2084,0.8,1.2,2.0,-0.4492363366552349,0.750763663344765,-0.48849696518022223,1.5115030348197775
2085,0.8,1.2,2.0,-0.2903428712604156,-0.2903428712604156,0.8446416190251856,2.8446416190251855
2086,0.8,1.2,2.0,1.4698307654772438,2.6698307654772435,4.758576087707618,6.758576087707617
2087,0.8,1.2,2.0,-2.245322324499498,-1.0453223244994982,-1.9369575659417833,0.06304243405821686
2088,0.8,1.2,2.0,-0.0887493540699098,1.11125064593009,1.3129293828507271,3.3129293828507267
2089,0.8,1.2,2.0,1.7369921282769034,2.9369921282769034,2.871258639011354,4.871258639011353
2090,0.8,1.2,2.0,0.647558397706532,1.8475583977065317,1.1516024540229197,3.1516024540229193
2091,0.8,1.2,2.0,1.4548480081192903,1.4548480081192903,2.6550021545327427,4.655002154532744
2092,0.8,1.2,2.0,-0.9529771317204276,0.24702286827957232,-0.2749309925949427,1.7250690074050574
2093,0.8,1.2,2.0,-1.062427369269977,0.1375726307300229,-0.39385739676225834,1.6061426032377417
2094,0.8,1.2,2.0,2.1828716429494666,3.3828716429494667,1.6853525302458219,3.685352530245822
2095,0.8,1.2,2.0,0.6295931256445633,0.6295931256445633,1.6240753973697817,3.6240753973697815
2096,0.8,1.2,2.0,0.8386809770486501,2.0386809770486503,2.8947122268975383,4.894712226897538
2097,0.8,1.2,2.0,-0.356905996997005,0.843094003002995,0.8746843318560082,2.8746843318560082
2098,0.8,1.2,2.0,0.3594237398827874,0.3594237398827874,2.289026174660255,4.289026174660255
2099,0.8,1.2,2.0,-1.1883807824013202,0.01161921759868001,0.030317854169547798,2.0303178541695477
2100,0.8,1.2,2.0,2.149918305710016,2.149918305710016,3.3990755705827063,5.399075570582706
2101,0.8,1.2,2.0,3.30482832908185,3.30482832908185,3.728234522217484,5.728234522217483
2102,0.8,1.2,2.0,0.46959528501649295,1.6695952850164928,0.6404343905558647,2.640434390555865
2103,0.8,1.2,2.0,-0.349092234627157,-0.349092234627157,-0.9623666080080205,1.0376333919919796
2104,0.8,1.2,2.0,-1.8020960427837098,-1.8020960427837098,-0.9148000744080702,1.0851999255919298
2105,0.8,1.2,2.0,-1.2683671638822092,-1.2683671638822092,-0.17830377154463414,1.821696228455366
2106,0.8,1.2,2.0,1.9012434052313978,1.9012434052313978,4.5142522191668055,6.514252219166806
2107,0.8,1.2,2.0,-0.1089272851771832,1.0910727148228168,1.6995694101642869,3.699569410164287
2108,0.8,1.2,2.0,-0.18502102560165534,1.0149789743983446,-0.25933243501639447,1.7406675649836054
2109,0.8,1.2,2.0,0.9158799672527281,2.115879967252728,0.3168810201829553,2.3168810201829553
2110,0.8,1.2,2.0,2.0457057418762727,2.0457057418762727,2.8814309496813535,4.881430949681353
2111,0.8,1.2,2.0,0.41754955845232666,1.6175495584523267,2.307404991690852,4.307404991690852
2112,0.8,1.2,2.0,0.24423604063618476,1.4442360406361847,1.1228883108099432,3.1228883108099432
2113,0.8,1.2,2.0,0.8449924418813678,2.0449924418813676,2.569224225800753,4.569224225800752
2114,0.8,1.2,2.0,-0.06806423043476217,-0.06806423043476217,0.7905260444493529,2.7905260444493525
2115,0.8,1.2,2.0,0.07299597838856764,0.07299597838856764,1.8878732008918486,3.887873200891848
2116,0.8,1.2,2.0,0.8341173397393487,2.034117339739349,0.18501746517067086,2.185017465170671
2117,0.8,1.2,2.0,0.7041010088055006,1.9041010088055006,3.320822789598944,5.320822789598944
2118,0.8,1.2,2.0,2.663865560574674,2.663865560574674,2.5728889483616904,4.57288894836169
2119,0.8,1.2,2.0,1.0033782573811405,2.2033782573811402,2.840130214274725,4.8401302142747245
2120,0.8,1.2,2.0,1.8829074903686562,1.8829074903686562,2.7652314572162533,4.765231457216253
2121,0.8,1.2,2.0,-0.4047414721396818,-0.4047414721396818,0.5904597638823837,2.590459763882384
2122,0.8,1.2,2.0,1.038422390900326,2.2384223909003262,1.8061638855102142,3.8061638855102142
2123,0.8,1.2,2.0,-0.465719142083371,0.7342808579166289,0.6280602459799142,2.6280602459799143
2124,0.8,1.2,2.0,0.9157546407153707,0.9157546407153707,2.3868134356088078,4.386813435608807
2125,0.8,1.2,2.0,1.1801092626461178,2.3801092626461178,3.2328672174900372,5.232867217490037
2126,0.8,1.2,2.0,0.6078233179454333,1.8078233179454333,3.0544085165054513,5.054408516505451
2127,0.8,1.2,2.0,3.5692833136169133,3.5692833136169133,5.342409921821696,7.342409921821696
2128,0.8,1.2,2.0,1.770847935546082,2.970847935546082,4.379767619006139,6.379767619006139
2129,0.8,1.2,2.0,1.8039320385667046,3.0039320385667043,2.9813623852142546,4.981362385214254
2130,0.8,1.2,2.0,1.584824812543303,2.784824812543303,3.875957588245087,5.875957588245087
2131,0.8,1.2,2.0,2.292761391959859,3.492761391959859,3.741081447685883,5.7410814476858825
2132,0.8,1.2,2.0,-0.23561576171756649,0.9643842382824337,0.6827486306915007,2.682748630691501
2133,0.8,1.2,2.0,1.756871330471133,1.756871330471133,2.862497626504681,4.862497626504682
2134,0.8,1.2,2.0,-0.39401754530350874,-0.39401754530350874,1.1739721766696256,3.1739721766696256
2135,0.8,1.2,2.0,-0.3039808425346242,0.8960191574653759,0.5040598770841721,2.504059877084172
2136,0.8,1.2,2.0,0.9559350235186801,2.15593502351868,2.298486594487578,4.298486594487577
2137,0.8,1.2,2.0,1.8079003386297208,1.8079003386297208,3.7230500800359474,5.7230500800359465
2138,0.8,1.2,2.0,-0.3996854129896431,-0.3996854129896431,0.74620225747601,2.74620225747601
2139,0.8,1.2,2.0,0.08318357252934128,1.2831835725293415,-1.796885129348425,0.20311487065157507
2140,0.8,1.2,2.0,0.9752665273017312,0.9752665273017312,3.905359648662049,5.90535964866205
2141,0.8,1.2,2.0,0.28514440212648445,0.28514440212648445,0.9685599097876214,2.968559909787621
2142,0.8,1.2,2.0,1.2543815022834859,2.4543815022834856,1.364667575483387,3.364667575483387
2143,0.8,1.2,2.0,4.7471231481683365,5.947123148168336,5.163809873971396,7.163809873971395
2144,0.8,1.2,2.0,1.0375920033584891,2.237592003358489,1.7799936309132505,3.7799936309132502
2145,0.8,1.2,2.0,-0.4510409019558804,0.7489590980441194,-0.15768504246857196,1.8423149575314277
2146,0.8,1.2,2.0,-1.004787459313416,-1.004787459313416,-0.880649675647721,1.119350324352279
2147,0.8,1.2,2.0,-0.10805788794500776,1.0919421120549921,0.021279859304150994,2.0212798593041508
2148,0.8,1.2,2.0,-0.15927907927175378,-0.15927907927175378,1.557777615959426,3.5577776159594268
2149,0.8,1.2,2.0,0.8582366041074505,0.8582366041074505,3.8157245865319034,5.815724586531904
2150,0.8,1.2,2.0,0.9902303784811722,2.1902303784811723,2.8362744716273705,4.836274471627371
2151,0.8,1.2,2.0,0.017779193143562855,1.2177791931435629,2.1276756430104795,4.1276756430104795
2152,0.8,1.2,2.0,2.704402736166063,3.9044027361660634,3.4732911863075113,5.473291186307511
2153,0.8,1.2,2.0,-0.4894705471051003,-0.4894705471051003,0.44584599986867357,2.4458459998686735
2154,0.8,1.2,2.0,0.05789724625892116,1.257897246258921,1.269265193260605,3.269265193260605
2155,0.8,1.2,2.0,1.2064518580442958,2.4064518580442957,1.5917534258378443,3.5917534258378447
2156,0.8,1.2,2.0,1.5723426791797976,2.772342679179798,2.26680446557066,4.26680446557066
2157,0.8,1.2,2.0,1.8773362154724913,3.0773362154724913,3.798394636425096,5.798394636425096
2158,0.8,1.2,2.0,0.6856603602640406,0.6856603602640406,2.6140623695446843,4.614062369544683
2159,0.8,1.2,2.0,1.754158153415415,2.954158153415415,2.9570653913489515,4.9570653913489515
2160,0.8,1.2,2.0,-0.3882664501566294,0.8117335498433705,-0.7321958163544825,1.2678041836455174
2161,0.8,1.2,2.0,1.261620366914467,2.4616203669144667,1.8617206547395322,3.8617206547395324
2162,0.8,1.2,2.0,1.121543092739799,2.3215430927397986,0.4914212532895268,2.4914212532895266
2163,0.8,1.2,2.0,2.403234179349145,3.603234179349145,3.7386682589142786,5.738668258914278
2164,0.8,1.2,2.0,-0.9784095299203378,-0.9784095299203378,0.4036778895565508,2.403677889556551
2165,0.8,1.2,2.0,-0.22568510289740518,-0.22568510289740518,0.6246031512005931,2.624603151200593
2166,0.8,1.2,2.0,1.697304395710037,2.897304395710037,3.188457902321732,5.188457902321732
2167,0.8,1.2,2.0,-1.30756970540978,-0.10756970540978017,0.6718613833218039,2.6718613833218035
2168,0.8,1.2,2.0,0.47923834261530357,1.6792383426153035,1.3942551647403962,3.3942551647403967
2169,0.8,1.2,2.0,1.3382914506682346,1.3382914506682346,0.989085842195883,2.989085842195884
2170,0.8,1.2,2.0,-0.2612277728027971,-0.2612277728027971,0.36227288484960357,2.3622728848496033
2171,0.8,1.2,2.0,-0.1854358868267198,1.01456411317328,1.0542431669630095,3.0542431669630097
2172,0.8,1.2,2.0,-0.8974123215210177,0.30258767847898227,1.4657828002642395,3.4657828002642392
2173,0.8,1.2,2.0,-0.111443038948013,-0.111443038948013,0.5567005980022164,2.5567005980022164
2174,0.8,1.2,2.0,-0.3575496165485791,0.842450383451421,0.9499698408416497,2.94996984084165
2175,0.8,1.2,2.0,-0.08232856420429746,-0.08232856420429746,1.8628318212270087,3.8628318212270085
2176,0.8,1.2,2.0,-0.2221686813559125,-0.2221686813559125,0.5915432845572509,2.591543284557251
2177,0.8,1.2,2.0,0.37330381454070305,0.37330381454070305,2.6179172949807743,4.617917294980774
2178,0.8,1.2,2.0,0.36921421983535435,0.36921421983535435,2.6729337415939014,4.672933741593901
2179,0.8,1.2,2.0,2.5550339558890593,2.5550339558890593,5.056020060635586,7.056020060635586
2180,0.8,1.2,2.0,-0.006207824164174869,1.193792175835825,1.3775425574565805,3.3775425574565805
2181,0.8,1.2,2.0,1.4804932369819586,2.6804932369819587,5.264859167166228,7.264859167166227
2182,0.8,1.2,2.0,-0.0065536315316720994,1.1934463684683276,0.42504947900040624,2.4250494790004056
2183,0.8,1.2,2.0,-0.6483412016288956,-0.6483412016288956,2.103239434025085,4.103239434025085
2184,0.8,1.2,2.0,-1.5050832614624876,-1.5050832614624876,0.06274107804270168,2.0627410780427016
2185,0.8,1.2,2.0,-1.593517144519438,-1.593517144519438,0.39876959070171725,2.3987695907017175
2186,0.8,1.2,2.0,-0.7017978909076075,0.4982021090923925,-0.018368719619057117,1.981631280380943
2187,0.8,1.2,2.0,0.6471552675440706,0.6471552675440706,2.4672689256971667,4.467268925697167
2188,0.8,1.2,2.0,1.435645945914748,2.6356459459147477,3.7689349699992194,5.7689349699992185
2189,0.8,1.2,2.0,-0.6833866931753638,0.5166133068246364,-0.3685601144191333,1.631439885580867
2190,0.8,1.2,2.0,0.1156180608742563,1.3156180608742563,1.0620883538742192,3.0620883538742194
2191,0.8,1.2,2.0,-0.649061200916448,-0.649061200916448,-1.6450942168583689,0.3549057831416311
2192,0.8,1.2,2.0,-0.0435991405161808,1.1564008594838193,0.5918531850462418,2.5918531850462423
2193,0.8,1.2,2.0,1.276026026307847,1.276026026307847,1.2601888545815583,3.260188854581558
2194,0.8,1.2,2.0,0.06415924812111107,0.06415924812111107,0.8537526599737669,2.8537526599737673
2195,0.8,1.2,2.0,0.5043851696959711,1.704385169695971,4.462629955231076,6.462629955231076
2196,0.8,1.2,2.0,1.398334926257977,2.598334926257977,3.744876119632284,5.744876119632285
2197,0.8,1.2,2.0,0.903808823653049,2.1038088236530488,0.42829988238251016,2.4282998823825093
2198,0.8,1.2,2.0,-0.2558702309547506,-0.2558702309547506,1.3026824872193554,3.302682487219355
2199,0.8,1.2,2.0,0.5943705361043865,1.7943705361043865,2.350271790009399,4.350271790009399
2200,0.8,1.2,2.0,-0.5715661351062937,0.6284338648937062,-0.07214130428021875,1.927858695719781
2201,0.8,1.2,2.0,0.7586214581596578,0.7586214581596578,1.829022024933979,3.829022024933979
2202,0.8,1.2,2.0,0.9622823960009206,2.1622823960009203,2.2028927647013594,4.202892764701359
2203,0.8,1.2,2.0,-0.8399196934154383,-0.8399196934154383,-1.168371061555289,0.8316289384447111
2204,0.8,1.2,2.0,0.8565868921509441,2.056586892150944,0.9462158545749095,2.94621585457491
2205,0.8,1.2,2.0,0.7066836034893417,1.9066836034893415,2.095151562920506,4.095151562920506
2206,0.8,1.2,2.0,0.956373080113937,2.1563730801139367,1.996906063390254,3.996906063390254
2207,0.8,1.2,2.0,1.1945001921845262,2.394500192184526,1.3947062375441854,3.3947062375441854
2208,0.8,1.2,2.0,1.108746306184897,1.108746306184897,1.4019013010379133,3.4019013010379133
2209,0.8,1.2,2.0,0.38006012154350394,1.5800601215435037,1.4124498551544689,3.412449855154468
2210,0.8,1.2,2.0,1.3030698908863347,2.5030698908863345,3.1023807572178304,5.10238075721783
2211,0.8,1.2,2.0,-0.1359447332203999,-0.1359447332203999,0.9456481912259643,2.9456481912259638
2212,0.8,1.2,2.0,-0.5266463910227075,-0.5266463910227075,2.2920015078441365,4.2920015078441365
2213,0.8,1.2,2.0,-2.3077807448631984,-1.1077807448631987,-1.7452639993940247,0.2547360006059751
2214,0.8,1.2,2.0,0.9633553202787916,2.1633553202787916,2.5121293030775815,4.512129303077582
2215,0.8,1.2,2.0,-0.5814712810912668,0.6185287189087331,-0.10904993792716047,1.8909500620728397
2216,0.8,1.2,2.0,0.9019239388751041,2.101923938875104,2.4926645271547168,4.492664527154716
2217,0.8,1.2,2.0,-1.4678440850587697,-0.26784408505876955,-1.247176427960234,0.7528235720397662
2218,0.8,1.2,2.0,-0.17660062145925232,-0.17660062145925232,2.7311824188280016,4.731182418828001
2219,0.8,1.2,2.0,0.7754910299814444,0.7754910299814444,-0.04497395701658902,1.9550260429834112
2220,0.8,1.2,2.0,-0.9755047473183018,0.22449525268169812,1.44286309171573,3.44286309171573
2221,0.8,1.2,2.0,0.9370605824215631,2.1370605824215634,2.045584940736197,4.045584940736197
2222,0.8,1.2,2.0,-0.28752929293241436,0.9124707070675856,1.1112241569049162,3.111224156904916
2223,0.8,1.2,2.0,0.49298973444428995,1.69298973444429,2.844713333685773,4.844713333685773
2224,0.8,1.2,2.0,0.8569449439071996,2.0569449439071996,2.5557977307334983,4.555797730733499
2225,0.8,1.2,2.0,1.1228995193620106,2.322899519362011,1.172940962400081,3.172940962400081
2226,0.8,1.2,2.0,0.6627819194336765,1.8627819194336763,2.309731146771658,4.309731146771658
2227,0.8,1.2,2.0,-0.2687338368367961,-0.2687338368367961,2.6289244411591195,4.6289244411591195
2228,0.8,1.2,2.0,0.21574572901662986,1.4157457290166298,0.4443104111199939,2.444310411119994
2229,0.8,1.2,2.0,1.7927144930122458,2.9927144930122456,5.348315757489749,7.348315757489748
2230,0.8,1.2,2.0,-0.43806672411935255,-0.43806672411935255,1.003093668091381,3.0030936680913807
2231,0.8,1.2,2.0,0.46745793347903325,1.6674579334790331,1.1312465149716018,3.1312465149716022
2232,0.8,1.2,2.0,-0.20915249702167243,0.9908475029783275,-0.3179541474033918,1.6820458525966084
2233,0.8,1.2,2.0,0.010565984520123042,1.2105659845201229,0.5298974220045736,2.529897422004573
2234,0.8,1.2,2.0,-0.03443369521737716,1.1655663047826226,-0.6731461369332057,1.3268538630667939
2235,0.8,1.2,2.0,-1.6289882861921028,-1.6289882861921028,-1.2289287112375509,0.771071288762449
2236,0.8,1.2,2.0,0.7075593945190507,0.7075593945190507,1.2358433363697103,3.2358433363697108
2237,0.8,1.2,2.0,1.4524017471236825,1.4524017471236825,1.3701683137679521,3.3701683137679526
2238,0.8,1.2,2.0,-1.319232681511373,-1.319232681511373,0.4105740307175091,2.410574030717509
2239,0.8,1.2,2.0,0.5981742089932287,1.7981742089932287,1.1989066199151832,3.198906619915183
2240,0.8,1.2,2.0,1.4916909492312467,2.691690949231247,1.7949017608741988,3.7949017608741986
2241,0.8,1.2,2.0,1.4647237620573546,2.6647237620573545,2.385264970518832,4.385264970518832
2242,0.8,1.2,2.0,-0.15846826132560576,-0.15846826132560576,1.0354404902238816,3.035440490223882
2243,0.8,1.2,2.0,-0.8615981150606091,-0.8615981150606091,-0.06711140146684923,1.932888598533151
2244,0.8,1.2,2.0,0.8637561656199269,0.8637561656199269,1.3512998017123077,3.351299801712308
2245,0.8,1.2,2.0,0.8954741324282918,2.0954741324282917,2.1195869888563434,4.1195869888563434
2246,0.8,1.2,2.0,0.4096519249613003,0.4096519249613003,1.2348722432653105,3.2348722432653103
2247,0.8,1.2,2.0,-0.15478473495564102,1.045215265044359,-0.6106823613298372,1.3893176386701627
2248,0.8,1.2,2.0,-0.8060387310543262,0.39396126894567374,-0.2434680958492994,1.7565319041507004
2249,0.8,1.2,2.0,0.9062769602540703,2.1062769602540703,2.474674343305104,4.474674343305104
2250,0.8,1.2,2.0,1.3205561213786696,1.3205561213786696,3.125828799251942,5.125828799251942
2251,0.8,1.2,2.0,0.3898475330007748,0.3898475330007748,0.9525668056234495,2.9525668056234493
2252,0.8,1.2,2.0,0.5856376806178153,1.7856376806178154,2.2455064991014972,4.245506499101498
2253,0.8,1.2,2.0,2.3817928857145745,3.5817928857145747,2.536866320708932,4.536866320708932
2254,0.8,1.2,2.0,-0.8387589866099723,-0.8387589866099723,-1.2640002928276823,0.7359997071723176
2255,0.8,1.2,2.0,2.0915709478383255,3.2915709478383257,3.0470732181324247,5.047073218132425
2256,0.8,1.2,2.0,-0.5887596408837688,0.6112403591162312,1.6723163807620793,3.672316380762079
2257,0.8,1.2,2.0,1.7085492209935085,1.7085492209935085,2.9381999462231008,4.938199946223102
2258,0.8,1.2,2.0,1.8073724949637668,1.8073724949637668,2.5813433152201437,4.581343315220144
2259,0.8,1.2,2.0,0.5323247140372709,0.5323247140372709,3.2933799935366865,5.2933799935366865
2260,0.8,1.2,2.0,2.3262403683288957,2.3262403683288957,3.149486809304065,5.149486809304065
2261,0.8,1.2,2.0,0.2558487392270949,0.2558487392270949,3.015123878167093,5.015123878167093
2262,0.8,1.2,2.0,-0.612706215287365,0.587293784712635,-0.280945188339309,1.719054811660691
2263,0.8,1.2,2.0,0.16730494441677501,0.16730494441677501,0.18321724103613013,2.1832172410361297
2264,0.8,1.2,2.0,1.5742683402707154,2.7742683402707153,2.368910388194883,4.368910388194882
2265,0.8,1.2,2.0,1.5663479208036808,2.766347920803681,2.4127858059180176,4.412785805918018
2266,0.8,1.2,2.0,-0.3212304346783792,-0.3212304346783792,0.028922900106278848,2.028922900106279
2267,0.8,1.2,2.0,0.5432782087384065,0.5432782087384065,4.266942634182779,6.266942634182779
2268,0.8,1.2,2.0,0.6392405000101722,1.8392405000101721,1.9150120793045289,3.915012079304529
2269,0.8,1.2,2.0,-0.561505692411753,0.638494307588247,0.5334764790357345,2.5334764790357345
2270,0.8,1.2,2.0,2.7211553487182742,3.921155348718274,3.1681798318103898,5.16817983181039
2271,0.8,1.2,2.0,0.8585741878470121,0.8585741878470121,1.3641784327296733,3.3641784327296738
2272,0.8,1.2,2.0,0.11105363333180743,0.11105363333180743,1.9185225385394125,3.9185225385394125
2273,0.8,1.2,2.0,1.8802334632945628,1.8802334632945628,1.330646636729117,3.3306466367291163
2274,0.8,1.2,2.0,0.40730445434135637,1.6073044543413564,0.44611864100444887,2.446118641004449
2275,0.8,1.2,2.0,1.5454877035060757,2.7454877035060754,2.3235525931576895,4.3235525931576895
2276,0.8,1.2,2.0,-2.0868663554767037,-0.8868663554767036,-0.3485750231048712,1.651424976895129
2277,0.8,1.2,2.0,-0.33708055505910717,0.8629194449408929,0.032784799429058376,2.0327847994290584
2278,0.8,1.2,2.0,2.1149271659440716,2.1149271659440716,3.9083165549294843,5.908316554929484
2279,0.8,1.2,2.0,1.9062363826811577,3.106236382681158,2.8246575034635737,4.824657503463573
2280,0.8,1.2,2.0,-0.8685386799446918,-0.8685386799446918,1.0308910883663174,3.0308910883663174
2281,0.8,1.2,2.0,-0.01924741972556676,1.1807525802744334,-0.3569209602764336,1.6430790397235668
2282,0.8,1.2,2.0,1.071453107833561,2.271453107833561,2.8100874298650727,4.810087429865073
2283,0.8,1.2,2.0,0.2084482517696049,1.4084482517696046,1.2305374198185528,3.230537419818553
2284,0.8,1.2,2.0,0.31450968481041564,0.31450968481041564,2.294785613773697,4.294785613773697
2285,0.8,1.2,2.0,1.5139727656008084,2.7139727656008086,1.7864024867429267,3.7864024867429267
2286,0.8,1.2,2.0,0.064800592700343,1.2648005927003427,1.1617955121060848,3.161795512106085
2287,0.8,1.2,2.0,-1.2561792579593858,-1.2561792579593858,-0.21918830648786974,1.7808116935121303
2288,0.8,1.2,2.0,-0.11785530103905173,-0.11785530103905173,0.33519531735175523,2.3351953173517552
2289,0.8,1.2,2.0,0.8012574865080373,2.0012574865080373,0.7150457407529112,2.715045740752911
2290,0.8,1.2,2.0,-1.837524943826545,-1.837524943826545,-1.7340041692587946,0.2659958307412055
2291,0.8,1.2,2.0,0.33683803728635037,0.33683803728635037,1.5561014693371304,3.5561014693371304
2292,0.8,1.2,2.0,-0.5496522858130266,-0.5496522858130266,-0.0782683564968758,1.9217316435031242
2293,0.8,1.2,2.0,2.500749248826442,2.500749248826442,3.4112158471058533,5.411215847105853
2294,0.8,1.2,2.0,2.5371610998479426,2.5371610998479426,1.5660427487525517,3.566042748752552
2295,0.8,1.2,2.0,-0.2087137687856302,0.99128623121437,0.6536251997682652,2.6536251997682654
2296,0.8,1.2,2.0,1.0350813999032795,1.0350813999032795,3.244216526438527,5.244216526438527
2297,0.8,1.2,2.0,0.3113514990940668,1.5113514990940664,2.531035312458096,4.531035312458096
2298,0.8,1.2,2.0,-0.03431612292906472,-0.03431612292906472,0.7287615927940894,2.7287615927940894
2299,0.8,1.2,2.0,2.151249155035678,2.151249155035678,3.2934217647697563,5.2934217647697555
2300,0.8,1.2,2.0,-0.058524262264471494,-0.058524262264471494,0.05199153244938037,2.0519915324493803
2301,0.8,1.2,2.0,0.0668958927512538,1.266895892751254,2.593290146034899,4.593290146034899
2302,0.8,1.2,2.0,-0.7095354921567778,0.49046450784322226,2.180222864404407,4.180222864404406
2303,0.8,1.2,2.0,0.8173867259627404,0.8173867259627404,1.4296752555339656,3.4296752555339656
2304,0.8,1.2,2.0,-2.893676544640967,-2.893676544640967,0.6100693966758985,2.610069396675899
2305,0.8,1.2,2.0,0.1680100963783503,0.1680100963783503,0.5616993367829891,2.561699336782989
2306,0.8,1.2,2.0,0.3061473522127681,0.3061473522127681,-0.04357625695736722,1.9564237430426332
2307,0.8,1.2,2.0,0.41953702520781844,1.6195370252078187,1.0969895078195226,3.096989507819523
2308,0.8,1.2,2.0,1.3675582515459261,1.3675582515459261,2.150743149014108,4.150743149014108
2309,0.8,1.2,2.0,2.089336000525715,3.289336000525715,5.659608362765505,7.659608362765505
2310,0.8,1.2,2.0,-0.8336133890605244,0.36638661093947555,-0.062488433920490166,1.93751156607951
2311,0.8,1.2,2.0,2.8414088467387817,4.041408846738782,3.147034495913412,5.147034495913412
2312,0.8,1.2,2.0,-0.8394863581734469,0.3605136418265531,-0.6820969069641711,1.3179030930358289
2313,0.8,1.2,2.0,2.1992660712469103,2.1992660712469103,4.613045109670903,6.613045109670903
2314,0.8,1.2,2.0,0.6666095035754146,1.8666095035754144,2.675099121910931,4.675099121910931
2315,0.8,1.2,2.0,0.14513511531282108,0.14513511531282108,0.7588810705769677,2.758881070576968
2316,0.8,1.2,2.0,0.2005329504191769,1.4005329504191768,-0.6019845789279699,1.3980154210720306
2317,0.8,1.2,2.0,0.38000157190149053,1.5800015719014904,0.19375093556674217,2.193750935566742
2318,0.8,1.2,2.0,0.8299125575411849,0.8299125575411849,3.6321528588256635,5.632152858825663
2319,0.8,1.2,2.0,0.2501615224877791,1.4501615224877793,2.3858466562767857,4.385846656276787
2320,0.8,1.2,2.0,0.18494095969297705,0.18494095969297705,1.1963229468321936,3.1963229468321943
2321,0.8,1.2,2.0,-0.1448333550716202,-0.1448333550716202,2.8078927966500875,4.807892796650087
2322,0.8,1.2,2.0,-0.33771584181303993,0.86228415818696,2.872166221172365,4.872166221172365
2323,0.8,1.2,2.0,0.024764281825386925,0.024764281825386925,1.2168753360529443,3.216875336052944
2324,0.8,1.2,2.0,-0.6464597073796299,0.5535402926203701,0.3383118156325764,2.3383118156325766
2325,0.8,1.2,2.0,-0.6351715236377271,0.5648284763622728,-0.6938959463412763,1.3061040536587236
2326,0.8,1.2,2.0,1.0874857510629552,2.287485751062955,1.9062230273075134,3.9062230273075134
2327,0.8,1.2,2.0,-0.045131923408953514,-0.045131923408953514,-0.9753517509336853,1.024648249066315
2328,0.8,1.2,2.0,2.91532594594302,2.91532594594302,2.718927015947206,4.718927015947206
2329,0.8,1.2,2.0,-1.6596108523619388,-0.4596108523619389,-2.348374947029188,-0.34837494702918814
2330,0.8,1.2,2.0,1.269243172175785,1.269243172175785,3.5535149830696278,5.553514983069627
2331,0.8,1.2,2.0,0.23578689707003683,1.4357868970700367,-0.5060375534787367,1.4939624465212633
2332,0.8,1.2,2.0,0.8499181003819506,0.8499181003819506,3.4893789044280945,5.4893789044280945
2333,0.8,1.2,2.0,1.2946915195527589,1.2946915195527589,1.616464505181587,3.6164645051815865
2334,0.8,1.2,2.0,0.3249272178779804,1.5249272178779805,3.055556436669288,5.0555564366692884
2335,0.8,1.2,2.0,0.525189037009606,1.725189037009606,1.0618265289126985,3.0618265289126985
2336,0.8,1.2,2.0,-0.2186708286986555,0.9813291713013444,-0.7679253434725798,1.23207465652742
2337,0.8,1.2,2.0,1.9439107469641321,3.1439107469641323,4.781176823436054,6.781176823436054
2338,0.8,1.2,2.0,-1.1285183879119838,-1.1285183879119838,1.440252349195053,3.4402523491950525
2339,0.8,1.2,2.0,1.591676020408313,1.591676020408313,1.895524741313966,3.8955247413139658
2340,0.8,1.2,2.0,0.7300076232298965,0.7300076232298965,1.5671427349431173,3.5671427349431175
2341,0.8,1.2,2.0,0.456776605324569,1.656776605324569,0.8468730975340284,2.8468730975340284
2342,0.8,1.2,2.0,0.2104452986830503,0.2104452986830503,1.0519042696451824,3.051904269645183
2343,0.8,1.2,2.0,-0.2756246268909689,0.9243753731090312,0.4212522590148271,2.421252259014827
2344,0.8,1.2,2.0,1.7407279205786983,1.7407279205786983,2.3516276348620675,4.351627634862068
2345,0.8,1.2,2.0,3.977014376247463,5.177014376247463,3.3204701228559106,5.320470122855911
2346,0.8,1.2,2.0,1.4289307056158602,2.6289307056158604,1.654091311502823,3.6540913115028237
2347,0.8,1.2,2.0,-0.11823557103655535,1.0817644289634447,1.5500100024196204,3.5500100024196204
2348,0.8,1.2,2.0,0.9222509013845852,0.9222509013845852,1.5749974101882065,3.5749974101882063
2349,0.8,1.2,2.0,1.6239379416104232,2.8239379416104233,2.5969031644173435,4.596903164417343
2350,0.8,1.2,2.0,-0.2003236178252511,-0.2003236178252511,0.01879124022529688,2.0187912402252963
2351,0.8,1.2,2.0,-0.565337111027494,-0.565337111027494,-0.045080356096318774,1.9549196439036816
2352,0.8,1.2,2.0,0.6231994650195027,0.6231994650195027,3.156467834225657,5.156467834225657
2353,0.8,1.2,2.0,1.2965328269357967,1.2965328269357967,1.1493057196232634,3.1493057196232632
2354,0.8,1.2,2.0,-1.0525413828431773,0.14745861715682262,0.707792970347553,2.707792970347553
2355,0.8,1.2,2.0,-0.5764532418141013,-0.5764532418141013,0.23356506298295965,2.2335650629829598
2356,0.8,1.2,2.0,0.4167191153652362,0.4167191153652362,1.2242413827365246,3.2242413827365244
2357,0.8,1.2,2.0,0.5867479523740874,1.7867479523740872,0.8844078974284746,2.884407897428474
2358,0.8,1.2,2.0,2.013470697480639,3.2134706974806386,2.7264913826871506,4.72649138268715
2359,0.8,1.2,2.0,-0.5485880835487302,0.65141191645127,0.6875446499643879,2.6875446499643876
2360,0.8,1.2,2.0,3.323565678274166,4.523565678274165,4.117165876881443,6.117165876881442
2361,0.8,1.2,2.0,-0.5669928980698955,-0.5669928980698955,1.0784389029664432,3.078438902966443
2362,0.8,1.2,2.0,-1.828570796816424,-0.6285707968164238,-0.5707364993521284,1.4292635006478718
2363,0.8,1.2,2.0,0.3354077100177623,0.3354077100177623,3.4376613266477296,5.437661326647729
2364,0.8,1.2,2.0,-0.4903586394815955,-0.4903586394815955,0.8838982490570517,2.8838982490570517
2365,0.8,1.2,2.0,1.220815739277774,1.220815739277774,0.8149540193073723,2.814954019307372
2366,0.8,1.2,2.0,0.8703028821595081,2.0703028821595084,3.3293418037409714,5.329341803740972
2367,0.8,1.2,2.0,0.6400449364920828,0.6400449364920828,1.6600537272555664,3.6600537272555664
2368,0.8,1.2,2.0,-0.45874741886156634,0.7412525811384337,2.4756203529654295,4.47562035296543
2369,0.8,1.2,2.0,0.6676962632331537,0.6676962632331537,2.961980789507437,4.961980789507437
2370,0.8,1.2,2.0,0.4193352502478022,0.4193352502478022,1.0718494432128838,3.0718494432128836
2371,0.8,1.2,2.0,1.2734664914844556,1.2734664914844556,2.775237022508759,4.775237022508759
2372,0.8,1.2,2.0,0.24809684217760247,0.24809684217760247,0.6064544242336543,2.6064544242336547
2373,0.8,1.2,2.0,-0.4990808075671662,-0.4990808075671662,0.4806544290471431,2.480654429047143
2374,0.8,1.2,2.0,-0.7098369251065431,0.4901630748934569,1.2847303070719724,3.284730307071973
2375,0.8,1.2,2.0,0.22148137766372533,1.4214813776637252,2.2635421231182997,4.2635421231183
2376,0.8,1.2,2.0,-1.5009794629344073,-1.5009794629344073,-0.09362356176269049,1.9063764382373094
2377,0.8,1.2,2.0,-0.6986284597060375,0.5013715402939625,0.47725010173928406,2.477250101739284
2378,0.8,1.2,2.0,0.817750753215809,0.817750753215809,4.16137028267624,6.1613702826762395
2379,0.8,1.2,2.0,-1.2648807538320677,-1.2648807538320677,-0.6213749554716077,1.3786250445283925
2380,0.8,1.2,2.0,1.8861819680802752,1.8861819680802752,1.2616403962125526,3.2616403962125524
2381,0.8,1.2,2.0,0.5776051856502097,0.5776051856502097,0.10816509127733132,2.1081650912773315
2382,0.8,1.2,2.0,0.6932595435104499,0.6932595435104499,3.3253353899897338,5.325335389989734
2383,0.8,1.2,2.0,-0.9946254040563982,0.20537459594360175,-0.3778512995737442,1.6221487004262558
2384,0.8,1.2,2.0,1.10926802885663,1.10926802885663,2.16492268191985,4.16492268191985
2385,0.8,1.2,2.0,0.7023064403378191,1.9023064403378191,1.2965901430369586,3.2965901430369584
2386,0.8,1.2,2.0,-0.37032207534411243,-0.37032207534411243,0.054158490287823935,2.0541584902878243
2387,0.8,1.2,2.0,0.21718268387059741,1.4171826838705974,0.10832548106730822,2.1083254810673084
2388,0.8,1.2,2.0,-0.9822188524623594,0.21778114753764055,0.6226430295190766,2.6226430295190766
2389,0.8,1.2,2.0,-0.798398742416677,-0.798398742416677,0.3288402661345302,2.3288402661345304
2390,0.8,1.2,2.0,-0.6336846475939802,-0.6336846475939802,0.7923216886808198,2.79232168868082
2391,0.8,1.2,2.0,0.2612735880688542,1.461273588068854,1.2085428536924308,3.208542853692431
2392,0.8,1.2,2.0,0.7085326022035132,1.9085326022035134,1.4238478179103802,3.4238478179103806
2393,0.8,1.2,2.0,1.0510129011298464,2.251012901129846,0.2603046995431213,2.2603046995431213
2394,0.8,1.2,2.0,-0.327350069114127,-0.327350069114127,-0.8113898097438514,1.1886101902561488
2395,0.8,1.2,2.0,0.8084286930586939,2.008428693058694,4.657587519805328,6.657587519805328
2396,0.8,1.2,2.0,0.0381776618746293,0.0381776618746293,2.284383249144546,4.284383249144546
2397,0.8,1.2,2.0,-0.5756181998648356,-0.5756181998648356,1.6761823636104405,3.6761823636104403
2398,0.8,1.2,2.0,0.830318403784741,2.030318403784741,1.1190520855123935,3.1190520855123935
2399,0.8,1.2,2.0,0.240725666638833,1.440725666638833,1.1213937503246634,3.1213937503246636
2400,0.8,1.2,2.0,0.04749178931914644,1.2474917893191466,0.3498696525790057,2.349869652579006
2401,0.8,1.2,2.0,0.4081782736064415,1.6081782736064414,0.006882302748784097,2.0068823027487843
2402,0.8,1.2,2.0,0.6645268755641547,0.6645268755641547,1.2717915295228184,3.2717915295228184
2403,0.8,1.2,2.0,0.43066388117554133,1.6306638811755412,2.813083477733816,4.813083477733816
2404,0.8,1.2,2.0,-0.12186031188969182,-0.12186031188969182,1.5793736137150163,3.579373613715016
2405,0.8,1.2,2.0,-1.0647305040433235,-1.0647305040433235,-1.2079664824318022,0.7920335175681977
2406,0.8,1.2,2.0,0.0805165261806407,0.0805165261806407,0.43620121621367763,2.4362012162136772
2407,0.8,1.2,2.0,-0.2154944203613678,0.9845055796386321,1.5917753871485778,3.5917753871485774
2408,0.8,1.2,2.0,-0.6267051318194752,-0.6267051318194752,-0.26859403645708413,1.7314059635429162
2409,0.8,1.2,2.0,-0.4523585025216613,-0.4523585025216613,0.15278863669836612,2.152788636698366
2410,0.8,1.2,2.0,1.0733120823413582,2.2733120823413584,2.3680165548522902,4.36801655485229
2411,0.8,1.2,2.0,0.4153032989144956,1.6153032989144955,1.6260270449076362,3.626027044907636
2412,0.8,1.2,2.0,0.44156106929360917,1.641561069293609,2.010842015418027,4.010842015418027
2413,0.8,1.2,2.0,-0.5821796414358503,0.6178203585641496,-0.5764325375970224,1.4235674624029777
2414,0.8,1.2,2.0,0.7034080222685519,0.7034080222685519,0.8641632748029259,2.8641632748029258
2415,0.8,1.2,2.0,-1.5637448765155302,-0.36374487651553045,-1.4754007994150156,0.5245992005849844
2416,0.8,1.2,2.0,1.7043939364386693,2.9043939364386695,1.4144099744291896,3.41440997442919
2417,0.8,1.2,2.0,-1.5975106565480315,-0.3975106565480315,-0.8612559859833887,1.1387440140166114
2418,0.8,1.2,2.0,-1.1050336551656539,0.0949663448343463,0.5848087948597555,2.5848087948597556
2419,0.8,1.2,2.0,0.17060478770276832,0.17060478770276832,-0.08643052714051591,1.913569472859484
2420,0.8,1.2,2.0,1.971994203847252,1.971994203847252,2.779547488582447,4.7795474885824465
2421,0.8,1.2,2.0,1.6190612546625998,2.8190612546626,3.0314537311448837,5.031453731144883
2422,0.8,1.2,2.0,1.122267735541922,1.122267735541922,0.22938728655043383,2.229387286550434
2423,0.8,1.2,2.0,1.3215095481341876,1.3215095481341876,2.360906561223794,4.3609065612237945
2424,0.8,1.2,2.0,-1.4929959944624964,-1.4929959944624964,1.0660681883625291,3.0660681883625287
2425,0.8,1.2,2.0,0.6870392004012452,1.8870392004012453,2.259167576505649,4.25916757650565
2426,0.8,1.2,2.0,0.29091526320923233,1.4909152632092324,-0.3527840313402535,1.6472159686597465
2427,0.8,1.2,2.0,0.31539608636072214,1.5153960863607219,2.395112495427962,4.395112495427962
2428,0.8,1.2,2.0,0.48174854803016554,1.6817485480301655,0.6186420591721742,2.618642059172174
2429,0.8,1.2,2.0,0.023838973433273403,1.2238389734332733,1.7117785587793475,3.711778558779347
2430,0.8,1.2,2.0,1.9159161123717032,3.115916112371703,2.590245390039498,4.590245390039498
2431,0.8,1.2,2.0,-1.892614550170096,-1.892614550170096,-1.2500868496203466,0.7499131503796533
2432,0.8,1.2,2.0,0.8832857435121285,2.0832857435121284,1.5512591890599436,3.5512591890599428
2433,0.8,1.2,2.0,-0.6845918832224209,-0.6845918832224209,0.114902733043833,2.1149027330438335
2434,0.8,1.2,2.0,0.12110588121525351,0.12110588121525351,0.5743201807248731,2.5743201807248735
2435,0.8,1.2,2.0,0.7318407052591592,0.7318407052591592,1.4597786542246265,3.459778654224627
2436,0.8,1.2,2.0,-0.9047113428204357,0.2952886571795641,-1.271918671271359,0.7280813287286407
2437,0.8,1.2,2.0,0.36930156101498235,1.5693015610149823,1.6633407708973187,3.6633407708973187
2438,0.8,1.2,2.0,0.3705861040668619,1.5705861040668618,1.6011541855615379,3.601154185561538
2439,0.8,1.2,2.0,0.138074933271916,1.338074933271916,-0.2793493751996987,1.7206506248003015
2440,0.8,1.2,2.0,-0.009493346967470673,1.1905066530325292,1.957476072596756,3.9574760725967555
2441,0.8,1.2,2.0,0.3664820564330388,0.3664820564330388,1.2042167285251857,3.2042167285251857
2442,0.8,1.2,2.0,-0.09648429267589809,1.1035157073241018,1.1795129168182212,3.1795129168182212
2443,0.8,1.2,2.0,0.21560884342172346,1.4156088434217236,1.785846760848317,3.785846760848317
2444,0.8,1.2,2.0,0.44373113085780114,1.643731130857801,1.9199118749003699,3.91991187490037
2445,0.8,1.2,2.0,0.13452039205096322,0.13452039205096322,2.463592169923812,4.463592169923812
2446,0.8,1.2,2.0,2.8709301235281064,2.8709301235281064,4.098359861072777,6.098359861072777
2447,0.8,1.2,2.0,0.8024086653937463,2.0024086653937463,2.7616172135088695,4.761617213508869
2448,0.8,1.2,2.0,-0.020136773123392737,-0.020136773123392737,1.0111714843503026,3.0111714843503026
2449,0.8,1.2,2.0,0.8765501922968324,0.8765501922968324,2.5379767911182727,4.537976791118273
2450,0.8,1.2,2.0,-0.2810888860998666,-0.2810888860998666,1.2863611204804652,3.286361120480465
2451,0.8,1.2,2.0,-0.09729775279159691,-0.09729775279159691,2.0364151418425864,4.036415141842586
2452,0.8,1.2,2.0,0.05897374648273773,0.05897374648273773,1.6997535846560217,3.6997535846560217
2453,0.8,1.2,2.0,-0.5844546584444705,0.6155453415555294,0.08082602888929125,2.080826028889291
2454,0.8,1.2,2.0,0.6390787757740195,1.8390787757740195,0.8322948836272395,2.8322948836272395
2455,0.8,1.2,2.0,-0.12877289901733036,1.0712271009826697,0.7393661557848339,2.739366155784834
2456,0.8,1.2,2.0,0.17141116276312657,0.17141116276312657,0.42922827515756634,2.4292282751575662
2457,0.8,1.2,2.0,0.2300617463233222,0.2300617463233222,0.37705728196142685,2.3770572819614264
2458,0.8,1.2,2.0,3.277711005789237,3.277711005789237,2.0287388132552877,4.028738813255287
2459,0.8,1.2,2.0,-0.7153304887832144,-0.7153304887832144,-1.633070139018059,0.36692986098194114
2460,0.8,1.2,2.0,-2.1436561941412906,-2.1436561941412906,0.4584306734665915,2.4584306734665913
2461,0.8,1.2,2.0,-1.4777558909706756,-0.27775589097067566,-1.3861387539416794,0.6138612460583206
2462,0.8,1.2,2.0,0.8653523072354536,2.0653523072354534,3.506179063416611,5.506179063416611
2463,0.8,1.2,2.0,1.790069464097157,2.9900694640971572,3.162301913528755,5.162301913528754
2464,0.8,1.2,2.0,-0.5384612374521351,-0.5384612374521351,0.17400471019223887,2.174004710192239
2465,0.8,1.2,2.0,1.5681231816891026,1.5681231816891026,0.9269670729036283,2.9269670729036283
2466,0.8,1.2,2.0,1.0093642343479292,1.0093642343479292,1.859215952927568,3.8592159529275682
2467,0.8,1.2,2.0,0.17836751075951304,0.17836751075951304,2.982449705558144,4.982449705558144
2468,0.8,1.2,2.0,0.6363050156864012,1.8363050156864014,3.4584426260077645,5.4584426260077645
2469,0.8,1.2,2.0,0.8794545032448082,0.8794545032448082,2.2860826738284907,4.286082673828491
2470,0.8,1.2,2.0,1.382294646736442,2.5822946467364423,1.2368521638866272,3.236852163886627
2471,0.8,1.2,2.0,0.7589866814207707,1.9589866814207706,0.7096160800554506,2.7096160800554507
2472,0.8,1.2,2.0,-0.30677809878560214,-0.30677809878560214,-0.24601647350266664,1.7539835264973331
2473,0.8,1.2,2.0,0.4241168939592741,0.4241168939592741,2.7678211153123646,4.767821115312365
2474,0.8,1.2,2.0,2.6565141767276113,2.6565141767276113,5.405068427506828,7.405068427506828
2475,0.8,1.2,2.0,0.4789285454660119,0.4789285454660119,1.4932978792134772,3.4932978792134772
2476,0.8,1.2,2.0,1.3802696535668848,2.5802696535668845,2.0844853691665777,4.084485369166577
2477,0.8,1.2,2.0,0.43039911665032426,1.6303991166503242,2.5727856995787026,4.572785699578702
2478,0.8,1.2,2.0,0.8368718792488818,2.036871879248882,0.9006410952180465,2.9006410952180466
2479,0.8,1.2,2.0,0.8373436726026747,2.037343672602675,2.0415968485947777,4.041596848594778
2480,0.8,1.2,2.0,1.3133700372607167,1.3133700372607167,2.720322311430672,4.720322311430673
2481,0.8,1.2,2.0,1.763600334152715,1.763600334152715,2.264105126204337,4.264105126204337
2482,0.8,1.2,2.0,0.4995219437807335,0.4995219437807335,0.687360032902216,2.687360032902216
2483,0.8,1.2,2.0,-0.1285304009569097,-0.1285304009569097,0.20122010291613945,2.201220102916139
2484,0.8,1.2,2.0,0.8748113815486853,2.074811381548685,3.2843732882035797,5.28437328820358
2485,0.8,1.2,2.0,0.4029027632988941,0.4029027632988941,3.2972105068673,5.297210506867301
2486,0.8,1.2,2.0,0.15744743825349983,0.15744743825349983,1.2493755348891111,3.249375534889111
2487,0.8,1.2,2.0,3.210907483968909,3.210907483968909,3.964109902928016,5.964109902928016
2488,0.8,1.2,2.0,-0.7846636846687176,-0.7846636846687176,-0.21491301096927384,1.7850869890307264
2489,0.8,1.2,2.0,1.871833729939906,3.071833729939906,3.149127290645184,5.149127290645184
2490,0.8,1.2,2.0,-0.36334601760507784,-0.36334601760507784,0.08598218205730113,2.085982182057301
2491,0.8,1.2,2.0,0.875790310994886,0.875790310994886,1.9418232830739919,3.941823283073992
2492,0.8,1.2,2.0,2.85805743521015,2.85805743521015,4.130936868960717,6.130936868960717
2493,0.8,1.2,2.0,-0.23258235900619295,0.967417640993807,0.5152957887486855,2.515295788748685
2494,0.8,1.2,2.0,-0.4524701119753608,0.7475298880246392,0.20554352064514364,2.2055435206451435
2495,0.8,1.2,2.0,0.8096842436748393,2.0096842436748394,1.8423617458201609,3.8423617458201607
2496,0.8,1.2,2.0,0.31597530558661013,0.31597530558661013,1.4405400463391191,3.440540046339119
2497,0.8,1.2,2.0,1.3474311845488836,1.3474311845488836,1.8815665299383943,3.881566529938394
2498,0.8,1.2,2.0,-0.6922924833055176,0.5077075166944824,0.6313954214698067,2.631395421469807
2499,0.8,1.2,2.0,0.98958776017589,0.98958776017589,0.10923714455048295,2.1092371445504825
2500,0.8,1.2,2.0,-0.4596265915132782,-0.4596265915132782,2.3610282943458456,4.361028294345846
2501,0.8,1.2,2.0,-1.140908466046652,0.059091533953347986,0.10523635456139412,2.105236354561394
2502,0.8,1.2,2.0,0.34568910064945935,0.34568910064945935,2.00548939637098,4.00548939637098
2503,0.8,1.2,2.0,-0.7659073312511433,-0.7659073312511433,1.1609041230887,3.1609041230887
2504,0.8,1.2,2.0,2.1636049445399768,3.363604944539977,2.5524364723590898,4.55243647235909
2505,0.8,1.2,2.0,-0.6644859342596571,-0.6644859342596571,-0.3352994529486715,1.664700547051328
2506,0.8,1.2,2.0,-0.2618595846766022,-0.2618595846766022,-0.11024413400103217,1.8897558659989682
2507,0.8,1.2,2.0,1.370130021295698,1.370130021295698,2.4274020820145013,4.427402082014502
2508,0.8,1.2,2.0,0.02127487510987014,1.22127487510987,1.7922387834421498,3.7922387834421496
2509,0.8,1.2,2.0,-0.7468101494194175,-0.7468101494194175,-0.14952029434145064,1.8504797056585494
2510,0.8,1.2,2.0,2.447826038146224,2.447826038146224,3.994332263707372,5.9943322637073715
2511,0.8,1.2,2.0,-0.6820720466272757,0.5179279533727241,-2.170285427800276,-0.17028542780027633
2512,0.8,1.2,2.0,0.8157724846291426,2.0157724846291427,1.7715588107376876,3.7715588107376883
2513,0.8,1.2,2.0,0.35566888279077613,1.555668882790776,2.566047185666876,4.566047185666877
2514,0.8,1.2,2.0,1.4517733217252915,1.4517733217252915,2.4417781458648316,4.4417781458648316
2515,0.8,1.2,2.0,0.999474464994476,0.999474464994476,1.1950788317105876,3.1950788317105876
2516,0.8,1.2,2.0,-0.5027557330069949,0.6972442669930049,-0.27690208532858485,1.7230979146714147
2517,0.8,1.2,2.0,0.17746765033141365,1.3774676503314136,-1.8483583342203198,0.15164166577967997
2518,0.8,1.2,2.0,0.7038757717884986,0.7038757717884986,0.9792726049301206,2.97927260493012
2519,0.8,1.2,2.0,1.4155315204823893,2.615531520482389,3.583820907850856,5.583820907850856
2520,0.8,1.2,2.0,-1.181763862777739,-1.181763862777739,-1.1066612616200624,0.8933387383799377
2521,0.8,1.2,2.0,2.4535372197829357,3.6535372197829354,2.945943966466479,4.945943966466479
2522,0.8,1.2,2.0,0.2755047503519693,1.4755047503519694,-0.6998486781434963,1.3001513218565042
2523,0.8,1.2,2.0,0.42711154468841994,0.42711154468841994,-0.2464856207941335,1.7535143792058665
2524,0.8,1.2,2.0,-1.200133047213496,-0.0001330472134959404,0.6298203930394206,2.6298203930394206
2525,0.8,1.2,2.0,-0.23024434601385368,0.969755653986146,1.765659511732216,3.765659511732216
2526,0.8,1.2,2.0,-0.16971065613378622,-0.16971065613378622,-0.330671185610659,1.669328814389341
2527,0.8,1.2,2.0,-0.4915270753080952,-0.4915270753080952,-0.13610203864387543,1.8638979613561244
2528,0.8,1.2,2.0,-0.0256823449794511,1.174317655020549,0.870861764805352,2.870861764805352
2529,0.8,1.2,2.0,-0.15425944982622009,-0.15425944982622009,-0.13391679602462903,1.8660832039753708
2530,0.8,1.2,2.0,1.032957401226352,1.032957401226352,-0.07958316233248719,1.9204168376675126
2531,0.8,1.2,2.0,0.061493032036421535,0.061493032036421535,1.1319339295001836,3.1319339295001836
2532,0.8,1.2,2.0,-0.23115690773463848,0.9688430922653616,1.4498907115834536,3.4498907115834534
2533,0.8,1.2,2.0,0.18043571352893628,0.18043571352893628,1.8212294183563604,3.8212294183563604
2534,0.8,1.2,2.0,1.536493320296973,2.7364933202969732,3.4408336669062383,5.440833666906238
2535,0.8,1.2,2.0,0.6623857625961458,0.6623857625961458,0.07383489347348648,2.0738348934734865
2536,0.8,1.2,2.0,0.7140025061753099,0.7140025061753099,1.981032440044102,3.981032440044102
2537,0.8,1.2,2.0,-1.1926476195992293,0.007352380400770686,-0.6341675502487177,1.3658324497512822
2538,0.8,1.2,2.0,-1.1292859979127723,-1.1292859979127723,-0.5408917087760066,1.4591082912239934
2539,0.8,1.2,2.0,-0.5940779031718812,-0.5940779031718812,0.3170284877724764,2.3170284877724763
2540,0.8,1.2,2.0,1.996222722092491,1.996222722092491,2.462022207098405,4.462022207098405
2541,0.8,1.2,2.0,1.1746354688851777,2.3746354688851774,-0.7471067548280739,1.2528932451719261
2542,0.8,1.2,2.0,-0.23930199803878238,-0.23930199803878238,2.004072696455499,4.0040726964554985
2543,0.8,1.2,2.0,-0.16053375732691977,-0.16053375732691977,1.1053483324806597,3.1053483324806597
2544,0.8,1.2,2.0,-0.08904536492167636,-0.08904536492167636,-0.4158386115810788,1.584161388418921
2545,0.8,1.2,2.0,-0.39952865440707086,-0.39952865440707086,1.064491373234776,3.064491373234776
2546,0.8,1.2,2.0,0.814166962971627,0.814166962971627,1.2694394438071215,3.2694394438071215
2547,0.8,1.2,2.0,0.11889638553906684,1.318896385539067,0.6375458066702567,2.637545806670257
2548,0.8,1.2,2.0,3.187359653930213,3.187359653930213,3.823072992196346,5.823072992196346
2549,0.8,1.2,2.0,1.2298669999033685,1.2298669999033685,2.4198022561465464,4.419802256146546
2550,0.8,1.2,2.0,1.959416771755462,3.159416771755462,2.2595508210984234,4.259550821098423
2551,0.8,1.2,2.0,0.667623846661011,1.8676238466610111,0.23496707504566716,2.2349670750456676
2552,0.8,1.2,2.0,0.04487092799591896,0.04487092799591896,2.15496907093732,4.1549690709373195
2553,0.8,1.2,2.0,0.9677026389833278,0.9677026389833278,1.702095732185765,3.7020957321857653
2554,0.8,1.2,2.0,-0.47434118353262134,-0.47434118353262134,-0.03883323286080484,1.9611667671391955
2555,0.8,1.2,2.0,2.2469873278584913,3.4469873278584915,4.01725896622191,6.01725896622191
2556,0.8,1.2,2.0,0.7902679643922619,0.7902679643922619,1.0466736511076462,3.046673651107646
2557,0.8,1.2,2.0,0.13259845583464197,0.13259845583464197,0.24460401467550774,2.2446040146755077
2558,0.8,1.2,2.0,0.8789430896617847,0.8789430896617847,2.3525719775394704,4.35257197753947
2559,0.8,1.2,2.0,2.670768280757539,2.670768280757539,2.41639191389156,4.416391913891559
2560,0.8,1.2,2.0,-0.48671303114781406,-0.48671303114781406,1.0324108840797148,3.032410884079715
2561,0.8,1.2,2.0,2.4459747598641677,2.4459747598641677,2.7620545888130943,4.762054588813094
2562,0.8,1.2,2.0,0.327663634118997,1.527663634118997,2.1923478542895687,4.192347854289569
2563,0.8,1.2,2.0,-0.5077019895469121,0.692298010453088,1.3045926614821561,3.3045926614821566
2564,0.8,1.2,2.0,0.2525053439589735,1.4525053439589732,2.0035304180020233,4.003530418002024
2565,0.8,1.2,2.0,-0.8107366518608954,0.3892633481391048,-1.1909815598403275,0.8090184401596725
2566,0.8,1.2,2.0,0.8711954649166997,0.8711954649166997,1.5794925492969196,3.57949254929692
2567,0.8,1.2,2.0,-0.47788949438204287,0.7221105056179571,-0.6148870841533358,1.385112915846664
2568,0.8,1.2,2.0,0.8005225094921288,2.0005225094921286,1.8515618353733885,3.851561835373388
2569,0.8,1.2,2.0,1.0913319394906789,2.2913319394906786,-0.5858711311825058,1.4141288688174938
2570,0.8,1.2,2.0,-0.031208730679904595,1.1687912693200955,-0.4781688671309925,1.5218311328690077
2571,0.8,1.2,2.0,0.9137938547694244,0.9137938547694244,3.5574258288054894,5.557425828805489
2572,0.8,1.2,2.0,-0.6113857601757783,-0.6113857601757783,0.8856546489909405,2.8856546489909403
2573,0.8,1.2,2.0,0.5536668154813291,0.5536668154813291,1.4945335842900134,3.494533584290014
2574,0.8,1.2,2.0,3.128898044311984,3.128898044311984,3.2567376676515027,5.256737667651502
2575,0.8,1.2,2.0,1.2559676669152953,1.2559676669152953,1.1570700845314381,3.157070084531438
2576,0.8,1.2,2.0,0.34965099813068773,0.34965099813068773,1.6260610312354087,3.6260610312354085
2577,0.8,1.2,2.0,-0.35643603057704487,-0.35643603057704487,0.1367663302337226,2.1367663302337228
2578,0.8,1.2,2.0,0.16823404817325002,1.36823404817325,2.522126194043649,4.522126194043649
2579,0.8,1.2,2.0,1.0099421193444493,2.2099421193444493,2.078439310767973,4.078439310767973
2580,0.8,1.2,2.0,0.49263299571419766,1.6926329957141975,1.8258219565320348,3.825821956532035
2581,0.8,1.2,2.0,0.7327273010949241,0.7327273010949241,0.14600256992208305,2.146002569922082
2582,0.8,1.2,2.0,-0.1630478486942496,1.0369521513057505,0.6698526870393835,2.6698526870393837
2583,0.8,1.2,2.0,-0.4844756676660744,0.7155243323339255,0.6751237422807075,2.6751237422807077
2584,0.8,1.2,2.0,0.9721380293973338,2.172138029397334,1.6673140330822334,3.6673140330822327
2585,0.8,1.2,2.0,-0.5305761617338788,0.6694238382661213,0.07583903257890157,2.0758390325789016
2586,0.8,1.2,2.0,1.5273223932998352,1.5273223932998352,3.053102112540022,5.053102112540022
2587,0.8,1.2,2.0,0.5105348481620232,0.5105348481620232,3.0419017700956505,5.0419017700956505
2588,0.8,1.2,2.0,-0.9048606201266327,0.29513937987336747,0.5221411492415818,2.5221411492415817
2589,0.8,1.2,2.0,0.7023229774889241,1.902322977488924,2.9083918289140467,4.908391828914047
2590,0.8,1.2,2.0,-0.9978913428481349,-0.9978913428481349,0.7485478891645538,2.748547889164554
2591,0.8,1.2,2.0,0.9433832321944874,0.9433832321944874,2.8610840885548887,4.861084088554889
2592,0.8,1.2,2.0,0.898883373960854,0.898883373960854,1.7208952527551833,3.7208952527551835
2593,0.8,1.2,2.0,2.4920316934683093,2.4920316934683093,3.379069183124901,5.3790691831249005
2594,0.8,1.2,2.0,1.7852120719761366,2.985212071976137,2.725037986280492,4.725037986280492
2595,0.8,1.2,2.0,-1.043148249595287,0.1568517504047129,0.18149182472638048,2.1814918247263804
2596,0.8,1.2,2.0,-1.7675504707651477,-1.7675504707651477,-0.13967805316910376,1.8603219468308962
2597,0.8,1.2,2.0,0.1162638495842453,0.1162638495842453,1.4888967782798825,3.4888967782798828
2598,0.8,1.2,2.0,-0.6351912673425897,-0.6351912673425897,1.2988935336917953,3.2988935336917953
2599,0.8,1.2,2.0,1.7516041664284163,1.7516041664284163,1.8055167424812582,3.805516742481258
2600,0.8,1.2,2.0,0.8011723194149943,2.001172319414994,2.8942078581108834,4.8942078581108825
2601,0.8,1.2,2.0,1.2702839628773497,2.4702839628773496,3.1773368441926726,5.177336844192673
2602,0.8,1.2,2.0,0.6383641832124277,1.8383641832124276,2.598123926312433,4.598123926312433
2603,0.8,1.2,2.0,0.2939818081382445,0.2939818081382445,1.4105844558987175,3.410584455898718
2604,0.8,1.2,2.0,0.5287849832972508,1.7287849832972506,2.2830496529063233,4.283049652906323
2605,0.8,1.2,2.0,1.9602256921699408,3.160225692169941,2.302012142649781,4.302012142649781
2606,0.8,1.2,2.0,0.5423768644181999,0.5423768644181999,1.561240534607476,3.5612405346074762
2607,0.8,1.2,2.0,-0.8551878858268469,0.34481211417315305,0.2467532294314876,2.2467532294314876
2608,0.8,1.2,2.0,2.063564611966985,3.263564611966985,1.6947492647358784,3.694749264735879
2609,0.8,1.2,2.0,0.45533634090005354,1.6553363409000534,2.0953551537638186,4.095355153763819
2610,0.8,1.2,2.0,-0.35478329966069566,-0.35478329966069566,-0.869777475865209,1.1302225241347907
2611,0.8,1.2,2.0,-2.8299156822157636,-2.8299156822157636,-2.591440900103014,-0.5914409001030142
2612,0.8,1.2,2.0,1.381515869274475,1.381515869274475,2.586021013959532,4.586021013959532
2613,0.8,1.2,2.0,0.4201191458917822,0.4201191458917822,0.5687870987455748,2.5687870987455748
2614,0.8,1.2,2.0,0.4822578527258172,0.4822578527258172,1.4863666887620788,3.4863666887620783
2615,0.8,1.2,2.0,-0.4598677916928678,0.7401322083071322,0.235327118355319,2.235327118355319
2616,0.8,1.2,2.0,-0.2789116344383774,-0.2789116344383774,-0.2348891366676148,1.7651108633323855
2617,0.8,1.2,2.0,0.12814938418022498,0.12814938418022498,1.694610383678326,3.694610383678326
2618,0.8,1.2,2.0,1.242274228414147,2.442274228414147,1.6641932966324942,3.664193296632494
2619,0.8,1.2,2.0,0.907748723162959,2.107748723162959,4.041477064650726,6.041477064650726
2620,0.8,1.2,2.0,0.7661812476951506,0.7661812476951506,1.9881776484110452,3.988177648411045
2621,0.8,1.2,2.0,1.2435706870628187,2.443570687062819,0.935365337236826,2.9353653372368265
2622,0.8,1.2,2.0,0.21609827850696994,0.21609827850696994,0.09513815197616304,2.095138151976163
2623,0.8,1.2,2.0,0.45698084744568523,0.45698084744568523,2.912032822523547,4.912032822523548
2624,0.8,1.2,2.0,0.7618536206165394,1.9618536206165396,1.3949940013708688,3.3949940013708693
2625,0.8,1.2,2.0,-1.024993837197333,-1.024993837197333,-1.4991625908296167,0.5008374091703831
2626,0.8,1.2,2.0,0.6861783697250705,0.6861783697250705,2.508864490616719,4.508864490616719
2627,0.8,1.2,2.0,-0.6362600322637538,-0.6362600322637538,0.2187807954665753,2.2187807954665755
2628,0.8,1.2,2.0,-0.08786611409605971,1.1121338859039402,1.8587939609484279,3.858793960948428
2629,0.8,1.2,2.0,-1.7637293604977011,-1.7637293604977011,0.00847802930437469,2.0084780293043747
2630,0.8,1.2,2.0,0.31215290430476683,1.5121529043047668,1.5781296810974899,3.57812968109749
2631,0.8,1.2,2.0,2.136680750609366,2.136680750609366,5.550619511828214,7.550619511828213
2632,0.8,1.2,2.0,0.08705130576358563,1.2870513057635857,-0.8349392092729577,1.1650607907270423
2633,0.8,1.2,2.0,1.126879863638129,1.126879863638129,1.2977927778363214,3.2977927778363214
2634,0.8,1.2,2.0,2.853910755447899,2.853910755447899,3.5990253229342817,5.599025322934281
2635,0.8,1.2,2.0,1.2461186918011165,2.4461186918011166,4.735334116196585,6.7353341161965865
2636,0.8,1.2,2.0,0.097015463905338,1.2970154639053382,3.13650293966979,5.136502939669791
2637,0.8,1.2,2.0,-0.22633142224353964,-0.22633142224353964,1.996517565478575,3.996517565478575
2638,0.8,1.2,2.0,0.4364722650647628,0.4364722650647628,0.5995576955466901,2.5995576955466904
2639,0.8,1.2,2.0,0.06639304535576629,0.06639304535576629,0.5217367659964638,2.5217367659964633
2640,0.8,1.2,2.0,-0.23364353449153535,-0.23364353449153535,-0.17924125941739177,1.8207587405826082
2641,0.8,1.2,2.0,1.6618459547807105,2.8618459547807107,1.9961470970874284,3.996147097087429
2642,0.8,1.2,2.0,1.4997843345614479,1.4997843345614479,3.9749076443635794,5.974907644363579
2643,0.8,1.2,2.0,-1.43771205537025,-0.23771205537025009,-0.8753588943138179,1.124641105686182
2644,0.8,1.2,2.0,-0.6052205317641136,-0.6052205317641136,0.09191396101601468,2.0919139610160142
2645,0.8,1.2,2.0,0.470113221895938,0.470113221895938,2.53391174802559,4.533911748025591
2646,0.8,1.2,2.0,1.0521625024222625,1.0521625024222625,0.3573502325596283,2.357350232559628
2647,0.8,1.2,2.0,2.1351818166751495,2.1351818166751495,3.5158984567239506,5.515898456723951
2648,0.8,1.2,2.0,3.047877056059411,3.047877056059411,2.8482780752435084,4.848278075243508
2649,0.8,1.2,2.0,0.12168826405678657,1.3216882640567866,0.8855143837247668,2.8855143837247668
2650,0.8,1.2,2.0,0.8020743025634436,0.8020743025634436,1.6941889532078793,3.6941889532078798
2651,0.8,1.2,2.0,0.7713539922387305,1.9713539922387304,0.9218958972748177,2.9218958972748177
2652,0.8,1.2,2.0,-0.7515610689247922,-0.7515610689247922,0.0944578378016172,2.094457837801617
2653,0.8,1.2,2.0,0.7450151778956529,0.7450151778956529,2.223546606545611,4.223546606545611
2654,0.8,1.2,2.0,-0.1630808404014678,-0.1630808404014678,0.4517367492859323,2.4517367492859323
2655,0.8,1.2,2.0,-2.127865831136049,-2.127865831136049,-0.7613227609661396,1.2386772390338603
2656,0.8,1.2,2.0,0.4474577670160702,1.6474577670160702,0.4616595840722041,2.461659584072204
2657,0.8,1.2,2.0,0.3980878749838045,1.5980878749838046,2.1333063002142953,4.133306300214295
2658,0.8,1.2,2.0,1.4860701881011769,2.686070188101177,2.089763924506423,4.089763924506422
2659,0.8,1.2,2.0,0.451508381171363,1.6515083811713631,0.9318568014568047,2.931856801456805
2660,0.8,1.2,2.0,-0.6198028803472121,-0.6198028803472121,-0.3245986267388866,1.6754013732611137
2661,0.8,1.2,2.0,-0.06059153886180191,-0.06059153886180191,0.496349223416664,2.4963492234166638
2662,0.8,1.2,2.0,-1.8011080520303948,-0.6011080520303949,0.9295143988863499,2.92951439888635
2663,0.8,1.2,2.0,-0.8151326852792021,-0.8151326852792021,0.05207697789850187,2.052076977898502
2664,0.8,1.2,2.0,0.7068613378851142,0.7068613378851142,0.2766947148964194,2.27669471489642
2665,0.8,1.2,2.0,0.12589126520671282,1.325891265206713,1.9601981354320097,3.9601981354320097
2666,0.8,1.2,2.0,1.4581472014689363,2.6581472014689362,2.009978073657762,4.009978073657763
2667,0.8,1.2,2.0,-1.5867569333545763,-0.3867569333545764,-0.3829077173197915,1.6170922826802083
2668,0.8,1.2,2.0,0.17612565479672965,0.17612565479672965,0.5161898057838067,2.5161898057838066
2669,0.8,1.2,2.0,0.01851700034023901,1.218517000340239,2.2953099823020917,4.295309982302092
2670,0.8,1.2,2.0,1.2591255438835118,1.2591255438835118,1.5372170947510848,3.5372170947510853
2671,0.8,1.2,2.0,1.3800815379266858,1.3800815379266858,3.9161520296775976,5.916152029677598
2672,0.8,1.2,2.0,1.5730455875288305,1.5730455875288305,1.8109806279603993,3.810980627960399
2673,0.8,1.2,2.0,1.9020959204254668,3.102095920425467,2.516313456270897,4.516313456270898
2674,0.8,1.2,2.0,0.27747236015674587,1.4774723601567457,2.774507792359069,4.774507792359069
2675,0.8,1.2,2.0,1.763195688670325,2.963195688670325,2.8834464823647346,4.883446482364734
2676,0.8,1.2,2.0,-0.4345599473681846,-0.4345599473681846,2.910003463445149,4.910003463445149
2677,0.8,1.2,2.0,-0.1111438904047175,-0.1111438904047175,0.9328715665979161,2.932871566597916
2678,0.8,1.2,2.0,1.4053444344037684,1.4053444344037684,2.764119195968062,4.764119195968062
2679,0.8,1.2,2.0,-1.536765100051706,-0.3367651000517058,1.0137012642351755,3.0137012642351757
2680,0.8,1.2,2.0,1.2089643178530456,1.2089643178530456,0.7858402274001692,2.785840227400169
2681,0.8,1.2,2.0,0.9711723167140289,0.9711723167140289,0.579995032194293,2.579995032194293
2682,0.8,1.2,2.0,1.505373877655442,2.705373877655442,1.6655464664464137,3.665546466446414
2683,0.8,1.2,2.0,0.7392464768804603,0.7392464768804603,2.7517461275773525,4.751746127577352
2684,0.8,1.2,2.0,0.3490142839499434,1.5490142839499432,-0.3988600076123845,1.601139992387615
2685,0.8,1.2,2.0,0.5636032450682238,0.5636032450682238,1.8635444697257886,3.863544469725789
2686,0.8,1.2,2.0,-0.1202988444099864,1.0797011555900136,1.4346416538454352,3.434641653845435
2687,0.8,1.2,2.0,-0.7331493237141155,-0.7331493237141155,1.9299455653385786,3.9299455653385786
2688,0.8,1.2,2.0,0.9024981359753419,0.9024981359753419,2.900028858908996,4.900028858908995
2689,0.8,1.2,2.0,0.8567648696630135,0.8567648696630135,2.47818355968989,4.4781835596898905
2690,0.8,1.2,2.0,-0.48024278902816453,-0.48024278902816453,1.4969375649755394,3.4969375649755396
2691,0.8,1.2,2.0,0.033366861528163094,1.2333668615281632,1.31637144346025,3.316371443460251
2692,0.8,1.2,2.0,1.7849498342898567,1.7849498342898567,2.118473330630339,4.118473330630339
2693,0.8,1.2,2.0,0.03798563534681948,0.03798563534681948,-0.11928411364423397,1.880715886355766
2694,0.8,1.2,2.0,-0.08173464897587834,1.1182653510241216,0.2757563902017991,2.275756390201799
2695,0.8,1.2,2.0,-0.7877033101536688,-0.7877033101536688,0.4520500916384311,2.452050091638431
2696,0.8,1.2,2.0,0.7439515605703941,1.943951560570394,2.1098396317383377,4.109839631738337
2697,0.8,1.2,2.0,1.3054653950609714,2.5054653950609715,0.2693243861879324,2.269324386187932
2698,0.8,1.2,2.0,1.3798872099840336,1.3798872099840336,2.1894529379288166,4.189452937928816
2699,0.8,1.2,2.0,0.7261865347259808,1.9261865347259806,1.833414259672391,3.8334142596723906
2700,0.8,1.2,2.0,1.197238866486871,1.197238866486871,2.5723798403040368,4.572379840304037
2701,0.8,1.2,2.0,1.4883935079472255,1.4883935079472255,4.286636461164898,6.286636461164898
2702,0.8,1.2,2.0,1.2793369533845023,1.2793369533845023,2.2425816379579318,4.242581637957931
2703,0.8,1.2,2.0,1.734915753648231,2.9349157536482307,1.9924282761809589,3.9924282761809593
2704,0.8,1.2,2.0,2.4258209467429004,3.6258209467429006,1.8449700635651942,3.844970063565195
2705,0.8,1.2,2.0,0.39356621406017644,1.5935662140601765,2.122750092590176,4.122750092590175
2706,0.8,1.2,2.0,-0.8799219600501011,0.3200780399498988,-0.7842519313199097,1.2157480686800903
2707,0.8,1.2,2.0,1.283811716178322,1.283811716178322,3.2307106750016037,5.230710675001603
2708,0.8,1.2,2.0,0.4220976782925744,1.6220976782925742,2.2472141564350085,4.2472141564350085
2709,0.8,1.2,2.0,2.1606728589267776,3.360672858926778,1.6770497366446957,3.677049736644696
2710,0.8,1.2,2.0,1.747284156817764,2.947284156817764,3.278505916008765,5.278505916008765
2711,0.8,1.2,2.0,2.430284021947468,3.630284021947468,4.712780809675414,6.712780809675414
2712,0.8,1.2,2.0,1.3318137341958813,2.5318137341958815,3.492159562055729,5.492159562055729
2713,0.8,1.2,2.0,0.7063799154692099,0.7063799154692099,-0.4049533057541912,1.5950466942458088
2714,0.8,1.2,2.0,-1.227045178321094,-0.0270451783210941,-1.30873859444503,0.69126140555497
2715,0.8,1.2,2.0,0.765675733266467,1.9656757332664667,0.4572146933509682,2.457214693350968
2716,0.8,1.2,2.0,-0.03223671164707054,1.1677632883529294,1.5047471403161452,3.5047471403161454
2717,0.8,1.2,2.0,0.7459901869067748,0.7459901869067748,2.182303592708475,4.182303592708474
2718,0.8,1.2,2.0,0.6030889964951764,1.8030889964951766,-1.0624190079884352,0.937580992011565
2719,0.8,1.2,2.0,1.283544302325701,1.283544302325701,2.19058648998157,4.19058648998157
2720,0.8,1.2,2.0,0.07685892455124511,0.07685892455124511,1.6603718442855224,3.6603718442855224
2721,0.8,1.2,2.0,1.4877303275820397,2.6877303275820394,2.6708464100391316,4.670846410039132
2722,0.8,1.2,2.0,-1.8361754032895856,-1.8361754032895856,-0.4319225440660762,1.5680774559339237
2723,0.8,1.2,2.0,0.16961012607668594,1.369610126076686,0.4576941399705363,2.4576941399705365
2724,0.8,1.2,2.0,1.7563837833865779,1.7563837833865779,1.7333721784679104,3.733372178467911
2725,0.8,1.2,2.0,2.1944349578643014,3.3944349578643016,3.0603034335792088,5.060303433579209
2726,0.8,1.2,2.0,1.1207482230431314,2.320748223043131,2.098699597383635,4.098699597383635
2727,0.8,1.2,2.0,1.9134407716182122,1.9134407716182122,3.3477337913082836,5.347733791308284
2728,0.8,1.2,2.0,0.6180707810486091,1.8180707810486092,2.280660562203982,4.280660562203982
2729,0.8,1.2,2.0,1.0552392602551344,1.0552392602551344,2.5093518023037564,4.509351802303756
2730,0.8,1.2,2.0,0.6500865348745875,1.8500865348745874,2.4921088272239764,4.492108827223976
2731,0.8,1.2,2.0,0.14592271636528673,1.3459227163652867,0.5370760477337504,2.5370760477337506
2732,0.8,1.2,2.0,-0.672937839066412,-0.672937839066412,-1.3773493229788463,0.6226506770211535
2733,0.8,1.2,2.0,0.5029852418565307,1.7029852418565308,2.3255225686003564,4.325522568600357
2734,0.8,1.2,2.0,-0.7508548177325434,0.4491451822674566,0.283056795552454,2.2830567955524543
2735,0.8,1.2,2.0,1.0206853767609423,2.220685376760942,2.5124890803712705,4.51248908037127
2736,0.8,1.2,2.0,0.3905569301686054,1.5905569301686053,0.04554899366442955,2.04554899366443
2737,0.8,1.2,2.0,-0.14361298027902497,-0.14361298027902497,2.4582985326514013,4.458298532651401
2738,0.8,1.2,2.0,-0.13722895082162084,1.062771049178379,1.5262433335191334,3.5262433335191337
2739,0.8,1.2,2.0,1.7425294279205943,1.7425294279205943,2.9461812580687803,4.946181258068781
2740,0.8,1.2,2.0,1.6980694569023465,1.6980694569023465,2.041030495132552,4.041030495132552
2741,0.8,1.2,2.0,-0.8863953418428644,0.31360465815713545,1.02017050503093,3.02017050503093
2742,0.8,1.2,2.0,-0.593412438857112,-0.593412438857112,-0.5656674003086313,1.4343325996913685
2743,0.8,1.2,2.0,1.2050531238211022,2.4050531238211024,4.300113394079896,6.300113394079896
2744,0.8,1.2,2.0,-1.408043530142462,-1.408043530142462,-1.3765219978110372,0.6234780021889628
2745,0.8,1.2,2.0,1.353340109121873,2.5533401091218733,4.27774750726041,6.27774750726041
2746,0.8,1.2,2.0,2.4649370527470786,3.664937052747078,3.512481837003073,5.512481837003072
2747,0.8,1.2,2.0,2.4330504787075045,2.4330504787075045,5.223007637737393,7.223007637737392
2748,0.8,1.2,2.0,1.0969130158662197,1.0969130158662197,1.2680714591957893,3.2680714591957893
2749,0.8,1.2,2.0,1.1587767951215249,1.1587767951215249,2.1442580268678273,4.144258026867828
2750,0.8,1.2,2.0,2.9768371162938916,4.176837116293892,4.931539557196083,6.931539557196083
2751,0.8,1.2,2.0,-1.7169468516893387,-0.5169468516893387,0.023429492476105263,2.0234294924761054
2752,0.8,1.2,2.0,-0.0824269174697484,-0.0824269174697484,1.9396074219287263,3.9396074219287267
2753,0.8,1.2,2.0,0.8627703030411521,2.062770303041152,1.0514838242159543,3.0514838242159548
2754,0.8,1.2,2.0,0.1968755504006467,0.1968755504006467,1.3044589620788603,3.30445896207886
2755,0.8,1.2,2.0,2.0634812003778684,2.0634812003778684,4.527671704223162,6.527671704223163
2756,0.8,1.2,2.0,0.10136945297956021,0.10136945297956021,0.15659629345377724,2.1565962934537772
2757,0.8,1.2,2.0,0.8233716748403906,0.8233716748403906,2.523664612293988,4.523664612293988
2758,0.8,1.2,2.0,0.32478784429417007,1.52478784429417,1.1719359435431582,3.1719359435431587
2759,0.8,1.2,2.0,0.2025335201616394,1.4025335201616393,1.5584372793907113,3.5584372793907115
2760,0.8,1.2,2.0,0.21448268676805027,1.4144826867680502,1.4734280031263,3.4734280031263
2761,0.8,1.2,2.0,0.5628267242591705,1.7628267242591704,0.6356505250891358,2.6356505250891358
2762,0.8,1.2,2.0,-0.7596527858723507,-0.7596527858723507,-0.34373785802778767,1.6562621419722126
2763,0.8,1.2,2.0,1.2931490257864238,1.2931490257864238,2.331377372726554,4.331377372726553
2764,0.8,1.2,2.0,1.4199641198609256,2.6199641198609256,2.4950655846541987,4.495065584654198
2765,0.8,1.2,2.0,1.436815269912049,2.636815269912049,3.901150439001094,5.9011504390010945
2766,0.8,1.2,2.0,-0.8371373531502913,0.3628626468497087,1.0340095388945416,3.034009538894541
2767,0.8,1.2,2.0,-1.7458816493638354,-1.7458816493638354,-0.8201712192552666,1.1798287807447334
2768,0.8,1.2,2.0,1.0216085107335182,2.221608510733518,1.6089918389242037,3.6089918389242035
2769,0.8,1.2,2.0,3.646514705987114,4.846514705987114,3.9876343423742227,5.987634342374222
2770,0.8,1.2,2.0,1.9971775724769998,3.197177572477,5.124967804012363,7.124967804012364
2771,0.8,1.2,2.0,0.23587130752712904,1.435871307527129,0.41953094881082964,2.41953094881083
2772,0.8,1.2,2.0,1.0975246428943615,1.0975246428943615,2.3267259333535657,4.326725933353567
2773,0.8,1.2,2.0,1.154288250889825,1.154288250889825,2.466371194202598,4.4663711942025985
2774,0.8,1.2,2.0,-0.9175174719695218,-0.9175174719695218,-0.2615939442772682,1.7384060557227319
2775,0.8,1.2,2.0,1.7413565596569673,1.7413565596569673,1.653639922161183,3.653639922161183
2776,0.8,1.2,2.0,1.1229980995035593,2.3229980995035593,1.8650496113800723,3.8650496113800723
2777,0.8,1.2,2.0,0.5760927647819725,1.7760927647819722,1.1407701687378324,3.140770168737832
2778,0.8,1.2,2.0,0.38464452702842533,0.38464452702842533,0.5823915696603592,2.582391569660359
2779,0.8,1.2,2.0,1.784189171557779,1.784189171557779,4.2050089195719655,6.2050089195719655
2780,0.8,1.2,2.0,-0.5584428335583032,0.6415571664416968,0.2302573893978046,2.2302573893978046
2781,0.8,1.2,2.0,-0.7556179892076842,0.44438201079231576,0.021482253362549053,2.021482253362549
2782,0.8,1.2,2.0,0.6246345641579025,0.6246345641579025,1.5993787888636801,3.59937878886368
2783,0.8,1.2,2.0,-1.3933324563863891,-0.19333245638638918,0.37484053543301843,2.3748405354330187
2784,0.8,1.2,2.0,0.5186896937874003,0.5186896937874003,1.387265513678447,3.387265513678447
2785,0.8,1.2,2.0,1.802304853120316,1.802304853120316,3.78123985713723,5.78123985713723
2786,0.8,1.2,2.0,1.1074349010546296,1.1074349010546296,0.8551821250619986,2.8551821250619986
2787,0.8,1.2,2.0,1.5455966911820807,2.7455966911820804,3.7190607402696974,5.719060740269697
2788,0.8,1.2,2.0,1.103419036136697,2.303419036136697,2.0831784769870545,4.0831784769870545
2789,0.8,1.2,2.0,2.7373249421051575,3.9373249421051577,3.5739728925679284,5.573972892567929
2790,0.8,1.2,2.0,-0.2230846565877263,-0.2230846565877263,-0.005995667006519878,1.99400433299348
2791,0.8,1.2,2.0,1.3420087891036037,2.542008789103604,1.410076733320377,3.410076733320377
2792,0.8,1.2,2.0,0.029318538981802644,1.2293185389818027,-0.6590607233706196,1.3409392766293804
2793,0.8,1.2,2.0,1.221062389100039,1.221062389100039,1.3011264662736985,3.3011264662736988
2794,0.8,1.2,2.0,0.2835358448910515,0.2835358448910515,1.7679495461211023,3.7679495461211023
2795,0.8,1.2,2.0,2.548956083653212,2.548956083653212,2.8077517974879944,4.807751797487995
2796,0.8,1.2,2.0,0.17186603454736704,1.371866034547367,-0.24146082454404638,1.7585391754559538
2797,0.8,1.2,2.0,2.0752252791866614,2.0752252791866614,2.2782258039953263,4.278225803995325
2798,0.8,1.2,2.0,1.0158831708710334,1.0158831708710334,1.5795456135847599,3.57954561358476
2799,0.8,1.2,2.0,0.639547671964903,1.8395476719649029,1.4087189433371392,3.4087189433371385
2800,0.8,1.2,2.0,0.84937400037473,2.04937400037473,1.591768867141836,3.5917688671418353
2801,0.8,1.2,2.0,0.6833801781254598,1.8833801781254598,2.664063717908183,4.664063717908183
2802,0.8,1.2,2.0,1.1468960264693338,2.3468960264693335,3.5901113620391722,5.590111362039171
2803,0.8,1.2,2.0,0.5554122305813284,0.5554122305813284,3.735730271754463,5.735730271754464
2804,0.8,1.2,2.0,-0.4961614613402323,0.7038385386597678,-1.3174507472289614,0.6825492527710388
2805,0.8,1.2,2.0,-0.09172905583510332,-0.09172905583510332,-0.11871826675315322,1.8812817332468468
2806,0.8,1.2,2.0,-1.1505343321041996,-1.1505343321041996,0.5696912555182364,2.5696912555182365
2807,0.8,1.2,2.0,1.8597880449334785,3.0597880449334784,2.7509833043423555,4.7509833043423555
2808,0.8,1.2,2.0,-1.309833521516178,-1.309833521516178,0.16783991543925525,2.1678399154392554
2809,0.8,1.2,2.0,0.36585282663545166,0.36585282663545166,1.6286328446643796,3.6286328446643794
2810,0.8,1.2,2.0,0.7352320420090888,1.9352320420090887,3.039227585731258,5.039227585731258
2811,0.8,1.2,2.0,1.1490974190422476,1.1490974190422476,3.0649473342698244,5.064947334269824
2812,0.8,1.2,2.0,-1.383980462256511,-1.383980462256511,0.6041504806896222,2.604150480689622
2813,0.8,1.2,2.0,0.28199942174385495,1.4819994217438548,0.786026144362781,2.7860261443627805
2814,0.8,1.2,2.0,0.7996059175510595,1.9996059175510594,1.595385883650946,3.595385883650946
2815,0.8,1.2,2.0,0.5541782273752378,1.7541782273752378,1.2503661818831557,3.250366181883156
2816,0.8,1.2,2.0,1.6834982876843712,1.6834982876843712,1.0705550307083485,3.070555030708348
2817,0.8,1.2,2.0,-0.7605441153708481,0.43945588462915197,1.418733663153854,3.4187336631538545
2818,0.8,1.2,2.0,-1.315080246433364,-0.11508024643336379,0.5862809849144035,2.5862809849144037
2819,0.8,1.2,2.0,1.5361876669131855,1.5361876669131855,2.341734976262024,4.341734976262024
2820,0.8,1.2,2.0,0.21586617338831304,0.21586617338831304,2.68909354285282,4.68909354285282
2821,0.8,1.2,2.0,-1.7207609464652225,-1.7207609464652225,-1.6592754924651945,0.34072450753480554
2822,0.8,1.2,2.0,0.4311630552087714,1.6311630552087715,-0.3471877827296739,1.6528122172703261
2823,0.8,1.2,2.0,1.9333516326737783,1.9333516326737783,4.075917156728777,6.075917156728778
2824,0.8,1.2,2.0,-1.0726132383445737,0.12738676165542628,-1.557413885148488,0.442586114851512
2825,0.8,1.2,2.0,2.838747928401906,4.038747928401906,3.644807112414348,5.644807112414349
2826,0.8,1.2,2.0,-0.3727615881297716,-0.3727615881297716,0.8101081235919154,2.8101081235919154
2827,0.8,1.2,2.0,1.139656051696229,2.339656051696229,2.893551528148644,4.8935515281486435
2828,0.8,1.2,2.0,-0.1417836067438365,-0.1417836067438365,2.091516656862474,4.091516656862474
2829,0.8,1.2,2.0,0.042303430696953956,0.042303430696953956,1.2902835782984257,3.2902835782984257
2830,0.8,1.2,2.0,1.1144302799597199,2.31443027995972,3.1631082076673445,5.163108207667345
2831,0.8,1.2,2.0,-1.2640616186770843,-1.2640616186770843,-1.2378585449642405,0.7621414550357595
2832,0.8,1.2,2.0,3.6200289572491378,4.8200289572491375,5.110407173382281,7.1104071733822805
2833,0.8,1.2,2.0,0.2958122252404246,1.4958122252404245,-0.015638148636935023,1.9843618513630645
2834,0.8,1.2,2.0,-0.29316962535857055,-0.29316962535857055,2.0698300277258976,4.069830027725898
2835,0.8,1.2,2.0,1.6170162175053842,1.6170162175053842,1.3131049524549798,3.3131049524549803
2836,0.8,1.2,2.0,2.28199476006865,2.28199476006865,2.9140481724590925,4.9140481724590925
2837,0.8,1.2,2.0,1.79273586939402,2.99273586939402,1.5847276312937149,3.584727631293715
2838,0.8,1.2,2.0,-0.6319784323123987,0.5680215676876013,-0.3160102577019256,1.6839897422980745
2839,0.8,1.2,2.0,1.072810855105737,1.072810855105737,2.3255071676118377,4.325507167611837
2840,0.8,1.2,2.0,-1.358752619441176,-0.15875261944117613,-0.8724308093279656,1.1275691906720344
2841,0.8,1.2,2.0,1.351342860494463,2.5513428604944632,3.4620143047548226,5.462014304754822
2842,0.8,1.2,2.0,-0.8063688686133079,0.3936311313866918,0.6397449939609245,2.639744993960924
2843,0.8,1.2,2.0,-0.12908253415165605,-0.12908253415165605,0.5240869295914716,2.5240869295914723
2844,0.8,1.2,2.0,0.7163425142649557,0.7163425142649557,1.7291232631550868,3.7291232631550875
2845,0.8,1.2,2.0,0.7456305594634332,0.7456305594634332,2.8324136820676493,4.832413682067649
2846,0.8,1.2,2.0,-0.0745134578148613,-0.0745134578148613,1.6253048691899101,3.62530486918991
2847,0.8,1.2,2.0,1.8487670337570712,1.8487670337570712,1.5964517110911198,3.5964517110911203
2848,0.8,1.2,2.0,1.0369931664881027,1.0369931664881027,1.23217717521238,3.2321771752123807
2849,0.8,1.2,2.0,1.380584534660083,1.380584534660083,3.0126142070750372,5.012614207075037
2850,0.8,1.2,2.0,-0.4366056868964481,-0.4366056868964481,1.111957709189402,3.1119577091894017
2851,0.8,1.2,2.0,2.1528288106856825,2.1528288106856825,2.0714212113804393,4.071421211380439
2852,0.8,1.2,2.0,0.12621056136879416,1.3262105613687942,2.161520954440288,4.161520954440289
2853,0.8,1.2,2.0,2.648083251116633,3.8480832511166327,3.030902989683263,5.030902989683263
2854,0.8,1.2,2.0,2.5952147318457333,2.5952147318457333,4.947721288982183,6.947721288982183
2855,0.8,1.2,2.0,0.7660890009008631,1.9660890009008631,2.1311598028418763,4.131159802841877
2856,0.8,1.2,2.0,2.0046260925100827,2.0046260925100827,2.1877769717514695,4.187776971751469
2857,0.8,1.2,2.0,-2.601224968365391,-1.4012249683653912,-2.142505140034485,-0.1425051400344846
2858,0.8,1.2,2.0,0.34284714343891504,1.542847143438915,0.8216195681964861,2.8216195681964855
2859,0.8,1.2,2.0,1.500284132237569,1.500284132237569,2.5922398484185862,4.592239848418585
2860,0.8,1.2,2.0,1.1575731704249252,2.357573170424925,1.775638207152995,3.775638207152995
2861,0.8,1.2,2.0,-1.1603151671944651,0.03968483280553481,-1.5995319666393069,0.40046803336069314
2862,0.8,1.2,2.0,0.3961384571993127,1.5961384571993127,0.12845297568819447,2.1284529756881945
2863,0.8,1.2,2.0,-2.271385821370133,-2.271385821370133,-0.8790426977515956,1.1209573022484043
2864,0.8,1.2,2.0,1.8308522088718004,1.8308522088718004,3.7289953192353282,5.728995319235329
2865,0.8,1.2,2.0,-1.7091504760105674,-0.5091504760105674,-0.8208276353280315,1.1791723646719685
2866,0.8,1.2,2.0,1.2532631002931607,1.2532631002931607,2.2725184642573475,4.272518464257348
2867,0.8,1.2,2.0,1.8357664754014413,3.0357664754014415,2.318875070999095,4.318875070999095
2868,0.8,1.2,2.0,0.48442722928368986,1.6844272292836902,1.9742822828522928,3.974282282852293
2869,0.8,1.2,2.0,1.040652827537055,1.040652827537055,4.592076323909967,6.592076323909966
2870,0.8,1.2,2.0,0.4545740019956738,0.4545740019956738,2.743589606780272,4.743589606780272
2871,0.8,1.2,2.0,0.18884416977725324,0.18884416977725324,0.531726235325674,2.5317262353256744
2872,0.8,1.2,2.0,-0.85051288695068,-0.85051288695068,-0.5093869431902733,1.4906130568097264
2873,0.8,1.2,2.0,0.8004079044986392,2.000407904498639,-1.274754638820441,0.7252453611795593
2874,0.8,1.2,2.0,-1.7096989852087807,-0.5096989852087808,-0.020014002213658788,1.9799859977863412
2875,0.8,1.2,2.0,-1.2948360921222157,-1.2948360921222157,0.5151653084573744,2.5151653084573744
2876,0.8,1.2,2.0,-0.2947766031501219,0.9052233968498781,-0.2871700967487011,1.7128299032512986
2877,0.8,1.2,2.0,-0.1079020694375141,1.0920979305624858,-0.8040489455321315,1.1959510544678684
2878,0.8,1.2,2.0,0.6111435923477251,1.811143592347725,0.3484373903553155,2.3484373903553157
2879,0.8,1.2,2.0,-0.3988932410216518,-0.3988932410216518,0.8792474542675558,2.879247454267556
2880,0.8,1.2,2.0,2.5046142164477097,3.70461421644771,3.494555183226609,5.494555183226608
2881,0.8,1.2,2.0,0.752279046950186,1.9522790469501858,2.5049871029379633,4.504987102937963
2882,0.8,1.2,2.0,1.0010214022968624,1.0010214022968624,2.2662242898521368,4.266224289852137
2883,0.8,1.2,2.0,0.9229489972208491,2.122948997220849,3.040184575879869,5.040184575879869
2884,0.8,1.2,2.0,1.8451537057564922,3.0451537057564924,3.4428914040210152,5.442891404021015
2885,0.8,1.2,2.0,1.075441894481748,1.075441894481748,2.9038535946406183,4.903853594640618
2886,0.8,1.2,2.0,1.0330579699532803,2.23305796995328,0.00406793919467674,2.0040679391946767
2887,0.8,1.2,2.0,1.3894382154413483,2.5894382154413482,1.2573953853277267,3.257395385327727
2888,0.8,1.2,2.0,-1.2821176278298836,-0.08211762782988363,-0.6181379582393058,1.3818620417606944
2889,0.8,1.2,2.0,-1.4060059435608996,-1.4060059435608996,0.5941239793559276,2.5941239793559276
2890,0.8,1.2,2.0,0.3242084943966251,1.524208494396625,3.138249713596411,5.1382497135964105
2891,0.8,1.2,2.0,0.05705859781910824,1.2570585978191082,0.7293111357662372,2.7293111357662374
2892,0.8,1.2,2.0,1.206294893021157,2.406294893021157,1.6790381951149431,3.679038195114943
2893,0.8,1.2,2.0,0.4918123499579587,0.4918123499579587,-0.4819592291168755,1.5180407708831243
2894,0.8,1.2,2.0,0.8829128092631812,0.8829128092631812,2.613841823208992,4.6138418232089915
2895,0.8,1.2,2.0,-0.9442687153586635,0.25573128464133643,-0.626908254418059,1.3730917455819411
2896,0.8,1.2,2.0,0.1261358112564687,0.1261358112564687,3.842390735058066,5.842390735058066
2897,0.8,1.2,2.0,-0.5474043355866243,-0.5474043355866243,-0.09103998737369756,1.9089600126263022
2898,0.8,1.2,2.0,0.9104432352309371,0.9104432352309371,4.031441865997959,6.031441865997959
2899,0.8,1.2,2.0,-1.6371250482353017,-0.43712504823530174,-0.06131766856248866,1.9386823314375112
2900,0.8,1.2,2.0,1.090874423421485,1.090874423421485,1.2243195740205217,3.2243195740205217
2901,0.8,1.2,2.0,-1.1371340238354242,0.06286597616457579,-0.017079997150712206,1.982920002849288
2902,0.8,1.2,2.0,-0.3054779813254653,0.8945220186745346,1.1846024198225544,3.1846024198225544
2903,0.8,1.2,2.0,1.701294378214989,2.9012943782149887,2.6802866435422326,4.680286643542233
2904,0.8,1.2,2.0,0.5662508917285836,1.7662508917285833,2.2968142043676596,4.29681420436766
2905,0.8,1.2,2.0,-1.2683299507869379,-1.2683299507869379,0.46584739051996416,2.465847390519964
2906,0.8,1.2,2.0,-0.16003983858927084,1.0399601614107292,1.4445346660746958,3.4445346660746963
2907,0.8,1.2,2.0,-0.6586017586397674,-0.6586017586397674,0.5534427178707498,2.5534427178707495
2908,0.8,1.2,2.0,-1.1887473123453,0.011252687654700111,-1.3596799434781643,0.6403200565218359
2909,0.8,1.2,2.0,0.2579280382904052,0.2579280382904052,0.9413192375861257,2.9413192375861255
2910,0.8,1.2,2.0,1.2234614447937573,2.423461444793757,2.5083015093320364,4.508301509332036
2911,0.8,1.2,2.0,0.7951090034371723,1.9951090034371721,-0.17793981245299695,1.822060187547003
2912,0.8,1.2,2.0,1.6690040063385907,1.6690040063385907,3.2158241166358277,5.215824116635828
2913,0.8,1.2,2.0,0.4877532325148145,1.6877532325148143,1.3907280233050934,3.3907280233050927
2914,0.8,1.2,2.0,-0.4439008681195676,-0.4439008681195676,-1.1875340384842552,0.812465961515745
2915,0.8,1.2,2.0,-0.46585983541561216,-0.46585983541561216,0.2726067683237658,2.2726067683237656
2916,0.8,1.2,2.0,0.6432996659275696,0.6432996659275696,1.7203728775453164,3.7203728775453166
2917,0.8,1.2,2.0,-0.3485722987625537,-0.3485722987625537,2.896706292439943,4.896706292439943
2918,0.8,1.2,2.0,0.20412075950005026,1.40412075950005,1.7904299634287304,3.79042996342873
2919,0.8,1.2,2.0,0.28299881482360284,1.4829988148236029,2.115092029061909,4.115092029061909
2920,0.8,1.2,2.0,0.6558396312521114,0.6558396312521114,1.7204548059568183,3.7204548059568188
2921,0.8,1.2,2.0,3.3481296759737624,4.548129675973763,2.329814251191337,4.329814251191337
2922,0.8,1.2,2.0,-0.7785087776799302,0.42149122232006975,0.938690951025078,2.938690951025078
2923,0.8,1.2,2.0,-0.006984449453701774,1.1930155505462983,0.08023833521081025,2.08023833521081
2924,0.8,1.2,2.0,-1.117068840668539,-1.117068840668539,-0.5815601236329928,1.418439876367007
2925,0.8,1.2,2.0,-0.0906598851790355,1.1093401148209645,-0.27888047376722913,1.7211195262327708
2926,0.8,1.2,2.0,0.42247340192760025,0.42247340192760025,1.6749523218774833,3.6749523218774836
2927,0.8,1.2,2.0,1.5850957627340347,2.7850957627340347,3.810417948690418,5.810417948690419
2928,0.8,1.2,2.0,0.13337937958132506,1.333379379581325,2.1214814339221153,4.121481433922115
2929,0.8,1.2,2.0,-0.09644602547277456,1.1035539745272254,2.219659198701313,4.219659198701313
2930,0.8,1.2,2.0,-0.02380979265713551,-0.02380979265713551,2.641821778507032,4.6418217785070315
2931,0.8,1.2,2.0,-1.1248866889400269,-1.1248866889400269,-2.319984215786796,-0.3199842157867956
2932,0.8,1.2,2.0,0.10880035521523979,1.3088003552152396,0.08911494562500621,2.089114945625006
2933,0.8,1.2,2.0,0.47151874076133765,0.47151874076133765,-0.10103586700177836,1.8989641329982214
2934,0.8,1.2,2.0,0.8907415592156493,0.8907415592156493,2.733949086811416,4.733949086811417
2935,0.8,1.2,2.0,0.8323814613997189,2.032381461399719,0.9882557937171622,2.9882557937171623
2936,0.8,1.2,2.0,-0.556456446397873,0.643543553602127,-0.5935434026996984,1.4064565973003014
2937,0.8,1.2,2.0,-0.28226483342036307,-0.28226483342036307,0.14774535502617075,2.1477453550261707
2938,0.8,1.2,2.0,-0.7943250650623905,-0.7943250650623905,0.8725710186448028,2.872571018644803
2939,0.8,1.2,2.0,0.919358035460404,2.119358035460404,0.3537859995899828,2.3537859995899835
2940,0.8,1.2,2.0,-0.4211152726295745,-0.4211152726295745,-0.830123658916684,1.169876341083316
2941,0.8,1.2,2.0,1.7399213262606459,1.7399213262606459,3.0697495914789994,5.069749591479
2942,0.8,1.2,2.0,2.195987931500694,2.195987931500694,4.647765856752827,6.647765856752826
2943,0.8,1.2,2.0,0.31941958988293084,0.31941958988293084,1.2989119310158035,3.2989119310158035
2944,0.8,1.2,2.0,-0.6113322080850843,0.5886677919149157,-0.4616725326799114,1.5383274673200888
2945,0.8,1.2,2.0,0.4436710230697643,0.4436710230697643,-0.7309578998304971,1.2690421001695031
2946,0.8,1.2,2.0,0.9168508375348783,0.9168508375348783,2.9149589822726503,4.91495898227265
2947,0.8,1.2,2.0,0.6644941831491615,1.8644941831491615,1.2485719900226029,3.2485719900226027
2948,0.8,1.2,2.0,0.06270181789184404,0.06270181789184404,-0.00024161301243164068,1.999758386987568
2949,0.8,1.2,2.0,1.2813409206091562,1.2813409206091562,0.7112215007582035,2.7112215007582035
2950,0.8,1.2,2.0,1.3483593074152465,2.5483593074152466,1.1431125180873152,3.143112518087315
2951,0.8,1.2,2.0,-0.19719244063448338,1.0028075593655168,-0.3923418612932199,1.6076581387067808
2952,0.8,1.2,2.0,-0.927607597518477,-0.927607597518477,-0.01548395521781945,1.9845160447821806
2953,0.8,1.2,2.0,0.868007558980969,0.868007558980969,0.6003521032879897,2.6003521032879897
2954,0.8,1.2,2.0,-1.0221557521732063,-1.0221557521732063,-0.33966675378012223,1.6603332462198779
2955,0.8,1.2,2.0,0.0758902127745654,0.0758902127745654,0.4038085644593006,2.403808564459301
2956,0.8,1.2,2.0,0.3457219482234313,1.5457219482234312,3.364090715104221,5.364090715104222
2957,0.8,1.2,2.0,-1.2295804584648908,-0.02958045846489088,-1.8277789291390365,0.1722210708609635
2958,0.8,1.2,2.0,0.6152215540136623,1.8152215540136623,1.7994608973941035,3.7994608973941033
2959,0.8,1.2,2.0,1.0698425375271547,2.269842537527155,2.280720868003245,4.280720868003244
2960,0.8,1.2,2.0,1.7224354601164944,1.7224354601164944,2.0820667527306838,4.082066752730684
2961,0.8,1.2,2.0,0.23663886663836903,1.436638866638369,1.0780733411138672,3.078073341113867
2962,0.8,1.2,2.0,-1.4854160502047071,-0.2854160502047072,0.2786916453652638,2.2786916453652637
2963,0.8,1.2,2.0,1.868411719030782,1.868411719030782,3.025790306151378,5.025790306151377
2964,0.8,1.2,2.0,0.6901407325810798,1.89014073258108,2.9273489940932507,4.927348994093251
2965,0.8,1.2,2.0,-0.6948213058455951,-0.6948213058455951,-1.8668435749243455,0.13315642507565428
2966,0.8,1.2,2.0,-0.7677478403835769,0.43225215961642294,-0.9299711200031665,1.0700288799968334
2967,0.8,1.2,2.0,1.154196074477029,2.354196074477029,3.9112333651629787,5.911233365162978
2968,0.8,1.2,2.0,0.9752998275391256,0.9752998275391256,2.751003250296889,4.75100325029689
2969,0.8,1.2,2.0,0.6214571930858492,1.8214571930858492,2.568248937307838,4.568248937307838
2970,0.8,1.2,2.0,1.3157831102038384,1.3157831102038384,3.542503651939807,5.542503651939807
2971,0.8,1.2,2.0,-0.9843507594804228,0.21564924051957712,-1.6952979251023563,0.3047020748976439
2972,0.8,1.2,2.0,-0.5584498717911335,-0.5584498717911335,1.2265002171334565,3.2265002171334567
2973,0.8,1.2,2.0,-1.5735871595202415,-1.5735871595202415,0.48463423644707515,2.484634236447075
2974,0.8,1.2,2.0,-0.5726139428362955,-0.5726139428362955,-0.34811997565643354,1.6518800243435665
2975,0.8,1.2,2.0,2.0438143633539783,3.243814363353978,5.69687626711846,7.69687626711846
2976,0.8,1.2,2.0,2.6532018429096165,2.6532018429096165,3.9131505458544837,5.913150545854482
2977,0.8,1.2,2.0,0.49931291555588864,1.6993129155558888,-0.8503078287356882,1.149692171264312
2978,0.8,1.2,2.0,-0.17594253202651983,-0.17594253202651983,1.1803205827352574,3.180320582735257
2979,0.8,1.2,2.0,0.09533043933192242,0.09533043933192242,0.25345063613110086,2.2534506361311006
2980,0.8,1.2,2.0,1.6632391117174739,1.6632391117174739,4.28816719956996,6.288167199569958
2981,0.8,1.2,2.0,-1.089900082612568,-1.089900082612568,0.44009779679640626,2.4400977967964064
2982,0.8,1.2,2.0,0.3910704695277629,1.591070469527763,1.1021948275908837,3.1021948275908846
2983,0.8,1.2,2.0,1.8762063752079425,1.8762063752079425,4.339533827309301,6.3395338273093005
2984,0.8,1.2,2.0,-0.4679237768678901,0.7320762231321098,1.5233850574184018,3.5233850574184022
2985,0.8,1.2,2.0,-0.6454341207551237,0.5545658792448762,-0.7376269227662791,1.2623730772337205
2986,0.8,1.2,2.0,0.37907187842108114,1.579071878421081,1.1376122794866608,3.1376122794866608
2987,0.8,1.2,2.0,0.8463026607414832,2.046302660741483,2.405326385663413,4.405326385663413
2988,0.8,1.2,2.0,0.35079710308848777,1.5507971030884877,1.3037346065078395,3.30373460650784
2989,0.8,1.2,2.0,0.6435592165548368,1.843559216554837,1.353556368242836,3.353556368242836
2990,0.8,1.2,2.0,1.5230556420973393,2.7230556420973393,2.836524742600423,4.836524742600423
2991,0.8,1.2,2.0,2.6536705568245234,3.8536705568245235,2.716017794827718,4.716017794827718
2992,0.8,1.2,2.0,0.8619760224046249,2.061976022404625,-0.04530904827940585,1.9546909517205941
2993,0.8,1.2,2.0,0.4409900194679206,0.4409900194679206,1.6683164383389473,3.6683164383389473
2994,0.8,1.2,2.0,2.7445191591750517,3.944519159175052,2.2336637520102274,4.233663752010227
2995,0.8,1.2,2.0,-0.1947847191723322,-0.1947847191723322,-0.2849026628998774,1.715097337100123
2996,0.8,1.2,2.0,-1.0542915830214814,0.14570841697851833,-1.9791663088095874,0.02083369119041234
2997,0.8,1.2,2.0,0.3872331207522522,1.587233120752252,-0.5032218969468578,1.496778103053142
2998,0.8,1.2,2.0,2.275482426555336,3.475482426555336,4.168042534986242,6.168042534986242
2999,0.8,1.2,2.0,1.1068814069850546,2.3068814069850547,2.0484627564485605,4.048462756448561
3000,0.8,1.2,2.0,0.30274812243866167,1.5027481224386616,0.9775235202944764,2.9775235202944765
3001,0.8,1.2,2.0,-0.5736865640727904,0.6263134359272096,-0.6397838083221008,1.3602161916778988
3002,0.8,1.2,2.0,0.6479384102669614,0.6479384102669614,1.1296277584519565,3.1296277584519565
3003,0.8,1.2,2.0,2.3229931677290137,2.3229931677290137,4.092673821214319,6.092673821214318
3004,0.8,1.2,2.0,-1.1984669313611949,-1.1984669313611949,-0.5601207632156778,1.4398792367843223
3005,0.8,1.2,2.0,0.17564479370245226,0.17564479370245226,1.9452468330815869,3.945246833081587
3006,0.8,1.2,2.0,-0.026241147341208415,1.1737588526587917,1.8463465879961412,3.846346587996141
3007,0.8,1.2,2.0,-0.7898093735603257,0.4101906264396743,-0.43676576710025683,1.563234232899743
3008,0.8,1.2,2.0,1.066021165952914,2.266021165952914,0.42583732098836036,2.42583732098836
3009,0.8,1.2,2.0,0.8621862745150002,0.8621862745150002,1.0514620642881123,3.0514620642881125
3010,0.8,1.2,2.0,1.1547162662894055,2.3547162662894054,2.204953226414026,4.204953226414026
3011,0.8,1.2,2.0,0.23112181668375853,0.23112181668375853,0.9265891515455666,2.926589151545566
3012,0.8,1.2,2.0,-1.2519568018819651,-0.051956801881965387,-1.37722975158124,0.6227702484187598
3013,0.8,1.2,2.0,0.636042541733582,1.836042541733582,1.6215642294256372,3.6215642294256374
3014,0.8,1.2,2.0,0.029680209434546967,0.029680209434546967,3.483716146112627,5.483716146112627
3015,0.8,1.2,2.0,2.6344865855818087,2.6344865855818087,3.3437479941421153,5.343747994142116
3016,0.8,1.2,2.0,2.214495788421901,2.214495788421901,3.098347330868096,5.098347330868097
3017,0.8,1.2,2.0,2.301401315256401,2.301401315256401,1.863173118598986,3.863173118598986
3018,0.8,1.2,2.0,-0.12295411996230343,-0.12295411996230343,2.3318847891274834,4.331884789127484
3019,0.8,1.2,2.0,1.1829608838935042,1.1829608838935042,3.1334317920125345,5.1334317920125345
3020,0.8,1.2,2.0,0.7575340383500379,0.7575340383500379,2.154322525214991,4.154322525214991
3021,0.8,1.2,2.0,0.8907366937036697,0.8907366937036697,3.0054541451145926,5.0054541451145935
3022,0.8,1.2,2.0,0.5959728149543044,0.5959728149543044,1.4688786330249393,3.4688786330249393
3023,0.8,1.2,2.0,1.8997433878889698,3.09974338788897,2.6777112246591104,4.67771122465911
3024,0.8,1.2,2.0,0.27181620705534804,0.27181620705534804,2.8292555527345478,4.829255552734549
3025,0.8,1.2,2.0,0.5769832277649448,1.7769832277649447,2.175629399262507,4.175629399262507
3026,0.8,1.2,2.0,-1.0338624499366424,-1.0338624499366424,-2.2504369367204697,-0.25043693672046974
3027,0.8,1.2,2.0,1.365484977657038,1.365484977657038,2.9674526253500804,4.967452625350079
3028,0.8,1.2,2.0,-0.16789073203004773,-0.16789073203004773,-0.02124147177140223,1.9787585282285975
3029,0.8,1.2,2.0,0.7124941204993878,1.9124941204993877,2.4424761174219536,4.442476117421953
3030,0.8,1.2,2.0,0.8170004262636349,0.8170004262636349,2.279782046656486,4.279782046656487
3031,0.8,1.2,2.0,0.6509862025151357,1.8509862025151358,-0.1095234776067533,1.8904765223932467
3032,0.8,1.2,2.0,0.6258441823243288,0.6258441823243288,2.0090461893471483,4.009046189347148
3033,0.8,1.2,2.0,0.9177475154525747,2.1177475154525744,1.8824737632322626,3.8824737632322623
3034,0.8,1.2,2.0,0.4082460659963302,0.4082460659963302,1.843134287715381,3.843134287715381
3035,0.8,1.2,2.0,-0.6277223336397417,-0.6277223336397417,1.1661232421490615,3.1661232421490615
3036,0.8,1.2,2.0,1.215001170518719,2.415001170518719,3.8083308397703073,5.808330839770307
3037,0.8,1.2,2.0,-0.267272002983161,-0.267272002983161,1.1744393345834558,3.174439334583456
3038,0.8,1.2,2.0,-0.853026923451931,-0.853026923451931,0.15069481650933933,2.1506948165093394
3039,0.8,1.2,2.0,-0.7726986799740487,0.4273013200259512,1.2082986436598757,3.2082986436598757
3040,0.8,1.2,2.0,0.7617328016249844,0.7617328016249844,3.9900738067267945,5.9900738067267945
3041,0.8,1.2,2.0,0.7813929527692718,0.7813929527692718,2.9484048775134424,4.9484048775134415
3042,0.8,1.2,2.0,-1.668391581652885,-1.668391581652885,-0.4859911561648198,1.5140088438351802
3043,0.8,1.2,2.0,-0.15059713985719259,-0.15059713985719259,1.103972612042044,3.103972612042044
3044,0.8,1.2,2.0,1.5215570983451485,2.7215570983451487,2.679151439990329,4.67915143999033
3045,0.8,1.2,2.0,0.1089594182494002,1.3089594182494002,1.1676478929779137,3.1676478929779135
3046,0.8,1.2,2.0,0.22246924741815344,1.4224692474181535,3.3129372794883647,5.312937279488365
3047,0.8,1.2,2.0,1.6885824222460948,1.6885824222460948,2.0365897045422905,4.0365897045422905
3048,0.8,1.2,2.0,1.4523423864292448,2.652342386429245,3.7118169668217504,5.71181696682175
3049,0.8,1.2,2.0,1.7884460417731054,2.9884460417731056,2.840385735153461,4.840385735153462
3050,0.8,1.2,2.0,-1.8454857683741932,-1.8454857683741932,-2.0411930440599106,-0.0411930440599102
3051,0.8,1.2,2.0,2.532280655753819,3.732280655753819,3.5431346570417843,5.543134657041785
3052,0.8,1.2,2.0,0.8561287161835411,2.056128716183541,1.1225050696000345,3.1225050696000345
3053,0.8,1.2,2.0,2.690416080051268,3.890416080051268,4.087286509153673,6.087286509153673
3054,0.8,1.2,2.0,-0.3050574737122312,-0.3050574737122312,0.7710884536543747,2.7710884536543747
3055,0.8,1.2,2.0,-1.3988032128207346,-1.3988032128207346,-1.5110651479165864,0.4889348520834138
3056,0.8,1.2,2.0,0.16572043863689362,1.3657204386368935,2.4090630067344203,4.40906300673442
3057,0.8,1.2,2.0,0.09212013199094082,1.2921201319909408,2.0939157776320663,4.093915777632066
3058,0.8,1.2,2.0,1.0113101035291097,1.0113101035291097,3.5024630489017032,5.502463048901704
3059,0.8,1.2,2.0,1.373374022657994,1.373374022657994,2.475969138773869,4.475969138773869
3060,0.8,1.2,2.0,0.31796900927400124,1.5179690092740012,1.2190780437623097,3.21907804376231
3061,0.8,1.2,2.0,0.6128272092827736,0.6128272092827736,2.552077861965061,4.552077861965061
3062,0.8,1.2,2.0,1.082491231890899,1.082491231890899,1.5448638192198447,3.5448638192198443
3063,0.8,1.2,2.0,0.985214057124143,2.185214057124143,2.609635427055073,4.609635427055073
3064,0.8,1.2,2.0,0.2111703549091073,0.2111703549091073,1.0695940927916718,3.069594092791672
3065,0.8,1.2,2.0,1.4501152064941105,1.4501152064941105,0.9310677345167395,2.931067734516739
3066,0.8,1.2,2.0,1.7610177217000325,1.7610177217000325,2.889299803070078,4.889299803070077
3067,0.8,1.2,2.0,1.6609138373961558,2.8609138373961556,2.271245341341562,4.271245341341562
3068,0.8,1.2,2.0,0.4623464744257936,0.4623464744257936,1.3068451018417022,3.306845101841703
3069,0.8,1.2,2.0,-1.016775589995476,0.18322441000452416,0.7623516208262833,2.7623516208262835
3070,0.8,1.2,2.0,0.0981977741138812,1.298197774113881,2.201666815104993,4.201666815104993
3071,0.8,1.2,2.0,-0.0002661952237280607,1.199733804776272,0.32277292586384065,2.3227729258638408
3072,0.8,1.2,2.0,0.43260016027364917,1.632600160273649,1.137592064667117,3.137592064667117
3073,0.8,1.2,2.0,-0.6424202154887941,0.5575797845112059,-0.7217224603627284,1.2782775396372719
3074,0.8,1.2,2.0,0.7104697791628269,0.7104697791628269,1.0344289477827882,3.0344289477827884
3075,0.8,1.2,2.0,-0.15898856099039294,1.0410114390096068,0.4999672075206155,2.4999672075206156
3076,0.8,1.2,2.0,-1.0378703578516075,0.16212964214839243,-0.4057559214222881,1.5942440785777119
3077,0.8,1.2,2.0,1.7200113222033009,2.920011322203301,3.304096205502411,5.304096205502411
3078,0.8,1.2,2.0,-0.9872638919699644,-0.9872638919699644,-0.01188897958666707,1.9881110204133328
3079,0.8,1.2,2.0,0.12268968735105262,0.12268968735105262,-0.18592860366906416,1.814071396330936
3080,0.8,1.2,2.0,1.7689237198880112,2.968923719888011,4.272689959328615,6.272689959328615
3081,0.8,1.2,2.0,1.2743791744273423,1.2743791744273423,3.1255081797028934,5.125508179702893
3082,0.8,1.2,2.0,0.9622073124339394,2.1622073124339396,0.8392610668366279,2.839261066836628
3083,0.8,1.2,2.0,0.8717046238390642,0.8717046238390642,3.1417075886503105,5.141707588650311
3084,0.8,1.2,2.0,1.0672795791075427,2.2672795791075426,2.2897355054176143,4.289735505417614
3085,0.8,1.2,2.0,1.7318416352734936,2.9318416352734937,2.48122200079314,4.4812220007931405
3086,0.8,1.2,2.0,1.1468204016978443,1.1468204016978443,2.652765651312137,4.652765651312137
3087,0.8,1.2,2.0,-1.6857223544944875,-1.6857223544944875,-0.9438398219068788,1.0561601780931211
3088,0.8,1.2,2.0,-0.30014276995464634,0.8998572300453536,1.0638628419903937,3.0638628419903937
3089,0.8,1.2,2.0,1.2425940693667483,1.2425940693667483,2.460725590927689,4.46072559092769
3090,0.8,1.2,2.0,0.1637270035150573,0.1637270035150573,1.0201829093924957,3.0201829093924957
3091,0.8,1.2,2.0,2.4915542299055984,3.6915542299055986,1.713359531042185,3.7133595310421845
3092,0.8,1.2,2.0,0.23730165572508158,0.23730165572508158,1.6314718522846832,3.631471852284683
3093,0.8,1.2,2.0,0.8664618614353305,2.0664618614353305,1.6802819764325265,3.6802819764325267
3094,0.8,1.2,2.0,1.3895015108606128,1.3895015108606128,3.010619661811777,5.010619661811777
3095,0.8,1.2,2.0,0.8650129067627471,0.8650129067627471,2.7119298384198274,4.711929838419827
3096,0.8,1.2,2.0,0.3361457281022675,1.5361457281022675,0.7617273118623125,2.761727311862313
3097,0.8,1.2,2.0,1.7976671272366316,1.7976671272366316,4.086351080472313,6.086351080472313
3098,0.8,1.2,2.0,-1.1692164478793035,-1.1692164478793035,-0.09567200740647724,1.9043279925935228
3099,0.8,1.2,2.0,0.8186757740508304,2.0186757740508305,2.384967912387838,4.384967912387838
3100,0.8,1.2,2.0,1.5065495140348655,2.706549514034865,2.4867029730422203,4.486702973042219
3101,0.8,1.2,2.0,0.2607951895201275,1.4607951895201274,2.7411475958782807,4.741147595878281
3102,0.8,1.2,2.0,1.810662268214728,3.010662268214728,1.992947843210568,3.992947843210569
3103,0.8,1.2,2.0,-0.8415689966197958,-0.8415689966197958,-0.00800729303410258,1.9919927069658971
3104,0.8,1.2,2.0,-0.8742084426614648,-0.8742084426614648,-0.9010147042183491,1.0989852957816508
3105,0.8,1.2,2.0,1.248471839105379,2.448471839105379,2.961059798084993,4.961059798084992
3106,0.8,1.2,2.0,1.3792046992218148,2.5792046992218145,1.8059873490568343,3.805987349056834
3107,0.8,1.2,2.0,0.5342559029613863,1.7342559029613864,1.2158909277638776,3.215890927763878
3108,0.8,1.2,2.0,0.9399339281489703,0.9399339281489703,1.4493569813939533,3.4493569813939535
3109,0.8,1.2,2.0,0.8571555198298939,0.8571555198298939,1.6611764640246067,3.661176464024606
3110,0.8,1.2,2.0,-0.5577554132438006,-0.5577554132438006,-0.9711098028309827,1.0288901971690172
3111,0.8,1.2,2.0,-0.13631239210379964,1.0636876078962003,-1.3325336695757277,0.6674663304242725
3112,0.8,1.2,2.0,1.0543709041479448,2.2543709041479447,2.7551714248402552,4.755171424840255
3113,0.8,1.2,2.0,1.8888836871423345,1.8888836871423345,1.0985224657710337,3.0985224657710337
3114,0.8,1.2,2.0,-0.4320981001265497,-0.4320981001265497,1.5779455680051195,3.5779455680051195
3115,0.8,1.2,2.0,0.38823959637588973,0.38823959637588973,3.00422549811831,5.004225498118309
3116,0.8,1.2,2.0,0.48040753409030446,0.48040753409030446,1.4659465073517666,3.4659465073517666
3117,0.8,1.2,2.0,0.7179338499807075,1.9179338499807075,2.884076626659826,4.884076626659826
3118,0.8,1.2,2.0,0.44533234191370147,1.6453323419137014,1.3904297303188395,3.3904297303188393
3119,0.8,1.2,2.0,-0.2931228002047024,-0.2931228002047024,2.1412922146052726,4.141292214605272
3120,0.8,1.2,2.0,1.3739429975450923,2.5739429975450925,1.6679766232903392,3.6679766232903397
3121,0.8,1.2,2.0,0.060807221870041506,1.2608072218700415,-1.2373647852338392,0.7626352147661608
3122,0.8,1.2,2.0,0.26355762895396945,0.26355762895396945,1.220748546164416,3.2207485461644163
3123,0.8,1.2,2.0,-0.8852018905669197,-0.8852018905669197,1.9602917997456215,3.9602917997456215
3124,0.8,1.2,2.0,-0.04979232757816099,-0.04979232757816099,1.5943983445407464,3.594398344540746
3125,0.8,1.2,2.0,1.0888693577362085,1.0888693577362085,1.622074983463137,3.622074983463137
3126,0.8,1.2,2.0,0.9875869560581262,2.187586956058126,2.4278114584783688,4.427811458478369
3127,0.8,1.2,2.0,1.086712061197519,2.2867120611975187,3.0493002804045766,5.049300280404576
3128,0.8,1.2,2.0,1.1748497045123905,1.1748497045123905,2.1718115446424,4.1718115446424
3129,0.8,1.2,2.0,2.369870715489246,2.369870715489246,5.8510319202943535,7.8510319202943535
3130,0.8,1.2,2.0,-0.13694704975517102,1.063052950244829,0.4195761788531678,2.419576178853168
3131,0.8,1.2,2.0,-0.9188984378489856,-0.9188984378489856,1.2172958212529645,3.2172958212529643
3132,0.8,1.2,2.0,-0.7514574244931848,0.4485425755068151,0.8765435263741742,2.876543526374174
3133,0.8,1.2,2.0,-0.1881022061337374,1.0118977938662628,0.12243678896677435,2.1224367889667746
3134,0.8,1.2,2.0,-0.6614076895057188,0.5385923104942811,-0.21056845877926356,1.7894315412207364
3135,0.8,1.2,2.0,0.4357088386900197,1.6357088386900196,2.3485061468661614,4.348506146866161
3136,0.8,1.2,2.0,1.4151760990263749,2.6151760990263746,2.334978115610185,4.334978115610184
3137,0.8,1.2,2.0,2.4193915505198813,3.6193915505198815,4.010618262280465,6.010618262280465
3138,0.8,1.2,2.0,1.3240140542626189,1.3240140542626189,0.9011837355022712,2.9011837355022703
3139,0.8,1.2,2.0,2.8025023717222166,2.8025023717222166,4.565987797729786,6.565987797729785
3140,0.8,1.2,2.0,0.735285729016725,0.735285729016725,2.4170217634880555,4.417021763488056
3141,0.8,1.2,2.0,-1.1892927509729438,-1.1892927509729438,-0.29105191292777566,1.708948087072224
3142,0.8,1.2,2.0,2.4627067924213595,2.4627067924213595,4.429951138502562,6.429951138502562
3143,0.8,1.2,2.0,-1.4068532163580287,-1.4068532163580287,-0.8615768065549225,1.1384231934450777
3144,0.8,1.2,2.0,-0.17844501717299932,-0.17844501717299932,0.2806911492947298,2.28069114929473
3145,0.8,1.2,2.0,0.9007788582407339,0.9007788582407339,1.5793377438135825,3.5793377438135825
3146,0.8,1.2,2.0,0.5093161879693107,0.5093161879693107,1.119578121663074,3.119578121663074
3147,0.8,1.2,2.0,0.5597317154943674,1.7597317154943672,3.9073842621148165,5.9073842621148165
3148,0.8,1.2,2.0,-0.7149649507359312,0.4850350492640687,1.1741224994970416,3.1741224994970416
3149,0.8,1.2,2.0,1.022213564701949,2.222213564701949,1.409088610153772,3.409088610153772
3150,0.8,1.2,2.0,1.57540727412783,2.77540727412783,4.659533133315364,6.659533133315365
3151,0.8,1.2,2.0,0.6011135323690786,1.8011135323690786,1.2223539981548055,3.2223539981548055
3152,0.8,1.2,2.0,-0.602925187995176,0.5970748120048239,0.244730640566365,2.244730640566365
3153,0.8,1.2,2.0,-0.6219887382322152,-0.6219887382322152,1.3591282716091817,3.359128271609182
3154,0.8,1.2,2.0,-0.3498027491983883,0.8501972508016116,-1.3465967372578767,0.6534032627421236
3155,0.8,1.2,2.0,0.7098618336131723,0.7098618336131723,1.351188040804746,3.351188040804746
3156,0.8,1.2,2.0,0.6106599399152008,1.810659939915201,0.8820312073183604,2.8820312073183603
3157,0.8,1.2,2.0,0.5010219133313368,1.7010219133313367,2.240454668826809,4.240454668826808
3158,0.8,1.2,2.0,-1.7898025970357687,-1.7898025970357687,-0.47244836380613325,1.5275516361938668
3159,0.8,1.2,2.0,0.4829171374377846,1.6829171374377845,1.1142606879491794,3.114260687949179
3160,0.8,1.2,2.0,-0.6071738368950228,-0.6071738368950228,0.1295345729794748,2.129534572979475
3161,0.8,1.2,2.0,1.1735921271724195,1.1735921271724195,3.228409931912622,5.228409931912622
3162,0.8,1.2,2.0,-0.09210953234280428,-0.09210953234280428,1.3187098045145307,3.318709804514531
3163,0.8,1.2,2.0,-0.3214614971522147,-0.3214614971522147,0.8309228172447909,2.830922817244791
3164,0.8,1.2,2.0,0.8561562727925419,0.8561562727925419,2.139349774607986,4.139349774607986
3165,0.8,1.2,2.0,2.66424113803517,3.8642411380351698,5.371158074237923,7.371158074237922
3166,0.8,1.2,2.0,1.3511621241670368,2.551162124167037,2.5919241898514525,4.591924189851452
3167,0.8,1.2,2.0,0.37340145997267826,0.37340145997267826,0.6837410621848574,2.6837410621848568
3168,0.8,1.2,2.0,0.6729586414767648,1.8729586414767647,-0.3599690437370966,1.640030956262903
3169,0.8,1.2,2.0,-1.5264285538356752,-1.5264285538356752,-2.143907722770681,-0.14390772277068087
3170,0.8,1.2,2.0,-0.9788570271320371,-0.9788570271320371,-0.6835606931314521,1.3164393068685478
3171,0.8,1.2,2.0,-1.6916660183897365,-0.49166601838973634,-0.5872009645722824,1.4127990354277178
3172,0.8,1.2,2.0,2.4364574048702887,3.636457404870289,3.0185582854558275,5.0185582854558275
3173,0.8,1.2,2.0,2.3203856401491874,2.3203856401491874,3.8668626911906223,5.866862691190622
3174,0.8,1.2,2.0,0.9046124460221987,0.9046124460221987,1.3439670147187497,3.34396701471875
3175,0.8,1.2,2.0,0.8681574127437487,2.0681574127437488,1.109029682381348,3.1090296823813475
3176,0.8,1.2,2.0,-1.5799768238903438,-0.3799768238903438,-0.31959086946144,1.68040913053856
3177,0.8,1.2,2.0,0.5396262951629154,0.5396262951629154,3.0816382956499995,5.08163829565
3178,0.8,1.2,2.0,2.3455278274054017,2.3455278274054017,2.27378419565986,4.27378419565986
3179,0.8,1.2,2.0,0.8195488782404641,0.8195488782404641,2.188686661978109,4.1886866619781085
3180,0.8,1.2,2.0,0.0493605235026876,1.2493605235026877,-0.7796394748414079,1.220360525158592
3181,0.8,1.2,2.0,-1.5541872063646793,-0.3541872063646794,-2.2261363679992163,-0.2261363679992161
3182,0.8,1.2,2.0,1.430893795113491,2.630893795113491,1.5425200120581086,3.542520012058109
3183,0.8,1.2,2.0,0.2162999491174547,0.2162999491174547,2.208799548258056,4.208799548258056
3184,0.8,1.2,2.0,-1.0872586689809556,0.11274133101904438,-0.7529812424318478,1.2470187575681524
3185,0.8,1.2,2.0,-0.21723825751892345,0.9827617424810766,0.10467955075060631,2.104679550750606
3186,0.8,1.2,2.0,-1.1879207005726893,-1.1879207005726893,-0.42542187415461213,1.5745781258453881
3187,0.8,1.2,2.0,0.0739266640475637,1.2739266640475637,0.9147904017037716,2.9147904017037716
3188,0.8,1.2,2.0,0.49036826383056686,0.49036826383056686,0.5605896538877292,2.5605896538877286
3189,0.8,1.2,2.0,-0.11040858235856932,-0.11040858235856932,2.8043519728513058,4.804351972851307
3190,0.8,1.2,2.0,0.8684313472310861,2.068431347231086,1.3306578079451825,3.3306578079451823
3191,0.8,1.2,2.0,0.1521867106304019,0.1521867106304019,0.9813613398204554,2.981361339820455
3192,0.8,1.2,2.0,1.3157617963498638,2.5157617963498637,1.749615199357911,3.749615199357911
3193,0.8,1.2,2.0,0.16868207278678282,1.3686820727867826,1.6259044021829632,3.6259044021829627
3194,0.8,1.2,2.0,3.191147290085098,3.191147290085098,5.189985981838516,7.189985981838516
3195,0.8,1.2,2.0,-0.09922977646548747,-0.09922977646548747,2.541273218494732,4.541273218494732
3196,0.8,1.2,2.0,-0.08576414691332723,1.1142358530866727,0.36368074105115566,2.363680741051156
3197,0.8,1.2,2.0,-0.9168344713198107,-0.9168344713198107,0.9236047574986996,2.9236047574987
3198,0.8,1.2,2.0,0.22712554592253284,1.427125545922533,1.735517213791443,3.7355172137914434
3199,0.8,1.2,2.0,-0.9121090707405519,-0.9121090707405519,1.2673788854696801,3.26737888546968
3200,0.8,1.2,2.0,0.6690823267186679,0.6690823267186679,1.4935493759531084,3.493549375953108
3201,0.8,1.2,2.0,-1.5774046768223327,-0.3774046768223327,-0.8791793882761969,1.1208206117238029
3202,0.8,1.2,2.0,1.0107196683491733,1.0107196683491733,3.179133476924462,5.179133476924461
3203,0.8,1.2,2.0,-0.9431123677878175,0.25688763221218247,0.95033972247416,2.95033972247416
3204,0.8,1.2,2.0,0.45005510018157757,1.6500551001815777,3.2366746690845773,5.236674669084577
3205,0.8,1.2,2.0,1.233230016470519,1.233230016470519,2.517570650146448,4.517570650146449
3206,0.8,1.2,2.0,2.7011842880034025,3.9011842880034022,3.5257007297866783,5.525700729786678
3207,0.8,1.2,2.0,-0.4340933616018978,0.7659066383981021,-1.7980088354765957,0.20199116452340427
3208,0.8,1.2,2.0,0.4458174047274196,1.6458174047274197,-0.10135323049870748,1.8986467695012925
3209,0.8,1.2,2.0,0.08250617152520001,0.08250617152520001,0.8924311305423018,2.8924311305423016
3210,0.8,1.2,2.0,-0.5343739839203011,-0.5343739839203011,-0.7451020227395202,1.2548979772604798
3211,0.8,1.2,2.0,-0.2026115099350585,0.9973884900649415,1.6197602688545116,3.6197602688545114
3212,0.8,1.2,2.0,1.305611771755548,2.505611771755548,0.9832876742556669,2.983287674255667
3213,0.8,1.2,2.0,0.22318857826155575,1.4231885782615559,0.8627138782392246,2.8627138782392247
3214,0.8,1.2,2.0,2.4417589399376025,3.6417589399376022,2.7746966079102786,4.774696607910278
3215,0.8,1.2,2.0,1.2210723703660908,2.421072370366091,3.6292108634131086,5.629210863413109
3216,0.8,1.2,2.0,-0.3701120295229502,-0.3701120295229502,0.11491497589148902,2.114914975891489
3217,0.8,1.2,2.0,-0.2617827042349612,0.9382172957650388,0.9272443990864377,2.9272443990864376
3218,0.8,1.2,2.0,0.06063185760416068,0.06063185760416068,1.4979905502229776,3.4979905502229776
3219,0.8,1.2,2.0,1.9702965771860332,1.9702965771860332,4.320403678792859,6.320403678792858
3220,0.8,1.2,2.0,-0.8382294657004306,0.3617705342995694,1.2123523803259313,3.2123523803259317
3221,0.8,1.2,2.0,-0.4128559502678695,-0.4128559502678695,0.83910089030788,2.8391008903078805
3222,0.8,1.2,2.0,-0.06593470426836501,-0.06593470426836501,-0.7451549405550276,1.2548450594449725
3223,0.8,1.2,2.0,0.6844953172167724,1.8844953172167722,1.1204534466234413,3.120453446623441
3224,0.8,1.2,2.0,1.1798241394725149,2.3798241394725146,1.7910444047068572,3.7910444047068563
3225,0.8,1.2,2.0,1.957066803933171,3.1570668039331706,3.2940924458595005,5.2940924458595005
3226,0.8,1.2,2.0,0.8522078776285363,2.052207877628536,0.9962569708617302,2.9962569708617295
3227,0.8,1.2,2.0,0.14273758014377458,0.14273758014377458,2.1007234428869177,4.100723442886918
3228,0.8,1.2,2.0,1.27580180712339,2.47580180712339,2.2768718886446475,4.2768718886446475
3229,0.8,1.2,2.0,-0.45982503107332406,-0.45982503107332406,-0.25720532131319207,1.7427946786868083
3230,0.8,1.2,2.0,-1.7804844860448705,-1.7804844860448705,-1.5292638341389801,0.4707361658610196
3231,0.8,1.2,2.0,0.8019742916023735,0.8019742916023735,3.640741421513127,5.640741421513127
3232,0.8,1.2,2.0,-0.05271721221275549,-0.05271721221275549,1.913634817357806,3.9136348173578064
3233,0.8,1.2,2.0,0.1121067537681068,1.3121067537681068,1.945505633288236,3.945505633288236
3234,0.8,1.2,2.0,0.8805553720223014,0.8805553720223014,1.0129206397418784,3.0129206397418784
3235,0.8,1.2,2.0,0.6027003307135984,1.8027003307135983,0.8169244862199987,2.8169244862199987
3236,0.8,1.2,2.0,1.6015296664800378,1.6015296664800378,2.0292661125687834,4.0292661125687825
3237,0.8,1.2,2.0,1.6612734404525915,1.6612734404525915,3.0651326794817866,5.065132679481787
3238,0.8,1.2,2.0,0.9173845972631968,2.1173845972631966,1.8916391195746423,3.8916391195746414
3239,0.8,1.2,2.0,0.3307326001947574,1.5307326001947574,1.0230701093805121,3.0230701093805115
3240,0.8,1.2,2.0,0.2622840286539341,1.462284028653934,0.6678957294688888,2.667895729468889
3241,0.8,1.2,2.0,0.23788749534746823,0.23788749534746823,0.6665842500206582,2.6665842500206587
3242,0.8,1.2,2.0,0.0477631436033831,0.0477631436033831,0.697385233775009,2.6973852337750093
3243,0.8,1.2,2.0,3.196035953251875,4.396035953251875,5.3611598901999304,7.3611598901999304
3244,0.8,1.2,2.0,0.7596635569827086,1.9596635569827086,0.2981734428323999,2.2981734428324
3245,0.8,1.2,2.0,1.0957817846984228,1.0957817846984228,2.539285730107569,4.539285730107569
3246,0.8,1.2,2.0,-0.10439364621230496,1.0956063537876952,2.343090383879357,4.343090383879357
3247,0.8,1.2,2.0,1.266930422872451,2.466930422872451,1.9149813286019395,3.914981328601939
3248,0.8,1.2,2.0,0.8553121989747094,2.0553121989747094,1.0564626873696703,3.0564626873696703
3249,0.8,1.2,2.0,1.5290571586436155,1.5290571586436155,3.627758380586558,5.627758380586558
3250,0.8,1.2,2.0,0.7706416200091379,1.970641620009138,0.8235866586440774,2.823586658644077
3251,0.8,1.2,2.0,1.879003148054116,1.879003148054116,3.086186986306949,5.086186986306948
3252,0.8,1.2,2.0,1.758265316378373,2.958265316378373,1.7094746291550724,3.709474629155072
3253,0.8,1.2,2.0,0.361549611146207,0.361549611146207,-0.7895842310134649,1.2104157689865347
3254,0.8,1.2,2.0,0.675226545300909,0.675226545300909,1.716468216706935,3.7164682167069354
3255,0.8,1.2,2.0,1.2834598072164285,1.2834598072164285,0.9459906220172238,2.9459906220172236
3256,0.8,1.2,2.0,-0.30152426933343734,0.8984757306665627,0.7552059088215984,2.7552059088215985
3257,0.8,1.2,2.0,-0.4121981091591824,0.7878018908408175,1.57333962952562,3.57333962952562
3258,0.8,1.2,2.0,0.9399901701852057,2.1399901701852055,4.123105918911567,6.123105918911567
3259,0.8,1.2,2.0,-1.5043265156931045,-0.30432651569310454,-0.5861101965865354,1.4138898034134646
3260,0.8,1.2,2.0,1.226366347331572,2.4263663473315717,3.178096228485936,5.178096228485937
3261,0.8,1.2,2.0,-0.4306792766566283,0.7693207233433716,0.9897731139894683,2.9897731139894685
3262,0.8,1.2,2.0,-0.2991457196278443,-0.2991457196278443,0.09930420107970517,2.0993042010797045
3263,0.8,1.2,2.0,0.38587626289650745,1.5858762628965075,-0.4727961853168683,1.5272038146831324
3264,0.8,1.2,2.0,1.0228599648107972,1.0228599648107972,3.971734387386414,5.971734387386414
3265,0.8,1.2,2.0,0.009208075368844992,0.009208075368844992,-0.1379865460510198,1.8620134539489799
3266,0.8,1.2,2.0,0.5511717984791689,0.5511717984791689,3.0129712737032834,5.012971273703283
3267,0.8,1.2,2.0,-0.38445824820198066,-0.38445824820198066,0.6024623038525592,2.602462303852559
3268,0.8,1.2,2.0,0.04129028222742154,1.2412902822274214,0.05749165688309432,2.0574916568830943
3269,0.8,1.2,2.0,-0.36710714341662687,0.8328928565833731,0.8822827612170852,2.882282761217085
3270,0.8,1.2,2.0,1.3359246436324863,1.3359246436324863,4.305136184435739,6.305136184435739
3271,0.8,1.2,2.0,-1.2799705613781431,-0.0799705613781434,1.4719721134113344,3.471972113411334
3272,0.8,1.2,2.0,0.19641173650336877,0.19641173650336877,0.6184499440441545,2.6184499440441544
3273,0.8,1.2,2.0,-0.022142718012291784,-0.022142718012291784,0.23038102638430868,2.2303810263843085
3274,0.8,1.2,2.0,0.8056336242897653,0.8056336242897653,1.830403086648023,3.8304030866480225
3275,0.8,1.2,2.0,-1.5293375580485316,-1.5293375580485316,-1.0782144613713833,0.9217855386286167
3276,0.8,1.2,2.0,-0.33938127326669243,-0.33938127326669243,1.6339588243606453,3.6339588243606453
3277,0.8,1.2,2.0,0.6859683118463089,0.6859683118463089,2.617776145492156,4.617776145492156
3278,0.8,1.2,2.0,0.9370884163064678,0.9370884163064678,-0.17714331459794908,1.822856685402051
3279,0.8,1.2,2.0,0.6022903619107122,0.6022903619107122,1.9077025474114824,3.907702547411483
3280,0.8,1.2,2.0,-0.8034042277557909,0.39659577224420905,-0.062439199881111754,1.9375608001188886
3281,0.8,1.2,2.0,0.5356098414668098,0.5356098414668098,1.9214423509531895,3.9214423509531895
3282,0.8,1.2,2.0,1.6166324823096017,1.6166324823096017,3.0192962496695346,5.019296249669534
3283,0.8,1.2,2.0,-0.8679260240389973,0.3320739759610025,1.2193688758269845,3.2193688758269845
3284,0.8,1.2,2.0,0.8127098407622945,0.8127098407622945,3.051405543731425,5.051405543731425
3285,0.8,1.2,2.0,0.2687248013233885,1.4687248013233885,0.37087889653586903,2.3708788965358694
3286,0.8,1.2,2.0,0.41694688119943707,0.41694688119943707,1.5601548742565687,3.560154874256569
3287,0.8,1.2,2.0,2.7880886090220103,3.98808860902201,3.0677917669801955,5.067791766980195
3288,0.8,1.2,2.0,0.4092458900891982,1.6092458900891984,-0.057948512459568224,1.942051487540432
3289,0.8,1.2,2.0,0.8279250657265019,2.0279250657265018,1.6373278290312148,3.6373278290312148
3290,0.8,1.2,2.0,-0.5748523925016651,0.6251476074983349,2.064201186869177,4.064201186869177
3291,0.8,1.2,2.0,0.96260490807651,0.96260490807651,0.20713279171150023,2.2071327917115
3292,0.8,1.2,2.0,1.4539908507679997,1.4539908507679997,2.485397893051976,4.485397893051975
3293,0.8,1.2,2.0,-0.23638856590381163,-0.23638856590381163,0.6085236025813707,2.6085236025813705
3294,0.8,1.2,2.0,0.6114842365800642,1.811484236580064,2.010010409543449,4.010010409543448
3295,0.8,1.2,2.0,-0.5701779349900935,-0.5701779349900935,-0.6495016691168375,1.3504983308831626
3296,0.8,1.2,2.0,-0.4582920938704842,-0.4582920938704842,-0.7593282058841664,1.240671794115834
3297,0.8,1.2,2.0,1.6694620511111862,2.8694620511111864,1.37930880672388,3.3793088067238806
3298,0.8,1.2,2.0,-0.0722778622960284,-0.0722778622960284,2.2464712850938633,4.246471285093863
3299,0.8,1.2,2.0,-2.046027022217855,-2.046027022217855,-2.116989459052902,-0.11698945905290214
3300,0.8,1.2,2.0,2.310818395223203,3.5108183952232026,2.841564362723083,4.8415643627230835
3301,0.8,1.2,2.0,-0.13701920015249647,-0.13701920015249647,3.0776641470672175,5.0776641470672175
3302,0.8,1.2,2.0,0.8721667020714516,2.072166702071452,1.5502708758413175,3.5502708758413175
3303,0.8,1.2,2.0,2.422732632033769,3.6227326320337694,3.9530163143443313,5.953016314344332
3304,0.8,1.2,2.0,0.6510548907571124,1.8510548907571123,2.9100645573457875,4.9100645573457875
3305,0.8,1.2,2.0,1.2632170562562217,1.2632170562562217,3.896639682207522,5.89663968220752
3306,0.8,1.2,2.0,-0.57338550152018,-0.57338550152018,-0.8017701632102918,1.198229836789708
3307,0.8,1.2,2.0,-0.9894406462340558,0.21055935376594404,-0.605864391673214,1.394135608326786
3308,0.8,1.2,2.0,0.544818257700368,1.744818257700368,1.987985248816684,3.987985248816684
3309,0.8,1.2,2.0,0.5601199807984188,1.760119980798419,3.2873442426640604,5.2873442426640604
3310,0.8,1.2,2.0,0.6723549172851457,0.6723549172851457,0.822063931360199,2.8220639313601996
3311,0.8,1.2,2.0,-0.13311186047691598,-0.13311186047691598,0.27204130207354027,2.27204130207354
3312,0.8,1.2,2.0,0.7145419925128109,0.7145419925128109,2.263639209357728,4.263639209357728
3313,0.8,1.2,2.0,-1.3894623639943269,-1.3894623639943269,0.19536095090980998,2.19536095090981
3314,0.8,1.2,2.0,1.0016340483377693,1.0016340483377693,2.709532737735367,4.709532737735366
3315,0.8,1.2,2.0,0.9876422308145854,2.1876422308145855,1.3587772900094781,3.3587772900094777
3316,0.8,1.2,2.0,2.7326061157940993,2.7326061157940993,3.373188126600522,5.373188126600521
3317,0.8,1.2,2.0,0.45896334551667317,1.658963345516673,1.6421203447103925,3.642120344710392
3318,0.8,1.2,2.0,-0.6436678812095458,0.5563321187904541,1.4846444120430913,3.484644412043091
3319,0.8,1.2,2.0,0.7898592854071375,0.7898592854071375,1.7784301496193478,3.778430149619348
3320,0.8,1.2,2.0,0.4043675542571227,1.6043675542571227,1.5368438903552764,3.536843890355276
3321,0.8,1.2,2.0,0.4528308232817832,1.652830823281783,0.10565102248329739,2.105651022483297
3322,0.8,1.2,2.0,0.4329458800527019,0.4329458800527019,3.2335419241632883,5.233541924163288
3323,0.8,1.2,2.0,-0.710292062447615,-0.710292062447615,0.47707397709744725,2.4770739770974473
3324,0.8,1.2,2.0,-0.9020943730577101,0.29790562694228995,1.331426349923238,3.3314263499232384
3325,0.8,1.2,2.0,1.0359386511149473,2.2359386511149473,2.247856158170502,4.247856158170502
3326,0.8,1.2,2.0,1.968286341421881,3.168286341421881,3.1103346069003877,5.110334606900388
3327,0.8,1.2,2.0,0.754922143459376,1.954922143459376,0.3716627588790864,2.3716627588790864
3328,0.8,1.2,2.0,1.3325383946336533,1.3325383946336533,0.19460388541671714,2.1946038854167167
3329,0.8,1.2,2.0,1.310653647749432,2.510653647749432,3.427788521949279,5.427788521949279
3330,0.8,1.2,2.0,0.6884125284822922,1.8884125284822921,1.7142178645364614,3.7142178645364616
3331,0.8,1.2,2.0,-0.30879413186937577,0.8912058681306243,0.901432228445264,2.9014322284452643
3332,0.8,1.2,2.0,0.6849043100399872,1.8849043100399872,0.4289147078358586,2.428914707835858
3333,0.8,1.2,2.0,1.1414010162674395,2.3414010162674392,0.8612222575851217,2.8612222575851214
3334,0.8,1.2,2.0,0.9106455491210849,2.1106455491210845,2.893450883270183,4.893450883270183
3335,0.8,1.2,2.0,1.2651070387554013,1.2651070387554013,4.016491940214668,6.016491940214668
3336,0.8,1.2,2.0,-0.04695723926353618,1.1530427607364637,0.2754947485827717,2.275494748582772
3337,0.8,1.2,2.0,0.22359910160104207,0.22359910160104207,1.8457176308617806,3.8457176308617806
3338,0.8,1.2,2.0,0.527670100341009,1.727670100341009,1.8152933071835315,3.8152933071835315
3339,0.8,1.2,2.0,0.12497484134861397,1.324974841348614,0.7886544638611617,2.7886544638611612
3340,0.8,1.2,2.0,1.1795456518269956,2.3795456518269953,3.705896229215073,5.705896229215073
3341,0.8,1.2,2.0,-1.9516246655891698,-1.9516246655891698,-1.4744602697792566,0.5255397302207432
3342,0.8,1.2,2.0,0.7597726262323745,1.9597726262323745,3.153308144350218,5.153308144350218
3343,0.8,1.2,2.0,0.9267695361511374,0.9267695361511374,2.6457034610905135,4.645703461090514
3344,0.8,1.2,2.0,-0.6368626697157269,-0.6368626697157269,0.5026736557384022,2.502673655738402
3345,0.8,1.2,2.0,0.7312880886268107,0.7312880886268107,2.80965250968612,4.80965250968612
3346,0.8,1.2,2.0,-0.2942103637579559,0.9057896362420441,0.9494506867897179,2.9494506867897177
3347,0.8,1.2,2.0,0.2199576649712991,0.2199576649712991,1.1748570112753243,3.174857011275324
3348,0.8,1.2,2.0,2.402059242831121,3.602059242831121,4.817019639197873,6.817019639197873
3349,0.8,1.2,2.0,1.6717650154219181,1.6717650154219181,4.028888179782385,6.028888179782385
3350,0.8,1.2,2.0,0.799372255206888,1.999372255206888,2.8179257870686114,4.817925787068612
3351,0.8,1.2,2.0,0.9002598609096268,2.100259860909627,-1.9745558631998887,0.025444136800111483
3352,0.8,1.2,2.0,0.46141682648749605,1.661416826487496,1.9856580181811325,3.9856580181811325
3353,0.8,1.2,2.0,2.7470785513611995,3.9470785513611992,4.124329935091901,6.124329935091901
3354,0.8,1.2,2.0,1.0604521814564014,2.2604521814564014,1.8644452940483573,3.864445294048357
3355,0.8,1.2,2.0,-0.3530969741381219,0.846903025861878,1.187651286385977,3.187651286385977
3356,0.8,1.2,2.0,-1.711247582239656,-0.511247582239656,-0.9914542457497962,1.0085457542502039
3357,0.8,1.2,2.0,0.8803994117159372,0.8803994117159372,2.4339144355275635,4.433914435527563
3358,0.8,1.2,2.0,0.2868064022302424,0.2868064022302424,0.9139616158810409,2.913961615881041
3359,0.8,1.2,2.0,-1.2348135193964005,-0.03481351939640054,1.0594502091466036,3.059450209146603
3360,0.8,1.2,2.0,0.9782698107813774,0.9782698107813774,2.790336432600734,4.790336432600734
3361,0.8,1.2,2.0,0.21418921007489883,1.414189210074899,1.7455267141806854,3.7455267141806856
3362,0.8,1.2,2.0,0.35290076225418654,1.5529007622541866,1.3947632204455278,3.3947632204455287
3363,0.8,1.2,2.0,1.0063926053714336,1.0063926053714336,3.2067755067253487,5.206775506725348
3364,0.8,1.2,2.0,-0.3867612607805474,0.8132387392194526,1.4492616999971366,3.4492616999971366
3365,0.8,1.2,2.0,1.2785514521813592,2.4785514521813594,2.2629171904731744,4.262917190473174
3366,0.8,1.2,2.0,-0.3824604569534988,0.8175395430465011,1.3514796743240642,3.351479674324064
3367,0.8,1.2,2.0,0.07612008837831069,1.2761200883783106,1.2561736361265432,3.256173636126543
3368,0.8,1.2,2.0,-0.11722040528732974,1.0827795947126702,2.7430737204356976,4.743073720435698
3369,0.8,1.2,2.0,1.72190499329137,2.9219049932913697,3.8802531813284014,5.880253181328401
3370,0.8,1.2,2.0,0.2568367952410436,1.4568367952410435,0.6561669322096194,2.6561669322096195
3371,0.8,1.2,2.0,1.7958939280578154,1.7958939280578154,5.07557178250379,7.07557178250379
3372,0.8,1.2,2.0,1.8226031759735866,3.0226031759735865,0.4133088771749085,2.413308877174908
3373,0.8,1.2,2.0,-0.6818815258927582,0.5181184741072418,0.6600316220840776,2.6600316220840776
3374,0.8,1.2,2.0,-2.5961613964245993,-2.5961613964245993,-2.409186113688329,-0.4091861136883288
3375,0.8,1.2,2.0,1.5420255780923966,1.5420255780923966,4.422549894979499,6.422549894979499
3376,0.8,1.2,2.0,-0.024446281519876212,1.1755537184801237,1.1067101943355873,3.1067101943355873
3377,0.8,1.2,2.0,-0.1786228339581517,-0.1786228339581517,0.15262408707062025,2.1526240870706204
3378,0.8,1.2,2.0,-0.17248438191647325,1.0275156180835268,0.5051767220216068,2.5051767220216066
3379,0.8,1.2,2.0,-0.20431763879988235,-0.20431763879988235,-0.11125164242137608,1.888748357578624
3380,0.8,1.2,2.0,1.7137642027973672,1.7137642027973672,2.3523679656297065,4.352367965629706
3381,0.8,1.2,2.0,0.7276691902124802,1.9276691902124803,1.4441935415862857,3.444193541586286
3382,0.8,1.2,2.0,1.8810640457555108,1.8810640457555108,2.1948851208193734,4.1948851208193725
3383,0.8,1.2,2.0,1.5577338588764345,1.5577338588764345,3.2034734968576846,5.203473496857685
3384,0.8,1.2,2.0,-0.009903525951510173,1.1900964740484898,1.2475387694545383,3.2475387694545383
3385,0.8,1.2,2.0,0.08759919831362267,1.2875991983136226,0.07659707471957533,2.076597074719575
3386,0.8,1.2,2.0,1.1894459347954291,1.1894459347954291,0.6164019611153164,2.6164019611153164
3387,0.8,1.2,2.0,1.313398741572464,2.513398741572464,2.6196706018818725,4.619670601881873
3388,0.8,1.2,2.0,1.3466072419042734,2.5466072419042733,2.7784041638260764,4.778404163826076
3389,0.8,1.2,2.0,-0.22631566427901606,0.9736843357209838,1.194049662413369,3.1940496624133687
3390,0.8,1.2,2.0,0.5219554886885678,0.5219554886885678,1.9709629584720925,3.970962958472093
3391,0.8,1.2,2.0,0.7619296854399862,0.7619296854399862,3.119905978633416,5.119905978633415
3392,0.8,1.2,2.0,-0.4019470302739954,0.7980529697260046,1.249799520432512,3.2497995204325116
3393,0.8,1.2,2.0,-0.8736436863039427,0.3263563136960572,2.6470487417775157,4.647048741777516
3394,0.8,1.2,2.0,-0.6203985829320597,-0.6203985829320597,3.2708302697475937,5.270830269747593
3395,0.8,1.2,2.0,0.43410052103989893,1.634100521039899,-0.20724475754622507,1.7927552424537752
3396,0.8,1.2,2.0,1.3425346904445892,1.3425346904445892,0.2656144266916023,2.2656144266916023
3397,0.8,1.2,2.0,1.4878137086978394,2.6878137086978393,2.299646552934949,4.2996465529349495
3398,0.8,1.2,2.0,-0.934115797903557,0.2658842020964429,0.5180709058641405,2.518070905864141
3399,0.8,1.2,2.0,-0.6548178125637433,0.5451821874362567,-0.10235135399197269,1.897648646008027
3400,0.8,1.2,2.0,-0.006164482118060033,1.19383551788194,1.5985479739031614,3.598547973903161
3401,0.8,1.2,2.0,1.4144116025173474,1.4144116025173474,2.2239659072594415,4.2239659072594415
3402,0.8,1.2,2.0,0.21937083149573067,1.4193708314957307,0.6904076460044276,2.6904076460044277
3403,0.8,1.2,2.0,-0.14364645945486598,-0.14364645945486598,0.17085326435582682,2.170853264355827
3404,0.8,1.2,2.0,-0.596436118991968,0.6035638810080319,0.4137664840493319,2.413766484049332
3405,0.8,1.2,2.0,0.5286997395192174,1.7286997395192174,2.0690736992766725,4.0690736992766725
3406,0.8,1.2,2.0,-0.03568741433969236,-0.03568741433969236,0.22804632916571893,2.2280463291657187
3407,0.8,1.2,2.0,0.058853524711766414,0.058853524711766414,0.9118171949226365,2.9118171949226364
3408,0.8,1.2,2.0,0.7418231440868777,0.7418231440868777,2.6462642338438807,4.646264233843881
3409,0.8,1.2,2.0,1.7750250983863716,1.7750250983863716,2.6749150984779204,4.674915098477921
3410,0.8,1.2,2.0,-0.5169896242800468,-0.5169896242800468,1.5916524490585404,3.5916524490585404
3411,0.8,1.2,2.0,-1.0002147550602587,0.19978524493974115,-1.3587577365997616,0.641242263400238
3412,0.8,1.2,2.0,1.1455183306525771,2.345518330652577,0.6046651629783946,2.6046651629783946
3413,0.8,1.2,2.0,0.6145976890876182,1.814597689087618,1.9451086304851348,3.945108630485134
3414,0.8,1.2,2.0,1.062335295840565,2.2623352958405647,2.3950112241911263,4.395011224191126
3415,0.8,1.2,2.0,0.5700013553600513,1.770001355360051,0.4838748248462146,2.4838748248462146
3416,0.8,1.2,2.0,0.4843252219550668,0.4843252219550668,2.841027139448503,4.841027139448503
3417,0.8,1.2,2.0,0.18624029110378632,1.3862402911037863,3.1342033743755744,5.134203374375574
3418,0.8,1.2,2.0,1.6148827830459003,2.8148827830459004,2.1759117439132387,4.17591174391324
3419,0.8,1.2,2.0,1.7033172527149651,2.903317252714965,4.217938382048696,6.217938382048696
3420,0.8,1.2,2.0,1.952706657516412,3.152706657516412,0.8162533591825665,2.816253359182567
3421,0.8,1.2,2.0,-0.6830734247830398,0.5169265752169601,1.394637647844748,3.394637647844747
3422,0.8,1.2,2.0,1.7703105194021282,2.970310519402128,1.8894807493122434,3.889480749312243
3423,0.8,1.2,2.0,0.46135840167650954,1.6613584016765097,2.6502935208980856,4.650293520898086
3424,0.8,1.2,2.0,-0.5485618015572646,-0.5485618015572646,-0.7055259635222172,1.2944740364777831
3425,0.8,1.2,2.0,1.175006539211375,2.3750065392113746,2.669408495237812,4.669408495237811
3426,0.8,1.2,2.0,1.4437056786987528,1.4437056786987528,1.7086415777902602,3.70864157779026
3427,0.8,1.2,2.0,1.1547129598793644,1.1547129598793644,2.016998112664818,4.016998112664818
3428,0.8,1.2,2.0,0.40214238033751154,1.6021423803375114,3.3370856040624757,5.337085604062476
3429,0.8,1.2,2.0,1.9008068094774675,1.9008068094774675,3.16829630795039,5.16829630795039
3430,0.8,1.2,2.0,0.8776128042612168,2.077612804261217,4.146415910521574,6.146415910521574
3431,0.8,1.2,2.0,-0.5544882592405513,-0.5544882592405513,-0.2613120161341724,1.7386879838658276
3432,0.8,1.2,2.0,0.2130058324717582,1.4130058324717578,2.985464613232061,4.985464613232061
3433,0.8,1.2,2.0,0.8079658705881148,0.8079658705881148,0.11409394818630836,2.114093948186308
3434,0.8,1.2,2.0,0.4496287860361953,1.6496287860361953,1.1845507452258688,3.1845507452258692
3435,0.8,1.2,2.0,-1.2592813450662161,-1.2592813450662161,-1.051242124826627,0.948757875173373
3436,0.8,1.2,2.0,1.5050220985066718,1.5050220985066718,4.147968102928592,6.147968102928592
3437,0.8,1.2,2.0,-0.1756873156446861,-0.1756873156446861,0.8792866123778775,2.8792866123778773
3438,0.8,1.2,2.0,2.1221705393868366,3.3221705393868364,1.0541212973380363,3.0541212973380354
3439,0.8,1.2,2.0,-0.9882196867629458,0.21178031323705415,-1.3551691425586647,0.6448308574413351
3440,0.8,1.2,2.0,0.8967952441307442,2.0967952441307443,1.269135555098514,3.269135555098514
3441,0.8,1.2,2.0,0.3947004056044494,0.3947004056044494,2.725202759745736,4.725202759745735
3442,0.8,1.2,2.0,-0.46146856931291635,-0.46146856931291635,1.3528415483863077,3.3528415483863077
3443,0.8,1.2,2.0,0.03240259665227979,0.03240259665227979,0.744798705964931,2.744798705964931
3444,0.8,1.2,2.0,2.158534719132127,3.358534719132127,2.5353363322446514,4.535336332244651
3445,0.8,1.2,2.0,0.9751720575303394,2.175172057530339,2.912761556680949,4.91276155668095
3446,0.8,1.2,2.0,-0.39038399989744205,-0.39038399989744205,-0.5856910663960782,1.4143089336039218
3447,0.8,1.2,2.0,-1.455029592731115,-0.2550295927311148,-0.08162806970990205,1.9183719302900983
3448,0.8,1.2,2.0,-0.927784687248197,0.272215312751803,0.6404518823550289,2.6404518823550287
3449,0.8,1.2,2.0,-0.19795287271373013,-0.19795287271373013,0.41979771515617526,2.419797715156175
3450,0.8,1.2,2.0,-0.1450144944732193,-0.1450144944732193,1.2451124636827902,3.24511246368279
3451,0.8,1.2,2.0,-0.1984439406877833,-0.1984439406877833,0.5873882560847026,2.5873882560847026
3452,0.8,1.2,2.0,-1.5609266968989015,-1.5609266968989015,0.07733086688227214,2.0773308668822725
3453,0.8,1.2,2.0,0.9905784867080272,0.9905784867080272,1.044649566064307,3.044649566064307
3454,0.8,1.2,2.0,1.7440973869870453,2.9440973869870453,3.5028444420757054,5.502844442075705
3455,0.8,1.2,2.0,2.561380997628387,2.561380997628387,4.88034216064012,6.88034216064012
3456,0.8,1.2,2.0,-1.6482767887703385,-0.4482767887703385,-0.49654579544135974,1.50345420455864
3457,0.8,1.2,2.0,-0.2304954746306953,0.9695045253693045,1.4179852327664448,3.417985232766444
3458,0.8,1.2,2.0,-0.637181838285352,0.562818161714648,0.06426685943100753,2.0642668594310076
3459,0.8,1.2,2.0,0.5773917638512471,1.777391763851247,2.4231712209980216,4.423171220998022
3460,0.8,1.2,2.0,-0.48810902467070205,-0.48810902467070205,0.7315803987796534,2.7315803987796534
3461,0.8,1.2,2.0,2.2128094326576706,2.2128094326576706,2.0852322728237196,4.0852322728237205
3462,0.8,1.2,2.0,0.11973016490537333,0.11973016490537333,1.6574181152683891,3.6574181152683893
3463,0.8,1.2,2.0,-0.01765502096053774,1.1823449790394622,-0.9148070895758609,1.0851929104241393
3464,0.8,1.2,2.0,1.6783645543355454,2.8783645543355454,2.684911512325774,4.684911512325774
3465,0.8,1.2,2.0,0.6313881528985289,0.6313881528985289,1.3454558208394676,3.3454558208394674
3466,0.8,1.2,2.0,1.5194717671956892,1.5194717671956892,2.4841249246223116,4.484124924622312
3467,0.8,1.2,2.0,0.15793919990801475,1.3579391999080146,1.6024195986342626,3.6024195986342624
3468,0.8,1.2,2.0,-1.4392976247982028,-1.4392976247982028,-1.5277828554454098,0.4722171445545902
3469,0.8,1.2,2.0,0.31596114991670443,1.5159611499167043,2.1123823516584936,4.112382351658494
3470,0.8,1.2,2.0,2.967895964049218,2.967895964049218,4.21197268007415,6.21197268007415
3471,0.8,1.2,2.0,0.6694309646283285,0.6694309646283285,0.743077024110379,2.743077024110379
3472,0.8,1.2,2.0,0.6835743520979007,0.6835743520979007,2.96111359880212,4.961113598802119
3473,0.8,1.2,2.0,-0.14771666673645678,-0.14771666673645678,1.2761704258622033,3.2761704258622033
3474,0.8,1.2,2.0,1.5763808542642814,1.5763808542642814,3.3172684898757194,5.31726848987572
3475,0.8,1.2,2.0,-1.2504217900301873,-0.0504217900301871,0.9043479289866373,2.9043479289866374
3476,0.8,1.2,2.0,-0.8838338029435229,-0.8838338029435229,1.6384931640100884,3.638493164010088
3477,0.8,1.2,2.0,-0.7001373017058222,0.4998626982941776,0.45214803293424827,2.452148032934248
3478,0.8,1.2,2.0,2.3876442592342846,2.3876442592342846,3.040421623073038,5.040421623073038
3479,0.8,1.2,2.0,2.739281263212626,2.739281263212626,2.537168829555424,4.537168829555425
3480,0.8,1.2,2.0,0.0542813364208522,0.0542813364208522,1.2646508800148621,3.264650880014863
3481,0.8,1.2,2.0,-0.323880283186568,-0.323880283186568,1.6709165226384286,3.6709165226384286
3482,0.8,1.2,2.0,-0.8735581644280751,-0.8735581644280751,0.6586259057196799,2.65862590571968
3483,0.8,1.2,2.0,0.8704562700460589,0.8704562700460589,-1.3791774167045223,0.6208225832954781
3484,0.8,1.2,2.0,1.0550246598482045,2.2550246598482047,3.187094753248062,5.187094753248062
3485,0.8,1.2,2.0,1.5518589827308285,2.7518589827308286,3.658226623195848,5.658226623195848
3486,0.8,1.2,2.0,1.735119951506308,2.935119951506308,2.6501727165674236,4.650172716567424
3487,0.8,1.2,2.0,0.5224506495666275,0.5224506495666275,2.657394036307657,4.6573940363076565
3488,0.8,1.2,2.0,1.135686469494526,2.335686469494526,2.8167576137111965,4.8167576137111965
3489,0.8,1.2,2.0,-0.17378616791739188,1.0262138320826082,0.1586088397533416,2.1586088397533416
3490,0.8,1.2,2.0,0.965864617631465,0.965864617631465,3.189713790029669,5.1897137900296695
3491,0.8,1.2,2.0,-0.37094256610247645,-0.37094256610247645,-0.8808931478205354,1.119106852179465
3492,0.8,1.2,2.0,0.6728650633209952,1.8728650633209951,1.4245580905180981,3.424558090518098
3493,0.8,1.2,2.0,0.7938969807048024,1.9938969807048024,1.5804917715456752,3.580491771545675
3494,0.8,1.2,2.0,0.641239273575793,0.641239273575793,0.8640915533074979,2.864091553307498
3495,0.8,1.2,2.0,1.7267834975606333,1.7267834975606333,3.318739884810451,5.3187398848104515
3496,0.8,1.2,2.0,-1.0829382397233394,0.11706176027666082,1.2190712142746158,3.2190712142746163
3497,0.8,1.2,2.0,-0.26387333095764076,-0.26387333095764076,2.18456379907928,4.18456379907928
3498,0.8,1.2,2.0,0.5537350233766019,1.753735023376602,2.493262369404942,4.493262369404942
3499,0.8,1.2,2.0,-1.0126974269799602,0.18730257302003972,-1.754909293398014,0.24509070660198606
3500,0.8,1.2,2.0,0.2715425488563498,1.4715425488563496,0.05452829025326733,2.054528290253267
