id,z_instrument,d_treated,x_baseline,y_outcome
1,1,1,0.42577260363728225,5.514105653134682
2,1,1,1.0192760095879403,5.722626858002396
3,0,1,-0.23590558892402907,4.164108959381973
4,0,0,-0.6372382182414937,2.270337088715418
5,0,1,-0.803536851017688,3.920337334056182
6,1,1,1.342987495157614,4.414705545209857
7,0,1,0.37279224167308367,5.821139015240092
8,1,1,1.0179157302545534,3.8491831375589127
9,0,1,1.145839736466129,4.130951799269526
10,1,1,0.6707292466876636,4.266022731709816
11,1,1,-0.5546144188065107,6.635475470219744
12,1,1,-0.4937057619054131,3.436267611833782
13,1,1,1.2219440385440958,5.134613767396153
14,1,1,0.47700739365366246,2.620649274793429
15,1,1,0.27283047672989524,1.639102908170897
16,1,1,-0.9673894315972844,2.4721043665840865
17,1,0,0.9557678523188516,1.6095336758528516
18,1,1,0.4450470725329941,6.6627157785774465
19,1,1,0.20089257904504504,6.737955239463261
20,1,1,-0.42818215857543906,2.8601586184396384
21,0,0,-0.5123901527600881,-4.7337412797965825
22,0,1,0.07109171411670143,4.256257409441994
23,1,1,-0.2081529454134921,1.5047599082547523
24,1,1,0.6989025244178112,4.4047564497348075
25,0,1,0.2152656280536798,2.7670390669012788
26,0,1,0.5211633633776123,2.604632052861336
27,0,0,-0.2029724401366608,-2.50461682013536
28,1,0,-0.39240231411932625,1.3938247212380914
29,1,1,1.3627173063949034,6.656846906288004
30,0,1,-0.1294590183183566,-0.38008343919732024
31,1,1,-0.10112231550143941,3.3429799805764935
32,1,1,-1.4018632697706939,1.684894944057372
33,1,1,-0.3137596843700668,2.3315801091701305
34,1,1,-0.009448548071298944,2.8873380693525785
35,0,0,0.1401867697611774,1.5602462840597522
36,1,1,1.7184392519686977,3.268018515302381
37,0,0,1.2310079882287097,-1.2894964335990957
38,1,1,-0.06932689669067042,3.489469717447907
39,0,0,0.5473932552416259,0.543587179250773
40,1,0,0.5405650358184874,3.0694166555400395
41,1,1,1.5058122365136968,5.159656838050669
42,0,0,0.5826478178166723,2.4737854172810736
43,0,0,0.13128283657329537,5.247391857839231
44,1,1,-0.3640546464082158,1.8783240295597214
45,1,1,0.7866762477951411,3.774472626826025
46,1,1,0.04405875391750843,2.4079362327081903
47,0,0,-0.10114908827149212,-2.6698762973264425
48,0,1,-0.33590740925653023,4.10806082516339
49,0,1,-0.0688717321256887,3.1888343056588204
50,0,0,-0.15141795785388937,-1.4339131960060378
51,0,0,-1.825717696098795,0.44202699184819516
52,1,1,0.5118291809613976,3.456378574515922
53,1,0,1.3736131476378206,0.8976948959363664
54,0,1,1.2598483834702745,1.5733982222128344
55,1,1,0.09461538706524282,3.056360540864929
56,0,0,-0.5768351612781213,-0.03268441896972207
57,1,1,0.22627366210960978,3.8993118383620904
58,1,1,-2.026770061909238,0.9962590269222784
59,1,1,-0.498256579271971,1.9754747050321577
60,1,1,-1.3186338341405575,2.5103562868394778
61,0,0,0.20005314351593728,0.2317218768792646
62,1,1,0.7817528956547976,4.279665548843763
63,1,1,0.43150162288255217,4.130633178261206
64,1,1,1.2241179542279286,4.725081554674189
65,0,1,0.25398774528180734,5.372200999748459
66,1,1,0.18317442391586775,3.0050229822512637
67,0,1,-0.7269082683872116,1.5019683387129004
68,1,1,-0.7712784005091332,1.5134095042740685
69,1,1,-1.4146220850500784,2.812946233524189
70,1,1,-0.7561958624722119,1.5137484095427154
71,0,0,-0.07162213100195579,2.533425381019634
72,1,1,-0.21131398682280947,5.563072138537292
73,0,1,1.6736551856069213,6.206255207965988
74,1,0,-0.22648363816863276,-0.9868769313394048
75,1,1,-1.562213212357529,4.020836851039039
76,0,1,-1.3485344390766247,3.3702493111585667
77,0,0,-0.07453179404932182,0.37317818764834554
78,0,1,1.6945605704374787,3.4037836198668057
79,1,1,-0.1949364034700809,3.0112579429962407
80,0,1,-2.5638381911414556,1.648907760001808
81,1,1,0.07545142428110913,2.758464383826831
82,0,1,0.3577185891595686,6.5016110289829605
83,1,1,1.6453689296874066,3.5204103313300568
84,0,0,-0.5563680921460711,-0.4052142034345474
85,0,1,-0.6619648677615999,1.9774700288741172
86,1,1,0.7068223973913045,3.330801229293047
87,1,1,1.359827635691682,6.150324503386047
88,1,1,0.6780394616855289,5.361220761499965
89,1,1,-0.23081045659138574,1.7036492870681856
90,0,0,-1.3239796966490878,2.350185665787662
91,1,0,-0.6039797170122619,2.4403402407393395
92,0,0,-0.8474212316847529,0.510591263533349
93,1,1,0.41501010470429434,2.8329448500034506
94,1,1,-0.2593126286889687,3.749728714325216
95,0,1,0.9635023257639984,5.116158588869517
96,1,1,-1.0816909779943258,1.6058782843406958
97,1,1,-1.459061419076887,1.520488003607566
98,1,1,-1.0749704548832297,2.081326581409598
99,1,1,2.1645519950078986,5.852994757928002
100,0,0,-0.3933538017514861,0.6760890917338214
101,0,0,0.5795475198635325,0.6083275060667273
102,1,0,-0.09139044911062283,2.5803141342305036
103,0,1,-1.1820120741684803,4.500347328136947
104,1,1,0.9181683850068953,5.7388553368555675
105,0,1,-0.17666288430196384,2.2704310884501315
106,1,1,0.15892765646592788,3.845841052835083
107,0,1,-1.2700279077316134,3.94367293391441
108,0,1,-1.3636123424422153,5.085256792083183
109,1,1,1.0463114759270564,5.6221278839593785
110,0,1,2.759555833400525,6.854757151951794
111,1,1,0.2648918470501046,4.403475000413974
112,1,1,-0.9620938556336104,4.6761069232325685
113,1,1,0.10895037512372296,3.5623218837626807
114,1,1,1.4393800077892476,6.440982517215214
115,0,0,-2.424847816441273,1.0697033789648258
116,1,1,0.018568285108337523,5.06586093144935
117,1,1,1.6270833456682072,3.658124566574868
118,1,0,-0.1641224102537477,1.7412462590529851
119,0,0,-0.23695421007731982,-0.6507180389958018
120,1,1,0.39997384285911436,-0.7018240649197649
121,0,0,-0.666220047899029,-1.7312997294412098
122,1,1,-1.0880093343929558,3.572471905425525
123,1,1,-0.6948090659026536,3.573819863768994
124,0,1,-0.6186827503895671,1.0781967727550092
125,1,0,0.09139913144598119,0.9369703278079136
126,1,1,1.473799623541366,4.428453915758702
127,1,1,0.32746943282833113,4.636619419191426
128,1,1,0.9799097802830266,3.599478519283582
129,0,1,1.430253062672528,4.4965494096290595
130,0,1,1.7109711179995388,3.320839364458937
131,0,1,1.0617455083259715,5.655435235237934
132,0,0,0.5625171160419729,0.10059282595205432
133,1,1,-2.0122731515696333,0.917406612890276
134,1,1,0.10231839013097582,2.175051594173374
135,1,1,0.6863219556552543,7.480136326300997
136,0,1,-0.1016363599708157,3.65082258994602
137,1,1,-1.2752443278557826,4.5901406653707575
138,0,0,-1.3752238666593244,-0.7043073972684804
139,0,1,-0.10473091505912187,3.2483488954214943
140,1,1,0.6081419727690474,5.405990106166088
141,0,1,-0.7698914419650783,2.8137482192472514
142,1,1,0.9831279048205633,3.5590854930127818
143,1,1,1.2350623565702983,5.331359675414135
144,1,1,0.6041541625368723,3.460907543387883
145,0,0,-0.7643057514842182,-0.8079048814142646
146,0,0,0.8421836283008353,0.8100839427229345
147,0,1,-0.008717815726752332,2.877030062142528
148,0,0,0.8543287793771733,0.21268444144152998
149,1,1,0.24797151733300016,3.186001237049596
150,0,1,0.6023079516251655,4.233324385130218
151,1,1,-0.654628084078249,2.7327802823836227
152,1,0,0.9447085265083672,0.03303202532404936
153,1,1,0.250897950275703,4.6867180332823315
154,0,0,-0.037647953891358055,1.0331553888564966
155,0,1,0.7052674564494378,3.6790184612658314
156,0,1,0.7515966890301424,6.198217148022618
157,0,1,1.8830216250841934,4.991756085792899
158,1,1,-0.18321824901997166,4.1851299448854675
159,0,1,-0.3997094802890292,1.109263048946647
160,0,1,-0.01183349089031368,4.584842863051291
161,1,0,0.13175055874243172,0.5965891216680556
162,1,0,-0.9848546734159593,2.1060237243532307
163,1,1,-1.1092229696995506,3.692174647782636
164,0,0,-0.23294584296931511,-1.8321159413744923
165,1,1,0.664382198185571,4.398066343850905
166,1,1,0.1278557455169786,5.456795991369097
167,0,1,0.743618673353388,3.563050816013706
168,0,1,1.3963443871459278,5.1086326683758285
169,1,0,-0.8949214089652373,1.0556245763165337
170,0,1,2.07077324602235,3.9131830255055915
171,0,0,0.0394784906822306,-1.7385554131918517
172,0,0,0.07340355603531293,1.5956858239255138
173,1,1,-0.12536940538443217,4.85539327384606
174,0,0,-0.10299287683251182,-0.05796028815097953
175,0,1,0.4508841379338051,3.0624044076723913
176,1,1,-0.6148327186885224,2.5005329596073946
177,1,1,-0.08723450392294949,2.3976678434636143
178,1,1,0.5015030201281964,6.538728606605167
179,1,1,0.43833886742262335,4.050441841113281
180,1,0,-1.1278689670541722,-1.1701702887378451
181,0,0,-0.4554698925303246,-1.7682004260036925
182,1,1,-0.9083823543294383,0.48101144062148915
183,1,1,2.2548022258817153,5.049874779483856
184,0,1,-0.9213492294636064,3.8686604175359047
185,1,1,-0.04278933240057959,3.6382632773686474
186,0,1,-1.0851223869685094,0.6487579377026378
187,1,1,0.5136971729854709,1.8596212648891939
188,0,0,-1.0910637418613691,1.946171316930176
189,0,1,-0.29769457530786897,5.280584295360683
190,0,0,-0.36523327235207986,-2.3480185010284673
191,0,0,-1.8817373282321344,1.5742712701758346
192,0,1,0.7391816683582422,1.653630178872174
193,1,1,-1.5162540552626187,1.7961485196182325
194,0,1,-0.1093054457041218,3.8539308883425396
195,0,0,-0.019895163212935534,-1.699929409062187
196,1,1,0.8166929739931248,4.626721750998366
197,0,1,0.9982633445131466,3.8467559016069504
198,0,1,0.7116905214487034,3.485355418833368
199,1,1,0.4257252889725113,6.4070939677771275
200,1,1,0.06715225275390575,4.039274998919684
201,1,1,-0.9307249317239868,2.099959077399579
202,1,0,-1.3839744138567531,2.0582472331814907
203,1,1,0.9667970989677015,3.007910605396168
204,1,1,-0.9676805059353095,2.538368376865009
205,0,0,-0.506588425988132,-2.929438477887323
206,1,1,-0.34783211017385685,3.593891917651568
207,0,1,-0.4665725024441987,4.680995344935297
208,0,0,-0.4161043316614635,-1.0931707763029008
209,0,0,-2.0084607573560724,-0.5297677935955962
210,1,1,-1.8339850983187271,3.1319259146427463
211,0,1,0.7922521115153237,5.457173667780024
212,1,1,-1.64999531649461,1.3188867144289302
213,1,1,1.0380422461407333,4.516286293606192
214,1,1,-0.5427037017415931,2.3354542262913873
215,1,1,0.30261354019971254,6.362248511334515
216,1,0,0.5106318209585842,0.8443944153837293
217,1,1,-0.5291163744469622,3.280190795530311
218,1,1,-0.10794593914815222,3.457333837956182
219,0,0,-1.159757984601657,-2.67527990954311
220,0,1,0.46264196708604477,5.005922535889457
221,1,1,-0.5403358771292219,9.291548637917582
222,1,1,-0.9884836316168732,3.1793538467044007
223,1,1,-0.28063674864876803,2.047507290143386
224,1,1,0.6152422633412454,3.783559369785949
225,1,1,1.3333357824222596,3.3085989730459584
226,1,1,-0.5467336660192118,5.560025666264761
227,0,1,-2.0759879959019365,0.35222200097530165
228,1,1,2.695372166428046,3.5881805588049396
229,1,0,0.5169217434172237,-1.65023689924804
230,0,0,0.5574355015847031,2.5903606683423748
231,1,1,-0.4607696884998384,-0.32611455625523034
232,1,0,-1.2230098404252723,-0.10438595950197394
233,0,1,-0.5135054962152051,4.885660138611062
234,1,1,-0.3722751957307454,4.344955221220775
235,0,1,-0.4035297529878356,4.212312927653905
236,1,1,-1.0593804812656482,4.147749604826688
237,1,1,1.2238885494941114,3.1654733821446004
238,0,1,0.3388795211123248,3.9160097682698534
239,1,1,1.509740770061222,4.497416306593438
240,0,0,-0.6428140092693855,1.8129028752658374
241,0,1,-0.906524560679721,0.48040143328175544
242,1,1,1.1846531120045287,4.570094576001978
243,1,0,-1.280966914886802,3.1760596952266154
244,0,1,-0.31079000740093693,2.2414925398782137
245,0,1,0.41313784117225577,3.3785995907838937
246,0,0,1.3374845436294147,1.2432436447997377
247,1,1,2.764662081842378,6.772809759626436
248,0,0,-1.0028275752735394,2.8964492397536077
249,0,0,-0.6476277235950307,-0.9081148391327387
250,1,1,0.6927568875731447,3.8520272337279753
251,0,1,1.44081685185721,2.994709583452143
252,1,1,0.6076581859026777,4.6890684886512695
253,1,1,-0.5875358995873404,2.195363987256764
254,0,1,-0.4643975083136047,3.4999201199780545
255,1,1,-0.3086273615803725,4.377427200070273
256,0,0,1.9895553219271365,3.5720436467837464
257,0,1,0.36555838812675434,2.4560755934596568
258,0,1,0.1038777780431832,4.467471524260413
259,1,0,1.2868062643580176,0.3306409354306532
260,1,1,2.256880665225022,3.8637042553547087
261,0,0,-1.4480667148825586,0.17928108076941962
262,1,1,0.7538433260846561,7.249978727529203
263,0,1,-0.013495846442496448,5.793239881514273
264,1,1,0.09752297898372397,3.1180069192351176
265,1,1,-0.029705027807368854,2.7638245400924673
266,0,0,-0.8374083257676389,0.1513970988926444
267,1,1,-0.25113244171346694,1.9947000849210552
268,0,1,0.35468718941913013,6.1337808115307055
269,0,1,-0.956940226329448,3.038913900304795
270,1,1,0.5756330699767424,4.288795387348595
271,0,0,-1.4668149741262595,-0.7082651273828848
272,1,1,-0.6658943665348667,3.031599343412015
273,1,0,-0.7108902398692095,1.59014576567722
274,1,0,-1.2257535532174433,-0.7545153355087866
275,0,0,-0.727721568357206,0.4544432628247298
276,0,1,-1.3583846075574473,1.2954691180733091
277,0,1,1.1171618080200902,0.7989272304077932
278,0,0,-2.3919277455314374,-1.4351312256225928
279,1,0,-0.3591692552723914,0.17198388107916335
280,0,1,1.0291151827617488,0.539724227428042
281,0,0,-0.4260682768496798,2.043667888154201
282,1,1,0.5993328797813061,0.9283642247824726
283,0,0,-1.825232664614134,0.1644238670290026
284,1,1,1.48012607901634,5.579489188579301
285,0,0,0.2877217939824027,-2.0497526925087266
286,0,1,0.629346430227316,4.2847395414836775
287,1,1,0.2175865323242909,6.9988654410908335
288,1,1,1.0087493465782682,5.051233140894178
289,0,0,-0.6778161738614459,0.5931355232783154
290,1,1,0.35965681706235647,2.400224660711969
291,0,0,-0.6613097275509706,0.7578593306240059
292,1,1,0.11005590958426184,3.5471060454474035
293,1,1,1.1870968950933827,3.757263915427191
294,0,0,0.7334282912472072,2.7323394577181626
295,0,1,-0.6583665452492306,5.680749553086713
296,1,1,-0.7289626681939698,2.2966942302498587
297,0,1,0.17890455231914737,3.1113128515723663
298,1,0,0.07070263917223459,-0.2853981629754324
299,1,1,0.8345066916539451,5.282183881468235
300,1,0,0.77740468132405,0.3274827178873799
301,0,1,-0.6737704015989684,4.993581779946153
302,0,1,-2.08769195255933,2.783313319480411
303,0,0,2.080727429666952,3.84464548492261
304,1,1,-0.5489511496961188,3.8755345003025568
305,1,1,-0.8560933599281592,6.762343447943465
306,1,1,0.5689614763987945,1.7194378125332332
307,0,1,0.262429961618164,4.355920456097602
308,1,1,0.4740449985851624,6.236510644131807
309,1,1,0.7888288342262694,4.05423143755238
310,1,1,1.1135103677538785,4.720256109007672
311,0,1,0.24489978160551076,6.576063277352447
312,1,1,-1.2495706521814816,1.512390128399761
313,0,0,2.072491330583345,3.6877681007417102
314,0,1,1.433594821876968,1.3654802788559819
315,0,1,-0.11110571988075263,2.9543250321567527
316,1,1,3.4006888751683957,4.874064051586478
317,1,1,1.0960768954218616,6.665137099606569
318,0,1,-0.7639464980292653,2.1838800860464986
319,0,0,-0.24687987236660688,0.3077618326374442
320,0,1,0.7420093787755165,3.9961523862102832
321,1,1,0.656361006172112,2.8079084903234195
322,0,1,1.1008926077787806,5.651328129553008
323,0,0,0.6732819759567691,-1.0064430462076877
324,1,1,0.681290952061879,5.011003237689813
325,0,0,-1.546365253410678,1.1235466534096288
326,1,1,1.7446239716398002,4.9795619938822995
327,1,1,1.1193996441697625,4.312148593516068
328,1,1,0.11946863613557811,6.448070273407652
329,1,1,-1.1698784763912546,3.4158811053161546
330,0,1,2.15402471567939,6.3572652905472395
331,0,1,0.276019484516292,3.0609330379602984
332,1,1,0.0035580380986938204,2.754152876925712
333,0,1,-0.7540043630206524,2.293953468581982
334,0,1,0.7678971646600385,1.5023275561317708
335,0,0,-0.6174087101015454,1.1857170987397359
336,0,1,0.9331447519142251,4.031076654166885
337,1,1,-0.14475257639995007,4.135332133705644
338,0,1,1.2105380901940235,4.647330983984794
339,1,1,1.6279180149533956,3.606993554977991
340,1,1,1.3999303018340281,4.852908521810562
341,1,1,-0.3566182299913379,3.902601250314622
342,0,1,2.2583237910621494,6.053384606060131
343,1,1,-0.9624275770249028,1.366615457635846
344,1,1,0.03273011845117967,6.255801817448671
345,0,1,-0.7142771124805719,2.409560073410273
346,1,1,0.744773950961094,4.742403981807321
347,1,1,1.321938465286453,2.0790392861301026
348,1,0,-0.688167542218491,-1.2262135525462345
349,1,1,2.1769908810878107,3.548967782322843
350,0,1,1.234216519959923,3.570300811470692
351,0,1,1.4324383060972377,2.2735038762461466
352,1,0,-0.9032850901282007,0.8719548786589623
353,0,0,0.13739965238075955,-1.890309864682798
354,1,1,-0.05556134133080037,1.8745071508702003
355,0,0,-1.4302872556243353,-1.2252273972584478
356,0,0,-0.3415660399168609,1.273123628863565
357,0,1,-0.6439124370065177,3.389641095607147
358,1,1,-0.3537471696353786,4.371080667520738
359,1,1,1.21745305744036,7.01409406057205
360,0,0,0.2701526593958014,1.5852005352656895
361,1,1,0.39250281663732334,2.4528713684280095
362,1,1,0.7968986278046521,3.3826931456456926
363,1,1,-0.12287730501437942,3.6304877733801884
364,0,1,1.1114863604817498,4.2340075712847
365,1,0,0.05835873818951505,-2.679616860147668
366,1,1,-0.7574403127634536,4.589678891891346
367,0,0,-0.9762697283639032,1.0108169211558062
368,0,0,-0.8524992023204366,-1.0288627910448336
369,0,1,1.0268823020594393,4.043714913373341
370,1,1,-0.27020057614729365,3.9835847915340974
371,0,1,-0.7194289085342805,3.9339525161135227
372,1,0,-1.1178791638814165,-3.2417509511368237
373,1,1,0.004169895210427517,3.1943423573232694
374,0,1,0.2631729142514762,3.9475490076699566
375,1,1,-1.1673900889450963,0.9609206446130483
376,1,1,-0.48729720653502434,2.9418802021062156
377,0,1,-0.5238890775129146,1.2889523264482199
378,0,1,-0.22501230246880666,2.96356017973614
379,1,1,1.6970429540437242,3.096482128353569
380,1,1,-0.07765781348344361,1.3188304156769308
381,1,0,-0.48519666449400684,4.172161169342562
382,1,1,-0.18568933306114915,3.836332433105439
383,1,0,-1.8902455950873296,1.5873823047179922
384,0,0,1.0888537614492946,0.4183240379961996
385,0,1,-0.8702753185277387,3.50482935480475
386,0,1,-0.7247119631816504,0.9826420019241828
387,0,0,0.18916598518861966,0.6761336360376703
388,0,0,-1.1856226737858204,-1.0311016997129645
389,0,1,0.617448647002007,4.627391355663866
390,0,1,-0.48422707034125106,1.0233678395301316
391,1,1,1.5147976069980487,1.9889809714945996
392,0,0,-1.0025096512312464,0.5764383061733165
393,1,1,0.18121628538211845,5.69234570535013
394,1,0,-0.7405492633612091,-0.558732666473664
395,1,1,1.9947660367682511,4.935566571197699
396,1,1,-1.9182349286505305,2.6369905147221226
397,0,1,0.7869805199500974,7.006874197943891
398,0,1,1.3266894681956394,6.43877009436593
399,0,1,-1.4090202574667008,3.5092897290230707
400,0,0,-1.399954397496673,-2.5188600564650976
401,1,1,-1.1037510593974027,1.7505657532281993
402,0,0,-0.5493391573442564,0.9303470477529824
403,1,1,-1.1031323112748435,2.965983504069088
404,0,1,-0.5707773004424279,1.8772759078821954
405,1,0,0.1509115233895622,-0.31584523974536816
406,0,1,-0.7593654544369733,2.9885802584326777
407,0,1,-1.029636603293744,2.522548074714646
408,0,1,-0.03446879004185322,2.7411385014424785
409,0,1,1.9862118228438723,3.161773827261861
410,1,1,-0.27049494168779803,1.214029387490155
411,0,0,-1.8288890976283954,0.11902088062304128
412,0,1,1.0885275979998137,5.418390693922813
413,1,1,-0.19109557579967015,2.8061464632572397
414,0,0,-0.7780109636646901,1.6334444244230604
415,1,1,-1.1732781910617367,-0.6462914497760659
416,0,1,1.6045655927909088,4.765278070566228
417,1,1,0.8345518992575222,2.7621635422515793
418,0,1,-0.16327489682798738,1.8509339297358491
419,1,1,0.42488558726541625,2.4453296059972223
420,1,0,0.044982767494440634,0.5302078460919346
421,1,1,-1.401768125068537,0.857971157952109
422,1,0,-0.17106170727344766,-0.1625152115185834
423,0,1,2.062461467706273,4.151407242293794
424,0,0,0.3315395497489998,4.3425913611233815
425,1,1,-2.1886908219495127,1.620866883745196
426,0,1,-0.26695410542800097,1.9680068972271085
427,0,1,-1.1359212562347007,0.6790783902810762
428,0,1,-0.39603606571316285,3.287601780760226
429,0,0,1.6872299097219101,3.721760115816501
430,0,1,1.5702724233501066,4.314846319198439
431,0,1,1.373844205535413,2.9833411996399426
432,1,1,1.1082300790253643,3.7335016335592015
433,1,1,1.31965423748305,5.65153692207315
434,1,1,-2.1328486680694785,1.0160479412772925
435,1,1,1.6745836561801652,5.021039188449153
436,1,1,0.35572865940292864,3.7216339322622547
437,1,1,1.4266282118447984,3.643137467869055
438,0,1,-0.9686453708705015,0.7454583986511094
439,0,1,0.3004021091738125,4.705488849029036
440,0,1,0.30212615029932033,4.1198855836017145
441,1,0,-0.6426397362582627,0.15373239575111497
442,0,0,0.10984550639221101,0.6901188463340884
443,1,1,-0.49966627923782053,2.0031436550351627
444,1,1,0.07138224272899987,3.3628537423162204
445,0,1,1.0055835112308331,6.253543933019102
446,0,0,-0.45782268855288355,-0.882568503048013
447,1,1,0.05455892970234537,1.9580175552396666
448,1,1,0.48968376045275674,4.092175066358731
449,1,1,-0.1916152504133747,1.9477727979074109
450,1,1,-0.30595456729123716,5.054038915408601
451,0,0,0.5993009215657336,-1.9810258357093256
452,0,0,-1.0752086434707264,0.24680904216141525
453,0,0,-0.990019080734701,0.5043315651469102
454,1,1,-1.4859476684144015,4.575806398769821
455,1,1,-1.4117101775584175,3.6366054920549598
456,0,0,1.0308867330851887,1.7142512903997609
457,1,0,-0.13531982463634465,-0.047954578121294666
458,1,1,2.4082930869849575,3.8215412445478987
459,1,1,-1.3084625528189733,2.26595946422515
460,1,1,0.6071190296321546,6.873909045939177
461,1,1,0.6412588725926153,3.456834490382316
462,1,1,1.301602781716892,4.783921091381044
463,1,0,-1.0690924296091506,1.2141247627405842
464,0,1,-0.9302733663575278,2.5842663452900556
465,0,0,1.7788689660411585,-0.12142601150440185
466,1,0,-1.477007380073574,-1.7004923470724718
467,0,1,0.5855522921994749,3.621067954288285
468,1,1,1.4034345874944405,5.481920998679183
469,0,1,1.2768227819743645,2.145859285734973
470,1,1,0.24963033136167595,6.295179092590569
471,0,1,1.9375535558505128,3.3121600228726904
472,1,1,-0.36454738358229827,3.3296856910610177
473,0,1,0.9125316328372883,4.955611875782461
474,1,1,-0.674579201248464,1.4093396013208186
475,1,1,1.1081208444879735,2.9006252748980312
476,1,1,-0.4865395612470579,4.39927639997102
477,0,0,-2.395045632919179,1.0971496667753424
478,1,1,-0.3660379981025082,2.0307679643107956
479,0,1,-0.49494828124963697,4.496097854267044
480,0,1,1.7283376571559101,2.890792314843215
481,1,1,-0.902106447761298,4.412349922392744
482,0,0,-1.0089166378228034,2.189828353062464
483,1,0,0.07608602023897744,2.8950586785420507
484,0,1,-1.9163812970829621,1.7609161740025612
485,0,0,-1.3986423280426143,-0.08969439545654623
486,0,0,-0.7611708101961643,-1.3705507880861358
487,0,0,0.31800911013114697,2.384521839085516
488,0,0,-0.6256568196838684,-0.5022538137367154
489,0,1,0.17655798077502585,0.5436250780742728
490,0,1,-1.1661679986820925,3.952134865732822
491,1,1,0.7172234781821338,3.740860360241636
492,0,0,1.1528354548285646,-0.7752762818006955
493,1,1,-1.458207473206708,1.7269228436887147
494,0,0,-1.7833637515308292,-4.114369964445769
495,0,0,-1.5332675108993148,1.628807349302123
496,0,0,-0.21990690102864505,2.2838659153293133
497,0,0,0.280445792928921,-0.2165483549853635
498,0,1,0.6228055963253697,2.341921493023267
499,1,1,-0.6031617069945809,4.362839000585296
500,1,1,0.34675532125271724,3.596417990399476
501,1,1,1.3615145613686022,4.840579814653321
502,1,1,-0.3815568773002102,3.7181472646761264
503,0,1,-0.4573479435485005,3.935399623408526
504,0,1,1.1068339181954918,4.202398497943692
505,0,1,0.6568184313257894,6.9294774408425255
506,1,1,0.5396284206155307,4.585411588634779
507,1,1,-0.6989826280884571,3.115900774101941
508,0,1,-1.1532945506579657,0.29844220923979825
509,0,1,1.656014769616055,4.154910367957187
510,1,1,0.040729388919312506,0.5431659030471565
511,0,0,-0.15670321411134805,1.8663240048498333
512,0,0,-1.658966208408799,-0.09324286392736936
513,1,1,1.708316152098202,8.604120780911664
514,0,1,0.26230272287883993,1.0547500976314437
515,0,1,-0.2906039875992366,3.080539871601178
516,1,1,1.2048780271449575,3.214230954293285
517,0,0,-0.12921301831234208,0.7948900861159109
518,0,1,1.03157987998212,2.9395999853930066
519,0,1,0.07148897025886675,0.37377657074415227
520,1,1,0.5433642661246091,3.3777242409655495
521,1,1,1.1977876315115568,4.163697497765452
522,1,1,-0.4520497239405116,4.847513801235197
523,0,0,0.6100317951151711,-1.0290084294032094
524,0,1,-1.3333204432461596,1.1350780593415106
525,0,0,0.2838162108824135,0.041630096574468034
526,0,1,1.3116989618537285,-0.20945040637671708
527,1,1,0.24454782531460018,1.551931044909637
528,0,1,0.9227426003254711,6.829233630924127
529,1,1,0.6446733120255775,3.5369696715289014
530,0,0,0.2520972241557505,1.7788931926631446
531,0,0,-1.1273224749330415,1.506733365518694
532,1,0,-1.1706571267448633,-1.6049409876139094
533,0,0,0.27330505763846913,0.6294553472976234
534,1,1,-2.0534719506272343,1.3053152282219969
535,0,0,-1.0766244175709905,-0.7678259339709606
536,0,1,1.4299745921796436,2.9988845511402573
537,0,1,-0.6166909097295624,2.256143642475797
538,0,1,0.004130923037269854,3.7433625044125725
539,1,1,-0.4438325804797661,5.039253829224668
540,1,1,-0.6881013858311344,3.6077150125593214
541,0,0,-0.13192988415948478,0.4622632779003313
542,0,1,0.7002720085548204,5.543685658176028
543,0,0,2.0037980528928707,0.939051683897203
544,0,1,2.722553279408167,2.346053500146976
545,1,1,1.381266227911683,5.013978129265368
546,0,0,-1.7692813456491145,0.04826009766294437
547,1,1,-0.8034211815829072,5.283534524238922
548,0,1,0.8150972779280703,4.444769832433485
549,0,1,-1.0475409972066405,4.940189213846187
550,0,0,-0.6260506964311868,1.317576623212669
551,1,0,1.4045422949514859,3.332424594647867
552,1,1,0.652756053986958,3.3189101864521384
553,1,1,0.3774900662721755,3.5823532912391025
554,0,0,-0.2996717416994724,0.504225438527589
555,0,0,-0.3309886139396967,1.8435278610900854
556,1,1,1.373285588804037,7.099469061934597
557,1,1,0.05480561503039139,2.0667130616425156
558,0,0,1.5909690530433998,3.184179557389925
559,1,1,-0.47052246027280037,0.010631583396941036
560,1,1,-1.1692821374381928,2.917367937749165
561,1,1,0.19382127288900974,6.513299925256554
562,1,1,1.621269549062974,6.389432075547862
563,1,0,-1.0126327423633779,4.094078637017348
564,1,1,0.1271587368980715,2.268334355341599
565,0,0,-1.1544309113816351,-1.6006123949323898
566,1,1,0.9257491554101244,4.410610139074005
567,0,0,-0.3251144062756445,2.785650902897161
568,0,1,0.749157292589525,5.5705212575842165
569,0,0,1.0949649425144774,1.1767211856104778
570,1,0,0.850268048385086,1.890983153790978
571,1,1,-0.20937370560916668,4.182324992990707
572,0,1,1.3443944895453617,6.920555640451683
573,0,1,0.8874016451620522,5.640571440798999
574,0,1,0.4949670798431308,6.046269495034063
575,1,0,0.2327690397925827,2.492151782208431
576,0,0,-0.2548247933254323,0.4617514703479373
577,0,1,0.20469201954644012,2.5063280767023337
578,1,1,0.4036848357072042,2.3778502895378337
579,0,0,0.1571912583233977,0.2545912832710579
580,1,1,0.6672964470046029,3.590651539297385
581,0,0,-1.712184454832812,0.8154670199074288
582,0,0,-1.318395289935679,0.4713051241214188
583,0,0,-2.652043061170304,0.6937490075958943
584,1,1,1.6344701355566553,7.12356075347949
585,0,1,1.2221288757649145,4.649742998432336
586,0,1,1.2308346501683942,5.7543949960511
587,1,1,0.3500937616072639,1.6023074040392482
588,1,1,1.9461721775577046,4.264668023934216
589,0,1,0.23722949972654359,1.7252439956990948
590,1,0,-1.2425587633562596,-1.1731606027769215
591,1,1,1.4805998686944493,2.9443622776348612
592,0,1,0.7769168053744253,3.8303417241634943
593,1,1,1.5866688872288337,6.692146430041959
594,0,1,0.5317471788572091,3.902709609879254
595,1,1,0.38689736551297255,3.5183572750958376
596,1,0,-0.4400080008234614,0.9683930815649158
597,0,0,0.29888510071929164,6.254144308099987
598,1,1,0.9947066239117958,4.869094053568352
599,0,1,0.7360645045995866,2.505253807178206
600,0,0,-0.508291487053983,0.24100038798566437
601,0,1,-1.0838037954628532,4.269699474622181
602,0,1,2.25479403843023,5.081979696156764
603,0,1,0.1314182058190674,3.9549776935598766
604,0,0,0.5145493253496365,2.7844160192021317
605,0,1,-0.12598804667364996,2.6938954781670263
606,1,0,-0.5017587480697053,-1.3740184050785915
607,0,1,0.602358005966042,3.660984306660789
608,0,1,-0.7181609874337411,-1.1121009417281345
609,0,1,2.125545437086322,2.646829095588762
610,0,0,0.222556798227475,1.1130563743767148
611,1,1,0.49046519961110113,6.1532574402838405
612,0,1,-0.07743526545203509,4.451108074279587
613,0,0,0.6079537410257789,2.5475947123448948
614,0,1,-1.408148900879297,2.0501566084088427
615,0,1,-0.5102249142583224,2.7970623085793886
616,0,1,1.1250143053431478,4.091366898585617
617,1,1,1.1122158072443191,4.425470387258001
618,0,0,0.08450973442471875,-0.3089828700120434
619,0,1,0.3340129349548192,3.4104420880830073
620,0,0,1.4900200112478441,1.7867550471447737
621,0,0,-0.14415600639427079,-0.5020717786923405
622,0,1,1.2677834098225365,5.432554376387937
623,0,0,-1.0454862345886384,-0.5773457234977345
624,0,0,0.9552546542917455,1.1230377543434038
625,0,1,0.3225724144683306,5.353670964513897
626,0,0,0.7936271722249008,1.8144285356611978
627,1,1,-0.6094398359541632,6.230971322738802
628,0,0,-1.603428866916251,0.9162937026604752
629,1,0,0.0713024329415017,-2.0082160789134957
630,0,1,0.7422346086738268,4.047553601678542
631,1,0,-1.0541769102727117,-0.16826643324914636
632,0,0,0.7111346753130853,0.004296563741536363
633,0,0,-1.3290364739076435,-1.2452323760304163
634,1,1,0.7235450683430142,2.5331481474128323
635,0,1,-0.6519020837234845,5.253713698263554
636,1,1,1.6292134451768527,4.313330609709616
637,1,1,2.072631504827862,2.981613201519406
638,0,1,0.06997258217237455,2.232377749777825
639,0,1,-0.8881385535609713,3.289054230055659
640,0,0,-1.2216978103077938,0.4482566088488114
641,1,1,-0.40131901821815963,2.6255608188375614
642,1,1,0.21021371493650148,3.381458655958817
643,1,1,-1.2303525499331585,2.930283155354411
644,0,0,-0.6776424276969925,-1.1991118528246956
645,1,1,0.07790399230191136,2.452884531867061
646,0,1,0.39964301875581554,5.869462093900212
647,0,0,-0.11634844860411137,-1.7353101647526605
648,1,0,-0.4410643089881517,1.9473400002631935
649,1,1,-0.933485156090791,1.7308026324560002
650,0,0,0.0878781781921508,0.33639972534292956
651,1,1,-0.13642537863919094,3.2395230390694154
652,0,1,0.2859957325090615,3.0342729403300615
653,1,1,-0.1432654309922423,2.5874443194480286
654,0,1,-0.9196189866091623,7.170417301292684
655,0,0,-3.666197915649158,0.9346402006831701
656,0,0,0.794425283436055,-2.09566548619076
657,1,1,-0.15008736275701082,0.07473796010426881
658,0,1,1.2670150568253211,2.345297050775462
659,1,1,-1.496824552058419,2.425113255347401
660,0,1,-0.7151630204053888,1.8708733984996824
661,0,1,0.43539452856515054,4.291051032820262
662,1,1,-1.5144787481507689,-0.39281198307297727
663,1,0,-2.052522391437358,-0.8431616713581724
664,1,0,0.7026072336515523,1.4286732765606383
665,1,1,1.5538950462500547,5.892698494069181
666,0,0,-1.5838376705932862,0.807430085745102
667,1,0,0.00543487223941424,1.1461810215535344
668,0,1,0.655102576507072,3.0328796397596993
669,0,0,0.8185765782997704,-0.18850349554610546
670,1,0,-1.284853672185007,0.0493094602813573
671,0,1,-0.16372349503533787,3.6855405542220145
672,0,0,-0.7931233628193295,0.8263925051947784
673,0,1,-0.2947455369071837,1.5382684539550457
674,0,0,0.5449592795044511,0.507599812829455
675,0,1,-0.4009305973298392,2.9077505827475845
676,1,1,0.17553074471872626,3.5522479943794494
677,0,0,0.8612777350670553,1.1397162924837994
678,1,1,-1.3220374488415207,1.636284521246031
679,1,0,-0.28189266619270104,2.0627330008596676
680,1,1,0.7982327108651743,5.125903578105017
681,1,1,-1.5077633226090952,3.634220626588698
682,1,1,2.2649017424121416,5.542202535372598
683,0,0,0.15810843915110187,2.1768164967119814
684,0,1,1.959253991039212,-0.2808482074133902
685,0,1,0.6439372649305257,3.8620659457798867
686,1,1,0.5297498356603988,5.8549986003935075
687,1,1,-0.9604487937482988,7.376683465538487
688,0,1,0.06862057313201658,3.398381871950569
689,0,1,0.9972200502798202,5.493716167540506
690,1,1,-0.02996958018494718,4.0071207837083636
691,1,1,-1.0602237028078922,1.7996191522763403
692,1,1,0.0782688356322878,5.747773958073287
693,1,0,-0.5981231291932613,-0.1895884256800242
694,1,0,-0.38541217842239534,1.05805637476602
695,1,0,-2.332840442528098,0.2199001774217364
696,1,1,-0.08931332979594192,1.6753694773810923
697,1,1,0.14417252323520585,6.458850073601324
698,0,0,-1.7419028053663004,-1.4983255655554464
699,0,1,0.11153566333028125,4.120274891319733
700,1,1,-0.7112003552598506,5.300834983577821
701,0,1,-0.035209828751777306,3.199070551900588
702,0,0,0.3674909016219129,3.1687795568449713
703,0,1,1.0451388809233193,4.251071823359056
704,0,0,0.15082950679736792,-1.1965262845591669
705,1,0,-1.5389510677605684,-1.29792282857516
706,0,0,-1.9922973900326062,-0.7773572132514469
707,0,0,0.01454481316217,-0.7426102132475405
708,0,0,0.884201385108683,1.7225915807709902
709,0,0,0.24918749199219595,1.5200430089232804
710,0,0,-1.2654022772316738,-3.299298881784133
711,1,1,0.6556578713007712,5.5806490490216705
712,0,0,-0.4243501780870468,0.6183772068425186
713,1,0,0.18428383095494108,-0.3792959498112357
714,0,1,0.06301793009065293,0.49444628132388524
715,1,1,0.17889775794346663,2.392274796124543
716,1,1,-0.5945926846684189,3.58795955301711
717,0,1,0.06585303878739003,3.7866238257980362
718,0,0,-0.08853866014675306,2.4019678138369556
719,1,1,0.6221717912715606,3.351123542945473
720,1,1,-0.0337965636257818,4.066444350734288
721,1,0,-1.1857621406772827,0.9811575717375498
722,1,1,0.7304480018602741,0.5971545395450415
723,1,1,0.5266186927874589,2.529265482534958
724,1,1,0.7144626338124969,4.289114524918927
725,1,1,0.8157819820851049,5.472716653215718
726,0,1,-0.49763566711667906,4.1049413241750585
727,1,1,2.1242471937168346,6.199998060119347
728,1,1,0.46794233665766166,2.021898153803923
729,1,0,-0.8855372433260693,-1.2092641280816114
730,1,1,1.033555671199024,3.6081309301603506
731,1,1,1.435429687338263,6.634806664027368
732,1,1,-2.572945035389966,2.7969627907141104
733,1,1,0.6382665740301396,3.9492664557308137
734,0,0,-0.42816002605065007,0.7393634200774007
735,1,1,1.7289664258485675,3.736741648613628
736,1,0,-2.0911678201766093,-0.7111041463105767
737,0,1,-0.8113669245287469,2.985922324096695
738,1,0,0.3731321273846705,-0.7703932743965538
739,1,1,0.27574376395503486,3.0626653321400474
740,1,0,0.12723400001169247,-1.084534701343256
741,0,0,-0.5032094016661174,0.6739561473145302
742,0,0,-0.8013830651420795,1.304358925250081
743,1,1,-0.5422496384984067,4.625868147098978
744,0,0,-0.37313582077191837,-0.07804998219571668
745,0,1,0.5276288117092315,4.113099796576942
746,0,1,0.6361429055640053,3.892004872054157
747,1,1,1.2784220967787236,3.0980065486447916
748,1,1,0.034509498504792194,3.9473264702693402
749,1,1,0.6741516967596248,4.0424443829503325
750,1,1,0.9492566630950707,2.8594860399203017
751,1,1,0.8423660579091408,7.092290474829254
752,1,1,1.0390225186521658,3.349809999383245
753,0,0,0.8402951050930766,-2.329300859344988
754,1,1,-0.01998924525810919,1.667974702183742
755,0,0,-1.8568655648270198,-2.1833654253151433
756,1,1,-0.6087006163636656,3.972093841292061
757,0,1,2.1260872820926067,3.7359209550918564
758,1,1,0.6462062159574121,3.261818126585649
759,0,0,0.3820499395919809,-1.672423620981067
760,0,0,-0.7516065582990292,-0.7939184837244897
761,0,1,0.11112436606360092,2.4136386689805893
762,0,1,-0.3658706778202331,0.1672358175709494
763,1,0,-0.18628917267494008,2.892857890670504
764,0,0,0.8135847906236713,-0.1189923557301884
765,0,0,-0.9948089256495636,0.053383624239634386
766,0,0,-1.7871626919872485,0.2609659990729439
767,0,1,-0.9226170339032268,2.6817770352641075
768,0,0,-1.5119536590229008,0.9156629098387344
769,0,1,0.07433005649395072,2.5174757117459006
770,0,0,-0.8129987171017135,0.26653041787209936
771,1,0,0.9455474511211078,0.6284695278141696
772,1,1,1.531188825492624,5.0283514842618295
773,1,1,1.1000806233147822,1.8295186876288794
774,1,1,-2.429311560377126,3.01459266412998
775,1,1,1.2897679918747962,3.788179699435282
776,1,1,-0.841193720191243,3.777087625802741
777,1,1,2.2728970511121065,4.422741791021011
778,0,1,0.628552915360528,2.468615764568037
779,1,1,-0.8487592748039486,-0.42382751180873335
780,0,1,1.077732311753472,4.640933689599749
781,1,1,1.748098887724116,4.747014557949139
782,1,1,0.6779027996616548,4.118964988615324
783,0,1,-1.3165238474758256,2.2739112175682497
784,1,1,0.7915915404036089,4.948162453978679
785,1,1,-0.024774274331531457,4.996125984445115
786,1,1,-0.46646985567362015,2.9177854431399384
787,0,1,-0.5170457709691638,2.138625554481971
788,0,1,-0.5865963737066854,1.7974548862915039
789,0,0,0.6732955712446964,2.7277957401510355
790,0,0,-0.6632105218890306,0.2166358765401204
791,0,0,0.00042581637198256707,0.27805922027081614
792,0,1,-0.23690211286976362,5.702295359397226
793,1,1,1.3182038511525869,3.2409401573522167
794,1,0,1.1169743805830126,3.111370973686941
795,1,1,0.12139876677432415,3.6529848387734214
796,1,1,0.4262052978386188,4.88606356729337
797,1,1,2.7857953305802954,6.431001992533346
798,0,0,-1.203072698984293,-0.9168356419277051
799,1,0,0.3710547604530077,1.024439585004509
800,0,1,0.39843707777112886,4.381794756114958
801,0,1,1.9714732856280905,4.316349579983113
802,0,1,1.4929817810965142,3.768334164443785
803,0,1,-0.6183555497718074,1.0666155021354204
804,1,1,0.2773494104777522,3.9011343630548976
805,1,1,0.4689553480792455,2.787201811847533
806,1,0,-1.9922221181437498,0.014277525240265987
807,1,1,-0.5719939065257845,3.7995966095827574
808,0,0,-2.0714293352375734,-0.6440188416168517
809,1,1,1.3595260658396062,1.775941716825457
810,1,1,0.8430299611119444,3.5917283824152784
811,0,1,-1.4126068347356313,2.6059680938531744
812,1,1,-0.08945271932726677,5.325458743999041
813,1,1,-1.8145069539331444,3.395653620093523
814,1,1,-0.8415721798557516,1.5580139599942981
815,0,0,0.5189129482847475,0.6786759541714531
816,1,1,-0.13187980654925222,3.1651253087830673
817,0,0,-0.8200296749550554,1.244121086318291
818,0,0,0.16126354303762683,-0.6161442183943224
819,1,1,-0.6124338552216758,2.7295836505384043
820,0,0,-0.4928132715758637,3.3111296100593512
821,1,1,-1.7431429507752416,2.4670222159322535
822,0,0,2.4263710547848927,0.4167273522561149
823,1,1,-0.017435278351599512,5.7459674613100065
824,0,1,0.319627767079483,1.477563792094038
825,0,0,0.10584195351543803,2.4177967673326295
826,0,1,0.4342817666882044,4.847575758591432
827,1,1,1.0835440619677883,5.187861078904495
828,0,0,-1.1080608187237757,0.008681622251827115
829,1,1,-0.3327203698985476,1.5657813991681284
830,1,1,-0.3278084423308847,3.956102004235804
831,0,1,1.0253407896362616,4.796534575889664
832,0,0,0.6001345213801972,-0.9667604909454034
833,0,1,-0.18874792181140815,2.925146994753379
834,1,1,-0.32734128205902036,6.436515742167291
835,1,1,-0.04783401086352636,4.155412012061707
836,1,1,-1.0242459790312783,4.247315883458953
837,1,1,0.8473967006382355,4.017238536713321
838,0,0,-1.708773026395515,-3.0824435564901997
839,0,0,0.9311547960259384,-1.465058723230598
840,1,1,-0.6478316318893473,1.5662742010173152
841,0,0,2.5614342555931238,2.565614362380326
842,0,0,-1.3617645273316936,-1.0493627577920146
843,0,1,0.5376764057422772,2.1717939946994247
844,1,1,-1.2278800456220287,2.859511829803963
845,1,1,1.4259969316293173,-0.6016375761722146
846,0,1,1.6387605118092532,4.299811324491774
847,0,1,0.193478547644578,5.443218961615306
848,1,1,-1.9467172153231551,4.383555774280033
849,1,1,-1.1711978433657346,5.260124368341879
850,0,0,-0.07987851390883303,3.512208856783819
851,1,1,0.6350818813050872,5.010254128484331
852,1,1,0.45985422377317836,3.724157679412247
853,0,1,1.8835039199685746,2.8104745702771616
854,0,0,-0.7524075445532254,1.7478139486443482
855,0,1,0.8922310005731606,5.1199122198610505
856,1,1,4.424548629867578,7.486884782803433
857,0,1,2.3731899268451047,6.489967672273267
858,0,0,-0.5289275004014723,-0.5066236585829001
859,0,0,-1.5591334824490177,2.2243606249127654
860,0,0,-1.1422084871170175,-0.4664546746582953
861,0,1,1.1453836795546,3.3391562945790785
862,0,1,1.0378468874519349,2.9715948065020856
863,0,0,1.546850676734061,2.2745646272032154
864,0,1,-0.6685298823088565,1.3442005694946806
865,1,1,1.4609799812459963,2.933446127762557
866,1,0,-0.8097246994925424,0.25774247875128675
867,0,1,-0.49738665308292374,2.8707373539600347
868,1,1,1.1402518079792343,3.555405220695438
869,1,1,0.30110921035660765,5.47330698401443
870,1,1,0.4358824251375703,0.6560025398399287
871,0,1,-0.6855957915209167,2.101155989535256
872,0,1,-0.08146384928108405,3.0600456745662794
873,0,0,0.6091796288166726,0.49506296804330363
874,1,1,-0.5414806327649716,3.31658901476318
875,1,1,-0.6385031812658049,3.0060278741032045
876,1,0,-1.3530143007001263,2.2872619211223326
877,1,1,1.2468720135939746,5.077438799849492
878,0,1,0.8274155427854328,6.197752497302732
879,0,0,-0.29371071494997614,2.987976656048403
880,1,1,1.0370476227467516,3.431761568629832
881,0,1,-0.9089488847089213,3.663527763010446
882,1,0,-1.314047567840811,-1.9396360794487553
883,1,1,-1.714826439113426,4.539143960925131
884,0,0,-0.30073314162851034,-0.6051990993930914
885,0,0,0.8697449990060802,0.2625306396646956
886,0,0,-0.42130832655745526,-0.8753405612036433
887,0,1,0.45794010537120833,3.55146472645659
888,0,1,-0.1070131717969443,1.2214224777431706
889,0,0,0.46007356116939974,1.7101058976995667
890,1,1,0.6048689457872344,6.2275385305481405
891,0,1,-0.086391468334904,0.7247191898776673
892,0,0,-0.06711471111980635,2.7967449594942493
893,1,1,-1.63157951867918,0.3030533602969827
894,0,1,0.5125879270644033,2.863223169937841
895,1,1,-0.04264719746087165,4.278947387608128
896,1,1,0.32732067851914004,0.7824637099750213
897,1,1,-1.646663965327161,4.30399708344075
898,1,1,1.7931080194906062,2.7059915066858027
899,0,1,0.6485563308440859,3.0897136705729045
900,1,1,0.5474891938689493,3.561610915364341
901,0,1,0.08705487711567923,2.024537315013382
902,1,1,-0.5791572876520787,3.3724084940048016
903,0,1,-1.704921102624705,4.184057680415808
904,0,0,-2.3080256664678105,-1.2666788454267683
905,0,1,-0.2596869289707405,2.834363940786038
906,0,1,0.7025871385607727,2.7952283857112774
907,0,1,1.468293313172007,1.2677837408777521
908,1,1,1.119433127468405,2.6620141847106193
909,0,1,0.4911946164290268,2.352476743783647
910,1,0,-1.377946356535977,-3.1534899446398965
911,0,1,0.6962541592887833,2.6011172168452563
912,1,0,-0.2615850004871742,-0.49069230475692327
913,0,1,-0.914910743195399,3.277746945933009
914,1,1,-1.0739293610077718,3.1560181103966567
915,1,1,0.056086817808472536,4.531681096544567
916,1,1,-0.44795070971552614,4.270762850897984
917,1,1,-0.24766742265637598,5.818053126504426
918,1,1,-1.256687691494782,3.8897003054505204
919,0,1,0.2656817608118184,4.804358904600463
920,0,0,-0.8504174112344528,-1.4709481165956564
921,0,1,1.8135647892040605,1.218516399502992
922,1,1,0.29059427132240156,3.5503533726859
923,1,1,-0.09433457856591897,2.723668130195004
924,1,1,1.6499726018229073,5.451050758998059
925,0,1,2.0837647682656635,3.6561300537696573
926,0,1,0.8825148584130661,2.7707110447780092
927,1,1,-2.3940945265740834,-1.0722945689248427
928,1,0,1.296744681152401,1.6150688608130288
929,1,1,1.643006163716971,6.3358220591150864
930,0,0,-1.3501319658000983,-1.5070195192296785
931,1,1,-0.7584490945423712,3.7543733899591145
932,1,1,-2.42014187338139,2.7102786000616823
933,1,1,0.04337088157685828,1.4073532192327631
934,1,1,-1.0771731838041814,1.7360081341309765
935,1,1,1.2463952450732474,4.678928898905321
936,1,1,-0.5846408674957377,3.350385917017081
937,1,1,-0.6636850561747527,4.545792661447559
938,0,0,-1.5174357645135927,-4.226741008610021
939,1,1,-0.28808223175193043,2.7735892141663636
940,0,1,-0.16252766132104407,5.00775331547803
941,1,1,-0.4279290157569306,-1.4686721797807856
942,0,1,0.7406424284027477,1.8847739928942162
943,1,0,-0.6448254355135156,0.4913024486684462
944,0,0,0.1823210852905112,-1.0433541116107463
945,0,1,-1.5199035701377464,2.5231013846774983
946,0,0,-0.4846050370705392,-0.36160329444588774
947,0,1,2.088248130516035,4.594434650448092
948,0,1,0.3362712489974285,2.4149995293826603
949,0,1,-0.7542264396114805,3.871404230545585
950,1,1,1.465168561348744,6.033308310862354
951,1,1,1.8621429966623617,3.3023980319593322
952,0,0,0.8274721925278075,-0.11479295172078169
953,1,1,-0.004096037071440216,0.7631562738769686
954,1,1,-1.0456336288607597,6.702950320914704
955,0,1,1.035604837130306,4.703175446691965
956,1,1,1.3042727966737349,4.8771719771360225
957,0,1,0.04686137724418108,3.790524685393032
958,1,1,0.174435074251894,5.641483214863472
959,0,1,-0.2901884953628253,6.165533283853184
960,1,1,-0.4032533576702618,5.7363596635616005
961,1,1,-0.7593706035020842,3.343459168196544
962,0,1,1.0739845260097387,2.007895835455521
963,1,1,0.6189745286426365,7.508534821378361
964,1,1,0.4318608484599144,6.644283072761852
965,0,0,-0.3590620082848085,-2.1002592017123605
966,1,1,-0.3397201908142869,6.626524260061876
967,1,1,-1.1231644574419526,1.993511740771344
968,1,1,-0.4151271170381041,6.176425519086653
969,1,1,-0.49917076685234074,3.358772576394067
970,0,1,-0.5282954751710767,3.799110609572737
971,0,0,-0.0552182304034749,-0.4936685150540566
972,0,1,-0.46211772309890975,4.117928506540335
973,0,1,-2.2909492068320194,-1.4021369619355006
974,1,0,-1.4411466093298502,1.3751170894827394
975,0,1,-0.9729321595982581,3.056349936628269
976,0,1,-1.1632621759984512,1.5441777112685893
977,0,0,-0.13967507457583145,0.0014147347976136704
978,0,0,-0.8468448637722841,-0.37510880720737033
979,1,1,0.512941058427423,3.1612390285981316
980,1,1,2.030341333450122,3.73740493274096
981,0,1,-1.9230418476125637,-0.8901220780726335
982,1,1,-1.2456396088760413,4.1074473778098035
983,1,1,0.3439515699015852,2.559461367348495
984,0,1,0.041962149395209945,2.097325670525612
985,1,1,0.07871813291255789,5.83311345606032
986,1,1,-0.8497219286660238,4.17489850499181
987,1,1,-1.898890623719441,1.8440038602547064
988,0,1,0.4036406906046423,2.7202471147979073
989,0,1,0.01378223679247138,6.507566536862711
990,0,1,1.6205477593841204,1.194850325733027
991,0,1,0.5292260025684552,4.733794408694841
992,1,1,0.7583516974317739,4.808183014634981
993,0,1,-1.3344725782804403,4.51007520347831
994,1,1,0.6690324839872586,1.8530463627984677
995,1,1,-0.8740586255784909,4.3578819216602005
996,0,1,1.703619089029834,4.091438269052335
997,1,0,-1.2115368025309465,-1.8969483801444524
998,1,1,-1.2207879538779949,1.4394545622297126
999,1,0,-0.6720567979705079,0.4573285188541946
1000,1,0,0.7951974490938751,-0.06737945271769663
1001,1,0,0.01742434844765826,3.2732169098667683
1002,0,0,0.00040108471234669385,1.0771014061628057
1003,1,1,0.6329803775208392,2.7808083258037115
1004,0,0,-0.9268194277461898,0.7811672785741421
1005,1,1,-0.5018616297232198,4.783483956615503
1006,0,1,0.789931838526289,4.51573373244686
1007,0,0,0.23229735328754492,1.4831884899239216
1008,1,1,-1.0136716712529026,3.2938778331097196
1009,1,1,0.8948374225667288,1.3572791252569316
1010,1,1,-0.47988219932245496,2.5755588755543117
1011,1,1,0.09816707185687448,2.8671082031101323
1012,0,0,-0.47990625214362603,0.6638767188820309
1013,1,1,0.8695235415862659,2.7822723647527026
1014,1,1,-0.8104118258926052,1.5310355531734678
1015,0,1,-0.5902843397291253,2.0331148789246676
1016,1,0,-0.7702908208854821,-0.7284751463357697
1017,0,1,0.6334826210487875,5.121477027645813
1018,0,0,0.8053500588554378,-0.321930488136013
1019,1,0,-1.9402256710263717,1.6546480816716307
1020,0,1,0.7126643216373931,5.072243105264025
1021,0,0,-1.334404274678658,-0.4445192284542635
1022,1,0,-1.6512024229616498,0.11273672168980042
1023,0,1,0.49662756828574434,5.863538342730051
1024,1,1,1.9387910103350312,5.291024781202609
1025,0,0,-0.27028134035851215,-1.6348618672826125
1026,0,1,0.9718075024374904,6.662555198600285
1027,0,1,0.11910318774127233,3.1479734846167657
1028,1,0,-0.2762661730726733,-1.667204878319624
1029,1,0,-0.008278759696636662,2.168756284876575
1030,0,0,-2.5235000552456275,-0.08873904182382553
1031,0,1,1.6367392127499674,2.7744744674612885
1032,1,1,-0.18600445588227424,1.2946563507277187
1033,1,1,1.1016695855232188,4.134871007122518
1034,0,0,-1.6035176447288306,-0.4799921506389576
1035,1,1,0.5693875909572051,7.228405124822015
1036,0,0,-2.787947688837492,-1.030905957797092
1037,1,1,-0.5087759568095229,4.982594696295598
1038,1,0,-3.100187611417762,-1.9693284234317527
1039,1,1,-0.34964239683624776,2.1179645223737187
1040,1,1,-0.9167602474129464,3.7452741958669877
1041,1,1,0.2892845055332759,2.6072894159636832
1042,0,1,0.3206151139230309,2.3209258585813806
1043,0,1,-1.3189167627451222,1.7245971320781024
1044,0,1,0.05726081518569,0.4762465002825671
1045,0,0,-0.30010709905354555,1.3310203954813034
1046,1,1,2.2569835468764285,4.503985734030774
1047,1,0,-0.9209376669107638,1.3354689747214368
1048,0,1,0.7065351399253254,0.5543005976830677
1049,1,1,-1.3354280713068936,3.0915328169024145
1050,0,0,-0.14197626393341112,-1.4804019263309607
1051,0,1,1.2094500871136515,5.519122935047445
1052,1,1,0.5830814933862578,6.932706927889514
1053,0,1,-1.7564646962755288,2.3870541362001965
1054,0,1,0.3704366780507012,3.7344922630008837
1055,1,1,0.3787087900775646,6.528035425076774
1056,0,0,1.1416825611793693,1.3399571527607528
1057,1,1,0.3515045388198162,4.204919360750965
1058,1,1,0.3742050360104224,1.9930516297736096
1059,1,1,-1.508442265165921,4.102922277424547
1060,0,0,-0.3295709677318894,2.039775318839962
1061,1,1,-1.5514820698527712,4.6410292160196285
1062,0,1,0.8321803141509183,4.8010426909187025
1063,1,0,-2.3839683635163986,0.4284740836807033
1064,0,1,-0.07895623420255979,2.668626350154005
1065,1,0,-0.5147709652503106,0.02802422873263366
1066,0,1,0.8507252896765348,3.801846553264988
1067,0,0,-1.0817882687338969,-2.047087256873792
1068,1,1,-2.175758274461365,2.8166170137357476
1069,0,1,0.837665289021048,4.260774288583567
1070,1,1,1.5112836662045053,4.924905176683085
1071,0,0,-1.074097568586271,1.1845949396872004
1072,0,0,-1.38778511351198,-2.051451982159971
1073,0,1,0.44781416909553257,1.6715590859762173
1074,0,0,0.7412666743919563,2.1476955690360238
1075,1,1,-0.33464649140397207,3.497214306375569
1076,1,0,-0.9771339452093766,0.1134288376421651
1077,0,0,0.7533049608958653,0.9699146164398299
1078,1,0,0.7899657875132838,3.3155281581922216
1079,1,0,-0.215892598648142,1.213692304150929
1080,1,1,-0.3031635158115734,6.4593586551283915
1081,1,0,-1.5906581639794484,-0.3414589183660045
1082,1,0,-0.7429283729085003,1.2715167621578438
1083,0,0,-0.7037705759493935,1.6055488649982315
1084,0,0,1.729644346757481,0.029000670757897695
1085,1,0,-0.6031550199090451,-0.4989533825065803
1086,0,1,0.4070134433295741,2.3106055106744883
1087,1,1,-0.05116520338157651,4.379479385857254
1088,0,1,-0.1508638408216632,2.9196978279705705
1089,0,0,-0.3133520648763797,1.8253309492695142
1090,0,0,0.12809699043748105,1.6246414783712506
1091,1,0,1.4384177994476237,4.285239998309197
1092,0,1,1.272986627874033,4.7370539394647695
1093,1,0,-0.8231101226185674,1.136251190077883
1094,0,0,-1.195795918158635,0.520770921759681
1095,0,0,-2.3856365426834607,-2.8816424197152406
1096,0,0,-0.06741501245342482,-0.3945707822462388
1097,1,1,1.8463227911644207,5.597561543466605
1098,0,0,-2.1038452847991476,-0.0651259210200613
1099,1,1,-0.8983689240936887,2.1915119685818496
1100,0,1,-0.5491428673818595,1.69473533695297
1101,1,1,-0.14994814054264055,3.9301273882567163
1102,0,1,-0.6570822144970575,3.23692062077373
1103,0,0,-0.3914193828006459,0.7979255664690519
1104,0,1,0.7681312358979425,4.420704742331279
1105,0,1,1.64241447769844,2.9189699372030455
1106,1,1,1.446268301272705,3.674028357186845
1107,1,1,-1.617157536726129,2.0116807286466476
1108,0,1,1.0614287926697266,2.777212376829529
1109,1,0,-1.6348582084890917,-0.014622492433244094
1110,0,1,0.5084428687031293,4.892581309858098
1111,0,0,-1.630202150850233,-0.0065359507063526
1112,0,0,0.03624023779003299,0.9498960787136972
1113,0,1,0.1145731628842161,2.7868395359773617
1114,1,1,-0.15054715041415978,0.6088305121545461
1115,1,1,0.0637760657393829,4.807331478028675
1116,1,1,-0.3648382533093733,1.4198222689385867
1117,0,0,-1.4687336946914347,1.0178747735617022
1118,0,1,2.1024102644897384,4.324184234366065
1119,0,1,1.6562432256889534,3.0184194677886675
1120,0,0,-1.3749475651900553,-0.8749489313835032
1121,1,1,0.23986179383652856,1.3413355659254678
1122,0,1,0.15762379379572505,3.328467630949488
1123,1,1,-0.3399938496346956,3.4585475952556077
1124,1,1,-0.3982382400742224,2.830025736372615
1125,0,1,-0.2257989491655018,4.93045480830265
1126,1,1,0.543133490019115,3.17965293463683
1127,1,0,-0.010561015625527984,1.1664042710219737
1128,0,1,2.089799062372111,3.2497123872924782
1129,0,1,0.5490276507371815,2.8050774400714493
1130,0,1,0.4503615721569595,0.9718471089985923
1131,0,1,0.872819036923784,5.620837095205038
1132,0,0,-1.4735874895746026,0.39996983181714796
1133,0,0,-0.4220986194394398,4.616313651551483
1134,0,1,-1.1238241439511338,3.2042477964857725
1135,1,1,-0.07077828629127945,2.2700035348893337
1136,0,1,0.8066689622087365,4.134182821014019
1137,0,1,2.180343569105682,5.768581835640793
1138,0,0,-0.18185426292030626,3.216259425870544
1139,1,1,2.607401813421683,3.6723394265682803
1140,1,1,-1.904691417934992,3.363321680646899
1141,1,0,-3.699237880102596,-1.9936891613411492
1142,1,1,-0.20875981844091404,3.945519050092325
1143,1,1,-0.6020703582381501,2.5262016425476648
1144,0,1,1.7103432184614566,4.720369255289786
1145,0,1,0.3899286492876337,3.6294699163016175
1146,0,1,2.3459772827428855,4.616185850511917
1147,0,0,-1.971510756538355,-3.039986061367194
1148,0,0,0.23250577654505974,4.471906735119653
1149,0,0,0.06729510426300017,0.8429498095735877
1150,1,1,0.7439856082701839,5.365121052221547
1151,1,1,0.1379574923591439,2.829801772419944
1152,0,1,-0.23936202790418193,4.11613935921759
1153,0,0,-0.5252715347708823,0.2620107831661137
1154,1,1,0.6017918359798519,3.0987392580095663
1155,0,1,-0.32242645636520556,1.6304948126330803
1156,0,1,0.816646474623394,3.7944035681423016
1157,1,1,1.957202862208435,1.4260428794147493
1158,0,1,1.6163981871865951,3.1275778201654076
1159,0,1,0.7690912797178806,3.078199870350155
1160,1,1,1.3698546224566053,4.349537647550386
1161,1,0,-0.5216790402403404,-1.6063284242281526
1162,0,0,0.27959109739561144,0.9929399329945965
1163,1,1,-0.15324026824798734,5.7149299721185285
1164,1,0,-0.5818843074942203,-0.9925621939104039
1165,0,1,-0.0883501637244136,1.528228282596986
1166,0,1,-0.7865905845547556,0.5915436399053311
1167,0,0,0.7105211113183116,1.276294967663929
1168,0,1,1.1340127786882683,5.162219627645889
1169,0,1,-1.5252057131879422,0.6370863144148267
1170,1,1,0.6395876001553549,4.529535334922599
1171,1,1,0.4212235448148319,5.642079762363632
1172,1,1,-0.4132063314581703,3.4329321539520796
1173,1,1,-0.7131275008892959,3.8760303133887923
1174,1,1,0.7916896280832848,4.533676756730344
1175,0,1,1.002307275848813,5.706055403160097
1176,0,0,0.0402174945910383,2.184209349686074
1177,1,1,-3.060596860523504,3.56784193025411
1178,1,1,-0.2822832796306256,4.67726817060818
1179,1,1,0.34936141301719525,5.131194147317303
1180,0,1,0.10820752304404262,2.3720376854821907
1181,1,1,0.2295288420764405,4.854056936888288
1182,0,1,-0.5558406609539346,4.394188498002009
1183,0,1,1.4121825912716444,0.5552710080546437
1184,1,0,1.3640705960588306,3.464609387499966
1185,1,1,-0.316151355733072,4.7058169037278805
1186,0,1,-1.3074831297912577,3.532038416810231
1187,0,1,0.5324932892716328,2.5876083193204678
1188,0,1,1.3054408889622071,5.935710124778683
1189,1,0,-0.5986343671712584,0.4361661118251581
1190,0,1,1.1595371346222492,3.8047398417524088
1191,1,1,0.7857854206601638,3.718742115740726
1192,0,1,1.3592260989686327,4.442557013749683
1193,1,0,-0.7204961304682511,1.8480416825071282
1194,0,1,0.8368744609783044,2.5122113311795395
1195,1,1,-2.1727834390367726,1.687255920117148
1196,0,0,0.7133032521687408,-0.2590437455399494
1197,1,1,-0.3662751226588654,3.730466198268888
1198,0,0,2.0651881912733456,1.7393427325681485
1199,0,0,0.8484734605514785,2.2708187860840714
1200,0,0,-0.923517524313605,1.0196970732183328
1201,0,1,-1.419395655283903,3.4116947923655507
1202,1,1,0.21449548773987145,6.762897523385116
1203,0,0,0.31936016356741603,4.975491103642339
1204,0,1,0.6165615809524544,3.6241403276150623
1205,0,0,0.5667364844715174,-0.7851060518081963
1206,1,1,0.7481719075049947,1.6712162773343273
1207,0,0,-0.6779109416445627,0.7910822650618803
1208,1,1,1.7682039100425513,6.43776497120108
1209,0,1,0.3747540249448466,1.574256032317348
1210,0,0,-1.26105326951843,-2.190121205382982
1211,0,0,-0.37488523252366424,-0.5415860334332601
1212,0,0,-1.2816032580079884,1.6864829864646178
1213,1,1,0.04566399043767537,2.255588610812378
1214,0,1,-0.9819490795189507,2.2876087719820912
1215,0,0,-0.327421999987953,-0.9237810794187244
1216,1,0,-1.5930788342426798,0.17240151756491007
1217,0,1,-1.5491549994712914,1.5660325280042704
1218,0,1,0.3733242473735005,3.937936336502666
1219,0,1,-0.07893643910486439,4.486210137898245
1220,1,1,-0.804344488826692,3.263466990089145
1221,0,1,0.5017908579595608,2.9124219539248988
1222,1,0,-1.1831205535369764,-1.027746435925728
1223,0,1,1.2234491726456351,4.139369636994466
1224,1,1,-0.6896952745376739,1.4699533836660905
1225,0,0,-1.2477120241098028,-0.18620660568102104
1226,1,0,-0.6208446950578794,1.3280885300574148
1227,0,1,-0.13947887250979854,2.6790374973740767
1228,1,1,-0.6129234010899259,1.2623594845058101
1229,0,1,0.382928416774041,4.3237251415205575
1230,1,1,1.9133094145712266,3.134857542447052
1231,0,0,-0.5411450884219773,0.39096673279113703
1232,0,0,-1.1344230565309712,0.6387174226713505
1233,1,1,1.3094826201288199,5.172516300093044
1234,0,1,0.20589607003490443,2.2592288400115175
1235,0,0,1.3134585433107304,0.47615938516507916
1236,1,1,0.6065290944352482,5.06169285469791
1237,0,0,0.618066640250601,0.17882154535709038
1238,0,1,0.3556455923585254,3.885440003669327
1239,1,1,1.4484553141801049,4.192547234172167
1240,1,0,0.8044659419066162,-1.6000416673058426
1241,1,1,0.19005558632937897,5.53884775531597
1242,1,1,-1.8011919939269925,0.7557085683950473
1243,1,1,0.29368945856448153,2.03261914100131
1244,0,1,1.8468050294676044,0.6396687076209973
1245,0,0,-0.6305222742415156,-1.4511594284871558
1246,1,1,1.097468964621044,5.555350631927963
1247,1,1,0.1553621823254706,3.7457096065697115
1248,1,1,1.4871035764243863,4.576309705918208
1249,1,1,0.9675132683036752,2.1419908272614414
1250,1,1,-0.44443188645602866,2.56128755486105
1251,1,1,-0.5828554472284121,4.826669161666385
1252,0,1,-0.5682917518698934,3.072921276332493
1253,0,0,0.005096734738665955,1.8543619500418946
1254,0,1,-0.287555016127171,4.028929570184079
1255,1,1,-0.3928953996456253,1.6157426290481403
1256,0,0,-0.4721667718709226,1.5453791189825994
1257,1,1,1.3553079140533404,3.72711333004901
1258,1,1,0.4991561573141138,7.263662308122387
1259,0,1,1.298486427512409,1.4893892892252125
1260,0,1,1.446210964030112,4.251706168182703
1261,0,1,1.4853173088819964,3.261906104390016
1262,1,0,-0.6372395938191713,-1.292834134105784
1263,1,1,-1.0396073297982427,3.471428790687824
1264,1,1,0.22264843746366195,1.6034420023380134
1265,0,0,-0.42332797203071687,1.3337557306532781
1266,0,1,-0.48442933587255965,1.989776662482313
1267,1,1,-1.1902202517589069,3.088662551659323
1268,1,1,-0.3461240584838576,1.8404938917865348
1269,0,1,-0.13040301327048026,2.4403562506349545
1270,0,0,-1.9212514934045875,-0.06906393021833435
1271,1,1,0.7987381401886307,3.1250288384924794
1272,0,0,0.09745014254863,1.3343963021259695
1273,1,1,1.184993453503028,3.7904141555062276
1274,0,0,0.8581213406692737,2.037193306094795
1275,0,1,0.6909001978004079,2.007828364174627
1276,0,1,0.9208726360957509,7.848162371561197
1277,1,1,-1.0025782029914387,1.1480465707154974
1278,1,1,-0.1544988131900859,0.44959399799519684
1279,1,1,-1.951959061988138,0.6525289061986446
1280,0,1,1.4587852481917638,3.3732191794011785
1281,0,1,-1.2565951592518536,4.302830323157448
1282,0,1,1.232029642108226,3.370703186558796
1283,0,0,1.456943909767424,0.16420893176995555
1284,1,1,-0.17885668639907729,5.130521870864062
1285,0,1,-0.6969486970793382,3.865204488637463
1286,0,0,-0.33533169028638016,1.401966256730533
1287,1,1,0.01814900519669293,4.525433823000816
1288,1,1,-0.3937084332419562,3.9918504266695662
1289,1,1,1.254044286113076,5.603354947715978
1290,1,1,-0.5674122989331003,3.309654394996021
1291,0,0,1.1569091762386772,-0.5786625886585852
1292,0,1,0.7301807496163354,1.5500005078774866
1293,1,1,0.9497222259087961,3.434404805717226
1294,0,1,-0.40429029232751457,1.9207227922341341
1295,1,0,-0.6238427692682924,1.2360355940287224
1296,0,1,1.878591519633169,4.187391715132537
1297,1,1,-0.12689909268838478,4.536330339110975
1298,0,0,-0.3237497324940588,0.08126151288175266
1299,1,1,1.1010394996274273,5.173161584463697
1300,0,1,1.1987007775590908,2.802685659128133
1301,1,1,-0.2808973958100398,-0.04788561210695974
1302,0,0,0.7530971386989072,-0.7510091385025932
1303,1,0,-2.0612104891173924,0.26782132090349087
1304,0,0,-0.8698625061310864,-0.050227325596545525
1305,0,1,0.6442937198740365,5.576587363972523
1306,0,1,2.0298535682628285,3.3051862367676432
1307,0,1,-0.03347012331180533,1.365946614855278
1308,1,1,-0.5385512755704798,4.935850464121739
1309,1,1,0.672986455821762,3.9342430903372043
1310,0,0,-1.1132990991122567,-0.5094884516788026
1311,0,0,-0.788977898661578,-1.2095340818062268
1312,0,1,1.076010932177086,5.026836287148829
1313,1,0,-1.3821804596945704,-1.0649511695995006
1314,0,1,-0.7142828761179053,3.2194329466875686
1315,1,1,0.4884201902279084,3.0282520580768524
1316,0,0,-0.2899712080309885,0.3505174038912746
1317,1,0,-2.1639026718653547,-1.1776020442200064
1318,0,0,0.556824510198253,0.2721439023159735
1319,0,0,-0.9087268607672707,0.4896103930007455
1320,1,1,0.13327143855555598,2.8760166908254523
1321,1,1,-2.347538813395734,1.9678873430139276
1322,0,1,-1.3150705381504333,2.3308192367964295
1323,0,1,0.618196524630531,2.641240196968096
1324,1,1,-0.8773567421466207,2.180956763885683
1325,1,1,0.7297414697652743,2.53452453714725
1326,0,0,-0.675430592708997,-0.9801440216579215
1327,0,1,-1.1745524560382317,2.0296312259688203
1328,0,1,1.8083700424471676,1.268383958665106
1329,1,0,-2.312749007375977,-0.7018459718122507
1330,1,1,0.09184193311782662,2.424626175829278
1331,0,1,-0.5442645705686291,1.7432875567919515
1332,1,1,-0.3339184018826671,4.06672109684831
1333,0,0,-0.711402338129571,0.205746941598695
1334,0,0,-0.9723485993213339,-0.2050455637251389
1335,1,1,0.35848112905101354,2.571125716317886
1336,0,1,-1.1673296797602268,-0.02724560622933314
1337,0,0,-0.64353441021551,-0.46940291369567666
1338,1,1,0.33976937883457903,2.3047699636266374
1339,1,1,1.0535989203323892,5.358213006438479
1340,0,0,0.6265484148539054,-0.9124691868705352
1341,1,1,0.22178954222460376,4.345096984916933
1342,1,0,-0.45217175683646615,1.683673156152956
1343,1,0,0.43082894354510604,0.8698445429610113
1344,0,0,-0.7198916627032408,0.431713683347982
1345,0,1,-1.4539892115064859,4.371568153760746
1346,1,1,1.8883945201530963,4.660012120233862
1347,0,1,-0.6349138637278448,0.5956707353462609
1348,0,0,0.3570614818021298,1.862983415619171
1349,0,1,-0.406193760310715,1.8403639240942553
1350,0,0,0.7027549733868781,1.208273378855898
1351,0,0,-1.370093781384912,-1.4188706898344592
1352,1,1,-0.6043387295209892,4.517897596349872
1353,1,0,-0.756137990947344,-0.7099487768951667
1354,1,1,0.7050026754679276,2.768611113515532
1355,0,0,-0.6985567185387304,1.08191948794952
1356,1,1,-0.8862310430602899,2.416540839090927
1357,0,1,0.4007662870312024,2.3954439148344067
1358,1,1,2.0633231057771577,3.701269935759379
1359,1,1,0.3257058682022803,3.4217543553571845
1360,0,1,1.1842129416017069,4.5575713436800545
1361,0,0,-0.04954536135206858,0.834321994398553
1362,0,1,-0.9106599558641894,2.813538989651135
1363,0,0,0.9305283596715085,1.312782158987438
1364,0,0,-1.8344031210204936,-1.8947842530306302
1365,0,1,1.878519761822036,7.116057321542078
1366,1,0,1.3713762540006298,1.2511405631792
1367,1,1,0.09913230919943745,2.1642092643793007
1368,1,1,-0.09087526361119613,4.183841790149849
1369,0,1,1.739584110562624,3.832561742214597
1370,0,0,-1.1539987669889769,1.3490601078239797
1371,0,1,1.416309381203694,5.464365034718002
1372,1,1,-0.3063291722137846,5.425454800807877
1373,1,0,-0.12051246377899318,-3.5687124592420867
1374,1,0,-1.210388998702066,0.23927441311285313
1375,1,1,-1.286439896532091,2.113167999126743
1376,1,1,0.14788789282322454,3.9473486074384896
1377,0,1,-0.13188291041643255,4.725000017270704
1378,1,1,-1.365065443645242,2.388316296699882
1379,0,0,1.2620584984839105,2.89577432918698
1380,1,1,1.221049626949648,3.8923653194239733
1381,0,1,0.5318862234144054,5.491419192596222
1382,0,1,0.3594371579219337,5.8985542149063495
1383,0,1,0.05041286716522571,0.2914875416711642
1384,0,0,-1.240116360068512,1.7059452005407365
1385,1,0,-1.2453395706029426,-1.8973825790947112
1386,1,0,-0.4268604205533154,-0.0751385671584135
1387,1,1,-0.5094572369005071,2.5906521588404017
1388,0,0,-0.9353513432552737,-0.2887253992013169
1389,0,1,1.1266184596220241,3.483225837199755
1390,1,1,1.0640349857120233,4.922532184921977
1391,1,1,0.01178264059996691,3.228179590802716
1392,0,1,-0.5408647554351984,3.371590398272183
1393,0,1,-0.39981059201180946,4.604973977450038
1394,0,0,-1.5252153866902949,-2.2989484021886186
1395,0,0,-0.30223891587405166,2.309401912663146
1396,0,1,-0.8334579863849769,3.1261573281814696
1397,0,1,0.3779043339445095,3.2846701288373614
1398,1,0,-1.757604193227816,0.1924779179811797
1399,0,1,-1.3959287673710816,2.312610848666906
1400,0,0,-0.6769206014137414,-0.34790264137109517
1401,0,0,-0.5949627164172652,-1.5907132263133048
1402,0,1,-0.13417067023947327,0.9987308805035104
1403,1,1,-0.5345043922026604,4.4273885023944395
1404,0,1,1.2076403569258787,3.9365219023610023
1405,1,1,-0.8316419539148612,5.200613975537087
1406,0,0,0.08483225098317533,-0.020304133724385887
1407,1,1,0.6348017418215309,3.0048924858289494
1408,0,1,0.03544743654834837,3.6213651929120294
1409,0,0,-0.48815860909983794,1.0546726292701132
1410,0,1,0.16578719097995265,4.377403336139901
1411,1,1,-2.2305027610117603,1.5624498914512195
1412,0,1,0.8794411102883681,4.854782052337173
1413,0,0,-0.6780980207924235,3.399247263941977
1414,1,0,-0.8629722215288685,3.0254216228077766
1415,0,1,1.901828052081005,6.456402537631963
1416,1,0,-0.006181672250345283,-1.6893024237117338
1417,1,1,1.7486626132093979,3.798998865051712
1418,1,0,-0.48813936667143865,2.304041075859736
1419,0,0,0.3985417716319241,2.5324622681394433
1420,1,1,-0.5764009907513277,4.366652852664334
1421,0,1,-0.6909882012985632,2.2306755729032153
1422,1,1,2.591256020538636,4.245742355262018
1423,1,1,0.5431061986271891,3.720880668254326
1424,0,0,-1.5001868322850214,-2.2619733436304257
1425,0,1,-0.27459585604999,2.3885244311103184
1426,1,1,-0.5034150396280597,4.315834946515343
1427,1,1,0.11704463506303706,6.13969421611987
1428,1,1,-0.18310378592085888,1.8641578801544345
1429,1,1,0.08096542764911249,2.3905782074056496
1430,1,1,0.9430609062789442,4.772156182076909
1431,0,1,0.33543054415508383,5.742672462036455
1432,0,1,0.3331357816908756,2.7968236738779453
1433,0,1,1.3854160655902483,4.69069415198527
1434,1,1,1.6747502145204716,4.631285960115184
1435,0,0,1.3106929319913643,1.7275004953100166
1436,1,0,-0.45316509070516897,0.967045994901718
1437,0,0,-0.8356119222941072,-1.727100794762057
1438,1,1,0.6164473072321237,4.076869883700292
1439,1,1,-0.13115569555354395,6.379131989182815
1440,0,0,-1.5904202804264647,-0.6999512678179134
1441,1,1,0.3490012479551432,3.668746872737711
1442,0,0,0.20017184594860007,-1.223883309875868
1443,1,1,-0.3570149892662499,4.606880838819071
1444,0,0,0.9294268378128537,-1.0943746979884603
1445,0,0,-1.015268125787095,-1.6630024980584663
1446,0,1,1.1103886463661663,3.000201730286074
1447,0,0,-0.6267281884590352,1.1228278834333643
1448,1,1,1.7132929785407935,5.147687848990223
1449,0,0,0.29709534619413996,-4.383076165349522
1450,0,1,-1.7072695572757175,0.058173650255742615
1451,1,0,-0.5580566667241053,-1.6048868173220248
1452,0,0,1.2636128897812768,2.2414070268781785
1453,1,1,0.08238660701233931,5.180204281703906
1454,1,0,-0.9388627431266783,1.3152486877054934
1455,0,1,2.3183644069643328,6.910710856974311
1456,0,1,0.4990334727571768,3.611531112021056
1457,1,1,0.8976598290911985,6.081676889342416
1458,0,1,-2.6520658468074996,3.603838667482509
1459,0,0,-1.5722554589991855,-0.3498101213876832
1460,0,1,-1.2367931856456842,5.841125978180226
1461,1,1,0.12170139713434155,3.261184123591931
1462,0,1,-0.2986117715607016,1.963571180024551
1463,0,1,0.22967350555435595,5.140715044741132
1464,1,1,1.3655657169174218,5.598183539017784
1465,0,0,0.5228621921047418,4.525513759070032
1466,0,1,-0.9093443444191426,3.918541249552721
1467,0,1,2.4893558654699777,3.4785004503059103
1468,1,1,-0.10118151320581407,2.7850565963103833
1469,0,1,0.1986791167096711,3.4241866411508375
1470,0,1,-0.5781764404456992,2.987051846728192
1471,0,1,0.45309756970864407,3.24809005358122
1472,1,0,0.5502294209647214,2.7960407321671283
1473,1,1,0.09855766873900555,3.172266969134085
1474,1,1,0.10518597385917658,1.5139574677728345
1475,1,0,-1.1777461722004547,-1.2840687843069494
1476,0,0,-0.03271279312498305,-0.08621370658835348
1477,0,0,-2.7152426011545527,-1.9725726127861125
1478,0,0,1.0839562250992922,2.988348423527544
1479,0,1,1.5914878018553145,3.222457166944385
1480,1,1,0.6486288324089593,2.610178863773258
1481,0,1,2.6283342289564495,5.54007125218903
1482,1,1,0.4268052241672857,2.306601126973492
1483,0,1,0.5146720335447101,3.06500462579048
1484,1,1,0.26616530161087515,6.748202852791873
1485,1,1,0.19339890825872258,3.1935066732913624
1486,0,1,-0.17165787844830024,2.0510681640716184
1487,0,0,1.4196709252200608,4.69337513979191
1488,1,0,0.4798413157235048,3.9868771968922982
1489,1,1,-0.11403552554807049,2.5025412113477192
1490,0,0,-1.0673964518353183,2.091642198291824
1491,1,1,-0.07379413176348198,2.885202721145811
1492,0,1,-1.7570991630927288,1.1578868957160309
1493,1,1,0.8568449109074954,5.040826664193103
1494,1,1,-1.5701311342680853,2.387436683845769
1495,1,1,0.46002944905147436,5.130448698619229
1496,1,1,-0.47063115003063827,5.350692229156689
1497,1,1,0.9565164955279727,3.859439966192286
1498,0,1,-0.7058681949367496,2.94029152451495
1499,0,1,-0.5213607066286225,4.820280506051365
1500,0,0,0.7719182734757768,2.207218132648343
1501,0,1,-0.8477799995822223,2.9559900206295753
1502,1,1,0.2736798332833596,1.4076244596157483
1503,0,1,-0.6527169012144666,3.3733276466452358
1504,1,1,-0.7028596455879542,5.47668985436154
1505,1,1,0.9604104568743652,4.425219575953267
1506,0,1,0.4474732782099291,2.396797290120668
1507,0,0,0.6802656574951516,0.9102259490365643
1508,1,1,-1.3542667093775402,2.9498925172164268
1509,0,0,0.20391289238289476,-0.8673163698778648
1510,1,1,0.8515930936381895,3.06155775054525
1511,0,1,0.8216000260796775,3.5916745033918405
1512,0,1,-1.2321717994820054,1.2881306146795533
1513,0,1,-0.4914834552834908,4.767192367612794
1514,0,0,0.031797461040164295,3.78840006733225
1515,1,1,1.1371085588334784,2.9796273687074364
1516,1,1,0.45120483855165094,6.378632411078283
1517,1,1,0.9297916938703182,2.5705014361872554
1518,0,1,1.3460256935907915,3.2820603092011913
1519,1,1,0.3202522455615137,3.3679161433275473
1520,0,0,0.6356714895379114,1.0842514816944877
1521,1,1,-0.5316408882760301,3.1987472761885116
1522,1,0,0.3101964513360966,1.9738503618025873
1523,0,1,-0.4918668672229131,2.9051548206135394
1524,0,1,0.9620712135601526,5.057189409710558
1525,0,1,2.0085765478774147,6.795482074148763
1526,1,1,2.1796807517406322,4.611001948664292
1527,1,1,0.8845716597060422,4.588060000511041
1528,1,1,-0.40726818633642287,5.011772173578166
1529,1,1,-0.7747274075595035,3.045097296329957
1530,0,1,0.46680613951272054,2.8291428455551726
1531,1,1,-0.020118542922952617,5.511318173995296
1532,1,1,0.1971428127830973,4.703788717725503
1533,1,0,1.2471510460791249,2.9163688528623335
1534,0,0,-1.3314343177064756,-1.612717178238417
1535,0,1,-1.1655150079315852,-2.120532137452707
1536,0,1,-0.017967497947467947,4.072118004529573
1537,1,1,0.5267495996381201,5.222975275914017
1538,0,0,-0.5164648710942219,-2.054902052536703
1539,0,1,-0.7020853890910008,2.2252638852016657
1540,0,0,-0.05135876561180608,1.9087440091032368
1541,1,1,-0.5114165804901165,0.3149632473846178
1542,1,1,1.1172222776465348,5.090263257160222
1543,1,1,1.2200691649889068,4.564121274730638
1544,1,1,-0.8761979624361155,3.450693170709848
1545,1,0,-0.4784095816266788,1.3019149493577218
1546,0,1,1.3348317840572739,6.708424464397503
1547,0,1,-0.812412490137277,3.368330458536108
1548,0,1,0.6908368811731868,4.754575578683731
1549,1,0,-1.1871271327512436,0.3983098270143617
1550,0,0,-0.7354073485973519,1.1899189224099598
1551,0,0,0.8005176062756957,2.66558604382973
1552,1,0,-0.42969299601473115,-1.105935186380134
1553,0,0,-1.6459551483186312,-3.3955963873862056
1554,0,1,1.0254747475073658,4.251586965439078
1555,0,1,0.8465572779531382,3.337566191508807
1556,0,0,-0.3403789251155622,-0.8752794057580069
1557,1,1,2.595742430836339,5.23383676782179
1558,0,0,-2.076808344680626,-0.959937082971508
1559,0,0,-1.8626814979544772,0.23043083214065618
1560,1,1,-0.4415031582395877,3.783082675044254
1561,1,1,0.40108105840801495,6.253722250725595
1562,1,1,-0.5619057476344078,3.720394739861219
1563,0,1,-1.210070700257762,5.611329228249361
1564,0,1,-0.7213082921126959,0.3671869083850716
1565,1,1,-0.177568792381904,3.7455674730436144
1566,1,1,1.1700062403459521,4.696325975715299
1567,1,1,1.803067545376529,3.2972906273502476
1568,0,0,1.0229346202348317,0.6143696940863851
1569,1,0,0.037976029613826096,1.0576684286520606
1570,0,0,-1.5942531247622678,-0.1156364686571997
1571,0,1,0.3192333559107742,2.0185964356095343
1572,1,1,-0.3142338622626546,4.461370349354095
1573,1,1,-0.25329637081531314,5.765741607728875
1574,1,1,-0.9109774397834577,4.582005640454442
1575,1,1,-0.19470900947764785,4.930736584169539
1576,1,1,-0.23104834719558195,4.372014537100244
1577,1,1,0.6627065216525108,6.622576400724887
1578,1,1,0.2873564221257583,4.2921001102226874
1579,1,1,0.7040402975782013,4.178663131362737
1580,1,0,-1.5668770475876581,-0.9172681502025175
1581,1,1,-2.069085495840258,0.7950064541904496
1582,1,1,-0.07571108396707057,4.38548635230105
1583,0,0,2.1911646657703003,4.736042827506123
1584,0,0,-0.01988237272819132,1.125483024363042
1585,0,1,2.874766197080392,3.655614665829297
1586,1,0,0.3797835829780691,1.6443384659898173
1587,0,1,-1.5114717311759296,2.6771644984241636
1588,1,1,0.523166959014042,3.9701279633003366
1589,0,0,1.2339001740363593,2.7837121692443536
1590,1,1,0.2585969589099774,4.158113881209514
1591,0,0,-0.8009958257741691,-2.5127733882088954
1592,0,1,-0.2994846857715608,2.3660523841508585
1593,0,1,0.3857016996813936,3.146480428566869
1594,1,1,1.416007834816731,3.4073994531345817
1595,0,0,2.482291472686917,4.3719744139559165
1596,1,1,0.8796309358599312,3.6824816551823067
1597,1,1,-1.2640044404211137,2.3747050685584403
1598,1,1,-0.8095057228139568,4.202711697777279
1599,0,1,0.8520642035511043,2.473553222968105
1600,0,1,-0.17920232443800221,2.103569108517656
1601,1,1,1.2991199219904486,3.7680847673945985
1602,1,1,-0.3116101890805142,2.6313642606257246
1603,1,1,0.45664090114765626,4.814445672195787
1604,1,1,0.22889936266257677,2.714964204950456
1605,0,1,-0.07891032960533609,5.335985186832708
1606,1,1,0.4676057756794705,5.284745509730422
1607,0,0,-0.17168273871917694,-1.1579249824348976
1608,1,1,0.2511429028878066,1.9778685383013805
1609,0,0,-0.09501877713140659,-2.0121950743029053
1610,0,0,0.9667122375102715,1.0547795450686839
1611,0,1,0.32262101560327106,3.994948640616688
1612,1,1,0.4401723401921361,4.040768713538193
1613,1,1,-0.3285897805041733,3.801745292392916
1614,0,0,-0.4270976011784502,1.693668762778135
1615,0,1,-0.2029864303965306,1.7860369300974839
1616,0,1,-0.2634592994972229,0.3220280537853304
1617,1,0,-0.3531054272857583,0.9976908283569117
1618,0,1,-1.9139422568524658,0.7836351897903442
1619,0,0,-0.07770444890371031,0.7306545359831441
1620,0,0,0.5815294221418223,2.616113970186533
1621,0,0,0.5382024613315932,2.002771248900233
1622,1,1,0.6797219290636922,5.33105761183428
1623,0,0,-1.8026529241898315,0.09898718411564245
1624,1,1,-0.6420005901263584,2.6364144353918406
1625,1,1,1.031809067020051,3.4349223251175545
1626,1,1,0.8786356766597706,4.507999414209279
1627,1,0,-2.1120751300188934,-1.6816229662931326
1628,0,1,-0.08034091143699978,1.3648195377927212
1629,1,1,-1.052036161079233,1.8670484900838908
1630,0,0,-1.0061488282902913,-1.5928165537391596
1631,1,1,-0.3042605344159191,1.7869510116127303
1632,1,1,-0.2985029912634836,0.5955349009195587
1633,0,1,-0.7264166110579481,1.1405296601360653
1634,1,1,-0.15663210260864055,4.029749093360273
1635,0,1,0.37971176399085715,2.2857991395603703
1636,0,0,-0.8425028815371828,0.6094774974364275
1637,0,1,0.762925019728678,3.127672198461763
1638,0,0,-0.9978555664279297,1.4309284004718283
1639,1,1,0.6079557957272731,3.0250030715036997
1640,1,1,0.6569723848959841,2.818523801720384
1641,0,1,-1.032357757961075,0.06946541977163978
1642,1,0,-1.355540846128689,1.9144068321512566
1643,1,1,-0.3611459418318144,1.7484151582348688
1644,0,0,-1.738360118880904,-1.7892616308487916
1645,1,1,0.14748771136015099,2.3735520201331095
1646,1,1,-0.8542793219720785,5.362172802107526
1647,0,1,-1.065284213203473,1.5840233280304155
1648,1,1,0.2898762087068885,0.92597549700923
1649,1,1,-0.04020772006834205,4.066864200611709
1650,0,0,0.9575070946396609,-1.075083648691845
1651,0,1,-0.03152841511311895,2.078348110169225
1652,0,0,0.46196518174465684,1.2891951670439645
1653,0,1,-0.3599306235363632,1.8645184029378163
1654,1,1,0.1894080549191626,5.7913231529756075
1655,0,1,-0.6165657201408783,2.9067281843759964
1656,1,1,-1.3157565043102755,1.8773913635922181
1657,1,1,-2.83392096993832,0.07795377361362199
1658,1,1,-0.03576778663778637,2.328697932919771
1659,0,0,1.6909654364792486,1.8022267378106698
1660,0,1,0.40247223819002786,3.845559514436182
1661,0,0,0.09280681117826454,3.7567752363543834
1662,0,1,1.6241188362481327,4.211601055357147
1663,1,0,0.3865657826357459,2.9384411402132384
1664,1,1,1.2761380872520938,3.3562408302072955
1665,1,1,-1.2130501755632936,3.070480108143808
1666,0,1,0.6788997546704083,3.3896351546826478
1667,0,0,0.004154293731367281,-1.0496750356771773
1668,0,1,0.595773531874157,3.752945686043865
1669,1,1,0.4521083079122301,5.095095118364828
1670,0,1,0.5735669919036755,4.338380173181955
1671,1,1,1.1584826501657288,4.488063495876828
1672,1,1,-0.09171838925533563,5.058009442995234
1673,0,0,-0.2588888394009129,0.11909018547565181
1674,0,0,0.6919824471168466,2.307141675204578
1675,0,1,0.19407973859856395,5.690518421390297
1676,0,0,-0.9257678623176246,-0.37010160282517823
1677,1,1,1.2897807989773074,2.918553630561737
1678,0,0,-0.12047710165193769,-1.600909237585593
1679,0,1,0.4342102940639476,5.743503440155544
1680,0,1,1.5890892257475924,6.28574196644103
1681,0,0,-1.420839790065027,-0.061987474355033934
1682,0,0,0.6608195600473707,1.1438297019291797
1683,0,0,-1.9462593812503968,-1.078009203189327
1684,1,1,-0.176250218245568,-0.1568851492234069
1685,0,1,0.0674537516602219,1.7655037068445512
1686,1,1,1.3191774858714018,2.83213328842918
1687,1,0,1.5061586625227377,1.405150785948186
1688,1,1,-1.434388976725997,4.727025455074834
1689,1,1,0.6491572638446665,2.6357923193502755
1690,1,1,0.5310243120803972,0.7331224728020602
1691,1,1,1.2139797239533576,3.454152993385737
1692,0,0,-1.2949778015868694,0.9541570878316121
1693,1,1,-0.4097420402891644,4.5783912907704245
1694,1,1,-0.0043531976569241276,3.894098410822076
1695,1,1,0.7563869247948967,2.173882444703661
1696,0,0,1.0013648438779947,1.0668898454095141
1697,1,1,-0.7131898288074765,-0.3093436071444735
1698,0,1,0.04799964645446553,0.032080639062364025
1699,1,1,0.05336085241992729,2.3737798249847124
1700,0,0,0.736425810555928,4.9145688760122335
1701,0,1,-0.07178672372064271,3.296942418797089
1702,0,0,-0.24038626902797983,-0.049637618003578465
1703,0,1,-0.15521021203523033,2.5552752288227873
1704,1,0,0.28831271774539774,0.8755739076659081
1705,0,0,-1.2457058425992793,0.4142435850855824
1706,1,1,0.7651968194670312,3.873735617660497
1707,0,0,0.1607352776882912,1.1600390595320533
1708,0,0,0.6911103150623618,1.075776931637487
1709,1,1,-0.17327525378265066,5.30145640057917
1710,1,1,-0.963397400273772,5.696690918484193
1711,0,1,-0.8976508175090478,5.158420981884688
1712,1,1,-0.01904135794866404,0.9849856083634205
1713,1,1,-0.09815783320221037,2.626344018496183
1714,0,1,-0.8999004195833641,3.8484992552386306
1715,0,1,-1.0793759063179276,3.85375393045402
1716,1,1,1.1568513270866352,2.210811538100561
1717,0,1,1.2456582733362664,3.1159175592840365
1718,0,1,0.2689916081527927,2.2366041489109154
1719,0,1,-0.655349964787991,3.505999752966672
1720,0,0,1.7918656786090112,2.9688155653312114
1721,1,1,0.230316041534669,4.919332883010958
1722,1,0,-0.39008808806492834,-0.1987301741057821
1723,0,1,0.4179752981685339,0.5627151828314989
1724,1,0,-0.9040726155341399,-0.42042389067213704
1725,0,0,-0.8659336194550695,1.1449774397971502
1726,0,0,-1.6240849639776944,1.6308938448773134
1727,0,1,0.8627396792585215,2.4193182642068907
1728,0,0,-1.5658271505936863,-3.8829087714912918
1729,0,1,-0.092707286517221,2.7755044560009527
1730,0,1,0.12149214548361571,4.899872746442375
1731,0,1,0.1191901633407402,1.9912206058868616
1732,1,1,-0.09272182939346867,4.343544080702514
1733,0,1,-1.1864600137117525,2.6060195305316514
1734,0,0,-0.8103689991556213,-1.3350019391470593
1735,1,1,-1.1420567735363238,3.00207544423747
1736,1,1,0.21722528129881327,6.0591153825472785
1737,0,0,-0.9214085252300211,-0.33693202833258806
1738,0,0,-1.4922613917041563,-0.70089103274519
1739,0,0,0.039061995459972285,1.1993149593571477
1740,0,1,0.5459114055981821,2.0437139166607428
1741,1,0,-2.32639093435856,0.3295838483843805
1742,0,1,-0.5189964093553119,3.2403252592999285
1743,1,1,0.05637718855652156,4.166767477087376
1744,0,1,0.9574172560394929,1.6839250674915591
1745,0,0,-0.3779753806604042,2.3178241040215255
1746,1,1,-0.032617233841392555,3.5112110259472793
1747,0,0,-1.3577939842217677,1.9507890426067322
1748,1,1,1.069132321510292,3.8204213252650887
1749,0,1,-0.914497827231229,2.2227790420444857
1750,0,1,0.1879559422568447,6.624541698052872
1751,1,1,-0.3438553642437211,4.060011542651633
1752,0,0,-0.25397038466818084,-0.22836293371767447
1753,0,0,0.05612437797619903,1.4364352505027065
1754,1,1,0.25619363133818185,5.275105005839695
1755,1,1,-0.18149168494670953,4.871198518461627
1756,0,0,-0.15516079756664355,-0.8534472933546872
1757,1,1,0.30163893706351463,5.46812305999818
1758,1,1,0.26766202664240285,5.030785252013366
1759,1,1,0.5154192165815897,1.1061754523825604
1760,1,1,1.3074024344510764,1.3461244987062675
1761,0,0,0.06870477481997737,2.0192730148913207
1762,0,0,-0.7883946967047405,0.7443003015257602
1763,1,0,-0.2693772877971386,0.411540598310795
1764,1,1,-0.7301703426241392,3.211437301632306
1765,1,1,1.8311969576522076,7.073610834072727
1766,1,1,1.4112284639192354,5.846620029638876
1767,0,1,1.0588229898506683,4.597020840498445
1768,0,0,1.0883397151764154,1.7767806362502374
1769,1,1,0.7302033670592281,3.1612547430153803
1770,0,0,-0.8080584410244145,-1.6554816659716083
1771,1,1,-1.1338093350420764,2.0536960225121206
1772,1,1,0.9462599482304758,0.7956194949327418
1773,0,0,-0.33784659684006935,-1.5217510152004776
1774,1,1,1.426066015334874,5.739191427910836
1775,1,1,-1.18967504876934,2.4099942307450744
1776,1,0,0.3000284166864691,3.7946344190736765
1777,0,1,-0.04497081378899186,6.158823523705051
1778,0,0,0.9585932392480557,1.598847638682603
1779,1,1,0.8958705634714161,1.8942626464293193
1780,1,0,-1.25999743915501,0.35263646779669716
1781,1,1,-0.27497216785615797,5.897406098589823
1782,1,1,-0.4320548605748065,2.311701931873335
1783,0,1,-1.307858690926185,2.8296645815109582
1784,1,1,1.3184210237523128,2.0752141222723277
1785,0,1,0.610893671227364,3.887826931877147
1786,0,0,-1.2171913779304369,-0.3619334256151012
1787,1,1,-0.9414754213792461,2.8494036684897344
1788,0,1,-1.0917217522811808,3.155678290552707
1789,1,1,0.736980215526777,2.5541296097459694
1790,1,0,-0.9183883472321901,0.1987499371466166
1791,0,1,-0.8232591856198237,5.220553693836113
1792,1,0,-2.4863277370814765,1.1094415407911593
1793,1,1,-1.9627892904168927,3.7306455367779305
1794,1,0,1.2742046974079448,3.8024701766243822
1795,0,1,-1.1218211013042294,1.5562642267428108
1796,1,1,-1.3966964856498318,3.122990507332614
1797,1,1,0.33945901756260033,4.931564660303419
1798,1,1,0.560327576235545,1.5037584801883863
1799,1,1,0.13336951897297275,4.605309387293888
1800,1,0,-0.21883603623277756,-0.6582248074271222
1801,1,1,-1.262643965979363,-0.4661399183352759
1802,1,0,-0.2861540877802725,-0.24867825680204503
1803,0,1,-1.2680039546284638,2.8169911193123274
1804,1,1,-0.9377179802917245,1.8709764915776659
1805,1,0,0.9494703561690351,-0.25984398512405216
1806,0,1,0.1404862248567728,3.056942442253507
1807,1,0,0.5589506184953783,2.347226363220349
1808,1,1,-0.284111627133531,3.6088868674197356
1809,0,0,0.0273829789518145,-1.0062992039319532
1810,1,1,-0.5503802958636127,2.7661084789046035
1811,0,0,-0.255105936673099,1.3524415176852718
1812,0,0,-0.3058566071288733,0.04396233307469824
1813,1,1,0.33478027777063574,3.0755456011780433
1814,1,1,1.6619188856382614,3.685113733680677
1815,0,1,1.2043774435737105,2.25227154557646
1816,1,1,-0.8618610747296344,2.5722185625780325
1817,0,1,0.6178917393636864,4.2161851855217565
1818,1,0,-0.3481368315752747,2.6722513933486884
1819,1,0,-0.08384313438691736,2.5024390211497636
1820,0,0,-0.3286010643459934,-0.6626066838567628
1821,0,0,-2.325098083133936,-0.7129087571842019
1822,0,1,0.9389172027935392,4.614975086753318
1823,1,0,-0.4197714004921689,-0.9327356336229091
1824,1,0,-0.49313847250046544,2.225177814928704
1825,1,0,-0.9379729924297051,-1.458180328985346
1826,0,0,-2.215791520569482,1.1818706933935688
1827,0,1,-0.8084750437452837,1.3970306066979257
1828,1,1,0.7508345059197169,5.24499244093982
1829,0,1,0.8501616008597047,2.7037446667067937
1830,0,1,0.1529053094723938,2.6736455954911884
1831,0,0,0.577986793249387,-0.32164608689756874
1832,0,0,-0.3141172524907332,0.5433040745861903
1833,1,1,-0.7038625221166628,1.4836535467601153
1834,0,1,-0.30580234761302794,1.4059985307122538
1835,0,1,-0.23130349596908722,1.9268983406298041
1836,1,1,-0.6706029821019147,3.373097819374376
1837,1,1,-1.1935718316322377,3.0876578710342413
1838,1,1,1.2718806444667055,3.1017450001005575
1839,1,0,0.6003289927769203,0.20415895439377962
1840,1,1,-0.25046416015840933,1.907517297742113
1841,0,1,-2.6830355461895747,0.43144606029057075
1842,0,1,0.2520968554918104,3.587155110846719
1843,1,1,1.0916150131635207,5.391579185383506
1844,0,1,0.9486217565269609,2.269792334375824
1845,1,0,-1.2750633346818143,-3.2291780339271665
1846,0,0,0.20054700698340525,-2.5484575883089575
1847,0,0,0.026477334915782642,-0.8924857809345935
1848,0,1,-0.336943199376125,4.0379087487164504
1849,1,1,-0.4464724120037663,2.2451752122855293
1850,0,0,0.3050101405818147,1.0307711882790045
1851,1,1,0.2470584843166858,5.059291859019005
1852,1,1,-0.6592755521749092,2.5992427725276785
1853,0,1,1.4653430504002132,3.1773623154083266
1854,1,1,0.525516238322871,5.264747049398409
1855,0,1,-0.5060295601194624,3.0225295821411713
1856,0,1,1.28952305927053,4.49017513101613
1857,0,0,-0.18175022411396033,-1.6467829838382275
1858,1,0,-0.8959272320612567,2.971628933897338
1859,0,0,1.0127351429572067,2.341626861076353
1860,1,1,-0.2390610267248123,1.3424349350626374
1861,1,1,-0.6786909806921885,5.216849645950178
1862,1,1,0.2970014532305778,5.904066288779764
1863,1,1,-0.5743713136141949,1.775148514354974
1864,0,1,0.11952213732472886,2.7793244711424823
1865,0,1,-0.5605808641214551,4.1856522113400665
1866,0,0,-1.1925264460383391,-2.21311073485741
1867,1,1,-0.3559597679484305,2.7981214704198574
1868,0,0,0.7763951881344371,-0.5136355840146308
1869,1,1,-0.00446631215528824,4.049110761847881
1870,1,1,-0.5739414728146668,3.440764545005216
1871,1,1,0.15875955397793476,3.244279536248663
1872,1,1,-0.6011955778664905,3.4122490384041195
1873,0,1,2.4285994624947618,5.806137125084455
1874,1,1,-0.5935378460059867,2.303947111419905
1875,0,0,0.873553599040167,0.3035500167288486
1876,0,0,-1.4364854750718061,-1.4733727618893973
1877,0,0,-0.4670649018664312,2.7739768437629606
1878,0,0,-0.7080824859222019,0.4775270968380938
1879,0,1,0.4131520569662001,2.3557012252473077
1880,1,1,0.7548765590868042,4.378768675377292
1881,1,0,-2.6694943386929153,-0.4645321834449717
1882,1,1,-1.1721687038966897,3.1107360182979393
1883,1,1,0.22147909802160307,4.844724382714523
1884,1,1,0.872531932744062,6.042228582055236
1885,0,1,0.6688745422239912,1.4808288850253035
1886,1,0,0.33958734341647706,0.44319992598913993
1887,0,0,-1.050819414838885,-1.7357348828139583
1888,1,1,0.0591457226126053,5.11348271178052
1889,1,1,-0.9132232601614839,5.090352211596368
1890,1,1,-0.16408702086071825,5.213351638329886
1891,1,0,-0.14583925160486783,2.387188819211656
1892,0,0,-0.8486607651422922,-1.9534145471795321
1893,0,0,-0.2812928125489828,-2.3245884348491974
1894,0,1,2.6081215356282796,4.702300937050534
1895,0,0,-2.2276252339209273,-1.2973056539375012
1896,0,1,-0.3751327502799626,4.340350048403362
1897,0,0,-0.6709845127599015,-0.10919207455609936
1898,0,1,-1.2474680843788426,0.2971159877372631
1899,1,1,1.242681687312325,3.013018206689614
1900,1,1,-0.695513274837443,1.219215472103898
1901,1,1,1.5134252202453955,3.7214449615638356
1902,0,0,0.5322053576682269,1.5768303312716194
1903,0,0,-0.6645119826789664,1.7397359902032743
1904,1,1,-0.14674422653418961,3.2816330069251136
1905,1,1,-0.04654632039601942,2.742022893627054
1906,1,1,-0.2237736023894234,3.194729489784161
1907,0,1,0.5787291491204736,3.908385680766875
1908,1,1,-1.7641957136896635,0.6829681911362733
1909,1,1,0.05719976827624013,2.3990159317808493
1910,0,1,1.1688367507878836,0.9675881341568213
1911,1,1,-0.7191272102910687,2.558231878938544
1912,0,1,-0.05348212865428531,4.625370157265481
1913,1,1,2.146357133752953,3.508394880072485
1914,1,1,1.537416997624068,6.214026602838905
1915,1,1,-0.49822668270874454,4.521334214768432
1916,0,1,0.4875412694073159,5.403408988994718
1917,0,0,0.2805070789909006,2.113510128733341
1918,1,0,-0.8966150856797285,1.2186485321041691
1919,0,1,-0.23561383528116095,4.706045408887338
1920,0,0,1.3902210970559585,3.322559402751076
1921,1,1,0.17627466927025454,1.391630570410281
1922,0,1,0.772424083442725,5.891694301361145
1923,0,0,-1.1663697056492062,0.1590404599331181
1924,1,1,-0.8972319771732693,5.4170404892252755
1925,1,0,0.10760843146959286,1.004316246554765
1926,0,0,-1.4050172184440093,1.7974253141517011
1927,1,1,1.2052138647131212,4.665875009589353
1928,0,0,-0.5649620950307617,-1.9960850724548187
1929,1,1,-1.6938400471860726,1.6382866158065887
1930,1,0,-0.01875225358348517,-0.3514639856937709
1931,1,0,0.7502458152426961,1.65058275772062
1932,1,1,0.976826348609895,5.585407743504446
1933,0,0,-0.6537156112166809,-1.276183583096533
1934,1,1,0.903249170914687,4.723772449195551
1935,1,1,0.5758631110915929,3.199906038620237
1936,1,0,-1.69607484738915,0.9646508872607575
1937,1,1,1.692437505452955,6.153930850853609
1938,1,1,1.5580640173209466,5.073235325394204
1939,1,1,0.09049566651482789,7.9464150823883735
1940,0,1,-0.5237833347322955,2.695051175386358
1941,1,1,-0.15108293311002066,3.1141230204524355
1942,0,1,0.07472622288829604,2.4563727045170136
1943,0,1,0.6799258880268767,3.4742253292602365
1944,1,1,0.02784473262084183,1.9314521040492236
1945,1,1,-0.7294559973300857,1.561841429135682
1946,0,0,-1.2501643259621094,1.7217819097224307
1947,0,1,0.09669096040559455,6.26161667528466
1948,0,1,0.5321466090768622,0.3135455939503484
1949,1,1,1.90421959029573,4.6468568514232995
1950,0,1,0.5031400768617514,3.1651225907713596
1951,0,0,-1.3792585506741863,1.1979144885980761
1952,1,1,-1.4906383312172677,2.2390344989001703
1953,1,1,-1.191029118389866,4.286933298917392
1954,1,1,-0.699159468599476,2.184870545226268
1955,0,1,0.8319139943300706,3.03575089326847
1956,0,1,1.4460634945138235,4.797044436626246
1957,0,0,0.6165491707039119,1.24199024274606
1958,0,0,-1.4111550408309148,-2.6195127657594943
1959,1,1,1.899085768515929,5.054635492094639
1960,0,1,-0.02757685149167945,4.697807861256134
1961,0,1,0.9199278837733477,5.11662878420463
1962,0,1,-0.7053407566767833,3.1174377671664653
1963,0,1,0.29292878184744336,2.9003108447074397
1964,1,1,0.8420856754883337,3.005760540894465
1965,0,0,1.20277388321334,2.70169563953484
1966,0,1,-0.5244050780431361,2.6046743295213584
1967,0,0,-0.20119350513699427,2.264979616054941
1968,0,1,1.6095741823304717,5.398477091486441
1969,1,0,-0.9845442519984289,0.8673989472273214
1970,0,1,-0.10706027613592115,0.4832438335164837
1971,1,1,0.3652471524245494,2.4616451935291965
1972,0,0,0.21124409564054644,2.473223680477047
1973,1,1,0.10102488990923965,2.368277755213616
1974,0,1,1.6877586642640972,2.7339634427311528
1975,0,1,-0.42094840171183856,1.7064647735293565
1976,0,0,-1.0879720627665084,-0.3192511084551858
1977,0,1,-0.3847057306425807,3.5759706381266128
1978,1,0,-1.1653108247327337,0.4000064988888164
1979,0,0,0.02936251830432888,0.34998558655581424
1980,0,1,0.9286903193274307,5.42834519202224
1981,0,0,-1.0721187334471887,2.041215577745258
1982,1,1,-1.3594356924959128,4.532369397635261
1983,1,1,2.331201674777428,6.570233982029626
1984,0,0,0.054459025343534403,1.7786497572366473
1985,0,1,0.009110936660483009,1.3627499030902817
1986,1,1,1.2211593316750646,5.099681296938961
1987,0,1,-0.15905809190528641,5.477324750903277
1988,1,1,-0.6905645025523817,3.626660922504571
1989,0,0,-1.3013312796061403,-0.45280217101595666
1990,1,1,0.88833107918516,2.8290107632928394
1991,0,0,0.4132577152930661,1.9786438314372274
1992,1,1,-1.3477894626586007,6.252833538464529
1993,1,1,0.7688867081297224,6.2414801729939455
1994,0,1,1.003163732931533,3.521499967148565
1995,0,0,-0.08343462441433822,1.1373047642905603
1996,1,1,1.2232751856143709,4.678931552162738
1997,0,0,-1.7260634948122455,-0.3500066560412328
1998,0,1,-1.5195053934983462,4.247870730880832
1999,1,0,-1.1368430308590156,-0.8546980516760936
2000,1,1,0.2574949084053449,1.4041433729358177
2001,0,0,1.0112796394264398,-1.0340115216737118
2002,0,0,0.1774172487596982,2.9346315269445387
2003,0,1,0.2645831540040101,3.8597650912052632
2004,1,1,1.0672492546676906,2.893852073699817
2005,0,0,0.6793313679146894,1.7416816406462223
2006,0,1,-0.3056718045684781,2.8927464856874776
2007,0,1,-1.3308957176296525,-0.7464428333508915
2008,1,1,1.2584538565704966,7.277872577910788
2009,1,1,-0.3205589068920439,3.1027284825033226
2010,1,1,-2.1119030378043293,2.534236167937226
2011,0,1,1.8002493549118612,2.9809108873971972
2012,1,1,-0.7635949540801223,3.0923056603008146
2013,1,1,-1.1278553822636177,-0.7250606009434746
2014,0,0,1.293969120783508,3.3729928855859366
2015,0,0,-1.2005088710337164,0.5854887447816743
2016,1,1,0.8134247115995231,4.064048354975916
2017,1,0,0.1850139973992421,1.270842752633447
2018,0,1,-0.671554052568444,4.865943501672611
2019,0,1,0.6315428207999723,6.121436028096336
2020,1,1,-0.18543535068970193,4.306360762756052
2021,0,1,1.6663690397351847,3.240393762888814
2022,0,1,0.6782288305787382,5.2182192439734845
2023,0,1,1.5152826363412442,3.212922195782201
2024,0,0,-1.4347328840491558,1.6316819295537046
2025,1,1,-0.13434749124810166,4.296042793963878
2026,0,1,-1.0601992072150694,3.7153646177056068
2027,1,1,0.363540805776342,3.1009180288440774
2028,1,1,-1.0121197898074334,3.4358413073771628
2029,1,1,-0.6081691975851257,1.3708421333886023
2030,0,1,-0.08477937044473279,4.615134453598995
2031,1,0,-2.5274717631628985,-0.7883694359643243
2032,1,1,-0.4332817009301635,3.8382884776964965
2033,0,1,0.7943366834103193,0.27318101865199096
2034,1,1,0.21550174461382154,2.00786063000436
2035,1,1,-0.42007552503117956,3.1318657365082068
2036,0,1,1.118718372278357,4.100177111267828
2037,0,1,-0.705432150750281,5.824430866157858
2038,1,1,-0.26952088437224025,5.065775065019916
2039,0,1,-0.08677435088687577,4.699747041536381
2040,0,1,0.6441944137299188,5.008502808644346
2041,1,1,0.6527036579748274,3.5764634925470213
2042,1,1,-1.0801170474486168,1.4864697971222118
2043,0,1,-0.7765294594297341,1.7137077900532462
2044,1,1,-1.528740613722822,4.144341302164543
2045,0,1,-0.6296691670060652,4.341286168109114
2046,0,0,-0.6490201256779438,-1.7310807200281197
2047,0,1,0.8707371263739034,1.3024723243379936
2048,1,1,-1.8125529338847537,2.6834694935919376
2049,0,0,-1.436007694716795,-2.8950190743113815
2050,0,0,-1.8903754241501358,1.8955558521775222
2051,0,1,1.425348337539038,5.614740868452529
2052,0,0,1.318049327893898,0.5150121126714479
2053,1,0,-0.8567570812104387,-0.4241766596151708
2054,0,1,0.3357390078905207,0.8437903695098772
2055,1,1,0.40733396528033894,2.5902757002630805
2056,1,1,-0.2979950247031657,3.701134363387844
2057,1,1,1.2921072077727174,5.38847499393285
2058,1,1,0.9027378730210864,5.141121818215812
2059,1,1,-0.5060369663162486,1.7008867635166451
2060,1,0,-0.19965536188352717,0.7789713735020729
2061,0,1,-1.018135225139473,4.745256445298541
2062,0,1,1.830058299736582,4.038221401063411
2063,0,1,-0.7304742714440501,4.042719510717116
2064,1,1,-0.26439076837937575,3.7396991502912815
2065,1,1,-0.7666436018779464,1.5297393952124967
2066,1,1,0.7245421336448831,4.169816673107882
2067,1,1,0.48413165026436955,3.8138167979813775
2068,0,0,-1.1696842663980436,4.067370400265589
2069,1,1,-0.4865649120435376,3.1380689888790805
2070,0,0,-0.22246768066956393,3.3509807417767172
2071,1,1,-0.2852618733400032,3.8164185527312555
2072,1,1,0.6264225597721454,-0.055319224598926464
2073,1,1,0.28726647046082593,3.360878996250644
2074,1,1,0.43024458971685103,1.3304374847855391
2075,1,1,-0.7597319302427771,2.3504055995300144
2076,1,1,-0.2705953230726306,2.3717903038712
2077,0,1,-1.5491375313262603,4.290259130073095
2078,0,0,-0.49261071653833954,2.119260783406541
2079,1,1,0.39224438110158905,2.548115162118732
2080,0,1,-2.192677613502923,0.9547953978922321
2081,0,1,0.6593874323184832,3.7262713195297943
2082,0,1,-0.2059457065332426,3.3952477790691113
2083,1,1,0.033412372095012965,2.6485298948095113
2084,1,0,-0.8865652759110499,3.658828391772804
2085,0,1,0.36746654591916783,4.073872324150427
2086,1,0,-0.6777560658856979,-0.6688060915863225
2087,0,1,0.9012615982561287,5.0736232202479865
2088,1,1,1.487867498299688,5.302722127474321
2089,1,1,1.6389237324494252,4.569203500516828
2090,0,0,0.7054967471432139,4.417398845876001
2091,0,1,0.884531472556031,4.481318474337984
2092,1,1,0.07051699958262533,3.2627957796036315
2093,0,0,-1.5139091298342011,-2.98788685982165
2094,0,1,1.8064673535830504,5.143037223211602
2095,1,1,-0.7276384112773722,3.6272471094811864
2096,0,0,0.664058725658969,1.6072829860285573
2097,0,0,0.5110303426505209,1.7865719192950684
2098,0,0,-0.7755116195626544,-0.4150001202819782
2099,0,0,0.10506138763358533,0.8389817150632423
2100,1,1,-0.19127610527875413,5.547158343156001
2101,1,0,-0.6388155552723059,-0.6011634930768204
2102,0,1,2.294639023622857,6.265502713190036
2103,0,0,-0.7211032754643393,1.1485422987215976
2104,0,1,2.0928953304715288,4.975720058958415
2105,1,0,-1.3883308522118827,-1.5302380753558822
2106,1,1,1.532806531392137,5.4257957880195775
2107,0,1,0.5569165651684839,4.437141936923146
2108,1,1,-1.1875675658327312,4.457420673503929
2109,1,1,1.8367157780372045,4.537715109495291
2110,0,1,-1.2955427655041114,3.766028927123683
2111,0,1,-0.24854897520761335,-2.094806848011684
2112,1,1,0.47183272606113513,4.429800777336789
2113,1,1,-0.1831248368463339,2.1099519542360494
2114,0,0,0.3856660960679679,-0.30669209597144487
2115,0,0,1.6988640343823178,2.138561242855598
2116,0,0,-0.8862755439960368,1.1187582176792232
2117,1,1,0.3566094369872906,4.830919923488204
2118,1,1,-0.3305646611829726,2.962636336429183
2119,0,0,1.1052600806605606,2.5737182233649545
2120,0,1,-1.1818244175521868,4.310601186238882
2121,1,0,0.10395207745206107,1.6958887463813321
2122,0,1,0.9750010144410991,4.69000737007422
2123,1,1,-0.12962912363782172,3.632820210960888
2124,1,1,1.0325345456014852,3.9763040051226017
2125,1,1,-0.6239931561005936,2.836171175881906
2126,0,1,0.8840478708393802,4.295043685123508
2127,0,1,-0.26910506721252175,0.6576542560367333
2128,0,1,1.5258007259090642,2.103687379852384
2129,1,0,-0.2829100657331341,-1.606132058247847
2130,1,1,0.2132500125642951,3.2302991690212197
2131,1,1,-0.43310990307381325,2.3830191048492164
2132,1,0,-0.5895505007811394,1.0167460760105396
2133,0,1,-0.4510219874129346,1.695766880441603
2134,0,1,0.9792910714443875,3.7888626127395257
2135,0,1,-0.7953799266611399,4.142879630101501
2136,0,1,-1.0827243605269112,2.8442208290386164
2137,1,1,-0.13092589610916228,1.5761021185892492
2138,1,1,-1.5342676035935199,0.7201272733721094
2139,1,0,-0.20878937271404333,3.383160040373938
2140,1,1,1.2220913815680499,4.303582582172509
2141,1,1,1.299530550068415,1.8844611936327031
2142,0,1,-0.9362010108593889,3.4760385376590777
2143,1,1,-0.01822957391220585,3.6015259679401406
2144,0,0,-1.5311650377071035,-1.2357906769326839
2145,0,0,-0.20180666420178542,1.9754881458698215
2146,1,1,-0.6223712621961897,1.5230698551664559
2147,0,1,1.1317925150908048,4.919160066073756
2148,0,0,0.9883370643004732,0.9810353374836298
2149,1,1,-1.4956954531987712,1.611622338128699
2150,0,0,1.0551528562304622,1.519567897394442
2151,1,1,0.026835429019645335,5.652387192553075
2152,0,0,-1.1806070918184548,-0.3708188983315225
2153,1,1,-0.22778128904796505,4.305639213641041
2154,1,1,1.078336055264885,2.627129324176419
2155,1,1,-1.7425817297833481,2.18361989729656
2156,1,1,-1.0023885303058502,4.154024688118881
2157,1,1,-0.9013878329164565,4.427562248747645
2158,0,0,-0.2163916912670838,-2.112993642865296
2159,1,0,-0.4650814649427069,-0.9081793348799407
2160,1,1,0.3000793499852071,5.0227222492076
2161,1,1,1.2274467773224482,4.106002446505867
2162,1,1,0.09211430233950578,2.9856749260985556
2163,1,1,-0.272095995167553,4.369209015801766
2164,1,1,0.5460921015982971,1.7789173060907593
2165,0,1,1.4112041045779757,2.587933092249613
2166,1,1,-0.7433083186036983,2.6938976833490296
2167,1,0,-0.6930879489404754,1.5673416841763794
2168,0,1,1.1668217100330889,6.751995252425024
2169,0,0,-0.5854989580199491,-0.6971260380307462
2170,0,1,0.24526162392163656,4.71493258219306
2171,0,1,0.026600782646384158,5.02821047604241
2172,1,1,-1.9462125319431645,1.740656203179324
2173,0,1,-1.2805613519591814,1.2084659665720707
2174,0,0,0.8226973226597174,3.8644456681752857
2175,0,0,-0.4324255851544829,-0.845647691417259
2176,0,1,1.0560577972884888,4.6583791198337074
2177,1,1,-0.08226712992579541,4.755086960234296
2178,1,1,1.4416132854519725,6.129189378562847
2179,0,1,0.300900061110516,3.0688178237105648
2180,0,1,-2.263601973621882,1.3202710162278748
2181,0,0,0.2195008142278028,4.305793695656542
2182,1,1,0.35122975817993,4.105227971394637
2183,1,1,-0.4988362339503796,2.920635948741789
2184,1,1,-1.668140410830519,0.9506819822330392
2185,1,1,0.12871078146349219,3.9228052050911097
2186,1,1,-0.212036629603099,1.9445042301033353
2187,0,1,0.6439973532238061,4.961645908172275
2188,1,1,0.262625198703512,2.4177032160040377
2189,0,1,0.9238069315677828,3.5255588669759224
2190,0,1,1.5537444801907,3.483568549151479
2191,1,1,-0.43428650959447146,2.8673352806313086
2192,0,1,0.4442674569688469,2.1592496937852754
2193,1,1,1.5704449899892536,3.7634170657096737
2194,1,1,-0.5128868001211428,3.413509126379197
2195,0,1,0.21229044705603792,3.633654104548245
2196,0,1,1.3094647195634055,-0.6484360873646224
2197,0,1,-0.4621123292284807,1.9614480345146779
2198,0,1,-0.06976848120280918,0.3529439417465632
2199,1,0,1.0444262178345811,2.481851696531084
2200,1,1,-0.6741902320110774,5.605898392111577
2201,1,1,0.43238866225418066,4.398749044104067
2202,1,1,1.521739571849485,3.73538448209416
2203,0,1,-1.398999933607933,2.213175398243984
2204,0,1,0.006904605761391769,5.588199224105773
2205,0,1,-0.9190502363173985,5.10262970805583
2206,0,0,0.1819830159978254,1.1943453214817776
2207,0,1,0.3007318363261027,5.848437173469811
2208,0,1,1.109723641243352,4.436338836068975
2209,1,1,-0.4532397110998221,4.2225844300463855
2210,0,0,1.0545623708205518,1.352345074580977
2211,1,1,0.6305308152700942,4.502620706132802
2212,0,1,-0.43789999381560163,5.466764976890206
2213,1,1,-0.07868111747995193,1.9805767744553198
2214,0,1,0.026572695838095507,4.277145534498304
2215,1,1,1.3898174462287303,4.63706091813855
2216,1,1,0.7755478216536262,4.841968628640076
2217,0,1,0.6845894873156123,4.869021349061825
2218,0,1,0.6168530316586729,3.064971756112058
2219,1,1,-0.8517177118383322,3.0614855392364118
2220,1,1,-0.505987975946603,3.204862190901887
2221,0,1,0.12232381997367157,2.828848346334005
2222,0,1,0.8355857521905772,5.82973866360959
2223,0,1,-0.08155289057018347,4.251474858314731
2224,0,1,1.8093004651065703,2.8310364296781465
2225,0,0,0.30307951319032056,1.2283555257537362
2226,0,0,-0.8552583972564346,-0.610210520631028
2227,1,1,-1.5295228189375925,2.720155094541864
2228,1,1,-0.38165559363252477,3.1383972443589006
2229,0,0,-0.18706972585740694,-0.44152004151403856
2230,0,1,0.1940862786439899,4.588968745428037
2231,0,0,-0.399573740143151,2.0545843985074983
2232,1,1,-0.4462583870547016,3.8100184125851166
2233,0,0,-0.7665965205547207,4.467317064685072
2234,0,0,-0.42154913537547983,0.8102793397359821
2235,0,0,-0.2722843869962667,0.39455609676573744
2236,1,1,0.9830218406769424,5.558493991563538
2237,1,1,-0.23426834098490554,1.894382464573666
2238,0,1,-1.6141147322551936,1.485011993846589
2239,1,0,0.2641471949074151,-0.07890996572656372
2240,1,1,0.909038320545045,5.745387198795836
2241,0,0,-0.5404290717794465,-2.7456434634089044
2242,0,1,1.4635334225276906,4.442359785024833
2243,0,1,0.32635119915701305,2.904809658856279
2244,1,0,-1.3622022735230195,1.6119174913565795
2245,1,1,-0.8400222142683421,3.7694439228317256
2246,1,1,2.0258236989898393,4.947038224147112
2247,1,1,0.3080851492916485,2.953617298308492
2248,0,1,-0.5241268411005173,3.197736024906976
2249,0,1,0.4550247758446633,4.628113130775976
2250,1,1,1.694560528902525,3.189695449554046
2251,1,1,0.2194564985644242,4.398404421442224
2252,0,0,0.2771132698863558,2.886697037730106
2253,1,1,0.07578809035017775,5.070887990895434
2254,0,0,-0.6155674172573926,0.9339640968032848
2255,0,0,-1.4128975516596418,-2.4496345204837366
2256,1,0,-0.10047809442838937,-0.5103218524522364
2257,1,1,-0.331083087049362,2.821178824737862
2258,0,1,1.0066529907924544,3.996534737828054
2259,0,1,-1.241634262449502,3.1027700076490143
2260,0,1,-0.7323323030861155,2.3651361563918103
2261,1,0,0.04720760752517026,0.5253792890891442
2262,1,1,-0.24008707278894645,2.9597380772018966
2263,1,1,0.7251921910803298,3.9542478728806114
2264,1,0,-1.0464236283598132,2.880658429781856
2265,1,0,-1.2958681450752083,-1.8081391349799185
2266,0,0,-0.30563589945996156,-1.59730805713839
2267,1,0,0.3278877147014334,4.600505883633662
2268,1,1,-0.0059166524835610815,6.046168567933214
2269,1,1,2.2282679518441837,6.70974735113226
2270,1,0,0.23306192241376184,0.9879807548006823
2271,0,0,0.07403779432304068,-0.07198822242759029
2272,0,0,-2.7167847106066016,0.2959395560260599
2273,0,0,-0.046800733136909474,0.5841386363818735
2274,0,1,2.1945297974355795,2.8410161214890044
2275,1,1,-0.7122578752057833,4.05984485841637
2276,1,1,0.9521153338346928,2.8477945359290446
2277,0,0,0.4273310069927979,0.2738648831554227
2278,1,1,0.4096447021258657,3.0477715203964264
2279,1,1,-0.31109249079094237,5.848861620863159
2280,0,1,0.3872121172208652,5.455710108959538
2281,0,1,1.4850097195549268,5.779481300972035
2282,0,1,1.2604129626061296,3.3434573715581224
2283,0,1,-0.023764091256093325,6.2401231624909235
2284,1,1,-1.2866541475936943,3.840966170927139
2285,1,1,0.7121549203440187,5.599205693409432
2286,1,1,0.9202240061415438,2.555334571761205
2287,0,0,1.2587934188036878,0.8194073075120638
2288,0,0,-1.1508131320585318,3.078982635865109
2289,0,1,0.3500809410133647,2.206817407265821
2290,1,1,-0.025592414872186713,3.8885454190354123
2291,0,1,0.6055834413836761,1.6013464502927128
2292,1,1,-0.43667977668704616,1.1260105330749612
2293,0,1,-1.4733555248305554,5.5135341435968
2294,0,0,-0.317820815352075,-0.527626053431381
2295,1,1,-0.30610222074255256,0.27220572160717404
2296,0,0,-1.010187550892816,0.3145771655794152
2297,0,1,1.1748888901075771,2.242919067416368
2298,1,0,-0.6592869202752092,1.1397772336043301
2299,1,1,0.7372218940823655,3.65347622341654
2300,1,1,-0.34007832225262524,1.75203156503954
2301,1,0,-0.7703703627540622,1.8068529980933372
2302,1,1,0.9796818716643713,3.9013958967171507
2303,1,0,1.001969405208714,0.6448188049045218
2304,1,1,-0.1411288245478208,2.5453280404600553
2305,0,1,1.128889984735397,5.266939536661779
2306,1,1,-0.14064450939505643,2.586451710508912
2307,1,1,-0.7300546162336994,2.5025043168483903
2308,1,1,-0.0981048145004364,2.9693820111021405
2309,1,1,-2.325037229241391,0.9754808647042781
2310,1,0,-1.0753088676033329,1.9310115194836623
2311,0,1,0.8563426884239608,4.808478221318094
2312,1,1,0.2810255447079392,0.8689963500414526
2313,0,1,0.8257984772931313,5.207462804124123
2314,0,1,0.4132515473295291,2.873165598419467
2315,0,0,-1.4118434564233255,0.025915418295944792
2316,0,0,-0.295230415655655,-0.5088583866881339
2317,1,0,-1.5092494092480462,0.9802173649692676
2318,1,0,1.907816363656781,2.5124331148354333
2319,1,1,1.6695590570341174,2.5684762974166375
2320,0,1,0.5074660303964583,3.294313125194778
2321,1,0,-0.8848340496364238,1.5815720339552617
2322,0,0,-0.3229173987373299,-0.41304610445146883
2323,0,1,-1.4255668519267566,0.7782507611789731
2324,1,1,-1.3821464999229622,2.739732911985234
2325,0,1,1.585446137791113,7.187637652499266
2326,0,0,0.26803657084692023,-0.5891525278896752
2327,1,1,-0.007956562503044084,2.369283600560361
2328,0,1,0.7615998445580502,5.691425878308168
2329,0,1,0.5861711839002833,2.661502666690585
2330,0,1,0.49161443696947427,4.902436018567625
2331,0,1,-1.1007874906363007,0.026114284925382814
2332,0,1,2.3002609182326332,5.640964797498077
2333,0,1,0.2254298587480657,3.7380034856099664
2334,1,1,-1.0055281175779165,2.065079252476472
2335,0,0,1.0079824379240745,0.6560671231161238
2336,0,0,0.6692278345361735,3.3992217417274326
2337,1,0,-0.4283180566410685,1.5467319791739413
2338,1,1,-0.11022162354950685,4.006483195842034
2339,0,1,-1.1901667486701097,0.5016299549086984
2340,0,0,1.0346042894719456,-0.24632423556217392
2341,0,1,1.232611968978253,3.796185308611263
2342,0,1,-0.48431083680909914,3.2797445450585236
2343,1,1,0.4307358703726384,4.719738984312815
2344,0,1,-0.1457325606978223,2.075231761069676
2345,0,1,-1.3514980949399913,2.6708087824131916
2346,0,1,0.4231156897681978,5.205316408800943
2347,1,1,0.013389095328633707,3.0280111042172995
2348,0,0,0.221280579024577,0.21607178139863933
2349,0,1,-0.36759488917261945,0.7679999018411972
2350,0,1,-0.876851535359739,0.7069241082504927
2351,0,0,-0.12386170097993185,1.8737130584424955
2352,1,1,-0.5491536172186068,2.4202971126947723
2353,1,1,-0.22770313299268322,5.623903364327763
2354,1,0,-2.7221082107935937,-0.1663036702882128
2355,0,0,-0.4438964970250832,0.15328809540852673
2356,0,1,0.3271136835112232,1.6179958908206096
2357,1,0,0.13554509534057402,-0.27600106762183885
2358,1,1,0.3976987760211709,3.7370349564779133
2359,0,0,-0.95792010593999,1.4291210637123766
2360,1,1,0.17599493496696178,-0.118343624535441
2361,0,0,-0.8210544128752596,-0.5297935781296013
2362,1,1,1.0023144911005364,6.164132840566963
2363,1,1,-0.9611063321300629,3.8100686758248785
2364,0,1,1.3873320933684208,3.1522007667779977
2365,0,1,1.3237308534177137,3.618524381582072
2366,0,1,0.43101808091185784,3.2553325642730884
2367,0,0,-0.374610350310569,-3.8472155136175896
2368,0,1,0.33786911235306066,2.151949419666806
2369,1,1,0.9304128215273466,5.324543920231225
2370,0,1,-0.258089932683953,6.0118770344694745
2371,0,1,0.46563495545849676,3.80940278325991
2372,0,1,-0.2556114616379629,3.060506821761622
2373,1,1,0.33480024114970447,3.862125897140553
2374,0,0,-0.5646802036233366,0.09248389223053506
2375,0,1,-0.5632590040437225,1.6252384892782914
2376,0,1,0.4661118127831107,2.760180873531806
2377,0,1,1.9268343262229544,2.7486564886098934
2378,0,1,-1.2204448793425613,1.8856767461517205
2379,1,1,1.3085906795078106,8.047327256458736
2380,1,1,1.333956369709636,3.399145990462123
2381,0,0,1.6628372781613647,1.2409511564130686
2382,0,1,0.3640237728912415,-0.4402922789171
2383,0,1,3.043946151071761,5.14380913200533
2384,0,0,-1.1005836399616407,-1.5796664323023912
2385,0,1,0.19911103437246813,4.604283202639251
2386,1,0,-1.2527960859468856,0.4949350764828406
2387,0,1,0.8894650678279918,3.7987279545648382
2388,1,1,-0.9327717938096103,2.222293832502368
2389,0,1,-0.7969342257701991,4.33084685405688
2390,0,1,0.5775347331693228,3.0304352503765926
2391,0,1,-0.6931292672553985,0.905321000718865
2392,1,0,-1.0416365761839437,0.670583161316706
2393,1,1,0.577309151179119,3.0366652571291657
2394,1,1,0.5443181251104907,5.540430254433083
2395,1,1,-0.878137791158008,0.9726167844322244
2396,0,0,-0.486679143680804,1.7498840303908407
2397,0,0,-2.617219543404731,-1.1478101395553906
2398,1,1,0.48263217142065373,3.7380342397628183
2399,1,1,0.21317972852635722,1.9082376091640916
2400,1,1,-0.9581027438650861,1.4390304361607744
2401,0,0,-0.05126124355534125,2.1200265908347466
2402,0,0,0.8020476302243622,2.8366318791506155
2403,0,0,-0.15281957687818057,1.7446067505085594
2404,1,1,2.098152275570068,4.6832897449948945
2405,1,1,0.04262484450002281,4.916606407736845
2406,0,0,1.0864283971907784,-0.1339951884172858
2407,0,0,-0.18716074691504098,1.7576524251847234
2408,1,1,0.24668053378176852,5.2544830246917
2409,1,1,1.1530764793600372,7.271897868955514
2410,1,1,0.31943185142461655,7.174128809122087
2411,0,1,0.49447785528272475,3.8337794637803135
2412,0,1,-0.09620810276206779,2.2392425776246725
2413,1,1,0.9296054683646922,2.8924788876540646
2414,0,0,-0.5611143042559391,1.6819529522490109
2415,1,1,-0.21234837817693686,3.7096621092595905
2416,0,1,0.18765610139365171,4.193874462248665
2417,0,0,-1.4541737919462496,0.9406351138140949
2418,0,1,-1.0570221147114034,1.9480623024110133
2419,1,1,0.5753599611938848,7.797449398238309
2420,1,1,0.8138226732598708,4.844803244704585
2421,0,0,0.23685107134160813,-1.0793844758760904
2422,0,0,0.3742275791038848,3.475548589953434
2423,0,1,0.8205570359359562,5.384420108144079
2424,0,1,-0.6077445121468222,2.821043481442431
2425,1,0,-0.19979589600794354,1.699525842145779
2426,1,1,1.237841216417375,4.035700200862347
2427,0,0,1.237033308827312,1.6976757045121305
2428,0,0,-0.7722706636451396,1.986095785364367
2429,1,1,1.0176750269680472,2.0054956436621736
2430,0,0,-0.15223874278054841,-0.691142827747418
2431,1,1,1.0726773771896576,6.831369440184798
2432,1,1,-0.11566890418878609,3.363401615550082
2433,0,1,0.46124032646289803,5.6617489833375085
2434,0,0,-1.4186522596315707,-2.560992814873106
2435,1,1,0.32428693271239,4.269911843217665
2436,1,1,-1.0284779123141674,3.698564335178038
2437,0,0,-1.4471692995811558,-2.456262365307221
2438,0,1,0.5627242140600421,7.69343133321248
2439,1,1,-2.6287162118066605,2.089442136266855
2440,0,0,1.2073844641603035,3.5408175301729132
2441,1,1,-0.45818157090118145,5.72464107820206
2442,1,0,0.3771781792639454,0.7336644727046824
2443,1,1,0.22676243258489048,2.114676625363127
2444,0,0,-0.2943819392023238,-0.982606770148087
2445,0,1,0.9174080561909583,4.808866081215139
2446,0,1,-0.6914365218261325,2.3936215138239074
2447,0,0,-2.0326414223776754,0.31964445264530206
2448,0,1,0.14862220138553492,5.096676295128374
2449,0,1,1.5045774603307964,4.213853256543922
2450,1,1,-1.4196991821626677,4.682203577513285
2451,1,1,0.20466430214711162,2.0088493546097856
2452,1,0,0.779144635809799,3.6434210428728058
2453,0,0,0.4382360368431473,2.1980153182326636
2454,1,0,-0.6423333161190043,1.4345729187380831
2455,1,1,1.5816074828372337,6.480118289572507
2456,1,1,-0.452395883839873,4.286870584585802
2457,1,1,-0.5185272301692352,2.045944645305756
2458,0,1,2.1623183295775052,5.8690433617740485
2459,0,0,1.2453896755909264,3.934393933553097
2460,0,1,-0.281635726388497,1.9642926072733766
2461,0,0,-0.5080839097532892,2.0780250173401145
2462,1,1,-1.0864815841184543,4.466801030242668
2463,0,0,-0.36416898570587275,1.26035250315435
2464,1,0,-2.1916565858551227,-4.326901423021614
2465,0,0,-1.8066771023087276,0.08884924950824535
2466,0,1,-1.8267821783914504,-1.1577761962747064
2467,0,0,-0.22787032704085414,-1.4688298517577412
2468,1,1,0.13128407280666712,2.215430862132309
2469,0,0,-0.5341933791970487,-0.6819202796597438
2470,1,1,0.3462576152678011,3.71320961758334
2471,0,1,0.01682676902253056,4.926063549563949
2472,0,1,-0.7404631287484436,-0.15849289002683342
2473,1,1,-1.634376532802588,0.31634469573655366
2474,1,0,0.3313579985113058,0.7396388506385638
2475,0,1,0.8486778848813261,4.399502719571064
2476,1,1,-1.1237534730183572,2.591024332580149
2477,1,1,0.6311268483441588,2.5832346843122065
2478,1,0,-0.2577508901159546,-1.3743819915707394
2479,1,1,-1.4837750777568386,1.7558215983990442
2480,1,1,-0.7029285520079893,4.942521651526883
2481,1,1,-1.6752423873856574,2.6961967793656925
2482,1,1,-0.908236712205949,3.787106728578664
2483,0,1,-0.8337698203308955,4.765543126430435
2484,0,1,-0.7670986052232653,5.8090460496066
2485,0,0,-0.1704710084768954,2.3535519054556056
2486,1,1,-1.919916687198444,0.8516565976529415
2487,0,1,1.0058733740445795,4.614546802190393
2488,0,0,-1.068030126621035,-0.621112340043007
2489,0,1,-1.974921898946933,7.00003315732957
2490,0,1,-0.828551951697071,1.5778162973515273
2491,1,1,-1.328617138466429,2.5628342690597834
2492,0,0,-0.6312601745810575,1.8410005505730498
2493,0,0,-1.586780516098033,-0.9763113596718673
2494,1,1,0.32637231431526614,4.198172084707101
2495,1,1,-1.4174841938768197,4.662961337069373
2496,1,1,1.4599131609136398,4.989739872848055
2497,0,0,-0.5300701189526013,-2.534068743839075
2498,0,0,-2.0399250138909935,-0.3799473558804469
2499,0,0,-0.010073267281134134,0.01447891998893264
2500,0,1,0.9426950604919564,4.753109106996053
2501,0,1,0.22883330761030812,4.774814295405276
2502,0,0,0.05052679308540376,-1.0374929993933186
2503,1,1,0.6539198311796603,6.395407832678681
2504,0,1,-0.14815746722843337,0.9365980177586355
2505,1,1,0.9049369251446863,5.499462065380092
2506,1,1,1.1968718331230035,4.997750129686883
2507,0,1,-0.10048927960246501,4.123126384798197
2508,1,1,-0.1337378127368284,5.719734166484857
2509,0,1,-0.4986645660020007,3.1579339224602503
2510,0,1,-0.19926596269274882,3.8645136213798366
2511,1,1,-1.4908879475932892,2.6508927806452847
2512,1,0,0.17742011943050226,1.2962894457010512
2513,1,1,0.6751801983227073,7.399152633717889
2514,1,1,1.1761571316463737,5.242190751715245
2515,1,1,2.2260109209480707,8.081453867620981
2516,1,1,-1.1345315610268036,2.9951513581524063
2517,0,1,0.7164959878109695,4.2063155240770485
2518,0,0,-0.5571612657426147,1.7417708511884507
2519,0,0,-1.2061604110858302,-3.797475906686588
2520,0,0,0.5302442111655178,1.275080298700019
2521,0,0,-1.1768372643462088,0.4023043514547615
2522,0,1,0.7727035717725571,5.222075152570278
2523,0,1,0.13866061754887807,5.45199685088391
2524,0,1,0.4711529826067131,5.253007002264095
2525,0,1,0.11532886565902754,4.225462680552202
2526,0,1,1.395083656648563,2.209498175535341
2527,1,1,0.8164117766953624,4.870954780780016
2528,1,1,0.5297163050578436,0.8911433297488387
2529,0,1,0.27810215591640886,1.8851357335544103
2530,1,1,0.6531079052168913,3.5676860850533996
2531,1,1,-2.1752473206496057,3.8675172068044885
2532,0,1,0.21798790082284392,4.976738039068604
2533,1,1,-0.6754861409795676,3.210467084573508
2534,1,1,1.1395066757577728,4.049881980898307
2535,1,1,1.5179752706154563,5.816261508554702
2536,0,1,0.9686502709015801,5.572370748243504
2537,1,0,0.04499915575018079,3.9435104053207057
2538,1,1,0.4186900697619382,4.747151048385308
2539,0,0,0.47723762939362624,-1.6312041562882975
2540,1,1,-0.36905655162588935,2.1788681585768277
2541,1,1,-0.0366387319810544,3.494580079239501
2542,0,1,1.2591029272358947,3.65927715738141
2543,0,1,0.47832667205938767,4.085989048323375
2544,0,0,-0.358582794122389,1.9688736163986194
2545,1,0,-0.5810841744643623,-0.07075639825184155
2546,0,1,1.4795480710231577,5.470402302144587
2547,0,0,-0.748621556021651,-0.1424202948524933
2548,0,0,0.9935088614566886,3.0085863476536843
2549,1,1,0.4309061082274466,1.9988183160135669
2550,0,0,-0.8349643416521907,-0.5407024785939134
2551,1,1,0.9651188214964767,3.446736543339118
2552,1,0,-0.38508327359617045,1.8467984650782419
2553,0,0,0.4910289653455197,3.253685629785457
2554,1,1,0.7401850140615847,6.0249228291566475
2555,1,1,1.7313515667642514,5.182872698749924
2556,0,1,1.8762745598130188,3.782548087607775
2557,1,1,-0.8663414758495099,3.5433395216001875
2558,0,0,-0.1638752757571382,0.9103211763839931
2559,1,1,1.8657979843211354,5.49296972509653
2560,0,1,-0.5175635826744058,4.266057162358372
2561,1,1,-0.7600421096260077,2.4885786891467303
2562,1,1,-0.6573951493723137,2.8772651157898275
2563,0,1,0.9141746859609067,3.8052973848555314
2564,0,0,0.9546556169373732,0.5737556730114465
2565,1,1,0.9878043042394499,6.8738048787874435
2566,1,1,-0.3070593467328417,2.78732153221041
2567,0,1,0.8416812549515361,2.0293911728308873
2568,1,1,-1.0101821072344104,2.9183266333684865
2569,0,1,-0.7268375887314824,3.2469447115460324
2570,1,1,0.1301114437462028,2.712231323389859
2571,1,1,-0.27809563382803304,1.5586651010183705
2572,0,0,0.6343389844258964,2.114729379152969
2573,1,1,0.9755274817708673,5.084966788642552
2574,1,1,1.5983533307530962,5.072317103767429
2575,0,1,-0.24189567946836849,3.8210558916504023
2576,0,0,0.0015639734364022253,0.4521400871170289
2577,1,1,1.6807131762018845,5.240427467617785
2578,1,1,-0.028350458059515662,1.4897288011047858
2579,0,0,-0.9440163241553459,1.6187848245926415
2580,0,0,-0.04438491153102933,-0.47243647146426226
2581,1,1,-0.5764256427312168,3.7185086135398904
2582,0,0,0.34254542381192493,-0.08572395359484597
2583,1,1,0.7460988007656546,3.900635792021588
2584,0,1,0.00860440705107311,2.23087043550911
2585,0,0,-0.6772554627138402,-0.6646119564995299
2586,0,0,0.3854435681396478,3.154832241160605
2587,1,1,0.318376381269541,5.488759863141915
2588,1,1,0.12820116353149175,3.0632934393467464
2589,1,1,-1.0424769406110816,2.191446790200629
2590,1,1,-0.40875341139859833,1.3169706466344038
2591,1,1,0.7856197174893035,3.7234118387060438
2592,1,1,-0.6624372664843345,4.035500000701633
2593,0,0,-1.7480535817251228,-1.195235452759223
2594,1,1,-1.4099614411089272,3.119840756709425
2595,0,0,0.036149474944227857,0.632032747139881
2596,1,1,-0.3657481341304546,3.582392865501658
2597,1,1,1.6060316594968167,3.569880437483115
2598,1,1,-1.4176779392085999,5.114248315492674
2599,1,1,0.9231909693345609,2.7663790823912935
2600,0,1,-0.9492173941854681,1.399563066711267
2601,1,0,-0.6603738325476759,-0.6120372022663143
2602,0,0,0.9454398657291465,0.15844953261547157
2603,0,0,-0.1820942571441502,-2.014431298365255
2604,0,0,-0.8971691333583146,-0.11438704932567578
2605,1,1,-0.9617017158075827,4.308351296950612
2606,1,1,0.5654002225077467,2.029591006981401
2607,0,0,-0.25257123588278996,1.2417561845958784
2608,1,1,-0.8227478663449943,4.509949760868666
2609,1,0,0.7147715129297244,3.19373608939216
2610,0,1,0.5099418435886115,1.7040217645096072
2611,0,1,-0.7791557785616632,2.400735644101567
2612,1,1,1.1480330909717942,5.354405312299592
2613,1,1,0.6264025998085317,3.661054741759162
2614,0,1,-0.6297845434476258,4.935562766250662
2615,0,0,-0.7306464672832219,0.6542865099352002
2616,0,1,-1.3551409726809476,2.132707819533642
2617,0,1,1.5872361450887778,6.36655376785666
2618,1,1,1.3725389528873435,4.142406132667532
2619,0,0,-0.5376055537629734,-0.19300880775380552
2620,1,0,-0.2467639207211262,2.467190994532325
2621,1,0,-0.307343375410211,0.5086063974169186
2622,1,1,1.1566286484912693,3.8938196631154147
2623,0,0,-0.30895825319173525,3.805918989455046
2624,0,1,0.5297331952011922,4.30294638916825
2625,1,1,-1.093043741009603,3.175762644431126
2626,1,1,-0.12415092819565716,0.9416928566636509
2627,1,1,-0.7399383186366439,2.4666482154840352
2628,0,1,-1.9772741304092156,1.6897568311339104
2629,0,1,-2.6337759181896514,-0.17897357117545099
2630,0,1,-0.3971364532390774,3.6398288827148217
2631,1,1,-1.640555995326924,1.219277237297756
2632,1,1,-0.18019851522716931,5.333114876295506
2633,1,0,-0.7049817168273579,1.7190632755158712
2634,1,1,-0.11492436384869267,5.938106048136913
2635,0,0,-0.4219507767918705,-1.3112121858936252
2636,0,0,0.42146089349083876,0.9485053954226426
2637,0,0,0.4349215301641224,0.06550227065576641
2638,1,0,0.534587356156889,0.766744321308595
2639,1,1,-0.10129008743270813,3.6409273046610906
2640,1,0,-0.7034518722063026,-1.5026775949656996
2641,1,1,0.5905162950279925,3.5534700246864355
2642,0,1,1.1677128343518965,4.1138181446687705
2643,1,1,-0.29364382124071814,2.551986566832517
2644,1,0,-1.5191606675279052,-1.425587198963966
2645,0,1,-0.732598388460307,1.7393584568727543
2646,1,1,-1.1139527078865097,2.0937339056052897
2647,0,1,1.0976166054894345,3.2120393179192375
2648,1,0,1.5827064517438167,2.217184963295053
2649,1,1,-1.044484966577617,1.3546702647862991
2650,1,1,-0.22264577418512038,3.711253868972982
2651,0,1,-0.7885983029854686,0.7156055426411239
2652,1,1,-1.2997821361998856,2.8617063758618433
2653,1,1,1.2217217251042685,5.23412887699063
2654,1,1,0.3236710586994168,5.544257633114712
2655,1,1,-0.9866857628101566,2.666381993908221
2656,0,1,0.5089195121171365,2.6186224812744237
2657,1,0,-0.36485843171186155,0.012434684292432996
2658,0,1,0.11356130540606728,4.969074533416752
2659,0,0,-1.8074393111543123,-2.1224724578702188
2660,0,0,1.187602670915947,3.002791533367904
2661,1,1,0.21026610039634014,3.158226380867358
2662,1,1,-0.11123632611977158,7.651733512861443
2663,0,1,0.7577120799219501,3.6310090854804495
2664,0,1,-0.5256496070459904,4.740284940632712
2665,0,1,0.6205454147651758,3.9009431280651645
2666,1,1,1.0985588269743543,4.074280929999329
2667,1,1,-0.8399831022566314,2.868516231830867
2668,1,1,0.42576362468023504,5.243145819237984
2669,0,1,-0.9742200268108953,1.5975744972328076
2670,0,0,0.8868431740167558,-1.0343710962836952
2671,1,1,1.6345786061263823,6.933493040890312
2672,0,0,-0.7362907619894014,-0.4073252971263876
2673,0,0,-1.5369167627532672,-1.0013848706800914
2674,0,0,1.129491500236893,0.7194168850174774
2675,1,1,0.6462344155034294,2.839139549143027
2676,0,1,0.5634825247307428,2.5672998004049443
2677,1,1,1.2572634313423228,3.284530088468374
2678,1,0,-0.8271675166322036,0.5035468956147098
2679,1,1,-0.9335161881645557,4.260051722570579
2680,1,1,0.5129030712877938,5.1482422623584805
2681,1,1,1.2136804982161813,3.106780800331462
2682,1,1,0.5615975485103555,3.9622054227037076
2683,1,0,0.23600962687640875,-2.2391836149135864
2684,1,1,0.32434892925244885,1.8261393211165218
2685,1,0,-0.30632357978228386,3.5616942800024267
2686,0,1,-0.4291544715380863,4.163008359067653
2687,1,1,-0.044833721640869725,3.6752664208114068
2688,1,1,1.353165187163147,3.7361590556771462
2689,0,0,1.112936676714714,-0.30093505097724627
2690,1,1,0.9044962248328566,3.9601189358300606
2691,1,1,-0.7239412657821728,1.6375954044763992
2692,0,0,0.19109213696521696,-0.47584609494789354
2693,1,1,0.1421407046720938,2.645480287552205
2694,0,0,-0.08875180784810906,0.41567490111927596
2695,1,1,1.4211811808303663,7.771370882778313
2696,1,0,-0.9829002966199896,-0.9945396497241275
2697,0,1,0.44379926011581705,6.4943765086666065
2698,1,0,-2.374245585353896,-1.9865764889422843
2699,1,1,2.0766245166372244,4.828307219161643
2700,0,0,-1.368326400540261,-1.4627365463819921
2701,0,1,-1.5313613594189595,2.3955152315724053
2702,1,0,-2.6180676175136712,-1.0931865602077484
2703,1,1,-0.17581699230012232,4.139331461762129
2704,0,0,-0.3546392187950416,2.5682912586620477
2705,0,1,1.997447176475779,3.6574629203881264
2706,1,1,-0.6106856687574875,3.4437170098285934
2707,0,0,-1.224936019055513,-1.7534567709216717
2708,1,1,1.3717677934990895,1.454267929496917
2709,1,1,-0.707285426003532,0.5360301030725565
2710,1,1,-0.19365500045300962,4.2669049953067155
2711,0,1,0.44756711305105573,4.152454761177284
2712,0,1,1.232385450278417,3.5695389324910782
2713,1,1,0.11364281792038933,4.849061573970115
2714,0,1,1.7551139158310962,6.731144116975318
2715,0,1,-0.4607717568352335,3.6296548326220566
2716,0,0,-2.394614371383923,-2.905958734420536
2717,0,1,0.17587322196304397,0.7634868940603239
2718,0,1,-0.15001072971449092,1.460435483332776
2719,0,0,0.23422673814836076,-1.6845399581538376
2720,1,1,-1.115307757054659,4.627467267471363
2721,0,0,-1.6931720550186533,-0.7413641232124601
2722,0,1,-0.1913355738756744,5.302203029316402
2723,0,0,-0.3146807764639219,0.5874033797660158
2724,0,1,-0.11218195319064073,1.089620247818286
2725,1,1,0.10389930601000734,3.9356720762194195
2726,0,1,0.7244394937357876,4.653859441893043
2727,0,0,-0.7502889918420991,3.576239994151839
2728,1,0,-0.6961959875949438,0.6263535893805204
2729,0,0,1.8687638117919447,0.5884381395018303
2730,0,0,0.011813078611925019,0.7116225337622628
2731,1,1,0.4973519025225132,2.960716006297878
2732,1,1,-0.8712564305816183,4.765866292303192
2733,0,0,-0.9670904181316707,1.8429740221218993
2734,0,1,-1.6618683229301816,1.7687590350573663
2735,0,1,-0.9298443610165708,0.13974202437936567
2736,1,1,0.18719581031907923,4.0393693495643745
2737,0,1,0.3146229817303243,5.8286328319101495
2738,1,0,0.40675654934941363,-2.6490984126080304
2739,0,1,-0.20762710538906554,2.853380239205027
2740,0,0,0.4736908633895286,1.8271473014532718
2741,0,1,1.716345732220252,3.4578246415408795
2742,1,1,1.9980294320915557,5.818148645855991
2743,1,1,0.9264230079061055,5.4952637617437325
2744,1,1,0.8994283205911365,4.228088028162167
2745,0,0,-0.9067625133529086,-1.1517896859531962
2746,1,0,-1.114426810779218,-4.212495515889939
2747,1,1,0.7331684922406887,2.418755485491554
2748,1,1,-0.2724911243097076,6.380358711543367
2749,0,1,0.6468557187456015,3.223142126743946
2750,0,0,0.20628978617496105,-1.1171736752915407
2751,1,1,0.31608413205077457,0.9196366703207517
2752,0,1,0.8999888263451392,5.083807095177596
2753,1,1,-0.8015023308745906,0.8139016025416121
2754,0,0,0.06272431848398762,3.6260293190514457
2755,0,0,-2.3116633538213085,-5.423131313130551
2756,1,1,1.7533557576839676,3.257357023486122
2757,0,0,1.955097394600635,3.1579358544418024
2758,1,0,-0.4450365003906491,-0.4353595033696924
2759,1,1,-0.05642085078318566,3.1216113317042082
2760,1,1,2.749400610515005,4.904894057909248
2761,1,1,0.5843999793219069,4.640568033117082
2762,0,1,3.0751148296970583,4.833098767727843
2763,1,1,-0.06035923592943319,4.320285143494797
2764,0,1,0.01475808117580136,3.2440127275289
2765,1,1,1.4604422081467365,6.634686492536963
2766,0,1,-0.8597237653388282,2.18976150069503
2767,1,1,-1.813924111548734,3.726568806673803
2768,0,1,1.007123138986863,3.068449154806939
2769,0,1,0.9873355659269248,5.428432531404388
2770,1,1,1.982988860262878,7.013596119027211
2771,1,1,-0.9481600620085461,4.608508418344656
2772,1,1,-1.728139022186994,-2.014378549524384
2773,0,1,-0.7968097770022974,4.6134734890619145
2774,1,1,0.5115630138160379,3.224255905355884
2775,1,1,0.6440495842745573,5.167663281541792
2776,1,1,0.3158793746904504,3.145729401347374
2777,0,0,0.6931379024019518,2.237039719947907
2778,0,0,0.8149035810201406,2.0150324240407085
2779,1,1,0.5332198662324957,4.060118410140608
2780,1,1,-0.9543338969191124,-0.19016906803927025
2781,0,1,-1.6752129710981303,0.10036013895825002
2782,1,1,0.5762211305640883,2.2920291391182976
2783,1,1,-0.48232542056372,3.163265263118599
2784,0,1,-0.5447401733546741,1.9657757024101192
2785,0,0,-0.6860142645392306,2.5025453512808022
2786,0,1,1.7587650450319894,4.821102549739402
2787,0,1,0.276876957630831,5.8948584608270345
2788,0,0,-1.1717262493937284,0.8124800556625484
2789,1,0,-0.4751780551660943,-2.96263423794714
2790,1,1,-1.445422282014835,1.9299544086950058
2791,1,1,-0.39659502398033813,4.771497145355025
2792,0,0,1.5038454348013977,1.377881748601229
2793,1,1,0.8484306027735172,4.181873295973467
2794,1,1,-0.513867383869127,-0.6013063085950581
2795,0,0,0.28565721271228983,-2.7755057319731566
2796,0,1,-0.2062806921859119,1.0459523298636162
2797,1,1,0.6698755230568642,4.978054008200426
2798,1,1,-1.7091330145123915,3.500288257385817
2799,0,1,-0.5193159641686458,4.339926382142403
2800,0,0,-1.7656608626605779,0.4820739397892868
2801,0,1,0.4571491142877544,3.945913289048038
2802,1,1,1.336728492720642,6.877703871127846
2803,1,1,-0.09941720350533967,0.09798063675068658
2804,1,1,0.7610511266269298,3.9265100205708348
2805,0,1,-0.22130968686520114,5.638955225948093
2806,0,0,-2.4993289544798745,-1.609928021596042
2807,1,1,0.034424947631450924,4.21782353598078
2808,1,1,-0.8824647158687086,2.3643508283625527
2809,0,1,-0.2478686492866931,3.0043459627737126
2810,0,1,-0.07556972375438906,0.6294196299221184
2811,1,1,-0.8639439454565762,1.0047095920051867
2812,1,1,-0.6738983624812086,2.1038304031066213
2813,0,1,2.362032063410572,6.324622570017312
2814,1,1,2.5614274752343147,8.26147482249624
2815,1,1,-1.538480328109139,1.6898859826594204
2816,1,1,-0.5167564193174603,-1.352757839809585
2817,0,0,-0.42810039155059887,1.280196040231146
2818,0,1,0.7838273924547576,3.033326037525489
2819,1,1,0.47282909883523216,3.089320437615388
2820,0,1,-0.31340219461413227,2.3864824920714107
2821,0,0,0.04593035321133708,-1.3819278032795341
2822,1,1,2.3938090048047385,6.6574718612461865
2823,1,1,-0.01048321055326387,3.95509785092165
2824,1,1,-0.13948234669953138,2.935243981136491
2825,0,0,-1.2244903037996762,0.368745625945182
2826,1,1,-0.6208454703746272,3.392966483485134
2827,0,1,0.17786976967357682,4.852024079312605
2828,1,1,1.710947142313485,3.5674531930967865
2829,1,1,0.4201648752077647,2.0947688512633786
2830,1,1,-0.9272271304662146,4.051255986281772
2831,1,1,-0.3188131601221518,4.6898023007967105
2832,1,1,-1.2634592678843564,2.365151454698794
2833,1,1,-1.5473743348803066,2.6631371700849367
2834,0,1,0.3040525425153069,4.02167758856657
2835,0,1,-0.4882954496219181,4.450300151666657
2836,0,0,0.9759186343294499,2.947524124896827
2837,1,1,0.3264316282211097,6.392710397012143
2838,1,1,-0.20157871601168156,4.31887590446367
2839,0,1,1.4463158367129056,4.575916397978375
2840,1,1,1.9485973823850482,2.691882394343011
2841,1,1,-0.840299336705537,6.010788653799959
2842,0,1,0.2806327413522708,3.124041051173226
2843,1,1,-0.2104164773714708,3.21373812923448
2844,0,1,-0.5815215050958369,4.640167828113277
2845,1,1,-0.7813562780415094,3.669224140369767
2846,1,1,-0.18184215072673385,3.672002176612068
2847,0,0,-0.4335518985709461,0.0778101103228539
2848,0,0,0.08572235393201354,-1.4684528637156613
2849,0,1,1.8439384798230807,4.000943210643524
2850,1,1,-1.719524073284614,1.4524887463932776
2851,0,0,0.25131933412912266,1.4249030558658422
2852,1,1,1.5465264666319238,4.690062562373729
2853,1,1,-0.602105691474316,5.491706232452177
2854,0,0,-2.466298740317658,-0.005828073630453234
2855,0,0,-0.373322757616965,-0.49861452026569264
2856,0,0,0.7283993002266455,1.421492064213462
2857,0,0,-1.3324544821240178,1.4328816675956821
2858,0,0,-0.35693037844628256,2.9902374744422784
2859,0,1,0.3346048515560359,3.991831688906662
2860,0,1,-0.07401251226811396,5.311375564628924
2861,1,0,-0.8186590030176145,-0.5947026203249015
2862,0,1,1.0093456755981411,1.9663039259261517
2863,0,0,-1.0510444384596982,-2.0314705979741854
2864,0,1,1.5484232640097604,3.0245837813487624
2865,1,1,-0.3580196370619156,4.058456653442611
2866,0,1,0.6571243269613065,5.508680965983949
2867,0,1,1.5504411153728934,5.093495489185534
2868,0,0,-0.000865957625967247,-1.5544261009829614
2869,0,1,-0.11074154807030205,1.715940421950167
2870,1,1,-0.23352623571603276,0.06682421483561285
2871,1,1,2.2964488481243586,1.9323796462826153
2872,1,1,0.6033311538327908,5.20645662292331
2873,0,1,0.6668139610984173,3.750626154279513
2874,1,0,-0.11047180587494126,1.1788304551228885
2875,1,0,-0.23853979405468528,-1.036281159384403
2876,1,0,1.582059175527132,1.4983699788363665
2877,0,0,-0.27995666404813235,0.556727999110618
2878,1,1,0.6366768288121148,3.114409223587236
2879,0,1,-0.13949189797765899,2.3564528918911662
2880,0,1,-0.448392298122429,3.3191153547411654
2881,1,1,-3.076603125227995,1.66819306004839
2882,1,1,1.1754478770756147,3.7165170524996842
2883,0,0,-0.7533651022663992,-1.0315723883443182
2884,0,1,0.6506371528233754,3.05795185124625
2885,1,1,-0.9824229726869022,4.263296986710754
2886,0,0,-1.484053325666805,2.732329985198233
2887,1,1,0.5812412862144357,4.044393311367566
2888,0,1,1.6261220334862598,4.673495381809633
2889,1,1,1.176761391618602,4.4587872129381525
2890,0,1,0.21506901317556326,4.768412340749983
2891,0,1,0.6076256587090969,4.409137642459878
2892,0,1,0.6328088043730632,1.8614171153967307
2893,0,1,-0.13048741909178396,1.3906551864081833
2894,0,0,0.48448251872906034,1.2834647556713978
2895,1,1,0.8650691456577698,2.573589759219271
2896,0,0,0.10246031056635183,1.9086795698127124
2897,0,1,0.2812356269040523,7.464735915299338
2898,1,1,1.664344800138416,4.4080986188290465
2899,0,1,0.2675700342990243,3.472839734567746
2900,0,0,-0.5402348667351415,2.0763599995547253
2901,0,0,-2.77189425366876,-1.259628654203202
2902,1,0,-0.9457763665379354,0.4167988859560853
2903,1,1,1.0704684709135155,-0.6152078606140443
2904,0,1,0.182432130544069,1.5683650196336436
2905,1,0,-1.113646867546041,-1.326387172366904
2906,0,1,-0.8219741991524325,2.149530370001715
2907,0,1,-0.02808470725167653,1.7268796280386849
2908,1,1,-0.41942642188703183,3.393959704375427
2909,0,0,-0.4637366861184155,-1.1011976137958244
2910,1,1,1.6378659709284373,5.322017471578589
2911,1,0,-1.0123171942903004,0.10214681816778004
2912,1,1,-0.9890803164659302,4.7728465970748655
2913,0,0,-1.0556199913607114,-0.3023981712632945
2914,0,1,-0.021719547970068243,2.525276972748823
2915,1,1,1.064405137258783,4.499106693586215
2916,0,0,-0.09870038076728743,0.8110017946056536
2917,0,0,0.19818918097340224,0.7596093555974777
2918,0,1,-0.2847450849971735,2.517364250952494
2919,1,0,-0.4411341856218514,2.4646418211251184
2920,1,1,0.9202790462164714,6.068342219194314
2921,0,0,-1.2220197016329322,-1.3766131602481524
2922,0,0,-0.1711629511201362,0.03480342154361654
2923,0,1,2.4011068639467137,5.394340875167231
2924,1,1,0.4620492984190357,3.9553486875334087
2925,0,1,-1.0103545782921075,2.98706748229148
2926,1,1,2.3143867701530727,4.736048887626723
2927,0,0,-1.3370009267612202,-0.18562199965631207
2928,0,0,-0.6480116526445797,-2.6747443666288615
2929,0,1,0.441339127364447,2.759899528104058
2930,0,1,-0.635366832289067,4.8893283424149185
2931,1,1,-0.1618881047502037,0.7982622151081145
2932,0,0,0.5649390923065,0.35088785856027177
2933,0,1,0.29194858439636046,3.8919846852457107
2934,0,0,1.3167071268873343,-0.17580276637316927
2935,0,0,1.1876931537356459,1.5786577110695017
2936,1,1,-0.8287229138643853,1.1232729399716452
2937,0,0,0.796179242057317,2.205076310306342
2938,0,0,0.17916997873173826,0.912766186227481
2939,0,1,0.7941752384515437,5.920338976024201
2940,1,1,0.4160723728731541,1.576555348629228
2941,1,1,0.5881011879956745,7.183102590501861
2942,1,1,-0.3966751339084666,4.192490148947713
2943,1,1,-1.2779084655830961,3.6309561343024477
2944,1,0,-1.7008240185319756,1.5180315764943968
2945,1,1,0.45300462350190074,2.766886307102917
2946,1,1,0.2966639749200139,2.6265071319234434
2947,1,0,-0.29943442005889725,1.893137447656707
2948,1,1,1.3850768488627927,5.56593519923201
2949,0,1,-0.35212255355137606,1.2536381237978629
2950,1,1,-0.0923250499885197,2.4749060494198813
2951,1,1,-0.42019849952483845,3.3050860057464613
2952,1,1,-0.02537356166651283,-0.2201806432368696
2953,1,1,0.40260350615221663,4.499226323248061
2954,0,0,-0.21874119217444937,2.4082829285352836
2955,0,1,-0.692469362944259,1.8502365864624604
2956,1,1,0.6091661201383936,3.942040850760077
2957,0,1,-1.088612074628207,1.3296122270004496
2958,0,0,-0.8098008803131183,0.4085613359817444
2959,0,1,0.4380507477168135,4.565187882481604
2960,0,1,-1.9444031305619982,2.6204161600203895
2961,0,1,0.6060777425497303,4.841267043020914
2962,1,1,-0.4572714090753306,3.627359754307493
2963,0,0,1.5379556284123874,-0.04686677170157405
2964,1,1,0.4295062965792721,3.5917995138677323
2965,1,1,0.04738907015574345,3.6425440211971156
2966,0,0,-1.3788723846324704,-2.059563896463069
2967,1,0,-0.8823240115476927,0.7111784968731585
2968,0,1,-2.3475816303403776,0.759351099668538
2969,1,1,0.4731810771440342,3.2915427181695414
2970,1,0,0.7893839645090055,0.7057002924453384
2971,0,0,-0.04742317551570195,-0.9828145325120017
2972,1,1,0.029736324555115212,4.189238222832934
2973,0,0,-1.205101427953503,0.7984027874475936
2974,0,0,-2.1201407757420365,2.935259354766502
2975,1,1,-0.6666117130672087,4.052095100343919
2976,0,1,0.777150585673023,3.010381449307048
2977,1,1,2.043954532625789,3.655737341910857
2978,0,0,1.1011176005430332,3.077954697745683
2979,1,1,0.4047334319578399,1.0782163158115492
2980,0,0,-0.16461327640299644,3.098715002499951
2981,0,1,0.4819641738264767,2.813964370825975
2982,1,1,-0.9013428907034157,-0.5958597313515082
2983,0,0,0.13617150546838322,3.8902310418479846
2984,0,1,0.30880160849946736,7.134457618194618
2985,1,0,-2.708907719731669,-1.9708699720577907
2986,0,1,-0.8103280741063973,4.230029084169598
2987,0,0,-1.0334893373652096,-1.7235330901689734
2988,0,0,-0.14857752155326198,1.5592553088412964
2989,1,1,-0.982979724990471,4.031458429253247
2990,1,1,-0.2155690827967226,2.6083650146682893
2991,1,1,-0.41906833842040747,4.080255161554877
2992,1,1,0.3542545765872817,3.660842440712327
2993,1,1,0.17245024152045477,4.073830902441886
2994,0,0,-0.31879525957819793,1.2220503068509243
2995,1,1,-0.420580245462741,4.119923719118695
2996,0,0,0.3639362713269038,-0.3703907113542444
2997,0,1,-0.43932775010867453,2.868286206057164
2998,0,0,-0.8073135612333598,-3.171611288163688
2999,0,1,1.1040968610406618,3.6339483621797095
3000,1,1,0.17759373285667465,3.654323326831753
3001,0,0,1.2611600973650015,1.5665044188020114
3002,1,1,-0.20217602912276372,2.0958008841368714
3003,1,1,0.3556983679110151,4.354072655220912
3004,1,1,-0.5343162683644096,4.153192451284763
3005,0,1,1.0518735381707434,3.09548074921455
3006,1,1,-0.6445666940458851,3.0809882197109832
3007,1,1,-1.314472445000656,3.4966863754009285
3008,1,1,1.2223497754415642,5.20309094000361
3009,0,1,-0.4857429341789607,0.9096098960020138
3010,0,1,0.4270004404990573,3.8950639076049587
3011,0,1,1.2857175085516113,2.9782427892076093
3012,1,1,-0.3460655850738024,1.1195165293292804
3013,0,1,-0.1381636708999179,-0.4471579506978536
3014,0,1,0.6142618011174188,3.9386570744949854
3015,1,1,-1.5803005250766207,-1.0916240380025295
3016,1,1,0.5405626683257065,2.3505150246158992
3017,0,0,-1.7185511632939783,-1.616361249021998
3018,1,0,-0.6602080943560161,0.6893679303782354
3019,1,0,-2.195753269460634,-1.306901149269932
3020,0,1,0.15657156366863276,-1.3112593588176238
3021,1,1,0.88778040904223,4.501101679858776
3022,0,1,-0.7335055698422581,3.359340698169138
3023,0,0,1.3172383796641627,2.4931950775977176
3024,1,1,-0.21651446982372427,2.3278216804904868
3025,1,1,1.770470116724492,7.082094405736536
3026,0,0,0.3471098473573441,-1.243068301317971
3027,0,1,-0.24486466386135963,1.4085078222661036
3028,1,1,2.0461027973461756,6.6763233144304905
3029,0,1,-0.10940433757796574,2.5568797075222776
3030,0,0,-0.9895480914544967,1.564336863762782
3031,1,1,-0.6525481229772374,1.4077993764672057
3032,0,0,1.505328305851659,0.3090233561571234
3033,1,1,1.368996879711874,4.8521492833736595
3034,0,0,-1.9214598522616693,-4.0531025718675115
3035,0,0,0.036900982487657226,3.617927499613563
3036,0,0,-1.6098380580442426,0.6849125537507963
3037,1,1,1.8835957369195555,1.8640227779963081
3038,0,0,-0.82090268007889,-0.07862894917146745
3039,1,0,-1.7046037423919338,1.2769805610700433
3040,1,1,1.8971486749648077,5.549469951708908
3041,0,0,-1.2556149297294952,2.7509543926320768
3042,0,0,-0.09707582164535805,1.3831066745654188
3043,1,1,0.5669363671464845,5.981344617063634
3044,1,1,-0.48897694175647033,2.8783831120779744
3045,1,1,1.1737578065668137,4.878098454824212
3046,0,0,0.463753356177175,-0.5115779654724728
3047,0,0,0.6107381080281064,2.1565738206712686
3048,1,0,-2.0495383064325425,0.09900238681113138
3049,1,1,0.7292215389194112,3.391742622297885
3050,0,1,0.5992749824405817,3.5768259697979157
3051,1,0,-0.12229102161802972,0.160322897054057
3052,0,0,-0.7675191323064816,-0.17246228375228645
3053,0,1,0.2734365990023367,2.273535718350483
3054,1,0,-0.2239635874056445,-2.0908011041969647
3055,1,1,1.749269417284811,5.277049906787665
3056,1,0,-0.4554295913675527,1.1912618005366573
3057,1,1,-0.613935141502062,5.6109346678738055
3058,0,1,-1.3806588366990034,2.9332144980524584
3059,1,1,-1.4834169603104397,3.4717358104886165
3060,0,0,0.003287466565912021,1.9693538190124376
3061,0,1,1.018711800125437,3.734949034823443
3062,1,1,1.8257656405893388,2.4764526228738637
3063,1,1,1.3593629099623508,1.7503056340775474
3064,0,1,1.2697823973102573,4.41537378861454
3065,0,1,-0.43551466135542083,1.9577137536694686
3066,1,1,0.3643535666605631,3.0121404893522836
3067,0,1,0.44463991844185924,5.397291321005609
3068,0,0,-1.044212042125939,-1.6485533263050276
3069,0,0,0.35876742264699346,1.001351263526223
3070,1,1,-0.08639483617015677,3.7417162189950557
3071,1,1,-0.4628725179749895,4.086421159190755
3072,1,1,0.09985378639400173,3.477491882535478
3073,0,1,0.0949296358646184,-0.20896263762326184
3074,0,1,-0.18513614765902806,4.126719807125497
3075,0,1,-0.12393084668074189,2.0870496453673546
3076,1,1,1.3232288395042058,2.129474187580221
3077,0,1,0.7506848567887763,3.5150586266317867
3078,0,1,0.5110111881688022,4.179619251112553
3079,1,1,0.1944690331275895,0.460028879854641
3080,1,0,-1.4708083160550816,-0.7707131225825459
3081,0,1,1.5271347243917524,5.174621476971515
3082,0,1,1.354613420279568,6.980469281119304
3083,0,1,-1.5226630032471087,3.5270927123750453
3084,0,1,-0.09843541773656228,1.3700235189846437
3085,0,0,-0.7246292218301736,-1.989126924436077
3086,1,1,0.27970265427369506,4.700165772594692
3087,0,0,-1.6647823859934001,0.135095840805448
3088,0,1,1.054796054673006,5.470525271534962
3089,1,1,1.0793494262042487,5.241340533602083
3090,0,0,-1.705592128066671,1.1148556601256185
3091,0,0,-0.5129784072931871,0.8031392686031265
3092,0,0,-0.9816318822356046,2.9581780309943086
3093,1,1,0.07739806032769574,2.9238316171250487
3094,1,1,-0.9543390176690422,2.270360635517057
3095,0,1,-1.380108745695646,5.128817313913908
3096,1,0,-1.4782420951272337,-0.010557391491602397
3097,0,1,0.7039017893764128,4.876264908932211
3098,1,1,2.2968729961267593,2.7200396679631798
3099,1,1,-0.825147217328132,4.807776414739063
3100,1,1,-0.18495227705416306,-0.3101424049187891
3101,1,1,-1.054182843950438,2.5848629614309266
3102,1,1,-0.15835161545666945,5.395337165625243
3103,1,1,1.72018845508661,3.7249855185250924
3104,1,1,0.9012145111189446,2.0799349050129927
3105,1,1,1.105675464446153,6.470997678141388
3106,0,0,-1.5684429792181316,1.1158160413986389
3107,1,1,-0.774294990170885,3.6361319641627157
3108,1,1,0.29589945722296507,3.9670199818561955
3109,1,0,-1.5499541050636,-1.0958951083735506
3110,1,1,0.8268640404362658,6.429919329268824
3111,1,0,-1.3157027393467227,0.6615053746112484
3112,1,1,-1.2175850604431675,3.3922753663442236
3113,0,1,2.09375985478743,4.533843538243937
3114,1,1,-0.09882123685896416,4.665025636698973
3115,0,1,-0.8249344225547598,0.04919736767207228
3116,1,1,-0.7705341949534195,3.5323816795589367
3117,0,0,-0.4333760542926736,-0.394754538849855
3118,0,0,0.04199598591348663,3.6859498893685627
3119,1,0,0.5075962363184385,1.9164698529233024
3120,0,0,-0.1469408188138569,-0.4939217563260751
3121,0,1,-0.409397972188742,3.906051576308598
3122,1,1,-0.7297285594960278,1.1517015243132787
3123,0,1,0.5342124143233844,3.1824886524119274
3124,0,1,1.5729038537876636,2.315326607692133
3125,0,0,-1.5989798234138786,-3.2670375583582763
3126,0,1,-0.19886681158520045,4.224300753455141
3127,1,1,-0.8315760543888003,2.1300755481964786
3128,0,0,-1.5114993742823606,-1.8418528588343375
3129,0,0,-1.169322483688473,0.07069111639091435
3130,0,1,0.6062270897359546,6.57383925230944
3131,1,1,-0.589852800288337,7.022354559154805
3132,0,0,0.3868253882461287,-0.40506676568409883
3133,0,0,0.3879967957947269,3.678123238108644
3134,0,0,-0.25717069719249713,-0.7298178328545206
3135,0,1,0.07169638267454265,5.7032867675674614
3136,0,1,0.15637970989405225,5.710595819206756
3137,1,1,-2.0311261671000356,2.792864810438575
3138,1,1,1.5256460109307697,7.680348752278829
3139,0,1,1.4062682665095685,4.079360308283708
3140,0,1,-0.12566797977777483,2.587984830669592
3141,0,0,0.6081923186960803,1.3278643403941652
3142,0,1,0.015066174505626747,4.368061374849268
3143,1,1,-0.30204743850086097,3.7865919353298176
3144,0,0,-1.842956944361312,-3.486547020508578
3145,0,1,-0.10345268296918846,2.065914525627548
3146,0,1,-0.18960102439915438,2.224094866870977
3147,1,1,0.6392499943199648,2.974009884015386
3148,0,1,-1.4229942498822246,2.4575553029965844
3149,1,1,-1.9786741720668566,1.1824020844355412
3150,1,1,-0.10579655374149631,1.619612180708663
3151,1,1,0.013665972641907574,1.2641043818988287
3152,0,1,0.4252385137200139,2.592334076188008
3153,0,0,-0.3939149403455699,-0.4520842071047674
3154,0,1,-2.0439959487878205,1.854812529927873
3155,0,0,-0.17134010004041095,0.13269893238534114
3156,1,1,-1.6035692658708913,2.2749378108974625
3157,0,0,-0.9315793544904661,0.17041336843696375
3158,0,1,0.0073800072230585005,4.928872496055685
3159,0,0,-0.39759216083724813,0.8278408800099274
3160,0,0,-1.397746265995686,-1.5247282878014896
3161,1,1,-0.45251979442381823,7.0944855271641165
3162,0,1,1.6361006600754435,3.046855606732203
3163,1,1,2.243781924157878,3.034527850049426
3164,0,1,1.826501511409081,4.815075998821815
3165,1,1,-0.8331250303986111,4.647063820624459
3166,1,0,0.5978537111361213,1.3227125358494645
3167,0,0,-0.5972275219684565,0.6182918320675492
3168,0,1,0.18253288413889798,5.0963007008766095
3169,1,1,0.9117902447334207,2.8150726581232304
3170,1,1,-0.7965034378909385,4.204728342931592
3171,0,1,0.7969892882850187,1.8691420822051703
3172,0,1,-0.3419753626990454,3.614482455241136
3173,0,0,-0.3115598325264644,1.506228987290471
3174,0,1,0.5349903133092768,5.86193791884568
3175,1,1,1.4131261058919002,4.395435207788252
3176,1,1,0.8261975307922838,6.4540281713310215
3177,1,1,-0.9463181095198714,3.3985745547771047
3178,1,0,-1.6259315108810053,-2.540712649355055
3179,0,1,1.0977898265047485,5.204506794924776
3180,0,0,-1.0587069463325756,0.8004464516406555
3181,1,1,-0.31940851298551537,4.742553030580222
3182,1,1,0.25423508676389567,7.020688917071279
3183,0,1,-0.9916423663231553,4.123600296858141
3184,0,1,0.5780470595184569,2.2927026881930623
3185,0,0,-1.646298847625309,-0.36933320784114254
3186,1,1,-0.8386888966869216,2.6674980409198734
3187,0,1,0.6641595068144509,3.652169272544058
3188,1,1,-0.341548567537099,3.3253723895705414
3189,0,1,-0.9127418907406398,2.586759507667742
3190,0,0,-1.3643182744520275,1.674776888073061
3191,0,1,0.7986909682681909,4.78574657577113
3192,0,0,0.7835866393937048,-2.1767162099742294
3193,0,0,1.1741543031512196,-0.05940879066185786
3194,0,0,-0.12939261777983216,0.21637574422875072
3195,1,1,1.3740374731782037,5.523469633910054
3196,0,1,0.7961588860550691,1.1595051897870792
3197,1,1,0.36460904206091366,0.31167314115574074
3198,0,1,-0.4741611850315937,2.181397315055957
3199,0,1,0.6035778847422681,4.181201796729152
3200,1,1,0.7415831716038797,3.302303948427588
3201,0,0,-0.17433927276804567,0.49142212426092124
3202,0,0,-2.4127764071854045,-0.7086716193632714
3203,0,1,-0.6461948169747488,4.174021099018763
3204,1,1,-0.15543389746409017,4.641567417186048
3205,0,0,-0.17608086242116994,0.9051106211186417
3206,1,0,-1.7736954226886212,0.5858876369476316
3207,0,0,-0.4833851378148478,1.7540505273648535
3208,0,1,-0.7315833396346848,4.237687673611981
3209,0,1,-0.5967748350736714,2.777995168326593
3210,0,0,-0.06734270887862094,-1.711986722990203
3211,0,0,-1.340050873704508,-2.3001767206221118
3212,0,1,0.33491048337137447,3.369626123661643
3213,0,0,-0.7950619641387372,0.5273961170008314
3214,0,1,0.47747892825834276,3.307031999158257
3215,1,1,0.20155280981576945,3.479458771758505
3216,0,0,-0.2623164322739858,2.421636549866414
3217,1,1,-1.4868256601098158,4.264717273305889
3218,1,1,0.16146428435717775,4.4936305717985725
3219,0,0,0.014329967851188702,0.07529792825067982
3220,0,0,1.0125800322472973,2.719100338807267
3221,1,1,-0.5818214974999291,1.8746066430460957
3222,0,1,0.7221790365286544,4.216924480713558
3223,0,1,-0.24460846069859207,3.4301122917019145
3224,0,0,-0.8085506207240056,-0.7992272842130262
3225,0,0,0.6649700758412135,0.7143512644048845
3226,1,1,0.9796637061894992,3.101981158414074
3227,1,1,1.0589504450324545,4.2660713490472055
3228,1,1,0.08477159924892438,4.0995633960500175
3229,1,0,0.056571117862544935,0.6334222962508037
3230,0,0,0.4885192296790661,0.2353004082690896
3231,0,0,0.9611561199388875,0.33066107399706035
3232,1,1,0.9666444579843833,3.0476608732923642
3233,0,1,0.8950517775062001,4.825758387991696
3234,0,0,-1.1245214370051313,0.43213448195467064
3235,0,1,2.053961885403756,6.200349699074366
3236,0,1,0.4420173696974688,5.461187648124836
3237,1,0,-0.3259735111868464,-0.19595512467535225
3238,1,1,1.436029794359546,8.11459484600472
3239,0,1,-0.00802135318135784,0.3604027818823434
3240,1,1,-1.4887142087080465,1.9014210743688258
3241,1,1,-0.6513124191236392,3.8705242492315817
3242,0,1,-1.099603841754004,3.687555036729374
3243,1,1,-0.13331132764616677,5.401753127963558
3244,0,1,-0.6498664360584431,3.120862973606731
3245,0,1,0.38057068266506255,1.828004892222817
3246,1,1,-1.393962057026185,3.3761247183940677
3247,1,1,0.7419737086398436,3.2223293016585175
3248,1,1,-1.1015430543125,7.383895076875746
3249,0,0,-1.9436244850692777,-3.133483838946551
3250,1,0,0.30587183557345254,2.5815435713210095
3251,1,1,-0.28981470548285027,2.270540499272901
3252,1,1,-0.2598719169904013,2.55266158307635
3253,1,1,0.6929889820333475,5.494425462956217
3254,1,0,-2.3444812255725607,-2.7603642176018464
3255,1,1,-2.3044608456536055,3.532865125710825
3256,0,0,0.06370832756968904,2.3980867367078664
3257,1,1,0.0895205713620989,3.4282446430672477
3258,0,0,0.26808694461957694,2.4502311226313944
3259,1,1,-1.0909388117878678,1.455177145192945
3260,0,0,-0.06211804619783516,-2.6411662009570174
3261,0,1,1.604965073469411,3.95222553162992
3262,1,1,1.0283043109706311,6.274614532404937
3263,0,0,0.7012698808665768,2.5750472578716894
3264,1,1,0.49360671194614913,4.673436655641716
3265,1,1,-0.5525479294597812,4.664570219810484
3266,0,1,0.3164277215746222,3.600481596289386
3267,1,0,-0.8227104807954939,1.5156033197911123
3268,0,1,0.6466100707926364,5.084789446288849
3269,0,1,1.4018050863547005,7.17281442365446
3270,1,0,-1.78427125042362,-3.723370640805032
3271,0,1,-0.9282643574707217,2.7170400104997707
3272,1,0,0.26059498356794375,1.9819397931092502
3273,1,0,-0.5105101011370478,0.5862692087946655
3274,1,0,-0.6947276293803294,-3.0721832598369883
3275,0,1,-2.1686465085385187,-0.5994592798016987
3276,0,0,-0.08874985572987507,1.3431718029534436
3277,0,1,1.065280037556707,1.4828337347212188
3278,1,1,-0.8313131285455583,5.253634299130011
3279,1,1,-0.006265307657702423,3.3214022101411755
3280,1,1,1.6796913582692568,2.3709609981927944
3281,0,0,0.3212432966955325,2.4015158256053803
3282,0,1,-1.3010426305513574,5.3599120778158955
3283,0,0,-2.3911517936214026,-1.2023160491226386
3284,0,1,-0.9696719004226781,3.2531559009486513
3285,1,1,-0.05835447417252947,1.8705859044825293
3286,1,1,1.9255367571136512,1.297086860089232
3287,1,1,0.1652288592365348,3.2374754225449345
3288,1,1,1.5675420534449096,4.137210764774686
3289,1,1,0.3102925647808362,2.675994679113783
3290,1,1,0.269065582354386,3.172235068119755
3291,1,1,-0.10072411298948554,4.863869056989728
3292,1,1,0.4247440068781789,6.216964904105787
3293,0,0,0.07013076370543946,0.10827918817324289
3294,0,1,0.9162126343482215,5.056833424687577
3295,1,1,-0.7409523005350419,-0.5218949440031668
3296,0,0,-0.31235918309608834,0.04212435088775768
3297,1,1,0.030889179439760328,2.8323309286745046
3298,1,1,-0.6699185589745207,6.37272013686216
3299,1,1,0.030613278026838515,5.222146728993963
3300,0,1,-0.2531388702336615,5.1793302056014845
3301,0,0,-1.5265737815703735,1.3664823597132874
3302,0,0,1.5474931682292392,1.8224026628435726
3303,1,1,1.125066840809694,6.182220776980743
3304,0,0,-0.2668713825896045,1.2634105684077135
3305,0,1,-0.15685003215693857,3.331983065134229
3306,1,0,-1.4219011195189768,-0.216758584362455
3307,0,1,0.8733080183870138,4.4574822105079175
3308,1,1,-0.9383742940150216,3.961502335678199
3309,1,1,0.3935851837676625,2.9920482500943804
3310,0,1,0.2982817189955892,2.5902316142108326
3311,1,1,-0.011014770101255764,1.6780493453764982
3312,1,0,-1.7538171143544559,-1.1826995502691104
3313,1,1,1.3231075554376321,4.867277136369793
3314,1,1,0.3609688721979625,5.224135879045988
3315,0,0,1.200340928610286,1.3643396191628796
3316,0,0,0.8829775256709942,1.035891436678153
3317,1,1,-1.181529166503555,2.3500407123698284
3318,1,1,0.11347958248115325,4.585248592842653
3319,0,1,0.19716473383228159,3.3638675850847086
3320,0,0,-0.1149231417947282,-1.2908231009488058
3321,1,1,1.1630988159717812,4.761907657216047
3322,1,0,-0.7902865244799148,-0.2934980590529407
3323,0,1,-0.05508508639205963,2.7483776138789597
3324,1,1,-0.6768695106207185,4.21330610772181
3325,0,1,0.5660067639221865,6.359173667112045
3326,1,0,-0.3996185559185121,2.1185869173713923
3327,0,1,-1.086657196617034,3.020538103218228
3328,0,1,0.05285036738131223,1.5861934660593393
3329,1,0,1.9933438964894006,1.0120189781221771
3330,1,1,0.7788474153112029,2.980753973355479
3331,0,0,-0.2873343284595013,0.017834199837697406
3332,1,1,0.553378188027286,5.262098191138389
3333,1,1,-0.042350197281815695,4.373999881584245
3334,1,1,0.4691291521673957,0.555403211114273
3335,0,1,0.47948737224518634,4.018943924506306
3336,1,0,-1.0600067735509768,1.8117137617086367
3337,0,0,-1.0421427055581656,2.033967205885523
3338,0,0,-1.8519791120946922,-0.46236982585181474
3339,1,1,-0.9291730775993788,3.4326346668492143
3340,1,1,0.6156788916293949,6.1060964539233
3341,0,1,-0.3973575704315444,3.3379886879438407
3342,0,1,0.6756013794749848,3.351522395985662
3343,0,0,-0.45802834544899446,1.27421088334785
3344,0,0,0.8222542629043211,2.901994787205837
3345,1,1,1.539609990557177,5.605028823994775
3346,1,0,0.23614084338195834,-0.8575656009100374
3347,1,1,0.06908354728450952,2.290949892189487
3348,0,1,0.9875825383611997,4.5361008511239795
3349,0,1,0.1324962813597111,3.6030029706682587
3350,0,1,1.3687541346203316,4.420443083498174
3351,1,1,-0.4469668677323432,3.7788609036311085
3352,1,0,-1.4355518758656263,-2.033172998904799
3353,0,1,0.18548362679211136,3.665771349425725
3354,1,0,0.023674659716723348,2.165069008224337
3355,0,1,1.017717103361217,3.507851956903698
3356,0,1,3.3320480497765854,5.142961669321974
3357,1,1,-0.15543649099558185,3.5287310714965106
3358,1,1,-0.9557426669337045,2.419402340947739
3359,1,1,-0.16412859111950523,3.581095716394122
3360,1,1,1.5844318069778593,4.147329569823513
3361,1,1,0.2905058650473961,5.398358477338247
3362,1,1,0.28859460411303456,3.5373985309340896
3363,1,1,-0.6378290500653451,1.7563448597680602
3364,0,0,-0.10685188004177541,1.1946898081846462
3365,1,1,0.755654962111529,3.238326447507718
3366,1,1,-0.3364022343200641,3.8122666267252647
3367,1,1,-2.3202190980368607,0.8006145493867187
3368,1,1,-0.1746351645485789,4.38422613869227
3369,1,1,-0.38185299615933654,2.16042793178095
3370,0,1,0.23083805544824765,5.217119570416951
3371,0,0,-1.6566388118765847,0.22714072185771508
3372,1,1,-1.559822850368129,2.151373389387297
3373,0,1,-1.7389694615289517,-0.32549778843544486
3374,0,1,-0.8969798856271292,2.832179873963512
3375,0,0,-1.5763523587815664,-0.826620724353227
3376,1,1,0.11559525904736538,5.217244872689022
3377,1,0,0.5618276075847327,4.620444650056768
3378,1,1,-1.395895081867293,4.1577884010700625
3379,1,1,-1.0862245867241762,6.136398167900028
3380,0,1,0.7160450188945938,5.725059514815776
3381,0,0,-1.046611376752676,2.449371268497326
3382,1,0,-0.22821269603570352,3.1647479371762057
3383,0,1,-0.009824313618510914,2.1090077395275966
3384,1,1,-0.5652691256138271,1.6278164909001291
3385,1,1,0.09904590268115476,3.781468524914729
3386,0,1,-1.8436353932574967,1.7591923673086896
3387,0,1,-0.2190895265842244,3.8901476928655967
3388,1,1,0.2794150927899455,3.148358302131115
3389,0,0,-0.07545425092792812,0.6922946348296743
3390,1,1,1.7884774776481862,2.937768008893367
3391,0,1,-0.8265285073305743,1.1754916862828644
3392,0,0,-1.7478033799540709,-0.8234068532560899
3393,1,0,-0.8140743462129375,1.9715253513967024
3394,1,1,-0.47709636429800606,2.0220454323656276
3395,0,1,-0.3973469159334046,-0.3231800705686041
3396,1,0,-2.5359909257222926,-1.5868510402590013
3397,0,1,0.280744085530778,5.994149245990634
3398,1,1,-1.1291028228366975,1.3573174841847764
3399,0,0,0.27594714166669726,-0.8598946299650645
3400,1,1,-0.44138029814198776,3.661435480059633
3401,1,1,0.8522260744365979,2.598255373002882
3402,1,1,0.6801140979599405,5.127396621238981
3403,0,0,0.2447849715337397,1.135088721053241
3404,1,1,0.40578287205442976,5.470767942441441
3405,1,0,-0.9184948004451177,-1.9944767965635801
3406,1,0,0.7544604503628324,1.2876509507950664
3407,0,1,1.3873921089891723,4.827064160975421
3408,1,1,1.0213768842539181,1.9896253206247418
3409,0,0,-2.9093199382418895,-1.890142900372183
3410,0,1,1.1136911699690335,3.888213346553923
3411,0,0,-1.0411461728076294,-1.9338699193058955
3412,0,1,0.4536875769990743,3.8252760686671516
3413,1,1,-0.6213320402357934,2.60653127759215
3414,1,0,-0.8768429297982867,0.6170315186630363
3415,1,1,0.45516547935727597,5.079492430247107
3416,1,1,0.09168092342598416,5.718415582432705
3417,1,0,0.3263570064688185,1.892302984792018
3418,1,0,-0.9761600008809949,-1.522095207242797
3419,1,1,0.5475172303052924,6.059961779271024
3420,1,1,-0.8189781011213049,3.9957815514763277
3421,1,1,-0.5398901836335478,2.1589161416990583
3422,0,1,-0.33196415538287277,3.9221281420751333
3423,1,0,-1.2517467063087366,-1.5135175175142033
3424,1,1,1.977682192847866,3.271023494103178
3425,1,1,0.11522269850682475,2.787638636433627
3426,0,1,0.20668660641475442,4.859758807615574
3427,0,0,0.4903317322242777,0.05830009106988597
3428,0,0,-1.6800824438954813,0.7624228120493398
3429,1,1,-0.016105863434472185,2.753102509812962
3430,1,1,1.63427932731277,4.638037409485873
3431,1,1,-0.09000533325517429,5.940968165830606
3432,1,1,-0.36849263126002707,1.7120640782518823
3433,0,0,0.35643242991268775,-0.306509075584795
3434,1,1,1.254204319140394,6.463575436283394
3435,1,1,-0.0318726875362823,3.520663300381589
3436,1,1,1.1776047531182197,5.831831236351318
3437,0,1,0.814626269861992,1.4721894802641202
3438,1,1,-1.5517706326022276,1.563479346467051
3439,1,0,0.11625234570139265,-0.08928270289042439
3440,1,1,0.014532899754395142,5.109813466182148
3441,0,1,0.56972947017196,4.847326463669891
3442,1,1,-0.5028497181371718,3.5298443141201536
3443,1,0,-1.4172653051164468,-0.47032292739023074
3444,1,1,0.2253550526271223,3.220850474224231
3445,0,1,0.521838642142677,7.0318369473113576
3446,1,1,-0.3171785751448909,3.108910289235979
3447,0,1,0.9843316699891459,4.573214617059931
3448,0,1,-0.33862776499076963,2.7064665440592703
3449,1,1,1.3201277920914816,3.942921511085178
3450,1,1,-0.0903880146129375,2.732381576087597
3451,0,1,0.5258412789982607,4.233105673384564
3452,1,1,1.1891157514581598,6.537452023649979
3453,0,0,0.15252112884556845,-0.372273346828468
3454,1,1,0.9890876824649696,3.9987255302398945
3455,0,0,-0.27605701166142993,0.636195033387845
3456,1,0,-1.4618865493296793,-2.682983612934332
3457,0,0,-0.05575682042890352,1.8701427824700039
3458,0,1,-0.09239828447293817,2.227397794517554
3459,1,1,1.220380951287397,7.282183899288715
3460,1,0,0.17195377216593363,2.5872429935344576
3461,1,1,-1.0090239555981817,1.1967934851284059
3462,1,1,-0.13194936605265023,2.593884628351806
3463,0,1,-0.8966093106459369,1.4739687991302275
3464,1,1,0.6051161846873814,5.224304061688628
3465,1,1,-0.4661207000349847,1.4623191770223265
3466,1,1,1.4325380634966027,4.062001744281726
3467,0,1,-1.1514054510933096,2.957798470509566
3468,0,0,0.38443358157257224,1.8731549765977604
3469,1,1,1.8935647527074888,5.794887918786782
3470,0,1,-0.292214338924865,3.179789251607151
3471,0,1,0.27678240415154637,5.469231006133086
3472,1,0,-2.0412236641954116,-2.2067931230621927
3473,1,1,0.5794595673080106,3.5206216748317134
3474,1,1,1.0371931033722799,5.539876081861834
3475,1,1,-1.133158470381577,3.985080848933583
3476,1,1,0.9260195456375421,6.679238617060182
3477,1,1,1.7487836762589872,2.7872611237381957
3478,0,0,-1.4415059016689353,0.32705478174002844
3479,1,1,1.3530884222232173,3.2750438826568056
3480,1,1,1.052196813859613,4.73053322446187
3481,0,1,-0.06659232071117151,5.468076463747401
3482,0,0,0.3887325657537949,3.0308286068202666
3483,0,1,-1.1535909309303602,3.3581840953168096
3484,0,1,-0.17084757603552106,2.125898053779281
3485,1,1,-0.009283104224167966,5.46899972109815
3486,0,1,-1.2765931510911823,2.089342463193193
3487,0,0,-0.08880648825584979,3.4843139796772906
3488,0,0,-1.242662640410813,-3.0836469884936433
3489,0,1,-0.45116898539284733,2.376614642986592
3490,1,1,-1.5445355960600422,3.10562763961714
3491,1,0,-0.892200119141496,0.8416941677531832
3492,0,1,1.1935930961603154,2.2838298664746746
3493,0,0,-0.3840874538377612,0.57594480535342
3494,0,0,-1.0803170109235527,-1.6455018274996203
3495,1,1,0.340007949186526,1.8071462305631223
3496,0,0,-0.09419647865368387,1.722308649900462
3497,1,1,-1.202322551623578,1.8480085513166997
3498,1,1,0.09054541394078884,5.453413712529193
3499,1,1,0.6579927388589805,6.178570804153892
3500,1,1,-0.54131074430765,2.764955601249236
3501,0,0,-0.6994375187495877,-0.7403523389893358
3502,1,1,2.4496623466849563,4.268975030644162
3503,0,1,-0.19322012933036015,2.364181238105237
3504,1,1,-0.15119368341653286,3.023479261409273
3505,0,0,1.9716132418970005,3.309837450758098
3506,0,0,1.8270408885771874,0.9408621593152028
3507,0,0,0.6972968814310733,0.4408454665358639
3508,0,1,1.082242758758202,5.824888314169151
3509,1,1,-0.2739015801186387,0.5930952268691441
3510,1,1,0.22646044799405643,2.0654739786396785
3511,1,0,0.1889337618598372,1.9530276298131757
3512,0,1,1.1655039231649147,5.27695918314874
3513,1,1,-0.9681688821777208,1.4247926480652584
3514,1,0,2.054910939608903,0.11399299362199589
3515,1,1,0.12200307160378696,5.412283537603842
3516,1,1,-0.21876901152073644,3.868872556553469
3517,0,0,-1.1109962907315916,1.6911223271189029
3518,0,1,-0.3673069282690672,3.395791078420893
3519,0,1,0.17443959147443389,1.6558165273248615
3520,0,1,-1.1417492339305384,5.429170347775725
3521,1,1,-0.6650967086296421,4.4823470965896455
3522,1,1,-0.5574605037005846,1.8244556260076576
3523,0,1,2.1536896134105894,3.0800066749892574
3524,1,0,-0.480943221895806,1.8869431701584412
3525,0,0,-1.0607996806087225,-1.0143760087820612
3526,1,1,0.0203849784400217,4.392677433163885
3527,1,1,0.20209162432641675,1.1155851950759446
3528,1,1,1.2735526827603818,5.474001043625481
3529,0,0,-0.9794984044476897,-1.717189775660323
3530,0,1,-1.3581394891356948,4.321580781328292
3531,0,0,1.0681573523565424,3.5216671636673746
3532,1,1,1.6609921070459022,7.044286929398222
3533,1,0,-0.6726064365307843,-1.1224043638345147
3534,0,1,0.6320758118139647,4.421968392548604
3535,0,1,-0.3154611551315797,1.6751223030962268
3536,1,1,-0.5176484524503718,4.872143446499967
3537,1,1,-0.29232468544331974,3.8291938233601464
3538,1,0,-1.0285484432289114,-2.3945528518490073
3539,0,0,0.24076070572574176,0.6294466779981827
3540,0,0,-0.7366584156765902,0.8268674061959176
3541,0,1,-0.541603822622541,5.210623339191667
3542,0,0,0.9836580455364091,-0.3288385830222541
3543,0,1,0.9008167827392816,3.0810014531577465
3544,1,1,0.49661500370510775,4.01951282540895
3545,1,1,1.073556368233733,2.1393348839410695
3546,0,0,0.5061333837292274,-0.06424772031836853
3547,1,1,-0.9070923337960266,4.236239289290607
3548,0,1,1.2717873701032427,7.333387224231718
3549,1,1,-0.9520604369164901,6.288457158219195
3550,1,1,-1.7681196803386687,2.2296798369616067
3551,1,1,0.12740095697886697,7.729557298433364
3552,0,1,0.4968797088735287,2.608511338577769
3553,0,1,0.40375770170581576,4.033336369186905
3554,0,1,0.28281900165293816,0.14611218047133323
3555,1,1,0.25790663163758487,5.060640758898461
3556,1,1,0.17412658030395003,4.4182743605130685
3557,1,1,1.2155709241353263,2.354164399831749
3558,1,1,-0.8128148362214561,2.7105113771066645
3559,0,0,-0.9858065590290004,-1.5533120281413089
3560,0,1,0.3039520786064865,4.426040889829677
3561,1,1,1.1929779347782559,5.093368961889208
3562,0,1,-0.8529736543019674,2.0239960795872527
3563,0,0,0.19086581674471145,0.44137097627572286
3564,0,1,0.4778692316876271,3.722942079032066
3565,0,1,0.043081602224543034,6.2363910714616715
3566,0,0,-0.25456952452283815,-1.1025393784201647
3567,0,0,0.21811728431582939,0.7516341836828335
3568,0,1,-0.5936484016907185,3.607712029944496
3569,1,1,1.3952162922441311,5.856824650730227
3570,0,1,0.24686975841108955,2.6934000228331034
3571,0,0,-0.218127001455008,-0.0746032908085732
3572,1,0,-1.4771827521690954,-1.6004405333723097
3573,0,0,0.3431482680166849,4.450169838833905
3574,1,1,0.8804660830013655,5.4157887184648486
3575,0,0,0.7583214436900398,0.22232444150503372
3576,1,1,-1.056031856649151,3.2387399601561087
3577,1,0,-0.7874113125029791,2.3143607808934634
3578,0,1,-0.3595756739743397,2.0270281428229264
3579,0,1,-1.030591999311427,1.0718479248502981
3580,1,1,-0.11689034031896846,1.8671625083243961
3581,0,1,0.504449938115401,4.63816476492315
3582,1,1,0.8305027372817277,2.6031768880557298
3583,0,1,1.441182689929518,5.307744787501477
3584,0,1,0.6015421910605062,5.9574371102871275
3585,1,1,0.25813005820681906,2.149922881290384
3586,0,0,-0.8409373546426153,-0.5293317242104789
3587,1,1,0.7668926775467061,1.2195136994179394
3588,0,1,1.4560233085593604,5.008478947117462
3589,0,1,0.22445575655759592,4.780173418733611
3590,1,1,0.49062726410811575,5.196517090482959
3591,1,1,-2.0341917273254544,4.580893370463565
3592,1,1,-1.4744128932987417,5.407740763396845
3593,0,1,2.3943622366831576,5.6431625241096555
3594,0,1,0.8176853792183444,5.77125359235699
3595,0,1,-0.21564421658159988,1.7253416220606579
3596,1,1,-0.7411500305907901,1.6130476223144155
3597,1,1,0.8132276917600311,7.6192967839325565
3598,1,1,0.03829272757723219,4.604067645513233
3599,0,0,-1.4474973713847497,-0.15115613098390512
3600,1,1,-1.1913387677265028,2.060517584830852
3601,0,1,0.5831455105726292,4.341687787542723
3602,1,1,2.3621105314296265,5.161693827370585
3603,1,1,2.3391131460533408,5.61547239233914
3604,0,0,-2.2380818444937622,-1.9879240641547975
3605,0,1,-0.36784199528130646,0.5006962948742508
3606,0,1,1.1583618709585102,4.092557089762257
3607,0,0,-0.4990947746188846,-2.417735332484726
3608,0,1,0.6320321430312443,2.847695777555219
3609,0,0,-1.5142390628886677,0.5000349803484703
3610,0,1,-1.2578565068669028,2.438082894774454
3611,0,0,-2.912951463305784,-1.419949669710957
3612,1,1,1.6453715121543084,7.4450205786197925
3613,1,1,-1.4618822573558266,5.0680465656067675
3614,0,0,-0.5899704879177414,-0.6368818234335741
3615,0,0,0.3062006221553538,3.2847604079021933
3616,1,1,-0.019746276157765325,2.0972373338763948
3617,0,1,-0.3183602595390985,1.0577580666448676
3618,0,1,0.7093964523081461,1.0948781170753672
3619,0,0,-1.5911559764323695,-0.3713801020985125
3620,1,1,-0.8062492219866325,4.129799300642629
3621,1,0,-0.14192732178161307,2.185580769927298
3622,1,0,0.14490873234572946,1.0185093696110108
3623,0,1,-0.3517431273844226,0.7132823573390263
3624,1,1,0.7871164543419668,1.4306597226000577
3625,1,1,-0.021811566719442343,1.1536053603006673
3626,0,1,1.1970197455744025,4.015498851678908
3627,0,1,1.7294846364309173,4.925317291507627
3628,1,0,-0.5241234205207053,-0.4717559943535554
3629,1,1,-1.5125989775383832,2.0282567191572265
3630,0,0,-0.32797404169225447,-0.2863658723212503
3631,0,1,1.9908726384246764,3.860708163011073
3632,1,1,-0.6171844469237151,5.267099970537753
3633,1,1,-0.8681284074649395,0.7403994889624508
3634,0,1,0.6642036771220698,2.754673734619908
3635,1,1,0.3480315813461558,2.6663693783971274
3636,1,1,-0.9605285666518617,0.4751936016842162
3637,1,1,-1.2779235015561015,1.625583772136801
3638,1,1,0.27100549517500866,5.758256009393506
3639,0,0,-1.5436607611746944,-1.5847780157103446
3640,0,1,1.4296189921040416,4.946901775668072
3641,1,1,1.897014642337367,4.642930617273803
3642,0,0,-0.09022065998354103,0.2974658690594148
3643,0,1,0.9965229422832268,4.171635217809124
3644,1,1,-1.2054935019872948,2.023756400536522
3645,0,1,0.7677140871606187,5.254916181829788
3646,1,0,-1.2115012534888245,-2.6188904387429197
3647,0,1,-0.49497091324067755,3.8696058089278598
3648,1,1,1.2004730304521964,2.1764011500210954
3649,0,0,-0.3410681761393535,-0.4129231360263488
3650,1,1,-1.5020072281793988,3.7929799407435008
3651,0,0,-0.8015356565645105,-1.1182312858278167
3652,1,1,-0.09404669273108683,3.247812074276313
3653,0,1,0.03684395831350464,4.300703457620051
3654,1,1,-0.44208766955985324,0.12969354790557697
3655,0,1,-0.644082524862105,1.7664387430815658
3656,0,1,0.4246407499748508,4.242240414551696
3657,0,0,0.3425737088011275,0.476330327019414
3658,1,1,-1.5716246997757979,3.120022007115443
3659,1,1,0.30785552229762225,6.89556170683444
3660,1,1,1.0292206802950714,4.481741997247777
3661,1,1,0.36256499005684006,5.149366001972983
3662,0,0,1.6106885557896593,4.327982625310602
3663,0,0,-0.059395549032423715,1.8852930231362064
3664,0,1,2.6976336172419786,3.360070906348303
3665,0,0,0.5989775414946615,2.3506756475711263
3666,1,0,-0.41012702560955033,3.702602310440987
3667,1,1,1.3196786582833082,3.808320986643737
3668,1,1,0.794223210141044,5.547533607668436
3669,1,1,-1.7630300301407487,3.1770010431407263
3670,0,0,-0.8313778048350811,-0.8819956462676747
3671,1,1,0.6208682904202911,4.248899471525819
3672,0,1,0.7543705376651739,2.0309716518266194
3673,0,0,1.0221430815646524,1.2900282722620635
3674,0,0,-0.8503183157489965,-3.352898763259957
3675,1,1,0.3245329495502811,4.484128830578778
3676,0,0,-0.00440387655787369,-1.9513721496671015
3677,0,1,0.1620220132943241,2.8224722448208532
3678,0,1,1.3342120378931321,2.324148868266033
3679,1,1,0.5303378121107114,3.6283542089065337
3680,0,1,-0.8335311675049979,1.6702343660452006
3681,1,1,0.2888254830366676,3.1304428891695024
3682,1,1,-1.4919170080310298,5.096887168356436
3683,1,1,1.243399521477022,2.5559574082892897
3684,0,0,0.47733492052102355,1.4326917979767038
3685,1,1,0.514926517470349,5.086620558060887
3686,0,1,-1.3982813377828895,3.287799151155569
3687,1,1,-0.49668858103461255,1.3801496052487225
3688,0,1,-1.3601115201578209,3.040780068179224
3689,1,0,-0.10189517617227413,1.5706317539669472
3690,0,1,1.580955283209126,4.116013610780868
3691,0,1,1.8192041948691475,3.3925533415730427
3692,0,0,-1.476996919712409,-0.462580234537063
3693,1,0,-1.674432992039771,-1.3458604010934858
3694,1,1,-1.9672580493536567,1.3601023154285006
3695,0,0,-1.4614782922203953,0.2873345163043316
3696,0,1,-0.7256669356896813,2.2264217747106407
3697,0,0,-2.151468817829304,-0.4595503690259971
3698,1,1,0.053194048340514645,3.4803847945353317
3699,0,1,-0.04317465770299356,5.971461995884824
3700,1,1,1.7921335870588546,4.515334945788104
3701,0,0,-0.48160819131719346,-2.4741001105810794
3702,0,1,2.7164356027162992,3.749490458294403
3703,0,1,1.23204410000073,4.402103270695316
3704,1,1,0.6885775663592346,3.5406955464785934
3705,1,0,-1.0868818780711067,0.1728269104025425
3706,1,0,-0.3467245561935658,1.2191702903446657
3707,0,1,-0.4407340960806084,3.9777079139618188
3708,0,0,-3.1857308064438903,-4.0826234052883095
3709,0,1,0.47568696260448173,1.7453955799111696
3710,0,1,-0.7722027081672079,2.8983763474365407
3711,0,1,0.7548595016904122,5.767491841552088
3712,0,0,-0.7671059380683992,-2.025794447232147
3713,0,1,0.39278017273163895,-1.047514971212041
3714,1,1,0.3014191816957478,3.2786901167460965
3715,0,0,0.08161080367305862,0.8627402888471718
3716,0,1,0.478029002613425,1.7800703672579137
3717,0,1,-1.1137455218608034,4.061769117650634
3718,0,1,0.2852647447340383,4.513591636035629
3719,1,1,0.05341350259755771,3.0885888590550117
3720,1,1,1.6155383581004006,4.773732590747603
3721,0,1,-0.8988254317238125,3.3440109394133843
3722,1,1,-0.019654105832174654,3.0969051055729038
3723,0,1,2.9427949627888235,5.874798325954719
3724,1,1,-1.137981988162759,1.860001191677061
3725,1,1,0.9192604090383164,2.959921894113286
3726,0,1,-0.3840080359485794,3.0529600478941585
3727,1,1,1.118207533383629,4.589420713417187
3728,0,1,1.0537563583839544,2.0853407694010184
3729,0,1,2.140555532284227,7.817281931808999
3730,0,1,1.974713685461886,5.560280480786514
3731,0,0,-0.23768508539550798,-1.9452654331177914
3732,1,0,-2.0540059749950297,-1.4045987051315156
3733,0,1,-1.5429490026092663,5.049638246744173
3734,1,1,0.21673576431482963,3.4741310567870114
3735,0,0,-0.6019292073857366,-1.0169587739517514
3736,0,1,-0.69591077675912,-0.4300010910970915
3737,0,0,0.2574427722764721,0.8194187533624753
3738,0,1,0.9743834949245826,3.8245412459462225
3739,0,0,-0.8029739306631575,0.10768070875054425
3740,1,1,0.3615974721026002,3.4285603358677497
3741,0,0,-1.0982682806254105,0.34689960375022166
3742,1,1,0.13802522703473735,0.3663493103792703
3743,1,1,-1.1828451745858246,4.919963109753908
3744,1,1,-1.9190153281398783,1.4593607524421446
3745,0,1,0.5902282291041115,4.472971483985413
3746,1,1,-0.7219800779798571,2.294042400530224
3747,1,1,-2.3720078365041735,4.491378822126816
3748,1,0,-0.6907808202314261,-0.6456479232167562
3749,0,1,1.3706785017813115,3.349807546483798
3750,1,1,0.23646374487470573,4.012916406279993
3751,1,0,0.13802078725193073,-1.6493998475704315
3752,1,1,-0.6703352343552081,4.4033013857372545
3753,0,1,0.5021182840149294,2.6634074051048326
3754,0,0,-1.2853348992176374,0.9361949845655468
3755,0,1,0.21747964841546355,4.070622031636231
3756,1,1,-0.1254581291846873,3.4777384826114375
3757,0,0,-1.69641313663209,-1.070074195363617
3758,1,0,-1.34249089956359,0.19754552546322857
3759,0,0,1.1671988111664537,1.5360178051641982
3760,0,1,0.35738715434308477,2.3458825406781028
3761,1,1,-0.5031919970264752,3.5379488878882506
3762,0,1,0.7909101325254039,3.59667164238065
3763,1,1,0.8955050096261622,3.7952576000851668
3764,1,1,-0.720160684943002,1.1545375722564575
3765,0,1,0.39173700011850465,3.005128951295899
3766,0,0,0.037102680099649205,-0.011623132674779102
3767,0,1,1.5642377422491143,3.962793455793154
3768,0,0,-0.9643433431182984,0.7756612745914011
3769,1,1,-1.240396563309853,2.8406975357481037
3770,0,1,-1.65081137796731,-3.0028207102900106
3771,1,1,0.6383148270673852,6.843192229728474
3772,0,0,1.0077431979140385,1.5197063902783128
3773,1,1,1.6850606629890272,5.046138142728912
3774,0,1,-0.6712186396349576,3.4665001183368007
3775,1,1,0.19363418866531748,6.70236176068423
3776,1,0,-0.08554720848077257,-1.2570343572299703
3777,1,0,-0.03953087823690003,0.47178207005369477
3778,0,1,0.06882929920070242,1.9787586013326317
3779,0,0,0.9113854394922944,1.1552370005042656
3780,1,1,-0.2181297714334903,4.010608201364231
3781,0,1,1.129907205192029,0.12474226061555482
3782,1,1,-0.7055995699386322,3.546935748024941
3783,0,0,-1.35426023050612,-0.6459604989532386
3784,0,0,0.3503625677405739,-0.6316301141652805
3785,1,1,0.12633231496977743,3.12688785485076
3786,1,1,0.7234422058295757,3.4959911542445523
3787,1,1,-0.49667472673673757,5.014511131723527
3788,0,1,1.7179747334161828,4.340431809284799
3789,0,0,0.11650691531414549,1.6919492874869433
3790,0,1,0.7512255937722422,5.320610077753611
3791,0,1,0.11145141722120185,0.2495622188003832
3792,0,1,1.2189031151815,3.418027885892416
3793,0,1,-0.2631585075347366,4.522068097425033
3794,0,1,-1.3358318690809092,-0.6167684041320021
3795,0,1,1.4492806433397138,3.18851598123827
3796,1,1,0.3865581515384992,4.892177091756757
3797,1,0,-0.17879432242139492,-0.19822578771338795
3798,0,0,-0.4788883695230894,-0.49827049601214857
3799,1,0,-0.9126508627542886,-0.16033402970876853
3800,0,0,-1.8818224972842634,-1.4046333778206754
3801,1,0,-1.1072494204285457,-0.06287227953054098
3802,1,1,0.9655653425588425,3.4225443546137053
3803,1,1,1.2105825297776056,3.159974289326153
3804,1,1,-0.23179386000063062,0.3794488747322866
3805,0,0,-0.21604046656190984,-0.5516071044868454
3806,0,1,2.0433197535911463,4.474289381226132
3807,0,0,-0.013180579088426793,0.39460318384857707
3808,1,0,0.19832103116944813,1.509813834647393
3809,1,0,0.11440812954046437,1.5193415459333826
3810,1,1,-0.6861877775274594,0.10968235827218242
3811,1,0,1.581392946392684,0.39995754510196235
3812,0,1,0.469277371762668,3.246832266723547
3813,1,1,0.18386184707553638,5.0032340133260895
3814,1,0,1.1376614588263334,0.9394967318776966
3815,1,1,0.5101532737934023,2.3958720630418755
3816,0,0,-0.4830703692080329,1.8162711988668458
3817,0,1,0.7052383395375921,2.3112453967732303
3818,0,1,-0.1877711099503976,4.1167553684408915
3819,0,0,1.1110873195078865,2.3294800956753896
3820,0,1,-0.38349442896861186,2.148708666529955
3821,0,0,1.191899711032487,2.0488615581045995
3822,1,1,-0.021801580311807473,8.451413957026306
3823,0,1,-0.34997591931694194,3.4278646413833864
3824,0,0,-0.9280067616352351,-1.0971200672597168
3825,1,1,-0.11764864433299772,4.295660730180609
3826,1,1,0.19145442590944275,4.370446967008021
3827,1,1,1.032614619936192,2.354378763389254
3828,1,1,0.6533393148937774,5.2375807039778195
3829,1,1,1.3852801734902962,0.11421815395190515
3830,1,1,-0.13076293460024072,2.620624559788883
3831,0,0,0.7121375413345871,3.802523211342042
3832,1,1,0.17608328030191267,4.235950287793457
3833,1,1,-1.5351197618157684,1.386900225916682
3834,1,1,-2.730095507009952,2.9749342223505937
3835,0,0,0.25425719371717664,1.0806932772652602
3836,1,1,-1.366227679318306,2.884872253905618
3837,1,1,0.2853230560442361,3.640963476919541
3838,0,1,0.7802109364616117,4.5110065856929085
3839,0,0,0.32086770733709485,0.4622790346627801
3840,0,1,0.08396402943797236,2.6579411229254886
3841,1,1,-0.9954763969738943,1.546500011707411
3842,0,0,0.8081369525202343,2.028780925091004
3843,0,0,-0.6371960125745554,0.31119971876667774
3844,0,1,-1.5744818209652913,3.2319403252331016
3845,0,1,0.06913358196880462,3.889020362336991
3846,0,0,-0.045433456069571075,2.4968606598735787
3847,1,1,2.12915195433356,4.216194229259701
3848,0,1,-0.5591678088348606,4.416980390139411
3849,1,1,0.3257055734328501,7.2746315250589415
3850,0,1,0.7828923862597439,2.7495976065142114
3851,1,1,-0.7643234567878106,2.329093735044202
3852,1,0,-2.29159250047877,0.6666018207928651
3853,0,0,-1.4570581778558467,-1.2445809231971863
3854,1,1,-0.18230238468331586,3.6778147767415073
3855,0,1,-0.3215323269341158,3.6235477490910912
3856,1,1,-1.4246029148308967,3.4480887841851304
3857,1,0,-1.0508103517247875,-0.5183736999990536
3858,0,1,0.5331881892433771,2.899357659365199
3859,0,1,0.8588507589877031,5.608215189205879
3860,1,1,0.12174618905453385,4.018916265825216
3861,0,1,1.0226505780481938,3.9437125035309477
3862,1,1,0.7603189929477396,4.590674293042969
3863,1,1,0.3191995049817024,2.90243869458946
3864,0,1,-0.5706773867222992,1.4063510814095312
3865,0,1,1.7441581637533903,5.044284250834149
3866,0,1,0.40532752624992835,3.3315790503704927
3867,1,0,-0.8238898993149976,1.5583578133343805
3868,1,1,-1.698588375681726,0.6576366510218419
3869,1,1,-0.5268225745423732,2.9213242703454667
3870,0,1,1.1997801416901372,0.2710394510998151
3871,1,1,-0.6257058988314278,3.9470634929374273
3872,0,0,-1.547775722778721,-1.8330819826985234
3873,0,1,0.7785615088012595,1.0600055632909475
3874,1,1,2.3951717346661185,3.733472774543589
3875,1,1,-1.2788719517010823,3.5261055883280945
3876,0,1,0.006249192827599437,2.7310197707148625
3877,0,1,-0.7126701388202323,0.3515059715278288
3878,1,0,-0.15035426859219905,1.5055613790149098
3879,1,1,1.358819894632435,7.0472285221938185
3880,1,1,0.030034857322974978,3.582777101067288
3881,0,0,-1.4116059919409247,-0.5961728120775565
3882,1,1,-0.021377960947009635,3.170164512249184
3883,0,1,-0.8596383925072919,1.4909914803966318
3884,1,1,-1.5300767601184888,1.857313987856077
3885,0,1,0.4610222162651197,4.877640535345976
3886,1,1,-0.22563105886980145,2.5505742379286915
3887,0,1,1.5199911109170938,5.20203479269586
3888,0,1,0.9065172547924076,-2.0337307204808166
3889,0,1,-1.2267226690461701,1.3300733321493108
3890,0,1,1.3304756347477127,4.214469086457978
3891,0,0,1.8396202249491278,3.6578704987866817
3892,1,1,0.1396655357233605,3.1888084927160847
3893,0,1,1.0314804872858392,5.818465929434888
3894,1,1,-0.12856299922992553,2.470136461353276
3895,0,1,0.04669171370143675,3.1717829838762386
3896,1,1,-0.5419064025366648,2.0430868848186394
3897,1,1,0.9645665452737996,6.346836243644285
3898,1,0,-0.8047060660597817,-0.9869651855223145
3899,1,1,-0.026500676738389736,4.3675550064348805
3900,0,1,1.4846117788350193,2.8764417292661246
3901,0,0,-1.237838731137999,2.040155386887301
3902,0,1,-0.579300811155704,5.6028541910680385
3903,1,0,-0.512201213761516,3.0939301418206235
3904,0,1,-0.5586062261579996,2.0819896552114634
3905,0,0,-1.1002354344078606,-1.2054164484139975
3906,0,1,1.5626035412184758,4.17494459880559
3907,0,1,-0.6582495175140477,2.6565705029014763
3908,0,1,-1.126056452140758,1.196832405116118
3909,1,1,-1.9444677888582678,2.2132221826000604
3910,1,0,-0.3927656331780356,0.0020362135051758545
3911,1,1,-1.0177328543504685,3.523245390187496
3912,1,1,0.38754413149099826,6.038397640697401
3913,0,1,0.5020442446202098,4.343651867177858
3914,0,1,0.5366394515911869,5.125080661812121
3915,1,1,0.7657792416398373,3.4709363992093403
3916,1,1,-0.04361724147625044,0.37502265708093674
3917,0,0,0.1680055644552859,2.257519710608142
3918,1,0,-0.09688554637359591,3.030220226243412
3919,1,1,0.5579938328830946,6.7643756473617795
3920,0,0,-0.26857660579547216,-2.2146032192899527
3921,0,1,-0.917848365370017,1.9294669694250213
3922,0,1,1.2042302878649433,3.9441966507676005
3923,0,0,0.7237581688086865,1.7689707276883584
3924,0,0,-2.009667219034966,0.2675716551296378
3925,1,1,-0.6077718124783824,3.5377219296622098
3926,1,1,0.4909034121318039,3.085442265314792
3927,0,0,-0.23659212939108445,-2.514491925551865
3928,1,0,0.6284949958619053,2.6402937014744414
3929,0,1,0.000734820543010085,3.608221416970804
3930,1,1,-1.4896406581404695,3.120799079279533
3931,1,1,1.8814381567139227,3.7324942870473734
3932,1,0,-1.382941863052352,0.7556053990444703
3933,0,1,1.6866127197218503,1.9858347468097868
3934,0,1,0.42177939553291743,2.607282164168878
3935,0,0,-1.4446991454075941,-0.9336653793827421
3936,0,0,1.6030365621059683,0.8591716943659954
3937,1,1,0.7625836183504737,2.1660693338593484
3938,1,0,-0.17625945732993745,3.0305838129340543
3939,0,0,0.5991044866884353,-1.6402444797381288
3940,1,1,0.8016032063258961,4.760860121696515
3941,0,0,-0.45379010118670343,-1.5306621837790995
3942,1,0,-2.0853363560380584,-0.34020866852856035
3943,1,1,0.07225094568813026,2.549808578746497
3944,1,0,-2.5276753949786364,-1.5346977063030112
3945,0,1,0.1975705903537008,2.218114156564889
3946,0,1,1.9138774358278163,3.638391565635709
3947,1,1,0.6572370853365856,2.752399102100335
3948,0,1,-1.0798176249236622,2.6147826426732204
3949,0,1,-0.21544816424223642,3.533882071162326
3950,1,1,1.139191837846095,5.322066975887562
3951,1,1,-0.3676633349765928,2.524339973749397
3952,0,0,0.164308465653857,0.4009706149892778
3953,1,0,-0.6066151531587719,1.2056385397884484
3954,0,1,-0.9980723703325093,-0.7747030499356029
3955,1,1,0.7433010324829729,3.0779158345321456
3956,0,0,-1.5966663437340096,0.25396152765480884
3957,1,1,0.9022347691458982,3.2176993463932417
3958,0,1,-1.5328245201529893,2.180145035922508
3959,0,1,-1.0601914295759598,1.2484492598956631
3960,1,1,0.9159529652455353,2.50381073808273
3961,1,0,-0.14186512307809535,-0.3536960130363709
3962,1,0,-0.5603335442354831,0.4945073307901847
3963,1,1,-0.22884671121734199,3.7672304852218854
3964,1,1,-1.9296187158989715,4.91484680649486
3965,1,1,0.8164014838695709,3.8631135889486643
3966,1,1,0.6403525018248739,2.348694280266381
3967,1,0,0.6721008867531758,1.6880307508464807
3968,1,1,1.31452997108616,4.51725497650771
3969,1,1,0.5885554265871464,5.6682396916382185
3970,1,1,1.558793667518366,3.83167634794568
3971,0,1,-0.36575877053645,4.264989680705297
3972,0,1,0.889670791660497,4.1585333915363805
3973,0,1,-0.8629626715078254,1.8285439610424483
3974,1,0,0.23973842912381657,-1.6926078143076708
3975,0,0,-2.1145878633859234,-0.3403751354053282
3976,1,1,1.4508646902376727,3.6431244146680704
3977,0,0,0.529584574603646,-1.1310086304351654
3978,0,1,-1.0961420962906465,6.045034144690937
3979,0,0,0.5623215879108815,1.1933441958082898
3980,1,1,-0.006401960792395383,3.8003828045191144
3981,0,0,-0.7971843031261546,-2.3292793000118444
3982,0,0,0.4367516697774904,0.8015140892262635
3983,0,1,0.24418358376352883,2.7170352398457585
3984,1,1,-0.07648639436710059,5.541832083095181
3985,1,1,-1.2220786924081302,4.541533509740648
3986,1,1,-1.2607700176085395,2.269751995479102
3987,0,1,1.9113648169754998,3.233085178750512
3988,1,1,-0.6675902674075378,3.3983251479146883
3989,0,0,0.01816467989839383,1.6455310715346774
3990,1,1,-0.6750608828954107,1.3284373370604594
3991,1,1,0.6701988000975752,3.370174749191846
3992,0,0,0.25276861586645055,2.7814292444698907
3993,0,1,2.2978922073221892,5.470344554861465
3994,1,1,0.3863488345835874,4.511391140177972
3995,0,1,-0.656919702081881,3.3872484553821383
3996,1,1,-0.61728646309123,-1.6872392380114594
3997,1,1,-0.08645132166847301,4.872381942425752
3998,1,1,0.8689045952546524,4.627362966067226
3999,0,0,0.02521089884749901,-3.290873216774817
4000,1,1,-0.771870716027474,2.8687606872718856
4001,0,0,0.5924378875433954,1.8172369572452862
4002,1,0,-1.9578962588089617,-0.6673186009913243
4003,1,1,-0.8305033617559305,3.033755196443715
4004,0,0,1.2483701185703358,-0.24604140539631558
4005,0,0,-1.3472426518848375,-3.2471550522855392
4006,0,0,-1.0980672509637417,-0.7532233506582664
4007,1,0,-1.0566586323664506,0.8295817345378487
4008,0,1,-0.5698302152582249,6.454901910924737
4009,0,0,0.07421641602644061,1.7701958214033384
4010,0,0,-0.6694746439617938,0.2067799516233094
4011,0,0,1.4965045800645356,0.518116578249108
4012,1,1,0.11486387016070225,4.1122007733821535
4013,0,1,-0.6808313143481476,3.3355325357308616
4014,1,1,0.32127473546463076,4.4308361050527765
4015,1,1,-1.4165600472671112,3.2967107998085057
4016,0,0,0.5536299197468643,0.801978651793204
4017,0,0,1.5892748205191332,-1.2483182410472913
4018,0,0,0.19794267861143833,-0.17000395014313496
4019,1,1,0.9334785713208681,3.7508675322190532
4020,0,1,1.502316917789192,5.1786494238712715
4021,0,1,0.5683652178075754,4.6031846327416295
4022,0,1,0.24801670402678683,5.483517036289194
4023,1,1,1.3277617755825477,4.1521236796133305
4024,0,1,1.0198406125315134,4.223287449055439
4025,1,1,1.1692048223497902,2.8897935651147546
4026,0,1,0.5867784280539962,3.82209067937365
4027,1,0,-0.9287621224684097,-1.7908022532787244
4028,0,1,1.6453875732976362,4.893142311718508
4029,1,1,0.36102594860587,1.6508666859133732
4030,0,1,-1.0034381652226252,6.468308950801551
4031,0,0,1.8336620720219243,1.1732842221066597
4032,1,0,-0.4741281979842234,2.2246794217101
4033,1,1,-0.33555749368605114,2.495979514394135
4034,0,1,0.1309941042019491,7.4731149605546525
4035,0,1,-0.07704580947977413,1.7246202867074238
4036,0,1,0.15020324066569363,3.7107884526907284
4037,1,1,0.22231194342236457,1.791496291571855
4038,0,0,1.2369919379910674,2.143893172128616
4039,0,1,-1.3543589483579617,3.9955524926947925
4040,1,0,-0.4449754156080605,1.219607253555741
4041,1,1,-0.6774993151316756,1.9164716378613535
4042,0,0,-0.7266125287380228,1.9816176368898628
4043,1,1,-1.1712170532182304,2.9409013892381393
4044,1,0,1.2615498756072794,3.904566044958357
4045,0,0,0.11405193179417662,1.5050218419374592
4046,1,1,0.09028776565739169,2.7623372058734885
4047,1,1,0.2836259732321176,5.238170154513946
4048,0,0,0.7134256138115295,4.210311835498664
4049,0,1,0.352899528134197,1.4048734296834753
4050,1,1,2.057425175629039,5.669804642220164
4051,0,1,-1.164820275663759,4.748810258253522
4052,0,1,0.2717107270927564,4.6753991131655575
4053,0,1,-1.5822486301442342,2.228158061807708
4054,0,1,1.2481575138823946,5.455615376521193
4055,1,1,-0.25402300229669816,4.339917617502717
4056,1,0,-1.5870649786797646,1.5112075784140049
4057,1,1,-0.5845031037465983,2.4873961961825364
4058,0,1,-0.2175148654872135,4.509548162596866
4059,1,1,-0.5061353031491658,4.174665704229953
4060,1,1,-0.646799154669653,3.4333513130191102
4061,1,1,0.49135636214669043,4.32151307376124
4062,0,1,-1.9412496528657595,2.7235468915443812
4063,1,1,-0.32056455228496367,4.60367789761453
4064,1,1,-0.3907822044801383,3.591349103907652
4065,0,1,0.34717530163715,3.8717420863108556
4066,1,1,-0.06280157236106594,3.5446707754178
4067,0,0,-0.4379151341617467,0.09498655977325648
4068,0,1,0.6464822658316635,2.510322247144816
4069,0,0,-0.18434414249961142,0.4691106473884997
4070,1,1,-0.6129910891386642,4.502397739234626
4071,0,1,1.436084471613929,6.273977483555079
4072,1,1,0.583731279114238,3.96523926408221
4073,0,0,-1.1347361187766891,1.8049572697578347
4074,0,1,0.8549915279353493,7.277951215595874
4075,1,0,-1.0835040727363885,-0.017215029158256345
4076,0,1,-0.43862400698877524,2.344456063550351
4077,0,1,-0.6006328534825351,2.401306009506423
4078,0,0,0.3422078991371485,3.5814532777054513
4079,1,1,1.1813952620585553,5.102771515385106
4080,1,1,0.2031393753646704,4.662201233966648
4081,1,1,0.697639199089528,2.287347007568018
4082,0,0,1.3284229734561335,-1.8154701993996025
4083,1,1,0.6719422114515055,4.832723086122277
4084,1,1,-1.2190594348595107,1.3478212405350234
4085,1,1,-0.19002445066213777,3.229290078846074
4086,0,0,-0.3168156627769779,-0.40975179909294956
4087,0,1,-0.15803849439030904,6.570835375807273
4088,1,1,-0.6999174451125253,1.5027333071224658
4089,1,1,-0.4878505273026722,3.5818914471914036
4090,1,1,1.095963044509611,3.2140050423666295
4091,1,1,-0.5704629588344736,5.641760615338725
4092,1,1,0.8918836642941431,5.988809925813661
4093,1,1,0.19470663623173584,-0.5101405859755204
4094,1,1,1.112679511661911,6.348381801220764
4095,0,0,1.040181769637833,2.711801912377585
4096,0,1,1.5008759677459405,4.070175479064026
4097,0,1,-1.363079644722415,5.695451878736943
4098,0,1,0.7022561511028959,4.85931800140666
4099,0,0,-2.8275020295723294,-2.514194895893024
4100,1,0,0.006766188297328815,1.2106249187541616
4101,1,1,1.7322620222485081,4.7311213298764
4102,1,1,0.3954963797165853,1.5885472273053547
4103,0,0,1.6353715182757966,3.7417075606533476
4104,1,1,-0.05500638141564757,4.320144739994123
4105,1,1,0.43470308790127266,2.767388550970062
4106,1,1,-0.20368334538138247,2.985062557985646
4107,0,0,-1.0813505715849523,-0.8664916622296097
4108,1,1,-0.05366773036735068,4.739056813594404
4109,1,0,-1.4686825166463577,0.22768568896690344
4110,0,1,0.2772423854292726,3.8441809216032947
4111,1,1,-0.2171117311379631,4.23265887362231
4112,0,0,0.8045434168168878,0.8099632768249989
4113,1,1,-0.45262333544631805,1.9021815848963706
4114,1,1,1.2864383006645588,5.411205780331471
4115,0,1,0.6662854014703947,3.9357491635016593
4116,1,1,0.5509491819359348,4.840083613252341
4117,1,1,1.322257592772538,4.929276530622909
4118,1,0,0.44952188297378287,2.945858884951449
4119,1,1,1.6335269000724564,4.106346227454626
4120,0,0,1.0148988498986782,1.2187957715449436
4121,1,1,-1.9146146077262125,2.049973586907166
4122,1,1,0.7254637380873737,4.017154984864558
4123,1,1,0.09085557820202707,5.128727286585214
4124,0,0,-0.04666344861070847,-1.4070632619409895
4125,1,1,-0.9351319128457962,3.540627738250077
4126,0,0,-0.6719562047039236,0.9346545659079412
4127,0,1,1.8581046260049983,2.0617740569339773
4128,0,1,0.9411979390684586,1.8138255704984352
4129,1,1,0.5393861621569491,4.184744422949096
4130,1,0,0.5798039444771674,3.9931125425911653
4131,1,1,1.0363816968124084,5.183624393352001
4132,0,0,0.6855674536043551,2.2911688633622007
4133,1,0,-0.9015833968137187,0.8099008326290513
4134,0,1,0.7319108836976262,4.32902239555673
4135,0,0,-1.3382123800370809,2.3648259213451155
4136,0,1,-0.8001397803527739,4.8771660991923635
4137,1,1,1.145819914840615,6.93988777529119
4138,0,1,0.5278676051185426,7.120059447375443
4139,0,1,1.246622145304806,5.696043322939559
4140,0,0,1.2586299367801057,0.4142446008644508
4141,0,1,-1.1981166494768392,3.1665730523622724
4142,1,1,1.394126070745803,2.572374665609426
4143,1,1,0.025764623460801855,4.155703080234327
4144,1,1,-1.2218737999654417,3.2257815552146862
4145,0,1,1.2682534312368319,3.9687249008831422
4146,1,1,0.10896536483846019,2.362370966715056
4147,1,0,-1.466050858595526,0.2886123673144423
4148,1,0,-1.0429245157982645,3.1705709570010217
4149,0,1,2.8759711983607623,5.8183192613686305
4150,1,1,-1.475480606392529,2.5719738327794284
4151,1,1,1.2793329086671503,4.86073814877656
4152,0,0,-1.3117425739142632,0.4203380348622279
4153,0,1,0.8472191537583835,5.03406758090869
4154,0,0,0.3214137836350342,1.649677130515434
4155,0,0,-0.6851087077601905,-0.805482823647709
4156,0,0,-1.9878630445110352,0.7038981233277228
4157,1,1,-0.44533473168576254,5.075243829844124
4158,1,0,-2.086448867793325,-1.4520239762578004
4159,1,1,0.5240296589930903,3.027582074667895
4160,0,0,0.41906917854195536,2.8394032358102326
4161,1,1,-0.9166409512556906,5.680138190712496
4162,0,1,-1.8198067489273364,1.9107242682782257
4163,0,0,-0.4463806212388426,1.712434174550403
4164,1,1,1.4272069939760366,6.006123675400586
4165,0,1,0.3847899781455648,4.179061671086858
4166,0,0,0.4970105403849298,1.739824294938992
4167,1,1,-0.9299873617703103,3.995439389773299
4168,1,1,-0.9413555731999828,1.8871239261413346
4169,0,1,1.3683920810979395,2.6511345962013912
4170,0,1,0.591275331363198,6.617912802492906
4171,1,0,0.38245660413616134,4.119250971353307
4172,0,1,-0.40082705654927064,3.5794664257893656
4173,0,0,-0.33460072117389983,0.6169541854416675
4174,1,1,0.24111888216704822,3.5901103791394675
4175,0,0,-1.1533458039632807,-1.8144948313791696
4176,0,1,1.0039257902256127,5.81127454840109
4177,1,1,-0.8528802732249307,0.6559322060856805
4178,1,1,1.5224107093848729,3.9368661714201516
4179,1,1,-0.1624440511729362,1.4689044762280705
4180,0,0,0.6674694434529237,-1.9982814932003432
4181,1,1,-0.55146144748458,1.2439945420725438
4182,0,0,0.3698238376809549,-0.3478795143386081
4183,1,1,-1.9738269893766878,2.7359574163883496
4184,1,0,0.9067551408641967,1.6889265325687217
4185,0,1,-1.1231816972595088,2.6324741900183195
4186,1,1,0.6918043417574812,4.903500378851833
4187,0,1,2.131772147073016,4.007519851879362
4188,1,1,1.0994391757846322,1.7437907114348032
4189,1,1,-0.2298632425678479,3.332453967507254
4190,0,0,-0.5614301274642743,-0.4730515464062388
4191,0,0,-2.263256233281791,2.322922276069481
4192,0,0,-0.3547318594839419,1.8573795452398336
4193,0,1,0.023574007473670416,1.321772703668679
4194,0,1,0.5015286052732697,1.996621719431384
4195,1,1,-0.40356854185160956,3.697550780740894
4196,0,1,-0.41289208915378006,3.6717532422290837
4197,0,0,0.24692093191354297,0.7778045824851624
4198,1,1,-0.7592923193014848,2.789474643447413
4199,0,1,-0.6182821723229154,3.7474252141101743
4200,0,1,1.020019953369454,3.4452845621740433
4201,1,1,1.0284713919230115,5.303730738650154
4202,1,1,-0.5680186540365827,3.9252366354978863
4203,1,1,1.403435866814805,3.6430455983490653
4204,0,0,-0.06443344083403263,0.6709483332864374
4205,0,1,0.0652452599271071,4.52533845775919
4206,0,0,-1.8317863057253767,-0.3529632442564946
4207,0,0,0.3179865097277759,1.5208575769017385
4208,0,0,-0.7375166127617909,1.941454057528555
4209,1,1,0.11105892655086053,4.871572588655673
4210,0,1,0.9036235358584722,5.045626038860724
4211,1,1,1.941880996274361,6.494382250902303
4212,1,1,1.2737580305631186,7.101344755218747
4213,1,1,0.8079071357084963,4.331170020503342
4214,1,1,0.3717419043112835,6.105612514706177
4215,1,0,0.4182043334821172,3.369735695615652
4216,0,0,0.40043640834147104,-0.8989425054971115
4217,1,1,-1.345195897250525,2.7983874155578623
4218,1,1,-1.5023107387713608,4.320887632509411
4219,1,1,-0.9136690661889794,1.7241351997390797
4220,0,0,-0.5616558396672514,0.9120818607006211
4221,0,0,-0.3463231459518934,1.0715799755846884
4222,0,0,0.34597245378539887,1.689022323118174
4223,0,0,-1.4182597155118817,-1.0770373175203347
4224,0,0,-0.45842689940158043,-0.2757203973661117
4225,1,1,2.02942676477468,4.942793922166155
4226,1,1,0.481548215033533,4.08309885575955
4227,1,0,1.1513341833773223,0.2953704424916139
4228,1,1,-0.4439577116642537,1.9948101463122188
4229,1,1,-1.6185929981880174,6.146177474949267
4230,0,0,-2.27737687223554,-1.3425283088518571
4231,0,0,-0.7443946003397184,-0.7434745381491247
4232,0,0,-1.912477665920143,0.5919759076381172
4233,0,0,0.25355737414863344,-0.4860807249946719
4234,0,0,-0.40744203745687557,1.1088107726260104
4235,1,0,-1.7044762811309881,2.4591392327634187
4236,0,0,1.024567648500194,1.6790928756142853
4237,0,1,0.5146939926384659,4.465920126258696
4238,1,1,2.3591058783758383,6.937513492543819
4239,1,1,1.5378303632887627,3.1056874234200817
4240,0,1,-0.11623926765676322,1.734933410694781
4241,0,1,1.3431922231104982,5.670819085363851
4242,0,0,-1.484854768361944,-1.2697343859024737
4243,0,1,-1.0618890111056831,2.5222385071526947
4244,1,1,0.049732300090786975,2.2514618198256797
4245,1,0,0.057813299804565656,2.1391131795567366
4246,0,0,-0.7114281889686032,1.1323098796419218
4247,1,0,0.01847009708538178,0.609561539050473
4248,1,0,-1.208969888013457,0.9249383695254508
4249,1,1,-1.769116359007839,2.458639728212149
4250,1,1,0.31021370938510157,6.076689893814943
4251,1,1,-1.366284625804255,3.5611391877410106
4252,1,1,2.4403970810871076,3.9899470444442944
4253,1,1,-0.1665270550871633,4.227005743145912
4254,1,1,1.1493174127502137,4.543477702890551
4255,0,1,-0.4071606925326144,4.14557298596785
4256,1,1,0.20490277971332532,5.050554489241065
4257,1,0,-0.3017786553190383,-0.16497437189650632
4258,0,1,0.31417950444485593,1.6175155894604931
4259,1,1,-0.5937396185688578,3.2212730726339434
4260,0,1,0.4222312925579312,5.659053178825511
4261,0,0,-2.4643133054261877,-0.4603045049756824
4262,0,1,-0.04904259149954724,1.230757091043822
4263,1,1,-0.3258561964771873,5.968413393643578
4264,1,1,-0.2716205532995635,1.929663242038755
4265,1,1,0.2924113710238682,2.146866374195355
4266,1,1,-1.1211032024245227,3.0221345548116276
4267,1,1,-0.33500026422029566,3.960763862297125
4268,0,0,-1.3473470841633766,-1.5843245808923436
4269,1,1,0.41300458837114973,3.75661323916645
4270,1,1,-0.43394447185770124,3.274366569440188
4271,0,1,-0.9108668257192033,1.256587661830379
4272,0,1,2.455840934734274,5.0239823748539925
4273,1,1,-0.35562170076630156,2.869849188525953
4274,1,1,-0.24774558330428859,5.299241791037649
4275,1,1,-0.7751218208607877,3.090582823239221
4276,0,1,-0.3401856802638803,3.7464360017500598
4277,1,1,0.7689976063905897,5.198712416583742
4278,0,1,-0.43275870488824575,0.04166802827800087
4279,1,1,-0.2715505689877432,2.34027475047478
4280,1,0,-0.6643036416432073,2.325051174891762
4281,0,0,-0.19213284711909615,0.5594728978284447
4282,0,0,0.9445486444563282,0.4344752390634474
4283,1,1,1.564884282187986,5.237295908930173
4284,1,1,-0.8544922748140191,4.161860532136247
4285,1,1,-1.359602752824297,3.9129097423552066
4286,0,1,1.1727187064079405,4.118090818901377
4287,0,1,-0.25717669383595215,3.250892051176918
4288,1,1,1.1557617661527888,4.485839176774275
4289,1,1,-1.3881594383669587,0.09296730811385112
4290,0,0,-0.2685079357051628,-0.18579661111290596
4291,1,1,-1.6934218747065222,1.6833221702723198
4292,0,0,1.5644635171733132,-0.05698620306339519
4293,0,1,-0.19552154933291918,3.5263557417145286
4294,0,0,-0.25371995919398466,-0.19300243675265305
4295,1,1,-1.5513802956407066,1.9020580959024245
4296,0,1,0.6549147798494495,6.708126547917225
4297,0,0,-1.6509214040014768,0.5925664025219293
4298,0,1,1.309810470025344,1.53607385196447
4299,0,1,-0.6683878966035266,-1.2378015747777384
4300,0,1,0.7185110603062398,5.204963969555891
4301,1,0,-0.15684042408980287,-0.6830693527790479
4302,0,1,1.0384835985227758,2.717217401949371
4303,1,1,0.052665789951221606,4.342780827295325
4304,0,1,0.35369072134975865,4.72366927883199
4305,0,1,0.28472453131589154,4.622895165995354
4306,1,0,-0.590541136251506,0.5230696206271221
4307,0,1,-1.3672104304340071,2.25353725456311
4308,0,0,-1.0934839038147077,-1.7005381665765715
4309,0,1,0.14333661659644334,3.373602681157079
4310,0,1,-0.013204383178097603,1.6143790153332866
4311,1,1,-1.08762138527084,0.02296057535600937
4312,0,1,1.0903958614208054,2.6839410283125904
4313,1,0,-0.6046154154961257,0.8540114703698731
4314,1,1,-0.20045837449607545,7.360969676843933
4315,1,0,-0.6284580481517795,-0.9946748568423107
4316,1,1,0.34567653206109467,4.366153860346604
4317,0,1,1.5886256613791023,5.452729582005877
4318,0,1,1.0483559475192454,1.8241952435537665
4319,0,0,-0.21638994194663624,1.1369947468064918
4320,0,1,0.34462580076751415,1.3221206689130367
4321,0,0,0.46332082260859053,-0.4055199032635353
4322,1,1,-0.16051118751411322,5.384631858827229
4323,1,0,-0.8003563539336388,1.5034792136812591
4324,0,1,0.7961655161959855,4.76644285081619
4325,1,1,0.8767627624452055,1.0372283045278194
4326,1,0,0.5447112728660648,0.7291095191523567
4327,0,0,-1.5212048065367634,1.6663830952889152
4328,1,1,0.8192091101277472,2.2889038340473578
4329,1,1,0.5628967712929206,5.101940107196349
4330,0,1,-0.1369820176714954,2.438989806630391
4331,0,0,0.4568251674288504,1.4196013837360257
4332,1,1,-0.2751423539601308,3.5350470424811533
4333,1,1,1.00218194163248,4.476517520265508
4334,1,1,-0.032023776061418645,4.569591125531376
4335,1,0,0.41434140504683054,1.2163037221240036
4336,1,1,-0.6218767768520786,6.191170864090876
4337,0,1,-0.4775017151660659,1.4455239338514705
4338,1,1,-0.5008401042054106,5.1983887676813065
4339,1,0,-1.3355917456979176,-0.35421107068767865
4340,1,1,1.7872450824249477,5.368484423156567
4341,1,1,0.10674545095978433,3.5776810623085495
4342,1,1,0.32898118819233635,4.6440918432174865
4343,1,1,-2.085293703665033,3.9681663242642227
4344,0,0,-0.4936073336820297,1.8807462111710165
4345,1,1,-1.7497223156936492,2.286080039477099
4346,0,1,0.6690965338808693,1.7918492633166563
4347,1,1,1.186786868890559,3.6746962729003307
4348,0,0,0.5896291066126934,2.245210873635986
4349,1,1,-1.6367863393648683,2.6007197708391296
4350,1,0,-1.0973397921054313,2.778664115638681
4351,1,1,1.4678084186407825,6.985984557950851
4352,0,1,0.24595051936067178,0.7798335188576777
4353,0,0,-1.819706629720543,1.4300082209867706
4354,1,1,-0.16044521102614737,5.496340523338846
4355,0,1,-0.0215934950610509,4.266625919398908
4356,0,1,1.9110878609294797,5.58171010142624
4357,0,1,-0.6898939631718726,1.6372037353297644
4358,1,0,-0.5344671806124748,-0.8573975293712639
4359,1,1,-1.6982447577534892,1.6805669560844598
4360,1,1,-0.5554266737092458,1.9040016123106842
4361,1,1,-1.1957366624026469,6.303736356040167
4362,1,1,-0.6707130746929957,1.6243981585010667
4363,0,1,1.0251728655710906,7.520833011303593
4364,0,1,1.7194523188416442,3.7275092150819624
4365,1,1,-0.6594401994005938,3.77325994055038
4366,1,1,-0.8522823729497486,4.181704144317804
4367,1,1,1.3011814149759553,2.825135554361751
4368,1,0,-0.8208356641059041,-0.6970046530068219
4369,0,0,-0.13992110536088892,1.490958310880107
4370,0,0,-0.8543336940437017,-2.2506763977587734
4371,0,1,1.312990765760552,3.9567809557668854
4372,1,0,-0.9974890267970372,1.5131794340576321
4373,1,1,-0.7536042274906892,1.7593843916063223
4374,0,0,-2.373084946231039,-3.1180281189362833
4375,0,0,-1.038518958170739,0.9567131367775998
4376,0,1,-0.6383114670970875,0.9500904560397025
4377,0,1,0.8872861437834085,1.8273131500057995
4378,0,0,-1.3164277725827336,0.08918802807773452
4379,1,1,-1.5577594400532058,1.7278115799756257
4380,1,0,-0.4071876001535504,0.6739484033918847
4381,1,0,0.1710658720597522,0.6426932578501723
4382,1,1,-0.6351085907018261,1.7537050608761593
4383,0,0,-0.08971035800788425,3.105008980820646
4384,1,0,-1.382730087706535,-1.3954118304491752
4385,1,1,-0.10675853999730542,3.2569464558046266
4386,1,1,0.2820993712422853,2.962611889078561
4387,1,1,-1.0771528018459247,1.7073358538001702
4388,0,1,1.2792158011107826,4.054000086929393
4389,1,1,-0.16916484072251087,4.665586321441179
4390,1,1,-1.1217402083084407,2.718197246118156
4391,1,1,-1.1951881115013774,2.709511463575696
4392,1,1,1.4739262764493368,5.040104455638305
4393,0,0,0.46479293004691435,1.767218455404831
4394,1,1,-1.1971205117704216,0.5599136105765052
4395,1,1,0.7726101862175001,2.6101510942279305
4396,0,1,0.541892023332101,1.4288741234371987
4397,1,1,-0.8388844782782949,3.857580743230875
4398,1,1,-2.793879485188892,0.08655335192000413
4399,1,0,0.699701472376151,2.726724152984669
4400,1,1,-1.3442103016081297,0.4972604650999122
4401,0,0,-1.7647335274419533,-0.6084450228747612
4402,1,0,0.13185228988334066,0.20362641066413922
4403,0,1,0.7497835120785166,2.5262122381124703
4404,1,1,-0.30917769265940453,3.4692709189163113
4405,0,0,-0.01284446163803881,-1.9257584130567027
4406,0,1,1.9026317505567443,3.6760512633227806
4407,1,0,-0.9258801483457337,1.2651441749255086
4408,1,1,0.3370943891984123,3.4996060364201282
4409,1,0,0.2840306706268388,1.1027567351674754
4410,0,1,-0.0601816829231686,4.188885617975098
4411,0,1,0.2503265050135814,2.4408614702705753
4412,0,1,0.23183156425419663,1.7924560723018628
4413,1,1,0.14773050477478517,2.289512859929186
4414,1,1,-0.1110136683799968,5.041753118447627
4415,1,0,0.010409424844377492,2.1659913090470204
4416,0,1,-0.0036483316626764045,3.0929847052266215
4417,0,0,-0.65441949876918,1.5090205255483244
4418,1,1,0.20307205747770413,2.711974644774461
4419,0,0,0.69585001721309,0.07096904429166584
4420,0,0,0.4870201491315823,0.9857885309034446
4421,1,1,-0.3182927013516871,3.6826915631597017
4422,1,1,0.9464819534212828,6.414403418487542
4423,0,0,-1.2833263421329437,-1.8030102366360483
4424,0,1,0.3739153727091346,2.965615491886427
4425,1,1,-0.5037846925866295,5.346330427874586
4426,0,1,-0.9609506612599429,2.378991496206905
4427,0,1,0.42628427422184,2.5995024965936278
4428,0,1,-0.8189956981104255,3.582633436625399
4429,0,1,0.5155969495734081,2.226498272413361
4430,0,0,-3.0579066749765986,-1.2298078122283778
4431,1,1,0.0530812279536299,1.854670349186391
4432,0,1,0.8286571024611666,3.728786937061628
4433,1,0,-1.8696893568058626,-0.6479418185002628
4434,0,0,-1.9761675477985177,-1.3861493174884858
4435,1,0,-0.9183095279628396,-3.814001361836466
4436,1,1,-0.17415697489651197,5.441249438408532
4437,0,1,-1.467959080298365,3.0416655002741626
4438,0,0,-0.23874589051709724,0.2575793903083854
4439,1,1,-0.3672675253225982,5.032888439959962
4440,0,1,-0.06886828295535542,4.167572717505399
4441,1,1,-0.3030331008746954,6.221115240485762
4442,1,1,0.09165211325786808,8.267372133109992
4443,0,0,-1.809310429687193,-3.917823791075306
4444,0,0,-1.929510899409907,-0.9292148779212286
4445,0,0,-0.6708551382831145,-2.904471418856561
4446,1,1,-0.6583333073407762,2.8518304603466462
4447,0,1,0.9417835978677043,4.890639737620458
4448,0,1,0.28276183473374983,2.9656224135409297
4449,0,1,-0.6211003638676527,0.5089039664513215
4450,1,1,-2.2291719815961817,2.6014334097184237
4451,1,1,-2.0643656926089293,3.0829100633884914
4452,0,1,-1.0530865682879957,1.0571220077591668
4453,0,1,0.917567254913405,1.476042258637419
4454,0,0,0.13340382511682047,-0.5422889716697914
4455,1,1,0.04990747945557506,5.381499129871882
4456,1,1,0.8355879187153991,3.519616157846796
4457,0,1,-0.3384923434788277,3.3694631106522746
4458,0,0,-0.8730207683430407,1.1431205725515567
4459,0,1,1.8058481386260077,3.8890010670892323
4460,1,0,0.3249632444743392,-0.4466624492617389
4461,1,1,1.009854084497174,7.067098064605906
4462,1,1,0.20486327250848657,1.9469294898406266
4463,1,1,0.6624969852320738,2.5304481355117705
4464,0,0,-1.2833852933275456,-1.5239120254284342
4465,1,1,-0.400707248929291,3.3895397957729227
4466,1,0,-0.710028169680447,0.9619252307445673
4467,1,1,-1.1376815096869883,1.106661331107405
4468,0,1,-1.1984934729743417,2.2346175024342347
4469,1,1,0.5126143357951175,1.44081884706626
4470,1,1,-2.2705744870527944,1.486519151649475
4471,0,0,-0.9226102941354942,1.164658562290165
4472,0,0,1.9273557189059838,-0.5696894178129139
4473,0,1,-0.35319547326008205,2.571042372720502
4474,1,0,-2.9769417619720753,-3.3365798025131856
4475,0,0,0.576147491558646,1.8111849635056616
4476,0,1,-1.1555048948825475,1.6622349479983676
4477,1,1,-0.837539768588289,0.6713390026713921
4478,1,1,-0.8938162528334515,5.259400938876092
4479,1,1,-0.09543150257352734,3.3673867414424183
4480,0,1,1.2082028637173468,3.9809982947054605
4481,0,0,-0.9416915834171428,-0.18190169663018824
4482,0,1,0.2664140212701317,1.7459090752837616
4483,0,0,0.15677590718812254,0.23985339471118272
4484,0,1,-0.24821436749951706,4.037068573568705
4485,0,0,-0.6929375101508,0.5451187163447321
4486,1,0,-0.5073675908277384,-1.73865790085982
4487,1,0,-0.4906456676109645,2.1052447042536606
4488,1,1,2.779770530102618,6.147534759238205
4489,1,1,0.9473944895287509,4.843113555513094
4490,0,1,-0.9340042484268454,1.0507294952594668
4491,1,1,0.5794464314470666,6.2750041334554965
4492,1,0,-1.284011277941386,1.6761046332697025
4493,1,1,1.0375570440655826,3.459628845556535
4494,1,1,-1.8232286250692797,4.578598726434617
4495,0,1,-0.026251775552827098,1.8693344399406788
4496,0,0,1.5484202451279603,2.5939272397153825
4497,1,1,0.9998710590064317,4.633278208939064
4498,0,1,-0.24020714520741407,3.649274338545057
4499,0,0,0.36559102140000427,-0.2691033144176047
4500,1,1,-1.8406717689663186,2.84245079637398
4501,0,0,-1.7688218110840326,-1.8471338031022106
4502,1,1,0.7902137441234119,2.7653775489716064
4503,0,1,1.837048453537487,4.947844614839989
4504,0,1,2.2972393192143192,3.2696833638436997
4505,1,0,-0.31251562409295636,0.265649574503225
4506,0,1,-0.3612540202015447,3.8233364949536623
4507,1,1,0.8215266621987977,3.3009511072497038
4508,1,1,-1.9014536357354461,4.075438914230318
4509,1,0,-0.6522181652749246,-0.299459253730629
4510,0,1,-1.1118418114945972,3.362292164435296
4511,1,0,-0.2573269712987327,1.0913369424880264
4512,0,0,1.6991489612423814,2.4934300123936235
4513,0,0,-0.3449941209574333,-1.9036918662835913
4514,0,0,0.7758928120405882,1.1879420579812292
4515,1,1,0.47200728231111977,4.623764720224026
4516,1,1,0.39425598657350147,3.2878111146412285
4517,1,1,1.1993554611904826,5.459707326225928
4518,1,1,1.3018753966447263,5.193671633427803
4519,0,1,-1.1958900605799234,4.58957329392952
4520,1,0,-0.8488098403865718,0.49699663515758974
4521,0,1,-0.8446053208859619,4.620459409064764
4522,0,0,-0.28132292602292386,1.2497093836127509
4523,1,0,-0.5781002966843563,-0.08210363800060949
4524,1,0,-1.3945786505100444,-0.25487373923278445
4525,0,1,-0.34097397539622676,3.0627057107107127
4526,0,0,-0.019174795006862148,0.28104708579450577
4527,1,1,-1.5375427782011337,2.1618164830505284
4528,0,1,-0.5608422431232296,3.9194562304288736
4529,0,0,-0.06107887607405243,-2.16294125203045
4530,1,1,0.36297242387847284,5.847287582900779
4531,1,1,-0.33740087701587484,4.514464415782532
4532,0,0,-0.8862897258149665,-0.3276272543305921
4533,0,0,-0.022009483852813233,-0.6221216123177467
4534,0,0,-0.1860051048533615,0.12827801582552878
4535,0,0,0.9660736204629736,0.2777846573532033
4536,0,1,1.542688259629746,2.6584502281069637
4537,1,1,-0.7214587138747732,3.9379118771062833
4538,0,1,0.32017488752174217,4.115497693712162
4539,0,0,-0.0007310128006807187,0.007408040749732114
4540,1,1,0.3974030440786968,2.2158998317854848
4541,1,1,-1.1158826845682766,1.6314101009554296
4542,1,1,-0.35174516681744267,4.845214417685677
4543,1,1,0.21709096022276864,1.3117102126575162
4544,0,1,-1.0318816148454966,2.3229179149755748
4545,0,0,-0.13971984174684912,1.9527615264991638
4546,0,0,-2.161673453417416,-0.2368757434939378
4547,0,1,-1.3464928353870738,0.8043354368761679
4548,1,1,-0.2814419965524277,4.129652484334759
4549,1,1,0.12484279022799238,4.390107365318299
4550,0,0,-0.461517733098068,0.7669416223037209
4551,1,1,1.0655672358210873,4.324363896129726
4552,1,1,0.801923617241126,5.875316242848628
4553,0,0,-0.3934593760381736,-0.5062073637567117
4554,1,1,-0.5873244015968525,3.0318256065391327
4555,1,1,-0.8378988507677516,2.7933250313790663
4556,0,0,-1.1908129137439336,0.3755901465779745
4557,0,1,0.3554305468744434,4.116097306348035
4558,0,1,-0.26688220648946664,3.3559015630739655
4559,0,1,0.049668146486857384,-0.06361517187395416
4560,1,1,-0.8298628424764807,4.207629474717413
4561,1,1,0.38708246862942636,3.677054349669527
4562,1,1,-0.6163692872043623,4.343688963757072
4563,1,1,1.2633654058248145,5.2839787202763056
4564,0,1,-0.4241549599554146,2.0513185484138585
4565,0,1,-0.04604121471239464,3.135288940257025
4566,0,1,0.37628299097493384,4.169881386917446
4567,1,0,-0.7747634987887295,-1.8049776306729601
4568,0,0,0.7230412784029733,0.7925176585370137
4569,0,1,0.474301441815461,4.51187295314748
4570,1,1,1.5218531237141364,5.069488689034765
4571,0,1,-0.5354206480014507,1.537762356427281
4572,1,1,0.4690874246718173,5.940025273547669
4573,1,1,-0.5642292921820772,2.594564069344459
4574,0,0,0.04210239936257939,-0.43814629844087905
4575,1,1,0.5752169018843312,4.0644682163888834
4576,1,1,0.8000457125395859,3.4224156666009633
4577,1,1,0.6851283298508184,5.0682754980118006
4578,0,1,1.0502269704524816,3.6414212859717665
4579,1,1,1.1663775698381205,4.307459659920015
4580,1,1,0.29747677358545277,4.954592011434595
4581,0,0,-0.5394588632701518,-2.2680982277338657
4582,1,1,-0.2561047348599884,4.157378892701766
4583,1,1,-0.7699441420539256,0.9531183342770415
4584,0,0,-0.6942023614226112,-1.4368166013746306
4585,1,0,-0.6853397014583369,0.23758236702887875
4586,1,1,-1.351274297618816,0.7915798587661744
4587,0,0,0.5117033669340049,2.2019334750856387
4588,1,1,0.04665914834513079,0.04765415791782601
4589,0,1,0.4620553092888729,2.0404767457753565
4590,0,0,-0.1843484531869205,0.5322189040678089
4591,1,1,1.1396336993165712,1.2907843383769486
4592,1,0,1.6769948038273963,2.1376709855929548
4593,0,0,-0.6410221884733426,0.5563636494083084
4594,0,1,0.23361348941467328,2.810133303598131
4595,1,0,-1.1778448991360695,-1.7383947968946858
4596,0,0,-0.5000690208437633,3.061608823354608
4597,1,1,-0.7336422246780646,0.23656592846688484
4598,1,0,0.0637156804132621,0.9098989812966365
4599,1,1,1.2144932138552138,5.778372028017776
4600,1,1,1.5588540394976604,6.218964931077838
4601,0,1,-0.22497633511386042,2.9546507814260203
4602,1,1,0.005770608031780365,3.095823974585405
4603,1,0,0.3054957275174318,0.5255213179121502
4604,1,1,0.9893115411505172,3.109913697943062
4605,1,1,0.4072972329780613,4.982046603849048
4606,1,1,0.05877472684593178,3.202795476741412
4607,1,1,0.8511347921296559,5.048271511619376
4608,1,1,1.1121731740672134,4.878882227575881
4609,0,1,-1.6263726014909765,4.67839700453453
4610,0,1,-0.3067302898680677,2.0413563625485938
4611,0,1,-1.3521068008653452,2.3383359406156212
4612,0,1,0.5846313273342391,2.3364023694614025
4613,0,1,-0.3471918721196466,1.0222437425580622
4614,0,0,0.5261659317867042,-0.866037743218693
4615,0,1,0.9413867677919862,3.0391916826781036
4616,0,0,-2.2502614244659407,-0.2803948184388133
4617,1,1,-0.8787150087667517,1.8638088594601987
4618,0,1,-0.26673571308828964,4.8411259860978415
4619,0,0,-0.8644020913479011,-1.7185388774008545
4620,0,1,1.2945836986365287,3.4813274279527935
4621,1,1,1.1940658995543423,2.540370755594563
4622,1,1,-2.1203449074527874,2.1337512360260416
4623,1,1,-0.9920939569850922,4.51388359921906
4624,0,1,-1.3304175279798178,1.8073367130330298
4625,0,1,0.1575898247371808,3.9286931936374865
4626,0,0,-1.1461245703828329,1.210785353985562
4627,0,0,1.205942874409633,1.6820884196239363
4628,0,0,-1.104717087054711,-0.1636150026538732
4629,1,0,0.5513727228823467,1.1402146094815544
4630,1,1,-0.5432816515649296,-0.6517535689791747
4631,0,0,-0.2568836635666023,1.1413304289345751
4632,1,1,1.840970602206082,5.750528229711037
4633,0,0,-0.23840347807304466,-0.7555818927514213
4634,1,1,-0.03800612162606255,-1.0912422096337635
4635,0,1,2.092947823739729,5.481843187795691
4636,1,1,-0.4159069018613761,2.5850411191687015
4637,0,0,-1.079648425152897,0.3375594122650075
4638,1,1,-0.12700327748216308,2.911313372812792
4639,1,0,-0.889546311608826,-2.841828139772119
4640,1,1,-0.5532874363405595,2.769479457171012
4641,0,0,-1.6381877830488107,-0.2608756263150043
4642,1,1,-1.0396706739266068,4.388086827577357
4643,0,1,-1.5794059910087297,-0.11148190141021352
4644,1,1,1.10143622603312,5.052914824722853
4645,1,0,0.7316608526512826,1.7664227247937871
4646,1,1,-0.059086093889234664,4.002123840197324
4647,0,0,1.019871250698698,-1.6403637683124521
4648,1,1,1.576364602372232,6.114899512472225
4649,0,0,-0.3698144198534258,1.26223204361622
4650,1,1,1.1212548608471533,6.554313574669823
4651,1,0,-0.0023007918599042346,0.11986788767408518
4652,1,1,-0.7716173192594089,-0.44037370639044005
4653,1,1,-0.5249951266291006,5.860084435426133
4654,1,1,-1.2716305525969493,1.8384714393268489
4655,1,1,-0.1782013011649103,4.370021259451725
4656,0,0,-0.5472552154802394,-1.1284298089234277
4657,1,1,1.295232479404411,3.972820554635804
4658,0,0,-0.5907470296201063,-0.2501418548672789
4659,0,0,-1.4460383954696574,0.3932861084901476
4660,0,0,0.06279253448718647,-0.2778739784188044
4661,0,1,-0.7241770239044172,3.669653015359442
4662,1,0,-0.2204378227816197,3.0040508849029486
4663,0,1,0.5063442957100018,2.2025072562802395
4664,0,0,1.2811093650816583,1.7314809667676152
4665,1,1,0.7430971779298888,2.7290362540930704
4666,0,1,1.6245380978260615,2.783065596444545
4667,1,1,-0.7351399763393991,0.6347866606608161
4668,0,0,1.548344025614311,2.293239474577032
4669,1,1,2.05501097685392,5.233997030511852
4670,0,0,-0.07932961792064455,-0.06181186591887183
4671,1,0,-0.47011880601631123,-2.1175079561592582
4672,1,0,-3.3182363604156286,-1.2517986169255164
4673,0,0,-1.0245477791919269,0.2201162338505212
4674,1,1,0.960570726413361,6.188281412617675
4675,0,0,1.2255306663344123,4.20450051504918
4676,1,1,0.33801303777845015,3.9713942149785755
4677,0,0,-0.2086054360831726,-0.5488640023984627
4678,1,1,1.2464492266205895,5.2411903364828625
4679,0,0,0.9560151689325731,2.2706819977840373
4680,0,0,0.5857087539345573,0.27579942825123094
4681,0,0,-0.009006468302337653,-1.1776858758302695
4682,0,1,1.7625462764046098,2.302715269646572
4683,0,0,-0.4675768184434037,4.696522681082052
4684,1,1,-0.11524858740745661,3.3687352751080355
4685,0,1,2.0279867976858994,3.6291892850029326
4686,1,1,0.6998613396362089,3.410752341959466
4687,1,1,0.27787824673163664,1.8854635657771728
4688,1,1,-1.1202776902714777,0.587719688993199
4689,0,0,0.6631762408005578,1.0541414737035337
4690,1,0,-0.0038095775966606716,0.3643292641136364
4691,0,1,0.48912001847686654,5.865808314902656
4692,1,1,0.11668102871767415,2.1810691446903623
4693,1,1,-0.6891358669596225,3.809735088077873
4694,0,1,0.4447114547021124,1.1421556912583464
4695,0,0,-0.3805502128685811,2.9239278786783696
4696,0,1,1.0658933641937824,3.3990870452636486
4697,0,1,0.4572176012296485,0.837017092173455
4698,1,1,0.2074967350606068,2.8262706727169284
4699,0,1,1.0996927005280963,3.340616133513503
4700,0,1,0.5842058226675625,4.228087628088237
4701,1,1,-1.5930856509331253,0.48466326372291846
4702,0,0,0.5801494569667239,-0.06287895631722473
4703,1,0,-1.4840378726970702,0.23184559244373842
4704,1,1,-0.2137112481331317,4.224779261049495
4705,1,1,0.40385315590802623,3.4539965478506045
4706,1,0,-1.911841561185883,-1.0364992941170172
4707,1,1,0.3027363342059665,1.6585031795290381
4708,1,1,-1.6413452067256227,0.5068043241476459
4709,0,1,-0.6578487799754791,2.427966835130082
4710,0,1,-1.5966563046077584,2.2103427437623147
4711,1,1,0.056927023502813444,3.088688945572149
4712,0,0,-1.3907213196306134,-2.239428497497701
4713,1,1,-0.26496622018372323,4.735439626357741
4714,1,1,-0.1822445695955161,3.2103421401649435
4715,1,1,-0.0879550091863638,6.486678799365647
4716,0,1,-0.36913953702604446,2.24887800895426
4717,1,0,-1.9304170567950667,0.26341291680201895
4718,1,1,0.4214111294931971,3.6697020481786353
4719,0,1,0.3286305633896923,4.119849772200385
4720,0,0,1.4263863320187664,-0.7468481288657949
4721,0,0,-0.41380918513881415,1.2532320935488095
4722,1,1,0.3335596812531564,4.066937097868246
4723,1,1,-1.0046876921622134,3.419559521815561
4724,0,1,0.0021118087138540425,4.944502879560892
4725,1,1,-1.0618120122147718,3.372116968048112
4726,1,1,0.03515535396712605,4.012713232140976
4727,1,1,0.948897953344836,4.620034155989569
4728,1,1,0.4117218838965001,4.4116259455906714
4729,0,0,1.069406456352391,1.6465134678056352
4730,0,1,0.6062641595416456,2.1762457966771453
4731,0,0,-1.6010206838890162,-0.9874136748855784
4732,1,1,1.6206291146233294,3.0536854714384667
4733,1,1,0.2757857652102185,4.32016584261966
4734,0,0,-0.3188471036500489,-1.006284900862342
4735,1,1,2.0815014120416304,7.763523510355025
4736,0,0,-0.9682100944838262,-0.8475785724413006
4737,1,1,-0.8778351177571875,4.375334127087025
4738,0,0,-0.8024030437220803,0.3353083927104017
4739,0,1,-0.2909930802201876,3.1513355937063303
4740,0,1,0.25485667709968496,4.415524295075622
4741,1,1,-0.42402935712344597,1.2909481458665193
4742,1,0,-0.9441787145408683,1.0618357290229874
4743,1,1,1.3186644435495616,1.3735919231384837
4744,1,1,-0.2647443643456746,1.1702388839177291
4745,1,1,-1.9682802008703273,4.408683959002813
4746,0,0,-1.1488913625072361,0.37929882460429726
4747,0,1,-0.34073115307262514,3.6622582597758626
4748,0,0,1.9649513721880643,2.8304080533538536
4749,0,0,1.6859097505550635,0.43809592449293533
4750,1,0,-1.1304562004653929,0.3028147522846705
4751,1,1,1.6129265825757115,3.4413396904206155
4752,1,0,2.237696427346428,0.3784715607094988
4753,0,0,0.5413883429727638,2.4560869759134003
4754,1,1,0.7546161841918896,4.998722619851093
4755,0,1,-0.08198036172695189,3.3041413048450545
4756,1,1,-0.2628886508039696,6.339407135825533
4757,0,0,-0.22526391609138818,0.4196381925493532
4758,0,0,1.318718014871919,0.31281344703715086
4759,0,0,0.42772629875723267,1.1689090392474002
4760,1,1,0.07500259023177244,6.4144781935883985
4761,1,0,-0.22372765283816282,2.9748843344626215
4762,1,0,-1.6698990567642704,-1.5395138689846775
4763,0,1,0.48295937019563817,-0.3477748958934912
4764,0,0,-0.6457936355957803,1.632747757628247
4765,1,1,-0.746884006344295,3.8066096155400357
4766,0,1,0.6649637903431868,2.5825391923879524
4767,1,0,-0.41769629087171245,1.1596020313693018
4768,1,1,1.286373335388692,4.676888442121046
4769,0,1,-1.1333073604408865,0.5679225013820719
4770,0,1,-0.14605208545795453,5.015323235796524
4771,1,1,0.723998553897634,4.933827568966699
4772,1,1,0.391917470953129,2.8485426025882674
4773,1,1,0.2684772199733675,2.6298120373847413
4774,1,1,0.15780844444047348,3.135953420631591
4775,1,1,-1.3501491191318968,2.107807886627131
4776,0,0,-1.057231849182523,0.8491405701816832
4777,0,1,0.2832447202053606,2.454870707618309
4778,0,1,0.4905602807552031,4.159768539004608
4779,1,1,-0.24548879720761105,2.1590473740363283
4780,0,1,1.011701466964413,3.2301058016274546
4781,1,1,0.5935230166310458,3.5698348190916187
4782,0,1,0.2690443219991142,2.5442004401225784
4783,0,1,0.1623359936879437,3.4120803736346854
4784,1,1,0.4586675870169919,4.995110271524069
4785,1,0,-0.16963316722473987,0.8516510892207083
4786,0,0,-0.9750511659398915,-0.3740273035071926
4787,0,0,-0.4586724230467829,1.7075350880371407
4788,0,0,-0.025859202433288025,-0.476165144994243
4789,0,1,0.08121891416396067,3.97161155141805
4790,1,1,1.2920364583650636,4.801837624758072
4791,1,1,0.34446399483313583,5.440417899153368
4792,1,1,0.1579179179348023,4.851995323680367
4793,1,1,-0.8216814257261078,0.9400141104812598
4794,0,0,-1.1600345502155094,2.731990418033398
4795,1,1,-0.5745544531106973,1.9735247244041574
4796,1,0,0.8361786687762416,0.05927406970758753
4797,0,1,1.2407429274186026,4.099967339511804
4798,1,1,-0.4830136804437434,3.2929691532570393
4799,0,0,-0.7962508116723628,2.2840500989180046
4800,0,1,1.1663590021078303,3.5512582404254367
4801,0,0,-0.324454359559606,-0.4170414351751207
4802,1,1,-1.0032599768123198,3.1088090996380373
4803,0,1,-0.03322208168863453,4.364729374036735
4804,1,1,-0.11178245103356343,3.689984311378466
4805,1,1,1.0331193170993316,1.8644633271079818
4806,1,1,0.6655871262184306,4.195485406478912
4807,1,0,-1.3074525006882587,-1.08469772577042
4808,0,0,-0.47273121628298054,0.9069159997776761
4809,1,1,-0.6323580915122363,3.474132251393394
4810,0,0,-2.5594793132886267,0.6128070261410561
4811,1,1,-0.5782473240630285,4.663511127967366
4812,0,1,0.3650795657942531,5.202230375683623
4813,1,1,-0.6724067328349823,2.4617494085870755
4814,0,0,0.3898697320591291,2.693510046507085
4815,0,0,-0.9411660632413221,-0.3295693900026557
4816,0,1,2.506567727137659,2.9901932802550872
4817,0,0,-0.27080213923427493,0.7688868633702093
4818,0,0,-1.9720885153213947,-2.3892813150777283
4819,0,0,-0.41672953599533624,1.4571182925713935
4820,0,1,0.27681356730614365,3.2755150951315004
4821,0,1,-0.7379611078916919,1.7314933164632305
4822,1,1,0.24387573006276858,2.259923322649636
4823,1,1,-0.18200100785387818,3.468590758930926
4824,0,1,0.43182629857471233,4.95113733532935
4825,0,1,-0.7975689813727995,3.2351386368325263
4826,1,0,-0.5281237194878496,3.533073478337659
4827,1,1,0.8335260636062978,2.9265978182638324
4828,0,1,1.5546783478137542,4.713858315678776
4829,1,0,-0.08028093456599031,-0.5982958582999542
4830,1,0,-0.8204654466895384,1.4696891713926639
4831,1,1,-0.53878144266385,2.3290299936922434
4832,1,1,0.5302972406225449,4.572044724389629
4833,1,0,0.11317197805620026,-1.059217613144196
4834,0,0,-1.438509008901889,0.4766597359474666
4835,1,1,-0.22578447218610256,2.8170509798071577
4836,0,0,-0.7995630408922192,-1.6595935487057012
4837,1,1,-0.5629724483728672,5.0522802138677685
4838,1,1,-0.06882073775992847,3.2776962578572286
4839,0,0,-1.6247051827141354,0.7898829512395242
4840,1,1,0.03879233449247679,2.4533707052134774
4841,0,1,-0.3129295182516953,1.9204850316184796
4842,0,1,0.4896009010098951,6.843725833666967
4843,0,1,1.1744314421795987,5.110217564064471
4844,0,1,1.0917933056819085,6.581435743205122
4845,0,1,0.12771934027481432,1.6048958887104237
4846,0,1,-1.025211535683228,3.5371032717430264
4847,0,0,-0.8376697427053384,0.677976623658705
4848,1,0,0.8275174157584466,2.9785857988173854
4849,0,1,-0.49313877075417717,3.305183832963233
4850,0,1,1.7328751730746967,3.1734418964028803
4851,1,1,0.4007304700904473,2.782379302693258
4852,1,1,0.2886863849038861,4.047868178540657
4853,1,1,0.1990848359835038,6.4768740488783845
4854,0,0,-0.8917185434686966,-0.8416715368479537
4855,0,1,1.38891456833152,3.46753920437768
4856,0,0,0.8324841109642012,2.3544167926943254
4857,0,1,-0.7749605811951537,3.4060543790851936
4858,1,0,-0.8270997337134933,1.1958841239950895
4859,0,1,-0.19617229932842528,4.6830216779621905
4860,0,1,0.16011945637803607,7.534525678994212
4861,0,0,0.20601507919326947,1.3910184422164702
4862,0,1,0.4941296574080628,2.2058944771054985
4863,0,0,0.17345044950385258,-0.5003578592316826
4864,0,0,-0.20837252248424185,0.493195561986734
4865,1,1,0.5979408960135123,1.9736781464848743
4866,0,1,1.1834179021813285,7.316653213519322
4867,0,0,-0.2645174362604838,1.5262830544015238
4868,0,1,-0.5599921484111162,0.08571530077364731
4869,1,1,-0.37654584656114315,1.510453040770785
4870,1,1,-0.34899540231737236,3.9999960162488164
4871,0,0,-0.540003934100339,-2.2741616715090824
4872,1,0,-0.4385116131472981,-0.26290378614248444
4873,0,0,0.19572987722272323,2.284952063830155
4874,1,1,-0.1702163300851826,5.380926981213477
4875,0,1,-2.6787109739847277,2.2041172404121774
4876,0,1,-0.5558229176128434,3.9951919309218917
4877,1,1,-0.0804628954846066,2.1083570878039186
4878,1,1,1.048362153294336,7.926838990054527
4879,1,1,0.31456237078462923,5.749371763005494
4880,0,0,-0.8173519509798849,0.5218412917577782
4881,1,1,-0.08903476331789814,3.429141677884079
4882,1,1,0.4616138708839607,3.5595533374078876
4883,0,0,0.2737634779153821,2.1016801391464623
4884,1,1,-1.2197635762457817,1.3132418216169413
4885,1,1,1.0109519423433004,4.722022108316382
4886,1,1,-0.8174275020807258,1.2823855940437228
4887,0,0,0.7680480625178343,-0.4829419777972191
4888,0,1,1.7091088093092117,6.556605477867515
4889,0,1,0.3399989680523612,5.033452007113131
4890,0,0,0.10457357760303086,0.3194030436566315
4891,1,1,0.7644377003018705,-0.9470610545199141
4892,0,1,0.12055561518749587,1.2587805906994978
4893,0,1,-0.6489270474327673,2.1942725086928747
4894,1,1,0.5908201937268938,8.191634466904674
4895,0,1,0.5840276269121462,2.3027082446343305
4896,1,0,-1.152977786505765,-1.146641320715033
4897,1,1,-0.297674119988041,2.7791441631551974
4898,1,1,-0.02944614103489696,3.4446745315197917
4899,1,1,0.06385356588343825,5.88416370886404
4900,0,0,0.6225753877768244,-1.2072941142152844
4901,1,1,-1.6614368311034253,2.983554267628101
4902,0,0,1.0863423701341197,1.6138459208446139
4903,0,1,-1.3134821651024715,2.444719566990984
4904,0,0,0.4933723681130447,1.673026374776038
4905,0,1,0.7373174239721262,3.0844737590170968
4906,1,1,0.6425084198898864,2.792363082885771
4907,0,1,0.5161709285563485,3.7767987152752536
4908,0,0,-1.6998388141953051,-1.4650147099545725
4909,0,1,1.3622328875310104,4.648273239720314
4910,0,0,-1.1978320569964533,-2.3072106150439358
4911,1,0,0.8817771872370921,1.37417094878762
4912,0,1,0.09767450108543313,1.7980181506683235
4913,1,1,-0.5274690970423547,2.6257157848700245
4914,0,1,0.7486143897014533,2.7896173408787943
4915,1,1,0.37916121011783604,4.578140865044382
4916,0,1,-0.7321985074624349,0.6122257343513859
4917,1,1,-0.4519670923664259,3.9297247539579816
4918,1,1,-1.2233220543115408,4.0291560103620725
4919,1,1,0.8981662365986932,2.628347110213888
4920,0,1,-1.4027986871619689,5.0023864463986145
4921,0,0,1.7673051174757752,0.7425138297934809
4922,1,1,-0.20159147018928034,3.110445325179107
4923,0,0,-1.79255729473521,-2.2067893798578817
4924,1,1,-0.08259848224099474,1.7981268083490891
4925,0,1,0.10462699881938126,6.595996455763207
4926,1,1,2.6818187622651966,4.568587390868188
4927,1,1,0.40818240320508686,5.249899247712265
4928,0,1,-0.7078130234114793,3.2759717651046216
4929,1,1,1.172330565482057,4.047951683736984
4930,1,1,0.15275411630931074,3.6871411164972576
4931,0,0,-0.5678982120430521,0.08672506891529574
4932,1,0,1.566463039255596,4.626693605468972
4933,0,0,-0.4647539978818993,-2.62112896698908
4934,0,1,0.013546944266123111,2.9278713766203546
4935,0,1,0.6506296124046109,4.399128559848448
4936,1,1,-1.1481180867058913,5.097063195688014
4937,0,0,-1.8662934268513787,1.305923505717383
4938,0,1,2.569659772665203,5.3051692924740665
4939,1,1,1.170055500542846,4.058496146043422
4940,0,1,0.06437407001328278,1.3526307870066028
4941,1,1,0.5611794197161242,1.7966646803517312
4942,1,1,0.47566614962014964,2.5852373184996633
4943,1,1,0.7106112088520024,3.6704013873037447
4944,0,0,2.092962794067887,-0.2196643458784131
4945,1,0,-0.7170604726950884,-0.21210885870640717
4946,0,1,-0.5761213250756629,4.027793831530973
4947,0,1,0.9734624638958629,4.910192508727783
4948,1,1,2.5521716227621978,7.517586928307173
4949,0,0,1.6603505005636958,1.9076528603290424
4950,0,1,-1.3015775979891155,4.964473515767989
4951,0,1,-1.0776105758038772,2.563980779510217
4952,0,0,-1.2336876873437672,-2.8490460846148133
4953,0,0,-1.0026161859214335,-0.8909553058366293
4954,0,1,0.8353292769453267,4.346659891824615
4955,1,1,-0.09164231019207382,4.041583810999388
4956,0,1,-0.48184171936893494,2.827955071769957
4957,0,1,-1.4448825184241358,1.8862982928793246
4958,1,0,-2.709431626938668,0.30621694033219904
4959,1,1,0.16378317523616776,2.7188842298289932
4960,0,0,0.3209158095223934,1.2906573683142666
4961,0,1,-2.5443666514670427,2.236906197416866
4962,1,1,0.1993926076202398,2.565148838460142
4963,0,0,-0.7263976751404282,2.299331762261132
4964,0,0,-1.2829140624260782,-3.2448373742493293
4965,1,1,0.9647004317664085,5.8313385388779455
4966,0,1,1.257139644140503,2.7465533924341914
4967,1,1,0.22499177124900563,4.582788650536195
4968,0,1,-1.6516216468018179,1.2450309887686808
4969,0,1,0.36115572340406604,5.491347189324144
4970,1,1,0.10946589110517042,2.9213191496143303
4971,0,0,-0.9894952299785416,-0.03547498403213195
4972,0,1,1.0916966937879016,4.356243681675853
4973,0,1,1.272417214704794,5.821981190850905
4974,1,0,-1.7076498391206871,-0.8998851319836181
4975,0,1,0.19205280752137235,2.4279332294834157
4976,0,1,0.4618260259143515,2.5903343460131736
4977,0,1,-0.12064864226721386,4.82602505775661
4978,0,0,-1.9443383989311473,-2.2231692171587416
4979,1,1,1.9012517403069105,4.126025032449983
4980,1,0,0.7978535373360691,0.4532087670403847
4981,1,1,-0.6692547730506646,2.2078865754479806
4982,0,1,-2.2530510206467818,5.128289886822388
4983,0,1,0.7736857527488783,7.132084966534044
4984,0,1,0.34326772371716835,4.118543047456768
4985,1,1,0.5823322791848216,5.882033284120773
4986,0,0,-0.32878277283225193,-0.5093760425004306
4987,1,1,-0.6416248612276404,4.664620036606478
4988,0,0,0.9579517795643181,3.694675857751897
4989,1,1,-0.7086877264938007,3.831891165611871
4990,1,1,0.6496864726347601,3.6741570118614515
4991,1,1,-0.8973973544846786,4.0672052612127505
4992,0,1,0.3491753847787472,4.547760272061648
4993,1,1,-0.201628871386336,3.3066957103008985
4994,0,1,0.2322095759474045,5.597855778692832
4995,1,1,0.8459282349886724,3.9169810403559957
4996,0,1,-0.5952534836960197,5.191694671730668
4997,1,1,0.15282628490945258,4.497071923682281
4998,1,1,0.04672326906773203,1.8247023577371646
4999,0,1,0.35094302050639997,1.2706741654814966
5000,0,1,0.9271828433468287,2.8244647758613706
