id,u_unobserved_truth,compliance_type_truth,true_tau
1,0.26601371927077094,complier,2.0
2,1.1151477948870203,always_taker,2.0
3,1.4723476085642584,always_taker,2.0
4,2.6594408246776644,always_taker,2.0
5,0.8319461580809582,always_taker,2.0
6,-0.8106651436283538,never_taker,2.0
7,-0.2151404417656193,complier,2.0
8,0.26015385217041603,complier,2.0
9,0.0750379437155009,complier,2.0
10,-0.05651370428557325,complier,2.0
11,0.9241781697900897,always_taker,2.0
12,-0.8343856666762458,complier,2.0
13,0.6251605995345249,never_taker,2.0
14,-1.0912153630848707,complier,2.0
15,-0.259589952591892,never_taker,2.0
16,2.219663481644156,always_taker,2.0
17,-0.15572734059575158,complier,2.0
18,0.8052599008037626,always_taker,2.0
19,1.6969825571595725,always_taker,2.0
20,0.255486602351868,complier,2.0
21,-0.6992767307824699,complier,2.0
22,-0.8061631165233357,complier,2.0
23,-0.3907708161254961,complier,2.0
24,0.7680806648530586,complier,2.0
25,-2.10862882498371,never_taker,2.0
26,1.813170823869782,always_taker,2.0
27,-0.36228260082384994,never_taker,2.0
28,-0.11612394461974639,complier,2.0
29,-0.7987708111979034,complier,2.0
30,-0.1350407707848023,complier,2.0
31,-1.457939468924419,never_taker,2.0
32,-1.2593464564218724,never_taker,2.0
33,1.738923164029047,always_taker,2.0
34,0.37955097876105465,complier,2.0
35,-0.0981150018048247,never_taker,2.0
36,-0.4027254712425136,complier,2.0
37,-0.4547893002009071,complier,2.0
38,-0.8471102864921325,never_taker,2.0
39,-0.09821564001600049,never_taker,2.0
40,-0.6236801477674192,complier,2.0
41,0.05132652167878773,complier,2.0
42,1.0677147555196718,always_taker,2.0
43,0.10773632462295715,complier,2.0
44,0.6398692963599893,always_taker,2.0
45,0.4346995539970012,complier,2.0
46,0.3202758697043656,complier,2.0
47,-0.5088502495975251,complier,2.0
48,0.4923240907495786,complier,2.0
49,-0.7805838070564705,complier,2.0
50,0.20592281706638185,complier,2.0
51,0.19578786245291868,complier,2.0
52,0.11796670608799738,complier,2.0
53,-0.6101632664612898,complier,2.0
54,-0.7872471374644207,never_taker,2.0
55,0.8833088508876519,always_taker,2.0
56,0.26171400156866736,complier,2.0
57,-0.13964406390060827,complier,2.0
58,-0.21888528768567686,complier,2.0
59,0.6952006050983468,complier,2.0
60,-1.1868533650603537,never_taker,2.0
61,0.6747592750630392,complier,2.0
62,-0.37300645931015325,complier,2.0
63,0.26461738376696975,always_taker,2.0
64,-0.07075579046779919,complier,2.0
65,-0.45976845697383384,never_taker,2.0
66,0.05747267485708642,complier,2.0
67,-0.016218353463057906,always_taker,2.0
68,1.0353749772322105,always_taker,2.0
69,-0.6451352394322214,complier,2.0
70,-1.7416828156517,complier,2.0
71,0.6491970450824351,complier,2.0
72,-0.598785021715688,complier,2.0
73,0.6231264538090282,always_taker,2.0
74,1.3181821886101142,always_taker,2.0
75,-0.15363283706498274,complier,2.0
76,0.9610709672876614,complier,2.0
77,0.07018263006171216,never_taker,2.0
78,1.143387392064808,always_taker,2.0
79,0.14045686817908745,complier,2.0
80,2.7773636392197787,always_taker,2.0
81,-1.8793108982853135,never_taker,2.0
82,-0.0270333659445785,complier,2.0
83,-0.888650468500549,complier,2.0
84,-1.3732795257744963,complier,2.0
85,-1.2792260943090636,never_taker,2.0
86,-0.8163709250205253,complier,2.0
87,-1.9216204886487855,never_taker,2.0
88,-1.11767576382514,complier,2.0
89,-0.0074144949374694786,always_taker,2.0
90,0.9547226818877564,always_taker,2.0
91,0.0002442152284929701,never_taker,2.0
92,-2.155396736734929,never_taker,2.0
93,0.5605597007893816,complier,2.0
94,-0.17533229010230053,complier,2.0
95,0.012383663110696282,complier,2.0
96,-1.2239257702513924,complier,2.0
97,-0.45080297820997395,complier,2.0
98,0.3734565460783806,always_taker,2.0
99,-0.07802181012534225,never_taker,2.0
100,-0.8916504131337742,complier,2.0
101,-0.7138642777181055,never_taker,2.0
102,-2.0201304838487495,never_taker,2.0
103,-0.3124019848714345,complier,2.0
104,-0.3719573715688196,complier,2.0
105,-0.662139785005484,complier,2.0
106,1.8476713251247021,always_taker,2.0
107,-0.5108153781043635,always_taker,2.0
108,0.5526709650440089,complier,2.0
109,-0.1829452839083125,complier,2.0
110,0.5974543111111017,complier,2.0
111,-0.04415891303361368,complier,2.0
112,0.5223813386494173,always_taker,2.0
113,0.4113778090048885,complier,2.0
114,-0.4730591505600057,complier,2.0
115,1.6632090960368404,always_taker,2.0
116,0.6655258478346767,always_taker,2.0
117,0.7045894028950701,complier,2.0
118,0.2530126015527463,complier,2.0
119,-1.4699274024193125,never_taker,2.0
120,-0.8436711888379422,never_taker,2.0
121,-0.09582983470352069,complier,2.0
122,0.17786682005393895,complier,2.0
123,-1.34202170684409,never_taker,2.0
124,-0.2674490019598766,complier,2.0
125,1.9568067547488976,always_taker,2.0
126,-0.5067162132885329,never_taker,2.0
127,0.4623830715413992,complier,2.0
128,1.8385263724586445,complier,2.0
129,0.36978998781252764,complier,2.0
130,-1.5342781518171371,never_taker,2.0
131,-0.17454531495869083,complier,2.0
132,0.9003435990787799,always_taker,2.0
133,-1.4529553701533637,complier,2.0
134,-1.485771269069624,never_taker,2.0
135,-1.728525684001118,never_taker,2.0
136,1.8578350995287625,always_taker,2.0
137,-0.28993046867840555,complier,2.0
138,0.5583314605055115,complier,2.0
139,0.5490007886273498,always_taker,2.0
140,-0.28705228428960333,complier,2.0
141,0.10669944338448768,complier,2.0
142,-0.2890259734282944,complier,2.0
143,0.4530826541264147,complier,2.0
144,0.055916718236240975,complier,2.0
145,0.3646568076922425,always_taker,2.0
146,0.8454512915946875,complier,2.0
147,2.1605090494926458,always_taker,2.0
148,-0.12329773891598145,complier,2.0
149,2.6865028223742713,always_taker,2.0
150,-1.0900612984957312,complier,2.0
151,1.0171227195016246,complier,2.0
152,-0.45976431739393525,complier,2.0
153,-0.21951199739903915,complier,2.0
154,-0.15706511071319235,complier,2.0
155,-1.4899082197760343,complier,2.0
156,-0.5125361373728403,complier,2.0
157,0.2991536467306433,complier,2.0
158,0.6114347509858128,complier,2.0
159,-0.05976867396432581,complier,2.0
160,0.9533535350748398,complier,2.0
161,-0.8066541562235446,never_taker,2.0
162,0.3408746513311616,complier,2.0
163,-0.9784096671758992,never_taker,2.0
164,-0.5638756374953507,never_taker,2.0
165,-0.06192714009103482,complier,2.0
166,0.9419568321227503,always_taker,2.0
167,-0.9616166749791767,never_taker,2.0
168,0.5834798034937119,complier,2.0
169,-0.923767039111049,complier,2.0
170,0.8039130878395793,complier,2.0
171,0.31054562006378406,complier,2.0
172,0.33432216875928267,always_taker,2.0
173,-0.8060184000267044,never_taker,2.0
174,-0.15330362387913277,never_taker,2.0
175,-0.447340980984779,never_taker,2.0
176,-0.1891500345197098,always_taker,2.0
177,0.14548743442323808,complier,2.0
178,1.5367228114988352,never_taker,2.0
179,1.2239705703310564,always_taker,2.0
180,-0.13714575263778367,complier,2.0
181,-1.402085732696285,complier,2.0
182,0.4861040845674246,always_taker,2.0
183,1.9500685756164977,complier,2.0
184,-1.2786205492649674,complier,2.0
185,0.20522202622658886,complier,2.0
186,-1.4253802357563028,complier,2.0
187,0.26854453423739305,complier,2.0
188,-0.3348787505025598,complier,2.0
189,-0.09397254421731145,complier,2.0
190,-0.8202168287702093,never_taker,2.0
191,-0.575126764511341,complier,2.0
192,-0.12664465806652941,complier,2.0
193,-0.13606843292795834,complier,2.0
194,0.6516558579931372,complier,2.0
195,1.4216004329477059,always_taker,2.0
196,-0.7986039793261772,never_taker,2.0
197,0.25539110658858655,complier,2.0
198,0.5427417904391126,complier,2.0
199,0.5939612486029966,complier,2.0
200,0.7099634913622926,complier,2.0
201,1.9778073723180853,always_taker,2.0
202,0.7709614270171995,complier,2.0
203,-1.6204047801874055,never_taker,2.0
204,0.8421458484137164,complier,2.0
205,0.7749048420512001,complier,2.0
206,-0.6844230297320187,never_taker,2.0
207,0.6439057825142932,always_taker,2.0
208,-1.2047649862801024,complier,2.0
209,-0.7627172337242896,complier,2.0
210,-0.26817105189929513,complier,2.0
211,-0.1675119427207808,never_taker,2.0
212,-0.6326552469440344,complier,2.0
213,-0.25828661676948694,complier,2.0
214,1.5790056850271996,always_taker,2.0
215,0.8014038875410122,always_taker,2.0
216,0.1744093152920598,always_taker,2.0
217,-1.4460803404461018,complier,2.0
218,-0.8512137993794587,complier,2.0
219,-0.2927085823681306,complier,2.0
220,-1.9528961219109355,never_taker,2.0
221,-1.535059832942755,never_taker,2.0
222,0.02505797993840144,complier,2.0
223,-1.0072031794206244,never_taker,2.0
224,0.12441871815676064,always_taker,2.0
225,-1.2653317152959942,never_taker,2.0
226,-0.37908873657666203,never_taker,2.0
227,-0.8344828193807016,complier,2.0
228,1.8570383848042684,complier,2.0
229,1.0561313377764379,always_taker,2.0
230,-2.001984458531176,never_taker,2.0
231,-0.5871491353762475,never_taker,2.0
232,-0.7553926943415297,never_taker,2.0
233,-0.3629112859020567,complier,2.0
234,-2.0893891887351126,never_taker,2.0
235,-0.1404006944812665,always_taker,2.0
236,-1.2342109415708291,complier,2.0
237,2.014641794583095,always_taker,2.0
238,0.030619926128061914,complier,2.0
239,-0.79407383589893,never_taker,2.0
240,0.6154721552025518,complier,2.0
241,0.848205407712478,always_taker,2.0
242,-0.1975473978541294,complier,2.0
243,0.029657089391799094,complier,2.0
244,0.5316853454805502,complier,2.0
245,-0.9880680017520375,complier,2.0
246,1.1721178719284153,complier,2.0
247,-0.7915662472362923,complier,2.0
248,-1.964998975512675,never_taker,2.0
249,0.19224876591534004,complier,2.0
250,1.6987248992172945,always_taker,2.0
251,0.5391692370600762,complier,2.0
252,-0.3804651283700913,never_taker,2.0
253,-0.6302760716338256,never_taker,2.0
254,-0.5583588882931391,complier,2.0
255,0.04395092460445543,complier,2.0
256,0.07938682119515492,complier,2.0
257,0.7938962202942125,complier,2.0
258,0.1849955234631063,complier,2.0
259,-0.4535150902812295,complier,2.0
260,-0.21377008076767176,complier,2.0
261,-0.15789941090049292,never_taker,2.0
262,-1.1254240855322506,never_taker,2.0
263,-0.5339686956896151,never_taker,2.0
264,-0.2893340280789245,complier,2.0
265,1.587422292631133,always_taker,2.0
266,-0.19855133414670295,complier,2.0
267,-0.7534576342859465,complier,2.0
268,-0.09485207972925758,complier,2.0
269,-0.7673125744227784,complier,2.0
270,1.0054968321703488,complier,2.0
271,-0.21885624315128022,never_taker,2.0
272,-0.11737149480731755,complier,2.0
273,-1.5206622043251903,complier,2.0
274,-0.0675246780486441,always_taker,2.0
275,0.5554301191770291,always_taker,2.0
276,1.2184316470905956,always_taker,2.0
277,-0.8710597449755341,never_taker,2.0
278,-2.3558432511891603,never_taker,2.0
279,0.5922857309677846,complier,2.0
280,-2.5565535333027256,never_taker,2.0
281,-0.006425529921758807,complier,2.0
282,0.9139771579931371,complier,2.0
283,3.0094679222561793,always_taker,2.0
284,-0.24381386008208547,complier,2.0
285,-0.19050938657091973,complier,2.0
286,-0.6291604184843627,complier,2.0
287,2.5071827860899596,always_taker,2.0
288,0.00984355236417576,complier,2.0
289,-0.4814238620257283,complier,2.0
290,1.4247175940384231,always_taker,2.0
291,0.7804596531221804,complier,2.0
292,2.1009337131167203,always_taker,2.0
293,-0.999462767659925,complier,2.0
294,0.4758755741648631,complier,2.0
295,-0.8730473631071755,never_taker,2.0
296,0.2374883937488513,always_taker,2.0
297,0.6831692560230992,complier,2.0
298,1.682936406222426,always_taker,2.0
299,0.4009522194577866,complier,2.0
300,-1.133516916564498,never_taker,2.0
301,-0.47670248819793,complier,2.0
302,-0.8705727185052087,never_taker,2.0
303,0.24617953167205486,always_taker,2.0
304,-0.9845605593134861,complier,2.0
305,0.5953560942753057,complier,2.0
306,2.3773446491859933,always_taker,2.0
307,1.1899387433625177,always_taker,2.0
308,-1.5638607609670139,never_taker,2.0
309,0.756518999659093,always_taker,2.0
310,-0.9750569817143204,complier,2.0
311,-0.06529442179255095,always_taker,2.0
312,0.9544254273548565,always_taker,2.0
313,0.3124917762162804,complier,2.0
314,-0.17000914755496088,complier,2.0
315,-0.34752804913449026,complier,2.0
316,0.681396811387979,complier,2.0
317,-1.5346328356060126,never_taker,2.0
318,-0.9876063123311226,complier,2.0
319,0.5213270686086945,complier,2.0
320,-1.0688171024671607,never_taker,2.0
321,-0.4542827028010992,complier,2.0
322,-1.019229694442682,complier,2.0
323,0.8060160387623743,always_taker,2.0
324,0.26726811312141097,always_taker,2.0
325,-0.30735840781982415,complier,2.0
326,-2.12227934133424,never_taker,2.0
327,1.2038002638975418,always_taker,2.0
328,1.1900355905402913,always_taker,2.0
329,-0.4712333704171417,complier,2.0
330,-1.8613664690658154,never_taker,2.0
331,-0.15872807404025285,complier,2.0
332,-1.943497167482472,never_taker,2.0
333,-1.1298313421406694,never_taker,2.0
334,-0.22736074584125376,complier,2.0
335,0.5180586370929461,complier,2.0
336,1.8126842058899448,complier,2.0
337,0.2075001604532142,complier,2.0
338,0.8082845547477832,always_taker,2.0
339,0.9762988759180892,always_taker,2.0
340,1.1498277154452632,always_taker,2.0
341,-0.7273390575317553,never_taker,2.0
342,0.18311162678500936,always_taker,2.0
343,0.34054184762632156,complier,2.0
344,1.4811618265418134,always_taker,2.0
345,-1.7918039675769832,never_taker,2.0
346,-0.6897540880958288,complier,2.0
347,0.6668220476219838,always_taker,2.0
348,1.4107123888815494,always_taker,2.0
349,0.11952327162557677,complier,2.0
350,0.04558553474453043,complier,2.0
351,0.6065641065064734,complier,2.0
352,-0.33423290920202137,complier,2.0
353,-1.0873484414587462,always_taker,2.0
354,0.3616828013555133,complier,2.0
355,0.8168393069890486,complier,2.0
356,1.4476089060385615,always_taker,2.0
357,1.6509987103931154,always_taker,2.0
358,-0.7914158545821172,complier,2.0
359,1.268806757799214,always_taker,2.0
360,0.34273993645538486,complier,2.0
361,1.1003209981927347,always_taker,2.0
362,-1.2315396467848023,complier,2.0
363,1.827321107614183,always_taker,2.0
364,0.8865593970667699,always_taker,2.0
365,-1.3228646599209473,never_taker,2.0
366,1.2922530855876693,always_taker,2.0
367,1.224911679087531,always_taker,2.0
368,0.9550251046998589,always_taker,2.0
369,-0.393580174705633,complier,2.0
370,-0.47486033131421396,never_taker,2.0
371,-1.4542993442971857,never_taker,2.0
372,-0.8246149896555096,complier,2.0
373,0.4148320768628041,complier,2.0
374,-0.5925476783333002,complier,2.0
375,0.27929898716781937,never_taker,2.0
376,-0.18135227295788758,complier,2.0
377,0.9059890229986958,always_taker,2.0
378,-0.5908159543251975,complier,2.0
379,0.7906047340605014,never_taker,2.0
380,0.30234902929010493,complier,2.0
381,0.30085885132722145,complier,2.0
382,-1.441692561625747,never_taker,2.0
383,0.7696206749428524,complier,2.0
384,-2.7761729235501966,never_taker,2.0
385,-0.5296099657670544,never_taker,2.0
386,-0.36325551008542223,complier,2.0
387,0.03154223569434672,complier,2.0
388,-1.8215503092230443,never_taker,2.0
389,-0.8596452574328096,never_taker,2.0
390,1.0568221814450613,always_taker,2.0
391,-0.06196047641391019,never_taker,2.0
392,-0.8195022965120216,complier,2.0
393,1.0986167851665407,always_taker,2.0
394,-0.3791785729078035,complier,2.0
395,-0.2732750149673306,complier,2.0
396,1.7430329015328,always_taker,2.0
397,-1.5306709504247764,never_taker,2.0
398,0.14868463052456193,complier,2.0
399,0.3752423101346529,never_taker,2.0
400,-1.5561189385298282,complier,2.0
401,-1.7879750890242276,never_taker,2.0
402,-1.6694539656496838,never_taker,2.0
403,1.0087609156905923,always_taker,2.0
404,-0.5825611917152347,complier,2.0
405,-1.493152874694163,complier,2.0
406,0.12518040064907865,complier,2.0
407,-0.005618562831384557,complier,2.0
408,1.8991222771083556,always_taker,2.0
409,-2.054047769851942,never_taker,2.0
410,-0.48185771838513664,complier,2.0
411,-0.35646379961375985,complier,2.0
412,0.08617988892455235,never_taker,2.0
413,1.4842435219456556,always_taker,2.0
414,-0.809278068977496,never_taker,2.0
415,0.7940681959227743,complier,2.0
416,-0.7438904477714483,complier,2.0
417,0.828097505676728,always_taker,2.0
418,-0.9021775134122553,complier,2.0
419,1.3094819787732856,complier,2.0
420,-0.7102096533982009,complier,2.0
421,-0.8355487206623798,never_taker,2.0
422,0.048903326333742655,complier,2.0
423,-1.135053777795667,never_taker,2.0
424,-0.037967313685764705,complier,2.0
425,-0.7441841558748737,never_taker,2.0
426,0.10091701126624995,complier,2.0
427,0.04448161596436921,complier,2.0
428,-0.2174800934905988,complier,2.0
429,-0.2081205764188084,complier,2.0
430,-0.045714249166481424,complier,2.0
431,-0.9583217091100888,never_taker,2.0
432,0.6316787042167383,always_taker,2.0
433,0.8286231629862311,complier,2.0
434,0.15045562301845797,always_taker,2.0
435,-1.7267257325216945,never_taker,2.0
436,-0.9746010606537328,complier,2.0
437,1.9307738239818255,always_taker,2.0
438,-1.2575653393137904,never_taker,2.0
439,-0.2117365808090379,complier,2.0
440,-1.314578705840596,never_taker,2.0
441,1.808913365440285,always_taker,2.0
442,0.7544953301306652,always_taker,2.0
443,0.14832996828628908,complier,2.0
444,0.07570259893012297,always_taker,2.0
445,-0.5347431269160231,complier,2.0
446,0.3324928110470968,always_taker,2.0
447,1.5843551857818325,always_taker,2.0
448,0.59093250158441,always_taker,2.0
449,0.23428116724136105,always_taker,2.0
450,-1.3653415240958382,never_taker,2.0
451,-1.428234270864122,never_taker,2.0
452,-0.610445480718905,never_taker,2.0
453,-0.3914069669289922,never_taker,2.0
454,-1.472993797625734,never_taker,2.0
455,0.05198448712570973,always_taker,2.0
456,0.7969618630831206,complier,2.0
457,-0.0622897005823737,complier,2.0
458,1.638246216239599,always_taker,2.0
459,-1.3768309795214944,never_taker,2.0
460,-0.6241786563204316,complier,2.0
461,-0.031296736389566815,complier,2.0
462,-0.9148227294707022,never_taker,2.0
463,-0.3421257040026023,never_taker,2.0
464,-0.7479081532623786,complier,2.0
465,-0.6904707651662025,never_taker,2.0
466,0.6138228699307366,never_taker,2.0
467,-1.383262784424646,never_taker,2.0
468,1.5115546157239979,complier,2.0
469,-0.7523568844981028,complier,2.0
470,0.5672904863308469,always_taker,2.0
471,-0.4409905007042042,complier,2.0
472,3.606013280947534,always_taker,2.0
473,-0.5815721535639015,complier,2.0
474,-0.13371105764068109,complier,2.0
475,-0.97518195564495,never_taker,2.0
476,1.5844947929602247,always_taker,2.0
477,1.9781313744092917,always_taker,2.0
478,-1.0273843192112684,complier,2.0
479,0.9315381491868068,complier,2.0
480,-1.9200435222608383,never_taker,2.0
481,0.04899247270456895,complier,2.0
482,-0.15816341012252425,never_taker,2.0
483,-1.179819274395969,never_taker,2.0
484,-1.408316803758984,never_taker,2.0
485,-0.7870112966907428,never_taker,2.0
486,1.996705147709095,always_taker,2.0
487,-0.049442558562857675,complier,2.0
488,1.2970044778240906,complier,2.0
489,-1.488354123193367,complier,2.0
490,0.3423808381946866,complier,2.0
491,-0.9838002775944392,complier,2.0
492,0.1265781321235927,complier,2.0
493,0.10721669469300955,complier,2.0
494,2.0869532849434322,always_taker,2.0
495,0.19088103633758263,always_taker,2.0
496,-0.6710398612020533,complier,2.0
497,-2.0229271494034182,never_taker,2.0
498,-0.2602174597488044,never_taker,2.0
499,-2.097638340736956,never_taker,2.0
500,-0.9189361332228879,complier,2.0
501,0.029171127025403476,complier,2.0
502,-0.9043214295041637,complier,2.0
503,0.19943369021648683,complier,2.0
504,1.22627244262325,complier,2.0
505,-0.8362502015119573,complier,2.0
506,-1.2991496783337622,never_taker,2.0
507,0.8536984485287246,complier,2.0
508,-0.16409097480307733,complier,2.0
509,0.24674453271730507,complier,2.0
510,-0.24186570051237555,complier,2.0
511,-0.44357731819377005,complier,2.0
512,0.13017877856931304,complier,2.0
513,1.0605282857594778,complier,2.0
514,-1.262371413495567,complier,2.0
515,1.112138951689517,complier,2.0
516,-0.9488234632778944,complier,2.0
517,1.2928546604843383,always_taker,2.0
518,-0.42557071247073086,complier,2.0
519,2.96770582519649,always_taker,2.0
520,-2.0909429051118655,never_taker,2.0
521,0.35177384081092994,always_taker,2.0
522,-1.415391515852632,complier,2.0
523,-0.341755755918068,complier,2.0
524,-1.9223622714713742,never_taker,2.0
525,-0.9895299456469211,never_taker,2.0
526,0.4584569952271221,complier,2.0
527,-0.2608390850372614,complier,2.0
528,1.4661958243517859,always_taker,2.0
529,-0.22463695844674395,complier,2.0
530,1.2337873894219924,always_taker,2.0
531,0.8128740252078355,always_taker,2.0
532,0.2433639252564111,complier,2.0
533,1.1219704957718155,always_taker,2.0
534,-0.8568892485021448,complier,2.0
535,0.9508196546268317,always_taker,2.0
536,0.17901649201232503,complier,2.0
537,0.40567084960805944,complier,2.0
538,1.7381987896572684,always_taker,2.0
539,-1.0909129665315667,complier,2.0
540,-0.9313956890463899,complier,2.0
541,0.45816746384917145,complier,2.0
542,0.256016712254782,complier,2.0
543,0.17770682001270424,complier,2.0
544,1.0470865567377594,complier,2.0
545,-1.1065973476954452,never_taker,2.0
546,-0.7925710720405468,complier,2.0
547,-0.8587500149045177,complier,2.0
548,1.2405376698748949,complier,2.0
549,-2.082923588323286,never_taker,2.0
550,0.4091551655501584,complier,2.0
551,0.23693562041551602,complier,2.0
552,-0.3863567168484593,complier,2.0
553,0.04702685691071313,complier,2.0
554,-0.7734085189777381,never_taker,2.0
555,0.5561711373638306,complier,2.0
556,2.161489478166784,always_taker,2.0
557,-0.8630477795857527,complier,2.0
558,-0.6318011157100335,never_taker,2.0
559,-1.9498456022192783,never_taker,2.0
560,0.6521705900480383,complier,2.0
561,-0.8559112681465502,never_taker,2.0
562,1.229142777943563,always_taker,2.0
563,-0.7421048932784845,complier,2.0
564,0.7376935360643885,complier,2.0
565,0.5904068059162597,complier,2.0
566,-0.39477910624574725,never_taker,2.0
567,-0.12813042866575125,complier,2.0
568,-0.7063567504074423,never_taker,2.0
569,1.6462812586217357,always_taker,2.0
570,0.9069314147872863,complier,2.0
571,1.868699603611252,complier,2.0
572,-0.8632601334000332,complier,2.0
573,0.01745873472610172,complier,2.0
574,1.9795361669280005,always_taker,2.0
575,-1.6466340021892285,never_taker,2.0
576,-0.358894015192598,complier,2.0
577,0.36493262695905526,complier,2.0
578,-0.9612328820022514,never_taker,2.0
579,-0.4656041207491095,complier,2.0
580,-1.3189369385343823,complier,2.0
581,0.6355567946675293,complier,2.0
582,-1.3826560355207946,never_taker,2.0
583,0.3747780135617374,complier,2.0
584,0.5119728585531259,complier,2.0
585,0.17186594441477332,complier,2.0
586,-0.6944404916911548,never_taker,2.0
587,-0.24165941159639462,complier,2.0
588,-0.04179263720230925,complier,2.0
589,2.102066138306439,always_taker,2.0
590,0.5535398308936202,complier,2.0
591,-1.566857497615318,complier,2.0
592,-0.8680830769835306,never_taker,2.0
593,-0.6016141281519757,complier,2.0
594,-0.24506183958211736,complier,2.0
595,-0.8403646749533531,never_taker,2.0
596,-0.26355301521200364,never_taker,2.0
597,-1.5384395635448462,never_taker,2.0
598,1.262458609215631,always_taker,2.0
599,0.6415108885236407,complier,2.0
600,0.02233137022703954,complier,2.0
601,-1.1081992327171484,complier,2.0
602,-0.8145903677993952,never_taker,2.0
603,1.0575961918271348,always_taker,2.0
604,0.03191120927994981,complier,2.0
605,-0.7088685541517261,never_taker,2.0
606,1.2295777188287689,always_taker,2.0
607,-1.0032127434998235,complier,2.0
608,1.554729699093826,complier,2.0
609,0.9079736922492094,complier,2.0
610,-0.15108356468748396,complier,2.0
611,-0.3059846255143494,complier,2.0
612,-1.3537192513635616,complier,2.0
613,-1.1172349291920618,never_taker,2.0
614,-1.1483651412468772,never_taker,2.0
615,0.045705776613838275,complier,2.0
616,-0.0011981669335483045,complier,2.0
617,1.1132655727975422,complier,2.0
618,1.6752076629907309,complier,2.0
619,0.44733618144141374,complier,2.0
620,-1.5769057749212398,never_taker,2.0
621,1.0671037014490306,always_taker,2.0
622,0.025235478132659007,complier,2.0
623,-0.11049553977703463,complier,2.0
624,0.02542150654050537,complier,2.0
625,-0.9759422965446218,complier,2.0
626,-1.0089673325830126,never_taker,2.0
627,-0.18304108355790588,complier,2.0
628,0.9470392033401268,complier,2.0
629,0.21375567798023926,complier,2.0
630,0.8537841931479863,complier,2.0
631,0.8363649565661603,complier,2.0
632,0.27676897419765994,always_taker,2.0
633,0.44694363864175657,complier,2.0
634,1.0498415468965008,always_taker,2.0
635,0.023521127293304286,complier,2.0
636,0.37567165213455544,complier,2.0
637,-0.4138675322906907,never_taker,2.0
638,0.8751029560869851,complier,2.0
639,0.03728611267997319,complier,2.0
640,-0.45352790754825,never_taker,2.0
641,-0.26080639179167875,complier,2.0
642,-0.6725309274941759,never_taker,2.0
643,-0.827740705452323,complier,2.0
644,0.36893029673418043,complier,2.0
645,0.7339979209302675,always_taker,2.0
646,-0.30131578249607904,complier,2.0
647,-0.015613466249787662,complier,2.0
648,0.2874325176666658,always_taker,2.0
649,-0.5448776070964831,never_taker,2.0
650,0.5097697254694034,complier,2.0
651,-0.19360420206889864,complier,2.0
652,-0.7424170942999739,complier,2.0
653,1.6058915379969945,complier,2.0
654,0.052476411304553015,never_taker,2.0
655,0.09243151116221032,always_taker,2.0
656,-0.18891456543708587,complier,2.0
657,0.2243716995273495,complier,2.0
658,1.0876095295725048,complier,2.0
659,0.1292238733384213,never_taker,2.0
660,0.5110010142926468,complier,2.0
661,-0.2504359549307811,never_taker,2.0
662,0.3510867021386986,complier,2.0
663,1.0152200419912132,complier,2.0
664,-0.80910054866177,always_taker,2.0
665,1.5686942299148463,always_taker,2.0
666,1.4299827557710878,complier,2.0
667,-0.8834350838278887,never_taker,2.0
668,-0.6547813785779624,complier,2.0
669,-0.08185919620979046,complier,2.0
670,0.9628073128748997,complier,2.0
671,0.3276666519231986,complier,2.0
672,-1.8136072371965346,never_taker,2.0
673,-0.3833491274290437,never_taker,2.0
674,-0.27494463897585386,complier,2.0
675,-1.1150401762545248,complier,2.0
676,1.5042331940608418,always_taker,2.0
677,0.17386940287339284,complier,2.0
678,0.36664828109075215,always_taker,2.0
679,-0.2826646412182189,never_taker,2.0
680,0.4309952780808767,complier,2.0
681,0.8245968513151349,always_taker,2.0
682,-0.9004201112210897,never_taker,2.0
683,-0.34276328931533234,always_taker,2.0
684,1.275536441697001,always_taker,2.0
685,-1.864212229921059,never_taker,2.0
686,-0.9898697305104325,complier,2.0
687,-1.8183641248336953,never_taker,2.0
688,1.4432258890012952,always_taker,2.0
689,1.0185992041578773,complier,2.0
690,1.678932347772497,always_taker,2.0
691,0.5217985836370979,never_taker,2.0
692,-0.3201546399025612,never_taker,2.0
693,-0.2634063478496486,complier,2.0
694,1.7870783817626676,always_taker,2.0
695,1.2206484850459949,always_taker,2.0
696,0.6075953949389354,complier,2.0
697,-0.6513361093376211,never_taker,2.0
698,0.4583190271529531,always_taker,2.0
699,0.5007523034961207,complier,2.0
700,-0.6308025228650281,complier,2.0
701,-0.5282725501039857,complier,2.0
702,1.0745088513615135,always_taker,2.0
703,0.07557944010029803,always_taker,2.0
704,0.1526377187146034,complier,2.0
705,0.2740425680583125,always_taker,2.0
706,0.25592237346216407,never_taker,2.0
707,0.36836593860056416,complier,2.0
708,-1.1153695732133284,complier,2.0
709,-2.1244344412785576,never_taker,2.0
710,-1.2790472549798806,complier,2.0
711,-0.3217784639636126,complier,2.0
712,-2.572503221405222,never_taker,2.0
713,1.325674758265303,complier,2.0
714,0.9839322173450555,always_taker,2.0
715,1.3858334044288463,complier,2.0
716,-0.6293742753662748,never_taker,2.0
717,-0.12449607458125603,complier,2.0
718,1.5603177383569586,complier,2.0
719,0.10799835370157046,complier,2.0
720,0.6693640041665022,complier,2.0
721,2.5176455289692963,always_taker,2.0
722,-1.6686495045248522,never_taker,2.0
723,-0.4114629447490112,complier,2.0
724,0.013385859768489375,complier,2.0
725,1.3649394863951159,always_taker,2.0
726,-1.6706932828407333,never_taker,2.0
727,-0.24924690163702276,never_taker,2.0
728,-0.5308411031371117,never_taker,2.0
729,0.4050427523489188,always_taker,2.0
730,0.8114308536806789,always_taker,2.0
731,-0.2770348321591176,complier,2.0
732,-0.04203993619984578,complier,2.0
733,0.83321115386474,complier,2.0
734,-0.18084182853077832,complier,2.0
735,2.197606564374418,complier,2.0
736,-0.9620156851475038,never_taker,2.0
737,0.39460944473878323,complier,2.0
738,-1.5158181021489427,complier,2.0
739,-0.4133863482565781,never_taker,2.0
740,-1.4065705142747709,never_taker,2.0
741,-1.0526571291721634,never_taker,2.0
742,-0.2948343137034989,complier,2.0
743,-0.41875419577760187,complier,2.0
744,0.8810737877478028,always_taker,2.0
745,0.46479341324488166,complier,2.0
746,0.04860381888550256,complier,2.0
747,-0.3357733715280278,complier,2.0
748,0.22844388992013287,complier,2.0
749,0.3224652189253009,complier,2.0
750,1.3865796377530872,always_taker,2.0
751,1.856119039217873,always_taker,2.0
752,0.5658258093422577,complier,2.0
753,0.6222718526947794,complier,2.0
754,-0.2189540696335353,complier,2.0
755,0.4814245668544072,always_taker,2.0
756,-0.4653046261711379,never_taker,2.0
757,-0.572588525136816,complier,2.0
758,-0.7746122664833017,complier,2.0
759,0.9574541848174267,complier,2.0
760,0.6495689143527644,complier,2.0
761,0.9469228810349324,complier,2.0
762,1.0294728710972025,always_taker,2.0
763,0.3570666199935604,complier,2.0
764,0.8284036150245727,always_taker,2.0
765,-0.4897120252440495,complier,2.0
766,-1.0047344543146577,complier,2.0
767,-1.3395188667940716,never_taker,2.0
768,0.3110888194519161,complier,2.0
769,-1.1736238201564226,complier,2.0
770,0.8004952733701933,complier,2.0
771,1.676559790262037,always_taker,2.0
772,1.864145524722134,always_taker,2.0
773,1.353065467972182,complier,2.0
774,1.7078248406509184,always_taker,2.0
775,-0.4857787914886404,complier,2.0
776,-1.7287217439870033,never_taker,2.0
777,-1.1635291287359695,complier,2.0
778,2.0823674168257846,complier,2.0
779,0.468715329426225,complier,2.0
780,-0.04392586631874764,always_taker,2.0
781,0.12683599274512045,complier,2.0
782,1.0204483535651212,always_taker,2.0
783,-0.3411486795451419,complier,2.0
784,1.9945670374195124,always_taker,2.0
785,-0.30552825767799074,complier,2.0
786,2.0041708506571365,always_taker,2.0
787,0.5953760952033458,always_taker,2.0
788,-0.8172235591513299,complier,2.0
789,0.36152513237765316,always_taker,2.0
790,0.43434495615778757,complier,2.0
791,1.0179865636296843,always_taker,2.0
792,0.4854422958072048,complier,2.0
793,0.9673588559975729,always_taker,2.0
794,-1.492314674091249,never_taker,2.0
795,0.04650716683202846,complier,2.0
796,0.870310459619708,always_taker,2.0
797,-2.0769705899310047,never_taker,2.0
798,1.306048502482795,always_taker,2.0
799,-1.539415048089279,never_taker,2.0
800,1.7717738675457466,always_taker,2.0
801,1.2556941278762699,complier,2.0
802,-0.9204543730605107,never_taker,2.0
803,-0.2254626721190328,complier,2.0
804,-0.7912015587227387,complier,2.0
805,-0.4286699500792018,complier,2.0
806,1.5586127040585132,always_taker,2.0
807,-0.43778254096887903,complier,2.0
808,0.09845894917382275,complier,2.0
809,-0.18799416318980192,complier,2.0
810,0.37423141131155985,always_taker,2.0
811,-0.22217247893485065,always_taker,2.0
812,0.6189137396045629,complier,2.0
813,0.41242442648517014,always_taker,2.0
814,0.9881089997495525,complier,2.0
815,-0.5389994063891246,complier,2.0
816,-0.6791582287097571,complier,2.0
817,0.255882269213435,complier,2.0
818,-0.8084940553568809,never_taker,2.0
819,0.38583156357618753,complier,2.0
820,-1.6978562867821285,never_taker,2.0
821,0.997259144884143,always_taker,2.0
822,-0.7776176328838118,complier,2.0
823,1.1749904841502943,complier,2.0
824,0.8968206713067175,complier,2.0
825,0.22903981708097929,complier,2.0
826,0.6849685737516693,complier,2.0
827,0.5900749534363575,complier,2.0
828,0.5760495869501588,complier,2.0
829,1.053908993026677,complier,2.0
830,-0.8713929287241662,never_taker,2.0
831,1.178471307942278,complier,2.0
832,-1.0879409587164213,complier,2.0
833,-0.5994736440956104,never_taker,2.0
834,-0.3646213340081466,complier,2.0
835,0.16327105296970978,always_taker,2.0
836,0.21508128974313706,complier,2.0
837,-1.8377929582326507,complier,2.0
838,0.6422341606481706,always_taker,2.0
839,-0.8943520227052585,complier,2.0
840,-1.4956725775551987,never_taker,2.0
841,-0.20203113254611393,never_taker,2.0
842,-1.400081198028329,never_taker,2.0
843,0.08754011249262382,complier,2.0
844,-1.6386078313029595,complier,2.0
845,0.6198449872717038,complier,2.0
846,-0.3412619013727477,complier,2.0
847,-0.5308135507179521,complier,2.0
848,1.701602723363362,always_taker,2.0
849,1.2649608602911624,complier,2.0
850,0.5615502275394563,never_taker,2.0
851,0.7817800342728779,always_taker,2.0
852,1.1698071940460848,always_taker,2.0
853,0.28388913914264075,complier,2.0
854,-1.844189580402145,never_taker,2.0
855,-0.9391496438794176,never_taker,2.0
856,-0.2514362106142386,complier,2.0
857,-0.6930656991912278,complier,2.0
858,-0.4516649129067459,complier,2.0
859,0.7828108503082865,complier,2.0
860,-0.4463607111386705,never_taker,2.0
861,-1.2808155854076622,never_taker,2.0
862,-0.3118140170922928,complier,2.0
863,-0.9681655592043494,complier,2.0
864,1.1947646405344554,complier,2.0
865,-0.1626207453857645,complier,2.0
866,-1.27758098594407,never_taker,2.0
867,-2.092233827935835,never_taker,2.0
868,-0.1780733859342337,complier,2.0
869,-1.1717420611629532,complier,2.0
870,-0.6129242398237655,complier,2.0
871,0.011164864484547211,never_taker,2.0
872,-2.2843419200641035,never_taker,2.0
873,-0.9204120624623415,complier,2.0
874,1.3071564254727217,always_taker,2.0
875,0.9221251809922428,complier,2.0
876,0.5701197720663362,complier,2.0
877,-1.3041762549513487,complier,2.0
878,-0.3943432630108728,complier,2.0
879,-0.8312470097167611,complier,2.0
880,0.8818424472130663,always_taker,2.0
881,0.7324812380637649,complier,2.0
882,1.166032310781378,always_taker,2.0
883,-0.5669020216185958,never_taker,2.0
884,-0.9768411635990043,complier,2.0
885,1.5795891647846174,always_taker,2.0
886,0.4426533399542073,complier,2.0
887,-1.5490768926744904,complier,2.0
888,-0.5279563292145022,never_taker,2.0
889,-1.0230261654597637,never_taker,2.0
890,0.33021268281269417,always_taker,2.0
891,0.28727595127742067,complier,2.0
892,0.19957672865177248,complier,2.0
893,1.3848830236052339,always_taker,2.0
894,1.5860619626834176,always_taker,2.0
895,-1.3572788880065163,never_taker,2.0
896,0.8086014420687879,always_taker,2.0
897,0.8514447902793527,complier,2.0
898,-1.2467316696557493,never_taker,2.0
899,0.19386057664659986,complier,2.0
900,-0.9148959914551188,never_taker,2.0
901,-0.4342423814439632,complier,2.0
902,-1.227466267892133,complier,2.0
903,-0.43644174291200566,never_taker,2.0
904,-0.9766908414400038,never_taker,2.0
905,0.3075170950950653,complier,2.0
906,-0.5224161250280813,complier,2.0
907,0.5257285400307384,complier,2.0
908,-0.9986269772010848,never_taker,2.0
909,0.6454230066443407,always_taker,2.0
910,-0.7905574214553277,complier,2.0
911,-0.3340671088844149,complier,2.0
912,1.7732006440929837,complier,2.0
913,0.8762835220834108,complier,2.0
914,-0.8673714132560604,never_taker,2.0
915,-0.09057876115908316,complier,2.0
916,0.7951355660756076,complier,2.0
917,-0.6229994325644341,never_taker,2.0
918,-1.5600587631300307,never_taker,2.0
919,0.9822454518548678,complier,2.0
920,0.06321097935138208,complier,2.0
921,1.273807291523187,always_taker,2.0
922,-0.6442533574615357,complier,2.0
923,-2.2387461696451876,never_taker,2.0
924,0.03978910373517145,complier,2.0
925,0.2356801940835452,complier,2.0
926,-1.8164311151167918,never_taker,2.0
927,0.18989535260074802,complier,2.0
928,1.8446485483287067,always_taker,2.0
929,0.9955455135582673,always_taker,2.0
930,-1.7246248373147766,never_taker,2.0
931,-0.6237206373371947,always_taker,2.0
932,-1.7558837258471502,never_taker,2.0
933,0.013569864045433372,complier,2.0
934,-0.4685286573381988,never_taker,2.0
935,0.101703480255513,always_taker,2.0
936,-0.858075371999874,complier,2.0
937,0.47899939971362226,complier,2.0
938,0.8373632841150281,always_taker,2.0
939,-0.6337429993926923,never_taker,2.0
940,-0.5999886063487901,complier,2.0
941,1.4292002670309796,complier,2.0
942,0.8473017811171565,always_taker,2.0
943,-0.966607159282707,complier,2.0
944,-0.3938628009600971,complier,2.0
945,0.9505319313907741,complier,2.0
946,0.8231232331086735,always_taker,2.0
947,0.9915479570042088,always_taker,2.0
948,-0.533504658964601,never_taker,2.0
949,-1.7963402120034226,never_taker,2.0
950,-1.3066901296570077,never_taker,2.0
951,-1.1075071015397553,never_taker,2.0
952,0.7057042801355756,complier,2.0
953,0.48730086085124746,always_taker,2.0
954,-0.054858582395500406,always_taker,2.0
955,-2.232298369014827,never_taker,2.0
956,1.3832338832036706,complier,2.0
957,0.12170783321006982,always_taker,2.0
958,0.8256770656985666,always_taker,2.0
959,0.5782014153411551,always_taker,2.0
960,1.3219050963454981,complier,2.0
961,0.002605866098274913,complier,2.0
962,1.3621751246188492,always_taker,2.0
963,1.8722959488327071,always_taker,2.0
964,-1.0474207323490528,never_taker,2.0
965,-0.08461620039657469,complier,2.0
966,-2.317053076851358,never_taker,2.0
967,0.47134780426021106,complier,2.0
968,1.7735742569089634,always_taker,2.0
969,0.294513174920114,complier,2.0
970,0.019186089314600713,complier,2.0
971,1.1623470385636734,always_taker,2.0
972,-1.4191859165172396,never_taker,2.0
973,0.31475408731675397,complier,2.0
974,1.126608484831381,complier,2.0
975,-0.9805104648960632,never_taker,2.0
976,0.6584433845548721,complier,2.0
977,0.18187541184971948,always_taker,2.0
978,0.499865035359081,complier,2.0
979,0.5326279282608258,always_taker,2.0
980,0.5797411478360108,complier,2.0
981,-1.1982676239118255,never_taker,2.0
982,0.7819119330183727,complier,2.0
983,0.8370785843936461,complier,2.0
984,-0.8123675388605239,complier,2.0
985,0.3512767962340266,complier,2.0
986,0.678599271634515,complier,2.0
987,-1.1450194649676484,complier,2.0
988,1.518920628281399,always_taker,2.0
989,1.7139641134191332,complier,2.0
990,0.24464731959425118,complier,2.0
991,1.4308767338991994,always_taker,2.0
992,-0.21375679460488664,complier,2.0
993,-0.004681194846735159,complier,2.0
994,1.3664376892672188,complier,2.0
995,0.2882973927660477,complier,2.0
996,0.9262848980592311,complier,2.0
997,0.4959700550741436,always_taker,2.0
998,0.05185115465953277,complier,2.0
999,0.5404147086947926,complier,2.0
1000,-1.0249615342393505,never_taker,2.0
1001,-0.7303719984193716,complier,2.0
1002,-0.1529496158910508,complier,2.0
1003,0.900721739833252,complier,2.0
1004,-0.42926299832866754,complier,2.0
1005,-0.9904346919193145,never_taker,2.0
1006,0.9755581627006126,always_taker,2.0
1007,-0.738149558126088,never_taker,2.0
1008,-0.7399682510584308,complier,2.0
1009,1.441537815630152,always_taker,2.0
1010,-0.19329077609935394,complier,2.0
1011,-1.5409754236057036,never_taker,2.0
1012,0.4620208023508371,complier,2.0
1013,-0.8532517293518737,never_taker,2.0
1014,-0.04898400569845395,complier,2.0
1015,-1.1277789142323975,never_taker,2.0
1016,0.22949985728139832,complier,2.0
1017,-1.523772778474414,complier,2.0
1018,2.7795123269232254,always_taker,2.0
1019,-0.9633187390860896,never_taker,2.0
1020,0.1034440311306846,never_taker,2.0
1021,0.9816187492205952,always_taker,2.0
1022,-0.1263773538162835,complier,2.0
1023,-1.2478164483528214,never_taker,2.0
1024,-0.17613542607990548,always_taker,2.0
1025,1.1618227430988552,always_taker,2.0
1026,-1.2024650835207458,never_taker,2.0
1027,-0.16886461920018522,never_taker,2.0
1028,0.6604506920345714,always_taker,2.0
1029,-0.3568149927009812,never_taker,2.0
1030,-0.26898119894726535,complier,2.0
1031,-0.001149135524454155,complier,2.0
1032,-1.3104953171161906,complier,2.0
1033,-0.23740280002400618,complier,2.0
1034,0.2535563728522664,complier,2.0
1035,0.6614149208595511,complier,2.0
1036,-1.954992134044911,never_taker,2.0
1037,0.6468703016545996,complier,2.0
1038,-1.5352995486639285,never_taker,2.0
1039,1.889822546784263,always_taker,2.0
1040,-0.8046679411226002,complier,2.0
1041,0.30487875432169104,always_taker,2.0
1042,-0.2854452516630735,complier,2.0
1043,-1.2359917202459991,complier,2.0
1044,-1.9610055082878066,complier,2.0
1045,-0.5839785101047196,complier,2.0
1046,-0.988210965609545,never_taker,2.0
1047,0.2626887303738985,complier,2.0
1048,-0.6784766656239223,complier,2.0
1049,1.0547304802684927,complier,2.0
1050,0.29939504401829686,complier,2.0
1051,0.47821009229644595,complier,2.0
1052,-0.5773426123936964,complier,2.0
1053,-0.7991982842636602,never_taker,2.0
1054,0.6272334121686726,always_taker,2.0
1055,-0.925822238712035,complier,2.0
1056,-0.2480640371920613,complier,2.0
1057,-1.0397673844915212,never_taker,2.0
1058,0.4715713349077618,complier,2.0
1059,-0.1971415810536808,complier,2.0
1060,-0.9803586290331329,never_taker,2.0
1061,-1.4939938603283298,never_taker,2.0
1062,-0.6381723915278722,complier,2.0
1063,-2.332425853374733,complier,2.0
1064,-0.19786902725384486,complier,2.0
1065,1.209101608015057,always_taker,2.0
1066,1.073571077899293,complier,2.0
1067,-0.018192242150367847,always_taker,2.0
1068,0.24868308702381325,never_taker,2.0
1069,-1.7020457572603802,never_taker,2.0
1070,-0.3801711481535997,never_taker,2.0
1071,-0.6639975154877138,never_taker,2.0
1072,0.8193335066019216,complier,2.0
1073,-2.1166317225838034,never_taker,2.0
1074,-0.47018413456857155,complier,2.0
1075,-1.9956391387699528,never_taker,2.0
1076,0.4600548527570249,always_taker,2.0
1077,-0.27828061537618554,never_taker,2.0
1078,0.08600903112598925,never_taker,2.0
1079,-0.04515528958646805,complier,2.0
1080,-0.07821921632674221,complier,2.0
1081,-0.26368606164714936,complier,2.0
1082,-0.32168386453597625,complier,2.0
1083,-0.4696615140795258,never_taker,2.0
1084,-0.521013972707373,never_taker,2.0
1085,2.3972527711383838,always_taker,2.0
1086,1.1303986826870365,always_taker,2.0
1087,0.2525883170748411,complier,2.0
1088,1.4078169006509356,always_taker,2.0
1089,-1.0046806459611017,never_taker,2.0
1090,-0.6532053041221957,complier,2.0
1091,0.7490354203773181,complier,2.0
1092,0.40695547655536213,complier,2.0
1093,0.1861242349163866,always_taker,2.0
1094,0.961737591920698,complier,2.0
1095,-1.334572992975857,complier,2.0
1096,0.39770346623596076,complier,2.0
1097,-0.49018032737169076,complier,2.0
1098,2.0141918431917962,always_taker,2.0
1099,0.9018374905622835,always_taker,2.0
1100,-0.12901687373424112,complier,2.0
1101,-1.6018633556185466,never_taker,2.0
1102,0.17771040537958177,complier,2.0
1103,-0.4780712495155725,complier,2.0
1104,-1.0109943903555523,never_taker,2.0
1105,-0.15925518993184787,complier,2.0
1106,0.13903768036998085,always_taker,2.0
1107,0.3747090489657233,never_taker,2.0
1108,0.36554537248264785,complier,2.0
1109,0.7200254245704992,always_taker,2.0
1110,0.17418968552692968,complier,2.0
1111,-0.21563504783720247,complier,2.0
1112,0.5312947168635206,complier,2.0
1113,-1.1525861654108431,complier,2.0
1114,0.4607973275297383,complier,2.0
1115,0.9181250299709574,complier,2.0
1116,1.2614276476265007,always_taker,2.0
1117,0.5100633235607518,complier,2.0
1118,-0.085161506491772,complier,2.0
1119,-0.5224627649819694,complier,2.0
1120,-1.7633697100082049,never_taker,2.0
1121,0.14721055791075904,never_taker,2.0
1122,0.9435367587675333,complier,2.0
1123,0.7017471569555811,complier,2.0
1124,-0.26667935028339423,complier,2.0
1125,-0.7729279474483439,complier,2.0
1126,0.5438427711192615,complier,2.0
1127,1.429286019506075,complier,2.0
1128,2.079301597508402,always_taker,2.0
1129,-0.04680663851462061,complier,2.0
1130,-0.11704691212967173,complier,2.0
1131,1.1386685727605776,always_taker,2.0
1132,0.6549214725363152,always_taker,2.0
1133,0.6069888496471112,complier,2.0
1134,-0.6759923901934618,never_taker,2.0
1135,1.778816004948503,always_taker,2.0
1136,0.436017368777864,always_taker,2.0
1137,0.0986843259707556,complier,2.0
1138,1.0760549443159673,always_taker,2.0
1139,0.48893839266781847,complier,2.0
1140,1.379647241763436,complier,2.0
1141,-0.26526629359580417,complier,2.0
1142,-0.618798627573541,complier,2.0
1143,-1.825204133813527,never_taker,2.0
1144,0.22206117816015292,always_taker,2.0
1145,-0.5638201029409843,complier,2.0
1146,-1.095671291918158,never_taker,2.0
1147,0.28265144818459653,always_taker,2.0
1148,2.2979970575232973,always_taker,2.0
1149,-0.8680031681033085,complier,2.0
1150,0.5270217284706762,complier,2.0
1151,0.37486813753257225,always_taker,2.0
1152,-0.4944870030955262,complier,2.0
1153,0.4498990045876915,complier,2.0
1154,-0.5519566984189189,never_taker,2.0
1155,0.16230550903655863,complier,2.0
1156,-2.074561401075175,complier,2.0
1157,0.5321349614597171,complier,2.0
1158,0.9302321186670718,complier,2.0
1159,0.1651812275105612,complier,2.0
1160,-1.1985266801693828,complier,2.0
1161,0.4954126111601977,complier,2.0
1162,1.4413617416524875,always_taker,2.0
1163,-0.6552589500232566,never_taker,2.0
1164,0.5151563756016491,always_taker,2.0
1165,-1.6561138719671575,never_taker,2.0
1166,-1.7249995120067747,never_taker,2.0
1167,1.1968543746618843,complier,2.0
1168,-0.3506067826852121,complier,2.0
1169,0.4860398694883364,complier,2.0
1170,2.1228915464855778,always_taker,2.0
1171,0.34744419192178866,complier,2.0
1172,0.16691246876382967,always_taker,2.0
1173,0.5856675338258922,always_taker,2.0
1174,-0.5846545993289701,never_taker,2.0
1175,-1.5989615596904434,never_taker,2.0
1176,1.4002230014971602,complier,2.0
1177,-0.7393707474406677,complier,2.0
1178,-0.8181845514516163,never_taker,2.0
1179,1.085099367754937,always_taker,2.0
1180,-0.5870676492056739,complier,2.0
1181,1.642149072548537,always_taker,2.0
1182,-2.2324417472685023,never_taker,2.0
1183,-1.358670718409443,never_taker,2.0
1184,-1.9577109283736962,never_taker,2.0
1185,0.7182326715503687,always_taker,2.0
1186,-0.19109341286122256,complier,2.0
1187,-0.2117480618574749,never_taker,2.0
1188,1.5783626204122774,always_taker,2.0
1189,-0.5308283019604865,complier,2.0
1190,0.44673447376456776,complier,2.0
1191,-0.49682593295099214,never_taker,2.0
1192,1.0179888763745828,always_taker,2.0
1193,-0.7435535778060707,complier,2.0
1194,-0.6169248769613218,complier,2.0
1195,1.4680213728577098,always_taker,2.0
1196,2.2471182897015822,always_taker,2.0
1197,1.5654235993542032,always_taker,2.0
1198,-1.310876167363794,never_taker,2.0
1199,1.4736179325797862,always_taker,2.0
1200,0.691621928443997,complier,2.0
1201,-0.297848424875315,never_taker,2.0
1202,0.1450005142305405,complier,2.0
1203,-0.7309069219649359,complier,2.0
1204,0.44448659411642283,complier,2.0
1205,0.04082354792197925,complier,2.0
1206,-0.7247157292949947,complier,2.0
1207,-0.5528113964699591,complier,2.0
1208,-0.47677055740540675,complier,2.0
1209,0.8875452769787066,always_taker,2.0
1210,1.0646723411020194,always_taker,2.0
1211,-0.15911314794120004,complier,2.0
1212,2.2519469875939375,complier,2.0
1213,1.4559379237104497,complier,2.0
1214,0.5935356438793885,always_taker,2.0
1215,0.13037182132986164,always_taker,2.0
1216,-0.13740292402215393,never_taker,2.0
1217,-1.1458813367201568,never_taker,2.0
1218,-2.58749581243055,never_taker,2.0
1219,0.27471180797987094,complier,2.0
1220,0.10336228498022586,complier,2.0
1221,1.2199321686825144,always_taker,2.0
1222,-0.9807041487329711,never_taker,2.0
1223,-0.3006117395933051,complier,2.0
1224,-2.501048186376201,never_taker,2.0
1225,0.825151529721316,always_taker,2.0
1226,-0.27972844438143635,complier,2.0
1227,1.3707105633382188,always_taker,2.0
1228,1.2963847423717387,complier,2.0
1229,2.843323565000373,always_taker,2.0
1230,0.24915024103514197,complier,2.0
1231,0.9628821726172659,always_taker,2.0
1232,-0.6469563844875414,complier,2.0
1233,-1.2249958286860447,never_taker,2.0
1234,1.4357731045479039,complier,2.0
1235,1.2728431350616929,always_taker,2.0
1236,0.06911683117794121,complier,2.0
1237,0.10835067150699097,always_taker,2.0
1238,0.3132768892759327,complier,2.0
1239,-0.6631338796455329,never_taker,2.0
1240,-1.30135585166027,complier,2.0
1241,-0.3353712572588821,complier,2.0
1242,0.08208068746310586,complier,2.0
1243,1.4661563975833976,always_taker,2.0
1244,-1.7399595923716904,never_taker,2.0
1245,-0.3001069512594706,complier,2.0
1246,-1.5943730432720746,complier,2.0
1247,-0.6415236676604973,always_taker,2.0
1248,0.1547946265746006,always_taker,2.0
1249,-1.8139736972395497,never_taker,2.0
1250,0.194614002210516,complier,2.0
1251,-0.05018328840696386,complier,2.0
1252,0.9055498120777787,complier,2.0
1253,-0.6488676720889051,never_taker,2.0
1254,-0.18480700300175062,complier,2.0
1255,0.820077340252633,always_taker,2.0
1256,1.804889777646746,always_taker,2.0
1257,-0.07351189521488623,complier,2.0
1258,-0.766767218665789,never_taker,2.0
1259,0.18438867276019047,complier,2.0
1260,0.6998198587911122,complier,2.0
1261,0.8095708573111329,always_taker,2.0
1262,0.5366941773212216,complier,2.0
1263,1.5898735770088874,always_taker,2.0
1264,1.1390731670458443,always_taker,2.0
1265,-0.5897780220157138,never_taker,2.0
1266,-0.3218185091671002,complier,2.0
1267,0.36443148277991433,complier,2.0
1268,0.5521002922493521,complier,2.0
1269,1.404848728738205,complier,2.0
1270,-2.223429680151099,never_taker,2.0
1271,-1.3143077008086752,complier,2.0
1272,-0.09776677242436951,complier,2.0
1273,1.3883666164508268,always_taker,2.0
1274,0.37662164973678625,complier,2.0
1275,-0.22859100049990483,complier,2.0
1276,-1.221330982344939,complier,2.0
1277,-1.448892437907528,complier,2.0
1278,-0.21518110146994177,complier,2.0
1279,1.6358502055772564,always_taker,2.0
1280,0.3905023498418207,complier,2.0
1281,-2.008541403965321,never_taker,2.0
1282,0.31728365395257874,complier,2.0
1283,0.14437158801094452,complier,2.0
1284,-0.40778843610206583,complier,2.0
1285,-0.06050005413017866,complier,2.0
1286,0.633606374050457,always_taker,2.0
1287,-2.2528715202742884,complier,2.0
1288,-0.20199253045970958,complier,2.0
1289,-1.1971553536429687,complier,2.0
1290,-0.21916499151956703,complier,2.0
1291,0.6697024720094716,complier,2.0
1292,0.8484448316971737,complier,2.0
1293,1.7463129776203254,complier,2.0
1294,-1.5669969768108454,complier,2.0
1295,-0.6554469775002307,complier,2.0
1296,-1.1175218534408888,never_taker,2.0
1297,-1.1411010552838046,never_taker,2.0
1298,-0.8123645966252051,complier,2.0
1299,1.685585133605964,always_taker,2.0
1300,0.024035585478245466,complier,2.0
1301,-0.1181356765632459,complier,2.0
1302,-0.007473259949088175,complier,2.0
1303,-1.6230668842243197,never_taker,2.0
1304,-0.47258604925969977,complier,2.0
1305,-0.4126557432122644,never_taker,2.0
1306,-1.5404679495347506,complier,2.0
1307,1.6825121832537098,always_taker,2.0
1308,1.1789958661362339,always_taker,2.0
1309,-1.4114824363098724,complier,2.0
1310,1.1718349272198438,always_taker,2.0
1311,-2.2820976749027895,never_taker,2.0
1312,-1.5393493994369487,never_taker,2.0
1313,-1.0100416067774314,never_taker,2.0
1314,1.3398146838766107,always_taker,2.0
1315,-1.2304985117250025,complier,2.0
1316,0.6121785952961211,always_taker,2.0
1317,0.29024101895870946,complier,2.0
1318,0.1633870404537696,complier,2.0
1319,0.3534556614754718,complier,2.0
1320,-0.13514017359954392,never_taker,2.0
1321,-0.9444001019681115,complier,2.0
1322,0.2135413991581096,always_taker,2.0
1323,-0.19741825913645158,complier,2.0
1324,0.48668321073146287,complier,2.0
1325,0.470198461289983,always_taker,2.0
1326,0.5460169901458738,complier,2.0
1327,0.9124886070414349,complier,2.0
1328,-0.2647588225173997,complier,2.0
1329,-0.5268999979490093,complier,2.0
1330,-0.10009526767819735,complier,2.0
1331,1.2700903593016097,always_taker,2.0
1332,0.36688458716546707,complier,2.0
1333,1.1625373618128663,always_taker,2.0
1334,2.6373266034978693,always_taker,2.0
1335,-1.58928347222829,never_taker,2.0
1336,-0.016869757391749386,complier,2.0
1337,0.3447006955865636,complier,2.0
1338,-0.992073340902557,never_taker,2.0
1339,-0.7714987555286478,never_taker,2.0
1340,-1.3720915222532137,complier,2.0
1341,-0.04257057147292904,complier,2.0
1342,0.14694727306072855,always_taker,2.0
1343,-0.6570466344486122,complier,2.0
1344,-0.36610605328519025,never_taker,2.0
1345,1.0716960584066817,complier,2.0
1346,-0.40478821908792145,complier,2.0
1347,-1.5580502880906026,never_taker,2.0
1348,-0.6400033702878508,complier,2.0
1349,0.022019706092675374,complier,2.0
1350,0.030437556883436176,complier,2.0
1351,0.2549012328269298,always_taker,2.0
1352,-0.5091586334340148,complier,2.0
1353,1.0237255268925027,complier,2.0
1354,1.0586240613337732,always_taker,2.0
1355,1.1468153131965437,complier,2.0
1356,0.28079932232316784,complier,2.0
1357,1.3257669590777548,always_taker,2.0
1358,-0.144647148734813,complier,2.0
1359,-0.6492617451599613,complier,2.0
1360,-1.0169220536937118,complier,2.0
1361,-2.3613640773604248,never_taker,2.0
1362,2.591697786001616,always_taker,2.0
1363,-0.27355666607505186,complier,2.0
1364,0.3541063708880122,complier,2.0
1365,1.5433235781331782,always_taker,2.0
1366,0.5535713925961364,always_taker,2.0
1367,0.45980606860977774,complier,2.0
1368,-0.2700405198071291,complier,2.0
1369,-0.2270193685643807,complier,2.0
1370,-2.1532638658531784,complier,2.0
1371,0.013090880286997309,never_taker,2.0
1372,-0.24453690053190086,never_taker,2.0
1373,-1.1228158216338693,complier,2.0
1374,0.6238295969920501,complier,2.0
1375,-0.15807353510238864,complier,2.0
1376,1.1026098744591117,always_taker,2.0
1377,-2.214145015406995,never_taker,2.0
1378,-1.0612923243000718,complier,2.0
1379,-0.02537925923536135,never_taker,2.0
1380,-0.2336067933737592,complier,2.0
1381,0.12429769301773505,always_taker,2.0
1382,0.3241886205076807,complier,2.0
1383,-0.27127091929399566,complier,2.0
1384,-1.2768058310944945,complier,2.0
1385,0.5267559590213592,always_taker,2.0
1386,0.3759192244228542,complier,2.0
1387,-1.7921856455702745,never_taker,2.0
1388,0.9698823384929811,always_taker,2.0
1389,-0.35862428875197994,complier,2.0
1390,-0.6114770471917308,complier,2.0
1391,-0.15367062648390872,complier,2.0
1392,2.64206258071302,always_taker,2.0
1393,1.1763725794345417,always_taker,2.0
1394,1.4025286789304214,always_taker,2.0
1395,1.8394580849208622,always_taker,2.0
1396,1.5604559865902592,always_taker,2.0
1397,1.550571305899701,always_taker,2.0
1398,0.15630102860068149,never_taker,2.0
1399,0.75579923308409,complier,2.0
1400,-0.33303002592124303,complier,2.0
1401,0.0018389909724000925,complier,2.0
1402,0.10363780034207414,complier,2.0
1403,1.1249893046315527,always_taker,2.0
1404,-0.10112730724544425,complier,2.0
1405,-1.0825117773245536,complier,2.0
1406,0.7438888830964798,complier,2.0
1407,0.017173532841654855,complier,2.0
1408,0.6995879031195397,complier,2.0
1409,1.2514513842370472,complier,2.0
1410,-0.09129358473326629,never_taker,2.0
1411,0.15203929252914947,complier,2.0
1412,-0.1433090147403464,complier,2.0
1413,0.20430182951620177,complier,2.0
1414,-0.08637686615671836,always_taker,2.0
1415,1.6992377905993221,always_taker,2.0
1416,0.27332596701524736,complier,2.0
1417,1.299897671040592,always_taker,2.0
1418,-0.9479286635989179,never_taker,2.0
1419,1.6925151479371285,always_taker,2.0
1420,-0.10781461812360763,never_taker,2.0
1421,1.2151797488984102,always_taker,2.0
1422,-0.2860702432457608,complier,2.0
1423,-1.6502810116760933,never_taker,2.0
1424,-0.1817911840028127,complier,2.0
1425,-0.2736096793132589,complier,2.0
1426,1.2472195669656787,always_taker,2.0
1427,-0.39072276504590236,complier,2.0
1428,-0.44411151874800986,complier,2.0
1429,-1.4789443221916057,never_taker,2.0
1430,0.5776432170639333,always_taker,2.0
1431,-0.5104326013977973,never_taker,2.0
1432,-1.2613825247026313,never_taker,2.0
1433,-0.30013750405478173,never_taker,2.0
1434,0.12306714722312567,complier,2.0
1435,0.6291884986551355,complier,2.0
1436,0.7485293010687053,complier,2.0
1437,-0.04822816456062027,complier,2.0
1438,-1.171285749705753,never_taker,2.0
1439,0.5199507890553711,always_taker,2.0
1440,-0.20209201709316038,complier,2.0
1441,-0.8473043328346668,complier,2.0
1442,-0.4533476074067456,never_taker,2.0
1443,1.2519996325706997,always_taker,2.0
1444,1.7354923300258795,always_taker,2.0
1445,0.9768144513030367,complier,2.0
1446,2.2417955472592754,complier,2.0
1447,0.5500505063891244,always_taker,2.0
1448,-1.0578173217018565,never_taker,2.0
1449,0.6287073229683914,complier,2.0
1450,-0.37770890738867113,never_taker,2.0
1451,-0.2817979123601806,complier,2.0
1452,-0.8433207900826081,complier,2.0
1453,-0.30175740952594404,never_taker,2.0
1454,-0.24051543668072262,never_taker,2.0
1455,1.1412222273773056,complier,2.0
1456,0.7903831144002036,always_taker,2.0
1457,-1.1053769158590765,complier,2.0
1458,-1.3235310391931872,never_taker,2.0
1459,-1.6089134255455655,complier,2.0
1460,0.6793709389267033,always_taker,2.0
1461,0.12054865439513615,complier,2.0
1462,-0.729563320608331,always_taker,2.0
1463,0.4443794508275881,complier,2.0
1464,-0.8540983000769518,never_taker,2.0
1465,-0.04515003008613338,complier,2.0
1466,-0.1329882920416269,complier,2.0
1467,1.6711840154444868,always_taker,2.0
1468,1.5809814852234738,always_taker,2.0
1469,0.9695847512607093,complier,2.0
1470,-0.5645771754476202,complier,2.0
1471,-1.4894483834988828,never_taker,2.0
1472,-2.227623254281598,never_taker,2.0
1473,0.6663302559752736,always_taker,2.0
1474,-0.559364629445042,never_taker,2.0
1475,-0.40900710311480687,complier,2.0
1476,-1.6902459661231006,never_taker,2.0
1477,0.5157335403816499,complier,2.0
1478,0.7164530016871146,always_taker,2.0
1479,-1.0977191032593647,complier,2.0
1480,-0.26233524766364413,never_taker,2.0
1481,0.3152933847761336,always_taker,2.0
1482,0.6336577566036096,complier,2.0
1483,0.06075336009657616,complier,2.0
1484,-1.4758664262514476,never_taker,2.0
1485,0.014478518858633327,always_taker,2.0
1486,0.21725642940602236,complier,2.0
1487,-0.20951766767104943,complier,2.0
1488,1.3510190774762427,always_taker,2.0
1489,-0.20162785687205825,complier,2.0
1490,-0.17042632192245025,complier,2.0
1491,-0.7440276422572705,never_taker,2.0
1492,2.064688293073501,always_taker,2.0
1493,-1.0808562853630694,never_taker,2.0
1494,0.5100850937599687,never_taker,2.0
1495,-0.1868640923407991,never_taker,2.0
1496,2.590393280430106,always_taker,2.0
1497,-0.5326339322252784,never_taker,2.0
1498,-0.3664453019082453,complier,2.0
1499,0.3617515438001537,complier,2.0
1500,0.3831479605575732,complier,2.0
1501,-0.46092145968898846,complier,2.0
1502,-0.7720701421859365,never_taker,2.0
1503,-0.39275328970344675,complier,2.0
1504,0.0834448049175519,complier,2.0
1505,-0.5038425996225404,complier,2.0
1506,-0.8751193104314753,complier,2.0
1507,-0.804562442977258,complier,2.0
1508,1.9269716945743165,always_taker,2.0
1509,-1.12821353136065,never_taker,2.0
1510,1.7083197921980386,always_taker,2.0
1511,-1.4353397741797422,complier,2.0
1512,-0.022318149256099328,complier,2.0
1513,1.2623268256579492,always_taker,2.0
1514,-0.02916260439667853,complier,2.0
1515,0.3882712964269966,complier,2.0
1516,-0.9955074975912604,complier,2.0
1517,0.7513021766615462,complier,2.0
1518,-1.0032470842188441,complier,2.0
1519,-1.0250954495176625,complier,2.0
1520,-1.4373894278569261,never_taker,2.0
1521,0.5341016919970496,always_taker,2.0
1522,0.114563190305229,complier,2.0
1523,-1.4556960214099754,never_taker,2.0
1524,-1.016079748765687,complier,2.0
1525,-0.4349131642176744,never_taker,2.0
1526,1.1772487992705754,always_taker,2.0
1527,-1.3874014798353818,complier,2.0
1528,0.7812655368704586,never_taker,2.0
1529,-0.12439487801050665,complier,2.0
1530,-1.1040925081413595,complier,2.0
1531,0.8006285123586503,complier,2.0
1532,-0.13493032115932316,complier,2.0
1533,-0.37719734200367305,complier,2.0
1534,-0.182957348017063,complier,2.0
1535,-0.8689801662399504,complier,2.0
1536,-1.351724062684249,complier,2.0
1537,0.3835704282797678,complier,2.0
1538,-3.303306688352357,never_taker,2.0
1539,1.990594841673146,always_taker,2.0
1540,0.015189515795549745,complier,2.0
1541,0.2733144436193755,complier,2.0
1542,-0.5619083232995149,complier,2.0
1543,-0.013756015452851135,complier,2.0
1544,-0.1367557156640874,complier,2.0
1545,0.5161115112771013,complier,2.0
1546,-0.6155841114034728,complier,2.0
1547,-1.8038129425804807,never_taker,2.0
1548,-0.8227272606766253,never_taker,2.0
1549,-0.7696897448417075,complier,2.0
1550,-0.37286844879942505,complier,2.0
1551,0.3262144362145838,complier,2.0
1552,1.210340054115526,always_taker,2.0
1553,0.5165218708132278,complier,2.0
1554,-1.183198278379943,never_taker,2.0
1555,-0.30810830327920935,complier,2.0
1556,-0.5959826699723246,complier,2.0
1557,-0.9527612643455973,complier,2.0
1558,-0.7037431004201323,complier,2.0
1559,-0.8138539303686245,complier,2.0
1560,-0.5333553863691373,never_taker,2.0
1561,1.2194220359606256,complier,2.0
1562,1.2114587750007482,complier,2.0
1563,-1.4417564115674768,never_taker,2.0
1564,-2.017920310909248,complier,2.0
1565,-0.3513842010120857,complier,2.0
1566,-0.201717902983826,complier,2.0
1567,-1.2051185896339651,complier,2.0
1568,1.6268716349644372,always_taker,2.0
1569,-0.9698019481598249,never_taker,2.0
1570,0.9276238355003676,complier,2.0
1571,-0.4354193862859234,complier,2.0
1572,-1.4183139358560268,complier,2.0
1573,-0.422340956028706,complier,2.0
1574,-0.1460894939429537,complier,2.0
1575,-0.455788443314396,complier,2.0
1576,-0.6726112343902019,complier,2.0
1577,-1.2730499819735033,never_taker,2.0
1578,-0.11202091142124784,complier,2.0
1579,-0.5905973554267214,complier,2.0
1580,0.6192281034069071,always_taker,2.0
1581,-0.24528097135977148,complier,2.0
1582,-2.0844383190166575,never_taker,2.0
1583,0.5526580085686333,complier,2.0
1584,0.10553948349448708,always_taker,2.0
1585,-0.6738938992109835,complier,2.0
1586,0.026949700775348005,always_taker,2.0
1587,0.8309117761188624,complier,2.0
1588,0.05898718247516872,never_taker,2.0
1589,-0.08836222704740372,complier,2.0
1590,-0.21977764843217415,complier,2.0
1591,0.2509343300375343,complier,2.0
1592,1.0732861266739289,complier,2.0
1593,-0.9031902217200384,complier,2.0
1594,0.08614205647592348,complier,2.0
1595,0.2962438600320235,always_taker,2.0
1596,0.8770117011982529,complier,2.0
1597,2.05237322055627,complier,2.0
1598,0.34548392038800446,complier,2.0
1599,0.4427340872261512,complier,2.0
1600,0.08908722878398555,complier,2.0
1601,0.7174560432668157,always_taker,2.0
1602,0.45730530810030556,complier,2.0
1603,-0.055464952705057406,complier,2.0
1604,0.0677227453987192,always_taker,2.0
1605,0.248105570174896,complier,2.0
1606,0.8263063049604782,complier,2.0
1607,1.0581114592532137,always_taker,2.0
1608,-0.260584296406574,complier,2.0
1609,-0.5346431815140521,complier,2.0
1610,-0.9532490577705863,always_taker,2.0
1611,1.3426202149854538,always_taker,2.0
1612,0.8776259781731278,complier,2.0
1613,0.06336903332780373,complier,2.0
1614,-0.43272584983707135,complier,2.0
1615,-1.2834284771786058,never_taker,2.0
1616,1.385062787784502,always_taker,2.0
1617,-1.1318815592944746,never_taker,2.0
1618,-0.4076875395378118,never_taker,2.0
1619,-0.3969519676135383,complier,2.0
1620,-0.6596363003335987,complier,2.0
1621,0.01086665012257095,complier,2.0
1622,2.7126421804880105,always_taker,2.0
1623,0.26035039426887235,complier,2.0
1624,0.4207629598513411,complier,2.0
1625,-1.687080145578837,never_taker,2.0
1626,-0.0945638746405453,complier,2.0
1627,-0.46348617796705005,complier,2.0
1628,-0.7685206156713833,never_taker,2.0
1629,-0.1289265875679453,complier,2.0
1630,-1.3985259303306603,complier,2.0
1631,-0.24541079705697275,complier,2.0
1632,0.18850148668876773,complier,2.0
1633,-0.19768454547009146,complier,2.0
1634,0.5340602392011757,always_taker,2.0
1635,1.0541291765674308,always_taker,2.0
1636,0.1527080063077852,complier,2.0
1637,-0.8736883739706862,never_taker,2.0
1638,0.7006555187929479,always_taker,2.0
1639,1.0854169496087105,always_taker,2.0
1640,1.2140341861840567,complier,2.0
1641,1.8696894241696043,always_taker,2.0
1642,0.4633833648096494,complier,2.0
1643,1.5329560844546857,always_taker,2.0
1644,-0.23811026956744957,complier,2.0
1645,-2.0295537923469813,never_taker,2.0
1646,0.08792962121151267,complier,2.0
1647,0.8473409619532504,complier,2.0
1648,-0.39876360248969184,complier,2.0
1649,0.9653950773634531,complier,2.0
1650,0.8970185037026204,always_taker,2.0
1651,1.3755178680469973,always_taker,2.0
1652,2.205626686764062,always_taker,2.0
1653,-0.2219875976262196,complier,2.0
1654,-0.14774298272898811,complier,2.0
1655,0.9622405082386375,complier,2.0
1656,0.21755940781365932,complier,2.0
1657,-0.9313017503644859,never_taker,2.0
1658,-1.470217435741361,never_taker,2.0
1659,1.0757694360357324,complier,2.0
1660,0.16613200295895525,complier,2.0
1661,1.741437502308981,always_taker,2.0
1662,0.9447269215459954,complier,2.0
1663,1.6837331513851461,always_taker,2.0
1664,0.26697508269301534,complier,2.0
1665,-1.115823994291409,never_taker,2.0
1666,-0.305109650029714,complier,2.0
1667,-0.2076337361237746,never_taker,2.0
1668,1.0247908205268006,complier,2.0
1669,0.7045635444779861,complier,2.0
1670,0.500915210180139,complier,2.0
1671,-0.6186796513878815,never_taker,2.0
1672,-0.5321989179116277,complier,2.0
1673,-0.5865942065020786,never_taker,2.0
1674,-0.869945968671898,complier,2.0
1675,1.491287084877983,complier,2.0
1676,0.022314614776541994,complier,2.0
1677,0.8020714813764107,complier,2.0
1678,0.5847272909733103,always_taker,2.0
1679,1.5066891177957822,complier,2.0
1680,0.2512934040627675,complier,2.0
1681,0.436979014614616,complier,2.0
1682,-0.732751847156691,never_taker,2.0
1683,0.113704749862327,complier,2.0
1684,-1.577211933952297,never_taker,2.0
1685,-0.6904253581589286,complier,2.0
1686,-1.5770308410406273,never_taker,2.0
1687,-0.8731054898093343,complier,2.0
1688,0.03811380246551889,complier,2.0
1689,-0.47596162384698,never_taker,2.0
1690,0.1692413027691356,complier,2.0
1691,0.9100657924609677,complier,2.0
1692,2.2007238914362732,always_taker,2.0
1693,-0.3403044139185463,complier,2.0
1694,-1.004357719955104,complier,2.0
1695,-0.11990169530763911,complier,2.0
1696,-0.036651775399940044,complier,2.0
1697,-0.4586949151377382,complier,2.0
1698,1.9448344168574583,always_taker,2.0
1699,-0.5309018377059005,complier,2.0
1700,0.008952966734368748,complier,2.0
1701,-0.5017345572428188,complier,2.0
1702,-0.5239163948116807,complier,2.0
1703,0.7291740111147028,always_taker,2.0
1704,0.49671239521029475,always_taker,2.0
1705,-1.4685812382880554,never_taker,2.0
1706,-0.14555883786777443,complier,2.0
1707,-0.017169975445957733,complier,2.0
1708,0.1073097629470622,complier,2.0
1709,-0.5054565507364794,complier,2.0
1710,-0.5455795306316854,complier,2.0
1711,1.4760424667133296,always_taker,2.0
1712,0.652971522492917,complier,2.0
1713,0.9434787742517214,complier,2.0
1714,0.09843367661296996,complier,2.0
1715,0.3441932197687059,complier,2.0
1716,-2.899404506331313,never_taker,2.0
1717,-0.528746953962884,complier,2.0
1718,-0.1948587158909084,complier,2.0
1719,0.3910076275413278,complier,2.0
1720,0.3277864025775446,complier,2.0
1721,0.232304136932316,complier,2.0
1722,-2.1283864336743035,never_taker,2.0
1723,-0.3022157586448098,complier,2.0
1724,0.6809145130546546,always_taker,2.0
1725,0.9865918804446994,always_taker,2.0
1726,-0.6233783215126181,complier,2.0
1727,-1.8432528393938534,never_taker,2.0
1728,1.0468150752511038,complier,2.0
1729,0.9342188264638221,complier,2.0
1730,0.32514001827587263,complier,2.0
1731,0.10431969178809816,complier,2.0
1732,-0.1077243638515437,complier,2.0
1733,-0.1585073052699339,complier,2.0
1734,-0.8885169797922293,never_taker,2.0
1735,0.7312654811782975,complier,2.0
1736,-1.1633880681932742,complier,2.0
1737,-2.7524104017760633,never_taker,2.0
1738,-0.3339300837698025,complier,2.0
1739,-0.6293026950695807,never_taker,2.0
1740,-0.4899156052844031,complier,2.0
1741,0.2184098091916889,complier,2.0
1742,-0.614652016861601,complier,2.0
1743,-0.27553845279939493,complier,2.0
1744,1.4819156510398126,always_taker,2.0
1745,1.3093393591618623,always_taker,2.0
1746,-0.5595207764084469,complier,2.0
1747,0.06401015256139755,complier,2.0
1748,0.363380315371084,complier,2.0
1749,-0.15766292845089175,never_taker,2.0
1750,0.5378125159428632,complier,2.0
1751,-0.683988058053413,complier,2.0
1752,1.6284252460263642,always_taker,2.0
1753,0.4982476819914537,complier,2.0
1754,-0.5982958162826743,never_taker,2.0
1755,-0.378710724577422,complier,2.0
1756,-0.41307409986026467,complier,2.0
1757,-0.8349762721746538,never_taker,2.0
1758,-0.057051851294010476,always_taker,2.0
1759,-0.7430842943511488,never_taker,2.0
1760,-0.6739896600551211,complier,2.0
1761,0.8681041919358463,complier,2.0
1762,-0.6176253473096831,never_taker,2.0
1763,1.1003965987715763,always_taker,2.0
1764,1.6451629755414214,always_taker,2.0
1765,0.6245571450875271,complier,2.0
1766,0.5795899473145205,complier,2.0
1767,0.49684285083851404,always_taker,2.0
1768,0.4253615750512408,always_taker,2.0
1769,0.16490725096661613,complier,2.0
1770,-0.7194589299455239,complier,2.0
1771,1.5778846289640838,always_taker,2.0
1772,0.42243092855755343,always_taker,2.0
1773,-2.0059019588702123,never_taker,2.0
1774,2.076839398023994,always_taker,2.0
1775,-0.6569868244211317,complier,2.0
1776,0.47315648619967127,complier,2.0
1777,0.7476490812811589,complier,2.0
1778,0.9265139865246694,complier,2.0
1779,0.6196988705396265,complier,2.0
1780,-2.295302070906949,never_taker,2.0
1781,0.39355938381025996,complier,2.0
1782,0.1877661483127454,complier,2.0
1783,-1.3707590025012668,never_taker,2.0
1784,-1.4171629427763877,complier,2.0
1785,-0.061213525419282946,complier,2.0
1786,0.07869425120028774,complier,2.0
1787,-0.029071685275831562,complier,2.0
1788,-0.35159543406932486,never_taker,2.0
1789,-0.3483385046729534,complier,2.0
1790,0.30790359352589153,complier,2.0
1791,-0.9057248684552331,never_taker,2.0
1792,1.3564583899904552,complier,2.0
1793,0.5028685288998496,complier,2.0
1794,0.6892543153031283,always_taker,2.0
1795,0.16909507289736184,complier,2.0
1796,0.34870430446501116,always_taker,2.0
1797,1.3512790764969025,always_taker,2.0
1798,-1.2001380127317043,never_taker,2.0
1799,-0.6746552613405385,complier,2.0
1800,0.1510225774402689,always_taker,2.0
1801,-0.44746117125685436,never_taker,2.0
1802,-0.06980006682188655,always_taker,2.0
1803,0.6176737891249767,complier,2.0
1804,-1.8923533060730147,never_taker,2.0
1805,1.2172842931244632,always_taker,2.0
1806,0.135774392746765,always_taker,2.0
1807,-0.23230787032406194,complier,2.0
1808,1.1647226806504205,always_taker,2.0
1809,-0.7931551349446528,complier,2.0
1810,0.2589990942322631,complier,2.0
1811,1.1329079850327846,complier,2.0
1812,-1.0134527288649473,never_taker,2.0
1813,-1.0643820011763399,complier,2.0
1814,-0.04871871962485136,complier,2.0
1815,0.7050264627774238,complier,2.0
1816,0.9699955854902782,always_taker,2.0
1817,1.1502259737264693,always_taker,2.0
1818,1.479230849400118,complier,2.0
1819,0.43790428548029614,complier,2.0
1820,0.40929464587503117,complier,2.0
1821,-0.10427252189043926,complier,2.0
1822,1.2223085541449616,always_taker,2.0
1823,0.4256356301518683,complier,2.0
1824,0.9987475212050069,complier,2.0
1825,-0.3938843490449582,complier,2.0
1826,-2.301748679545016,never_taker,2.0
1827,0.9333694820038483,always_taker,2.0
1828,-0.026269631593890664,never_taker,2.0
1829,0.5727629792405049,always_taker,2.0
1830,-0.22656555134365755,complier,2.0
1831,-0.7932479178290894,complier,2.0
1832,0.6432662663133287,complier,2.0
1833,-0.7482735464595676,never_taker,2.0
1834,-0.23334785311263573,complier,2.0
1835,1.094961228636902,always_taker,2.0
1836,0.34940730992638064,complier,2.0
1837,0.6903489027906451,complier,2.0
1838,0.5928481320557895,never_taker,2.0
1839,-0.6381069534110453,complier,2.0
1840,-0.022523356573156857,always_taker,2.0
1841,-0.2924351509175567,complier,2.0
1842,1.3508093386427673,complier,2.0
1843,-2.0760218192613027,never_taker,2.0
1844,0.26876315287989677,complier,2.0
1845,-0.07167797235928451,complier,2.0
1846,0.44579079636236224,complier,2.0
1847,2.344506700317948,always_taker,2.0
1848,-0.6398124948487394,complier,2.0
1849,-0.3554214344910316,complier,2.0
1850,-0.2164319814660305,complier,2.0
1851,-0.8740645116019269,complier,2.0
1852,-1.107107128797296,never_taker,2.0
1853,-0.5999766925480697,complier,2.0
1854,1.7323096794444541,always_taker,2.0
1855,0.5751173975028051,always_taker,2.0
1856,0.23091221934741635,complier,2.0
1857,1.5090948754482811,complier,2.0
1858,1.8977355658269532,always_taker,2.0
1859,-0.5909826878579516,complier,2.0
1860,-0.8108441998464017,never_taker,2.0
1861,-1.4208539127996844,never_taker,2.0
1862,0.5565557129273748,complier,2.0
1863,2.374122979580956,always_taker,2.0
1864,0.27803391856038767,complier,2.0
1865,0.5792295344158123,always_taker,2.0
1866,0.6567243057447153,complier,2.0
1867,0.05545216577232919,complier,2.0
1868,0.34213138576827556,always_taker,2.0
1869,1.1882408994847908,complier,2.0
1870,-0.8834649202162567,complier,2.0
1871,-1.5425002535280952,never_taker,2.0
1872,-0.9061889578496086,complier,2.0
1873,1.1041966888399461,always_taker,2.0
1874,0.08740391537535717,complier,2.0
1875,-1.6636347126841664,complier,2.0
1876,-1.324815751420296,never_taker,2.0
1877,-0.03376552568759416,complier,2.0
1878,0.9846013967749235,complier,2.0
1879,-0.5978748991050286,complier,2.0
1880,-1.2282122477370865,never_taker,2.0
1881,-1.2505549821177215,never_taker,2.0
1882,0.18178228472187083,complier,2.0
1883,-0.949202755173156,never_taker,2.0
1884,-1.3048104190494916,never_taker,2.0
1885,2.2452488203062164,always_taker,2.0
1886,-0.4884842262765724,complier,2.0
1887,1.014273066659143,complier,2.0
1888,0.45688511941754,complier,2.0
1889,1.061513579807175,never_taker,2.0
1890,1.5115367888261664,complier,2.0
1891,-0.7013455424476376,never_taker,2.0
1892,0.038222284149157314,complier,2.0
1893,0.7148915175230913,complier,2.0
1894,-0.16782114659415157,complier,2.0
1895,-0.4724254069911933,complier,2.0
1896,-0.7778643757988621,never_taker,2.0
1897,-0.5669563849304631,complier,2.0
1898,0.7528969790780845,complier,2.0
1899,-1.7011756717624682,never_taker,2.0
1900,0.6674137856789005,complier,2.0
1901,1.585803045741647,always_taker,2.0
1902,-0.550149163286791,never_taker,2.0
1903,0.09169919438859556,complier,2.0
1904,0.08019170289684134,always_taker,2.0
1905,0.7738815450709791,complier,2.0
1906,0.8253458328398457,complier,2.0
1907,-0.4062810494575105,complier,2.0
1908,0.7597590507745595,complier,2.0
1909,0.6109872236252458,always_taker,2.0
1910,1.3009878656978544,always_taker,2.0
1911,1.2193316826319958,always_taker,2.0
1912,-0.1418423519246338,complier,2.0
1913,1.370722223169495,always_taker,2.0
1914,0.045443852314465225,complier,2.0
1915,0.34053060588162043,complier,2.0
1916,0.3317843998554621,complier,2.0
1917,1.473782831023371,complier,2.0
1918,0.3466471266690749,always_taker,2.0
1919,0.06434262387981275,always_taker,2.0
1920,-0.4012363256768779,complier,2.0
1921,0.46099666659617683,complier,2.0
1922,-0.3293292794767803,complier,2.0
1923,0.43894320889436367,always_taker,2.0
1924,0.05723533598022126,complier,2.0
1925,0.10980251581550077,always_taker,2.0
1926,-1.051462465646705,never_taker,2.0
1927,-0.9168060314475046,never_taker,2.0
1928,-1.819745044177388,never_taker,2.0
1929,1.7627415294647475,always_taker,2.0
1930,1.2773501767359263,complier,2.0
1931,-0.08998539550562883,complier,2.0
1932,-0.645143952878548,complier,2.0
1933,0.17293622279837642,never_taker,2.0
1934,0.0002086383819924681,complier,2.0
1935,1.8810149541721506,always_taker,2.0
1936,-0.6454172535148436,complier,2.0
1937,0.051668069332953426,complier,2.0
1938,-0.8167393325294625,never_taker,2.0
1939,-0.48878549201119487,complier,2.0
1940,1.5548018917900972,always_taker,2.0
1941,-1.3162592393473846,never_taker,2.0
1942,-0.45907751423519055,never_taker,2.0
1943,1.876657933833009,always_taker,2.0
1944,-1.27091867332679,never_taker,2.0
1945,-0.4986394198953067,always_taker,2.0
1946,-1.1668570569699375,complier,2.0
1947,-1.1310961634058943,never_taker,2.0
1948,1.0994871796325456,always_taker,2.0
1949,0.2940102771545599,never_taker,2.0
1950,0.8031663117233623,never_taker,2.0
1951,-1.4621344370285023,never_taker,2.0
1952,0.5594076974910761,always_taker,2.0
1953,0.7839018462438635,always_taker,2.0
1954,-0.19779002792269315,never_taker,2.0
1955,-0.33886350992462483,complier,2.0
1956,1.1259126896990663,always_taker,2.0
1957,1.0616663946148988,complier,2.0
1958,0.0621119757080355,complier,2.0
1959,-0.3880931307932755,complier,2.0
1960,0.02390446809496772,never_taker,2.0
1961,-0.804663292123044,complier,2.0
1962,1.3575943100122014,always_taker,2.0
1963,0.6051689549239468,always_taker,2.0
1964,-0.37689155427396454,complier,2.0
1965,1.0845762022247913,complier,2.0
1966,0.5662371866722304,complier,2.0
1967,1.0652745930630914,always_taker,2.0
1968,0.35942783278043594,complier,2.0
1969,1.5333886968514672,always_taker,2.0
1970,1.1065422899170754,always_taker,2.0
1971,1.1874072878597897,complier,2.0
1972,0.21330695045182502,complier,2.0
1973,1.5042334581721644,always_taker,2.0
1974,-2.724223334438669,never_taker,2.0
1975,0.3172243232691291,complier,2.0
1976,-1.2744398703112347,complier,2.0
1977,1.3288538214252326,always_taker,2.0
1978,-0.6438875341270034,never_taker,2.0
1979,-0.38293153207468367,complier,2.0
1980,-0.9297842013589808,complier,2.0
1981,1.4879686974187105,complier,2.0
1982,1.784600553591786,always_taker,2.0
1983,0.6009707298548849,complier,2.0
1984,-0.036603354634755,complier,2.0
1985,-1.5203160753008442,never_taker,2.0
1986,-1.11089828324739,complier,2.0
1987,-0.4653874560359709,complier,2.0
1988,1.494870418871007,complier,2.0
1989,-1.1155804788877763,complier,2.0
1990,-0.978406530934684,never_taker,2.0
1991,-0.9977612320696457,never_taker,2.0
1992,-0.8319023789656737,never_taker,2.0
1993,-0.007493155240690186,complier,2.0
1994,0.9529315927971523,always_taker,2.0
1995,0.8766065215804771,complier,2.0
1996,-0.4619388552098575,never_taker,2.0
1997,0.7132311809062833,always_taker,2.0
1998,0.4685762864016761,always_taker,2.0
1999,1.8953795625250702,always_taker,2.0
2000,-0.539129799225739,complier,2.0
2001,0.35473572178063284,complier,2.0
2002,1.488741927593395,always_taker,2.0
2003,0.5577382051913454,complier,2.0
2004,0.11597707989267973,complier,2.0
2005,2.0358625482747135,always_taker,2.0
2006,-1.6925740223869876,never_taker,2.0
2007,0.04711477598544354,complier,2.0
2008,-0.13167225265972116,complier,2.0
2009,0.34924980643288284,always_taker,2.0
2010,0.9524604968570173,always_taker,2.0
2011,-0.10559678745572654,always_taker,2.0
2012,0.5086170467409484,always_taker,2.0
2013,-0.7474812717055445,complier,2.0
2014,-0.2104509227492919,always_taker,2.0
2015,-1.4797345835931075,never_taker,2.0
2016,0.07788250883630841,complier,2.0
2017,-0.5701031606275991,never_taker,2.0
2018,-0.4158938018018608,complier,2.0
2019,-0.8843049984570043,complier,2.0
2020,1.1122231902843887,always_taker,2.0
2021,0.27415204864299214,always_taker,2.0
2022,0.6852412213325774,always_taker,2.0
2023,-0.09460718028883446,always_taker,2.0
2024,-0.5023939128744381,complier,2.0
2025,1.2345874042740372,always_taker,2.0
2026,-0.9093864720777566,never_taker,2.0
2027,0.06026622730859628,complier,2.0
2028,-0.3929723837828253,complier,2.0
2029,1.19035298448174,never_taker,2.0
2030,-0.9909015812208939,never_taker,2.0
2031,0.34622862701396623,always_taker,2.0
2032,0.8892357054509565,complier,2.0
2033,0.7133695796065208,complier,2.0
2034,-0.41141619099559623,complier,2.0
2035,-0.04181612190410059,complier,2.0
2036,-0.046349068022238205,complier,2.0
2037,-0.28603896256355055,complier,2.0
2038,-0.825059471743691,never_taker,2.0
2039,-1.0317298159670878,never_taker,2.0
2040,1.0570475712365812,always_taker,2.0
2041,-2.796565075458831,never_taker,2.0
2042,1.7960924263856204,always_taker,2.0
2043,0.6209900642524336,always_taker,2.0
2044,-1.0646971122713584,never_taker,2.0
2045,-0.11784219141729287,complier,2.0
2046,0.17733380997253903,complier,2.0
2047,-0.9709708837772439,complier,2.0
2048,1.1682736105726044,always_taker,2.0
2049,-0.7828945777370506,complier,2.0
2050,0.6000255139104634,always_taker,2.0
2051,1.1213255303021135,complier,2.0
2052,0.9208672894204332,always_taker,2.0
2053,0.5599272838336725,complier,2.0
2054,0.6446569466036413,always_taker,2.0
2055,0.035902724675359536,always_taker,2.0
2056,-0.5915512619577382,complier,2.0
2057,-0.9562232342860475,complier,2.0
2058,1.3178054768991194,always_taker,2.0
2059,0.3482709573846957,complier,2.0
2060,-0.12410602616362153,complier,2.0
2061,0.6283627666764642,complier,2.0
2062,0.6725949706794326,complier,2.0
2063,-0.7650429510007452,complier,2.0
2064,0.7784277175475273,never_taker,2.0
2065,0.40987783350598833,complier,2.0
2066,-0.07835578071134029,complier,2.0
2067,1.4789994793107881,always_taker,2.0
2068,-0.09607908372497959,complier,2.0
2069,1.4917827786392552,complier,2.0
2070,-1.6422922090588197,never_taker,2.0
2071,-0.5695358472497701,complier,2.0
2072,-0.9466766355333041,never_taker,2.0
2073,-1.0238442979279776,never_taker,2.0
2074,1.2262834449426914,complier,2.0
2075,0.6992646645261629,always_taker,2.0
2076,0.5714011054972246,always_taker,2.0
2077,-1.586161280309767,never_taker,2.0
2078,1.6323557737736638,complier,2.0
2079,0.681695315415812,always_taker,2.0
2080,-1.145865521375601,never_taker,2.0
2081,-0.2109778975610091,never_taker,2.0
2082,-0.13108883559670667,complier,2.0
2083,0.6758990386675676,complier,2.0
2084,0.0927910356805697,complier,2.0
2085,0.10015607682818403,complier,2.0
2086,0.6859560847757771,complier,2.0
2087,-1.472778324522546,never_taker,2.0
2088,-1.4924154033133452,never_taker,2.0
2089,-0.5282438545928411,complier,2.0
2090,0.46148322882335396,always_taker,2.0
2091,-0.4507281790037348,complier,2.0
2092,-0.22079007155828653,complier,2.0
2093,-0.3299948839248767,complier,2.0
2094,0.07234110126924378,complier,2.0
2095,0.35214013899526,complier,2.0
2096,0.35575607940468257,complier,2.0
2097,1.1711409346221804,complier,2.0
2098,0.14315792317474546,complier,2.0
2099,-0.0673446705519935,complier,2.0
2100,0.14268773473112753,complier,2.0
2101,-1.9347191194693012,never_taker,2.0
2102,-0.0023928021230321503,complier,2.0
2103,-0.02266833950559949,complier,2.0
2104,-1.013824448136789,never_taker,2.0
2105,-0.1622179796904788,complier,2.0
2106,0.6024715833154356,always_taker,2.0
2107,0.4064467769672136,complier,2.0
2108,0.34842870647383406,complier,2.0
2109,1.317388552265933,complier,2.0
2110,-0.5158800463080615,complier,2.0
2111,1.8578951265948456,always_taker,2.0
2112,-0.18298515025585405,complier,2.0
2113,0.1876160224405108,complier,2.0
2114,1.2278856412180519,complier,2.0
2115,0.3776169808438035,complier,2.0
2116,0.02142356721900743,never_taker,2.0
2117,1.0949115551647455,complier,2.0
2118,-0.5609316869074505,never_taker,2.0
2119,-1.5663571656256987,never_taker,2.0
2120,-0.45150570535694906,complier,2.0
2121,-1.1513256275150026,never_taker,2.0
2122,-1.0381374367171052,complier,2.0
2123,-0.314685375309244,complier,2.0
2124,-0.4346769887856219,never_taker,2.0
2125,-1.3347333079353805,never_taker,2.0
2126,1.3374356882427172,always_taker,2.0
2127,-1.3159411347584278,never_taker,2.0
2128,0.8596198160052927,always_taker,2.0
2129,-0.579246950099252,never_taker,2.0
2130,-0.3473346587807453,complier,2.0
2131,0.3624378605793528,complier,2.0
2132,1.8394898313165922,always_taker,2.0
2133,-1.0964074784738924,complier,2.0
2134,1.3983496996166227,always_taker,2.0
2135,0.14902073721034303,complier,2.0
2136,2.3751547485423434,always_taker,2.0
2137,0.29869941314171267,complier,2.0
2138,1.1356305419980661,always_taker,2.0
2139,0.42475468650380627,complier,2.0
2140,-0.8398237234301479,complier,2.0
2141,-1.246096342444455,complier,2.0
2142,-0.31053440433128865,complier,2.0
2143,0.12371058177633808,complier,2.0
2144,0.7852135032061425,always_taker,2.0
2145,0.17250105020892795,complier,2.0
2146,-0.734246575988657,complier,2.0
2147,0.6296492996207285,complier,2.0
2148,0.47460795994228716,complier,2.0
2149,1.4433828162560756,complier,2.0
2150,0.2981146570980448,always_taker,2.0
2151,-1.1491968197964244,never_taker,2.0
2152,-0.6114913644658637,complier,2.0
2153,0.9165225261304426,complier,2.0
2154,-1.367056066926676,never_taker,2.0
2155,-1.1229454557589267,complier,2.0
2156,-0.031470491765156934,complier,2.0
2157,0.4621093488623498,complier,2.0
2158,0.27158598513150606,complier,2.0
2159,-1.4515370585933176,complier,2.0
2160,-0.21909039319232118,complier,2.0
2161,-0.8679615785728239,always_taker,2.0
2162,0.11284448425107678,complier,2.0
2163,1.1925821501160903,always_taker,2.0
2164,0.3935109917846537,always_taker,2.0
2165,0.950446844565657,never_taker,2.0
2166,0.6139890292137704,always_taker,2.0
2167,-0.2849836536842395,complier,2.0
2168,-0.5579242308270277,complier,2.0
2169,0.5057093655971797,complier,2.0
2170,-0.05309576680655819,complier,2.0
2171,1.2808115471238266,always_taker,2.0
2172,1.1567988196123762,always_taker,2.0
2173,-1.491901862799182,never_taker,2.0
2174,-0.9065357595859843,complier,2.0
2175,0.2350647865155087,complier,2.0
2176,0.35342383935309357,complier,2.0
2177,-0.41777486150460486,complier,2.0
2178,-0.9441110821766175,never_taker,2.0
2179,2.111632348993829,always_taker,2.0
2180,-0.398329356218114,complier,2.0
2181,0.3518497249593402,complier,2.0
2182,-1.76720404379809,complier,2.0
2183,1.0086124191099293,always_taker,2.0
2184,-0.702691739286635,complier,2.0
2185,1.2635040604924646,complier,2.0
2186,-0.26096656191199524,complier,2.0
2187,-0.6611896401857863,complier,2.0
2188,-0.171463830000771,complier,2.0
2189,0.5265907551182863,complier,2.0
2190,1.0145580672630843,always_taker,2.0
2191,-0.03322825738715123,complier,2.0
2192,0.10402471015721272,complier,2.0
2193,-0.6730940827757831,never_taker,2.0
2194,0.18481034309585123,complier,2.0
2195,1.4862873714065243,complier,2.0
2196,0.8547131458767243,complier,2.0
2197,0.39934689360892556,complier,2.0
2198,-0.20238751305315883,complier,2.0
2199,2.1802005423634747,always_taker,2.0
2200,-0.9204351703078442,complier,2.0
2201,-1.9195257113472917,never_taker,2.0
2202,-0.089063987707874,always_taker,2.0
2203,0.5801167231535322,always_taker,2.0
2204,1.509911128615056,always_taker,2.0
2205,0.2451122089596674,complier,2.0
2206,-0.45810120641675695,complier,2.0
2207,-0.21482130272740868,complier,2.0
2208,-1.9209950318210902,never_taker,2.0
2209,0.7401568730851033,complier,2.0
2210,-1.9840857165555537,never_taker,2.0
2211,1.012819702501061,always_taker,2.0
2212,0.9270305186232229,complier,2.0
2213,-0.7509491024170604,never_taker,2.0
2214,1.1690188188414679,complier,2.0
2215,-1.7064965009973179,never_taker,2.0
2216,-1.561133915789638,never_taker,2.0
2217,0.8191692771928205,always_taker,2.0
2218,0.1497043981520348,complier,2.0
2219,-1.6254550101336294,complier,2.0
2220,-1.33961046465932,complier,2.0
2221,0.310636919021537,complier,2.0
2222,-0.7328631220611264,never_taker,2.0
2223,0.5311738270190439,complier,2.0
2224,0.7046159805996338,complier,2.0
2225,1.0023334749224058,complier,2.0
2226,-0.9352569405110038,complier,2.0
2227,-0.46760139825120556,complier,2.0
2228,0.8438305104651131,complier,2.0
2229,-1.9989925084507476,complier,2.0
2230,0.2023118685050165,complier,2.0
2231,0.344563332656432,complier,2.0
2232,0.04841319967306722,complier,2.0
2233,0.8664261835227092,complier,2.0
2234,1.4857322115761284,complier,2.0
2235,-0.7110649027000543,complier,2.0
2236,0.7076888622119141,complier,2.0
2237,0.7794703891527271,complier,2.0
2238,-0.9611251223428116,never_taker,2.0
2239,-0.28829963711564804,complier,2.0
2240,0.5597084942982598,complier,2.0
2241,0.14624642323319936,complier,2.0
2242,1.4529340070820895,always_taker,2.0
2243,0.19259971670240492,complier,2.0
2244,-0.2481868135933196,complier,2.0
2245,0.09320307827222565,complier,2.0
2246,1.5109273530667298,complier,2.0
2247,0.03265404099536212,complier,2.0
2248,0.03952607635893709,always_taker,2.0
2249,0.21976073268062626,complier,2.0
2250,-1.0801754664816778,complier,2.0
2251,-0.40525335188520567,complier,2.0
2252,0.9185164442957848,complier,2.0
2253,0.779818675005821,complier,2.0
2254,0.8340458685932931,complier,2.0
2255,2.0664428319182027,always_taker,2.0
2256,-0.0837658680283246,never_taker,2.0
2257,0.5863353977866576,complier,2.0
2258,1.7004898469259404,always_taker,2.0
2259,1.3350027684207748,complier,2.0
2260,0.4783132544596625,complier,2.0
2261,0.27853069163611593,complier,2.0
2262,0.8609771008165832,always_taker,2.0
2263,-0.9829813281854559,never_taker,2.0
2264,0.9850118446800827,always_taker,2.0
2265,-0.5589284539254002,complier,2.0
2266,-0.3272531124749014,always_taker,2.0
2267,-1.3450957376691006,complier,2.0
2268,-0.9725994647472519,complier,2.0
2269,0.9651207945671744,always_taker,2.0
2270,1.1254880430030363,always_taker,2.0
2271,-0.5262058508789362,complier,2.0
2272,-1.8655189635290135,never_taker,2.0
2273,-1.3636906065449692,never_taker,2.0
2274,0.7277975214012639,complier,2.0
2275,-0.05770070191692378,complier,2.0
2276,0.2798693842568228,complier,2.0
2277,0.5176333587581479,always_taker,2.0
2278,-0.28212152742954466,complier,2.0
2279,2.0066876501938276,complier,2.0
2280,-0.09024840309680664,complier,2.0
2281,0.3249545727858227,complier,2.0
2282,-1.97042541405792,never_taker,2.0
2283,-0.6878195213626556,complier,2.0
2284,-0.6588000440957618,complier,2.0
2285,-0.6365466783395741,never_taker,2.0
2286,0.3296950321482449,complier,2.0
2287,-0.13870365539235072,complier,2.0
2288,-1.5399690642722774,never_taker,2.0
2289,-0.43304724387848087,always_taker,2.0
2290,0.1849380371262027,complier,2.0
2291,-1.8606626260177614,complier,2.0
2292,-0.9689193630392683,never_taker,2.0
2293,0.07309126026149311,complier,2.0
2294,0.8688636285498056,always_taker,2.0
2295,0.21886700764535386,always_taker,2.0
2296,0.25108162973338927,always_taker,2.0
2297,0.16212626796484902,never_taker,2.0
2298,-0.7161690214958111,complier,2.0
2299,-0.8700721785111158,complier,2.0
2300,0.9591750055678836,always_taker,2.0
2301,-0.932446330876784,complier,2.0
2302,-0.4716429200491769,complier,2.0
2303,0.5413514418171713,complier,2.0
2304,1.3158109308863746,always_taker,2.0
2305,0.7670382475498146,always_taker,2.0
2306,-0.9865975554686746,complier,2.0
2307,-1.051632450857567,complier,2.0
2308,-0.5775481960593296,never_taker,2.0
2309,-1.6436365542776983,complier,2.0
2310,0.2170836390485929,complier,2.0
2311,-0.340677377414607,complier,2.0
2312,-1.9802479824787762,never_taker,2.0
2313,-2.1211714564245634,never_taker,2.0
2314,-0.8744185634664542,complier,2.0
2315,-0.16553170550615495,never_taker,2.0
2316,0.9383949235088402,complier,2.0
2317,1.6799403316957877,always_taker,2.0
2318,-0.8077261238675637,never_taker,2.0
2319,1.7246754358922307,complier,2.0
2320,-0.044538609365798836,complier,2.0
2321,0.9187618438696226,always_taker,2.0
2322,0.9743309742838493,complier,2.0
2323,-0.7609134740095246,complier,2.0
2324,-0.4319642420048168,complier,2.0
2325,-0.4645160930772316,complier,2.0
2326,-1.0443859610529553,never_taker,2.0
2327,-0.05214259716062722,complier,2.0
2328,-0.5268388900875118,never_taker,2.0
2329,2.234107078805314,always_taker,2.0
2330,0.35438508512022754,complier,2.0
2331,-1.4291356619517384,complier,2.0
2332,0.84800329291425,complier,2.0
2333,-0.42853926082041593,complier,2.0
2334,-0.8076832247827131,never_taker,2.0
2335,-0.8897377373599171,complier,2.0
2336,0.9236041003387792,complier,2.0
2337,1.7844721564832968,always_taker,2.0
2338,0.5624802564150171,complier,2.0
2339,0.21475517316278753,complier,2.0
2340,-1.5212325168543024,never_taker,2.0
2341,1.9588931744671005,always_taker,2.0
2342,-0.28471168741414876,complier,2.0
2343,-0.09650060218564822,complier,2.0
2344,-1.1364147828104059,complier,2.0
2345,-0.4331489975466007,complier,2.0
2346,-0.6339328636075681,complier,2.0
2347,-1.5305565959746148,never_taker,2.0
2348,-0.25456784654763165,complier,2.0
2349,2.5016983964778174,always_taker,2.0
2350,-1.6066711204628978,never_taker,2.0
2351,-0.5562397142554542,never_taker,2.0
2352,0.5234107596953017,always_taker,2.0
2353,-0.3869092173864461,complier,2.0
2354,0.5873006440994417,complier,2.0
2355,0.3251809351169153,complier,2.0
2356,-0.6911542343426841,complier,2.0
2357,-1.0077924502584303,complier,2.0
2358,-0.07503384477088887,always_taker,2.0
2359,-0.8348143968998477,never_taker,2.0
2360,-1.769593567131548,never_taker,2.0
2361,-0.6599808272430261,complier,2.0
2362,0.6388086664662954,always_taker,2.0
2363,1.0737653232351005,complier,2.0
2364,0.9246902172819197,always_taker,2.0
2365,-0.6506407518784229,complier,2.0
2366,1.1186592826180637,always_taker,2.0
2367,-0.20461100685222708,complier,2.0
2368,-1.6162373634573661,never_taker,2.0
2369,-0.9734864170505951,complier,2.0
2370,-1.4675447560221415,never_taker,2.0
2371,-0.38030459574785164,complier,2.0
2372,1.0852842951278574,always_taker,2.0
2373,1.0561822296446393,always_taker,2.0
2374,-0.43571456846548995,complier,2.0
2375,-0.47921445778890503,complier,2.0
2376,-0.8568637248188286,complier,2.0
2377,-0.3256698894390345,always_taker,2.0
2378,0.006813040820859299,complier,2.0
2379,-0.3335596022137504,complier,2.0
2380,0.1949748403967985,complier,2.0
2381,-0.8101872227577428,never_taker,2.0
2382,-0.6711340696907966,complier,2.0
2383,0.3493950893669366,always_taker,2.0
2384,-0.3191221535499398,complier,2.0
2385,0.3947870085934568,always_taker,2.0
2386,-0.24218090371413575,never_taker,2.0
2387,-0.45369396191989925,complier,2.0
2388,1.2880730970167513,always_taker,2.0
2389,-1.016772274391198,complier,2.0
2390,-0.7875627303392105,complier,2.0
2391,-0.429894501726511,never_taker,2.0
2392,-0.5702944620914557,complier,2.0
2393,0.4945736805963499,complier,2.0
2394,0.7003270383484888,never_taker,2.0
2395,0.057909479884500896,never_taker,2.0
2396,-0.5270801792271862,complier,2.0
2397,0.35967819974313653,never_taker,2.0
2398,-0.14585547661350923,always_taker,2.0
2399,0.31772705368904375,complier,2.0
2400,0.15177307920704292,never_taker,2.0
2401,0.2761503530212395,complier,2.0
2402,1.1969024417739362,always_taker,2.0
2403,-0.297576847301554,never_taker,2.0
2404,0.04169340123753455,always_taker,2.0
2405,-0.39563155727299815,complier,2.0
2406,1.089982523980743,always_taker,2.0
2407,1.3618969293711638,always_taker,2.0
2408,-1.043519644340609,never_taker,2.0
2409,1.7241848470265226,complier,2.0
2410,1.0176337734824745,always_taker,2.0
2411,0.25193489267835706,complier,2.0
2412,2.2210653170067234,always_taker,2.0
2413,-0.6272137165693362,complier,2.0
2414,-2.060846408575145,never_taker,2.0
2415,0.45244710761734624,complier,2.0
2416,0.03814649026206287,complier,2.0
2417,-0.4935126921756972,complier,2.0
2418,0.871682041884251,always_taker,2.0
2419,1.0209855860652564,complier,2.0
2420,-1.4542865472747355,never_taker,2.0
2421,0.4070123043394137,complier,2.0
2422,-0.3435633541679598,complier,2.0
2423,0.2689941786032381,complier,2.0
2424,0.5703889651165405,complier,2.0
2425,-1.6305182350385832,never_taker,2.0
2426,0.39810110514940283,complier,2.0
2427,-1.575519104630287,never_taker,2.0
2428,-0.16663872137699587,complier,2.0
2429,0.7315221894637822,always_taker,2.0
2430,0.08781447921225798,complier,2.0
2431,0.09653781658737544,complier,2.0
2432,1.1179776764060032,always_taker,2.0
2433,0.42054483617042054,complier,2.0
2434,0.6749248850866622,complier,2.0
2435,0.08661330429881343,complier,2.0
2436,1.3366841652916703,always_taker,2.0
2437,-2.5439256861304993,never_taker,2.0
2438,0.521420498107646,complier,2.0
2439,-1.1697959142860601,complier,2.0
2440,-0.45359379192872007,complier,2.0
2441,-0.4904713577736255,complier,2.0
2442,-0.9676247221603627,never_taker,2.0
2443,1.1423004803749641,always_taker,2.0
2444,0.6298159374006839,complier,2.0
2445,-0.5982111585668665,never_taker,2.0
2446,0.007066434519005765,complier,2.0
2447,-0.5536974187350602,complier,2.0
2448,-1.0147861658342474,never_taker,2.0
2449,0.8583368257492392,always_taker,2.0
2450,-2.078690814863198,never_taker,2.0
2451,-0.7860771646332939,complier,2.0
2452,1.3262120259161654,always_taker,2.0
2453,0.060252595800202154,always_taker,2.0
2454,0.28998453579778444,complier,2.0
2455,-0.609618129704799,never_taker,2.0
2456,-0.05060447483994519,complier,2.0
2457,-1.1890906045834344,never_taker,2.0
2458,-1.667781864441915,never_taker,2.0
2459,-0.07178785785585474,complier,2.0
2460,-1.5817708096712289,never_taker,2.0
2461,0.36812027433693023,complier,2.0
2462,-1.6040222777193984,never_taker,2.0
2463,-1.0523815676873938,never_taker,2.0
2464,-0.8469915558233686,complier,2.0
2465,0.46886678122194225,complier,2.0
2466,-0.24236470199045043,complier,2.0
2467,-1.1943615498763502,never_taker,2.0
2468,0.24854792671019926,complier,2.0
2469,-0.768437795459305,never_taker,2.0
2470,0.007627968279874434,complier,2.0
2471,0.44504470817481273,complier,2.0
2472,-1.906363090449853,never_taker,2.0
2473,0.019739121154768616,never_taker,2.0
2474,-0.11058781501855482,complier,2.0
2475,0.6720985628830324,always_taker,2.0
2476,0.7066933265199562,complier,2.0
2477,-0.2968966559554848,complier,2.0
2478,-1.4049228760827683,complier,2.0
2479,-1.3881739251629213,never_taker,2.0
2480,-0.29232193908600357,complier,2.0
2481,1.3646028638166372,always_taker,2.0
2482,0.7189598276308895,always_taker,2.0
2483,0.040447396302294394,complier,2.0
2484,0.06342926265813954,complier,2.0
2485,-0.29266137453247126,complier,2.0
2486,-1.115335932529592,never_taker,2.0
2487,0.8214648908423036,never_taker,2.0
2488,-2.1740417285408062,never_taker,2.0
2489,1.7440386974635365,always_taker,2.0
2490,0.12659019169374153,complier,2.0
2491,0.3252698091367201,complier,2.0
2492,0.39481956167224824,complier,2.0
2493,1.6189650678787846,complier,2.0
2494,-0.0397187031216169,complier,2.0
2495,-0.26001803999866163,complier,2.0
2496,0.9101546021785873,complier,2.0
2497,-0.7578823067983209,complier,2.0
2498,0.7600676855282634,complier,2.0
2499,0.4641598002649975,complier,2.0
2500,0.30193238968000713,always_taker,2.0
2501,0.6420761227207298,complier,2.0
2502,-0.4426365448727892,complier,2.0
2503,-0.3869469767610004,never_taker,2.0
2504,-1.20018842568494,never_taker,2.0
2505,-0.028758987801916623,complier,2.0
2506,1.0313027271469573,always_taker,2.0
2507,0.3159074796182064,complier,2.0
2508,0.6511634949420418,complier,2.0
2509,0.4933575792428007,complier,2.0
2510,-1.211236325381165,never_taker,2.0
2511,0.3742195859783829,complier,2.0
2512,1.6169051804356387,always_taker,2.0
2513,-0.3919098895930026,complier,2.0
2514,0.012422831951539334,always_taker,2.0
2515,1.0996649503446212,complier,2.0
2516,-0.07542536286501354,complier,2.0
2517,0.4051136979889632,complier,2.0
2518,-0.7881740784708426,never_taker,2.0
2519,1.732322311970835,always_taker,2.0
2520,-0.27378753947679724,complier,2.0
2521,1.9552688071860194,always_taker,2.0
2522,-0.7024011503829913,complier,2.0
2523,-0.3213767800484952,never_taker,2.0
2524,-1.584978457519796,never_taker,2.0
2525,-1.2493773524274778,complier,2.0
2526,0.3826632464991989,complier,2.0
2527,1.702665193676289,always_taker,2.0
2528,-1.4589713571847835,complier,2.0
2529,0.1293715217279667,complier,2.0
2530,1.4413144648779603,always_taker,2.0
2531,0.8832296448234668,complier,2.0
2532,-0.11635086051704759,complier,2.0
2533,0.6329829427684898,always_taker,2.0
2534,-1.288212594932756,never_taker,2.0
2535,0.5912697134497599,always_taker,2.0
2536,-0.13217478071783836,complier,2.0
2537,-0.247986033542701,complier,2.0
2538,0.0855339273318121,never_taker,2.0
2539,0.903716920047224,always_taker,2.0
2540,-0.5990007175083502,complier,2.0
2541,0.21621844732682605,complier,2.0
2542,0.3533205693712891,complier,2.0
2543,-1.0812388627688638,never_taker,2.0
2544,0.10264002497773944,complier,2.0
2545,0.048078462890922366,complier,2.0
2546,0.6254693159149769,complier,2.0
2547,0.36446895471527085,always_taker,2.0
2548,-1.902247903208484,never_taker,2.0
2549,0.9716612048849873,always_taker,2.0
2550,-0.8692550825764634,never_taker,2.0
2551,0.2355012924637403,never_taker,2.0
2552,-1.3377917126989833,complier,2.0
2553,1.1084439813439777,always_taker,2.0
2554,1.3304723831172054,complier,2.0
2555,1.5251460793454497,always_taker,2.0
2556,0.3235643133093937,complier,2.0
2557,-0.3487747632502455,never_taker,2.0
2558,-0.9636306135983154,never_taker,2.0
2559,1.220184322849712,complier,2.0
2560,-1.6675451787950506,never_taker,2.0
2561,-0.8329032091718099,never_taker,2.0
2562,-1.6380273554003375,complier,2.0
2563,-0.7813092018452421,complier,2.0
2564,-1.2275752967454339,never_taker,2.0
2565,-1.8536800370579445,never_taker,2.0
2566,-0.3654372031951828,complier,2.0
2567,1.4689675655454268,always_taker,2.0
2568,2.101873762397199,always_taker,2.0
2569,-1.3359166666306197,complier,2.0
2570,1.0292937713664927,always_taker,2.0
2571,0.0411228746934916,never_taker,2.0
2572,-0.46972702103908687,never_taker,2.0
2573,-0.19506293004038744,complier,2.0
2574,0.6076807533439949,always_taker,2.0
2575,-0.9086637364206391,complier,2.0
2576,-0.3246222171710672,complier,2.0
2577,1.6341593888340045,always_taker,2.0
2578,1.1145221024989156,always_taker,2.0
2579,-0.22636423196894218,complier,2.0
2580,-1.499374556695163,never_taker,2.0
2581,0.3484252882787552,always_taker,2.0
2582,0.12890813104736953,always_taker,2.0
2583,0.6005588575519685,always_taker,2.0
2584,0.9553922435683088,always_taker,2.0
2585,-1.2897599708478285,never_taker,2.0
2586,0.7053351043613322,complier,2.0
2587,2.01053467684545,always_taker,2.0
2588,0.742635854433455,complier,2.0
2589,-1.3127585003325177,never_taker,2.0
2590,0.3727399415336398,complier,2.0
2591,0.344375009680792,complier,2.0
2592,-0.6615883326510315,complier,2.0
2593,1.3609917089174643,always_taker,2.0
2594,-1.3162926214085369,complier,2.0
2595,-1.7655786771648756,complier,2.0
2596,-0.7785794977470584,complier,2.0
2597,-0.58897538440851,complier,2.0
2598,-0.026998319758966143,complier,2.0
2599,-0.8121920527983333,never_taker,2.0
2600,0.3723647281097616,always_taker,2.0
2601,-0.16327358928961455,complier,2.0
2602,-1.2366803156533692,never_taker,2.0
2603,-0.3553914247136984,complier,2.0
2604,-1.2001694764096031,complier,2.0
2605,-0.741473864192729,complier,2.0
2606,-0.9425284439149785,complier,2.0
2607,1.1252471409523794,always_taker,2.0
2608,0.10246314216224678,complier,2.0
2609,0.32588521014671895,always_taker,2.0
2610,-0.5803740351802029,never_taker,2.0
2611,0.17315863562079709,always_taker,2.0
2612,-0.42731300543435363,never_taker,2.0
2613,-0.24364334785170197,complier,2.0
2614,-1.0298630560572517,never_taker,2.0
2615,0.9111862884178233,complier,2.0
2616,0.33357357524629055,complier,2.0
2617,0.04671242969360311,complier,2.0
2618,-0.9431365021977214,complier,2.0
2619,-0.859105757560145,never_taker,2.0
2620,0.3886897701243018,complier,2.0
2621,-0.379186243679403,complier,2.0
2622,-0.6046316539654508,complier,2.0
2623,0.5410291962398472,complier,2.0
2624,-0.28117516484124233,complier,2.0
2625,-0.5082423701140285,never_taker,2.0
2626,1.1505500604353474,always_taker,2.0
2627,0.40063843524099346,complier,2.0
2628,-2.215124839238134,never_taker,2.0
2629,-0.6151206243196552,complier,2.0
2630,-1.430667094260317,complier,2.0
2631,0.12772455272266012,complier,2.0
2632,0.5986813765408171,complier,2.0
2633,-0.6830213732830228,complier,2.0
2634,0.4935217713270504,complier,2.0
2635,0.02129858482103939,complier,2.0
2636,-0.6721494655532408,complier,2.0
2637,0.32228958533109675,complier,2.0
2638,1.7130766483073283,always_taker,2.0
2639,1.3291076860298536,always_taker,2.0
2640,1.4132466039358618,always_taker,2.0
2641,0.9041614921484079,complier,2.0
2642,-0.5262310574041194,complier,2.0
2643,-0.38220141105401134,never_taker,2.0
2644,0.7545052538809262,complier,2.0
2645,0.7866734732368489,complier,2.0
2646,-0.8456913635589273,never_taker,2.0
2647,-0.02783416471987648,never_taker,2.0
2648,0.9888295883291107,complier,2.0
2649,0.8587590521348691,complier,2.0
2650,2.100300078318357,always_taker,2.0
2651,1.1589010618088003,complier,2.0
2652,-0.39022540881504997,complier,2.0
2653,-0.7847243386524524,never_taker,2.0
2654,-0.7361998452081328,never_taker,2.0
2655,-1.659749105516249,never_taker,2.0
2656,0.6774039909569866,always_taker,2.0
2657,0.5936571740615111,complier,2.0
2658,-1.0413690684156338,complier,2.0
2659,-2.0923872500328557,never_taker,2.0
2660,0.46372534365378615,always_taker,2.0
2661,-0.7308547501314635,never_taker,2.0
2662,-0.6473808132584341,never_taker,2.0
2663,0.4390563503887619,complier,2.0
2664,0.26759667490286654,complier,2.0
2665,-1.2931290526183161,complier,2.0
2666,1.7491171663892984,always_taker,2.0
2667,-0.4059016006897768,never_taker,2.0
2668,-1.7624559997982452,never_taker,2.0
2669,-2.0438796242860393,never_taker,2.0
2670,1.430411602926038,always_taker,2.0
2671,1.2971115227536876,always_taker,2.0
2672,-1.7517079234304511,never_taker,2.0
2673,-1.5358717591743138,never_taker,2.0
2674,0.48191509035681757,complier,2.0
2675,0.8554330706055359,complier,2.0
2676,-0.4731226984720192,never_taker,2.0
2677,-1.0760865910189021,never_taker,2.0
2678,-0.6184956279420656,never_taker,2.0
2679,-0.6527455156995655,complier,2.0
2680,0.23319850245345275,always_taker,2.0
2681,-0.46363073950854583,complier,2.0
2682,1.201232055852221,complier,2.0
2683,0.5176918369149383,complier,2.0
2684,-0.03806807036127753,complier,2.0
2685,-0.7636709100519143,complier,2.0
2686,0.0638931503332535,complier,2.0
2687,0.1143320905596708,complier,2.0
2688,-2.464011433586315,never_taker,2.0
2689,0.46745680509080473,complier,2.0
2690,0.2749059697515167,complier,2.0
2691,1.5076862239838638,always_taker,2.0
2692,-1.3462380632274142,never_taker,2.0
2693,0.7670688972150732,complier,2.0
2694,-0.6465399173815166,never_taker,2.0
2695,0.6234622272572208,complier,2.0
2696,0.5388640633966983,always_taker,2.0
2697,1.356801162224757,always_taker,2.0
2698,-0.18291587748333973,complier,2.0
2699,0.02827828785301611,complier,2.0
2700,0.1600407575981634,complier,2.0
2701,0.0006318769837296362,complier,2.0
2702,-0.7842398732011135,never_taker,2.0
2703,-1.247699723562083,never_taker,2.0
2704,1.1733678582523486,always_taker,2.0
2705,1.3137792050024197,always_taker,2.0
2706,-0.7963859105544604,complier,2.0
2707,1.5655303989415936,always_taker,2.0
2708,-0.7879958806499546,complier,2.0
2709,0.47649573270811746,complier,2.0
2710,-0.4193575311816029,complier,2.0
2711,-0.3578029431923116,complier,2.0
2712,-0.23041441948331756,complier,2.0
2713,-1.4173983077057928,complier,2.0
2714,-2.412376293166398,never_taker,2.0
2715,0.8698874900534892,always_taker,2.0
2716,-0.11271690856396431,complier,2.0
2717,1.1467287387765523,always_taker,2.0
2718,0.8818151076521976,complier,2.0
2719,-0.09134772930716187,complier,2.0
2720,-0.4488246270430807,complier,2.0
2721,-0.5529557005819877,complier,2.0
2722,-2.3423569823282406,never_taker,2.0
2723,0.8862395321561403,never_taker,2.0
2724,-0.0517647277366472,complier,2.0
2725,-0.7791172035724635,complier,2.0
2726,1.1714090855011199,always_taker,2.0
2727,0.6335048623211653,complier,2.0
2728,0.18230825883537777,complier,2.0
2729,-0.5560786621018776,complier,2.0
2730,-0.9263150422894247,never_taker,2.0
2731,0.8403618885023919,complier,2.0
2732,1.3451970632811332,complier,2.0
2733,0.77990381379295,always_taker,2.0
2734,0.8757412570757629,complier,2.0
2735,1.0335750376159996,always_taker,2.0
2736,2.2706760370802113,always_taker,2.0
2737,-0.4190366167988049,complier,2.0
2738,0.8135287056906505,complier,2.0
2739,0.15135747952257061,complier,2.0
2740,-0.29950175604266643,complier,2.0
2741,1.5805608798049624,complier,2.0
2742,0.3034260433970521,complier,2.0
2743,-0.16673830879163057,complier,2.0
2744,-0.21643977105763015,complier,2.0
2745,-0.13082517326143578,complier,2.0
2746,2.275344600617315,always_taker,2.0
2747,0.3803036971014598,always_taker,2.0
2748,0.653214360882452,always_taker,2.0
2749,-0.473871090097054,complier,2.0
2750,-0.45671090471349257,always_taker,2.0
2751,-1.2683453587861324,never_taker,2.0
2752,0.43509745057423477,complier,2.0
2753,-0.0791513438049374,complier,2.0
2754,1.6243022698679037,always_taker,2.0
2755,-0.16518088852722743,complier,2.0
2756,-0.7694026943621859,never_taker,2.0
2757,0.35169954207561804,complier,2.0
2758,-0.8513139192883802,never_taker,2.0
2759,0.4284857323004464,complier,2.0
2760,1.1503220623308472,always_taker,2.0
2761,0.23231065551617314,never_taker,2.0
2762,0.8119599996140173,complier,2.0
2763,1.0877016922604872,always_taker,2.0
2764,0.45316117077919127,complier,2.0
2765,-0.05199846148861085,complier,2.0
2766,-1.3350154504633638,never_taker,2.0
2767,-1.1915355519489998,complier,2.0
2768,-0.9305511338151038,complier,2.0
2769,-0.48624362696886686,complier,2.0
2770,0.35590313937794765,complier,2.0
2771,0.2240928644382432,complier,2.0
2772,0.40574611051537135,complier,2.0
2773,-0.2043104783945658,complier,2.0
2774,1.3665625818990015,complier,2.0
2775,-0.5813118001015489,complier,2.0
2776,1.0105553547631745,always_taker,2.0
2777,0.5515024668908847,complier,2.0
2778,0.30988569321792936,complier,2.0
2779,3.2344817341423147,always_taker,2.0
2780,0.43426629468824823,complier,2.0
2781,-0.9648895141687744,complier,2.0
2782,-0.6619312171941202,complier,2.0
2783,-1.3644499539304933,never_taker,2.0
2784,-1.3665254535775322,never_taker,2.0
2785,-0.061716099024152926,complier,2.0
2786,0.4047806699988391,complier,2.0
2787,1.1598756684364262,complier,2.0
2788,-0.37237952290174403,complier,2.0
2789,-0.43962868698259855,never_taker,2.0
2790,-0.7798833389093259,never_taker,2.0
2791,-0.33051508511457167,complier,2.0
2792,1.253538515697079,always_taker,2.0
2793,0.5876587304785834,complier,2.0
2794,-0.6843779640998416,complier,2.0
2795,0.37776542252791484,complier,2.0
2796,-0.1655745892216061,complier,2.0
2797,0.14357534764247445,never_taker,2.0
2798,-1.1969449086872197,complier,2.0
2799,-1.0999170363861304,never_taker,2.0
2800,-0.5343068705960938,complier,2.0
2801,-1.4464000394023224,never_taker,2.0
2802,0.34920040172710964,complier,2.0
2803,1.2245675052081142,always_taker,2.0
2804,0.8281707423219035,complier,2.0
2805,-0.5828582023349659,complier,2.0
2806,-1.2617291168880695,complier,2.0
2807,-1.0585453782983911,complier,2.0
2808,-0.22259689557255544,complier,2.0
2809,-0.36142639255852566,complier,2.0
2810,-0.29226976017781064,complier,2.0
2811,-0.08728676132075662,complier,2.0
2812,-1.6271026721740822,never_taker,2.0
2813,1.4642156763404857,always_taker,2.0
2814,0.6067916738807175,complier,2.0
2815,-1.096145780196837,complier,2.0
2816,0.8318805482736106,always_taker,2.0
2817,0.13776781190893556,complier,2.0
2818,-2.018225537551382,never_taker,2.0
2819,1.1540689228415664,always_taker,2.0
2820,-0.22133567798780604,complier,2.0
2821,-1.9061979123436716,never_taker,2.0
2822,-0.39739372006468826,complier,2.0
2823,-0.3925674858456856,always_taker,2.0
2824,0.7000278392793552,complier,2.0
2825,-0.7744311397310846,complier,2.0
2826,1.9435836168232787,always_taker,2.0
2827,0.24732028111550255,complier,2.0
2828,0.5460437611885702,complier,2.0
2829,-0.11101909122702987,complier,2.0
2830,0.6915995573308417,always_taker,2.0
2831,0.8769430230337593,complier,2.0
2832,0.021804006082165376,never_taker,2.0
2833,0.07540028287165686,always_taker,2.0
2834,-2.8492975513648826,never_taker,2.0
2835,-0.6615190080678855,complier,2.0
2836,0.565005073016213,always_taker,2.0
2837,-1.0710510290872912,complier,2.0
2838,-1.6763624080383832,never_taker,2.0
2839,0.8147332889707949,complier,2.0
2840,-1.068134242237145,complier,2.0
2841,0.05574920038311977,complier,2.0
2842,-1.4717318496707572,never_taker,2.0
2843,-0.5884747142953546,complier,2.0
2844,0.9947243997843204,always_taker,2.0
2845,-0.6277484946019674,complier,2.0
2846,1.231421284818877,complier,2.0
2847,-0.03534643849154734,complier,2.0
2848,0.3467641379097556,complier,2.0
2849,0.8017842844779111,complier,2.0
2850,0.04773045138269453,complier,2.0
2851,0.6587355646662648,complier,2.0
2852,-0.9974967722162235,never_taker,2.0
2853,0.2819681929537966,complier,2.0
2854,-0.7159848935107933,complier,2.0
2855,-0.4604561711941132,complier,2.0
2856,-0.7775204340054493,never_taker,2.0
2857,0.5922828120599424,always_taker,2.0
2858,-0.11316267421155768,complier,2.0
2859,1.8192077565957332,complier,2.0
2860,0.3743864451337447,complier,2.0
2861,-0.37779414333838324,never_taker,2.0
2862,-0.7743420940367927,complier,2.0
2863,1.2078894582371655,complier,2.0
2864,-0.7357886435976928,complier,2.0
2865,1.120222451114652,complier,2.0
2866,0.979929991169157,always_taker,2.0
2867,0.5381547451670626,always_taker,2.0
2868,-0.07683754718590725,complier,2.0
2869,1.5650417419660705,always_taker,2.0
2870,0.5728362381187982,complier,2.0
2871,-0.5007463265686811,complier,2.0
2872,1.0999568412128429,never_taker,2.0
2873,-0.15189503476434588,never_taker,2.0
2874,-0.3737804638541354,complier,2.0
2875,0.35308319659598814,complier,2.0
2876,-2.2187871917838042,never_taker,2.0
2877,0.4213326275062824,always_taker,2.0
2878,1.2985078599928734,always_taker,2.0
2879,0.2592953845574894,complier,2.0
2880,0.010555787709016164,always_taker,2.0
2881,0.3499564134709367,complier,2.0
2882,-1.010771058857982,never_taker,2.0
2883,-0.4445343432977619,complier,2.0
2884,0.22340309370736158,complier,2.0
2885,0.12938650551682757,complier,2.0
2886,-0.8168023203468265,never_taker,2.0
2887,0.8836204644913158,complier,2.0
2888,-0.2925635802871326,never_taker,2.0
2889,-1.1442034572957736,complier,2.0
2890,-0.5374637011326393,complier,2.0
2891,1.0064174116875797,complier,2.0
2892,-1.028079808451576,complier,2.0
2893,0.38789352928486476,complier,2.0
2894,-1.6668511145197782,never_taker,2.0
2895,-0.04876959669216593,complier,2.0
2896,1.3324554605971943,complier,2.0
2897,-0.6496956817801,complier,2.0
2898,-0.6951279835014428,never_taker,2.0
2899,1.3095353484125394,always_taker,2.0
2900,1.3976976299380626,always_taker,2.0
2901,-0.02459278551876492,complier,2.0
2902,-1.8036187624274664,never_taker,2.0
2903,-2.8694406796741956,never_taker,2.0
2904,1.2035332559616625,always_taker,2.0
2905,2.6365098912124476,always_taker,2.0
2906,-1.3538388713708265,never_taker,2.0
2907,-0.043648003305103836,complier,2.0
2908,1.6084987615514426,always_taker,2.0
2909,1.4576732585534145,always_taker,2.0
2910,0.44920711871004226,complier,2.0
2911,-1.4088240765130875,never_taker,2.0
2912,-2.1726439364123893,never_taker,2.0
2913,-0.2894234528679529,complier,2.0
2914,-1.04271258977654,never_taker,2.0
2915,-0.9613562069952754,never_taker,2.0
2916,1.3399706675889675,always_taker,2.0
2917,1.7507410489635415,always_taker,2.0
2918,-0.371234399872965,complier,2.0
2919,0.3796346282261733,always_taker,2.0
2920,0.8481148325171801,complier,2.0
2921,1.9305056682759956,always_taker,2.0
2922,0.4030298950636697,complier,2.0
2923,-0.9916843503686327,never_taker,2.0
2924,-0.8125444513893859,never_taker,2.0
2925,1.8022239936060545,always_taker,2.0
2926,-0.14156495069659547,complier,2.0
2927,0.7118288208855458,complier,2.0
2928,0.3304484283685226,always_taker,2.0
2929,0.37640546213597126,complier,2.0
2930,-0.6752623594655759,complier,2.0
2931,0.34616487818059777,complier,2.0
2932,0.176177104914218,always_taker,2.0
2933,-0.13274374267178762,complier,2.0
2934,-0.08468511949271114,never_taker,2.0
2935,-0.014444924518775312,never_taker,2.0
2936,0.9546443551415554,complier,2.0
2937,-0.11495174135684902,complier,2.0
2938,-0.9362147951999032,never_taker,2.0
2939,0.8782875565191806,complier,2.0
2940,0.5382697986505837,complier,2.0
2941,0.5602084716931958,always_taker,2.0
2942,-0.11042628406469103,complier,2.0
2943,0.26416185171700074,complier,2.0
2944,-1.139956082555545,never_taker,2.0
2945,0.7749445757827338,complier,2.0
2946,-0.5346547477916949,complier,2.0
2947,0.20750275699582968,never_taker,2.0
2948,0.542461904042821,complier,2.0
2949,-0.6262865967153539,complier,2.0
2950,0.1947975290821155,complier,2.0
2951,-0.29367534645468624,never_taker,2.0
2952,-0.2864969730361422,complier,2.0
2953,-0.11956856817846709,complier,2.0
2954,0.4828415276624277,complier,2.0
2955,-0.2838298256561609,complier,2.0
2956,-0.2046958737226141,complier,2.0
2957,0.922141817151578,complier,2.0
2958,0.6502514272692195,complier,2.0
2959,0.19636667614681624,complier,2.0
2960,-0.12182068951061303,complier,2.0
2961,1.2105038484520374,complier,2.0
2962,0.13311204402984533,complier,2.0
2963,-1.618884607152347,never_taker,2.0
2964,-0.6582306498211389,complier,2.0
2965,-0.7377525491523806,never_taker,2.0
2966,0.7058431002913641,complier,2.0
2967,0.6466458836156047,complier,2.0
2968,-1.6335351275281762,complier,2.0
2969,-0.4328267196321298,complier,2.0
2970,1.19042932479898,always_taker,2.0
2971,-0.5186175061187619,complier,2.0
2972,0.2269467289072464,complier,2.0
2973,0.4409712997732813,complier,2.0
2974,0.14569694696999716,complier,2.0
2975,-0.44014310039876925,complier,2.0
2976,0.4997499684889196,complier,2.0
2977,-0.06278691416467475,complier,2.0
2978,-1.467587992347509,never_taker,2.0
2979,0.49743599008951334,complier,2.0
2980,-0.36280499000513744,never_taker,2.0
2981,-0.16586708090328245,complier,2.0
2982,2.7161498002381608,always_taker,2.0
2983,1.5685784882636638,always_taker,2.0
2984,1.026409115077669,complier,2.0
2985,-0.15145915458240655,always_taker,2.0
2986,2.612586467140313,always_taker,2.0
2987,0.6537765180436713,always_taker,2.0
2988,-0.4830342625454649,complier,2.0
2989,-0.03931012748379042,never_taker,2.0
2990,-0.7116711085798758,complier,2.0
2991,-0.577831361112106,complier,2.0
2992,0.13647838889256603,complier,2.0
2993,0.8977098837318113,complier,2.0
2994,-0.6467544352986466,never_taker,2.0
2995,-0.2513017113706205,never_taker,2.0
2996,0.8651641337972045,always_taker,2.0
2997,0.9546380397395751,always_taker,2.0
2998,-0.7400026308670314,complier,2.0
2999,-2.7219201560366573,never_taker,2.0
3000,-0.17125349352787575,complier,2.0
3001,-0.430624828495082,complier,2.0
3002,-1.3268080264587565,never_taker,2.0
3003,-0.7592752106409382,never_taker,2.0
3004,-0.5088128372588304,never_taker,2.0
3005,0.5151255391203353,complier,2.0
3006,1.3848951241431597,always_taker,2.0
3007,2.1133426738342527,always_taker,2.0
3008,-0.6167402937274032,never_taker,2.0
3009,0.4581110651288073,complier,2.0
3010,1.0502985631310293,complier,2.0
3011,0.8780622261214763,complier,2.0
3012,1.3565931381355272,always_taker,2.0
3013,-1.0442790460049578,complier,2.0
3014,-0.494991365656027,never_taker,2.0
3015,-0.23877000351499586,complier,2.0
3016,-0.14311355095766284,complier,2.0
3017,1.4482348954680644,complier,2.0
3018,-0.4363909303471507,complier,2.0
3019,0.39577611738198004,complier,2.0
3020,-0.02036978677759736,never_taker,2.0
3021,0.2768610858802502,complier,2.0
3022,0.6219689971137862,complier,2.0
3023,0.36007406568330164,always_taker,2.0
3024,-1.0265168735320551,complier,2.0
3025,-0.421421707160193,complier,2.0
3026,-1.280139080969343,complier,2.0
3027,0.09047294075773347,complier,2.0
3028,-1.4927279852467372,complier,2.0
3029,-0.41384794920325785,complier,2.0
3030,1.9442624623874387,complier,2.0
3031,0.021434033754244474,complier,2.0
3032,-0.12698892764083317,complier,2.0
3033,0.23032894204388088,complier,2.0
3034,-0.10223368082721236,complier,2.0
3035,0.8436223770850764,complier,2.0
3036,-0.5922272867439633,complier,2.0
3037,1.3717744634992735,always_taker,2.0
3038,0.2900310189849725,complier,2.0
3039,0.44473821672338026,complier,2.0
3040,0.29951930059868154,complier,2.0
3041,-0.7022083944600838,complier,2.0
3042,0.6181000389339243,complier,2.0
3043,-1.397907869476516,never_taker,2.0
3044,-0.04236883987960365,complier,2.0
3045,2.1670820200315903,always_taker,2.0
3046,0.540921324902778,complier,2.0
3047,-0.5557011102514351,complier,2.0
3048,1.025569330051566,always_taker,2.0
3049,0.13180654636312256,complier,2.0
3050,0.9806988814238222,always_taker,2.0
3051,1.5494444207952969,always_taker,2.0
3052,1.6479679529688775,complier,2.0
3053,-0.3475455137759779,complier,2.0
3054,-0.23525096815021732,complier,2.0
3055,0.6332001726436624,complier,2.0
3056,1.8218910002186313,always_taker,2.0
3057,1.0508648710565933,always_taker,2.0
3058,0.5504240204462197,complier,2.0
3059,1.025374285925821,complier,2.0
3060,-0.9845355411999217,never_taker,2.0
3061,-0.5175246272557216,complier,2.0
3062,1.3114008908333403,always_taker,2.0
3063,0.012569020377483931,complier,2.0
3064,-0.2556555145316054,complier,2.0
3065,-1.1683309472162269,always_taker,2.0
3066,-0.5514039963097372,complier,2.0
3067,0.11005757488020222,complier,2.0
3068,-0.9714331357770439,never_taker,2.0
3069,-0.3289983189744779,complier,2.0
3070,0.34352035312954166,complier,2.0
3071,-0.4660835499414435,complier,2.0
3072,0.791802048421392,always_taker,2.0
3073,-1.356632529916248,complier,2.0
3074,-0.14524495691113817,complier,2.0
3075,0.09671986078818333,complier,2.0
3076,-0.45720517976719627,never_taker,2.0
3077,-0.06981505045543775,complier,2.0
3078,0.16224917492434976,never_taker,2.0
3079,-0.37901793388115745,complier,2.0
3080,0.5731853372416403,always_taker,2.0
3081,1.223903356293425,complier,2.0
3082,0.4768920586820224,always_taker,2.0
3083,-1.5946707815924843,never_taker,2.0
3084,0.40894835212308334,always_taker,2.0
3085,0.8801753099575724,complier,2.0
3086,1.9163782362324011,always_taker,2.0
3087,-0.21819403865628378,complier,2.0
3088,-1.1769303228683936,complier,2.0
3089,0.7954918826834012,always_taker,2.0
3090,-1.0692482866323392,complier,2.0
3091,0.4593636950059858,complier,2.0
3092,1.8867550136997118,always_taker,2.0
3093,-0.382270240895633,complier,2.0
3094,-0.474403925195962,never_taker,2.0
3095,-0.04537154503522882,complier,2.0
3096,0.002750910189100104,complier,2.0
3097,1.5461515383550115,always_taker,2.0
3098,-0.8797645715061506,never_taker,2.0
3099,-0.8000099589635035,complier,2.0
3100,0.590163639088411,complier,2.0
3101,-2.167516497386236,never_taker,2.0
3102,1.1572095082726017,always_taker,2.0
3103,-1.3691822963991538,never_taker,2.0
3104,0.037763307382964545,complier,2.0
3105,0.2020225596346785,complier,2.0
3106,2.2068946381343597,always_taker,2.0
3107,0.7355962385036755,always_taker,2.0
3108,-0.7969020429033793,never_taker,2.0
3109,0.8512888349789295,complier,2.0
3110,1.0845398880050607,complier,2.0
3111,-2.423715810292531,never_taker,2.0
3112,0.7303010451954317,complier,2.0
3113,0.2647102468126589,complier,2.0
3114,0.5865061159354829,complier,2.0
3115,0.37281247307103166,complier,2.0
3116,1.037318836619624,always_taker,2.0
3117,0.2042833314334629,complier,2.0
3118,0.13968108697568887,never_taker,2.0
3119,-0.06266999480655339,complier,2.0
3120,0.7341145645049425,complier,2.0
3121,-0.061107252173780255,complier,2.0
3122,0.4331177545556352,complier,2.0
3123,-0.10785115950320857,never_taker,2.0
3124,-0.8710804232549172,complier,2.0
3125,0.6395414232897113,complier,2.0
3126,0.8828812177833373,always_taker,2.0
3127,-0.06914913931173584,complier,2.0
3128,-0.1330213452297992,complier,2.0
3129,0.7941786613756526,complier,2.0
3130,-0.011606748542566846,always_taker,2.0
3131,-0.7318904321819357,complier,2.0
3132,-0.7163159431635955,never_taker,2.0
3133,0.5341582644523907,complier,2.0
3134,0.9089889383335393,complier,2.0
3135,-0.6041124529591343,complier,2.0
3136,-1.99933853671277,never_taker,2.0
3137,-1.3215312928855238,never_taker,2.0
3138,-1.039645619721892,complier,2.0
3139,0.010072130713191112,complier,2.0
3140,-0.29683137984499885,complier,2.0
3141,0.46391598379371884,complier,2.0
3142,-0.9906973599412664,complier,2.0
3143,-0.3390821415361621,complier,2.0
3144,-1.1625148510582881,never_taker,2.0
3145,-0.6889522174320676,never_taker,2.0
3146,-0.187930731325541,complier,2.0
3147,0.555472888975338,complier,2.0
3148,-0.3547698737091832,complier,2.0
3149,0.11718942567590022,always_taker,2.0
3150,-0.3128881431562045,complier,2.0
3151,1.2337099374296536,always_taker,2.0
3152,-0.9571086162182623,never_taker,2.0
3153,1.6051811073059996,always_taker,2.0
3154,1.0378014232133235,complier,2.0
3155,0.24854136127092394,complier,2.0
3156,-0.37887576573456294,complier,2.0
3157,-0.6050506240375356,complier,2.0
3158,-0.5908157994396563,never_taker,2.0
3159,0.8027261429102733,complier,2.0
3160,-0.027509322255725093,complier,2.0
3161,-0.10682612734312219,never_taker,2.0
3162,-0.4805490235160787,never_taker,2.0
3163,0.08213315808277954,always_taker,2.0
3164,-0.10669847224255154,complier,2.0
3165,-1.307552791784601,never_taker,2.0
3166,1.0628665782038134,complier,2.0
3167,0.5847240282813019,complier,2.0
3168,2.327430037764816,always_taker,2.0
3169,2.3388791812310874,always_taker,2.0
3170,0.8499015946623154,complier,2.0
3171,-0.6152104250208845,never_taker,2.0
3172,-0.4397542074687525,always_taker,2.0
3173,-0.966044084795513,complier,2.0
3174,-0.8334309513520916,complier,2.0
3175,-0.8537272396570366,complier,2.0
3176,0.010365885048566668,complier,2.0
3177,0.27967154912723247,always_taker,2.0
3178,-0.15798742287579487,complier,2.0
3179,-1.0333497316712401,complier,2.0
3180,1.1424512013563026,complier,2.0
3181,-0.5760085554994573,complier,2.0
3182,0.2873080559957397,complier,2.0
3183,0.12749164526584236,complier,2.0
3184,0.7772295687440879,complier,2.0
3185,0.7442464758091957,complier,2.0
3186,-2.010467771599872,never_taker,2.0
3187,0.2848784685227795,always_taker,2.0
3188,-1.7960052264443664,never_taker,2.0
3189,-0.4689360207050173,complier,2.0
3190,0.5321944810619641,always_taker,2.0
3191,0.2812348700539368,complier,2.0
3192,0.6916872156178016,complier,2.0
3193,-0.6963252513952511,never_taker,2.0
3194,1.8553187313337844,always_taker,2.0
3195,-1.1281438426083965,complier,2.0
3196,0.3800123389198577,always_taker,2.0
3197,-0.5003967760002633,complier,2.0
3198,0.5095934350090633,complier,2.0
3199,0.8800245766613896,complier,2.0
3200,-0.025338545821833345,never_taker,2.0
3201,0.32140724840322854,complier,2.0
3202,2.1829306895886886,always_taker,2.0
3203,-0.29509162251079935,complier,2.0
3204,-0.8266441453753567,complier,2.0
3205,-2.0961939319824077,never_taker,2.0
3206,-0.16964081004035655,complier,2.0
3207,-0.7926388971592926,complier,2.0
3208,2.3793248371098397,always_taker,2.0
3209,0.7020281871538547,complier,2.0
3210,-1.2808464208428612,never_taker,2.0
3211,0.006150745470821507,never_taker,2.0
3212,1.5359543265594304,complier,2.0
3213,-0.558794038226695,complier,2.0
3214,0.876593978265112,complier,2.0
3215,1.750982791731868,always_taker,2.0
3216,-0.3401232986875347,never_taker,2.0
3217,0.0025409857319320093,complier,2.0
3218,0.04675131209510851,complier,2.0
3219,0.7555664006822924,complier,2.0
3220,-1.7312593112362913,never_taker,2.0
3221,0.7558890647863533,complier,2.0
3222,0.25888245595867726,complier,2.0
3223,0.7678725684905268,always_taker,2.0
3224,-0.6070612529394662,complier,2.0
3225,1.492070697462375,always_taker,2.0
3226,0.3763556539993996,complier,2.0
3227,0.19613012041776112,complier,2.0
3228,-0.13044838352422794,complier,2.0
3229,0.21478610528816175,complier,2.0
3230,0.4952266005709623,complier,2.0
3231,1.3625198209201015,always_taker,2.0
3232,-1.3011029284607234,never_taker,2.0
3233,0.23315108760278183,complier,2.0
3234,0.409389255629139,always_taker,2.0
3235,0.3697969075211294,complier,2.0
3236,-0.19781609531272212,never_taker,2.0
3237,-0.11368344763145144,complier,2.0
3238,1.258220769868485,always_taker,2.0
3239,-0.5093635669865101,complier,2.0
3240,-0.5458161815652076,complier,2.0
3241,-0.2745083230848962,complier,2.0
3242,-1.0287446449631206,never_taker,2.0
3243,-1.4859496081075856,complier,2.0
3244,0.4107009703111186,always_taker,2.0
3245,0.25877858502849604,complier,2.0
3246,0.5326703125540178,complier,2.0
3247,1.059421424788879,complier,2.0
3248,-0.633816934412136,never_taker,2.0
3249,-0.9133652260239074,never_taker,2.0
3250,0.16656981625703363,complier,2.0
3251,-1.4493350150341187,never_taker,2.0
3252,-0.4802293359879026,complier,2.0
3253,-0.6235283106506055,complier,2.0
3254,-2.5746805723001014,never_taker,2.0
3255,1.350150204448249,always_taker,2.0
3256,-1.621893147372142,complier,2.0
3257,-1.48113241243888,complier,2.0
3258,-0.9288320056786493,never_taker,2.0
3259,1.1145166911906679,always_taker,2.0
3260,-0.7572566572563585,complier,2.0
3261,-2.0911547020949985,never_taker,2.0
3262,1.7533911912568825,always_taker,2.0
3263,-0.8048173270948712,complier,2.0
3264,-0.7217578324481773,complier,2.0
3265,-0.7600780710799503,never_taker,2.0
3266,-0.15716652600371053,complier,2.0
3267,-0.8880528104566803,complier,2.0
3268,-0.2718511349144945,never_taker,2.0
3269,-1.0997963607746963,never_taker,2.0
3270,-0.20527993621239207,complier,2.0
3271,-0.7694850054270295,complier,2.0
3272,-1.1856046704079948,never_taker,2.0
3273,-0.9425044749624817,never_taker,2.0
3274,-0.10747370560069253,complier,2.0
3275,0.9022800110472153,always_taker,2.0
3276,-0.8189398081604694,complier,2.0
3277,1.0124393202819315,always_taker,2.0
3278,1.0857896732052263,always_taker,2.0
3279,0.26361957748345405,complier,2.0
3280,-1.3674822144543877,never_taker,2.0
3281,0.0687978649864291,complier,2.0
3282,1.0657019536758474,complier,2.0
3283,0.2135549472223509,complier,2.0
3284,-0.38728902886022065,complier,2.0
3285,-1.129570701440755,complier,2.0
3286,0.7202257747800103,complier,2.0
3287,0.15962343130326018,never_taker,2.0
3288,-0.25702757347603294,complier,2.0
3289,2.85078499728448,always_taker,2.0
3290,1.594462368919408,complier,2.0
3291,-1.3534905533004105,never_taker,2.0
3292,-1.786947083534187,complier,2.0
3293,-0.7809268797310728,complier,2.0
3294,-1.4691033321901883,never_taker,2.0
3295,0.8867066078077941,always_taker,2.0
3296,1.42427609294072,complier,2.0
3297,0.8714467479748932,complier,2.0
3298,0.39305641494420346,complier,2.0
3299,0.4612994355785859,always_taker,2.0
3300,-0.2547870588374885,complier,2.0
3301,0.09198535895634218,complier,2.0
3302,0.12174343272617566,always_taker,2.0
3303,-0.5095133713012078,complier,2.0
3304,-0.19173597331726044,complier,2.0
3305,-1.2025803630807383,never_taker,2.0
3306,1.4860245429990542,always_taker,2.0
3307,0.35963418503557204,complier,2.0
3308,-1.7154901621611145,never_taker,2.0
3309,0.6390678094854563,complier,2.0
3310,-0.49210775643343535,complier,2.0
3311,-0.24165813266075462,complier,2.0
3312,-0.8706243169736068,never_taker,2.0
3313,0.55190318161793,complier,2.0
3314,1.0905960465199778,always_taker,2.0
3315,-0.5822101691873859,complier,2.0
3316,-0.24715231587337702,complier,2.0
3317,0.2372950908570797,complier,2.0
3318,-0.2834774945537511,complier,2.0
3319,-0.5067706971880317,complier,2.0
3320,-0.03395064669171125,complier,2.0
3321,1.025604041357941,always_taker,2.0
3322,-0.06978548759956513,never_taker,2.0
3323,-0.33436312803570745,complier,2.0
3324,-0.2469485284221139,complier,2.0
3325,-0.7531156948321753,complier,2.0
3326,-1.431881037449309,complier,2.0
3327,-2.3177052658448978,never_taker,2.0
3328,1.242375684765403,complier,2.0
3329,0.36166146082249456,complier,2.0
3330,-0.3121370378737901,complier,2.0
3331,0.37621520951722054,complier,2.0
3332,-1.0677294757375477,never_taker,2.0
3333,-0.9411247890811215,never_taker,2.0
3334,-0.09258637550157986,complier,2.0
3335,2.2485037420179044,always_taker,2.0
3336,0.7015613555327717,complier,2.0
3337,1.154881498213767,always_taker,2.0
3338,0.4633340325632376,complier,2.0
3339,0.0902222963666795,complier,2.0
3340,-0.6839586195411245,never_taker,2.0
3341,-1.1354199934501428,never_taker,2.0
3342,0.29635649252650165,complier,2.0
3343,0.4031653023379305,complier,2.0
3344,-0.2607440490196399,complier,2.0
3345,1.805202126996728,always_taker,2.0
3346,-0.6993429755986839,complier,2.0
3347,-1.4315287175935205,never_taker,2.0
3348,0.5323593468528897,always_taker,2.0
3349,0.021515623834281176,complier,2.0
3350,0.974655849879436,complier,2.0
3351,0.15165865199412681,complier,2.0
3352,0.2944921686230027,complier,2.0
3353,-0.9378535999217273,never_taker,2.0
3354,0.6319742031491866,always_taker,2.0
3355,-1.5991671305831208,never_taker,2.0
3356,-0.11796319634222721,always_taker,2.0
3357,0.7595429662135129,always_taker,2.0
3358,-0.1172450943742478,complier,2.0
3359,-0.352394023900292,complier,2.0
3360,0.8744974173519118,always_taker,2.0
3361,0.3053995106666941,complier,2.0
3362,0.29087927375434663,always_taker,2.0
3363,-0.12890062565031477,complier,2.0
3364,-0.5777042625849688,complier,2.0
3365,-0.6113757507904899,never_taker,2.0
3366,-0.7834691759844771,never_taker,2.0
3367,0.651826106908799,always_taker,2.0
3368,1.29988450939321,always_taker,2.0
3369,-0.018284131903297286,complier,2.0
3370,-0.9617587823412947,never_taker,2.0
3371,-0.0628822399166732,complier,2.0
3372,1.2533907077438136,complier,2.0
3373,0.8953395557195015,always_taker,2.0
3374,2.3612761156358113,always_taker,2.0
3375,0.9173471231797338,always_taker,2.0
3376,0.5122915177194638,complier,2.0
3377,-0.0788221646316636,complier,2.0
3378,0.31872959948736473,always_taker,2.0
3379,-0.5317144279351697,complier,2.0
3380,-1.8318820913158076,never_taker,2.0
3381,0.662600238636413,complier,2.0
3382,0.4421989919600323,always_taker,2.0
3383,0.7878145924547034,always_taker,2.0
3384,-0.5757518724416791,complier,2.0
3385,0.16012341632432492,complier,2.0
3386,-0.7248000449370807,never_taker,2.0
3387,0.6666844092781824,complier,2.0
3388,0.9791892206415546,always_taker,2.0
3389,-0.5288006741461014,complier,2.0
3390,-0.17699400916612507,never_taker,2.0
3391,0.9072533870213014,always_taker,2.0
3392,0.06954518629121348,complier,2.0
3393,-2.5925074603244527,never_taker,2.0
3394,0.7933096543884139,always_taker,2.0
3395,-0.41890696920584214,complier,2.0
3396,0.9147488310839272,complier,2.0
3397,0.15158717942816718,always_taker,2.0
3398,0.7658031369704601,always_taker,2.0
3399,-0.0793144554895662,complier,2.0
3400,-0.26304836066433185,complier,2.0
3401,-1.6345457118019513,never_taker,2.0
3402,0.6978558728783297,always_taker,2.0
3403,1.0122653418908227,always_taker,2.0
3404,1.1915746320934537,complier,2.0
3405,-0.771269424565403,complier,2.0
3406,-0.18772938284956825,always_taker,2.0
3407,-0.19647597560037153,complier,2.0
3408,2.483992852618459,always_taker,2.0
3409,0.2365088062495035,always_taker,2.0
3410,-0.9727220650224607,complier,2.0
3411,1.1719637841666668,complier,2.0
3412,1.1500550563916703,complier,2.0
3413,-0.8639425782331094,never_taker,2.0
3414,0.22110245337141043,complier,2.0
3415,-1.3659559865336102,never_taker,2.0
3416,-0.6786535828668973,complier,2.0
3417,0.497677116570217,complier,2.0
3418,1.8390996100396904,always_taker,2.0
3419,-0.0005448705742351018,complier,2.0
3420,0.13905780268893198,complier,2.0
3421,-1.6347637711416958,complier,2.0
3422,-0.8280534770717973,never_taker,2.0
3423,0.8198680771752719,complier,2.0
3424,-1.6481265598694461,never_taker,2.0
3425,0.9415634711905863,complier,2.0
3426,0.8866796372105887,always_taker,2.0
3427,-1.275854337476427,never_taker,2.0
3428,-1.0662281681258705,never_taker,2.0
3429,0.4620575497044555,complier,2.0
3430,-0.23942161895437714,complier,2.0
3431,-0.07477278601924213,complier,2.0
3432,0.0818911235564884,always_taker,2.0
3433,0.6059365823410721,always_taker,2.0
3434,0.07377318089310532,complier,2.0
3435,-0.9275337779378605,never_taker,2.0
3436,-0.9816198263063172,never_taker,2.0
3437,0.12827259986639886,complier,2.0
3438,-1.3258452846704623,never_taker,2.0
3439,0.3855530595299306,complier,2.0
3440,0.36332603400299257,always_taker,2.0
3441,-0.5400994454468686,complier,2.0
3442,0.9330779280873308,complier,2.0
3443,0.7785353713121282,complier,2.0
3444,0.5743401587142145,never_taker,2.0
3445,1.2633052603391397,always_taker,2.0
3446,-1.5391286769476729,complier,2.0
3447,0.5264413174062568,complier,2.0
3448,0.7915699667183371,complier,2.0
3449,-1.0166634964823256,never_taker,2.0
3450,0.6452979627741374,always_taker,2.0
3451,0.442497634368245,complier,2.0
3452,0.4704839544931864,complier,2.0
3453,0.8460497655498371,always_taker,2.0
3454,1.8867708061472177,always_taker,2.0
3455,-0.20798283013179764,complier,2.0
3456,0.41383007359000695,complier,2.0
3457,-0.8264325280132756,complier,2.0
3458,0.350887555982481,complier,2.0
3459,-0.13031583321947215,complier,2.0
3460,0.6731416805132096,always_taker,2.0
3461,-0.48829423111527726,never_taker,2.0
3462,1.0258191556495169,complier,2.0
3463,-0.6971830639277506,never_taker,2.0
3464,-1.7392050118944797,complier,2.0
3465,-0.942087509701476,complier,2.0
3466,0.3968795256926144,never_taker,2.0
3467,-2.132275387262331,never_taker,2.0
3468,0.1423225822824689,complier,2.0
3469,1.4637724523142182,always_taker,2.0
3470,1.026182693959968,always_taker,2.0
3471,0.5516580183846257,complier,2.0
3472,0.3783074551781181,always_taker,2.0
3473,-0.157083923289184,complier,2.0
3474,0.05445920886970894,never_taker,2.0
3475,0.9226598742625955,always_taker,2.0
3476,-0.5074838550174986,complier,2.0
3477,0.5593768635048734,always_taker,2.0
3478,0.6524044955874697,complier,2.0
3479,0.5193543924282067,always_taker,2.0
3480,1.2615055692613293,always_taker,2.0
3481,-0.757688113051015,never_taker,2.0
3482,0.6289798883952352,complier,2.0
3483,-2.459119902302952,never_taker,2.0
3484,0.08635952170993029,complier,2.0
3485,0.5664271447925721,complier,2.0
3486,-1.030736355265088,never_taker,2.0
3487,-1.15854199947981,complier,2.0
3488,0.35872969145734795,complier,2.0
3489,-0.8588463530201323,never_taker,2.0
3490,0.5675453748741202,complier,2.0
3491,-0.19333828341358558,complier,2.0
3492,-0.2032974187636415,always_taker,2.0
3493,-0.21213289877012353,always_taker,2.0
3494,-0.10470151458018928,complier,2.0
3495,1.8757701350576892,always_taker,2.0
3496,0.14119465676977308,complier,2.0
3497,-0.047063040485270845,always_taker,2.0
3498,0.16388829823959716,complier,2.0
3499,1.0639765206170944,always_taker,2.0
3500,0.5461853824473905,complier,2.0
3501,0.42574858087264095,always_taker,2.0
3502,0.5253365556746402,complier,2.0
3503,-0.38342004436651855,never_taker,2.0
3504,-0.7767924617739645,complier,2.0
3505,0.21619001377479669,complier,2.0
3506,-0.8574779263110822,never_taker,2.0
3507,-0.20205289729361475,complier,2.0
3508,-0.6783226188828119,complier,2.0
3509,-1.4223036742633552,complier,2.0
3510,-1.1729473317504904,complier,2.0
3511,-1.1273997771645394,never_taker,2.0
3512,0.3571233688557566,complier,2.0
3513,0.8370412523750803,complier,2.0
3514,0.2262934115054392,complier,2.0
3515,0.9976015225643251,always_taker,2.0
3516,-0.367409728590696,never_taker,2.0
3517,-1.3339133896436073,never_taker,2.0
3518,1.1780290951979855,complier,2.0
3519,-0.31697897935346925,complier,2.0
3520,-1.2844509508029782,never_taker,2.0
3521,0.10059238975264305,complier,2.0
3522,2.399266221537811,always_taker,2.0
3523,0.21160937848186043,complier,2.0
3524,1.6886022430410312,complier,2.0
3525,-2.555394210970119,never_taker,2.0
3526,-1.2153737367150057,never_taker,2.0
3527,0.7916143051257696,complier,2.0
3528,-4.124981122479616,never_taker,2.0
3529,-2.4771728268490274,never_taker,2.0
3530,1.409139189392989,complier,2.0
3531,-0.15897232149520538,complier,2.0
3532,-0.3776379155165354,complier,2.0
3533,-0.15166328240204008,complier,2.0
3534,0.40217534474300176,complier,2.0
3535,1.0295843020399502,always_taker,2.0
3536,-0.3509801111372096,complier,2.0
3537,0.7151352585197419,always_taker,2.0
3538,-1.217738137790816,complier,2.0
3539,-1.5547563957747856,never_taker,2.0
3540,0.14185863105371058,complier,2.0
3541,-0.12714206455754315,complier,2.0
3542,-0.14236841645002454,complier,2.0
3543,-1.8300215861087952,never_taker,2.0
3544,0.010511035156502754,complier,2.0
3545,-0.24923443289048408,complier,2.0
3546,-2.0591696300699964,never_taker,2.0
3547,0.7337199293883279,always_taker,2.0
3548,-0.04268041922226219,always_taker,2.0
3549,0.004386074361973309,always_taker,2.0
3550,-0.6056223870135877,never_taker,2.0
3551,-0.5072764484274194,never_taker,2.0
3552,0.8126414801847334,always_taker,2.0
3553,-1.2066862708903923,complier,2.0
3554,-0.3719600923778557,complier,2.0
3555,-1.204696920611029,complier,2.0
3556,-0.6611974716801736,complier,2.0
3557,0.05126914256963785,always_taker,2.0
3558,-0.4394185686837571,complier,2.0
3559,1.1040248893350246,complier,2.0
3560,0.5848339896524872,complier,2.0
3561,-1.127666387558268,never_taker,2.0
3562,1.0056913595944539,complier,2.0
3563,-1.5605976481913688,never_taker,2.0
3564,1.6354373729820493,always_taker,2.0
3565,0.2870718147901577,complier,2.0
3566,-0.05073231031651475,complier,2.0
3567,-0.23312915404179957,complier,2.0
3568,1.634933101124771,always_taker,2.0
3569,0.45694208976479345,always_taker,2.0
3570,0.05360860601245578,complier,2.0
3571,1.3020065305713302,always_taker,2.0
3572,1.6649428272887743,complier,2.0
3573,0.42533907893279305,always_taker,2.0
3574,0.32782428097122773,always_taker,2.0
3575,-0.5896276569453374,complier,2.0
3576,-0.9240061918682732,complier,2.0
3577,0.4156507560343328,complier,2.0
3578,-0.8916110066523854,never_taker,2.0
3579,-0.9430970513190226,complier,2.0
3580,0.2833005923404209,complier,2.0
3581,0.5939970895150843,complier,2.0
3582,1.333236229595515,always_taker,2.0
3583,-0.05010956535598728,complier,2.0
3584,-0.43542390759832444,complier,2.0
3585,-1.2408914498320949,complier,2.0
3586,0.6437210226264539,complier,2.0
3587,0.11214003776299515,complier,2.0
3588,-0.3808107417414368,never_taker,2.0
3589,-1.1064551329206975,never_taker,2.0
3590,2.000359538505645,always_taker,2.0
3591,-1.4452997903850024,complier,2.0
3592,0.43803276547396636,complier,2.0
3593,0.6906586018662985,complier,2.0
3594,0.12275749224532066,complier,2.0
3595,0.2688338849068564,never_taker,2.0
3596,0.0300295050201127,complier,2.0
3597,-1.3115197410643484,never_taker,2.0
3598,-0.8801202815746486,never_taker,2.0
3599,-1.0784316461460008,complier,2.0
3600,-1.5652597556261267,never_taker,2.0
3601,0.6988538957640724,complier,2.0
3602,0.16143008444223902,always_taker,2.0
3603,-1.8792874105357635,never_taker,2.0
3604,-0.33027599787770917,complier,2.0
3605,-0.26155898366814767,never_taker,2.0
3606,0.0848693605235525,always_taker,2.0
3607,0.03849797455108002,complier,2.0
3608,-0.4148083587167959,complier,2.0
3609,1.0938915585098143,always_taker,2.0
3610,-0.5691926318853368,complier,2.0
3611,1.1514025665015672,always_taker,2.0
3612,-0.9904162446381971,never_taker,2.0
3613,0.268496477109923,complier,2.0
3614,0.42637091571348473,always_taker,2.0
3615,0.45726612991261895,complier,2.0
3616,-0.7008770975525391,complier,2.0
3617,2.713767631604597,always_taker,2.0
3618,-1.7248044428158238,never_taker,2.0
3619,-0.32481252545426176,always_taker,2.0
3620,-1.0191610048788138,complier,2.0
3621,0.32271241777317855,complier,2.0
3622,0.3541460239475737,complier,2.0
3623,-0.21356158297693678,complier,2.0
3624,1.199305741834455,complier,2.0
3625,-1.4903212319910524,never_taker,2.0
3626,-1.2724563556034767,complier,2.0
3627,0.34908996480925514,complier,2.0
3628,0.2937765329739722,complier,2.0
3629,-0.000460482578428908,complier,2.0
3630,-1.6188082850937466,never_taker,2.0
3631,1.9612024878280427,always_taker,2.0
3632,-0.9028511578816966,never_taker,2.0
3633,-2.2041454432686782,never_taker,2.0
3634,-1.1343268185742297,never_taker,2.0
3635,-0.2530736230857939,complier,2.0
3636,-0.7195762972414186,never_taker,2.0
3637,-1.587232526751174,never_taker,2.0
3638,0.7843709628180981,complier,2.0
3639,1.6914517136539902,complier,2.0
3640,-1.49606724788702,never_taker,2.0
3641,1.627986448507506,complier,2.0
3642,-1.8734373215350886,never_taker,2.0
3643,0.5475524789891872,always_taker,2.0
3644,-0.25725936225102214,complier,2.0
3645,-0.4800938793591075,complier,2.0
3646,-0.0953630209550117,complier,2.0
3647,0.057500504509270293,complier,2.0
3648,0.13827391232215308,complier,2.0
3649,-0.3428599267050027,never_taker,2.0
3650,0.924470069908999,always_taker,2.0
3651,-0.0034558817286871797,complier,2.0
3652,-0.175336583683665,complier,2.0
3653,0.7645228570531049,always_taker,2.0
3654,1.137767097013395,always_taker,2.0
3655,1.4958059375273725,always_taker,2.0
3656,1.616222465456411,complier,2.0
3657,0.4034112504800861,complier,2.0
3658,1.040685977689845,always_taker,2.0
3659,0.07162516689053668,complier,2.0
3660,0.09209922805868644,complier,2.0
3661,-0.7986932428780834,complier,2.0
3662,-1.0172316702282636,never_taker,2.0
3663,2.1492452176373233,always_taker,2.0
3664,-0.40484516471989634,never_taker,2.0
3665,1.8977198094187868,complier,2.0
3666,-1.8078259362130997,never_taker,2.0
3667,0.23184090438254054,complier,2.0
3668,0.4883583494994836,complier,2.0
3669,0.3954938691449221,complier,2.0
3670,0.5296538458913036,always_taker,2.0
3671,2.0783408748075267,always_taker,2.0
3672,-1.3474725545344794,never_taker,2.0
3673,1.443759148579976,always_taker,2.0
3674,0.5029283844178218,complier,2.0
3675,0.03824168111858361,complier,2.0
3676,-1.38122964389405,never_taker,2.0
3677,0.9959645185273549,always_taker,2.0
3678,-1.3010805202962126,never_taker,2.0
3679,-1.655015550641962,never_taker,2.0
3680,-2.192795949678869,never_taker,2.0
3681,-0.5736413827976976,complier,2.0
3682,1.129869624328194,complier,2.0
3683,-1.0043820138358934,complier,2.0
3684,1.6472787737273706,complier,2.0
3685,-0.854742979364731,never_taker,2.0
3686,0.9869374483801394,complier,2.0
3687,-2.1339957571681105,never_taker,2.0
3688,1.6242746127059136,always_taker,2.0
3689,-0.04679741265100469,always_taker,2.0
3690,2.0649370455422598,always_taker,2.0
3691,-1.3219443968353872,never_taker,2.0
3692,0.4375610394674225,complier,2.0
3693,1.3803215610383468,always_taker,2.0
3694,0.5825671267448688,complier,2.0
3695,1.5746119766774034,always_taker,2.0
3696,-0.31818322171332203,never_taker,2.0
3697,-0.4508413811427649,complier,2.0
3698,-0.175815242154845,complier,2.0
3699,-0.5253106526811443,complier,2.0
3700,-0.05083347910566746,complier,2.0
3701,-0.032845715635517525,always_taker,2.0
3702,-0.4186920150843644,never_taker,2.0
3703,-1.4874958368469429,never_taker,2.0
3704,0.35085256261870656,complier,2.0
3705,0.8596641447872977,complier,2.0
3706,1.630444962863696,always_taker,2.0
3707,0.9477984095076541,complier,2.0
3708,-1.489918639972417,never_taker,2.0
3709,-0.9051662355335119,never_taker,2.0
3710,2.2548033015789115,always_taker,2.0
3711,0.8217461058000893,always_taker,2.0
3712,-0.4730711553440167,complier,2.0
3713,1.677706397598304,always_taker,2.0
3714,-0.8684021918576278,complier,2.0
3715,-0.6127660684152981,complier,2.0
3716,-0.6813763144426798,never_taker,2.0
3717,1.2494136409460366,always_taker,2.0
3718,-0.30168812175944437,complier,2.0
3719,0.3523092682280066,always_taker,2.0
3720,-0.26202551880222397,complier,2.0
3721,0.7508534524685496,always_taker,2.0
3722,0.8430291597858097,always_taker,2.0
3723,-0.3367368543560874,complier,2.0
3724,0.3572780389648007,complier,2.0
3725,1.046540424284709,complier,2.0
3726,0.5457291340930236,always_taker,2.0
3727,-1.338634097336649,complier,2.0
3728,0.008611332273479568,complier,2.0
3729,-1.1301633481538949,never_taker,2.0
3730,-1.6029024771813416,complier,2.0
3731,-0.49603392832498394,complier,2.0
3732,-0.5814131958802485,never_taker,2.0
3733,-1.2069861701854718,never_taker,2.0
3734,-0.802471664983725,never_taker,2.0
3735,1.372515842096086,complier,2.0
3736,-0.9953235724854554,never_taker,2.0
3737,0.7497057040961255,always_taker,2.0
3738,0.8015079949970788,always_taker,2.0
3739,0.027688398665977224,complier,2.0
3740,0.8156010198941138,always_taker,2.0
3741,-1.1621324154833732,complier,2.0
3742,2.26734199101983,always_taker,2.0
3743,0.9630998277749585,always_taker,2.0
3744,-1.2929231926384623,never_taker,2.0
3745,-1.1747489327678486,complier,2.0
3746,0.22298997904329906,complier,2.0
3747,0.7542046679963437,complier,2.0
3748,1.1721987799415157,complier,2.0
3749,2.137717102483103,always_taker,2.0
3750,0.28323868640046906,complier,2.0
3751,0.022017463845169047,complier,2.0
3752,-1.1536682396925446,complier,2.0
3753,-0.32568667027319237,complier,2.0
3754,2.26210309700602,always_taker,2.0
3755,-1.3447986267410015,never_taker,2.0
3756,-0.8327891831100702,complier,2.0
3757,0.2598296549773343,complier,2.0
3758,-0.09504294870292916,always_taker,2.0
3759,0.11452777006174772,complier,2.0
3760,-0.6470232472551377,complier,2.0
3761,1.7058340069958824,always_taker,2.0
3762,-0.5369605438194965,complier,2.0
3763,-1.5616156098377136,never_taker,2.0
3764,0.365044179335671,complier,2.0
3765,-0.09671055074786705,never_taker,2.0
3766,-0.18786987063114297,complier,2.0
3767,1.3545295677701963,always_taker,2.0
3768,2.5884896096789727,always_taker,2.0
3769,1.0225825234961972,complier,2.0
3770,-1.8886119867533546,never_taker,2.0
3771,-0.0516183420527154,always_taker,2.0
3772,0.6758964000374116,complier,2.0
3773,-0.05214218860489913,never_taker,2.0
3774,1.2347514399341188,always_taker,2.0
3775,-1.1632684404115075,complier,2.0
3776,-0.48234692336773777,complier,2.0
3777,0.3686599726999778,complier,2.0
3778,0.9562292419688324,always_taker,2.0
3779,-0.5564655375344653,never_taker,2.0
3780,-0.21034825644288643,never_taker,2.0
3781,-0.5326542098083143,never_taker,2.0
3782,-0.4739467424234038,complier,2.0
3783,0.5276928761210335,always_taker,2.0
3784,-0.9031366946046137,complier,2.0
3785,1.0145346307206164,complier,2.0
3786,-1.1266308201273398,complier,2.0
3787,-0.7625339731277804,complier,2.0
3788,-0.05940922363416973,complier,2.0
3789,-0.9276762436368029,never_taker,2.0
3790,0.06868091997832201,complier,2.0
3791,-2.341238323945091,complier,2.0
3792,-0.053302324632011885,complier,2.0
3793,0.3473516515001523,complier,2.0
3794,0.38718467059883904,complier,2.0
3795,1.2428766616500522,always_taker,2.0
3796,-0.004349638248132872,complier,2.0
3797,0.5490828236234586,always_taker,2.0
3798,0.22745746838720604,complier,2.0
3799,-1.0233031863989732,complier,2.0
3800,-0.7030545536939228,complier,2.0
3801,-1.1225536484290386,complier,2.0
3802,0.102775944016395,always_taker,2.0
3803,-0.14373681058612137,never_taker,2.0
3804,1.1233501950699378,complier,2.0
3805,-0.7836888259172147,complier,2.0
3806,-1.3603780721052756,never_taker,2.0
3807,1.0600992990791935,complier,2.0
3808,1.3316720853802422,complier,2.0
3809,-1.5968397069021525,never_taker,2.0
3810,0.8788694414398603,complier,2.0
3811,0.06710458484474062,complier,2.0
3812,-1.912535941735976,never_taker,2.0
3813,-1.3642384087958146,complier,2.0
3814,-1.0077586241815504,complier,2.0
3815,1.112703775413724,complier,2.0
3816,0.5175399283687505,complier,2.0
3817,-1.080205734128273,complier,2.0
3818,-0.17178054561671635,never_taker,2.0
3819,0.18113008164743646,complier,2.0
3820,-0.3991077732610627,complier,2.0
3821,1.1645785537818607,always_taker,2.0
3822,1.4451347368661256,always_taker,2.0
3823,-0.22649734239119468,complier,2.0
3824,0.2507098850050651,complier,2.0
3825,1.101491608558149,complier,2.0
3826,-0.6004085183844896,never_taker,2.0
3827,-0.500544616087465,complier,2.0
3828,-0.7293303881427015,never_taker,2.0
3829,-1.2423273691156065,never_taker,2.0
3830,-1.2050206150668847,complier,2.0
3831,-1.312185074038719,never_taker,2.0
3832,0.35141657492399136,complier,2.0
3833,0.16321992379387407,complier,2.0
3834,1.200322579285859,always_taker,2.0
3835,-0.8782392903918252,never_taker,2.0
3836,-0.9101212364645876,always_taker,2.0
3837,-0.47384993536794573,complier,2.0
3838,0.7470385354811816,always_taker,2.0
3839,-1.5066349436741808,never_taker,2.0
3840,0.7181771351081163,complier,2.0
3841,-0.5275963233737667,complier,2.0
3842,0.5351673888483957,complier,2.0
3843,-0.36992757321670633,complier,2.0
3844,-0.0667806504355624,complier,2.0
3845,2.087144296086754,always_taker,2.0
3846,-1.1637850640842753,never_taker,2.0
3847,-0.5411957094956872,complier,2.0
3848,-1.2200370173657493,complier,2.0
3849,-0.5144035147270131,complier,2.0
3850,1.0374956876911747,never_taker,2.0
3851,-1.1606500130372994,never_taker,2.0
3852,1.0994468554224284,always_taker,2.0
3853,1.0096824199820282,complier,2.0
3854,-0.35358284431612386,complier,2.0
3855,0.40920971816603974,never_taker,2.0
3856,-1.0672174553812308,never_taker,2.0
3857,-0.12940611493918172,complier,2.0
3858,0.48970746879782306,complier,2.0
3859,1.2017751974877222,always_taker,2.0
3860,-0.8289907868740319,complier,2.0
3861,-0.5632327799607459,complier,2.0
3862,0.5155382391649725,always_taker,2.0
3863,-0.31128205308746293,complier,2.0
3864,-0.9338069050201069,complier,2.0
3865,-0.2536433517795902,complier,2.0
3866,-0.1732466552570494,complier,2.0
3867,-0.2785192588000804,never_taker,2.0
3868,0.6004152796382944,complier,2.0
3869,-0.960615889026913,never_taker,2.0
3870,1.0384412621674963,complier,2.0
3871,-1.4257403850911046,never_taker,2.0
3872,-0.24799584949532374,complier,2.0
3873,-0.2668019092092136,never_taker,2.0
3874,1.6538913724607431,always_taker,2.0
3875,-0.1955902834266762,complier,2.0
3876,-0.4080581396073446,never_taker,2.0
3877,0.5649210342945142,always_taker,2.0
3878,-1.4010456217821934,never_taker,2.0
3879,0.4627667526259304,complier,2.0
3880,-1.975640414294235,complier,2.0
3881,-0.2718438715149249,complier,2.0
3882,1.9363089761249428,always_taker,2.0
3883,0.5373106889027305,complier,2.0
3884,-1.4115270707234704,complier,2.0
3885,0.16996647209094812,complier,2.0
3886,0.15858665422502297,always_taker,2.0
3887,-0.2720885526905009,complier,2.0
3888,0.22741948116585148,complier,2.0
3889,-0.7924404890601583,never_taker,2.0
3890,1.7573297699505086,complier,2.0
3891,-0.5448978522149199,never_taker,2.0
3892,0.02186303414146042,never_taker,2.0
3893,-0.21126475278008394,complier,2.0
3894,0.07288873997067336,complier,2.0
3895,1.7647300210213361,always_taker,2.0
3896,0.7945574924625642,always_taker,2.0
3897,0.2575866714847642,complier,2.0
3898,-0.5841017372919212,complier,2.0
3899,-0.8334460611370843,never_taker,2.0
3900,-0.8594002361061641,complier,2.0
3901,0.09393216406178584,complier,2.0
3902,-1.4236872029053214,never_taker,2.0
3903,-1.3879678316152404,never_taker,2.0
3904,-0.3001153481945435,complier,2.0
3905,-0.46908810484984764,always_taker,2.0
3906,0.1251145343866934,complier,2.0
3907,-1.725130890252365,never_taker,2.0
3908,-1.1154157183605307,complier,2.0
3909,-0.4233198771590161,complier,2.0
3910,0.7519247943508057,complier,2.0
3911,-1.1968993537776604,never_taker,2.0
3912,1.7455212228376389,complier,2.0
3913,-2.241285380846863,never_taker,2.0
3914,-0.5765839683372435,complier,2.0
3915,-0.14979399618785033,complier,2.0
3916,0.5847355631410865,always_taker,2.0
3917,0.7880222611699709,always_taker,2.0
3918,0.26186911421193365,complier,2.0
3919,0.301220920265151,always_taker,2.0
3920,-0.9572735443033975,never_taker,2.0
3921,0.9605586502803876,always_taker,2.0
3922,0.3646944856331857,complier,2.0
3923,0.1869149818062341,complier,2.0
3924,-0.24956268830796044,complier,2.0
3925,0.14171663511412097,always_taker,2.0
3926,0.14786419771097933,complier,2.0
3927,0.40507611640847885,complier,2.0
3928,-3.1131946240131807,never_taker,2.0
3929,0.6937204813848088,always_taker,2.0
3930,0.8065949139893234,complier,2.0
3931,-0.3790011395425691,complier,2.0
3932,0.4023718261937527,complier,2.0
3933,-0.5580263814144536,always_taker,2.0
3934,0.6198234047948068,always_taker,2.0
3935,-0.7574915083497007,complier,2.0
3936,-1.013070674486387,never_taker,2.0
3937,0.7566244982933263,complier,2.0
3938,-0.17116343463728878,complier,2.0
3939,-0.09717868456733895,complier,2.0
3940,-0.7956294148637639,complier,2.0
3941,-1.9305599549617143,never_taker,2.0
3942,0.9432339705959656,always_taker,2.0
3943,0.6048744851392427,complier,2.0
3944,0.15056538504621161,complier,2.0
3945,-0.1521088787974503,complier,2.0
3946,-0.09990840059960295,complier,2.0
3947,0.9460104749669216,complier,2.0
3948,-0.082758955526406,complier,2.0
3949,-1.5139265669909108,never_taker,2.0
3950,-0.6744422176109188,complier,2.0
3951,-0.38537466998083847,never_taker,2.0
3952,1.463409853763465,complier,2.0
3953,-0.519476075927369,never_taker,2.0
3954,-0.26577576426425253,complier,2.0
3955,0.684350824136052,always_taker,2.0
3956,0.43536158925308,complier,2.0
3957,1.5678227876209447,always_taker,2.0
3958,0.18220483966691686,always_taker,2.0
3959,-0.47018430732684213,never_taker,2.0
3960,0.5519996981897366,always_taker,2.0
3961,-1.0595985446079341,never_taker,2.0
3962,-0.5308704459140718,complier,2.0
3963,-0.853013724276463,complier,2.0
3964,0.19237790041630018,complier,2.0
3965,1.8184625554849494,always_taker,2.0
3966,1.0455835295331322,complier,2.0
3967,-0.6516238007744013,complier,2.0
3968,1.0856097124540114,always_taker,2.0
3969,0.17535438923409807,complier,2.0
3970,-0.11355960037448834,complier,2.0
3971,1.230303777862693,complier,2.0
3972,0.23005006552571858,complier,2.0
3973,0.9570968020424794,always_taker,2.0
3974,-1.093032757602029,complier,2.0
3975,1.6339245394228212,always_taker,2.0
3976,-0.843228488350992,complier,2.0
3977,-2.3085408434865062,never_taker,2.0
3978,0.9857990095827625,complier,2.0
3979,2.213644099658786,always_taker,2.0
3980,0.635200125860868,complier,2.0
3981,0.5249218474581341,complier,2.0
3982,1.0185153139784202,complier,2.0
3983,-0.20620552592930486,complier,2.0
3984,1.272858257763122,always_taker,2.0
3985,0.07323869593397254,complier,2.0
3986,1.098877041686509,complier,2.0
3987,-1.5141317506139886,complier,2.0
3988,-0.5303083589165077,never_taker,2.0
3989,-0.27801440432205754,complier,2.0
3990,-0.7999335045432093,complier,2.0
3991,-0.5806518540435754,never_taker,2.0
3992,-0.39714104777188225,complier,2.0
3993,0.16387592301923393,complier,2.0
3994,0.41000594040425525,complier,2.0
3995,-0.33173089104306563,complier,2.0
3996,-0.17497595830584636,complier,2.0
3997,2.803710367096622,always_taker,2.0
3998,-0.4578805351856666,always_taker,2.0
3999,1.8854286593237781,complier,2.0
4000,-0.7886794152392609,never_taker,2.0
4001,-1.4458393661530051,complier,2.0
4002,-0.3390465234666364,complier,2.0
4003,-0.4423417827692521,complier,2.0
4004,-0.9653241463315914,complier,2.0
4005,0.060109471169501445,complier,2.0
4006,0.7976880121538559,complier,2.0
4007,-0.5132434470009587,complier,2.0
4008,0.6761266476571949,complier,2.0
4009,-0.34585666849546315,never_taker,2.0
4010,-0.4679016077246033,complier,2.0
4011,0.7300248161952072,always_taker,2.0
4012,0.028707861778004957,complier,2.0
4013,-0.3482867444561253,never_taker,2.0
4014,-0.38634771683033886,complier,2.0
4015,0.2167599367653322,always_taker,2.0
4016,0.20504681970801367,complier,2.0
4017,-0.364481571126849,complier,2.0
4018,-1.1046999989475839,complier,2.0
4019,0.8661793039376284,always_taker,2.0
4020,1.3319240021770478,complier,2.0
4021,0.5771786867903782,complier,2.0
4022,0.11444550252609881,complier,2.0
4023,-0.10382716554871785,complier,2.0
4024,-0.3358869730090094,complier,2.0
4025,0.1475187144656303,complier,2.0
4026,0.09071519422111674,complier,2.0
4027,1.973066840233936,always_taker,2.0
4028,0.42389450391871625,complier,2.0
4029,-3.571223959084495,never_taker,2.0
4030,1.243924245032349,always_taker,2.0
4031,-0.8730691988277756,never_taker,2.0
4032,-0.438593511205549,never_taker,2.0
4033,-0.0902596835787638,complier,2.0
4034,0.2779919243205205,complier,2.0
4035,-0.20447746919573098,complier,2.0
4036,-0.7679003758498296,complier,2.0
4037,-1.3606413560655854,complier,2.0
4038,1.04102889691223,complier,2.0
4039,-0.4447071753996214,complier,2.0
4040,-0.734644357801535,complier,2.0
4041,-0.3911373996723744,complier,2.0
4042,-1.4493712486932648,complier,2.0
4043,0.9561390686989253,always_taker,2.0
4044,0.13577782034040584,complier,2.0
4045,1.5672162285523337,complier,2.0
4046,-1.8178409621014686,never_taker,2.0
4047,-1.027846393578975,never_taker,2.0
4048,-1.5109440488996666,never_taker,2.0
4049,0.3690011261291957,never_taker,2.0
4050,-0.7876224330070244,never_taker,2.0
4051,0.30223066916414065,complier,2.0
4052,-0.10187136217474707,complier,2.0
4053,-0.483806730748028,complier,2.0
4054,0.3435353950688091,always_taker,2.0
4055,1.5059239826174255,always_taker,2.0
4056,-0.37450634421189527,always_taker,2.0
4057,-0.1272248996121097,complier,2.0
4058,-0.3647545420229395,complier,2.0
4059,1.1379462641110014,always_taker,2.0
4060,0.6213054115592197,complier,2.0
4061,0.6980966320513666,always_taker,2.0
4062,1.7687010289120133,always_taker,2.0
4063,0.0967600557747477,complier,2.0
4064,0.2861341329934082,complier,2.0
4065,-0.9537021028750964,complier,2.0
4066,0.6929954687065037,complier,2.0
4067,0.7528755630174625,complier,2.0
4068,1.897549395133878,always_taker,2.0
4069,-0.15841897721266918,complier,2.0
4070,0.8279962635855755,always_taker,2.0
4071,-0.01629146515693078,complier,2.0
4072,-0.6383509413243504,complier,2.0
4073,0.5186686252715925,always_taker,2.0
4074,1.2023205983001868,complier,2.0
4075,0.8121850288902632,always_taker,2.0
4076,-0.5719279418827876,complier,2.0
4077,0.9720413246068056,always_taker,2.0
4078,0.30942938165084294,complier,2.0
4079,-0.8086627049654305,complier,2.0
4080,0.1308798972972045,complier,2.0
4081,-0.06534440793893569,complier,2.0
4082,0.16183061612058702,never_taker,2.0
4083,1.1518164387975203,always_taker,2.0
4084,-0.8844110555828907,complier,2.0
4085,1.3035039963476673,always_taker,2.0
4086,-0.34699088371693904,complier,2.0
4087,-0.5917258694050228,never_taker,2.0
4088,0.11091210184181921,never_taker,2.0
4089,-1.4239745758654418,complier,2.0
4090,0.1402706881462851,complier,2.0
4091,-1.9844773080077454,complier,2.0
4092,0.9722310035328166,complier,2.0
4093,-0.9127280026380898,never_taker,2.0
4094,1.13793312607654,complier,2.0
4095,0.4773155156547,complier,2.0
4096,1.5235603204103403,always_taker,2.0
4097,-0.15197812294387622,complier,2.0
4098,-0.16854303680997518,complier,2.0
4099,0.9365449992503753,complier,2.0
4100,-0.04683221652133713,complier,2.0
4101,0.10421895126411801,complier,2.0
4102,-0.111039528088272,complier,2.0
4103,0.09276340430893434,complier,2.0
4104,1.038152127450431,complier,2.0
4105,0.21008865337421598,complier,2.0
4106,-0.34037121988327385,never_taker,2.0
4107,-0.8303510650867526,never_taker,2.0
4108,1.7908797926054194,always_taker,2.0
4109,-0.8495577594432265,never_taker,2.0
4110,-1.6378399558973549,never_taker,2.0
4111,-0.18361197550431382,complier,2.0
4112,0.5168483252381957,complier,2.0
4113,-0.6778002933525223,complier,2.0
4114,-0.195769265930336,always_taker,2.0
4115,0.0757115518716359,complier,2.0
4116,-0.21088290087240705,complier,2.0
4117,1.2039631992212527,always_taker,2.0
4118,-0.9307980356553929,never_taker,2.0
4119,0.19766640137409644,always_taker,2.0
4120,-0.24026505351536273,complier,2.0
4121,-0.617154256052787,complier,2.0
4122,0.706597952455459,always_taker,2.0
4123,0.16201527454124426,complier,2.0
4124,-0.33713627755956,never_taker,2.0
4125,2.678264119635672,always_taker,2.0
4126,0.6077507865676703,always_taker,2.0
4127,0.28223663245193176,complier,2.0
4128,0.4450291084423756,complier,2.0
4129,1.3749128966546433,always_taker,2.0
4130,-0.1936302865878275,complier,2.0
4131,1.235231056762494,always_taker,2.0
4132,2.0845428218167306,always_taker,2.0
4133,-2.4896421716663037,never_taker,2.0
4134,1.0997558224191581,always_taker,2.0
4135,0.09779734726188039,complier,2.0
4136,-0.3305510941698638,never_taker,2.0
4137,-0.29660645344230335,complier,2.0
4138,1.9635558670785802,always_taker,2.0
4139,1.0670834166801613,complier,2.0
4140,-1.1013504449079878,complier,2.0
4141,0.2585316975539112,complier,2.0
4142,1.2607549583063802,always_taker,2.0
4143,0.8262082256030573,complier,2.0
4144,-1.500457857113981,complier,2.0
4145,-0.7652092162256503,complier,2.0
4146,-0.5783731999309867,complier,2.0
4147,-0.4401275469362889,complier,2.0
4148,-0.14240907174015432,complier,2.0
4149,-2.372718669052487,never_taker,2.0
4150,-1.3945428210569704,never_taker,2.0
4151,-0.2519792098647302,complier,2.0
4152,0.8151561137785733,always_taker,2.0
4153,1.556669896161442,always_taker,2.0
4154,-0.35797922203491195,complier,2.0
4155,-0.38567350227102154,complier,2.0
4156,-0.4342194938609831,complier,2.0
4157,0.5875267164652911,always_taker,2.0
4158,-0.20327448250487357,never_taker,2.0
4159,0.45149201473456724,always_taker,2.0
4160,0.7086069679829151,always_taker,2.0
4161,-0.11812349763965929,never_taker,2.0
4162,1.4792457793711808,always_taker,2.0
4163,0.7971124595168555,complier,2.0
4164,-0.3615498667190302,never_taker,2.0
4165,-0.9344979763215875,never_taker,2.0
4166,-0.1120844592058436,complier,2.0
4167,-1.1163521034958306,never_taker,2.0
4168,-1.2512170882828166,never_taker,2.0
4169,1.9268692225210677,always_taker,2.0
4170,-0.4132196812933413,never_taker,2.0
4171,-1.1662912203916955,never_taker,2.0
4172,-0.05369667515151043,complier,2.0
4173,-1.404389611946701,never_taker,2.0
4174,-1.4716333709478664,never_taker,2.0
4175,1.1486941916138134,always_taker,2.0
4176,2.471661861180131,always_taker,2.0
4177,-1.2606806820724343,never_taker,2.0
4178,-0.6773224617665872,complier,2.0
4179,1.0014378313425438,always_taker,2.0
4180,-0.7062028595441114,complier,2.0
4181,0.6167547224349104,never_taker,2.0
4182,0.042681964389318997,complier,2.0
4183,0.9384137958679902,always_taker,2.0
4184,1.2783020933890075,complier,2.0
4185,0.08380944612229116,complier,2.0
4186,1.222226541703619,always_taker,2.0
4187,1.4966630127707823,complier,2.0
4188,-0.6400371719510783,never_taker,2.0
4189,1.8401356400580764,always_taker,2.0
4190,0.4044689132051601,complier,2.0
4191,-0.5314555401832445,complier,2.0
4192,1.8628176612803482,always_taker,2.0
4193,0.9710151967337514,always_taker,2.0
4194,0.610482427767785,complier,2.0
4195,0.029219856152977317,complier,2.0
4196,0.6600575030676828,complier,2.0
4197,-1.1054367488259202,never_taker,2.0
4198,0.6192249848755372,never_taker,2.0
4199,2.0199638881256727,always_taker,2.0
4200,-1.1018625571200746,never_taker,2.0
4201,-0.021196126554540895,complier,2.0
4202,-1.5217233716502594,never_taker,2.0
4203,-0.008742251419076757,complier,2.0
4204,1.0265438473849544,always_taker,2.0
4205,-0.8353309507135313,never_taker,2.0
4206,0.4047219664994016,never_taker,2.0
4207,-1.290886513593065,never_taker,2.0
4208,-1.2748156004531483,complier,2.0
4209,-0.18323440050819034,always_taker,2.0
4210,-0.4201161519010748,complier,2.0
4211,-0.3892339516445562,never_taker,2.0
4212,1.0544017277639304,complier,2.0
4213,-0.7668776258137077,complier,2.0
4214,0.05456519080677639,complier,2.0
4215,-0.5929805762500732,never_taker,2.0
4216,0.18292701160247998,complier,2.0
4217,0.5791604629540701,complier,2.0
4218,0.21215719392544238,complier,2.0
4219,-0.7328635774597473,complier,2.0
4220,-1.0179711930851874,complier,2.0
4221,-1.5144266574076137,never_taker,2.0
4222,0.2171830375790013,complier,2.0
4223,1.3551738874495454,always_taker,2.0
4224,1.392106761364113,complier,2.0
4225,1.5473350092361728,always_taker,2.0
4226,-0.23505950853442234,complier,2.0
4227,-1.5227373563916746,never_taker,2.0
4228,-0.31693599273063217,complier,2.0
4229,-0.5131933520810223,never_taker,2.0
4230,-0.589702840195584,complier,2.0
4231,0.9132152282221011,always_taker,2.0
4232,-0.8475723516286224,never_taker,2.0
4233,1.106393762107964,always_taker,2.0
4234,0.2794507036683934,always_taker,2.0
4235,1.899694866234982,complier,2.0
4236,1.5668255391236525,always_taker,2.0
4237,0.03930400203297347,complier,2.0
4238,-0.6441927469902552,complier,2.0
4239,0.543245981139121,always_taker,2.0
4240,0.5435447302777434,complier,2.0
4241,0.15237284628551506,always_taker,2.0
4242,0.10131279150087377,always_taker,2.0
4243,-0.6020649216228707,never_taker,2.0
4244,-1.0011372721376948,complier,2.0
4245,0.8340695102151348,always_taker,2.0
4246,2.273400213678252,always_taker,2.0
4247,0.0018671392481190993,complier,2.0
4248,-1.545062518842653,never_taker,2.0
4249,0.7199454019406354,always_taker,2.0
4250,-0.4144020848371358,complier,2.0
4251,0.19324794538357423,complier,2.0
4252,0.20845951557513331,complier,2.0
4253,-1.1477287355347188,complier,2.0
4254,-0.9248535186315593,never_taker,2.0
4255,-0.24544929296165702,complier,2.0
4256,0.7007724330380551,complier,2.0
4257,-0.0060494503767711755,complier,2.0
4258,-0.2831162700812157,complier,2.0
4259,1.2822093824568013,always_taker,2.0
4260,-1.4290481179723264,never_taker,2.0
4261,0.350052738616557,complier,2.0
4262,0.99118728221885,complier,2.0
4263,0.35817309733364133,complier,2.0
4264,0.2998876299585915,complier,2.0
4265,1.7043710182546945,always_taker,2.0
4266,-0.7110703785034774,complier,2.0
4267,-0.7701243858727556,complier,2.0
4268,-0.2581515409415443,complier,2.0
4269,0.43734592015710216,complier,2.0
4270,-0.016554934868903325,complier,2.0
4271,0.9950143935789622,complier,2.0
4272,-0.39205186533112163,complier,2.0
4273,-1.3315024452923714,never_taker,2.0
4274,0.5518177431435857,complier,2.0
4275,-0.23908566590795288,complier,2.0
4276,-0.3872543683693306,complier,2.0
4277,0.08884448695304775,complier,2.0
4278,0.8182008619426793,always_taker,2.0
4279,-0.09445562508552707,never_taker,2.0
4280,-1.1261431757260272,never_taker,2.0
4281,0.8194897967092535,complier,2.0
4282,0.5996052181096443,complier,2.0
4283,-0.49802784787525933,complier,2.0
4284,-0.5374256344363012,never_taker,2.0
4285,0.30858654238716854,complier,2.0
4286,-0.3572472474879949,complier,2.0
4287,-1.115872795211466,never_taker,2.0
4288,-0.4522453682251751,complier,2.0
4289,-1.2417499763655169,never_taker,2.0
4290,-0.18067341856203867,complier,2.0
4291,0.7185039777107104,always_taker,2.0
4292,-0.4380121784599869,complier,2.0
4293,-0.12989502424938065,always_taker,2.0
4294,-0.17294607104191156,complier,2.0
4295,0.3629363395048097,never_taker,2.0
4296,0.8661497977039408,complier,2.0
4297,-0.48494086174016426,complier,2.0
4298,-3.2089108066630265,never_taker,2.0
4299,-1.2701173319485126,complier,2.0
4300,-1.5417791632636724,complier,2.0
4301,-1.0059190762795398,never_taker,2.0
4302,1.8813181995978678,always_taker,2.0
4303,1.4505497007824426,always_taker,2.0
4304,-0.26191706463801484,complier,2.0
4305,1.304435030189811,complier,2.0
4306,-0.8336666320186851,never_taker,2.0
4307,3.1425840216101175,always_taker,2.0
4308,1.0226783890691526,always_taker,2.0
4309,1.6389726547697085,always_taker,2.0
4310,-1.1678363157344365,never_taker,2.0
4311,-0.9497172596323307,never_taker,2.0
4312,1.2273361942028875,always_taker,2.0
4313,0.19311916500882137,complier,2.0
4314,-0.07247729920474903,complier,2.0
4315,-0.5370586675607423,never_taker,2.0
4316,-0.5232526844033243,complier,2.0
4317,-1.5152808472202983,complier,2.0
4318,0.21386513278191174,complier,2.0
4319,0.4407678926359818,complier,2.0
4320,-1.8803163462176755,never_taker,2.0
4321,-1.8666786513293177,complier,2.0
4322,2.550011634714032,always_taker,2.0
4323,0.03675319794770021,never_taker,2.0
4324,2.276071275380698,always_taker,2.0
4325,0.6864958672805386,complier,2.0
4326,1.0248266947704983,always_taker,2.0
4327,1.3191195462531438,always_taker,2.0
4328,1.1002078619755202,always_taker,2.0
4329,0.7697259609926046,complier,2.0
4330,0.8241512582865119,complier,2.0
4331,2.2029077894202653,always_taker,2.0
4332,-0.14607534795618926,complier,2.0
4333,-1.4971376872348054,never_taker,2.0
4334,-0.42054619589185005,complier,2.0
4335,-0.9467366771054759,never_taker,2.0
4336,-1.823440490137139,never_taker,2.0
4337,0.521513313639754,complier,2.0
4338,0.4052363677987603,complier,2.0
4339,0.17120535987028654,always_taker,2.0
4340,1.0038110428216036,complier,2.0
4341,1.4192791426999802,always_taker,2.0
4342,0.7020276425438795,always_taker,2.0
4343,0.1480229982276583,always_taker,2.0
4344,1.1579963068127959,always_taker,2.0
4345,-2.0991811908120876,never_taker,2.0
4346,-0.6554991254295491,complier,2.0
4347,-0.2566270210245746,never_taker,2.0
4348,0.25348170046444574,complier,2.0
4349,2.6016328381242637,always_taker,2.0
4350,-1.5796126752522013,complier,2.0
4351,0.754629876430373,complier,2.0
4352,-0.6494293694971929,complier,2.0
4353,-0.41637562440085507,never_taker,2.0
4354,0.2549423441041119,complier,2.0
4355,0.1595755316093454,complier,2.0
4356,-0.5655307072910443,complier,2.0
4357,-1.819008756053282,never_taker,2.0
4358,0.8053203615330622,complier,2.0
4359,0.6776046937789263,complier,2.0
4360,0.7454809784472747,complier,2.0
4361,-0.12759255138674466,complier,2.0
4362,0.541645191859621,complier,2.0
4363,1.3524073637142426,complier,2.0
4364,0.4554422908765409,never_taker,2.0
4365,0.6280203716584786,complier,2.0
4366,-0.057101554552556645,complier,2.0
4367,-0.256223115499473,complier,2.0
4368,0.9062658400729499,always_taker,2.0
4369,-1.23036388713575,complier,2.0
4370,-0.03322441584202732,complier,2.0
4371,1.371016722899286,always_taker,2.0
4372,-1.4492803322805459,never_taker,2.0
4373,-0.5563218387739212,never_taker,2.0
4374,2.0559309212963433,always_taker,2.0
4375,0.8647334171889561,always_taker,2.0
4376,-0.7108519560064299,never_taker,2.0
4377,0.12413980566632701,complier,2.0
4378,0.9027092504616466,complier,2.0
4379,-1.1569149680491764,never_taker,2.0
4380,0.07701079393054164,complier,2.0
4381,1.7262571754219413,always_taker,2.0
4382,2.289706126199994,always_taker,2.0
4383,-0.5798094621844292,complier,2.0
4384,0.11800176741673941,complier,2.0
4385,0.7151988966364762,complier,2.0
4386,1.949492094501317,always_taker,2.0
4387,-0.2710222632548554,complier,2.0
4388,-0.13648406166534893,complier,2.0
4389,0.01187559745965031,never_taker,2.0
4390,-0.9532557468279164,complier,2.0
4391,1.2739139717142682,complier,2.0
4392,-0.1797220926109144,complier,2.0
4393,-0.730240704355088,never_taker,2.0
4394,0.47249078073675005,always_taker,2.0
4395,2.1215182843322165,complier,2.0
4396,-1.1066452660628183,complier,2.0
4397,-0.041959890959398734,complier,2.0
4398,-0.44188350023706424,complier,2.0
4399,0.7855135298724043,always_taker,2.0
4400,1.6696124831792956,always_taker,2.0
4401,0.6371814430958874,always_taker,2.0
4402,0.3293688207013727,complier,2.0
4403,2.0659420075680806,always_taker,2.0
4404,0.27930000463282706,complier,2.0
4405,1.013587382967912,always_taker,2.0
4406,0.16469438238813952,always_taker,2.0
4407,1.7514109140511593,always_taker,2.0
4408,0.28210926002667575,complier,2.0
4409,-0.34600981524095026,never_taker,2.0
4410,1.6785983041431183,always_taker,2.0
4411,-0.46241012723884345,always_taker,2.0
4412,-0.4529541833415033,complier,2.0
4413,0.2639772096371137,complier,2.0
4414,1.0436228263008067,complier,2.0
4415,1.943227469112456,always_taker,2.0
4416,-0.4877755305404716,complier,2.0
4417,0.1295771071744734,complier,2.0
4418,0.363436591755733,complier,2.0
4419,0.5132216514839253,complier,2.0
4420,-0.7315582472371472,complier,2.0
4421,1.8963088326397526,always_taker,2.0
4422,2.2804645600106115,always_taker,2.0
4423,1.191827319360838,always_taker,2.0
4424,-0.32363415860364225,never_taker,2.0
4425,-1.5320300859671108,complier,2.0
4426,-0.3889555113446896,complier,2.0
4427,-0.4735602633222671,complier,2.0
4428,-0.9192660161246425,never_taker,2.0
4429,0.6738550958995629,complier,2.0
4430,1.0130891773875894,always_taker,2.0
4431,0.021866514833588778,complier,2.0
4432,-0.5393320978713259,complier,2.0
4433,0.6382682702759567,always_taker,2.0
4434,-1.6109010970728614,never_taker,2.0
4435,-1.8588149438250132,never_taker,2.0
4436,-1.7922893939907523,never_taker,2.0
4437,-1.3794968533789278,never_taker,2.0
4438,-0.5073423902425047,complier,2.0
4439,-0.42601011374185616,never_taker,2.0
4440,0.35591166962398363,complier,2.0
4441,0.18521698382875423,complier,2.0
4442,1.02270688628732,always_taker,2.0
4443,0.5092670460425543,complier,2.0
4444,0.27888402861842654,complier,2.0
4445,0.8654338112272039,always_taker,2.0
4446,2.1341284802985405,always_taker,2.0
4447,1.7292494407317651,always_taker,2.0
4448,-1.130226568498539,complier,2.0
4449,0.21941664454529738,complier,2.0
4450,0.36298163642273745,complier,2.0
4451,0.12179128466303171,complier,2.0
4452,0.6555727813237668,never_taker,2.0
4453,-0.4376176505805653,complier,2.0
4454,-0.3399860405657106,complier,2.0
4455,0.24616717125566764,complier,2.0
4456,-0.21554207067097667,complier,2.0
4457,1.2912697210471376,always_taker,2.0
4458,1.1750977140592125,always_taker,2.0
4459,0.23161339655656277,complier,2.0
4460,0.26725549091450385,complier,2.0
4461,-1.9350295405804743,never_taker,2.0
4462,-0.03681238332177122,complier,2.0
4463,2.6970183185040564,always_taker,2.0
4464,0.06554764781324084,complier,2.0
4465,-0.8253589798848137,complier,2.0
4466,0.6101508420417288,complier,2.0
4467,-0.4655282468510817,complier,2.0
4468,-0.47808535094304094,complier,2.0
4469,0.3158285584897375,complier,2.0
4470,-0.003731117732017678,complier,2.0
4471,1.120157762644991,always_taker,2.0
4472,0.21048928772962278,complier,2.0
4473,1.5630929185728202,always_taker,2.0
4474,1.5434747854714352,always_taker,2.0
4475,0.36996697723964694,complier,2.0
4476,0.6577899945533423,complier,2.0
4477,-2.3664031226576028,never_taker,2.0
4478,-1.0095379008924896,never_taker,2.0
4479,-1.0180372472362422,complier,2.0
4480,0.4351078336931527,complier,2.0
4481,2.2873891022793154,always_taker,2.0
4482,-1.543518418007939,never_taker,2.0
4483,-0.4216438478754186,complier,2.0
4484,0.2669731347924924,complier,2.0
4485,0.8523842788218767,complier,2.0
4486,0.17566346777540892,complier,2.0
4487,-0.21888841625743372,complier,2.0
4488,-2.296889509849461,never_taker,2.0
4489,0.3692916721119845,complier,2.0
4490,-0.918931531043326,never_taker,2.0
4491,0.039295621028365375,complier,2.0
4492,-0.014253376262028885,complier,2.0
4493,0.6597463958558998,complier,2.0
4494,-0.2333043696281212,complier,2.0
4495,0.9219662578264185,complier,2.0
4496,1.7830973872453968,always_taker,2.0
4497,-0.15462207769196581,complier,2.0
4498,1.1644223748482043,complier,2.0
4499,0.07482650605732995,complier,2.0
4500,-0.12990116780575875,never_taker,2.0
4501,0.7185929978219673,complier,2.0
4502,0.1328172750504546,never_taker,2.0
4503,0.9086407658308214,complier,2.0
4504,1.273301783505541,always_taker,2.0
4505,-0.4114077985208468,complier,2.0
4506,-0.8161861738881878,never_taker,2.0
4507,0.059792429775523966,always_taker,2.0
4508,-0.8317608210957361,complier,2.0
4509,-1.1149294720994516,complier,2.0
4510,-0.20462359469191044,complier,2.0
4511,0.865897422413549,complier,2.0
4512,0.12281737639889015,complier,2.0
4513,0.179051608235899,complier,2.0
4514,0.6210374088556091,complier,2.0
4515,-0.0025937271260697376,complier,2.0
4516,-0.1925830162259639,complier,2.0
4517,0.34245507363295197,complier,2.0
4518,-0.1425417961862566,never_taker,2.0
4519,-1.2891739053385598,complier,2.0
4520,-0.21019480839845459,complier,2.0
4521,0.21377103489722046,complier,2.0
4522,0.4612819164164219,complier,2.0
4523,-0.6558551022118632,complier,2.0
4524,0.3318906923024251,always_taker,2.0
4525,0.6452368251125299,always_taker,2.0
4526,-1.1317304408718825,complier,2.0
4527,-1.7251709670460917,never_taker,2.0
4528,1.5806262637357988,always_taker,2.0
4529,-0.9326834393507984,never_taker,2.0
4530,-0.21855230017525162,complier,2.0
4531,0.29693159807646313,always_taker,2.0
4532,1.6787734091034812,always_taker,2.0
4533,1.1056943764908818,complier,2.0
4534,-1.1767068556373692,complier,2.0
4535,0.10984941262631907,complier,2.0
4536,-0.6330390145205673,complier,2.0
4537,0.2819348245111112,always_taker,2.0
4538,0.6954554817712894,always_taker,2.0
4539,0.10256346312079095,never_taker,2.0
4540,-0.025224978623376068,complier,2.0
4541,-2.0367020845314356,never_taker,2.0
4542,-0.3269821452311134,never_taker,2.0
4543,0.8453891183568696,always_taker,2.0
4544,1.3581558076678375,complier,2.0
4545,0.030673996926421674,complier,2.0
4546,-0.43546443565003023,never_taker,2.0
4547,0.8641935316595502,always_taker,2.0
4548,0.08246021085336291,complier,2.0
4549,-0.13669811834254644,complier,2.0
4550,1.4683867656216312,always_taker,2.0
4551,0.7362376037742265,complier,2.0
4552,-0.5247442687929639,complier,2.0
4553,-0.40613608313087485,never_taker,2.0
4554,0.4015325650742577,always_taker,2.0
4555,0.017908059203921776,complier,2.0
4556,-2.3174479901276643,never_taker,2.0
4557,0.43165588502970814,complier,2.0
4558,0.9353682684987107,complier,2.0
4559,-0.5873221345491412,complier,2.0
4560,1.2498823960125218,always_taker,2.0
4561,0.6438488316897547,complier,2.0
4562,0.6360949615637614,complier,2.0
4563,-0.2864425972493679,complier,2.0
4564,0.29393925630212203,never_taker,2.0
4565,0.9695134723150824,complier,2.0
4566,-0.18880162584987104,complier,2.0
4567,1.2404697104212317,always_taker,2.0
4568,-0.39315013830082773,never_taker,2.0
4569,1.2725117990534758,complier,2.0
4570,-1.2191576423824113,complier,2.0
4571,-2.013710865605165,never_taker,2.0
4572,-0.06490873756442637,complier,2.0
4573,1.452465567276383,always_taker,2.0
4574,1.1195211433258083,complier,2.0
4575,-0.26581304094638863,complier,2.0
4576,1.4045121372029192,complier,2.0
4577,1.238573365425777,complier,2.0
4578,-0.26422282097245026,complier,2.0
4579,1.541715134069702,complier,2.0
4580,-0.28175043471837463,complier,2.0
4581,-0.363882420181625,complier,2.0
4582,-0.6072576795426288,never_taker,2.0
4583,-0.026012956123022422,always_taker,2.0
4584,0.1245503250652194,always_taker,2.0
4585,-1.0384743107090244,never_taker,2.0
4586,-0.10476909447478004,always_taker,2.0
4587,-0.3559146258275419,never_taker,2.0
4588,-1.6390377015859685,never_taker,2.0
4589,-0.8734898798628264,never_taker,2.0
4590,-0.5082418808242966,never_taker,2.0
4591,-0.8438331181641537,never_taker,2.0
4592,-0.6418549836846411,complier,2.0
4593,0.5229426797645186,complier,2.0
4594,0.8640252085107178,complier,2.0
4595,-1.7054279413472149,never_taker,2.0
4596,1.1048038807520832,complier,2.0
4597,1.2491674492863116,always_taker,2.0
4598,-0.4232501328255346,complier,2.0
4599,-0.12479417952726368,complier,2.0
4600,1.4223575525572256,always_taker,2.0
4601,0.4101697081219034,always_taker,2.0
4602,0.2296620539568353,complier,2.0
4603,2.2023703164169284,always_taker,2.0
4604,1.04303499451866,always_taker,2.0
4605,1.5866502690446826,always_taker,2.0
4606,-0.4962394288455448,never_taker,2.0
4607,0.9605695491798637,always_taker,2.0
4608,0.8723900023993961,always_taker,2.0
4609,-0.31693462738761835,complier,2.0
4610,-0.947902721845535,never_taker,2.0
4611,-2.442911815350677,never_taker,2.0
4612,-0.9168045946976768,never_taker,2.0
4613,-0.2246315024120915,complier,2.0
4614,0.10540325430946709,complier,2.0
4615,0.4647424909834185,complier,2.0
4616,0.5711279991837591,complier,2.0
4617,-0.01984582619726743,complier,2.0
4618,1.565081073508561,always_taker,2.0
4619,-1.6889880702008477,never_taker,2.0
4620,0.6351485929938805,always_taker,2.0
4621,-1.1590107877456457,never_taker,2.0
4622,0.10117527112031612,always_taker,2.0
4623,-1.6233282927690382,never_taker,2.0
4624,0.6276966602507498,complier,2.0
4625,0.5819905504353162,complier,2.0
4626,1.8109811267017073,always_taker,2.0
4627,-0.38814834387062896,complier,2.0
4628,-0.5345598213349464,complier,2.0
4629,-1.1525891040533276,complier,2.0
4630,1.5354855700666488,always_taker,2.0
4631,1.5216814973924089,always_taker,2.0
4632,-1.0215693840179958,complier,2.0
4633,1.8191843075918175,always_taker,2.0
4634,-0.3030514356990927,complier,2.0
4635,0.21806597310341416,complier,2.0
4636,-0.1448903852329181,complier,2.0
4637,-2.6385670923309847,never_taker,2.0
4638,0.7027630078535418,complier,2.0
4639,-1.3601075404590919,never_taker,2.0
4640,0.25442310464514656,complier,2.0
4641,0.9752517766570159,complier,2.0
4642,0.5427826750245108,always_taker,2.0
4643,-0.6450447319881499,complier,2.0
4644,-0.9583427547629686,complier,2.0
4645,-0.4793966089177146,complier,2.0
4646,0.06730030628882226,complier,2.0
4647,2.2686573782625428,always_taker,2.0
4648,2.414315401926844,always_taker,2.0
4649,0.013334279503944554,complier,2.0
4650,-2.0669706720875376,never_taker,2.0
4651,0.5425704837557103,complier,2.0
4652,0.2109850767710667,complier,2.0
4653,1.8941567041148641,complier,2.0
4654,0.3359236099210933,complier,2.0
4655,-0.9736724745987805,never_taker,2.0
4656,-0.2840337420011784,complier,2.0
4657,0.06632832422591597,complier,2.0
4658,-1.4826843032021866,never_taker,2.0
4659,0.3666813906881028,always_taker,2.0
4660,-1.1800326374861925,complier,2.0
4661,0.4929936009288255,complier,2.0
4662,0.6832543452314678,always_taker,2.0
4663,1.1463473758869984,complier,2.0
4664,-0.766093168749759,never_taker,2.0
4665,-0.010238616113857398,complier,2.0
4666,2.842170124319724,always_taker,2.0
4667,-0.5841308003597979,complier,2.0
4668,1.0250296177751146,complier,2.0
4669,1.3645470635129282,always_taker,2.0
4670,0.14143508274823044,complier,2.0
4671,-0.06683007970968692,complier,2.0
4672,-0.3921465780749547,complier,2.0
4673,1.2910168734585485,complier,2.0
4674,0.2350042526983716,complier,2.0
4675,1.390474701247203,complier,2.0
4676,-1.2195825436932337,complier,2.0
4677,-2.187052362262442,never_taker,2.0
4678,0.4561923146727247,complier,2.0
4679,0.6508436198291779,always_taker,2.0
4680,0.27581705658768735,never_taker,2.0
4681,-0.4340292909209969,complier,2.0
4682,1.3658837136868676,always_taker,2.0
4683,-0.5906340090311571,complier,2.0
4684,-0.15451421913223354,complier,2.0
4685,-1.2116920400078806,never_taker,2.0
4686,0.16301333766912857,complier,2.0
4687,0.08082713002453325,complier,2.0
4688,-0.4497747748597387,complier,2.0
4689,0.7698838358147774,always_taker,2.0
4690,-0.9586421461007981,complier,2.0
4691,0.3014875987738179,complier,2.0
4692,0.5887544366552553,complier,2.0
4693,1.4797819107715595,always_taker,2.0
4694,-0.8722765052895675,never_taker,2.0
4695,0.1997085775874347,complier,2.0
4696,0.8957158552896674,complier,2.0
4697,-1.0014947509815495,never_taker,2.0
4698,0.2096140406571377,complier,2.0
4699,0.20078984627495988,never_taker,2.0
4700,-0.019523338115821076,complier,2.0
4701,0.9137722063472952,always_taker,2.0
4702,-0.46810744954580946,complier,2.0
4703,0.9751932837887038,always_taker,2.0
4704,1.6799412565038272,always_taker,2.0
4705,-1.6700142686763666,never_taker,2.0
4706,0.5666319952420407,always_taker,2.0
4707,1.6462610983674906,complier,2.0
4708,-1.4780515772841938,never_taker,2.0
4709,-1.4934257924691452,never_taker,2.0
4710,-0.14091090074091678,complier,2.0
4711,-2.498524916391482,never_taker,2.0
4712,-1.7633996154196454,never_taker,2.0
4713,-1.2742936840100794,always_taker,2.0
4714,0.9986568477385493,always_taker,2.0
4715,-0.12147939158152309,complier,2.0
4716,0.8320365708290355,complier,2.0
4717,0.8863308335020984,always_taker,2.0
4718,0.9952905102380616,always_taker,2.0
4719,-0.4362658130941911,complier,2.0
4720,0.3576638183740525,always_taker,2.0
4721,-0.275937537999768,never_taker,2.0
4722,-0.05696473670477974,complier,2.0
4723,0.14613569543622426,complier,2.0
4724,-0.10097207188945069,complier,2.0
4725,0.5459160163174698,always_taker,2.0
4726,0.06532126747028365,complier,2.0
4727,-1.3361460985348887,never_taker,2.0
4728,-0.599889510827534,complier,2.0
4729,-0.45506022361078163,never_taker,2.0
4730,-0.7862137244646612,never_taker,2.0
4731,-1.4287975399349322,complier,2.0
4732,0.2643330410460182,always_taker,2.0
4733,0.0483204411786644,complier,2.0
4734,0.3978207039610406,complier,2.0
4735,1.4788499808474591,always_taker,2.0
4736,-0.987459269492007,never_taker,2.0
4737,-2.2503304024037045,never_taker,2.0
4738,1.3699446160773345,always_taker,2.0
4739,-0.47344246277070945,complier,2.0
4740,-0.8915641429487554,complier,2.0
4741,-1.014016967378395,never_taker,2.0
4742,-0.8180917379571718,never_taker,2.0
4743,2.6722230899170656,always_taker,2.0
4744,-0.6089422974218148,complier,2.0
4745,-1.8381277334055242,never_taker,2.0
4746,-1.0281509042084194,never_taker,2.0
4747,0.1451132053029427,complier,2.0
4748,0.04028936115047112,complier,2.0
4749,-0.183949885241783,never_taker,2.0
4750,-1.2865248404062681,never_taker,2.0
4751,-0.04092395763740699,never_taker,2.0
4752,-0.550592433264926,complier,2.0
4753,0.45419027201894047,always_taker,2.0
4754,2.6286178843270847,complier,2.0
4755,-1.1414407382191896,complier,2.0
4756,0.3178329239317477,complier,2.0
4757,1.0820301951275586,always_taker,2.0
4758,-0.6342418378401642,complier,2.0
4759,-0.24677315091234908,complier,2.0
4760,-2.7815310920380942,never_taker,2.0
4761,1.4617152245070832,complier,2.0
4762,0.19473391968684772,never_taker,2.0
4763,0.7647918263633265,complier,2.0
4764,0.31156810388231776,complier,2.0
4765,0.680639901496837,complier,2.0
4766,0.10047254484686599,never_taker,2.0
4767,-1.8881182915011132,never_taker,2.0
4768,-1.1327204100625656,never_taker,2.0
4769,0.633830058110073,complier,2.0
4770,-0.6002427924432012,complier,2.0
4771,-0.15211079995614227,complier,2.0
4772,0.6301068523403225,always_taker,2.0
4773,-0.30122038951299057,complier,2.0
4774,0.03250732412141231,complier,2.0
4775,-1.9973443753245312,complier,2.0
4776,0.5382599161928554,complier,2.0
4777,0.3268000181081377,complier,2.0
4778,-1.35144087751095,never_taker,2.0
4779,-0.3095208551931247,complier,2.0
4780,-0.6215436952283058,never_taker,2.0
4781,1.0281920280537102,always_taker,2.0
4782,-0.4343758565062791,complier,2.0
4783,-0.5478987641142024,complier,2.0
4784,-0.4828527535721061,complier,2.0
4785,0.12463809115091201,complier,2.0
4786,1.3571398994949058,always_taker,2.0
4787,1.2823409936132362,always_taker,2.0
4788,-0.20981138413843517,complier,2.0
4789,-0.08218265647727976,complier,2.0
4790,-1.2560555625624321,never_taker,2.0
4791,0.516432864956114,complier,2.0
4792,-1.1681187592903148,complier,2.0
4793,-0.26214104198818805,complier,2.0
4794,0.9232951809153578,always_taker,2.0
4795,-0.2549514264680087,complier,2.0
4796,-1.1533115006243706,never_taker,2.0
4797,0.6944827504120544,always_taker,2.0
4798,0.4161754182275702,complier,2.0
4799,2.264944527085405,always_taker,2.0
4800,-1.5479607349430018,complier,2.0
4801,0.70010831936891,complier,2.0
4802,-0.3257548474868219,complier,2.0
4803,-0.021203812098409897,always_taker,2.0
4804,0.07242568323825223,always_taker,2.0
4805,0.7448494681588468,complier,2.0
4806,0.21829542358620627,always_taker,2.0
4807,1.3017139280596939,complier,2.0
4808,0.023186824915695983,complier,2.0
4809,-0.9570693717570744,complier,2.0
4810,0.22852473382457772,complier,2.0
4811,-0.4002340269879974,complier,2.0
4812,-0.12325497172356584,complier,2.0
4813,-1.6671619414116845,never_taker,2.0
4814,-0.7981659753006853,never_taker,2.0
4815,1.2565016964423241,complier,2.0
4816,-0.7832505186852405,complier,2.0
4817,-1.6964869712725374,never_taker,2.0
4818,0.3539601309357671,always_taker,2.0
4819,0.2928952893671373,complier,2.0
4820,-0.15317609547805064,complier,2.0
4821,0.5266753295227249,complier,2.0
4822,1.423911672603205,always_taker,2.0
4823,2.1290411984289594,always_taker,2.0
4824,0.366046287527316,always_taker,2.0
4825,-0.0896931280257161,complier,2.0
4826,1.0899261113745036,always_taker,2.0
4827,-1.0477105586026296,complier,2.0
4828,1.1496143546853477,always_taker,2.0
4829,2.5417247293384135,always_taker,2.0
4830,0.6935924871329434,complier,2.0
4831,-0.009024920958744725,complier,2.0
4832,0.3659493858886316,complier,2.0
4833,-0.15034225670808787,always_taker,2.0
4834,-0.31303867432217497,complier,2.0
4835,-1.2834679017296788,complier,2.0
4836,-0.3180717018661834,complier,2.0
4837,-1.1056719753427728,complier,2.0
4838,-0.6612843984805772,complier,2.0
4839,-0.13834965880427536,never_taker,2.0
4840,-1.552801533319822,never_taker,2.0
4841,-0.39151579795471403,complier,2.0
4842,1.2700611259710959,always_taker,2.0
4843,0.6799661043551402,complier,2.0
4844,-0.04634545023457986,always_taker,2.0
4845,0.8508979575598927,complier,2.0
4846,0.19719655800012112,always_taker,2.0
4847,-0.2048825210215508,complier,2.0
4848,-0.07820025414796697,complier,2.0
4849,0.7783271595165075,complier,2.0
4850,-0.6233856856470898,complier,2.0
4851,-1.5008617939935294,never_taker,2.0
4852,1.5784905875135908,always_taker,2.0
4853,0.7732093524785127,complier,2.0
4854,1.9146791019532625,always_taker,2.0
4855,-1.2901590092342001,never_taker,2.0
4856,-0.6981275980042657,complier,2.0
4857,-0.9526485420091417,complier,2.0
4858,-0.5562907459104036,complier,2.0
4859,-0.6501308953725556,complier,2.0
4860,1.0107121227122753,always_taker,2.0
4861,-0.2504614099348142,complier,2.0
4862,0.47446131867047964,always_taker,2.0
4863,1.6415717784186787,always_taker,2.0
4864,-0.49662363764892853,never_taker,2.0
4865,1.4239661142612474,always_taker,2.0
4866,0.20868987132816874,complier,2.0
4867,0.042837229036065884,complier,2.0
4868,-0.14577101978741702,complier,2.0
4869,-0.8782770721162598,never_taker,2.0
4870,0.7807912525604478,always_taker,2.0
4871,0.7740489032815737,always_taker,2.0
4872,1.2103387950353435,always_taker,2.0
4873,0.024093115557534198,always_taker,2.0
4874,0.929024410965351,complier,2.0
4875,0.31175466557024284,complier,2.0
4876,-1.1534022513764137,never_taker,2.0
4877,-1.2614329653091882,complier,2.0
4878,-0.7084244008155873,complier,2.0
4879,0.2273775091510617,complier,2.0
4880,-0.1863031025978578,complier,2.0
4881,-0.6026377531413444,never_taker,2.0
4882,2.366379043568326,always_taker,2.0
4883,-0.27291868483391324,always_taker,2.0
4884,1.288413454638731,complier,2.0
4885,-0.908205173578873,complier,2.0
4886,-1.2443761961632844,never_taker,2.0
4887,-1.0099233536144354,complier,2.0
4888,0.15418041645855554,always_taker,2.0
4889,-1.975405565233111,never_taker,2.0
4890,-0.2256602637777575,never_taker,2.0
4891,-0.12955479894975408,always_taker,2.0
4892,0.6394426004764847,complier,2.0
4893,1.8459051333828835,always_taker,2.0
4894,-0.001461064242280976,complier,2.0
4895,-1.699013058562039,never_taker,2.0
4896,-0.214184580124214,complier,2.0
4897,-0.01692230964779789,always_taker,2.0
4898,-1.3020327515929124,never_taker,2.0
4899,0.029787773131144907,complier,2.0
4900,1.5016988218955136,always_taker,2.0
4901,-1.262752032626996,never_taker,2.0
4902,-0.11267258290169163,complier,2.0
4903,0.27154599313713923,complier,2.0
4904,-0.7385558569084942,complier,2.0
4905,-0.9995696253482127,complier,2.0
4906,-2.341380471374537,complier,2.0
4907,0.8816530684625942,complier,2.0
4908,0.8693081947550343,complier,2.0
4909,0.06799741295397926,complier,2.0
4910,-0.7798278479579913,never_taker,2.0
4911,0.5499992255213921,complier,2.0
4912,0.8884960875389195,complier,2.0
4913,-0.9288950034245261,complier,2.0
4914,-1.926910953198135,never_taker,2.0
4915,-0.2201535732579826,complier,2.0
4916,2.994202948539001,always_taker,2.0
4917,0.7957937331097662,always_taker,2.0
4918,-2.082140200356423,never_taker,2.0
4919,0.08823378393532728,complier,2.0
4920,0.3412983868516508,always_taker,2.0
4921,1.012581663313267,complier,2.0
4922,0.12672552102729542,complier,2.0
4923,-0.009466928485313483,never_taker,2.0
4924,-0.5649033864637615,complier,2.0
4925,-1.8524951399770329,never_taker,2.0
4926,-2.0815322740446094,never_taker,2.0
4927,-1.072055126111464,complier,2.0
4928,0.8366778761785486,complier,2.0
4929,-0.5378844533188265,never_taker,2.0
4930,0.681881647424082,complier,2.0
4931,1.8973772395550341,always_taker,2.0
4932,-0.6383834807728646,never_taker,2.0
4933,-0.4285704065206459,complier,2.0
4934,1.2160164441277577,always_taker,2.0
4935,-0.07894188326696325,always_taker,2.0
4936,1.2017971824106348,always_taker,2.0
4937,-1.2164276718580396,never_taker,2.0
4938,-0.23779731711018862,complier,2.0
4939,-1.2428033662780391,complier,2.0
4940,0.7157345661163742,always_taker,2.0
4941,0.7600315738761885,complier,2.0
4942,0.3811448765165231,complier,2.0
4943,0.18402345696299818,complier,2.0
4944,-0.302384618972023,never_taker,2.0
4945,0.7580792655055338,complier,2.0
4946,0.5885081573642014,complier,2.0
4947,0.658464655631735,complier,2.0
4948,-2.305977865665761,never_taker,2.0
4949,-0.9724135482134841,complier,2.0
4950,0.47632630957298705,always_taker,2.0
4951,-0.6210851884494567,never_taker,2.0
4952,-0.6691974228286893,complier,2.0
4953,-0.6294892121745687,complier,2.0
4954,-0.3704428592762889,complier,2.0
4955,1.1427917317488379,always_taker,2.0
4956,-0.20569728957628283,complier,2.0
4957,1.2775991744506803,complier,2.0
4958,-1.0068287103122504,never_taker,2.0
4959,0.34923592168014406,complier,2.0
4960,0.6484295914172813,complier,2.0
4961,-0.6459459123824403,complier,2.0
4962,0.3202485415371425,complier,2.0
4963,-0.26731884484706436,complier,2.0
4964,-0.4333671931773439,complier,2.0
4965,0.2958086604600678,always_taker,2.0
4966,-0.31026414392537943,complier,2.0
4967,-0.8141034709235968,never_taker,2.0
4968,-0.056602062420309324,complier,2.0
4969,-0.41126336539600455,complier,2.0
4970,0.5233858384607971,complier,2.0
4971,-1.3973908679975438,complier,2.0
4972,0.5722231882182565,always_taker,2.0
4973,1.41648054919173,always_taker,2.0
4974,-1.362502454727261,complier,2.0
4975,-0.07480778583783894,never_taker,2.0
4976,0.3290410060307273,complier,2.0
4977,1.3937515733670243,complier,2.0
4978,-0.3278838690641541,complier,2.0
4979,0.5809433174131902,complier,2.0
4980,0.2810131276537015,complier,2.0
4981,-0.2212898704631733,complier,2.0
4982,-0.9391550184785143,never_taker,2.0
4983,0.6611412003080451,complier,2.0
4984,0.7645260494363322,always_taker,2.0
4985,0.9004049389155214,always_taker,2.0
4986,1.6612112772585976,complier,2.0
4987,0.5888102631480072,complier,2.0
4988,0.9699650979276154,complier,2.0
4989,-0.9859962858150636,never_taker,2.0
4990,1.2244581920023063,always_taker,2.0
4991,-1.841308349236473,never_taker,2.0
4992,1.3312451827715777,complier,2.0
4993,0.8003571513109518,complier,2.0
4994,1.2713138772096853,complier,2.0
4995,-1.1311808521532671,complier,2.0
4996,2.625556797356323,always_taker,2.0
4997,-1.431504639467053,never_taker,2.0
4998,2.227428311062136,always_taker,2.0
4999,-0.014215493553674729,complier,2.0
5000,1.0782900249690612,always_taker,2.0
