id,u_hidden_truth,propensity_truth,y0_truth,true_tau
1,-0.4305109513247342,0.47216911512548243,1.3111228538312791,1.0
2,-1.3078973133551848,0.3045062969652778,0.4532128754956267,1.0
3,-0.9097351045391027,0.48070589685784937,0.3947056256298984,1.0
4,-1.0182492863168933,0.5259026530233162,1.747822677049502,1.0
5,0.9653793011888083,0.8789757211020163,4.170221666986217,1.0
6,1.2933885556679454,0.8196031625682072,3.242654110143178,1.0
7,0.016592352501668642,0.6634101601003822,0.9171311732341404,1.0
8,1.0510930525869093,0.8253847462698113,2.9249755719149584,1.0
9,2.656307502093897,0.8616392804663392,2.69085289197498,1.0
10,1.290381059783893,0.8037546265305121,1.136813958406147,1.0
11,-0.5077920944283052,0.32905017994863617,0.4055599690048838,1.0
12,0.7140970213287348,0.18861720049773598,0.18014677449178085,1.0
13,-0.6795980643064556,0.4747637342844702,0.07094451959865178,1.0
14,0.8156793600159775,0.5307179546231374,0.6610183346019276,1.0
15,0.43796084898458787,0.6936591494707437,2.064442769828999,1.0
16,1.345409083688858,0.9224601785767452,4.128944774228109,1.0
17,-0.560862725051681,0.3448830667867192,-0.6720560354127135,1.0
18,-0.7674940991757037,0.423052533312471,-0.7841550626805474,1.0
19,-0.6627091205145598,0.6890444974370498,2.7297297756652954,1.0
20,-0.11719042015431322,0.40659998299901695,-0.7594406378350764,1.0
21,-0.26275421478546795,0.3781872731374364,0.380024657380629,1.0
22,-0.6528854036914732,0.4640747967659032,0.5011136330711754,1.0
23,1.151746115793822,0.5879797611801001,2.8855385852005555,1.0
24,0.3010648984184216,0.342413457779033,-0.4207461503638409,1.0
25,-0.5674846666740125,0.7048485628052205,1.5935018799306717,1.0
26,-0.17807218946332784,0.8230815718035153,2.7856852087359707,1.0
27,-0.2963213994835228,0.47899597631247476,0.3623003298825094,1.0
28,-0.7831981898547145,0.8351257822594067,2.444656881173998,1.0
29,1.0896783657892088,0.8675817244916596,3.2911521461789586,1.0
30,0.35384224319253044,0.8678604806165332,6.0111553033934015,1.0
31,0.776529194514027,0.5169785847928999,3.2639079527217665,1.0
32,-1.4521933739926556,0.049981614424677634,-2.569143385703213,1.0
33,0.22299115051606397,0.9034123774034853,3.3061712911910335,1.0
34,1.1027827704239133,0.9340229493612834,4.957543080454835,1.0
35,-0.38617839110305324,0.24010428323612384,-1.3044061280351786,1.0
36,1.5528629456248175,0.7597577439937552,2.866535632037538,1.0
37,-1.4054026491481637,0.2811634199621212,0.7690677525010918,1.0
38,-0.8876659171165985,0.5768857301745127,0.975546532802782,1.0
39,-1.316622285145507,0.3232367539025092,1.038722001468063,1.0
40,0.5824518263182143,0.4159948534469513,2.0771567475802364,1.0
41,0.36300465121668124,0.6770830509792009,4.1838687387061935,1.0
42,0.5672938976379235,0.8876092409162731,4.568799817854084,1.0
43,-0.34824246755035915,0.34322296657394924,2.0969606984300864,1.0
44,-0.6969498042533862,0.5909671021651369,3.719186807782244,1.0
45,-0.48999017826489705,0.7765616055268781,1.991053671986163,1.0
46,-0.2663507807803405,0.43075191724970063,-0.7763318224194036,1.0
47,1.2705528618827526,0.517542288774901,0.5690838339990991,1.0
48,2.4187459062221968,0.7223391849401999,3.3067258700068947,1.0
49,-0.9849145620228487,0.8067802526621604,2.171788112270237,1.0
50,0.1396038041789837,0.288048390979278,1.7097667331794464,1.0
51,-0.7934281368663919,0.34844025672307016,1.243514770457108,1.0
52,-1.5233395802124359,0.2718742607279642,-0.40333801001450903,1.0
53,-0.23722417680841892,0.7287354120611791,0.04228290269577961,1.0
54,-0.5252743943910414,0.7048069402643232,2.606078300424928,1.0
55,1.2586999542604433,0.8024326765922785,3.2183430130906108,1.0
56,0.6895879169145556,0.9743550198897747,4.453620541056588,1.0
57,-0.3752137393533391,0.3843630483851468,-0.2070331061942462,1.0
58,-1.2020931332624456,0.46990216286826364,0.2734322214821965,1.0
59,-1.522087422661935,0.07865973740003579,-2.0348111945245977,1.0
60,0.6144093097325772,0.3642848573216555,2.3132440934417677,1.0
61,-0.07526111971966606,0.5917191876854534,1.444885542338562,1.0
62,-1.2093347420084855,0.26759742150364546,-0.311987651428924,1.0
63,-0.7725588920931628,0.2610955577891567,-0.4973352293204926,1.0
64,0.8718669229497157,0.7121781156438209,3.412141676078423,1.0
65,-0.9941323181455716,0.7909403567637365,1.083732765568429,1.0
66,0.09630767530404293,0.6061701190226249,2.0503242520926843,1.0
67,0.002754953765917838,0.28206563457922,0.10667848171478755,1.0
68,0.6666703568213866,0.4349524484037892,2.5690857028812677,1.0
69,-1.282509135272336,0.33346077025015913,0.3984073620957551,1.0
70,0.05872633929391878,0.525486969611473,0.9576819138122794,1.0
71,0.4606836637566158,0.9133813035948855,2.738808743005496,1.0
72,0.5947359703925681,0.2840883133345029,0.3716146421745974,1.0
73,0.7094763481072154,0.8998541273446067,3.502169637989181,1.0
74,-0.7245265975156817,0.4644109395931816,0.9059773760288243,1.0
75,2.433717507385028,0.9569030800735883,4.235736787802774,1.0
76,-0.2344369008006137,0.31572429938292246,0.31405892496754234,1.0
77,-0.7683481918926599,0.17786275687158815,0.19510776788461348,1.0
78,0.7243908463515547,0.24294836735947645,0.4451720501033618,1.0
79,-0.23664116499807578,0.8559066874996842,2.7739183812574,1.0
80,-0.04971406078779624,0.7380928706297666,1.4124387211315528,1.0
81,-0.6417115655151238,0.1902855585902234,-1.2882506885474911,1.0
82,-0.7096282454416302,0.7227394230697437,1.2986399281449654,1.0
83,1.7962074424467203,0.9396649320173113,3.63472608489105,1.0
84,0.1744237071020919,0.6271939141802055,1.9269414827194802,1.0
85,-1.1172039479140177,0.5639374459881773,-0.464252834937807,1.0
86,-0.3336601754195561,0.4125404076993735,-0.37840452599346996,1.0
87,0.29065254617303893,0.4337980720646855,0.18756207391991808,1.0
88,-0.5136423788846082,0.34743540115506216,-0.7449907727554554,1.0
89,-1.254352258314503,0.07101908763565602,-1.2671193726438896,1.0
90,1.5041554125395196,0.7072481020338754,1.101670533708339,1.0
91,0.6816948352418317,0.8073149018996101,3.5316386891621887,1.0
92,0.10084932461772414,0.5945599765457911,-0.03017102232451685,1.0
93,0.530642537765018,0.572921286125555,1.2115158417059173,1.0
94,-0.024651974686372424,0.8609784299725632,3.684159901355469,1.0
95,-1.2130380885560812,0.3835965009090416,0.6797606330048969,1.0
96,0.5067315525212636,0.3883609356328666,3.2952379648503305,1.0
97,1.0025998098344195,0.6732546552909339,1.8792198204926112,1.0
98,0.5085614996652411,0.8290321401737655,3.454082451387559,1.0
99,0.9812100733825668,0.6432312932618249,1.8085495269138576,1.0
100,1.0796997416538139,0.5718502627229636,2.826045273392545,1.0
101,-0.42427401733622594,0.1617449769693448,-1.4246212212123166,1.0
102,0.1336789247329437,0.5951755922993444,1.8538426181817624,1.0
103,-1.581869342714028,0.15493110229642953,-2.6747112152250825,1.0
104,1.6369507672409807,0.9069206283130229,5.545721172833145,1.0
105,-1.368990184870872,0.33741922998492846,-0.6089010251438083,1.0
106,1.554668428736017,0.8534783036023881,3.5117509029575547,1.0
107,1.5369156390491967,0.8392937304340206,1.981686731819531,1.0
108,1.4964039827423423,0.8368559770809711,3.345386195676166,1.0
109,-0.6507992884852747,0.4414716925339299,0.637669528549214,1.0
110,-0.6315126952671775,0.6154079906744181,1.4789986866777913,1.0
111,-1.7419561768984628,0.4566318440253952,0.11074606680135615,1.0
112,-0.16581484111173225,0.6743808631496044,2.7546819463381347,1.0
113,0.747127239959566,0.4103056264486134,-0.40941418491415305,1.0
114,0.2657071656476279,0.5257427997252536,2.0546134336251756,1.0
115,0.403405036344836,0.43974554272772953,1.1779878453015504,1.0
116,0.7184620297484088,0.6648342414523727,2.9792530850288275,1.0
117,-1.1710700181563982,0.33658263134801597,-0.8738849092561846,1.0
118,0.798367583149144,0.8519338061569864,3.492151574410392,1.0
119,0.5445556677330873,0.5564967923650278,1.0214313900933227,1.0
120,0.2659921924296647,0.08777268566142164,-1.1859845007700205,1.0
121,-2.430902529526399,0.17911735792308706,0.028113921891145255,1.0
122,-1.8951666572525905,0.02864621789488635,-1.6831914613267853,1.0
123,-0.01961260966499289,0.8040301896884506,1.6911432923793215,1.0
124,0.303078778271874,0.5355431041600069,4.385882398933176,1.0
125,-0.16388501886673437,0.7301829310734123,-0.005780603365798775,1.0
126,-0.6058844874237059,0.0774753572470273,-0.7222090121176334,1.0
127,-0.05076835980877415,0.3449414494912757,1.8142351192591764,1.0
128,0.8126875059319022,0.7321475881533971,4.034269011820734,1.0
129,0.15832946025921965,0.7689794218422258,2.5213005660214582,1.0
130,0.22350954597544587,0.39699735705514927,1.1252353262318753,1.0
131,-0.5905090284844675,0.39167455087831593,1.0958376459267338,1.0
132,-0.7880346395089408,0.4809593561044897,2.7041263673505136,1.0
133,0.44707128379518685,0.36184378088990615,0.731291773863985,1.0
134,-1.245666232231954,0.18604530256957835,-0.8624506961222285,1.0
135,-0.5762876292598871,0.12202203640196264,-2.166383217406959,1.0
136,-0.25166936345901797,0.3168844783347534,-0.5663125380513253,1.0
137,-0.5973115093720183,0.384797244617434,1.2356229187013823,1.0
138,1.0551514088289684,0.8513069988673221,2.773479400104389,1.0
139,0.532329982495705,0.7564017927182812,3.4715379795816323,1.0
140,-0.1806096611096198,0.38235569822937393,0.34978391372460554,1.0
141,0.4221542610004629,0.5093397101501101,0.3623403687802659,1.0
142,-0.9967676934311639,0.668010330998359,1.8487768354645024,1.0
143,0.10901900999113036,0.6106202677991963,1.1302944391869278,1.0
144,-0.918746758317102,0.059220498346602035,-2.503579149731654,1.0
145,-1.103750241588196,0.39820007090398,0.20272137967500858,1.0
146,1.0806155802877078,0.7357332654013533,1.5461153831950192,1.0
147,0.23773953350726584,0.6582387838272117,1.7857390556803736,1.0
148,0.038671577706313,0.5849087526503205,2.620894585567146,1.0
149,0.35880225662433785,0.17946877649566467,0.3910010270240474,1.0
150,-1.7310449063279134,0.24422683790123256,-1.9603282556881376,1.0
151,0.17982179349634594,0.18464959308656084,-1.7321936282011414,1.0
152,-0.3404062101470982,0.10727885916153906,-0.44314171526792295,1.0
153,-0.09224899869009359,0.5846933218093925,1.9394722047648878,1.0
154,0.027529708626684454,0.7596132775343997,2.6906340822541823,1.0
155,-2.003391340814525,0.20257079509108067,-1.9095723343290634,1.0
156,0.46459681665858266,0.518053279620829,2.374566386388725,1.0
157,1.2446966634415502,0.8614480895149936,5.33160524466744,1.0
158,-0.3437720814487383,0.4117307953125481,0.43363016518681485,1.0
159,-1.180037915364716,0.3436240362685742,0.5344524078555231,1.0
160,1.4833389788240452,0.9172716049304852,5.544922957574922,1.0
161,-0.11987191903451365,0.4526896732361228,2.116884571812404,1.0
162,-0.8023371197761334,0.344917062900727,0.33144338193082235,1.0
163,0.3338648549473051,0.543589809843285,3.3698049628188884,1.0
164,1.0752277960620342,0.5411600222845515,2.1740936796163863,1.0
165,-0.9196512426407878,0.16622484191216827,-0.07671829069475256,1.0
166,-0.775177559584004,0.11114914290081124,1.1671508712553729,1.0
167,-1.5966000058686503,0.20553966621750377,-2.541984744370934,1.0
168,0.46012686136784714,0.34050265818553693,2.906559939321637,1.0
169,0.8427184512596996,0.7440551287321159,2.859347578765799,1.0
170,1.6396469578977393,0.980404417649463,5.992107275435054,1.0
171,-0.14455945198063883,0.6107654535315349,1.8704716176311653,1.0
172,0.34307470691292896,0.4015364299666068,1.0451433824857748,1.0
173,-0.2406712292324714,0.4959766591131236,0.4882107580240499,1.0
174,1.9584496018668491,0.7901307944805374,2.8573906175687274,1.0
175,-0.43316389137109024,0.619104946830288,2.568100282452193,1.0
176,0.7127614129612542,0.7981772929803002,1.5588554523828104,1.0
177,-1.0464501065430325,0.4159694805390522,-0.5315809629877233,1.0
178,-1.9532160475346998,0.131363349541166,-2.636719989162372,1.0
179,-0.23844810838981434,0.60776398452146,1.8305210824457068,1.0
180,-0.9717300164186466,0.4847466226910918,-0.4220042444145481,1.0
181,-0.8964036380230939,0.2622761563741691,-0.6543124548995605,1.0
182,2.0390563702310236,0.9366329838883537,5.372786870057582,1.0
183,0.5519697869295914,0.41457961205523797,-0.654067788544132,1.0
184,-0.2929101580334246,0.5471613164891185,2.4973721332083305,1.0
185,0.6047938763772206,0.915300509961868,2.0287636915371587,1.0
186,-0.3129630646095247,0.5827717081147991,0.97283361261887,1.0
187,-1.3308898267905125,0.32586608974206294,0.09873447604352203,1.0
188,-0.47044894679557864,0.17916409662995247,0.9549271421226287,1.0
189,-0.4717511810838098,0.1137254894692097,-1.2060241120310748,1.0
190,0.4290042026485152,0.875582068838859,3.632912430144046,1.0
191,-0.5229876238556492,0.13805249402034533,-1.4076843473147953,1.0
192,-0.4326344609817164,0.13411789836295412,-1.9761124611201684,1.0
193,-0.6782849582184732,0.6163570258390119,1.9945644393020745,1.0
194,1.4917492982514726,0.7316836580291101,4.167151888465885,1.0
195,0.6503162201035443,0.877579774226998,3.923629884756817,1.0
196,0.9699104017665103,0.7778386424944534,2.7664512633058393,1.0
197,0.15581209447720099,0.49398794961697384,-0.05076863277658128,1.0
198,0.5731301707251352,0.7673017030415974,1.8078710114859766,1.0
199,-0.09969620328972759,0.3278061822339668,0.8556170637120463,1.0
200,-0.08516810363768434,0.46285113057713523,0.4286348508604111,1.0
201,-1.7305137127789816,0.1741940762330049,-0.013629313433310308,1.0
202,-1.5880274337321383,0.16041242240153902,0.2669848078518666,1.0
203,0.4542843121537415,0.49301769435051235,3.30085430887154,1.0
204,-0.4289662985931871,0.4671448499332893,1.9827738609302537,1.0
205,-1.2060228936771167,0.025164040341398068,-3.451286855472113,1.0
206,-0.4726751460406746,0.5113228156923302,2.396978168177543,1.0
207,-0.3002204161429261,0.20798792654005602,-0.5200188073738081,1.0
208,0.7329142552653267,0.386080989119049,0.8623001342721646,1.0
209,0.3903421116009458,0.6765867511878367,0.633371960844008,1.0
210,-2.2564225350001856,0.05923325595933131,-2.4961441648774323,1.0
211,-0.5188665176913577,0.3630924163400354,0.2875760389612785,1.0
212,-1.1740803051720967,0.05187877741529695,-2.2775933940162174,1.0
213,0.6761888245939579,0.5286616776621287,1.2935188301965534,1.0
214,-0.332935386626535,0.6561672144945472,0.6141942438586747,1.0
215,-0.1343590231060715,0.2882853607038148,-0.577332681766041,1.0
216,-0.2776377830567569,0.0633044476762564,-0.13305392765816615,1.0
217,-0.040438131668176835,0.517532732144522,1.2576959432973729,1.0
218,0.7815421984150785,0.7156134746555026,2.850385427497994,1.0
219,-0.1671041288807752,0.2639738909232131,-0.7323402867687265,1.0
220,-0.5989657102389654,0.6459804472104612,2.526256008980047,1.0
221,0.9147932706402634,0.8470543977870035,4.048889209985635,1.0
222,1.599991089130382,0.7686631159616376,4.143083268319868,1.0
223,1.2872168733902039,0.9317611225164831,4.2997023621232415,1.0
224,0.16443628947207078,0.2569716097697613,1.1754193886825135,1.0
225,-0.9054596721977501,0.5469801011184757,-0.15709168322961475,1.0
226,-0.8592811293355714,0.11683618561838305,-0.430927036942109,1.0
227,0.3939489560684148,0.8400053573347044,3.109809998317177,1.0
228,-0.5438140111729526,0.522190428432848,1.2068874047158493,1.0
229,0.459044957182152,0.7932341384214916,1.85826417512415,1.0
230,0.2581351105078001,0.6066516786796224,1.752154765045739,1.0
231,-0.1854417031992955,0.7581344141315136,3.336004932793649,1.0
232,0.5629987589690062,0.6758322463967015,3.7463323194177667,1.0
233,1.1690939410408576,0.7543571698435538,2.2935628805279253,1.0
234,-0.7127225726383603,0.5438732287887167,1.6296855552536587,1.0
235,-0.4224099128544113,0.337387052969168,0.7343624330201012,1.0
236,0.3190489544588196,0.6464047273425823,1.7117058360912507,1.0
237,-0.06109793289156471,0.7028184827190226,2.031581157873161,1.0
238,-0.03753097947444016,0.32796750910674866,-0.20817454147306869,1.0
239,-0.10448525100918166,0.25173857814485534,-0.5956196856836171,1.0
240,1.8874928871544907,0.7869035985199168,1.5548542011792401,1.0
241,-0.1448890209231382,0.2452270393469609,-0.6242939317034384,1.0
242,-0.07787444839397949,0.22052457028141947,1.2979080501816735,1.0
243,0.24118568613411262,0.30639820046458527,2.291751848751481,1.0
244,2.192062016327051,0.9038578255272913,3.256558191160582,1.0
245,1.5774033437085022,0.8653838514482635,3.339815955930922,1.0
246,-1.0856409334616837,0.13571449300702215,-1.484095750597281,1.0
247,0.19012902355535832,0.12807213597795192,-0.9677643180451785,1.0
248,0.172393623379891,0.1085294859055916,-0.7315044689412737,1.0
249,0.14727173062235943,0.25283774632429934,0.21772659743086953,1.0
250,-0.1924468845120676,0.45802860611808055,1.1480729949480828,1.0
251,-1.550371117267602,0.09501458440587504,-0.947148284666612,1.0
252,-1.0130693795924879,0.33271200566403825,0.5864516399862102,1.0
253,-0.3890162240923568,0.5912053496828545,0.8779741942025601,1.0
254,-1.4034171244825988,0.18065204940665416,-0.7925430127095934,1.0
255,0.7599158691498368,0.36959615892228426,0.32423748294087995,1.0
256,-0.17003915687119958,0.5118614436998414,1.473504357885578,1.0
257,0.7153491668016717,0.7117591319135886,1.6778598524355761,1.0
258,0.3435341888460889,0.7811593169634996,3.728846686873983,1.0
259,1.393591461048881,0.850666027293813,4.694446030224833,1.0
260,-1.3733098808125515,0.27444956868816456,0.41004596106793456,1.0
261,-0.7154344520181618,0.09487858312631774,-1.7196732280942464,1.0
262,1.436095762700066,0.8280980845938873,2.6736902002427456,1.0
263,1.5055128241754323,0.8444059880006252,2.0331689328284206,1.0
264,0.8085736795703372,0.7989506351623302,2.6163647446121283,1.0
265,-0.5466778965481025,0.4849904516387318,0.020813842105986913,1.0
266,-0.3455057210848217,0.49484758952428476,0.8451268925481441,1.0
267,-1.5510782303731283,0.27892250387464984,-1.3903846441953813,1.0
268,1.3402967579698513,0.659385979168659,2.1963935937589882,1.0
269,-0.9635511979007301,0.6596339623366023,2.694975665343908,1.0
270,-0.41677917970045547,0.48801910737611187,0.7572268111643607,1.0
271,0.5986867366775848,0.6964837712827061,1.4152979716174343,1.0
272,-1.3376320083993092,0.09789974169431527,-1.9670952041032033,1.0
273,-0.22086106930321847,0.2842687817689238,0.30704369450116703,1.0
274,-0.4089997489055947,0.6748079397773604,1.8801312925974172,1.0
275,-2.0003683299720736,0.25319109502993875,-2.130931949368832,1.0
276,0.8196014981639888,0.9164643625470414,3.479210280158587,1.0
277,0.06928472718644213,0.5333766129056998,2.3832336131489797,1.0
278,1.1986289772935663,0.8044871149689653,1.3743927066550525,1.0
279,1.1798775464327613,0.5114612251685217,1.4859189016342194,1.0
280,0.517715690333322,0.6644643969405691,2.8752631850004495,1.0
281,-1.124499789364761,0.046776840870564836,-1.3224675134713793,1.0
282,-0.1817377550563242,0.4989956577186437,2.423494705834619,1.0
283,-0.1299770311594139,0.8206389321823114,1.0766901181067114,1.0
284,0.1591164924590242,0.7086779885977,1.344017635661831,1.0
285,0.9125772801075847,0.6733589933129243,4.641987075320414,1.0
286,-0.3679020656742011,0.27921698824732955,-1.2896328843524671,1.0
287,-1.6214614991070808,0.29267172699835325,0.6090379006234083,1.0
288,1.0416945039075596,0.8593667338920312,2.5179942066656675,1.0
289,1.5023356935670777,0.8613097504380902,5.248470781411996,1.0
290,0.721237530496985,0.6525683069903746,2.0895281305312023,1.0
291,-1.394383712134826,0.6026845518795733,1.5696593342966487,1.0
292,-0.2570659171847081,0.4522863390384835,1.76430541178499,1.0
293,0.31828883257422846,0.7450284002010609,3.3456274169863223,1.0
294,0.7671267130694129,0.7925605223386387,2.993323355888382,1.0
295,-0.7512454947204708,0.2948190964959,0.07007038802040669,1.0
296,1.8363813414246868,0.9544265103007401,4.070718932796852,1.0
297,0.21521736616147963,0.7309282035946959,1.74697754942314,1.0
298,0.5265329395997277,0.8709841844243749,2.144652959146983,1.0
299,-0.27001358138979137,0.11318791989120398,-1.2204212770536802,1.0
300,0.3600514720054914,0.5291532586252009,0.3848700360500448,1.0
301,-0.0018468248607993452,0.6826818343470225,2.9143256773765644,1.0
302,-1.9001305047084491,0.05696637046134288,-5.455530587355683,1.0
303,1.007124107373076,0.5328958600220215,3.0995309791083887,1.0
304,-0.7578627658920948,0.5440479910257655,0.4391355368400758,1.0
305,0.5056125665330621,0.9449745088563244,5.139063697417267,1.0
306,-0.07509998996237588,0.5474310401670979,1.2205226470771913,1.0
307,0.8249229602187348,0.7031224979438149,3.0814985911423856,1.0
308,0.23821253540192522,0.8895045339032063,4.3095770777194256,1.0
309,-0.5375357506493286,0.8207852689195378,1.2648447088059198,1.0
310,0.6047312625770193,0.781576939186129,3.9923187395641047,1.0
311,-1.9449500520374008,0.02083174391025135,-3.0109460067969525,1.0
312,-0.15563604200558614,0.5911027103419383,1.44594760080936,1.0
313,1.4291646462397882,0.7937978126015002,3.43817316762786,1.0
314,-0.9179917732149776,0.11063541575893485,-4.506137563105819,1.0
315,0.5643184754733228,0.6175732065635688,3.046165423286741,1.0
316,1.6464267390778595,0.9627213442276998,5.053388077311933,1.0
317,-0.8158422287930648,0.31776046940471997,0.13537197388048716,1.0
318,-0.3375220113420947,0.6967819162672834,1.9352394949065654,1.0
319,-0.9780660638014552,0.057545090449878454,-2.167587658076079,1.0
320,-1.248308419535633,0.27563901279090264,-1.188851990087091,1.0
321,0.14120481951668928,0.3920346295924193,1.0628314481564478,1.0
322,0.9334661956616719,0.5068983885881605,2.4821627554953603,1.0
323,-1.4005053940306929,0.0870264115404575,-2.6536166595408073,1.0
324,-1.515161925492831,0.2928497976951689,-0.2861519916857167,1.0
325,-0.42979826819760186,0.7503735863377582,1.2809080023394825,1.0
326,-0.6118255538475201,0.7235193729808528,1.631833781509296,1.0
327,-0.040315670888120186,0.6096717366505532,1.6513058283725908,1.0
328,2.1177331698126403,0.9214406036272601,5.327585469499352,1.0
329,-0.3128495570882455,0.2323504005601758,-0.997947174201099,1.0
330,1.0462247990873323,0.8174169732607137,3.5670358465711933,1.0
331,-0.8709222380203305,0.2782057299190316,0.6507859038416192,1.0
332,1.5123163936708823,0.8396924061226916,3.0863859010950803,1.0
333,0.6265845259690958,0.685408039155103,-0.1284421997685694,1.0
334,-0.42514587993362535,0.12996611577572284,-1.3296691837882588,1.0
335,-0.8346123174834114,0.2069595089921726,-1.466086284525999,1.0
336,-1.3558806290965635,0.30016368707306545,-0.3027285172601424,1.0
337,0.8909907465679042,0.8826681106862454,4.449576715169973,1.0
338,0.4493820016624782,0.7752025732095422,4.0511442461994704,1.0
339,-0.5211269341610895,0.7969964227616955,2.3907534924543996,1.0
340,-0.7475766014185881,0.5790434259390284,2.211368677416247,1.0
341,-0.6187025535339662,0.6563284178967154,1.718912769470542,1.0
342,0.1840436690093875,0.3192709907600761,0.5909992807893668,1.0
343,-0.6225901705922685,0.28782577606055476,0.18127912479287545,1.0
344,-0.3823649122328633,0.5888188126061996,1.867769132016107,1.0
345,0.7840981728909614,0.718387392548855,1.4623116930502669,1.0
346,1.3231603527901008,0.7623901341382234,3.224778032605727,1.0
347,2.2395059322256357,0.6316705715874599,4.364710739467323,1.0
348,1.3685435630415705,0.7941318446653753,1.358203550107731,1.0
349,0.02980606256385501,0.27005622111680655,0.5480961139200788,1.0
350,-1.443993490725039,0.07098464878226862,-3.60130037840841,1.0
351,0.2916343197260806,0.5178154654938742,2.0616353725374506,1.0
352,1.5843563163549401,0.789006939965872,0.18971851442375254,1.0
353,-0.7041540675169662,0.4849570190755871,1.6166885491115712,1.0
354,-1.0749036422468927,0.38703201354655115,2.4894795568162813,1.0
355,0.5678285275226299,0.43079928541371393,1.9472309515357724,1.0
356,-0.3150137392951432,0.25037172532997143,0.36129874174229293,1.0
357,-0.79309918635947,0.15544959856813878,-1.1327686259239385,1.0
358,1.0608450208842677,0.7366266056244645,1.6852924356054915,1.0
359,-1.4959530566117685,0.08989650561518553,0.01936431384453674,1.0
360,1.3810127824799312,0.8299307526028302,4.894957903330133,1.0
361,1.460892689360523,0.9126603328427748,2.6940395880665386,1.0
362,0.837067244309747,0.8538502732747091,3.1570970440579313,1.0
363,-0.7572128617783843,0.47780772379021,-0.19777443757952096,1.0
364,0.4048561285925588,0.5796692174303246,1.4629819568683091,1.0
365,-0.9809342519758649,0.15791293757591063,-0.8381018549475424,1.0
366,0.007443893262114658,0.5193337533947062,0.12510426458726598,1.0
367,0.03502171041439675,0.6751848862305336,0.922084354193794,1.0
368,0.3654486099807377,0.40544725055405384,-0.2108190133991904,1.0
369,1.8439754418252707,0.8248574220828354,3.883867190587374,1.0
370,0.6246495638021498,0.5398602866768052,0.04206504504475861,1.0
371,0.16584083149389364,0.5649956715403833,-0.16079583789439345,1.0
372,1.6308373446481055,0.5791439152878437,1.497380167851664,1.0
373,-0.047819804658537704,0.30612239538127434,-0.08799126031096771,1.0
374,1.5065396177764336,0.7429196417576103,3.375454222952877,1.0
375,0.2641153377030502,0.711103163149744,2.052523795487828,1.0
376,-0.9169535724325365,0.2033730865702329,-1.1401806995136752,1.0
377,-0.35600379973878915,0.6869419862895013,1.6604134751560164,1.0
378,-0.43487197257812865,0.20333048640418463,0.3284537944482039,1.0
379,-1.148857710770738,0.2751937140963562,0.8294894697989976,1.0
380,1.786853622800672,0.8394099948475376,3.9519157383728283,1.0
381,-1.3428838084440642,0.17231536802799613,-1.248385512526938,1.0
382,-0.9487410723494134,0.10491215451083244,-1.7036057173581265,1.0
383,0.6838399779081472,0.6585642610918655,2.1096650709496756,1.0
384,-0.8948443606604548,0.3867371353082439,-1.5511059967289174,1.0
385,-0.793333340526523,0.11423334202925796,-1.1630145071812068,1.0
386,0.8674863668684564,0.9237648549693531,3.486356805505112,1.0
387,1.5802530532354064,0.8295510247959117,2.420291474751901,1.0
388,2.0357726510829863,0.7310504086950333,3.0481400936354834,1.0
389,0.58649228106375,0.6154695979831031,1.997629160046286,1.0
390,1.45141456141872,0.6943815950973028,4.018966556961626,1.0
391,-0.4871413461129371,0.7471063809542156,-0.4426418683671829,1.0
392,0.9486369700789485,0.8228996944706897,3.7996367764009786,1.0
393,-0.10873929095176749,0.5174650228007716,0.5063277129661768,1.0
394,-0.15175589055380914,0.4282308404995606,0.569539263590988,1.0
395,1.1314503719920934,0.9197322454491873,2.340030510772669,1.0
396,-0.15097907426339655,0.07550650712080832,-0.017351848235803713,1.0
397,-1.5950396365676847,0.21858709341396226,-0.25300174700129807,1.0
398,0.12712703956163435,0.47320866704843517,1.9112408138582586,1.0
399,-0.6780885572725295,0.05189335013585013,-1.3379136584787024,1.0
400,-0.7305126071352603,0.33490877395222113,-0.06910311711607811,1.0
401,1.5908296522028922,0.6916733063295287,0.6241183188973574,1.0
402,-1.4342774361051738,0.28514415780945496,0.5757453753662327,1.0
403,-0.873606993519944,0.13727185497098351,-0.5845896418350008,1.0
404,0.09672487936134076,0.5600744066724627,0.9235058387073609,1.0
405,0.24600760959385737,0.6981844578574602,-0.2563737910895032,1.0
406,-0.12631519169134353,0.4972586155898103,3.9267404294269284,1.0
407,1.6925997975271432,0.9582428189037666,2.632101421027158,1.0
408,0.32907904692251094,0.5816656129967539,0.4407682130120161,1.0
409,0.30103098212709756,0.812603830964294,2.6890347573673887,1.0
410,-0.15499385996902965,0.6240354024357869,1.5882911715690953,1.0
411,-0.6086837933997546,0.18639615460390746,-2.080578180457084,1.0
412,-0.9542165297341971,0.1380661502451139,-1.1103354068058449,1.0
413,1.1110682525525266,0.8933509603003015,2.986980549200208,1.0
414,-0.18957921245415407,0.1950122028146505,0.32484553182655507,1.0
415,2.0341969675551654,0.7917518801861959,3.9465652220001646,1.0
416,0.7832840986066564,0.7299992298444928,3.2513102049185445,1.0
417,-0.24619197013873603,0.6234548989800955,3.0147597818451857,1.0
418,0.26812723345724565,0.6500899602673991,1.1883965835880983,1.0
419,0.11446043019212465,0.6413508205263049,3.2567214825359576,1.0
420,-1.0014052815063057,0.1966034173633811,-1.8890809344851167,1.0
421,0.16108327731436378,0.6615939095660925,1.9927667147459653,1.0
422,0.9442912975546134,0.21556207102024064,0.955334008968673,1.0
423,0.5968626656393418,0.8095073761656323,2.2702808548863844,1.0
424,-0.06330468151101852,0.4925366859261726,-0.022132191864959072,1.0
425,-0.5499466854679582,0.11557531121063157,0.7035514556171274,1.0
426,-0.974127269167313,0.41687609737078285,1.1899149049287263,1.0
427,-0.988612800044962,0.3837447066288323,0.0026005597012495885,1.0
428,-0.829731512923667,0.3633715329309227,0.20789492633623297,1.0
429,0.8616503363979343,0.9204940809669808,4.43191148418639,1.0
430,0.8896440542260918,0.4355077691067418,-0.1822857040728565,1.0
431,-0.22702964671431425,0.5737658452027675,1.3980139817605532,1.0
432,0.40549181385380323,0.7511234070539371,2.37625797066643,1.0
433,1.4734323656916548,0.6597901933111837,2.895118879495159,1.0
434,0.2867455079045357,0.46372740465662,1.5968307425483643,1.0
435,0.9489963365617495,0.7881967514019638,1.7026872634890782,1.0
436,-1.029729682341631,0.0931634219517474,-1.7925269655383933,1.0
437,0.6440522592536181,0.6981992298281064,2.623672940306717,1.0
438,0.2738329057729174,0.6693507445786749,2.1410869125526677,1.0
439,0.050710173676851086,0.47240558647195924,3.0816633257151196,1.0
440,-0.4575749465027778,0.19556026222675676,-1.122238526017635,1.0
441,0.21088011091585546,0.4381478020148767,1.9814996748748326,1.0
442,-0.73988777906332,0.19787196301736498,-1.8378718425545026,1.0
443,-1.8898417589127186,0.10881911915205388,-0.7085115849174648,1.0
444,-0.7068705765552209,0.301917093700838,-1.0466394603302949,1.0
445,-0.437319335293006,0.1885669121871739,-1.0813274842171046,1.0
446,-0.5552965634782311,0.39469984950587134,-0.3307484147336597,1.0
447,0.635568659105235,0.40519847569686224,2.41273134885652,1.0
448,-0.3030850759229849,0.33822253105794303,1.0764179400969605,1.0
449,0.9103824255687303,0.6145734985223856,2.4774627126530535,1.0
450,-0.5905400042729091,0.4841276639719083,0.910851710160195,1.0
451,-1.1067558009283476,0.37794338871778577,1.6272423841264148,1.0
452,0.06951893794809418,0.42258220023905213,0.0428606124056109,1.0
453,-0.11623512259811992,0.20546144785089537,-0.805487121239649,1.0
454,-1.0844728485497397,0.5245211883877345,-0.02117070155866041,1.0
455,-1.3606057173778197,0.10294451404975076,0.2373750490986548,1.0
456,-0.5660663293986572,0.6465331369778199,1.9380843294280838,1.0
457,-1.446815242252835,0.28715124190711533,-1.288223821638303,1.0
458,0.7295601312072011,0.7462737691201079,1.0650477566019432,1.0
459,-0.5789805829273135,0.14399307085668925,-0.16939360719398955,1.0
460,-1.2368431564877136,0.16526116094709717,-1.976923141265757,1.0
461,0.739555488979657,0.4766417834604955,0.48346954570061507,1.0
462,-0.7384736650469805,0.3584192238687858,0.9449255323737424,1.0
463,0.7465595653969695,0.5120712379889383,0.8831879706760606,1.0
464,0.8492049002151263,0.576215662388235,0.9370813828433511,1.0
465,-0.7474774956012595,0.25043660952561586,-2.521196192214698,1.0
466,1.1188285181118391,0.7830933942911854,3.9454432864527345,1.0
467,-1.1502801274654273,0.33672355000623966,0.1340933732955097,1.0
468,0.38046578719494917,0.6581696955724746,1.7298765189716234,1.0
469,1.0907572931756433,0.4365256448834208,2.413071187498078,1.0
470,-0.29304632676692915,0.15345541992788506,0.38032848901410576,1.0
471,0.02239280800254324,0.7673019308170487,1.3466146866159123,1.0
472,-0.858175790093284,0.299361312220603,0.2542104068770246,1.0
473,-0.036936627476817516,0.28742854111934196,1.9826972925888788,1.0
474,0.6441842019994903,0.4361861071276575,1.1690413883825006,1.0
475,-1.051542992817419,0.17767938084624738,-3.3076749767503415,1.0
476,-1.1376040450313325,0.052855533940716064,-3.052860384682136,1.0
477,-1.1571785169669222,0.1844520397779334,0.6574135009301485,1.0
478,-0.8904883135257049,0.6692875457381703,1.3557446511574394,1.0
479,0.08075747816207679,0.545758484269578,2.254349214830462,1.0
480,-1.5382663998095316,0.2844110312089964,-0.08388571166385467,1.0
481,-0.19640065932429487,0.639572019679802,-0.2492204378683467,1.0
482,-2.8272737137050594,0.10854179940610155,-1.8482681010472843,1.0
483,-1.8579644217994975,0.14834845357139534,-2.413168932304079,1.0
484,1.0565602612273939,0.8143268040913627,4.171296190220964,1.0
485,0.5987770586465492,0.8660162901978,3.7860913812608814,1.0
486,-0.13189046812498792,0.6870884795878291,1.078374314689185,1.0
487,0.19622137280930535,0.5547515653063502,1.2748931604908635,1.0
488,0.756169458472246,0.5475258818316024,2.480731732345297,1.0
489,-1.1219879923781808,0.39542866598056825,1.0367280669639158,1.0
490,-1.0373189803864926,0.19007350440274168,0.09021783133914518,1.0
491,-0.09627349401933166,0.27618517202428355,-0.045852782172073864,1.0
492,1.2091550258080623,0.6256592656684457,2.7856208626766916,1.0
493,1.3937188809997527,0.8334070177673834,3.4244754602814327,1.0
494,1.0038741833366893,0.7970335280147015,2.8000303798209525,1.0
495,-1.4810515625192917,0.2806585098255003,-0.5307087842699545,1.0
496,1.190540448488185,0.8470664252333381,3.682348465866961,1.0
497,1.3737137498963727,0.7375597303023537,3.100820835105767,1.0
498,-0.7924808582856965,0.4609107827088195,1.20962511141893,1.0
499,1.0371721845783046,0.6722296037908914,2.964534153454599,1.0
500,0.02394185910481598,0.7957378875001122,1.768780897247839,1.0
501,0.26808031767236773,0.44009447453730166,1.5433763518593355,1.0
502,-1.5276458730659732,0.1740507891402527,-2.1558186650315045,1.0
503,0.1092335503490623,0.42463553900031664,1.240157531727128,1.0
504,1.197214205246411,0.8139626548207881,3.3914856690100823,1.0
505,-0.14018323196823215,0.20385504798955123,-0.6245039202567092,1.0
506,1.0777361471274716,0.5525698854114549,1.205003549849178,1.0
507,0.3564731809959434,0.7083449529464114,1.7164908458508357,1.0
508,-1.2858378616406618,0.40526821340755903,-0.5883607602410168,1.0
509,-0.7509045751679262,0.5040872609500355,2.8811454013552202,1.0
510,1.152103838402782,0.4405745341046369,1.2777853295065895,1.0
511,-0.7585268789651359,0.25927498165664525,1.1620345180449156,1.0
512,0.8104145238906784,0.8887514464186631,5.068074518359007,1.0
513,1.7994618016065869,0.8924558754778493,5.066129407449495,1.0
514,-0.287219110011457,0.7884922821215886,0.9155494271176745,1.0
515,-0.24115866586216883,0.2038246391308959,0.4257367446795632,1.0
516,-0.7518438949055033,0.19725095924175864,-0.628300005950687,1.0
517,-0.7760014092169859,0.24484866685351123,0.3346944832670272,1.0
518,-0.14015619635425627,0.810056686366719,2.289226290241329,1.0
519,1.0086384823761596,0.4182821762671276,2.2738419231228666,1.0
520,-0.5247825156374583,0.15700953332492978,0.2489133190644658,1.0
521,1.3914034868783383,0.8786025107168148,4.61714607547604,1.0
522,0.642581764455172,0.39392535131982065,0.2860408695056684,1.0
523,0.08650494844462861,0.3525893892870242,2.396034554155786,1.0
524,-0.22426577378016238,0.45004261658270334,1.42178282736266,1.0
525,-0.25965312338313495,0.19796675992255985,0.23503930661100447,1.0
526,0.3083174673564116,0.5937996255416095,2.158928620796013,1.0
527,0.627930924153426,0.7893118948575507,2.8503755618063567,1.0
528,-0.6402550560674315,0.677319667408752,3.404442897172412,1.0
529,0.12431978444155019,0.38981418051358563,1.3156825434922754,1.0
530,0.6944302650824161,0.31658233044282286,-0.8900866371088086,1.0
531,1.5616064338776574,0.8659885368431591,3.0955145712889256,1.0
532,-1.2671694213161815,0.21316920445794654,0.45639157397673236,1.0
533,-0.11084717828692374,0.2660169211233827,-1.0245913288074977,1.0
534,0.18282530580832743,0.7941236045143374,2.836130097532474,1.0
535,0.822648164315654,0.6101352961221149,0.21014713787304373,1.0
536,-0.6738339293409181,0.3058662036499427,-1.030665023294843,1.0
537,-0.4305892794360736,0.3954974616798333,0.9146377922389679,1.0
538,-0.03787726839503484,0.7429684366731315,0.12794428344181386,1.0
539,0.24331555157718476,0.5224870599531756,1.6789981035231025,1.0
540,0.8330359634603326,0.8517476479687338,0.5953832835595056,1.0
541,-0.06339270855688237,0.444795845368942,-0.7307480558211913,1.0
542,-2.127432313825757,0.05827489762204832,-2.6730558046323276,1.0
543,-0.32964992970019885,0.3211892355405259,0.8610548002939673,1.0
544,-1.1509849844062927,0.149291358894069,-2.878840422105177,1.0
545,-0.8300031965150045,0.0644261604759666,-2.440566155256538,1.0
546,0.48653165961379813,0.7117555228845706,2.71313023677165,1.0
547,-0.7071047115485435,0.7173389926645796,0.0903408005026578,1.0
548,-1.8872580382240889,0.16368633224572926,-1.3618183066671856,1.0
549,-0.20434631341011167,0.4476498437338719,0.6625265138490191,1.0
550,1.3026524256481102,0.950835775476655,5.500388169897336,1.0
551,-1.8959473280520083,0.11545442624789753,-2.327494837627226,1.0
552,-1.174935077326762,0.7621350857517953,2.02410767835164,1.0
553,-1.647408425018618,0.4495952512204643,1.4469842853315318,1.0
554,-0.9745924211024736,0.2098002372725482,-2.001168852950846,1.0
555,-0.8503540128172871,0.28935413918134534,0.9159978940138288,1.0
556,-0.9899968733862009,0.4340452268450123,0.9720016689149265,1.0
557,-1.9528715684907654,0.43439117956656453,0.05949318182541996,1.0
558,-1.0415627391333802,0.23730666844074835,-1.0626449656575563,1.0
559,0.11464946322014516,0.6298667794953995,3.6912575455053505,1.0
560,-0.702244065522412,0.5604263177389679,2.8886438604814684,1.0
561,0.13106108792376836,0.8311902939636041,4.783440905132348,1.0
562,-0.28421859525594956,0.10809723937946145,-2.4322208885538164,1.0
563,0.7235547981650655,0.5979524093821333,0.7889458556702951,1.0
564,0.6717913169664325,0.19260303538525075,-0.7214388020808817,1.0
565,-0.04084528039743273,0.6978529093838552,1.5924808753687978,1.0
566,-1.5201280162646225,0.3725225254855837,0.9637403778282827,1.0
567,0.51282696551911,0.3756811090782788,0.1842391570279983,1.0
568,1.065243419962785,0.637925524921877,1.084995094711073,1.0
569,-1.5498145108041461,0.06403799161795895,-2.9313289976308328,1.0
570,0.3547029029370405,0.8070782303717686,1.6329767891785263,1.0
571,-0.44750125802969637,0.8108810390248212,3.439675438048982,1.0
572,0.12547761387333572,0.5940597635613155,2.261578299077514,1.0
573,-1.4416177631098994,0.08025153585996268,-1.7269414223541206,1.0
574,-1.2453692240401444,0.48587349597681445,1.4146798161887275,1.0
575,0.3778990284066003,0.8155763880713648,3.437207610986478,1.0
576,-0.7281026775313939,0.10584000956138123,-0.9054333258082994,1.0
577,0.06850960480416934,0.5112807503473581,2.5968484315982727,1.0
578,0.6175928254365016,0.8556997339744351,2.239953588509974,1.0
579,0.06293106752745242,0.44716024351599426,1.0095978336206508,1.0
580,0.5480907985690511,0.7614125788340331,0.10500466724335711,1.0
581,-1.0644208725941218,0.11275970142254732,-1.104787754208559,1.0
582,-1.4430686990349657,0.23992252537731698,-0.8526683542182606,1.0
583,1.4919304953127688,0.5293914443150711,0.9008897651006145,1.0
584,1.3290851665976502,0.924020630694921,3.635904688222833,1.0
585,-0.14411008412738638,0.22902962715973102,0.3070746677398932,1.0
586,-0.4304480175894938,0.7349636830137407,0.6724386536548683,1.0
587,-0.25071368975059444,0.7988766296278959,2.2624185295890027,1.0
588,-0.9599225237891121,0.10083056829290614,-0.34228609207830885,1.0
589,0.5585394199353073,0.9098893052458799,2.2292166545654637,1.0
590,0.6636040837189666,0.9530626208981402,3.797195135740929,1.0
591,-0.30574297564189495,0.24951009455033926,0.7859507464849816,1.0
592,-0.8700981481333554,0.3519775778275812,0.2896460061150012,1.0
593,-0.25814044109245604,0.5388896217616201,-0.3352294893108714,1.0
594,-0.022243887399010884,0.6295631477417839,1.0422889835992852,1.0
595,0.07274123246085926,0.42717753723711877,2.208284768121284,1.0
596,0.4195397380298977,0.8433987831422598,3.1375153841150834,1.0
597,0.4445015085770299,0.6904697374122873,0.3388946001897173,1.0
598,-0.7808948386731848,0.15527184564569965,-2.013992604675854,1.0
599,-0.8208137962653369,0.3020411599592926,0.7073703078494173,1.0
600,-0.7635289255221455,0.07071197923105085,-0.8587503569039185,1.0
601,-0.3770165597648381,0.4813975567578391,-0.1273914329683128,1.0
602,-0.6407760283503139,0.3405689446054489,0.4288936820178223,1.0
603,-0.5287213034376101,0.5391525368771185,0.31671573903990224,1.0
604,0.1867842933446311,0.570065895118678,0.5605374199532669,1.0
605,0.6519960868362008,0.9521362857873686,5.181790966592655,1.0
606,0.8078688312359501,0.743750906310047,1.4475905937600784,1.0
607,-0.034296187997006504,0.6437065851408872,-0.763541085958692,1.0
608,0.11617430528191305,0.5454373756148329,1.0453451966676763,1.0
609,0.37691591662181734,0.2785322926048006,1.2747154281597393,1.0
610,-0.01997548746571165,0.4750412840810543,1.1549472275819377,1.0
611,1.5321078411536073,0.7467724724005049,4.465295036910858,1.0
612,0.014898211331796423,0.5472630105387686,2.451094370624989,1.0
613,-0.00020014776210052173,0.6343811134488718,0.4648561894408465,1.0
614,-1.190063081500769,0.2893823135193353,-1.10042672122399,1.0
615,1.6148164403980063,0.8600171108041337,1.0093913627090445,1.0
616,0.18578212559832746,0.8475829206036849,1.1601402727106411,1.0
617,0.4181254004607141,0.5634591019807335,2.5436092267590102,1.0
618,0.27229255196649366,0.7857264726403446,2.3646600974985983,1.0
619,0.13324760863294446,0.9397336424564096,3.8073918358737164,1.0
620,0.8684009295427789,0.7099533796607389,0.9671591140548828,1.0
621,-0.2972475701199982,0.5598797679766858,1.4107662386509194,1.0
622,-0.16961775191682227,0.3003107757021297,1.3595056359466378,1.0
623,1.0228766898108559,0.8299186989811111,3.1530973040002355,1.0
624,-0.11950462484434078,0.38145766644225937,2.033790338813185,1.0
625,-0.2736441763547655,0.7523085103762869,3.5143394881788153,1.0
626,-0.9421733390032977,0.6668917298303381,0.5566326874874902,1.0
627,-1.8339104600118459,0.27042098242273654,-1.3573878916014133,1.0
628,1.320106673239509,0.7681067647130684,4.318926283031995,1.0
629,-0.5320854358366466,0.5912497038037172,2.0274547450724874,1.0
630,1.0415942976301165,0.7737446685381647,3.0516588837095466,1.0
631,-0.9519345413147067,0.21225473556884983,0.592452472848472,1.0
632,-0.0658029520544748,0.837434643118162,1.4510606804294148,1.0
633,-0.23918078493641334,0.3741972145976476,-0.022628016590662936,1.0
634,-0.20571747564748497,0.3365345981897673,-0.6530092519533595,1.0
635,-0.820171138846325,0.4407893737582432,0.8921443640737987,1.0
636,-0.40266468305076014,0.38763997979579096,-0.3698218408676326,1.0
637,0.5541990000038085,0.7619821922455,1.8079144873253261,1.0
638,-0.6586002311111375,0.13676881416301467,-1.3903085108153879,1.0
639,-0.4778467322243527,0.7724011304043923,1.7487320780336593,1.0
640,-0.0012302874151741314,0.565762054161106,1.4372026194763463,1.0
641,0.0017809434235087787,0.6781642728195804,1.352659851302729,1.0
642,-0.16041345121414408,0.41966780126743075,0.042407728299185043,1.0
643,1.3788431362735383,0.7340012006525597,1.914887693817303,1.0
644,0.4342668025899646,0.8171201528160609,2.6361906606443086,1.0
645,-0.7145109034831906,0.20208240293082785,1.882705083364564,1.0
646,0.12236607209813491,0.842181899003033,2.255156682744996,1.0
647,-0.8291487716984542,0.09484422767486432,-1.4513321322313582,1.0
648,0.1389147325504526,0.3693469518240531,1.2219542470077236,1.0
649,-1.0579214831774555,0.2959559433255343,1.1822744370979323,1.0
650,0.06394553512047772,0.9679848491457929,3.8782040076477977,1.0
651,0.8368252661143865,0.5260963215491166,1.4326395103306655,1.0
652,-0.5669508472840628,0.2426054812077681,0.03529685057608509,1.0
653,-0.184576148348217,0.3996920098824877,-0.7590353101641935,1.0
654,0.8843580684164675,0.3565448465673587,0.7773879983858607,1.0
655,-0.23356063067830835,0.15706107918146456,-0.580235337699518,1.0
656,0.4266424267210167,0.30455118166478173,-0.4967220354050512,1.0
657,-0.14658370060467543,0.649974910793307,0.005971003303542277,1.0
658,-1.6624521251668234,0.10293608354919699,-1.7020488511498009,1.0
659,1.2217697634904467,0.862307388072636,2.376400248917874,1.0
660,-0.6386071531484574,0.8612616396174295,1.707705108718172,1.0
661,-0.6910723607418708,0.6654909617220578,1.6538662097807593,1.0
662,0.06690254133940082,0.7409912843181142,2.869531793505458,1.0
663,1.1256196167993833,0.8398595680978407,4.684096986525627,1.0
664,-0.9730555735584588,0.6119317844664672,1.2738161434748583,1.0
665,0.6589129046765814,0.7931719497363646,2.93706312365846,1.0
666,0.6178096311950624,0.8163817315784008,3.47022965951205,1.0
667,0.18584282007577507,0.6816356799048646,2.2579822650240415,1.0
668,0.005253506620975169,0.2188750849077879,0.38327124127547796,1.0
669,0.3551509389571106,0.4820943544513663,1.564380016914254,1.0
670,-0.2638638258736656,0.7376821304785062,0.612161981043926,1.0
671,1.2581799168299954,0.8922734330020323,3.5307892481679826,1.0
672,1.6362122132795256,0.9000020602388143,5.28081072659222,1.0
673,0.8839225892310121,0.8651152384947584,3.3723462074007324,1.0
674,-1.866379430681778,0.0805274754509054,-1.7415435577387604,1.0
675,-0.6767180443767326,0.5814023912956984,2.6826597481604146,1.0
676,-0.8747991148652725,0.4450561619060288,0.96624684554083,1.0
677,-1.067182526597889,0.09437461414920567,-1.2101791199713723,1.0
678,-0.3342206791627037,0.19451967544994847,1.0710682489761842,1.0
679,-1.5015597901275608,0.07766786081058578,-1.9256854036392457,1.0
680,-0.3852321171550185,0.30240786282550536,-0.30578967298224013,1.0
681,0.0907971271200921,0.5682216807165027,0.8640031862168323,1.0
682,0.19602057047080737,0.8790841653001894,3.3272629361054276,1.0
683,-0.06371310699153548,0.3629332181122379,2.0822591838223503,1.0
684,0.3373494604665784,0.27172933138923816,0.30687526237896356,1.0
685,-0.5184977605193196,0.32537510121018876,1.9284191772609791,1.0
686,0.3821342487852561,0.5904091790345577,-0.8736557382837942,1.0
687,1.032014381643786,0.8827638611696917,3.4329391693102838,1.0
688,-0.06469629936103864,0.4368501980574097,0.42873328161415714,1.0
689,1.7191567729525739,0.8775387758962577,3.466671015430434,1.0
690,0.7278994961972116,0.5499347040500243,1.1038782181236608,1.0
691,-0.23537727520689086,0.22298651403681027,0.17184507528013515,1.0
692,-0.9934710131972733,0.2739331984893575,0.1660509194732005,1.0
693,-1.964446121048407,0.4549060122058773,-0.6965974822438359,1.0
694,2.456422532464997,0.7695352252014006,3.255232584763874,1.0
695,0.6348662225310118,0.944483118386301,3.48072558427133,1.0
696,-0.593819288928154,0.30492638356324614,-0.7211867478464269,1.0
697,0.34417318434021676,0.6903612040966406,1.5308173823857163,1.0
698,-1.5465153295874556,0.20524733529435493,-1.260329919297353,1.0
699,0.3252037149332041,0.8776320539337812,1.6412838960971776,1.0
700,0.44188669556682003,0.2349323315605753,0.8781403065558119,1.0
701,-1.3018057415953546,0.4187710512251717,0.1352872516102883,1.0
702,0.5821037732279453,0.7164812208971026,3.306916991953472,1.0
703,2.622023902186457,0.9485666003020481,5.172603944369589,1.0
704,-0.4217275046699731,0.83696452316964,2.208960791269316,1.0
705,-1.8176371207096347,0.23538198135794694,-0.18066795061499508,1.0
706,0.9018957056643465,0.7384160100332492,3.3430866945256508,1.0
707,0.6327581175581469,0.9527866004895871,3.5819878956324898,1.0
708,-1.7377919940356954,0.16998541229468545,-1.2333697039771105,1.0
709,-0.36781534265050014,0.2388192731508053,-0.42881217848016506,1.0
710,0.05743241469019514,0.6770613709459283,2.433943144441555,1.0
711,2.1818948525107844,0.878283845586007,3.257436183802427,1.0
712,0.4293986464685504,0.6887388640024268,0.26971718975612413,1.0
713,0.9707796755691306,0.8147316781320105,5.055951892460286,1.0
714,2.30681709297893,0.9542906677415708,5.256053359182521,1.0
715,-0.3460300951825787,0.6136666768964885,0.8663543601539454,1.0
716,-0.6410046113330597,0.5171318169509763,1.5567309461676522,1.0
717,0.9608286425112776,0.5416419843463972,2.7019565613089496,1.0
718,1.1414890437342171,0.9399208809241867,3.768837700496733,1.0
719,0.4147480775498517,0.25738630344280516,0.3361872057983709,1.0
720,0.11362517010209217,0.42865510244256677,1.0400047608073995,1.0
721,-0.5940297043451583,0.49966696949628847,2.0735035455355013,1.0
722,-0.7241131420126931,0.3244334468657488,-0.8061036366905079,1.0
723,0.026999883709381445,0.4980563562671417,0.33788614353982516,1.0
724,-0.5813565705037526,0.3498572319173934,-0.013390639774865543,1.0
725,0.4064488628965552,0.4147691714169138,2.0455689993505857,1.0
726,0.3569083736925418,0.6281587267808655,0.8464471592438686,1.0
727,-1.249149128963047,0.24052577407859935,-0.5699001084750325,1.0
728,-0.28608483674147306,0.7330541342070382,1.8976295945048853,1.0
729,0.3488087603611338,0.7273265935937969,1.6050255159185403,1.0
730,-1.485233899526318,0.5505939941254411,1.7224402469949303,1.0
731,-0.7870677244917373,0.26305898415017465,-1.4820679930093097,1.0
732,0.10713563392248572,0.4244544889486956,2.7190185073378625,1.0
733,1.6938497238989587,0.9699718447985506,5.621299841637385,1.0
734,-1.505873409651623,0.23806332820718806,-0.2151621498795443,1.0
735,0.9889126765009482,0.6091925631153905,2.6388338971620335,1.0
736,1.5479033021227147,0.6372248316997974,1.8132427460281173,1.0
737,0.858409579145879,0.6430668047316095,1.514696752498566,1.0
738,-0.6837958161649731,0.16200996994739605,-0.7613418191324313,1.0
739,0.37142310414795504,0.681107538589929,2.200917212375884,1.0
740,-0.9261235772572288,0.16141467804752666,0.8833946060498208,1.0
741,0.9189199127923217,0.5251071420443744,1.7363038198203546,1.0
742,0.9098747428297449,0.7626020903532659,4.08088200572258,1.0
743,-0.8262312370921595,0.16852084007178736,0.20016151897895607,1.0
744,0.01891359586776735,0.375570702520704,0.5817639978264271,1.0
745,0.5220456205613849,0.5081545050229131,3.8198434814860467,1.0
746,-1.5100521323263667,0.20621953550894856,-0.2592945854188946,1.0
747,-1.5232078031297989,0.268531152250252,-1.1841100310549335,1.0
748,1.8413562366369236,0.9628463699016206,5.28715695823659,1.0
749,0.8409175800061156,0.8655173840384975,2.6652815304295485,1.0
750,-1.7547046938254498,0.04948533380227415,-2.4594973384099332,1.0
751,-0.9755700460525584,0.4314947358467518,-0.5777405731440902,1.0
752,0.33437403489698486,0.3172820868239375,0.4134684534634631,1.0
753,-1.7271145192368396,0.029755121516747182,-2.2040864905330397,1.0
754,-0.5997455209188226,0.3887573773701031,1.2520938370365877,1.0
755,-1.5309095279511613,0.1090917173351631,-0.56314405612373,1.0
756,-0.9976890509732418,0.19699219177666136,-0.20971990616243624,1.0
757,-0.036775778563154005,0.16884731485634633,-0.4873678472780221,1.0
758,-0.6431148444119954,0.36245235701378303,-2.9713459323759195,1.0
759,-0.17935575321124353,0.18334032310131237,-0.6643864135607751,1.0
760,0.8567336142244835,0.7235964390458464,3.0527152610266564,1.0
761,-0.7410068463837018,0.4006199002412297,-0.4997608573829574,1.0
762,-0.5753894682940662,0.5106631875318942,-0.03078073000190429,1.0
763,-0.6349023067962679,0.6051632633622605,0.7070755045756755,1.0
764,-1.1667476512227422,0.47297737315407795,0.9180755113316785,1.0
765,-2.422253990690846,0.28546780643677094,-0.16513176404756358,1.0
766,0.19230281997616192,0.520142831582287,2.5120390931975862,1.0
767,0.4846395249194671,0.8528220101954769,2.5908486015498844,1.0
768,-0.8486892730577287,0.2866463062158542,1.80817985221767,1.0
769,1.203919654415587,0.7876149180188614,3.390929912014921,1.0
770,-2.0452174618482637,0.2881132721279461,-0.06906718251358501,1.0
771,0.7942889980682643,0.629065521899476,2.9047899564102155,1.0
772,0.13754448603012887,0.8060335746905042,2.9216482408546796,1.0
773,0.4376760345736098,0.6413848989596846,1.1866955663922458,1.0
774,-0.023434745131379078,0.49767322482465925,3.3964283758428486,1.0
775,-0.4301579416446588,0.3334076434596163,1.0420881712730634,1.0
776,0.09234237840173003,0.8120864982768287,3.247709762691295,1.0
777,0.41700081698381114,0.6066690024938282,2.0633062455272357,1.0
778,-1.3129371323024965,0.6017885659050743,1.2623006268929342,1.0
779,0.22497268060373102,0.5763888551551144,0.7890801353157153,1.0
780,1.5625856753275726,0.8994011057804815,3.8442793933660817,1.0
781,0.08885452391913859,0.5825178930758184,2.229956565707934,1.0
782,1.256393892054327,0.7999501016907113,2.0476240450626144,1.0
783,0.39116799039368305,0.3522486699937187,1.2557040358874345,1.0
784,0.1532921087520142,0.8214232121462057,3.1395231799489762,1.0
785,0.9236905521102182,0.6120045533858564,1.7591715996174657,1.0
786,-1.2778577089005525,0.43517192162593693,0.2809327119328311,1.0
787,-1.5067664030697603,0.1722488403576482,-1.0738827952187437,1.0
788,-0.7496908183392105,0.2667110561106939,-0.17283889074662548,1.0
789,-1.0700832670175102,0.443550836676842,1.6361238401526168,1.0
790,-0.7442574671259439,0.3899687587851416,-0.1659905724245594,1.0
791,0.018758787650870523,0.4744187856398081,1.3466491718014733,1.0
792,-1.465111900010263,0.06365906563144218,-1.2071165648177247,1.0
793,1.7240881583328826,0.9741433184048343,3.743995793249894,1.0
794,0.12269628306271638,0.4588459070689302,1.2314423409809145,1.0
795,-0.36851238252852386,0.6618802176643342,1.6210824643488724,1.0
796,0.6915784038092352,0.7264896991823876,1.943613707511675,1.0
797,0.40237559095581527,0.2921856970203923,1.0515070617318591,1.0
798,-0.08092850271811622,0.15336840469605104,0.6373967218213673,1.0
799,0.20412571546506145,0.5263252678712061,2.010346088177889,1.0
800,0.18354567732873553,0.7176666723079218,1.2644134402077802,1.0
801,-0.768633317728594,0.39781353641934813,1.179557108413717,1.0
802,-0.2487756210623266,0.32894174625119765,-0.07363851296450519,1.0
803,-0.5000772494355179,0.6637659558435051,1.747809370764877,1.0
804,0.6413466266591571,0.8707212385384963,4.138649365732127,1.0
805,0.945546748824911,0.7719965843224329,2.8097428415941916,1.0
806,1.3256924668090597,0.6384825411808244,4.3384212922142185,1.0
807,-0.1337633003977545,0.7070880488669606,-0.10231592528483513,1.0
808,1.6084466039035492,0.9410733899180137,4.983750923490876,1.0
809,-1.8237430802933534,0.2692076258836617,-1.7251159705088988,1.0
810,1.4035214181554736,0.8872167304182459,3.5731987030006076,1.0
811,-1.072566783779492,0.44183752748458394,-0.0735045498767623,1.0
812,-0.3192017987556845,0.5552649159311447,1.032855189099065,1.0
813,0.6552919119543039,0.5521495020726017,3.124635108603215,1.0
814,-0.4343669110232803,0.46676828573966694,0.9840394821180123,1.0
815,-1.0727107239577411,0.5074555595998129,-0.49851963215731643,1.0
816,0.7993136019798975,0.7758357566354572,3.255455403220686,1.0
817,-1.3538723598269804,0.43018271447511935,-0.34556044933683056,1.0
818,1.6080788780268183,0.9092214528760342,3.2903488159523837,1.0
819,-0.24681859444646173,0.2817630238506657,-0.43732388867503624,1.0
820,1.440451141986773,0.8982044954766069,5.073185205688249,1.0
821,0.4678788458399925,0.7866629052672085,3.3981580963761555,1.0
822,0.13929168408914255,0.6346484200544908,4.123347657632134,1.0
823,0.8142070835100542,0.7432037838779548,0.8645959738062179,1.0
824,-0.16061123710104713,0.12192620063863689,-2.473537658719762,1.0
825,0.9889231170591344,0.6262870950541777,3.5874494570390785,1.0
826,-1.4288550656659589,0.210249914718996,-0.7932686893340057,1.0
827,0.004646172137013075,0.38301253668507307,-1.5612583304629744,1.0
828,0.24760445287466956,0.3677264283166039,1.5489556213739992,1.0
829,-0.4723413022503159,0.6881151115482859,1.9717459774439605,1.0
830,-1.9504390999359185,0.08909470068995369,-1.555963914086704,1.0
831,-0.7426145473029618,0.27630998305262344,-0.25200174633040456,1.0
832,-0.9807673997482871,0.31684771973933795,1.6072225299328078,1.0
833,0.7485215607758233,0.5588529148751964,0.04255068484297775,1.0
834,-0.2961872032372408,0.3810174210492432,1.0249651251956893,1.0
835,-0.2907248852312265,0.4714027754054997,-0.19469693210626937,1.0
836,0.661558773590644,0.625491844375767,3.6816699195590448,1.0
837,-1.1091776398075575,0.46244601817566844,0.20965631176055063,1.0
838,-0.14656905234386633,0.7435997297571634,3.6719056300020547,1.0
839,-0.5481847829638781,0.5173156103191224,0.8601969555359615,1.0
840,-0.051424837994648746,0.2002822513103888,0.7263750175836869,1.0
841,0.7443284111398846,0.7290593986323038,-0.0892373306386065,1.0
842,0.578764933158299,0.6155135306467573,2.103874752701623,1.0
843,1.6687055124233545,0.9733844678337265,3.0360257224315497,1.0
844,-1.5168103999066191,0.046816766664670155,-2.9228972265548845,1.0
845,0.9715005426413595,0.9087052624026446,3.4380729451918195,1.0
846,0.6971193731443337,0.8625744868621805,2.4511523161164024,1.0
847,-0.8538212799054354,0.4663928908970168,0.2764458828510168,1.0
848,0.3745182144065653,0.5360513864349162,0.9221387856089988,1.0
849,0.7787093351131754,0.7961388592173033,1.7268909513137494,1.0
850,1.0955073026231423,0.9366502752338196,4.106149747215505,1.0
851,0.10671837202870156,0.5580246711238557,1.644733514253961,1.0
852,-1.1202120760538767,0.22070714925487966,-0.13334629958033267,1.0
853,-1.0371564580660624,0.4522497536122779,0.07816798573123235,1.0
854,-1.0342404190764223,0.19790499127927696,-2.6606529314313736,1.0
855,1.18762801787111,0.770473781523276,0.9088759972217826,1.0
856,-0.14710150970647268,0.5720213848681865,3.1513159658045895,1.0
857,-0.3353912870519671,0.4522332848947158,0.29697040599490065,1.0
858,-0.718042575583258,0.4107220933002558,1.7222956966971814,1.0
859,-0.2657026889616478,0.12892009248707906,-0.8265765792048113,1.0
860,1.2701596698398425,0.7055687232867398,4.865617414059127,1.0
861,-2.1187372262987902,0.10497662048254301,-3.697335220404341,1.0
862,0.9533895336930379,0.8708975262062646,4.699278005407367,1.0
863,0.4036300797451855,0.41995483705999753,1.3499716308432994,1.0
864,0.731147951115046,0.7360317674022124,3.346059816152433,1.0
865,0.021460480054683543,0.5131965690172817,1.7017547064020524,1.0
866,-1.045200798460699,0.39397490304476973,1.548077223428283,1.0
867,-0.058667029347176436,0.38923938519962303,0.9071673253363159,1.0
868,1.1276468860288031,0.9004359397754447,3.8850394902410397,1.0
869,0.0954336659105632,0.7128951163859671,-0.042942869238203674,1.0
870,-1.6621353222502688,0.5093129512553367,-0.39566109826191187,1.0
871,1.3679890144285176,0.5187278342218267,2.1786823409885088,1.0
872,-0.5007834253468714,0.6077998014931508,1.9817675671039794,1.0
873,0.8028034026617927,0.34224797358404996,-0.4928808005614145,1.0
874,-1.2340519527429963,0.09767570404790774,-1.4960156918450944,1.0
875,-0.5152136684164348,0.2352390427202574,-0.3631016028768119,1.0
876,-1.02322357929221,0.20406556825529162,-2.016884144436977,1.0
877,0.2433380940717201,0.8936904231030087,5.412895273221807,1.0
878,-0.23043429948779107,0.5572413639618997,1.2048365712003961,1.0
879,-0.23026426438413522,0.4380815880406667,0.01662731743865986,1.0
880,-1.238819990562715,0.6704497610447213,2.1110721702799005,1.0
881,0.2882169430469845,0.7294583424335389,2.906239295129538,1.0
882,-1.4543086086451893,0.44004986865076773,0.17472715576056863,1.0
883,-1.0632796458757123,0.8488434056026054,0.3860087948202491,1.0
884,1.3389691894304416,0.9235164158678093,3.7209557458091918,1.0
885,-1.1141591296960496,0.20368531263450584,-1.0740537059958615,1.0
886,-0.424763040884392,0.44097966802014393,2.7278393318108334,1.0
887,0.7823301098796497,0.40680092753648517,2.017442672686994,1.0
888,0.7673580743229639,0.7635798711691734,1.389328268550606,1.0
889,-0.7241261257067295,0.19558952038763153,-0.1367680446995052,1.0
890,-0.269886502212585,0.33225403988236585,0.6113309157233684,1.0
891,-0.7978275382949294,0.35150951885742376,-0.2338008961979937,1.0
892,-1.8322146515977318,0.35089298948417746,-2.102666926341324,1.0
893,-1.0936339004787807,0.444277029273395,0.21542150630336884,1.0
894,1.1799055972414978,0.4077312455545159,0.8345205306632263,1.0
895,-1.9250455975593956,0.14168082700795737,-2.151885063992145,1.0
896,0.7491835506341558,0.7314778141098435,1.3919085440343741,1.0
897,-0.3648030154170995,0.6417415715280858,2.711973315470578,1.0
898,0.1450033204746461,0.31110934600420176,0.7127155694335439,1.0
899,0.5614666061272161,0.45840617022537083,1.949621102834339,1.0
900,0.5647282792596952,0.8394853277995518,3.312876255435398,1.0
901,-1.7752856349690935,0.15399313396811717,-0.07836423934721037,1.0
902,0.4322106112642442,0.9164523648552171,2.75559717567161,1.0
903,0.3159276469836124,0.4727437651433985,0.7906074457322123,1.0
904,-0.25011385854085433,0.6326348203980086,1.4493929140419366,1.0
905,0.7351610215173692,0.7328123855623256,2.7910105960358766,1.0
906,-1.666179750099426,0.7250453884971686,1.2231993895859024,1.0
907,-1.7628596381285897,0.07057116732834857,-3.7523994383920716,1.0
908,0.6638532638851268,0.8020531819229836,3.5635160092168676,1.0
909,0.34114733461215313,0.3683971967189753,2.2747652950501642,1.0
910,0.3594709327154759,0.5088710769245489,1.8179650392927706,1.0
911,-1.1059434516327098,0.4573631761937603,0.33119847823809717,1.0
912,-1.131884686152328,0.2068096020289878,-2.2085933254568793,1.0
913,1.0437548460497668,0.7595162842132032,3.811661112538572,1.0
914,0.7306948612318994,0.7089785382275383,2.5192150799751825,1.0
915,-0.12932779585904852,0.3602662711837259,-0.5965815815347288,1.0
916,-0.7871685768997271,0.7031980865020613,1.8596429877708642,1.0
917,-0.5641059367286465,0.3237093113528569,0.08878074208045394,1.0
918,-0.04644547809876276,0.38341305594281383,-0.4554745293772501,1.0
919,-0.5446402756431401,0.17757699832107537,-0.7643566659673188,1.0
920,-0.7083311235187556,0.26950001121879724,-0.33235022101236134,1.0
921,-0.7732168339373586,0.18888502443253752,-0.8072443510285214,1.0
922,0.16031873255105142,0.2276137580615827,-0.15267967034607421,1.0
923,-0.27599336010122355,0.4001906346464402,1.2813429674465757,1.0
924,0.4192091165699543,0.644613178333179,1.7236317869000093,1.0
925,0.17801047563396946,0.2048459678825116,-0.5360987647443549,1.0
926,-0.6360972701434233,0.8331195604560123,1.3271386737431645,1.0
927,0.7837718769564578,0.7324043276586467,1.650218459278138,1.0
928,-0.7228785402530494,0.5402551749556518,1.529959702802898,1.0
929,1.0303707765944028,0.7405321196001134,1.8241784482763843,1.0
930,0.13747619230249958,0.6253931726454101,1.9861856814185606,1.0
931,-0.6480592680048329,0.6664883211624412,0.9183592269467153,1.0
932,2.2597058628186804,0.8300604876682104,2.8308557927042064,1.0
933,0.7043017742156366,0.5708655677884081,1.283764346801994,1.0
934,1.38372023463959,0.8624542702976858,4.530785589714254,1.0
935,0.5827614107862439,0.35268324920887684,0.20639929719831263,1.0
936,-0.28949575610524736,0.8180483746855746,5.157355658001101,1.0
937,0.5924955874637757,0.5193807809188583,-1.5611889317255805,1.0
938,0.040759521190906145,0.21468216883557745,0.16216246566113574,1.0
939,0.26445682168248413,0.530827298079795,1.4112198056172685,1.0
940,0.3422451730001451,0.22259823775796916,-0.5088827450059381,1.0
941,1.3929027171567456,0.910219894703171,3.3951429857115185,1.0
942,0.15119840434881265,0.6025621779582849,2.7844837159437685,1.0
943,1.2966202113609036,0.5042164748591542,3.645045586514358,1.0
944,1.4056614982217988,0.9287993888224939,5.737047799970927,1.0
945,1.0975326076565042,0.5704653403623557,0.8562709208077017,1.0
946,1.1028451540552977,0.7846134272761585,2.261649563377918,1.0
947,-1.0293625053544715,0.3606771276427335,0.49207555384037427,1.0
948,0.5240181432316124,0.40974172300831496,2.719862619797471,1.0
949,-0.6348896820823986,0.21797823627290958,-1.4592295840965646,1.0
950,1.0695858273449355,0.8752711426166058,3.230028964663891,1.0
951,-0.7398447712429514,0.20152458896383507,0.8502677147485671,1.0
952,-1.0321357309300165,0.10171805339183737,-0.6835772673715368,1.0
953,0.8998864155543423,0.8236165541109258,4.674374940375303,1.0
954,-0.46426882255639745,0.7787357328082786,2.275115403782039,1.0
955,0.20474394482137112,0.754073960654663,2.3602516579699504,1.0
956,-1.8440456005911878,0.39994466477867613,-1.989012299217009,1.0
957,-0.7099986715167569,0.6190367532956659,1.1608002180515904,1.0
958,-1.3796895722894593,0.30222310469879377,-2.0491611725939087,1.0
959,0.3340767896808663,0.7978386803753966,3.108000574760064,1.0
960,0.6088455020673055,0.34102890785387024,1.3819663774497535,1.0
961,-2.542036979233088,0.058175702063973295,-4.001445428502128,1.0
962,0.3685017083401533,0.697248482303299,2.281119301784481,1.0
963,-2.585709617296571,0.252180500558439,-1.2162421739984395,1.0
964,-0.42534483407028,0.4328276200829054,0.2315077976049264,1.0
965,0.012783843151350028,0.1425451439059154,-0.1356717519461781,1.0
966,0.7029624228834556,0.7490394335010513,2.0854843637990097,1.0
967,0.17802647067885402,0.6279170703013882,1.5167469646386669,1.0
968,-0.5202400979689967,0.5651278812714127,0.31717803992961635,1.0
969,-0.06993208660541694,0.2176281129995076,-0.2963937300188974,1.0
970,-0.25798953530632535,0.6195176737180473,0.5505967556913639,1.0
971,0.3482822608623626,0.6284795657093242,3.1193335900713146,1.0
972,-0.3169680661698186,0.08908524651193424,-2.2094751656118827,1.0
973,1.318876522268093,0.5235724211039919,1.5048587372060915,1.0
974,0.6551255447929764,0.7581467322264751,2.784956942842646,1.0
975,0.6149521056988367,0.560306078340611,2.2528564471569945,1.0
976,-1.3985593825009222,0.061472368751672044,-2.3833751443489106,1.0
977,1.2499151422305408,0.5735429751558627,2.3939046756728612,1.0
978,0.8427012125096002,0.810187496603432,2.432190087532736,1.0
979,-0.28662848504267396,0.6529371889779977,1.4422899301365388,1.0
980,-1.3772136284374719,0.3163831096400383,-0.3929175088174383,1.0
981,0.9091517198749742,0.751000810413127,2.7520230168672217,1.0
982,0.040274709637619414,0.32355102470602953,1.5304216144713898,1.0
983,0.33833825468931744,0.913211832229189,2.473960710034334,1.0
984,-0.47944459161649144,0.13292617857411587,-1.7276194406821053,1.0
985,-0.008869267376396713,0.651034543508377,2.309647895428163,1.0
986,1.6333490913669528,0.9069124463970188,4.651795197254632,1.0
987,-0.02669267234696192,0.4132279212190223,1.5221698473588754,1.0
988,-0.33972784860756966,0.7475128914451681,2.5235063964274977,1.0
989,-0.7328157762419727,0.2534226374962565,0.7329050567697424,1.0
990,-0.44883071693159815,0.7838161399062737,3.4754844799244413,1.0
991,0.11577172035111907,0.46403499044693036,2.4610346299540886,1.0
992,0.26628243055163353,0.7492826404316981,1.544109870613168,1.0
993,0.05247848021367763,0.5335161938446389,0.9319083317855139,1.0
994,0.6626309711606345,0.8267593815057609,3.295532840053185,1.0
995,-0.07008810480669046,0.8738459823600481,1.7043895521882684,1.0
996,-0.10470461689728569,0.2786393290627721,0.6294695350932069,1.0
997,0.3699780333528304,0.7497357193552837,4.088424189637772,1.0
998,0.5725247887102033,0.5860679948412024,2.0322143528469305,1.0
999,0.23433370702686113,0.6573237561141162,2.0536667948582457,1.0
1000,0.1295065892746428,0.5427613834641581,2.5868455740859577,1.0
1001,2.952341849454935,0.9101577809716271,2.0073363869090985,1.0
1002,0.2030462036845605,0.701317745759504,1.811335067557261,1.0
1003,0.8294071830456816,0.8146554781063898,3.266791414820123,1.0
1004,0.6674591421627663,0.7063752560531734,1.1784077430603146,1.0
1005,-1.9445817992652181,0.051018997206530886,-2.762847479382731,1.0
1006,0.09813163987410979,0.3452462308948611,2.7401677921792933,1.0
1007,0.458977512773106,0.710459908726844,3.2384023307609,1.0
1008,1.7620513358866012,0.796001527374844,1.0277595284460461,1.0
1009,0.11848793788164783,0.40874247213428605,1.6711911285252414,1.0
1010,0.21607983658581106,0.2802159331306675,2.365942432799557,1.0
1011,0.12327875064396315,0.5151708517998917,-0.241176993451655,1.0
1012,0.9562791006017064,0.8208657137104247,3.3927141051451732,1.0
1013,0.5180793022592715,0.6565357320968016,0.9208832590755378,1.0
1014,-1.1212296378576643,0.12184118101205797,-1.0163663813004897,1.0
1015,-0.5032632871466386,0.7446524989218238,2.479417879970889,1.0
1016,-0.6193244366998026,0.26140870118461007,0.3320137968979062,1.0
1017,1.0303492049715457,0.5286054557359628,0.831912930073792,1.0
1018,0.1261055207808462,0.2307720321257533,0.8994386396099896,1.0
1019,0.30704479427314846,0.47495925139950546,0.7952255404801287,1.0
1020,0.16905608565124805,0.6551346449754625,2.9854462763648772,1.0
1021,-0.6547537221928076,0.34765740752813207,1.1220175670778958,1.0
1022,-0.7099825996372972,0.23582033083474888,-1.303033293759443,1.0
1023,-0.1257951363625264,0.7660549925304235,3.027478912252205,1.0
1024,0.03699873200014669,0.48602982132505584,1.021093806521438,1.0
1025,-0.006351850942068472,0.44464526864750975,1.1888484792291263,1.0
1026,0.3058573416996648,0.8262388228199372,2.177376334709794,1.0
1027,-1.6748699004196128,0.14796087743129074,-0.6528189407475837,1.0
1028,1.1614641452647363,0.7059006979014986,2.4305809176528803,1.0
1029,-1.4871546788373469,0.06685174915211861,-1.4525173081756855,1.0
1030,-0.150082553021598,0.32207660832187207,-1.7956003074310434,1.0
1031,0.36484342590267865,0.5001897730337845,2.361616426910437,1.0
1032,0.0929131744747715,0.8462165461915734,2.5305066371211176,1.0
1033,1.0672274121094236,0.8184601516697786,1.8755393679584182,1.0
1034,-0.3110321067557638,0.8628152902445103,0.9415992929665409,1.0
1035,0.7911521619430835,0.3410146549601847,0.737953997276151,1.0
1036,-0.9610572062655656,0.17765498867166632,1.1415248875896444,1.0
1037,0.07030482103943204,0.07175080499464777,-1.86841467695558,1.0
1038,0.06448736686654852,0.6676865506981128,3.1235562159624584,1.0
1039,1.6092814669621762,0.9121062427672485,4.093936781323464,1.0
1040,-0.29155216194883954,0.9425585035188472,3.625345705814333,1.0
1041,0.5481851443819623,0.274447838981603,0.6614474230581506,1.0
1042,-0.48102878924788384,0.5636402868191493,0.5471083439052575,1.0
1043,0.15972375468012412,0.5496885907285621,1.8645206541391999,1.0
1044,-1.6471339492498787,0.32912759745667325,-2.0514433482883705,1.0
1045,-2.03726782205821,0.031039512698631345,-2.6679846494897577,1.0
1046,0.3282437616417839,0.4679889621347252,1.422327630704649,1.0
1047,-1.2560260748683942,0.17937305345255788,-1.3660060059271113,1.0
1048,-0.9009825370926386,0.33552197326437205,-0.037609693933253606,1.0
1049,0.56494996369629,0.7053870250327782,2.7229155241031187,1.0
1050,0.3306212494580153,0.6339861205506087,0.4490730322025904,1.0
1051,0.5273799273033912,0.6931734074284539,3.1576619538873016,1.0
1052,0.9417721179281047,0.7225193067755157,1.8344791977697552,1.0
1053,0.2460810944276759,0.44367185638161877,-0.4379692147899037,1.0
1054,-1.417240729714015,0.1963793002402811,0.6987600683045241,1.0
1055,1.2626778958881544,0.5732358969493379,-0.17088272151166572,1.0
1056,-0.06773523693615205,0.6270935506711703,2.3480551757984074,1.0
1057,-0.45268496300491556,0.48652275530453526,0.7544572709961743,1.0
1058,-0.5202674652347311,0.3290303328509247,0.4319997225117723,1.0
1059,1.1971095424525835,0.8207530846899171,2.7894116897415286,1.0
1060,-0.11129976028859616,0.44182410650910336,1.0818914117680798,1.0
1061,1.4259900947029103,0.9152060736505826,5.7846921748208775,1.0
1062,2.029930929365421,0.8399501795851197,4.286484029287359,1.0
1063,1.019733433020965,0.5941378547920532,2.775016242622852,1.0
1064,0.6997728711992833,0.7654425539170129,1.2496870127930966,1.0
1065,-0.48089154730975714,0.4215518863017311,0.7328041430835338,1.0
1066,0.15869607239240888,0.8802287222809126,3.1156634254215625,1.0
1067,-0.6102407557034779,0.21259336308627413,-0.348233171912953,1.0
1068,1.409682917988394,0.877749408621465,3.9722197191604054,1.0
1069,-0.28569052960911473,0.562072146038862,1.6610266071734947,1.0
1070,0.5337165495877685,0.8339482616242934,3.4290032292765864,1.0
1071,-0.5811584713915475,0.2882537153668215,-0.14905484106673184,1.0
1072,1.0216242434438094,0.6324641730617792,-0.20460530755336848,1.0
1073,-0.4445436886236371,0.45182967431582316,0.8067803836443022,1.0
1074,0.4341957108756961,0.8160940446240655,2.01819277835558,1.0
1075,2.8596669445034846,0.9861983333089925,6.703252291383549,1.0
1076,-0.5476183811436519,0.5145196626603734,0.8881605745211898,1.0
1077,0.1372109080372859,0.3929632006070393,0.3135578299147599,1.0
1078,-0.5035849593304693,0.16046482250783917,-1.268219601218402,1.0
1079,0.3415002761629348,0.31491218542970845,3.497851508191477,1.0
1080,0.23657255573441677,0.9104380283343688,4.154273945040141,1.0
1081,-1.431577921873044,0.32415977941341306,-1.2201116219082113,1.0
1082,-0.0986965409981418,0.23340875368667718,0.38862870780096903,1.0
1083,0.09168990172475804,0.7071729754338493,-1.0624828101393344,1.0
1084,-0.8792800638050151,0.18192614279098615,1.0659075893176497,1.0
1085,-0.13434542310538283,0.27480598800655,-0.7468124842780952,1.0
1086,0.3010789471613016,0.5766769896756123,2.061300954481942,1.0
1087,-0.11522201723040772,0.1655891022534841,2.1788618871067267,1.0
1088,0.0500281004255403,0.833684389862637,3.2088232884368484,1.0
1089,1.0910669315619648,0.8547847351594463,3.965528771876206,1.0
1090,2.2426284054483387,0.838254223152038,2.786812716338275,1.0
1091,-1.3062343220560662,0.13526835680739283,-1.8728667086824597,1.0
1092,-1.2672440869249253,0.18957136313479395,1.2558713764751552,1.0
1093,0.3178957851511994,0.7901375026660493,1.072034565786309,1.0
1094,0.31748705371614344,0.6649870753938025,2.4931856413345566,1.0
1095,-1.5002627562164095,0.35004940227856346,-0.3368155067408091,1.0
1096,-1.4481462645071164,0.13832566157173656,-0.40276744475662685,1.0
1097,1.0575832841881598,0.8590709642295653,5.24359037316723,1.0
1098,-0.4055335940825619,0.43767297979376224,1.13714615767908,1.0
1099,1.9660417329653275,0.8914233775668678,4.574601462144083,1.0
1100,0.9232230178116957,0.44273912271900057,0.26710092765757243,1.0
1101,1.064316544016621,0.5933298110911136,0.33849822082225534,1.0
1102,0.21907295776632107,0.8640461505037087,2.4657450012640925,1.0
1103,0.7095568267266001,0.5929367638382849,1.857815337685625,1.0
1104,1.7232110731173669,0.9554070739593984,2.9812257314898085,1.0
1105,-2.0744541249357007,0.04160103516030459,-4.2295332487968,1.0
1106,-0.7630409571645649,0.5532236194089293,0.2712281836000109,1.0
1107,-0.1167699194238325,0.4800400514212325,0.6595474487377375,1.0
1108,-0.14025312921351613,0.4863404475790039,0.8875528441062487,1.0
1109,0.3756596588613686,0.7538312147303652,1.42166569409948,1.0
1110,-1.2180457615878881,0.41282520478830304,1.4355558274318272,1.0
1111,0.08740680187078496,0.7312936764735293,3.3378524384922708,1.0
1112,0.024016310573299463,0.7008832127704755,0.8787688081179699,1.0
1113,-0.9552208988056251,0.16408727292578157,-2.7990915930328537,1.0
1114,-0.6102715668120993,0.18883800956314825,0.1150780493091127,1.0
1115,1.0636957003192637,0.9079737032107412,4.3867195107943475,1.0
1116,-1.0979853269071729,0.1964883984153262,-1.066950017768233,1.0
1117,0.257536601517728,0.8110319594337301,1.6116552540773952,1.0
1118,0.01579227324387062,0.2751097627980165,0.23043640261736956,1.0
1119,1.3658569555995481,0.976984054845043,6.87928286454647,1.0
1120,0.3789118337728628,0.49943499044144285,0.39435865029660044,1.0
1121,-1.811885440419624,0.4300520375434685,-0.06914894079490497,1.0
1122,-0.2102607445531473,0.3999519510144494,-0.13124924079836775,1.0
1123,1.1100784465662386,0.6569800788860565,2.282804696371861,1.0
1124,-0.4697493062429426,0.5622222140126354,1.5997480506581065,1.0
1125,1.0942348826354509,0.8489121690604852,3.633066536986115,1.0
1126,-0.5066769113028523,0.38015524220951935,2.108993912162741,1.0
1127,0.8994418858900233,0.6517990070567552,4.987924761820989,1.0
1128,-0.6449738330404583,0.2053067508877369,-1.5656596922943837,1.0
1129,-1.4462868930780914,0.49260048350039426,1.1256016329506107,1.0
1130,0.5889324815208842,0.7356932966680764,3.9083319549403486,1.0
1131,1.141314497908615,0.38712522863460896,1.0630261431729136,1.0
1132,-1.49837476112835,0.21363073649463502,-1.881373381866472,1.0
1133,-1.4982698674471628,0.20634152214398974,-1.646524426715217,1.0
1134,1.0406210838077155,0.8326248817558967,2.0694264385992747,1.0
1135,1.328128777630677,0.5269141581605361,2.5089457463387523,1.0
1136,-1.0899924009174855,0.08722177980111172,-1.3419700008084123,1.0
1137,0.6818327405217383,0.564902027759174,2.7904698558538805,1.0
1138,1.0320539923737004,0.733638292738542,1.2216033153187709,1.0
1139,0.011039445626346059,0.7127917001262255,2.2316696029410594,1.0
1140,-0.06553306210143935,0.4924822985119467,0.6609522445217764,1.0
1141,1.2926044594550583,0.72816663888959,3.2753378552990076,1.0
1142,0.7463840245249226,0.6046659647297361,1.070272546385828,1.0
1143,0.7521939074432927,0.8209482036160742,3.3202301347286314,1.0
1144,-0.9814822601724423,0.4355035826541128,-0.040947625345502614,1.0
1145,1.8830155990850774,0.9600226599562408,5.424614243735014,1.0
1146,-1.0175624870898288,0.04300005568331192,-0.9871138298136382,1.0
1147,-1.4874416548471319,0.17047441374759634,-0.14642545952945463,1.0
1148,-0.8227908034940578,0.15690514412177664,-0.1864979013535929,1.0
1149,0.5138672880495245,0.8676549654119668,4.1782450935373205,1.0
1150,0.512100204571652,0.8374391429554705,1.8177931812026338,1.0
1151,0.06363933910754499,0.5460495458383058,3.3979338730032804,1.0
1152,0.4843972216025692,0.8340622058962032,1.2780630305054184,1.0
1153,1.5075288353329814,0.8542511537176086,3.820358526102923,1.0
1154,-0.1260695266854804,0.6147760087720854,2.4625635607295693,1.0
1155,-0.7042896965319763,0.6786448227292255,0.10868364846139089,1.0
1156,-0.3897237937729315,0.4764755416495902,1.7585894356363254,1.0
1157,-2.1055416177599646,0.08510345127369393,-3.1525685711175626,1.0
1158,-2.4756211837395865,0.06539043992923385,-0.24650567777413412,1.0
1159,1.6250385446961533,0.7373271095025136,2.7909619318976744,1.0
1160,-1.808736667907274,0.2157297506389774,-1.0607935997481628,1.0
1161,-0.07532879289623497,0.6191921019917352,-0.14514093282986762,1.0
1162,0.09229936231595415,0.602128005378501,1.4928820990768674,1.0
1163,1.0398446282217275,0.583845418959296,1.8207202625737982,1.0
1164,-0.6471168332913296,0.1560968787632944,-0.06119762066471679,1.0
1165,2.0052138735266234,0.7716470970437219,2.923048190973397,1.0
1166,-0.40939265022807975,0.19418960240262195,0.08126629512174449,1.0
1167,1.348094375003564,0.6938555729847833,1.6739607584036165,1.0
1168,1.3845991035454657,0.8833360077525235,5.3966670965146,1.0
1169,-0.39683297760791447,0.1942615179256929,1.178324263090739,1.0
1170,-2.456963589674452,0.0539102535338335,-1.955266600222188,1.0
1171,-1.207619963908097,0.06297609622146791,-2.1616822180338326,1.0
1172,1.856651471338485,0.8529795953861476,3.7387840261328646,1.0
1173,-0.12182573539821512,0.2980127329830306,0.548767168274121,1.0
1174,0.5722861747767819,0.6247032051552729,1.4935043260301983,1.0
1175,0.7989291394921056,0.8302629380025487,2.8211270565973234,1.0
1176,-0.3817262563122287,0.7360690291886436,2.048968332053444,1.0
1177,-0.8766723288355768,0.4641335159070347,-0.5092015962111772,1.0
1178,-0.23357663866296763,0.7628108686978037,1.7279256432159358,1.0
1179,1.3989805267218136,0.92599975584303,5.292352578191692,1.0
1180,0.3442603428362472,0.2855724989659551,0.9623588579057363,1.0
1181,0.9248920893803491,0.690858102463721,2.2744972130360535,1.0
1182,1.49735335445764,0.6806583959559114,2.0872142540186265,1.0
1183,-0.3536020690087327,0.5397341900875107,0.6950371237769437,1.0
1184,-1.7982333380451647,0.039174077041533494,-1.0890035458002993,1.0
1185,1.4288311847631143,0.7363423252417421,3.668535070577554,1.0
1186,-0.47444797363808733,0.17263490859828615,0.4924938012866974,1.0
1187,-1.7792966522796487,0.1420757052510459,-0.701276096993644,1.0
1188,1.5845165303586253,0.9280309653547749,5.2626764545881315,1.0
1189,-0.484962518809746,0.2106511197896699,-2.159783904283856,1.0
1190,0.06552702088217179,0.6514051021954714,2.359155930013469,1.0
1191,-0.4774368514147369,0.28918923566731985,0.9130821398286109,1.0
1192,0.9351736307074919,0.9087663795558637,4.169504992007897,1.0
1193,0.13611349479339616,0.8181295533759437,1.837686899239604,1.0
1194,1.05885459076268,0.7760795598289681,2.7181136893316724,1.0
1195,-0.22870223085172556,0.525674877313275,1.0517938364145887,1.0
1196,0.9480532553491557,0.6755143284052423,0.6890852266954626,1.0
1197,-1.6360824554372282,0.08076655909996094,-2.5596276609813655,1.0
1198,1.3691464173866645,0.9518548170140623,4.5985819941437835,1.0
1199,0.3974818607654498,0.8270827000805738,1.828392660511108,1.0
1200,0.03854899734238558,0.5319316348293452,0.0815551888604964,1.0
1201,-1.8900085633562684,0.15764208714659314,0.9296767157506272,1.0
1202,1.1666463382562358,0.710517282679513,1.0842293547635824,1.0
1203,0.7853578868203789,0.8072852159030481,4.102144341563284,1.0
1204,0.13475774623689302,0.7008264781445473,2.0224914625811676,1.0
1205,0.737550619048124,0.4858141568461174,3.2988625327882226,1.0
1206,0.17827496036906532,0.7481005656022088,2.684673282425078,1.0
1207,0.2667176714636095,0.48180535394703006,-0.41935479551454824,1.0
1208,1.4427703349809544,0.8169806134021862,4.387515261147329,1.0
1209,-1.0732387929462885,0.2691805712251774,-1.8301844063474562,1.0
1210,1.9681065454177349,0.8304830282501086,3.875372736045292,1.0
1211,0.2781191509670111,0.3890101473667769,2.4836233646784556,1.0
1212,1.344721902408922,0.2888848415226402,0.34282202697636366,1.0
1213,0.7457875414496082,0.36007049661366974,0.7313316247311047,1.0
1214,0.8439411843987562,0.6586841396906454,3.730563779963092,1.0
1215,0.36089916759570667,0.620796770195628,0.687985979830957,1.0
1216,0.4052835918337783,0.5157497322337328,1.2391600633186415,1.0
1217,1.5977861765374093,0.8350133528924676,3.889595846779518,1.0
1218,-0.567479914753314,0.8837537708152027,2.479519965657382,1.0
1219,0.5019076028442546,0.8418500558266808,2.1420129001084653,1.0
1220,0.07129048710857837,0.6770404615982372,1.4731100074666361,1.0
1221,-2.4222957545854173,0.2892159630640047,-1.9400342644098316,1.0
1222,1.5576830394042722,0.9537525440681565,3.6531362295831595,1.0
1223,-0.39824608167241987,0.9029566802775147,3.2440102643236446,1.0
1224,-3.1832471489306964,0.011063578800007712,-4.681301026134144,1.0
1225,-2.0687526369888474,0.0956502362157689,-2.0345446769441113,1.0
1226,0.3068992764711101,0.7051021284124737,0.28988345105791025,1.0
1227,-0.4535551653511837,0.15620630670757618,1.2394005813987206,1.0
1228,-1.7907165300777863,0.15055813760533107,-0.8280033105635555,1.0
1229,-0.0853500777918746,0.27723311066025813,1.0858427891981597,1.0
1230,-0.2285936597301516,0.4707865562191954,-0.1469896325837805,1.0
1231,-1.1020304296363455,0.23091346456655085,0.49518947027995797,1.0
1232,-0.8244534307132253,0.0971091880082671,-1.1218409474974047,1.0
1233,1.2687978192586165,0.5871334809111971,2.8075160085262203,1.0
1234,0.40832204426515784,0.5796113825839112,1.3506631748224676,1.0
1235,-1.4364563439422076,0.2574741146516466,1.7064242088863582,1.0
1236,0.6470314826957307,0.4174057720545793,1.3411291341836808,1.0
1237,0.04798206628076472,0.4561219873229853,-0.8344514371779851,1.0
1238,-0.3995448701351572,0.3780906938661072,2.1290676866488485,1.0
1239,0.14997723256342835,0.25871441824322255,-0.46645842569724455,1.0
1240,2.3710596039332508,0.9745817481385203,6.3993718639528,1.0
1241,-0.4388162681872041,0.5653392770460665,1.623381186143795,1.0
1242,-0.08994846491304283,0.7219312546775,1.6034163612946297,1.0
1243,-0.7878127907003588,0.3000460045901445,-1.7754304870841497,1.0
1244,-0.9843377514356487,0.3774580501194643,-0.21240783177919764,1.0
1245,-1.15806195501195,0.1602452609246423,-1.3176363520676153,1.0
1246,0.4658607436881127,0.8371536758049611,2.443478663033973,1.0
1247,1.9177572639179032,0.6927516607652967,0.977513359410483,1.0
1248,0.47866197262260096,0.47777649341369777,-0.13496122025072022,1.0
1249,0.06813903835248385,0.28321024926053123,0.9059849657580985,1.0
1250,-0.9554376238723498,0.08973001886581355,-1.5573598600168637,1.0
1251,-1.2441748036485676,0.6451177371503346,1.6949000856590386,1.0
1252,0.5173077014488667,0.8256885160423962,1.944655754478104,1.0
1253,1.3234844009529079,0.6355627465497738,3.4336060130553103,1.0
1254,0.5211753832960128,0.539787470721911,0.3440235722593663,1.0
1255,-0.8254792243024417,0.41140320560148347,1.1557313802333646,1.0
1256,-1.6463311830446052,0.2763632160050896,0.2830656668670669,1.0
1257,1.118854739272635,0.9475113226305542,5.17879821272492,1.0
1258,0.02510087151970315,0.3376427279026153,0.3087918026104117,1.0
1259,0.1542137274531988,0.6837744491940565,1.4359838675461565,1.0
1260,-0.2825764648771527,0.549446599614101,1.7026185715409219,1.0
1261,0.5912360286872049,0.6408745617203954,2.9126070195532554,1.0
1262,-1.1172468830420748,0.08498058397862474,-0.7751588753420635,1.0
1263,-2.802180461913834,0.05419681800607101,-1.733122598323681,1.0
1264,0.23318045477993643,0.74306281082268,3.0697902979168936,1.0
1265,-0.1531112041407629,0.21658555662832554,-1.0822039495220814,1.0
1266,-0.7983946112977055,0.2586921693530226,0.5643889775392223,1.0
1267,-0.8205791540008875,0.29671604250922146,-0.5600070049226101,1.0
1268,1.3642694499770087,0.9340474359659803,3.6691650299737497,1.0
1269,0.4534092767495338,0.9057638132613695,4.444159869235209,1.0
1270,0.903530685565054,0.4202385631299241,0.13433274454115707,1.0
1271,0.45952082019791785,0.38011782542610917,-0.9659220627279655,1.0
1272,0.01654947677480401,0.9367992083374554,2.8672060622122433,1.0
1273,0.3102794189266821,0.47493524904616274,2.2929231143585422,1.0
1274,-1.1904802791833373,0.4040308801202424,1.695691455086196,1.0
1275,0.11234086916333288,0.2855548235955361,0.40958005563411515,1.0
1276,1.5935965975471413,0.6946555211137586,2.456059385894601,1.0
1277,0.13481518359751632,0.7229632437338037,1.3048811084581138,1.0
1278,-0.25276400110311886,0.4893836163812911,0.4037976474552135,1.0
1279,-1.1911373175813127,0.3740596149016254,0.665802670795396,1.0
1280,-0.7253992766993835,0.37433048732194724,1.7763719295120592,1.0
1281,-0.8907049515732189,0.6834408654714359,1.2956022024835725,1.0
1282,-1.2643084721900675,0.49814045673064006,2.6223606477116146,1.0
1283,0.5353907541261905,0.5119290340412066,1.1744404339253807,1.0
1284,-1.1414014145358207,0.14951616640381185,-0.9207032977469578,1.0
1285,-0.6066038087790381,0.22784184989944908,0.39396605353013414,1.0
1286,0.3508546245818952,0.3684887429064922,-0.03356556748431194,1.0
1287,-0.313029442890727,0.4926044447554732,1.2648341215690642,1.0
1288,-2.568994795163635,0.14610111650094676,-1.9666192877277024,1.0
1289,-0.951637621356195,0.1599733989159875,0.3663880632982468,1.0
1290,-0.5703193606570467,0.46183922221902723,0.7043005917209909,1.0
1291,2.6470017092816884,0.9858144527140452,7.263485444996027,1.0
1292,0.6843478964708434,0.8421096295578515,3.864646104402094,1.0
1293,1.3442915344958182,0.654465115803701,2.025797672578455,1.0
1294,-1.8969514917421069,0.043125998155920414,-1.772538888531003,1.0
1295,0.43814858922791694,0.21819288993846797,-1.544260514760285,1.0
1296,0.040439711572442597,0.4403494653951255,0.3763556186665872,1.0
1297,-0.9704364293069602,0.23245824622157887,0.12434609498694327,1.0
1298,-0.20751390171660933,0.3980160099953399,0.6217895076437372,1.0
1299,-0.6182373565730531,0.04221093212698413,-1.8335178340449425,1.0
1300,-0.9959481258677827,0.20130241660487752,0.9067821009793648,1.0
1301,-0.8523378319384926,0.20939392228793982,-0.33056407892611483,1.0
1302,0.3651651966700995,0.5309351192287264,0.9142010311036632,1.0
1303,-1.0204336730049488,0.3524922159152958,0.4014604998789621,1.0
1304,-0.6589131400811045,0.6788170953119247,-0.8734437598430276,1.0
1305,1.4752776489686381,0.7902004693479493,2.9686151373603833,1.0
1306,0.04904164995471538,0.905435962665564,4.516655241021876,1.0
1307,-1.037435876679462,0.22792959891779374,-0.19223780867757667,1.0
1308,-0.26407505292280936,0.6056805186412707,1.1246591723291217,1.0
1309,0.4673642080461545,0.7312091266231595,2.0790409500883564,1.0
1310,-1.861407058994157,0.0416906004586079,-1.1966063120146002,1.0
1311,0.2708756710512454,0.29533688700169086,1.3687211054888961,1.0
1312,1.4260343324989575,0.8445026992532286,3.9989774507941704,1.0
1313,-0.5068515665854848,0.3035807474167135,0.8367139176035993,1.0
1314,-0.5631133856165309,0.19209729327104155,0.2549927834121104,1.0
1315,-0.5699462012254425,0.8907519557584332,2.446012804889798,1.0
1316,-0.6745677195158569,0.4192588551998815,0.9552348437998699,1.0
1317,-0.7716237964544809,0.618335030400624,0.7193932019805684,1.0
1318,-0.3370694947123841,0.687829489735856,1.8384091836235503,1.0
1319,-0.13284763875183403,0.7362684945875442,3.181159687862328,1.0
1320,-0.1966418478527115,0.6818042052023526,3.638907063175563,1.0
1321,0.006876214693364154,0.6433290692411485,1.8991087620566036,1.0
1322,-0.028137353433895278,0.695408617883261,1.8520512331935084,1.0
1323,-1.4783696621311726,0.24456015273690523,0.41550209332218624,1.0
1324,0.2592578627313305,0.26370307155750855,0.6736379213445373,1.0
1325,0.6378721325389612,0.32515034756240496,2.047771030988971,1.0
1326,-0.37260784202919156,0.5678306123897334,1.2472099336404152,1.0
1327,0.014272792867822175,0.7072337475825793,2.168735144758943,1.0
1328,-0.8006926044430978,0.1349548307920899,0.4872660260191066,1.0
1329,0.8225452028322913,0.9801648292567544,5.009775436314906,1.0
1330,-1.7440193775230404,0.04027681337582672,-4.236624574399877,1.0
1331,-0.8339507938804142,0.039935328939311274,-1.3451737227819538,1.0
1332,0.05061876421542298,0.5152419707320259,1.5931081887877023,1.0
1333,-0.9672503651730764,0.1421436336797222,-0.6994109259364671,1.0
1334,0.7063845760996368,0.7013993353912672,1.746122299914906,1.0
1335,1.83924325862607,0.9808046701409608,5.807791230344346,1.0
1336,0.6375510427931369,0.3778370936481241,0.44057884153409055,1.0
1337,-0.7726078610728273,0.24918613431721737,-0.3820247965576332,1.0
1338,-0.2681982389317238,0.1421794657965742,-0.22889101103209714,1.0
1339,2.154091092939572,0.9682767013753726,5.281218087703712,1.0
1340,0.1891213929162381,0.5253570718292965,0.3968390297918575,1.0
1341,1.119879962768971,0.7722028813891637,2.243452957010168,1.0
1342,-0.4249624880589856,0.5865616054262229,2.465510855491437,1.0
1343,0.07571177305489651,0.288864949311525,-0.45753512533187135,1.0
1344,-0.22710816748961982,0.4310671921742336,1.7435135639927766,1.0
1345,-0.46398150713596487,0.5638290552048661,0.9239907489907244,1.0
1346,0.698268523388631,0.8388873414627834,3.8245433700674374,1.0
1347,1.579161904738352,0.8972971921093097,4.13690780686946,1.0
1348,0.9209790239638763,0.7807858853898223,2.4881836987012247,1.0
1349,0.5193529685590738,0.3582887294533456,2.563847911620363,1.0
1350,2.01545584710968,0.8284057028075165,2.5017025373408863,1.0
1351,-0.3101710748644856,0.5217705089201411,1.3679263167470237,1.0
1352,-1.955716055887732,0.1830395510183729,-1.3681282940666866,1.0
1353,-1.818279749385327,0.5751605150658886,0.2813661046476214,1.0
1354,0.4795357747362346,0.3281054014450557,0.7642627560730999,1.0
1355,0.9391226069093153,0.5917436348619519,0.6315893235118639,1.0
1356,0.8947888829553953,0.5552303478948272,2.0588133997772484,1.0
1357,-1.0437982948804823,0.21297652562481215,0.2513788892527806,1.0
1358,0.5473479650322484,0.5595898085309156,1.8066898574967123,1.0
1359,0.16985448070722395,0.7678344034756656,1.9655906973159327,1.0
1360,1.9562813048755268,0.9685717732756467,4.721261830454148,1.0
1361,-0.5732023570809814,0.4631964672486656,0.6050396746999009,1.0
1362,0.6244620463411804,0.6574484828904713,3.2963824742970336,1.0
1363,0.5497524898335815,0.40658366984947775,0.32801757889627126,1.0
1364,0.19288353799224098,0.04604326097204416,-1.8167083451679082,1.0
1365,-2.18422271918085,0.08500357771830364,-1.4403924123684069,1.0
1366,0.3797142371178007,0.7179513172333402,3.047084788108932,1.0
1367,-1.7100512075222105,0.25476704072885786,-0.34535186038641635,1.0
1368,0.607605679959386,0.7407962193839528,1.4227975534490227,1.0
1369,-0.41850322197428436,0.7516499165330935,1.4245540476033032,1.0
1370,-1.3101597017408217,0.8048779887239335,0.7033186810799127,1.0
1371,-0.7744594796376488,0.756833465273614,1.7188942243449499,1.0
1372,0.1994067894556394,0.32075725596130406,1.3647358726114565,1.0
1373,-0.6270865114285976,0.5490641458503989,1.3181356902671266,1.0
1374,-0.44144331684104937,0.7442416933298747,1.4597923339903334,1.0
1375,-0.32192348588473285,0.6087954207463557,2.7539558651669354,1.0
1376,0.5997370127676699,0.5631707463651734,-0.2721646612255222,1.0
1377,0.26693451974904386,0.6991497282112618,1.3162940263301173,1.0
1378,-1.4699817329781726,0.2089800499440202,0.2540200025745598,1.0
1379,0.2936846053592905,0.5137405910501749,1.9807864561636999,1.0
1380,-0.13342815717354278,0.2594568007843396,2.3448811099015407,1.0
1381,0.2652222007610778,0.47232581514800454,2.113164656494714,1.0
1382,-0.3349068436846555,0.5582938969464948,-0.10289287216884513,1.0
1383,1.0848457752126788,0.8593378430333,1.7860675157520838,1.0
1384,-1.3158225138427821,0.14233048218525565,-2.2546047202588615,1.0
1385,0.2148726122420983,0.517506714428277,0.953679564086322,1.0
1386,1.0833858679045374,0.8421510878185852,2.9098832932206373,1.0
1387,1.4608550031998062,0.8809404333887241,5.29036017879376,1.0
1388,0.2968203013412055,0.5678841946782005,1.8523755398858488,1.0
1389,-0.15930617160230615,0.43087497187151824,0.14617497295051463,1.0
1390,1.9625434926189371,0.9686630311160644,7.4794182758289285,1.0
1391,0.7374406922216233,0.36347041680556996,0.8513826188577257,1.0
1392,1.071789493496724,0.3931397354186007,1.4774014415797327,1.0
1393,-0.20772488978056095,0.4681593108083532,0.7690499747115815,1.0
1394,0.20637567407590496,0.879694095554893,3.318428978615663,1.0
1395,0.7124788764531081,0.6266182966378627,1.8849657069163093,1.0
1396,0.4340585963745899,0.722388111556709,0.782304601451671,1.0
1397,-0.7353649825873324,0.4299383536593734,2.4289356214350883,1.0
1398,0.15586023646558383,0.6779251284109293,0.8987385810871088,1.0
1399,-0.25636945026507746,0.9013185459583567,1.535243903114344,1.0
1400,0.3478865975622567,0.5277784995919186,-0.4022856165994282,1.0
1401,0.7395518705393272,0.45312623986794875,0.9973096962130708,1.0
1402,-0.6410091306716841,0.6337004584235094,0.5552837298951107,1.0
1403,-0.6000009366651844,0.8398888882056263,3.282000528844108,1.0
1404,-2.7522947201263923,0.0757699990319812,-2.5181502656186474,1.0
1405,-2.171426208881431,0.029208939616618617,-3.2246167031080173,1.0
1406,-2.0880207491386007,0.14801690709764162,-0.7642108609807365,1.0
1407,1.2904922581370986,0.9629109732273835,5.444601696083407,1.0
1408,0.8183020227305126,0.882327012609772,2.391848114488964,1.0
1409,-0.36122033367204825,0.6695269445936983,3.066020021438227,1.0
1410,-1.1637277700655662,0.20417689289604343,-3.4598333855756227,1.0
1411,0.01628866038885138,0.4108129652732261,0.08640906968411921,1.0
1412,-0.12424532967502934,0.5145849119682215,1.5389724735448205,1.0
1413,0.7427025189624996,0.3789008636035718,-0.3889141002144969,1.0
1414,1.6443158635239141,0.7410927470926845,3.7374267554040395,1.0
1415,-0.734961365820602,0.10474295206401506,-2.782873208449351,1.0
1416,-0.5491730247856746,0.28965203588937355,2.175532976221973,1.0
1417,0.27507366121449583,0.383252609346741,0.2521111147089068,1.0
1418,-0.647044972926901,0.5701824022261641,1.9020058286600783,1.0
1419,-0.18112452468950863,0.5058749414269136,0.9851560966214064,1.0
1420,-0.37160237672293833,0.2083116762304049,-0.4100022267589613,1.0
1421,-0.8266675656408934,0.10105381946454263,-1.8491639265381146,1.0
1422,-2.450289161913344,0.06986681230780559,-3.379663647237792,1.0
1423,0.5750376367175298,0.8260817511823855,2.682415040784039,1.0
1424,0.19581183457575144,0.5484708692146155,1.4251219021425985,1.0
1425,-0.9293339621763117,0.3554671761165183,-0.10022075004243367,1.0
1426,0.6435696997473923,0.60793972099629,3.120608147529449,1.0
1427,0.3405267203731275,0.5957555700765851,2.6056786893537427,1.0
1428,-0.6400272059987437,0.07920292286759473,0.018091855106279642,1.0
1429,0.5160616765607572,0.5214785535938559,1.068772642198399,1.0
1430,0.20801812208485113,0.7628909703081639,2.381238084816717,1.0
1431,0.9629916045321186,0.6548308580707726,1.4320828537104355,1.0
1432,0.5000288972911466,0.6783477075471701,4.2701557489535125,1.0
1433,-0.4654200972032287,0.3839242771616706,-0.9376353138225197,1.0
1434,0.9968723020399759,0.7583200557672524,1.0895493455573562,1.0
1435,-0.9894737117807278,0.20182518287615434,1.0831254973893805,1.0
1436,-0.5319683603250975,0.6190577387978223,-0.30974649266077003,1.0
1437,-0.14153112154875722,0.3794825152150416,2.04010809896654,1.0
1438,0.22048343892641506,0.9366896269072761,3.0130341980881097,1.0
1439,0.4990412112086595,0.5527370028265118,2.3797128422809095,1.0
1440,-1.5629308980138954,0.1197531594243888,-0.9591290056898736,1.0
1441,0.6915839545924619,0.5037768096429686,0.5434557538083128,1.0
1442,-0.46695360786104895,0.33156246688377566,-0.8017583329412139,1.0
1443,0.1854342599946181,0.35413977029208,1.3302893392586794,1.0
1444,-1.002846765373273,0.815207644443728,1.4350774317692423,1.0
1445,-0.5914811091806677,0.5667925323015738,0.7299311525187377,1.0
1446,-0.2416805333829038,0.2478989949450984,1.360559662721388,1.0
1447,0.5135818816105457,0.4019316086519488,-0.032164630665384,1.0
1448,-0.43255930100398815,0.39310624835313707,2.4691406046173054,1.0
1449,0.23848967263602713,0.803227644238231,2.119830109244864,1.0
1450,-1.5289726490548012,0.15427008600481545,-0.9014205176390055,1.0
1451,-0.5352068681439336,0.4629953138358606,2.8478837964050627,1.0
1452,-0.5419047530777965,0.5638937906726517,0.2504651083959736,1.0
1453,0.14493351160207496,0.4553752649011514,1.2052967311645633,1.0
1454,0.12517618936197608,0.8761080781217989,2.9248262405990104,1.0
1455,0.966912382781628,0.8632159736308047,3.662147832399835,1.0
1456,-0.23235643369053424,0.8021476095848922,3.172093598934992,1.0
1457,-0.24981003586551995,0.3804861900649178,-0.008712092896797197,1.0
1458,-0.7061292009693204,0.17874212966421502,1.2491314343778193,1.0
1459,0.3712912433848211,0.47026888976359366,0.9780365543775675,1.0
1460,-0.1198811086810128,0.5129838602186017,1.6154511117266557,1.0
1461,-0.8246008929063534,0.22340383783656842,-0.23312410963439567,1.0
1462,-1.914303275685527,0.34153111881986237,-0.3779765753730102,1.0
1463,-0.07491940785708057,0.9432924985670845,3.223102559551128,1.0
1464,0.7426418518612408,0.737767240404008,1.519923528822376,1.0
1465,2.7919188253370617,0.9761773502554383,4.656198432397868,1.0
1466,-0.5298218708203096,0.6330740101593342,1.3456979685921038,1.0
1467,-1.014732672859875,0.5561749311261186,1.0479199010513667,1.0
1468,0.8388475054599803,0.4838779957209005,-0.10516744623367513,1.0
1469,-0.4528024888788015,0.3972418830622111,2.2710757276219997,1.0
1470,0.5854185844267951,0.6878132806194063,0.8588353352818119,1.0
1471,0.8667399460055106,0.7195168015257158,2.034233171723489,1.0
1472,0.16046235386078486,0.28680314956878733,0.08612022570091765,1.0
1473,0.2092652923517808,0.27347989366411174,2.0774951683680465,1.0
1474,0.27019626054596063,0.1951675703344894,-1.7759345342474924,1.0
1475,-0.39612023898002374,0.26081541465713876,0.07699593433511784,1.0
1476,-0.15355650782343874,0.8472298514535785,3.3085328788123567,1.0
1477,0.4603481013563018,0.3829758868508725,0.889208990041463,1.0
1478,-0.6572419473908736,0.4829063852672205,1.1253777164671137,1.0
1479,-0.9386333262998485,0.24205739900322393,-1.5721953802168176,1.0
1480,-0.8919809376741759,0.22939061508839262,-0.35067747597796495,1.0
1481,-2.9987256010165106,0.01714123148637149,-4.369523216218495,1.0
1482,0.7985571645156759,0.5366689170475267,1.93708225238484,1.0
1483,0.4709795754289185,0.6234790421163396,2.09853343795592,1.0
1484,-0.7482477992039895,0.3109476400326131,-0.13261602335570766,1.0
1485,-0.9460805600104422,0.06180124335510429,-1.5446122320874816,1.0
1486,2.2816831810762532,0.9770893010775645,5.293636810585614,1.0
1487,0.6328947363045453,0.3779803875928348,0.9419147946257803,1.0
1488,0.3632026103830799,0.504979526181205,2.922495802442686,1.0
1489,-0.32772756341207043,0.37039353712207684,-1.6009600543125235,1.0
1490,1.5117453597824315,0.6022687172521909,3.1560613877130517,1.0
1491,-1.9608838454418573,0.38373540750382323,-2.5062323683042123,1.0
1492,-0.6451695300187347,0.24918951863732283,0.19289403445121928,1.0
1493,-0.1674678310797902,0.6073577216863133,2.863628109111639,1.0
1494,-0.05550487322800617,0.7508624117078887,2.9890131892495932,1.0
1495,0.5637319522924356,0.580059786730181,0.9351050114814359,1.0
1496,-0.16796664338595466,0.8084203935077717,-0.11523993427303836,1.0
1497,-0.19693720800148812,0.6061554548891274,1.7072692660527178,1.0
1498,1.614639656226217,0.8237002452349345,5.094115772418832,1.0
1499,0.1039142895427876,0.30514896278652687,1.265650393482702,1.0
1500,0.319939727913342,0.666362688212221,1.4463662496603011,1.0
1501,-1.859570837588435,0.3752731918711667,0.25159844090636185,1.0
1502,0.6315835108383832,0.5301539281537535,1.0820467575361765,1.0
1503,-1.0208921217941542,0.27274310227896464,-0.11809883712637836,1.0
1504,-0.42728148594657395,0.7153779616419034,1.659737630527982,1.0
1505,0.754362347184809,0.6357890347499574,3.941895869380912,1.0
1506,-1.6374835328259885,0.053497356873835236,-1.1688439370872488,1.0
1507,1.4711583049941586,0.8557064159458551,2.908603307582713,1.0
1508,4.186030771555009,0.9872190430215831,7.255873944473047,1.0
1509,1.0258521323633902,0.7457318107593274,3.046182342266533,1.0
1510,-0.48939177440830123,0.31768184673192035,1.4194808627557793,1.0
1511,1.7203958344679102,0.8604366265873306,3.4997476747052314,1.0
1512,-0.9110106490553646,0.20147393471944086,-1.1864110147522244,1.0
1513,1.199247817857065,0.8999837310117033,3.629508801240468,1.0
1514,0.18894060552869982,0.8539368003557407,3.190999825038684,1.0
1515,-1.2728055408094097,0.17240052916786833,-0.5878407449413638,1.0
1516,-0.3155857110798153,0.26702056865842966,0.06339224813010448,1.0
1517,0.019253434415424247,0.3958489264952579,0.9189420115383492,1.0
1518,-0.5694782909782325,0.4545109529994078,0.22811715711682679,1.0
1519,-1.5965576936602142,0.1272332443549022,-0.1433584270033741,1.0
1520,0.8031207339357062,0.8293834953201147,3.343487267784746,1.0
1521,0.5820123867923109,0.8249738181660586,3.7253934712904657,1.0
1522,-0.86638639766464,0.2199340919274926,0.4161406496435036,1.0
1523,1.5528422848626864,0.7888677861832736,1.71952702668481,1.0
1524,0.006470582391148535,0.8268132241375518,3.0110943723144077,1.0
1525,0.21882053374738145,0.6166908168304103,0.9228203808878968,1.0
1526,-0.726591427032176,0.5650435759883425,2.0038263418027094,1.0
1527,-0.3792392520940245,0.2873287761817978,-1.1304744677512217,1.0
1528,0.8439061524465137,0.9464814837685719,3.184273908060371,1.0
1529,1.050061984573758,0.9164999079776526,3.303941937717653,1.0
1530,-0.36436703447553553,0.524943475503506,1.3177634079700045,1.0
1531,-0.8168609445540989,0.4040522187570984,-0.9110475130208333,1.0
1532,-0.45805688830701935,0.24535638093455414,0.3945424607222393,1.0
1533,0.47958410635721843,0.7108913139842167,3.177334681916163,1.0
1534,0.4176558373806439,0.7006892743838532,3.390407399842408,1.0
1535,-0.3735589125975321,0.13097049867477903,-0.6318803510541322,1.0
1536,0.998785753146414,0.5631732827078598,2.6666882729705583,1.0
1537,0.6998042333977411,0.5127487547013093,2.4884186352875206,1.0
1538,0.3593107287418659,0.2499885079867357,1.4059848809132698,1.0
1539,1.997545240275289,0.6500649859617089,0.5142159686133856,1.0
1540,0.5273718843580204,0.8746177958979046,4.2666784199751095,1.0
1541,-0.9454223972480066,0.5605500929320584,1.7262532879725265,1.0
1542,1.515867277291295,0.7356566938180594,2.3770358496702473,1.0
1543,-0.5255933896083708,0.6021985954903489,1.6864326727047343,1.0
1544,-0.9827024127906945,0.8041113968596484,1.8752694621444816,1.0
1545,-0.434140373272218,0.2917225554999529,1.0042535062245648,1.0
1546,0.3293063843321645,0.6959628818276253,3.2812854310186133,1.0
1547,-0.9605527364171119,0.3729643745090678,-0.24727031015027817,1.0
1548,-1.3383156568901369,0.14383243607477114,-1.1439425779289818,1.0
1549,0.16953544796999767,0.5967636023504944,0.8344152410519106,1.0
1550,1.1150287601603337,0.9064513516407199,3.7853676034000454,1.0
1551,-1.1719088052110498,0.15787086740726994,-0.02149970757897457,1.0
1552,-0.17086169887688116,0.6356280414912426,2.102763276919841,1.0
1553,1.215565028684089,0.8577723598234122,2.741633370307813,1.0
1554,0.3756486188236402,0.6401847364905421,3.1736556833267175,1.0
1555,0.08225586315388266,0.48469373868041776,2.064799958409461,1.0
1556,-2.047352542846748,0.07044836718820469,-2.0854473912865785,1.0
1557,-1.0744408271438588,0.3883831597828851,-0.34620784118759146,1.0
1558,-0.5359016313603719,0.7074036471946987,0.10758099103780627,1.0
1559,-1.4774062997253468,0.35283303129529126,1.7692738361895621,1.0
1560,-1.1391137259172515,0.12673021375443275,-2.761862786289098,1.0
1561,1.251303788379664,0.6545014177863764,3.396408412993348,1.0
1562,-0.6073720373389528,0.6303186224840921,2.7509568711141696,1.0
1563,2.734286772461621,0.9113346848389317,5.211757212689558,1.0
1564,0.3466139582617023,0.5938945133069616,0.7158612857773231,1.0
1565,-0.3326978385496321,0.3302827328777757,-0.629267587626531,1.0
1566,1.6065298722484695,0.8717471381030459,5.284597636675726,1.0
1567,-1.05365263324783,0.38767480649001584,-0.4771217295301454,1.0
1568,0.9374046993055363,0.7197631210578379,2.7875336320074617,1.0
1569,0.3180794932497813,0.7042374645419688,1.7158297120055113,1.0
1570,0.6723084609402944,0.5466800152025386,0.9628388029880185,1.0
1571,-0.16331960352147465,0.4839322334075502,-0.07172718447809379,1.0
1572,-0.10516714274784192,0.7097447345250171,1.1674009478987437,1.0
1573,0.17856865185596543,0.8085605137225969,1.8194018561024103,1.0
1574,0.23001423283653188,0.7496074725979154,-1.0622808486581046,1.0
1575,-1.8334083605682356,0.04881656668920679,-2.02507183064603,1.0
1576,2.0523086470215723,0.6762643702492152,2.7584035983139943,1.0
1577,0.21184944622176394,0.27666215137442407,1.6811063411970033,1.0
1578,-0.8035801076028882,0.2169980224645803,-1.6651639785154364,1.0
1579,0.16810474042416101,0.8676982447111257,3.743836763886133,1.0
1580,0.14060935490527696,0.5928960429361912,1.5479455181265696,1.0
1581,-0.6625865684066257,0.43041876414471236,0.3150960802793863,1.0
1582,1.0890230471083657,0.8008558101196228,3.6964214043549326,1.0
1583,0.4950547069309602,0.12970166782987239,-1.0488640325941252,1.0
1584,-0.008441711028600215,0.4889888681487894,0.15313454134317905,1.0
1585,0.7476952671732354,0.5844332358739908,1.2055162393866998,1.0
1586,-0.7136153360453849,0.8016058080660667,2.5528614085833183,1.0
1587,-0.6315611160410645,0.1119072951332415,-0.840300401647424,1.0
1588,2.0470475771544194,0.7987288103424967,1.3505252423709675,1.0
1589,0.339641873577574,0.7379468115988034,3.179439597937967,1.0
1590,-0.20242401728748516,0.5550216973607225,1.2683361054781601,1.0
1591,1.239977652877901,0.8853880800404599,2.9647656353801772,1.0
1592,-1.628175054173139,0.15368749290607375,-1.8989017381144353,1.0
1593,0.8221439186050215,0.5061161801929908,1.9590071171498395,1.0
1594,-0.21657788723621574,0.33984703832300106,-1.5922956879232497,1.0
1595,-1.401411370149423,0.1320078970836338,0.5912545776553055,1.0
1596,0.6758213775006913,0.21402332850246658,0.04652222487641239,1.0
1597,-0.15509160247793077,0.5253124585980905,0.4689776596973315,1.0
1598,-0.34979927080915996,0.359119031362887,0.5459500286166875,1.0
1599,0.7423882163697444,0.9015013952281213,3.497428253169894,1.0
1600,-0.3327617652924524,0.6879708350756155,2.6365022658329234,1.0
1601,-0.29257874285934216,0.6801876834909101,1.7022452001558197,1.0
1602,-0.11078897178497522,0.6589077485773708,2.794549419861874,1.0
1603,0.2770436309060132,0.6327217434429836,1.8666558836711316,1.0
1604,-1.2267584419851898,0.15942618723147906,-1.4492146842055573,1.0
1605,-0.8466510492266935,0.3100076785585682,0.4041778664582139,1.0
1606,-0.8140170438726674,0.2777663532095326,-0.7533595425315393,1.0
1607,-2.069161371293938,0.23658626821026338,1.2421144041906944,1.0
1608,0.4766597797971658,0.748615470847141,1.929538847157304,1.0
1609,-0.0227435929952362,0.6163233369945297,0.409936835697154,1.0
1610,0.3020078454769869,0.7497539383050853,2.726944920468009,1.0
1611,0.6805545352690974,0.9575333563076739,4.972332634469774,1.0
1612,-2.141552859372109,0.21488008469298336,-1.6360316493787943,1.0
1613,-1.577004023471211,0.737122949153541,2.5477069978728033,1.0
1614,-0.253525765811192,0.509706372562336,-0.6399790960128455,1.0
1615,-0.3204993174378874,0.21277788082121388,-0.13042597010987647,1.0
1616,-0.28408269990791246,0.16095422406325616,-1.3981951394042549,1.0
1617,0.273022257436908,0.7119246886766768,2.1955408960627736,1.0
1618,1.590678013053501,0.793462123196074,4.316048774682934,1.0
1619,-0.13185107877371963,0.5484999890561137,0.5316683279715803,1.0
1620,0.8390481715152112,0.17913814211767942,-0.13114386021450586,1.0
1621,-0.1695587705983533,0.6811271686914208,1.978264191120254,1.0
1622,-0.7543514955042322,0.4323309249296097,1.8199932425982734,1.0
1623,-2.1669775755945677,0.0767540541013394,-3.08015609791369,1.0
1624,-1.185540620272596,0.12831450578557882,-0.5528554281982963,1.0
1625,-0.31596957928096786,0.3514943526342884,0.2105574370469407,1.0
1626,-0.11464638427700383,0.2838489433019076,1.0574394805050198,1.0
1627,0.7729428139132577,0.7304550118230129,3.723499210975165,1.0
1628,1.6734970660875,0.7095231405762228,3.9792615167622065,1.0
1629,-0.06816182468638544,0.403707314396535,2.2599526489060118,1.0
1630,1.7706633869348434,0.9742125627215371,4.398393016014539,1.0
1631,-1.1999940572230636,0.22880714765209903,-0.11849967505487496,1.0
1632,-0.7901474479707662,0.3523686130956594,-1.651886595138517,1.0
1633,-0.5985462813612304,0.4227567742943771,0.7689830270540764,1.0
1634,1.5134317960459518,0.8873633395439959,4.370665262815057,1.0
1635,-0.5265507349513003,0.7702861296822792,1.3830390892485585,1.0
1636,-0.5986882483505638,0.3994879350920474,0.10134115840788094,1.0
1637,0.6342505188364712,0.7028307419599208,2.9801506321871534,1.0
1638,-0.5835006841023684,0.22944681022436647,-1.4591577058969243,1.0
1639,0.8969181862070088,0.8558220098012037,3.6574404035899577,1.0
1640,0.5457446271117993,0.635796595164653,2.340438502299054,1.0
1641,0.9837538798083724,0.8918923820086054,3.5066583873667083,1.0
1642,-0.13686499441813477,0.5701833784262114,3.3439231630735065,1.0
1643,0.9092576272992611,0.532976042473961,1.701547221483018,1.0
1644,-0.19476736279159468,0.3827773677046777,-0.4430956927906524,1.0
1645,0.6303068758343855,0.5096998327918278,0.7553066577213305,1.0
1646,0.24606609042242325,0.9001753425469041,3.80398073640581,1.0
1647,-0.411682756141494,0.7035395415793754,2.6961765759508696,1.0
1648,-1.2100590411177974,0.5508887136779764,-0.17362165413556807,1.0
1649,0.7316084972098341,0.8486105812378798,2.573598713551082,1.0
1650,0.6600985650559045,0.7758268781895125,2.3629653052996265,1.0
1651,-1.223612219744246,0.6107374090151135,-0.231805880065155,1.0
1652,-0.6528206932393068,0.48841396723048913,0.29991009944756625,1.0
1653,0.08734687522970433,0.2317736358921185,1.5766484507912146,1.0
1654,-0.264691758243458,0.827270938429589,0.9396406389696033,1.0
1655,-0.7960442253439195,0.10849575488990706,-1.4983740106502266,1.0
1656,1.2790276354080907,0.8656132511869821,4.553644537001606,1.0
1657,-1.1578656020958262,0.36462036205586257,0.15592163294465808,1.0
1658,1.215821618273005,0.7537490843283374,4.364323454030748,1.0
1659,-2.221412994384534,0.13607555573184493,-2.0925571815642647,1.0
1660,-1.4270218739390657,0.40980812348835755,0.3103273834031139,1.0
1661,2.124484630731423,0.7174730526358784,3.053298823706193,1.0
1662,0.1564951917005387,0.6799419148943883,1.2017803508188085,1.0
1663,0.24337816915665614,0.6872226838918656,1.4383245371356188,1.0
1664,1.1803413570834886,0.8862289639348664,4.831317333461782,1.0
1665,-0.07212845696870412,0.5363937594918007,0.6719523603812497,1.0
1666,0.21040246300536206,0.5890967591501771,2.0889364886802393,1.0
1667,0.4274893209794381,0.8639184443129729,2.0113042448626097,1.0
1668,0.259113953082354,0.8000058715094127,1.1785675157257882,1.0
1669,0.543349350872032,0.7990918270802643,2.486906688158416,1.0
1670,-1.0191672156688503,0.28484252379004926,-0.3248585356516483,1.0
1671,0.4417757479012426,0.846384088417124,2.3857670787052974,1.0
1672,-1.4459276447182166,0.28127241836482625,-2.2704077185961595,1.0
1673,-0.2486938398757917,0.46938381836006543,0.2984202665836475,1.0
1674,0.8473834137862886,0.8217707515582852,2.8357600948602375,1.0
1675,1.8886329264088806,0.8330695554654395,2.3323415251520814,1.0
1676,1.3478563796719394,0.9845396145637693,6.63989429874837,1.0
1677,0.3947346028964283,0.6153884515267867,0.6164976020369832,1.0
1678,-0.39440251161781686,0.34565597185869784,1.8653171115353584,1.0
1679,-0.3273064249344868,0.5748950339577832,1.6846885109171903,1.0
1680,1.2348853572163927,0.8356538678783036,3.014516980897179,1.0
1681,0.7083574760415109,0.5003573639075901,1.0485242547731723,1.0
1682,0.3631242849931969,0.5518050989251729,2.1230816285048486,1.0
1683,-1.2288240905018701,0.5102283133812116,0.5211672752344843,1.0
1684,-1.0162689553095625,0.202457008044473,-0.25424141156831453,1.0
1685,-0.5819108994846967,0.5677039235236776,0.5807682954490442,1.0
1686,-0.896531436173692,0.16330619239187247,-0.2328853869096753,1.0
1687,-1.3899268307294534,0.29610226894922054,-0.2697984286441895,1.0
1688,0.054098429233973414,0.8311743777816605,4.615042213515787,1.0
1689,-1.637664853202824,0.274214696395738,-0.09085854787417846,1.0
1690,-1.288547509129335,0.20565253558619848,-0.4414675526465317,1.0
1691,-0.7214797591562975,0.5252857951330431,1.9193547338790973,1.0
1692,-2.3218578789897477,0.16554391561005,-0.7578002225638475,1.0
1693,0.5777030892534095,0.5742141694949883,1.8871685698169034,1.0
1694,0.706429769352542,0.6338873360881228,2.6228701725187973,1.0
1695,-0.6572768349372061,0.25396701290652307,-0.9739163189816932,1.0
1696,0.025854255079364483,0.40865705450229695,0.8227135325309091,1.0
1697,1.8254258918648283,0.8624688939700118,2.6002593990908847,1.0
1698,-0.810843398086915,0.6055828766995902,1.1420350127993442,1.0
1699,-0.9566648593360463,0.26418754020562485,-0.6895257148508495,1.0
1700,0.2560822513509795,0.5813513032949451,1.4565214492070429,1.0
1701,-0.6434229505918058,0.28497168419295177,-0.5044919665399563,1.0
1702,-1.4245412997159406,0.01984457461869294,-2.8298009236495854,1.0
1703,1.805678794473119,0.4865522191042427,2.104177085936895,1.0
1704,0.12440845245041182,0.3608907587045865,-0.34324030697368113,1.0
1705,0.16338848296949995,0.4546360224539909,-0.4003262147256148,1.0
1706,-1.2234254063277918,0.16031998920628174,-2.401968194815697,1.0
1707,-0.6183190335086672,0.30754975814375,0.9841031966975906,1.0
1708,0.33497123376741933,0.32138320294956346,1.4032472642917084,1.0
1709,-0.05217704213896184,0.3749911651365153,1.341511096493877,1.0
1710,-1.4193957622162083,0.106068573128977,-2.6677160435832987,1.0
1711,1.136210772267966,0.5548864062542717,4.163123438959211,1.0
1712,0.3752810487430599,0.26172720056603616,1.150216419699042,1.0
1713,0.5356682027559134,0.39973404702733983,0.9289859641197602,1.0
1714,-1.148459764761988,0.1667605920730167,-1.9985340588369316,1.0
1715,0.025786689317654526,0.4616318896026171,1.7141709829051557,1.0
1716,-0.05816265536567517,0.7042572075689789,1.8609142305962156,1.0
1717,0.44667246336392996,0.28263266605078036,1.8447504352525241,1.0
1718,-0.14226942834829243,0.28286466180626213,1.2209442214072928,1.0
1719,-1.720400673496717,0.05350152448626076,-2.2466017977088057,1.0
1720,1.6488991260745238,0.7386007036707605,2.2357423156367364,1.0
1721,1.5743084682658144,0.6436112208773893,1.8809548904995044,1.0
1722,0.6260920602952013,0.5086400153458934,1.6833907309838927,1.0
1723,-0.48761765500877763,0.8166708390570183,2.416660576306797,1.0
1724,-0.2195272734563882,0.1641811910808725,-0.96050213766445,1.0
1725,-0.3396598246780566,0.09276114569799446,-0.10274842340445389,1.0
1726,-0.1886051347921037,0.5689321838326058,1.608932571357152,1.0
1727,0.18751438727844283,0.3044527116076134,1.8084937126273004,1.0
1728,0.27429536321202674,0.3856209190012658,1.2395954270511949,1.0
1729,-0.07884783807879549,0.36064312596664116,1.0456269734754255,1.0
1730,0.10306660301060548,0.5226370630532878,0.9942445641788116,1.0
1731,-0.6729216010725819,0.8240387638694204,2.1252029234826306,1.0
1732,1.0514796506355248,0.6932518869835254,2.7576303502851034,1.0
1733,-1.3448717201069271,0.4182038483823384,-0.07611172357545704,1.0
1734,0.49198478908678417,0.551117994055181,2.3854569912472257,1.0
1735,-0.21960179076771164,0.25334078603219623,-0.0015782718994831121,1.0
1736,-1.3857747881348308,0.4525172512256214,0.3063731428395322,1.0
1737,-0.9182406524751948,0.04329050546438746,-1.2063725786902575,1.0
1738,-1.2528163964992272,0.3917408775369992,-0.6908357051569536,1.0
1739,0.27030173964612264,0.4295501821938537,1.0500764164766276,1.0
1740,1.3732141246312883,0.53149252887878,0.48609137709674255,1.0
1741,-1.4634989876064988,0.2486862643543485,-0.5592622681165745,1.0
1742,-0.34163139858358316,0.5534828826287395,1.4599866491505447,1.0
1743,-0.31562357075753744,0.42666790124693393,-0.23915949261678293,1.0
1744,-0.3983910958143535,0.40489949794176794,0.7938989019238951,1.0
1745,1.328735606580158,0.7876596890458297,3.8670667202477684,1.0
1746,0.5977884017050298,0.5507172798445739,3.4256819449702447,1.0
1747,1.4695265682638043,0.8468480811084204,5.303041283198299,1.0
1748,-1.1303828883578009,0.3493138775069911,-0.5944395672042389,1.0
1749,1.1628000163065366,0.8953081761230484,2.9617783461193437,1.0
1750,-0.19660566952946829,0.18923092428902277,-1.5151792551719903,1.0
1751,-0.7307698260698643,0.11538353956713142,0.36371370803061187,1.0
1752,-0.7900206652997435,0.6928110720879067,1.0434718658179438,1.0
1753,-0.08839911926381575,0.15619141941022416,0.7946853138985654,1.0
1754,0.1501773189366686,0.3506518934621921,2.280400130663128,1.0
1755,0.7458729402156902,0.2881542648945249,-1.4260880461553886,1.0
1756,0.2695365193224623,0.7055735330378178,1.2907354082147906,1.0
1757,-1.4533740869693739,0.0954962003780419,-0.964211287468187,1.0
1758,-0.3294400552383152,0.22095416722758277,0.38927538602496053,1.0
1759,1.223823198415079,0.8750688917207069,2.4912511192171953,1.0
1760,0.8388902827416049,0.9758135005778519,3.9447185058952234,1.0
1761,0.2899082560695201,0.46693254907514226,1.7487579202438601,1.0
1762,-1.8325496625338953,0.04308348918568309,-3.129843005314087,1.0
1763,-0.6290943488512328,0.2969312342139282,-0.008653735204477223,1.0
1764,0.6087300524526674,0.8899234863692148,3.1316181132091994,1.0
1765,-0.8203467941933036,0.29430778707421873,0.14704692260658148,1.0
1766,1.5110128691031688,0.927602845385925,5.737330998378696,1.0
1767,0.48070082117578583,0.5647571391366243,2.379982500824244,1.0
1768,-1.3039520942719538,0.12645919490995144,-0.29099689414737173,1.0
1769,-0.300243159007396,0.8370190479811512,1.9127690847406844,1.0
1770,0.7097914027309032,0.9235555371723815,4.1945898918190005,1.0
1771,1.2164469805329012,0.8395104657609844,3.390464730338724,1.0
1772,-0.7800452583310319,0.21666966810154437,-1.3788844545585421,1.0
1773,1.1278380625115867,0.4256149441257474,1.4953255021744787,1.0
1774,-2.142747039429777,0.08305517364705944,-2.9124978698180453,1.0
1775,-1.0072556758181708,0.6208632270091429,1.5637318188056744,1.0
1776,-0.3962972399798158,0.37626569507276836,-0.5201001275430672,1.0
1777,1.3788286887468566,0.7036168358129852,3.0932004485893545,1.0
1778,0.7009637867160606,0.8998463164372812,2.1738806941909123,1.0
1779,-0.6515888199583036,0.5533204548893136,3.505599024414799,1.0
1780,-0.7969423161201717,0.29809630729415004,-0.015607996850792331,1.0
1781,-1.0350069567243811,0.339743782912313,0.681628176982497,1.0
1782,0.11353617764051507,0.7824390306105371,0.9673744948209992,1.0
1783,0.4728675552612584,0.39208791209954735,0.7887932636454802,1.0
1784,-1.6845097489618954,0.09018893939593525,-2.856337811823274,1.0
1785,0.9408683414885869,0.6522507746581712,1.8174378846925805,1.0
1786,0.5334307970490476,0.6046987160620597,1.616182248846323,1.0
1787,1.4840421484364938,0.5662634269313067,1.0002932727973741,1.0
1788,0.43297616929827043,0.5037666602495268,0.9199654916321343,1.0
1789,0.04010616463764691,0.4048419592136862,0.7510119345010605,1.0
1790,0.2743212185636696,0.14772742970969407,1.8613642939066324,1.0
1791,1.5160572467025422,0.9639295035430575,4.177444241514255,1.0
1792,-1.010926845211252,0.19242629465596134,0.18683355140403612,1.0
1793,-0.31800060113323186,0.5402463647398633,2.3421660755097773,1.0
1794,-0.8251756756984445,0.6504583387703918,0.3091537062058828,1.0
1795,2.1634542264023016,0.8922202267457713,3.0983043950375184,1.0
1796,-0.6602106972702547,0.570432232842991,0.7752460783638271,1.0
1797,0.33117845102735644,0.442193711666118,0.2570221482995346,1.0
1798,0.5440317368140449,0.1912890573353622,0.7065154472761265,1.0
1799,-1.5671395634536176,0.223243345498309,-0.35452752084302047,1.0
1800,-0.0065029189363168165,0.26627311858113534,1.873066123193028,1.0
1801,1.3394655760984688,0.7974090725036875,3.5693772762624643,1.0
1802,1.6414605719650701,0.6321555633025411,3.4286109917578873,1.0
1803,0.04959188613492428,0.6866626119648875,0.3401305407754516,1.0
1804,0.3190919741485939,0.7171502992331851,4.247015230759768,1.0
1805,1.2546064746394388,0.5069772928734868,2.8331523802133467,1.0
1806,1.7366207644626463,0.9507980041000078,5.490037435074829,1.0
1807,-1.0363217272789123,0.11075261670451955,0.47168173269741565,1.0
1808,-1.267270575045514,0.20798768382638347,-1.0306957691648284,1.0
1809,-0.3277730354199084,0.21893458582047146,0.8063224127196456,1.0
1810,-0.5053137775737498,0.1071959706410249,-0.9763301252813359,1.0
1811,-0.37273538850437954,0.35347074522169514,-0.7000036788244258,1.0
1812,-0.6410171130344459,0.6362087347274452,1.82001056874513,1.0
1813,-0.3873017542125677,0.598528935354688,2.4559369403041122,1.0
1814,-1.4057219480121164,0.09339792641956911,0.20338041636007076,1.0
1815,0.4252932886988717,0.6320506061811311,2.3939065968573217,1.0
1816,-0.11470778066792381,0.6864419834985055,0.7515973766516015,1.0
1817,0.8487645980882226,0.8625522214480799,2.722597696202002,1.0
1818,0.010118948910479092,0.8946781250751835,2.440000089780976,1.0
1819,0.22615529993040595,0.8071943353719463,2.9934842062487674,1.0
1820,-0.10280677788072298,0.13368351949176652,0.2959562632240136,1.0
1821,0.23696293307659674,0.5599764173012097,1.90222713133115,1.0
1822,-0.4151362745387831,0.3067550353569486,-0.11872643633973512,1.0
1823,0.13841475643600026,0.7246950011207837,3.002969102746503,1.0
1824,-0.14882863743886451,0.31454053960099254,-1.0095961105439053,1.0
1825,-1.4467852764755398,0.13686201145666813,1.0189156624769193,1.0
1826,0.0921301577467183,0.469728442728347,2.0261425936466058,1.0
1827,-0.8100301547363019,0.025605224008772843,-1.6951265071239288,1.0
1828,-0.38307008609904325,0.24591369235708474,-1.4796670155118208,1.0
1829,1.2394880750128356,0.9841012478723649,4.170352636710052,1.0
1830,-1.3976025644697596,0.2697219729135437,0.901275160048643,1.0
1831,-0.7387900837450069,0.6960786322257078,2.5893482984191754,1.0
1832,0.9298543441398094,0.8002558176313654,3.6883034447516647,1.0
1833,0.6890931726490357,0.624267409564312,2.4575037752232034,1.0
1834,-2.4621270657910816,0.1844265028800943,-3.0644855392128374,1.0
1835,-0.1082219594017999,0.15173650937430677,-0.38265883104483317,1.0
1836,0.020505628768621324,0.5767932567369328,1.9787557507621867,1.0
1837,-0.8246317187995201,0.22432949330545598,-0.9544145836050777,1.0
1838,1.673805794979725,0.9176062626762769,4.039216895527008,1.0
1839,1.4149951122446744,0.49681636646101324,1.8884793349063769,1.0
1840,-0.43382336119422327,0.4115190271631414,0.20499796872699294,1.0
1841,1.3485531547260232,0.8405367661578743,3.139676196461561,1.0
1842,0.7847162463461801,0.7800288294562377,2.456708751021256,1.0
1843,1.4411381874019418,0.5061973852475611,2.459135905362154,1.0
1844,0.9954134571314128,0.536581570418541,1.5053763455509068,1.0
1845,0.49914459839736697,0.15554252592071396,-1.3804530702638176,1.0
1846,-0.5078314759979227,0.6501077520063573,1.6435288548284535,1.0
1847,0.47464320611944044,0.8828028481179233,2.149187881515761,1.0
1848,-0.3664552897657913,0.8542519048713128,2.731104547174907,1.0
1849,-1.1440051421205286,0.12337875619103016,-2.6779347106089313,1.0
1850,-0.8774705355274811,0.47612406878602875,0.5458767348191264,1.0
1851,2.410062442028423,0.9466544583323736,5.013545465270691,1.0
1852,0.1330811001229686,0.25662868754990653,0.7619553875990812,1.0
1853,0.25219048578464554,0.5920177851539131,2.6124350989845375,1.0
1854,-0.9213741481052778,0.06600767929553704,-1.3390564689453544,1.0
1855,-0.9092883425817906,0.10695149344491839,-2.173144405157748,1.0
1856,1.3083996988115165,0.7866886795153621,4.186647828967307,1.0
1857,0.19085290485556586,0.7174539954470459,2.3044047088547734,1.0
1858,1.5258920819645385,0.9114882587192188,4.004663809706555,1.0
1859,0.356803380846076,0.6025919876423288,3.187482426395774,1.0
1860,2.303362953987779,0.7674087556801072,2.810774220233819,1.0
1861,-0.44465852714443166,0.5869770261550172,0.4742963349555085,1.0
1862,0.3207484236270162,0.8225270774668128,2.126379798652148,1.0
1863,0.0964280653164127,0.7919174089332455,3.4472989344937988,1.0
1864,-1.733162252023934,0.1594015872128569,0.11570887064959035,1.0
1865,1.2402078326750434,0.7203554160732936,3.2107485532500912,1.0
1866,-1.3343969163760863,0.7474218165762773,1.0569979639176657,1.0
1867,-1.0430815530258921,0.3245058279447671,1.271004889974441,1.0
1868,2.81564873521256,0.9155637043102823,5.0030297303853954,1.0
1869,0.8931457679849589,0.5713552196072939,0.8457372644464602,1.0
1870,0.30385249918170903,0.5550140854975906,1.7746481968086136,1.0
1871,1.4997430226710025,0.922642140903033,4.50766743623803,1.0
1872,-0.05232536551791493,0.47163180093028306,0.8579812456475757,1.0
1873,1.8492328233976945,0.9006957752208894,4.548416632314696,1.0
1874,0.6764407898056605,0.7503882723809698,2.126078148220578,1.0
1875,0.940999371836344,0.8309474067765286,2.9138899969779306,1.0
1876,-0.31135988850918644,0.28425559800259914,-0.5944753590077974,1.0
1877,0.5037746974420586,0.4557670043421959,2.048396546140433,1.0
1878,2.0797230525218104,0.9598194018983882,3.7100887586426143,1.0
1879,-1.691251987793261,0.0792367948227865,-2.7727730076535533,1.0
1880,-0.09277585874648651,0.42010602599739755,0.2755903237317632,1.0
1881,1.5872536165621238,0.8947275676869905,3.203167234311899,1.0
1882,0.8383678929879038,0.8589820644998709,2.3265536832090747,1.0
1883,1.2588275509228333,0.7853437257491347,2.647777248035811,1.0
1884,-0.16234728267731316,0.0593905489979096,-1.779616401281701,1.0
1885,-2.3968039727315014,0.050779026383958016,-2.3680838170860072,1.0
1886,0.45211358478956115,0.26936892622838743,0.19817813405853474,1.0
1887,1.118448437988719,0.5513288994633434,1.3883571055963775,1.0
1888,-0.5364316052471167,0.33333341593913635,0.31520871011985296,1.0
1889,1.1980151373099854,0.7686070648688529,2.0548593484397606,1.0
1890,-0.37574138959359377,0.3106594753824171,-0.3640131017175513,1.0
1891,-0.028712298885191605,0.27103090198015295,1.6395981634971395,1.0
1892,-1.7115477854999823,0.28981896687288156,-1.9210007807626395,1.0
1893,-0.570189999883738,0.572943575033821,1.8371660865181734,1.0
1894,-0.3388623957106675,0.13294459580741505,-0.7776011086568951,1.0
1895,1.5367490688835808,0.8192827486902227,4.729736178746262,1.0
1896,-0.4917011917054241,0.2639683315744286,-1.2180903115933244,1.0
1897,0.6283478325693692,0.35320071027349503,3.0732262076388874,1.0
1898,-1.9639734643127587,0.2520233175892701,-1.7619818215242522,1.0
1899,0.6439811252508282,0.7358905882326048,3.19931322353375,1.0
1900,0.09601078504534535,0.6726540313083622,3.2363945082090035,1.0
1901,0.3497345252974071,0.15175715379703028,-0.3743087814845403,1.0
1902,0.5339520677122174,0.6802133878215502,2.6979485114924313,1.0
1903,0.24763263951821016,0.35797229287854293,-0.07195519515698201,1.0
1904,0.8916951269623784,0.9521370035164176,2.3001054610286635,1.0
1905,1.237606923941304,0.9301892607500156,5.933530621111182,1.0
1906,0.5947338414546974,0.7942392278958816,2.880490419336145,1.0
1907,0.7925935596502184,0.9431074179459105,4.446597437767889,1.0
1908,0.45626519862003845,0.43660908631735285,1.9358541138099683,1.0
1909,-0.04267420650673841,0.7900250112846509,1.4410224912014318,1.0
1910,-1.3777909022578199,0.3019708983276679,0.5324631693509132,1.0
1911,-0.02404225288267413,0.3719213392850164,1.3185518312406188,1.0
1912,-0.03766488486346885,0.4716604097953733,0.612355928503044,1.0
1913,1.2384924244840572,0.9386172157663806,4.4272581684253405,1.0
1914,-1.2872652422698065,0.08093705078894456,-1.2176197660245704,1.0
1915,0.6853705596745966,0.7445496604872409,2.126893852586832,1.0
1916,-0.6772606992571536,0.23446632913340457,-1.4246745328924546,1.0
1917,-0.31525271957275147,0.3190658165334304,-0.9370753451992598,1.0
1918,-1.6174549559742935,0.20584553593834504,-1.2635513116943509,1.0
1919,-1.1148890845407762,0.03652905759455631,-3.542245975606579,1.0
1920,-0.09178812460764552,0.6320213589556924,1.165971375084993,1.0
1921,-0.6119308879181297,0.23689076260329936,0.8827476722003308,1.0
1922,-1.0323454858926608,0.4659524778153642,-0.37665794638412453,1.0
1923,-2.606828415060958,0.1621305482625678,-1.8898421285704028,1.0
1924,0.29100118117688756,0.7648324455345391,1.4689723294503458,1.0
1925,-0.6009496574831406,0.3009318527371608,-0.16761980199183563,1.0
1926,-0.09044434294583545,0.6731315813663458,1.004766368112707,1.0
1927,0.8869876792116647,0.7732446202774761,1.298316541933708,1.0
1928,1.2958393569623528,0.7012848382674475,4.194680788819522,1.0
1929,-0.6757449747355934,0.09058261325120893,-2.196618159090159,1.0
1930,0.21109021244311407,0.6244971460254064,1.3668219609079901,1.0
1931,1.8785331068571247,0.8354173551606024,5.582420679655888,1.0
1932,1.0937163544778676,0.5057888373703165,1.858219947367987,1.0
1933,0.6238128156144123,0.6555601329890165,2.4031104531341647,1.0
1934,0.3948990821533643,0.7267863702972732,1.4403331246568611,1.0
1935,-0.39969058516595574,0.4095433230604535,2.1254827555245246,1.0
1936,-0.4675620198036419,0.42278548438707525,1.882645472240804,1.0
1937,-0.24135404930216828,0.44436493975076413,2.155563780275671,1.0
1938,-0.4520828493023958,0.5789069453593683,1.4813316154416112,1.0
1939,1.0399836543398673,0.8484227769947416,3.415577922803363,1.0
1940,0.9681487401169335,0.7310001510216997,3.5997231310322175,1.0
1941,-0.5993857452669562,0.5874490617677459,-0.19253393550200282,1.0
1942,0.7696893613774948,0.8447609631372517,3.410254072003215,1.0
1943,-1.5680897435323597,0.19817533798654802,-0.539590895727937,1.0
1944,-1.2313396743382563,0.2768515370914878,-0.8308819015113424,1.0
1945,-0.9712904074769613,0.287372099956096,0.29470311887931694,1.0
1946,-0.17082288158422868,0.13436373111309782,-0.9004430981895427,1.0
1947,-0.4980198456077102,0.7194873876749609,2.428955089441244,1.0
1948,0.13426501414645994,0.49789098253800246,0.4969546575565986,1.0
1949,-0.29023248607056307,0.4759127135290365,1.0727334614149793,1.0
1950,0.8838562128767956,0.6851998902757669,0.31413800570822126,1.0
1951,-1.715488584504673,0.14582307835024066,0.04437076098840964,1.0
1952,-0.16016048272181566,0.513479909319294,0.07258677424621585,1.0
1953,-0.43376628980842813,0.7279344138606284,2.4235440590879724,1.0
1954,-0.24069676079946856,0.27969615042413526,-0.9843043880165738,1.0
1955,-1.0460123495229259,0.30661663687517093,1.1472019468660166,1.0
1956,1.252183868524226,0.4520681497327226,3.201241155251532,1.0
1957,-1.3779966296322546,0.14522930950489238,-1.3219289658505229,1.0
1958,-0.8026665459402539,0.3142459833527286,1.6213656605070628,1.0
1959,-0.8880794558559802,0.185019365011179,-0.908448066439898,1.0
1960,0.47520338460691686,0.5237730140619304,1.3207372497626162,1.0
1961,-0.2036359732934332,0.17281636539912643,-1.0414165838414815,1.0
1962,0.762389302940376,0.5461179912674321,-0.8640945735110401,1.0
1963,-0.883117899194727,0.23796063621412203,0.5818273636424892,1.0
1964,0.6899135255054581,0.630691039408294,1.3357761157237191,1.0
1965,-2.0309542404763077,0.2787126769936457,-0.18902504103728945,1.0
1966,1.1776569046088456,0.4854181856541084,2.067250613617957,1.0
1967,1.8456704883249662,0.8946237657266864,4.458293470221718,1.0
1968,0.6550317676389493,0.6997364023412955,1.5692335191767872,1.0
1969,-0.3376709124866521,0.5935860219198942,1.4812998862543383,1.0
1970,-0.45227218141085984,0.20199300132481707,1.1478671147616186,1.0
1971,-0.8101590974142368,0.26069822057936476,-1.0518938086170442,1.0
1972,0.166121966472924,0.6934268922246773,1.6529904893021279,1.0
1973,0.3966583910079269,0.8726932883896642,3.3799730274152586,1.0
1974,-0.7673582076422202,0.4769189917485946,2.4357311898451277,1.0
1975,2.2571119852719423,0.9531134523641906,5.986552095460104,1.0
1976,-0.5726012860283974,0.6459666280024517,-0.3520921719950385,1.0
1977,-0.11268153948035917,0.4712595123616459,0.47761120415865504,1.0
1978,0.8828476161905857,0.8508848474145442,4.166292904280232,1.0
1979,0.7043113711238471,0.7463765180228792,0.02599937117776996,1.0
1980,0.3219903380074167,0.7308454220212471,2.491758616419342,1.0
1981,0.2876204876600722,0.36761576972241244,2.244548177570611,1.0
1982,0.9006559598601704,0.5314817869703042,0.9789558492558221,1.0
1983,-0.31268587701444284,0.5063738770734845,-0.29416450263708316,1.0
1984,-0.7657018010274554,0.21863676681585464,1.1286268230054632,1.0
1985,-0.5251031956457209,0.5893257450385796,3.6256418014011222,1.0
1986,0.8523293443628142,0.6635389678517183,1.8057379393413044,1.0
1987,-3.7130189761899235,0.023240314836485334,-3.300966792613565,1.0
1988,0.1427618806470987,0.42347025422905654,-0.4295762919756603,1.0
1989,0.3963977691353451,0.9652074409856033,3.5274780590477945,1.0
1990,-0.7196490443184124,0.6235003289673464,2.0856536190483133,1.0
1991,-0.8500581527862683,0.08498419652166835,-1.5040890278220944,1.0
1992,0.21783843719776327,0.640938285514914,2.575580546185023,1.0
1993,1.509780879208287,0.7063142116710294,4.0708956294564,1.0
1994,0.6352343307056872,0.614805596438709,2.538483003377376,1.0
1995,-0.20716309926534046,0.8745358104148058,1.9086524916766336,1.0
1996,0.024054301330440262,0.5167533476041009,1.8293803496221765,1.0
1997,-0.07763262059968211,0.742548066632432,1.5756754257860162,1.0
1998,-0.070627659316575,0.577865387870075,1.1820364800827194,1.0
1999,2.6876447094923916,0.9252978240761555,5.0975596063441895,1.0
2000,-1.5892232906764705,0.18943374243777827,-0.763264520644783,1.0
2001,1.140966581488259,0.799183155573914,1.0196037856761258,1.0
2002,-0.580215449742431,0.02393575870048489,-1.3347013408564954,1.0
2003,-0.45375901658915585,0.367561540478656,1.503988532346361,1.0
2004,0.774845961776226,0.8401574792509033,5.953806707303212,1.0
2005,-0.27662862048048636,0.7259714885484297,1.849505458591241,1.0
2006,0.449879330855622,0.6517450343451837,1.2331270690074927,1.0
2007,0.5320843771219479,0.14233277990929086,-1.0064072582196952,1.0
2008,1.714077911944993,0.7103450275399015,3.0998266108024164,1.0
2009,-2.1085713983098713,0.26607078217505914,-0.36488026319571565,1.0
2010,-1.065373736416223,0.17524971826911676,-1.4089328168214392,1.0
2011,-0.4773949184244856,0.08899520676068563,-0.5081437674540519,1.0
2012,0.19238830106111823,0.42044142123333417,0.6921649031065276,1.0
2013,1.1304304436880401,0.8345344311323235,2.3683080044948857,1.0
2014,0.04705147448908826,0.3684540525123318,0.5713845387140374,1.0
2015,0.09759496267684335,0.2801824868247602,1.4745603908034288,1.0
2016,-0.0719650266159131,0.304665012574443,0.6609077694798637,1.0
2017,0.5797864355243307,0.6085115943253769,0.9546203758085471,1.0
2018,1.9625633368554172,0.9066090404086394,3.753622790064832,1.0
2019,0.6644102147943287,0.4637136568192212,1.5704377079546372,1.0
2020,0.9502499533262585,0.35064933827063427,1.4844908635685883,1.0
2021,0.19353829710885279,0.3458729014758947,1.3206708037981782,1.0
2022,2.1540016024828024,0.9794388454490582,5.431303133958364,1.0
2023,0.9188300878436263,0.9394728914889068,3.573178530131308,1.0
2024,-1.2281438332893664,0.33939267780803195,0.09297990745073553,1.0
2025,1.4389254660870556,0.8839371064810045,3.920924009540587,1.0
2026,-2.064484734793224,0.11863063378728297,-2.467280205889611,1.0
2027,-0.3187309166457537,0.3630161434270761,0.1726315983340344,1.0
2028,1.0997488527001513,0.7823282483619649,4.047749121676075,1.0
2029,0.7180685150860118,0.9226061544535463,2.4910577854028917,1.0
2030,-1.684568080516022,0.05346234264086399,-2.0606432213560004,1.0
2031,0.9356879044313414,0.6706878054126953,2.1327735998984827,1.0
2032,-0.5307473459950494,0.231711090728226,2.346805984095505,1.0
2033,-0.392100280774345,0.2944862555379814,0.2265414176226152,1.0
2034,-0.7493713269643657,0.29743225087650554,0.6122244801175938,1.0
2035,-0.522713683331578,0.48656204323363855,1.9007157360188267,1.0
2036,-0.9905820284158217,0.7156748143542198,1.4452199281048874,1.0
2037,-0.7299249192190719,0.0631966839780599,-1.3503198570718937,1.0
2038,-1.6423925108097317,0.15050722175431616,-5.039451744264641,1.0
2039,-0.6394096315449032,0.22778456133098218,-0.39675714086411845,1.0
2040,-0.8350108094423783,0.30787922031751896,-0.6006328205729837,1.0
2041,-1.472813974454973,0.5758311081237405,0.26322909204559586,1.0
2042,-1.1429492659856406,0.2004662794459417,0.27779316452971015,1.0
2043,0.2524077951351839,0.24209942825577002,0.2611302848718932,1.0
2044,-0.12489877821774382,0.38164254508068296,0.023809658656678834,1.0
2045,-1.1688563275879387,0.07317298846093663,-2.329209556902571,1.0
2046,-1.288838244518818,0.457284272154014,0.6222311913099321,1.0
2047,0.18980721446105703,0.5459269956763595,1.1772661117060725,1.0
2048,-0.8120332243067163,0.4362492835683121,0.05997099234460146,1.0
2049,-1.0437105234424802,0.6644006523752528,2.1029963433744405,1.0
2050,0.08619994581584227,0.5882251044632808,1.560359504950741,1.0
2051,0.9396945432597135,0.890198357983578,2.8229763655036346,1.0
2052,-0.05268891378027171,0.5656095631309915,-0.07067821979277289,1.0
2053,-1.6463419560021884,0.41948575763566837,-1.281781758546956,1.0
2054,-1.5756415251576716,0.12268820434868694,-2.608615201641924,1.0
2055,1.0515174236254428,0.8961841292124789,4.261417907947594,1.0
2056,1.0959164159366022,0.316036235017994,0.5066194529849215,1.0
2057,-0.49682573308892247,0.590587114399214,1.3268915509714594,1.0
2058,-0.5185440788653749,0.41992024326535515,0.6686091773386966,1.0
2059,-0.20269319366162425,0.25657688029794007,-2.2184197252454365,1.0
2060,2.273953850453524,0.9513072837429576,3.0325051365956748,1.0
2061,-0.08138791777495134,0.3298293965793015,0.41602764994252595,1.0
2062,-0.8730330765309583,0.18769172293969616,-0.40361052918356477,1.0
2063,-1.5003860503771353,0.24119262168089803,0.3249753846561013,1.0
2064,1.118311712209316,0.789029744092227,2.5016552399397813,1.0
2065,0.48520454528278933,0.4469396096311363,2.090118772081913,1.0
2066,-0.0762941062413278,0.3536274520789129,0.9786499561002253,1.0
2067,0.7247723417277777,0.5307556650463381,2.295298288426756,1.0
2068,0.8635150176290153,0.8444994879551844,2.0441767806910582,1.0
2069,0.9333724830416714,0.43225886002064884,1.9266964433749862,1.0
2070,0.26378479007433614,0.7077134373889344,1.7933469531024255,1.0
2071,-1.1964410006728678,0.3754361117400647,0.2274191778824568,1.0
2072,0.14792860909176808,0.6162335968747754,0.681455949706781,1.0
2073,-0.7639681634436966,0.4397248452729241,1.0219859427875695,1.0
2074,1.3589932372136437,0.624671079945152,0.2717360048300306,1.0
2075,-1.4135141637037456,0.2544357228652467,0.18092228967812196,1.0
2076,1.1534442870750132,0.7649278240135624,3.5638823471176706,1.0
2077,-0.8659804281845621,0.3196762930740759,0.04558183906205915,1.0
2078,-0.18611948793128258,0.3079111465498398,1.4534002516608924,1.0
2079,0.6902134526237279,0.5798144453179115,1.125504057665927,1.0
2080,0.38930452840713264,0.6570518389620786,2.0181779036312633,1.0
2081,-1.5439673015796915,0.2948347718901042,-1.081756285698321,1.0
2082,0.2231806057691624,0.669485665020096,4.407770997889267,1.0
2083,-1.003127364721617,0.25798856616676213,1.0489133069277292,1.0
2084,1.3543529163329662,0.8470548463628058,2.984076358689594,1.0
2085,-0.6353081807331287,0.21212869171512977,-1.3181149365478162,1.0
2086,-1.7976920473967786,0.24820074788032997,-0.39862016549404716,1.0
2087,1.6505341017358086,0.9206706389207466,3.8307807656674484,1.0
2088,-1.9626252952307475,0.32053555720752686,-0.8405103183000024,1.0
2089,-0.5446118804569183,0.7237239772159463,0.8071712663998191,1.0
2090,-0.8021795581936738,0.3782660502523053,1.993790859519159,1.0
2091,0.12764226676198123,0.20787245224501052,-1.172286174096913,1.0
2092,-1.6062332550475866,0.1689680628090369,-1.1174541877658557,1.0
2093,0.07611149799250609,0.2763075995626696,0.04070094478814784,1.0
2094,0.8969693905325212,0.5794817936227298,1.1415922443108513,1.0
2095,0.023391174225594114,0.3972276835585568,-0.8204210058864468,1.0
2096,1.3274350719082413,0.7759476889974593,2.394243895190399,1.0
2097,0.5454984751844341,0.4231501631310902,1.579986452376189,1.0
2098,-0.36805591073255595,0.43774557606698206,0.8033455261195035,1.0
2099,-0.5623350212847567,0.4605185596535578,-1.0962311455430906,1.0
2100,0.7344527220176662,0.5348245414205727,0.7095289894190768,1.0
2101,0.09049889256823404,0.35248044245877863,-1.0101913045297712,1.0
2102,-0.1679336427221752,0.46358467577365076,1.2371177171891419,1.0
2103,1.4364024291820048,0.9378487072209103,5.019399056684095,1.0
2104,0.024415819045494478,0.7303204521381902,2.5556765336317655,1.0
2105,-0.9633890644007942,0.23740228909378142,-0.40727608715542823,1.0
2106,-0.32592138905785406,0.183840534497018,-1.9244158582257327,1.0
2107,-1.2115222746495509,0.6225065341105103,1.9081230585083955,1.0
2108,0.26881811302775016,0.9487220077581539,3.653556159947473,1.0
2109,0.6325634511405234,0.7644941993110481,3.561542784360907,1.0
2110,1.1887004502375125,0.6798439411961993,1.1424413960138253,1.0
2111,-0.020119113191353212,0.6537313709624911,1.8790685047981355,1.0
2112,0.1940922309725301,0.5033790984650918,0.8141316995692148,1.0
2113,0.34788659309435344,0.45065226399413283,1.6162945757101226,1.0
2114,0.5990148534352407,0.5656574764485072,1.5145795761206038,1.0
2115,-0.44892056208268294,0.5926355593593912,1.8888751831753643,1.0
2116,1.0896196072814737,0.5966163538898944,2.0342797846242395,1.0
2117,0.1963807187526853,0.8037748715322052,2.4131409282737355,1.0
2118,-0.561332356812951,0.399019465337272,1.7082437238086357,1.0
2119,-0.7616142803817241,0.3714373532246677,0.9736635911257928,1.0
2120,-0.2535883420853904,0.34936161713467084,1.1620892909679095,1.0
2121,-2.7837647489098676,0.1325278388629412,-4.692920074036161,1.0
2122,0.5047985034216618,0.8201191425103052,3.158908862637925,1.0
2123,-0.47960108660013245,0.7839135617533515,1.5445004985964386,1.0
2124,0.6109911163553956,0.4259323245150404,2.180742930113782,1.0
2125,2.3581029836046956,0.9060624900401735,4.3340096374017625,1.0
2126,0.16285961254198467,0.3918779165888296,0.5922276013017487,1.0
2127,0.021512000677823457,0.7348121835268187,2.2147313627559084,1.0
2128,1.1384116289553041,0.6844862729240486,2.13008899102418,1.0
2129,-0.7091240617793637,0.11755952016959646,-1.126801342139335,1.0
2130,0.6695803353437684,0.8810212757722828,1.8737285836660011,1.0
2131,-0.14553250102902762,0.6167744117189403,2.7158043983713016,1.0
2132,-1.0630286519624563,0.3505156009546788,-1.7829507503105324,1.0
2133,0.31130490277223105,0.7989932992607414,0.9372499638822802,1.0
2134,-2.239604759721042,0.26274790542665466,-1.5137805934552073,1.0
2135,0.4646033847135282,0.31324955215363365,0.6022674125290937,1.0
2136,-0.3916135690923585,0.46951425553865833,0.033071131977714496,1.0
2137,-1.497097373746788,0.2621360860197628,-1.3100502522112034,1.0
2138,1.070000361773018,0.8565932952741963,1.45650275505324,1.0
2139,0.7077031848365527,0.7599861869434005,2.4636712015384488,1.0
2140,-0.321635957655807,0.7462904309237325,1.7688303014895714,1.0
2141,-1.308916914949508,0.3394070734119637,1.5062260822754416,1.0
2142,0.04586026990047596,0.4508485041427503,1.2380765721563693,1.0
2143,-0.1403308442498342,0.8028154754294214,4.153372606245586,1.0
2144,2.304854157473719,0.9870831345169158,6.491643925411832,1.0
2145,0.44442534048205073,0.7868378681119788,2.6989757266116836,1.0
2146,1.142702108547785,0.8856378672821719,4.309206795838933,1.0
2147,-0.49595234524424,0.12169822416070342,-1.665281429932823,1.0
2148,-0.9306078972662778,0.024858096596946634,-2.2036125933905466,1.0
2149,-0.03876987807525772,0.4609017464343263,1.732259158122469,1.0
2150,-0.0992050827770511,0.3874863226860728,2.1608066072737833,1.0
2151,0.3804024404963364,0.7547271818413339,2.6525491960337293,1.0
2152,1.997873213075928,0.7251287130639388,5.393119917756776,1.0
2153,-0.061412064794737715,0.26938619764268606,-0.6750178008059554,1.0
2154,-1.3262742085931372,0.14614898387723554,-2.1761080507311004,1.0
2155,0.18911828585445314,0.8669263748660782,3.715111678756008,1.0
2156,-0.16108431631447825,0.43676725078626066,2.3462892032063785,1.0
2157,0.6529324645068044,0.7363103473991358,0.2806189335724887,1.0
2158,-0.25508390441655915,0.20111499144304198,-1.286866932483378,1.0
2159,-2.2120716368539,0.18543707396826875,-0.11704670596611,1.0
2160,-0.22752263646303528,0.6593010423929879,0.40623928585698565,1.0
2161,1.7056915782706694,0.7463804692499594,3.041348732571083,1.0
2162,0.8008449036531176,0.885429612869968,4.02288147535549,1.0
2163,0.93757718838259,0.5571268728201589,2.8482654629977064,1.0
2164,1.938506784377308,0.5816156016899691,2.3289595552815507,1.0
2165,0.9403019490402543,0.9473555425622936,6.25462072262266,1.0
2166,-1.7149472434504829,0.09379817152466158,-1.426054725462702,1.0
2167,-0.7132279923097514,0.5301327089109291,0.42946374757805744,1.0
2168,0.5896708279680748,0.5583184123337614,3.410109203103618,1.0
2169,-0.700477010180071,0.15560177165292335,-0.9032686121551958,1.0
2170,0.39639118498030107,0.7011686162525628,2.9012373324030327,1.0
2171,-0.4980022377240694,0.24526577912902153,-0.5308391712492158,1.0
2172,-0.9279684547898303,0.4613925148568491,1.1316672573965436,1.0
2173,0.7261412026133144,0.7195494826706069,2.5399128265979165,1.0
2174,1.829141361451885,0.6689048242501301,1.799647922579279,1.0
2175,0.5192723581397003,0.6784794031381041,0.8543912565294529,1.0
2176,0.0004860217480533739,0.4172908948477142,-0.22496633912902853,1.0
2177,0.6332596585403298,0.8656049900902064,2.630415613509324,1.0
2178,-1.9718118435732137,0.140592259025731,-1.9204421380127072,1.0
2179,-0.43414841032361257,0.4576389775813488,0.22388159561978754,1.0
2180,-1.8292782985016391,0.274994885262865,0.6843745644265036,1.0
2181,1.5444604217770848,0.7872732476331796,3.9688017029536597,1.0
2182,-1.3235993329838138,0.07189183900670315,0.3849046550505071,1.0
2183,-0.5544525874295191,0.2958215351000595,1.2457713911198107,1.0
2184,0.07667876582843844,0.7344218064497245,1.1872071853363964,1.0
2185,-0.61880596426088,0.1511964444779542,-2.551414289608225,1.0
2186,0.546810280695683,0.344866040054682,1.6323853290981554,1.0
2187,0.19869089150228564,0.938365647593999,4.374905820743766,1.0
2188,1.0386777542893346,0.7807762924757446,2.6588385785065216,1.0
2189,-1.6333083499567551,0.06861803758291538,-2.138487643837416,1.0
2190,-1.0079189648598252,0.26049684095641285,-1.03084270931632,1.0
2191,-0.5709588077267505,0.2655870868447933,0.8961044635378598,1.0
2192,1.0676591480825528,0.9709886007660925,5.073591073040133,1.0
2193,0.6768056919100643,0.4380927487666983,1.1493415964683285,1.0
2194,-0.6822144100575133,0.6913163437832879,1.6537824463487047,1.0
2195,0.6545855980153581,0.5952492056294572,0.5256125635904616,1.0
2196,-1.4748616548074467,0.08660610965174065,-1.8255313305892718,1.0
2197,-0.9143374124021978,0.26555279035670276,1.6743176251698157,1.0
2198,0.18458464681229472,0.6288865156450757,1.6468395243243128,1.0
2199,-0.466448976696781,0.22921075867667304,-0.8356298299810582,1.0
2200,-0.6736723353121506,0.2818368135724644,-1.378937878557743,1.0
2201,1.623957872399454,0.970163470248396,4.592643604699249,1.0
2202,0.7063692136238175,0.8535490618157977,3.2762528917385065,1.0
2203,1.725653354038276,0.8214048587709242,4.4061397982544115,1.0
2204,-0.47898542869126187,0.5240911564817947,2.0751855171698974,1.0
2205,0.02321763390059775,0.7026999979323758,2.43134492811666,1.0
2206,-0.6988327052869703,0.1391168473972609,-0.0726724323882798,1.0
2207,-0.07868890410575008,0.28204446705544484,1.8266975341751355,1.0
2208,1.649028015137431,0.4863911005735752,2.7514548897905775,1.0
2209,1.1889487873597937,0.840032656180496,3.922127653244552,1.0
2210,1.812828751820342,0.9667101105822715,5.732990593891925,1.0
2211,-0.13990716873143122,0.3033647573817191,0.0532538700892729,1.0
2212,-2.5803676397109028,0.057318407875987756,-3.096715292318561,1.0
2213,0.224142539489111,0.4444342919666942,2.051315892274099,1.0
2214,0.40715004988124004,0.8577691767791877,2.945854705446975,1.0
2215,-0.009842112427780507,0.6583397892269129,-0.007538518046112497,1.0
2216,0.28997204030506424,0.46321600951292885,4.572565685157046,1.0
2217,1.4335125617406073,0.9106316152273194,2.6650883274778323,1.0
2218,-0.7159820638234033,0.2515286626253856,-0.2802913270459881,1.0
2219,0.8015073840082624,0.8497512618174574,2.084905341228023,1.0
2220,-0.3048089439268858,0.4408653801312613,0.8594989693294989,1.0
2221,0.27712577901831886,0.3249615617281565,1.0437770535809385,1.0
2222,0.12420791794271123,0.5505260023848124,2.590414345018408,1.0
2223,0.32450199733591034,0.8174965249074939,2.8711536233682478,1.0
2224,0.5903735957580446,0.6040047490580792,2.9501809199461855,1.0
2225,-1.2558386589004236,0.09711721812800465,-1.486510276563685,1.0
2226,1.4408913651235602,0.8099525414369954,1.7939501880256636,1.0
2227,-0.10017035812108624,0.2589082972910268,-0.012108329793218436,1.0
2228,0.14008672423420956,0.5974659012667456,1.042121019809778,1.0
2229,0.674931153806163,0.3674648548237146,0.6212867101717823,1.0
2230,2.0148140827150365,0.9685545760490808,6.1065296232870265,1.0
2231,0.37470802497827504,0.7672585511048516,1.3379218307860814,1.0
2232,0.362956733775419,0.44345935134391773,0.6655686875330571,1.0
2233,-1.7660006771876549,0.14934398936868437,-0.4727878185150275,1.0
2234,-1.2226780483762711,0.3711317143154532,0.11595127423620166,1.0
2235,-0.4026871949335858,0.5927165976685113,0.22377864367362965,1.0
2236,1.1250460343736486,0.3468660462511503,1.496858546553426,1.0
2237,-0.9528730831292892,0.2082731742283701,0.019626527141755834,1.0
2238,-1.4364893902698561,0.14609534278636604,0.30820489816140473,1.0
2239,2.763706243450375,0.9431585708037963,5.898535801797001,1.0
2240,2.1825805451056444,0.955750512977461,7.01538880282497,1.0
2241,1.1077367423052173,0.6909029517515435,2.475148469220296,1.0
2242,-1.3478800078035833,0.14213953124469655,-0.44458364412021356,1.0
2243,-1.5945224054393141,0.1812404096179419,-0.3214370617448693,1.0
2244,0.13780663495802464,0.6779654055315979,3.0310658402425674,1.0
2245,0.8108314679466752,0.5273811512266494,1.4435879669556215,1.0
2246,-0.1957506087625002,0.16617161312065776,-0.465919320595647,1.0
2247,0.21799444411253238,0.41824142831534283,0.17751575656321383,1.0
2248,-0.46398262868568696,0.31492301656687,-0.04446218302734589,1.0
2249,-0.8424875870156975,0.47963424813692146,0.508960471195338,1.0
2250,1.0326965037650402,0.3667977084038897,1.6799060709659726,1.0
2251,-0.6612301048959048,0.46217949013539017,-0.19591616296997372,1.0
2252,1.3886158102119524,0.8846727471552795,3.2083668690534757,1.0
2253,0.09999597451210676,0.47981992845768956,-0.007606702852669622,1.0
2254,-0.015306722944443893,0.7174365909956842,1.7516994986511172,1.0
2255,-0.056863439123316054,0.12821357923821952,-1.158815562750815,1.0
2256,0.3695811976878135,0.5196373136167783,0.7475531074074603,1.0
2257,0.827669803413283,0.6420301841097386,3.1737170038233,1.0
2258,0.4387572393231931,0.3726722615452911,2.140365626836881,1.0
2259,1.576651756160833,0.9010883623318618,3.84974119764745,1.0
2260,0.8148565379067818,0.5295987250547584,-1.597577343390026,1.0
2261,0.7335060839402168,0.8495633573498257,4.557868837937411,1.0
2262,0.03608311193009627,0.9287581525645735,3.342591900098819,1.0
2263,0.37038106298780693,0.9457040087178601,4.800430185666393,1.0
2264,-0.8202678288869724,0.37858095035196404,0.02121406286141614,1.0
2265,-0.7493145766689752,0.21102132738725426,-1.4854279459695539,1.0
2266,0.23893724851371917,0.37935144606291915,-0.1691930052522016,1.0
2267,-1.887740189512774,0.2818159243596032,-0.2787590746343534,1.0
2268,-2.152227966532662,0.16285930164557696,-0.43781934612741313,1.0
2269,-0.6954019977813619,0.405596790147777,0.660295785295966,1.0
2270,-1.5678505836582162,0.2890168319071305,-0.5693308314949085,1.0
2271,-2.409353090540282,0.020999273843449306,-4.409278913115717,1.0
2272,-1.0107745938319463,0.11427655947271784,-1.7239604060184757,1.0
2273,0.8829038614176218,0.5265915489661567,2.0113448255661313,1.0
2274,0.3482498271730173,0.7874249845682374,2.6005234471940937,1.0
2275,0.006898082142079902,0.1465486064791328,0.054650466619481586,1.0
2276,-0.3852667963554555,0.6016013578657229,1.1268361003152505,1.0
2277,1.1166314051601425,0.9252803669749508,4.940299240330408,1.0
2278,0.43057484908936033,0.8745118231971332,5.091321744218252,1.0
2279,-2.2398706459413145,0.144214051273764,-1.7661490138676743,1.0
2280,-1.2454629447154355,0.36742291377632064,1.1902501475502383,1.0
2281,1.4707061250949547,0.914250167351704,5.651101810989005,1.0
2282,0.14706377497291914,0.46453910975063634,2.365854765373469,1.0
2283,-1.3278061894973459,0.08847232173658269,0.18896354901513046,1.0
2284,1.263875394323905,0.4839747737549223,3.4014631878338095,1.0
2285,-0.6510132421271229,0.5310451098245206,0.2765370535674627,1.0
2286,1.866568697625872,0.8521299210788856,3.826983274796521,1.0
2287,-0.5620542655722499,0.3440080532083433,1.7258160129828068,1.0
2288,0.08433937880497765,0.7394905152605041,1.3610739640893939,1.0
2289,0.7012184858494702,0.8604547157888788,1.5692495784339304,1.0
2290,-0.269531964262543,0.7668722568007463,3.2935245761567176,1.0
2291,-2.1504184047987374,0.20197444732215886,-0.5697771364380773,1.0
2292,-0.29728004559284815,0.44613406176806353,0.8520313385117639,1.0
2293,-0.15534082477234248,0.13794831065227964,-2.032405418379459,1.0
2294,1.6409462470785536,0.9356246013197709,5.3682544702745245,1.0
2295,-0.18806422901319844,0.31995318488501756,0.8001186102154056,1.0
2296,-0.7899930296917229,0.4316776366975723,-1.7000115645764187,1.0
2297,0.6369058717051942,0.35704799618890076,2.1415038181712114,1.0
2298,-1.6976928047170146,0.09219619180781034,-2.2798758200712608,1.0
2299,0.9548961826568176,0.974196921238844,6.072141584595213,1.0
2300,-0.791923159661299,0.26602837506133636,-0.6752853213943255,1.0
2301,0.014823400987442331,0.43550773253063196,-0.4799257783713129,1.0
2302,-0.2545909886167498,0.5987619953014077,-0.7529285647118398,1.0
2303,-0.7518681053641209,0.31534757318497414,-0.9192208540046405,1.0
2304,0.2549155868549464,0.5257471131039675,-0.40775992865944355,1.0
2305,0.7309322885141822,0.4383242079359086,2.5465931268640274,1.0
2306,-1.4433997331906616,0.08659535935914665,-3.1600705645084703,1.0
2307,0.7181420623165936,0.791314528507593,3.3072105680521844,1.0
2308,0.935170264309538,0.8237882369622338,2.3652627219491547,1.0
2309,0.05588459202250539,0.6941300716346132,1.3673929433516285,1.0
2310,-0.0636522500779443,0.5823369903789235,2.5211575680409712,1.0
2311,-0.9506389194620197,0.2519225327453775,-1.3767687228207128,1.0
2312,0.06860007802627995,0.7558341630138177,1.1004592421778154,1.0
2313,-0.20614187150554794,0.32656999208287785,0.4739260370989888,1.0
2314,-2.502765707421185,0.28521930011644825,-3.5383872751853764,1.0
2315,1.6219412654626368,0.8934857777558863,3.160292439736875,1.0
2316,0.37843502436412724,0.5906419500947895,3.0370497656316684,1.0
2317,1.0331480354819131,0.3826696366156542,-0.46274832515190956,1.0
2318,1.9561963005705827,0.7690080177134222,3.3350410789472327,1.0
2319,0.7472472840256492,0.6916150084487803,2.4959740446948215,1.0
2320,0.6242825414008019,0.6990126996778833,1.9600950714453858,1.0
2321,0.5352106381430447,0.8412580988639179,4.990532570915201,1.0
2322,-0.8515180612396452,0.1701821715916949,1.0576622858751417,1.0
2323,-0.3884021502100339,0.37001010567220105,0.5068391686461329,1.0
2324,-0.42067031143008526,0.5970168147332673,1.771750254804286,1.0
2325,-0.17824383087228904,0.5212632643353835,1.3934245419735471,1.0
2326,-0.677992684138966,0.1961958036099626,-0.30735116092121967,1.0
2327,0.6277523231226831,0.4706920522156796,0.6562793611789736,1.0
2328,0.19198521799588594,0.8651034997725016,1.3216912618643444,1.0
2329,-0.2896541709458199,0.48616735772296527,0.2698557455617254,1.0
2330,0.31188074476638156,0.5936302070846928,3.4739772120552455,1.0
2331,-0.21076894440617713,0.4616154555307909,-0.23673469934108815,1.0
2332,-0.4740377006578708,0.7413972983183771,2.3015001830076227,1.0
2333,0.5358076478125863,0.5548213285832023,1.9257486377498039,1.0
2334,1.3578494193186008,0.4352277889978317,1.1168190609713655,1.0
2335,1.4821445361503003,0.9289180716415919,3.1606436816139043,1.0
2336,-0.03029139694574093,0.8425032669220999,3.005746983525847,1.0
2337,0.9252727630406586,0.6507341038402336,3.1447460804720557,1.0
2338,0.38728969276844766,0.4717123099565368,0.22919254741273942,1.0
2339,-1.332861408499327,0.3470856849445577,-2.275694832580788,1.0
2340,-0.9556107016129495,0.3281219646500109,1.037015264936993,1.0
2341,-0.14968496928326291,0.4940155760906889,0.8140544217913797,1.0
2342,0.7770915330976608,0.7839039167925788,2.3612101068959346,1.0
2343,-0.7684208148518493,0.4564426417702944,-0.7166551057865347,1.0
2344,0.3736195704169675,0.6103098960323905,1.5381506951780333,1.0
2345,0.5463080911566773,0.9166972633601583,4.39356126166763,1.0
2346,-0.2070931457715209,0.2439607920448991,0.23047823833470335,1.0
2347,-0.5173820517003721,0.21630526365086486,0.5492796646806908,1.0
2348,-1.1969323831558365,0.5107766974442918,0.3042339223691042,1.0
2349,0.19213399305549253,0.2900121704978971,1.0019029193877333,1.0
2350,0.17210666779285513,0.3934899020958098,1.5063690377357823,1.0
2351,0.6490001676922688,0.38311775277977655,2.35286321320425,1.0
2352,1.3067198767844672,0.7809044330655882,3.3046741680904947,1.0
2353,-1.6097349705525275,0.2348358694336394,0.12264755864453947,1.0
2354,1.6793194518179626,0.8713305146290004,3.01068512803919,1.0
2355,0.40584039949022704,0.7882006572088177,3.0514697646752045,1.0
2356,0.41665559795700846,0.660957107643874,3.187169789716079,1.0
2357,1.3638129297254715,0.9653760641224576,4.713186765360062,1.0
2358,-0.14084742085034613,0.6983758875426856,1.5939304831994798,1.0
2359,0.7163739144105695,0.7784037986271357,1.8782313141760973,1.0
2360,-0.06555382832292417,0.3413924032094085,0.6355771032085863,1.0
2361,0.580040710590838,0.8152587709647008,2.442227661957402,1.0
2362,-0.17458044583399593,0.8366027142653614,2.51156250432392,1.0
2363,-1.6139421361487956,0.08868805629383536,-2.8778556940284377,1.0
2364,-1.2638045100858764,0.12301313948457554,0.17309643822331755,1.0
2365,-0.7602018689348321,0.14139889176594062,-1.7964500781558121,1.0
2366,-0.0321235513392324,0.4873367356685547,1.2361817147365515,1.0
2367,2.6694255765277357,0.9214617499522929,4.248692060870964,1.0
2368,1.1054223722150396,0.8589037484759693,3.8985713395470443,1.0
2369,-0.19154792636655726,0.5445087925925697,2.354876163548271,1.0
2370,0.7190607968910089,0.8963948588890704,2.77238443188735,1.0
2371,-0.8258149003475522,0.4727732962422741,1.4733057884673895,1.0
2372,1.7956104109803372,0.7520313854781292,3.9416074449050096,1.0
2373,0.8044786925257239,0.7582519345822655,2.9329014968589284,1.0
2374,0.922286125430213,0.9625303932713859,3.502020976666905,1.0
2375,0.5275002858041166,0.2720225515455175,2.969903644565864,1.0
2376,-0.0066074565614886605,0.516692966498598,0.8658620818046632,1.0
2377,0.7084700018074407,0.9007563639619595,3.080828163590592,1.0
2378,-0.5040572404458568,0.2701410100265977,1.2577784745651148,1.0
2379,-1.314847357273469,0.267769673301355,-0.6309022276897125,1.0
2380,-0.53630356481626,0.24244798203479317,-1.1860647630854086,1.0
2381,-1.5880743941711164,0.17521992561462815,0.380933488913624,1.0
2382,1.7607055833849579,0.8610722605586939,2.3794947983079933,1.0
2383,1.3561938463040242,0.7647293607470651,2.7194371432271702,1.0
2384,1.1803825473025387,0.4975811853968475,1.9534205483558509,1.0
2385,-0.8873425209485633,0.3828619701688037,1.4385566648070103,1.0
2386,1.1533551216289768,0.7082504350639057,2.5512275935946125,1.0
2387,-0.6878884256357375,0.5437197928405815,0.09794136282431809,1.0
2388,-1.0238873470055656,0.5231655086495235,1.2544501630264477,1.0
2389,-0.4733121087009659,0.21998672132508545,-0.8730911563480902,1.0
2390,0.7134413842696772,0.6017877338363393,1.831141684878468,1.0
2391,-0.03526382964681165,0.7615277630566109,1.8523591148517704,1.0
2392,-0.8068352474183587,0.39474272864033527,0.8068550655816973,1.0
2393,-0.7786304899226553,0.16747207043078546,-1.967481564838803,1.0
2394,0.20459858193108546,0.6667532364673483,1.5729026959124635,1.0
2395,-1.1977671180828107,0.24404675263484457,0.12707672224985778,1.0
2396,0.327864060273134,0.4909729525915655,0.9125906426336974,1.0
2397,-1.9953446502819585,0.055838942471767974,-3.1467533193077135,1.0
2398,-0.6447812228083627,0.0688743676415988,-0.24792670127275906,1.0
2399,0.276483731393735,0.8925483395418339,3.740803165459743,1.0
2400,0.939552944492442,0.4586394115688822,0.2952280098945399,1.0
2401,-1.4387148165796486,0.08541671350703668,-3.0055063670406956,1.0
2402,0.4659814372947486,0.654162331867644,1.694717309504316,1.0
2403,1.6262091510172445,0.946625398963592,2.9663147356246595,1.0
2404,0.04034185884939947,0.33310791513620236,1.0046691439364066,1.0
2405,0.09868808905659833,0.2458694929992122,-0.622075970234104,1.0
2406,-1.495813422114382,0.36729361860918297,-0.23603665289275838,1.0
2407,-1.1359472079126933,0.5480526020367033,2.3280764989142426,1.0
2408,-0.01698722870690567,0.6867235586987955,2.2614803187010306,1.0
2409,0.06492944704388308,0.858902083105436,3.0092599473362207,1.0
2410,0.8991560519879759,0.7819331841714214,3.2820211410815885,1.0
2411,1.1480519249293542,0.5393926856329554,2.7278292904563015,1.0
2412,0.31158689895798475,0.7707791869359752,0.8074799030587596,1.0
2413,-0.27135000780259827,0.20844763719524081,1.5861485452461692,1.0
2414,-1.7867856266519389,0.26825720574001316,-0.5930507786324302,1.0
2415,-0.17496144664165025,0.4337636563222665,-0.8257305523943493,1.0
2416,-0.8366829713470618,0.4399667266646654,-0.23644044870692882,1.0
2417,-1.1873005515828559,0.09341836195939969,-1.7743537939427085,1.0
2418,0.6056033338684276,0.4673885396708923,1.4670654773631118,1.0
2419,-0.22353903679292392,0.22115287497029568,-0.7856082322261593,1.0
2420,1.8298434213887729,0.7658212938920828,3.8724079786778383,1.0
2421,-0.7517379789429772,0.49519929524099426,-0.24315224717377137,1.0
2422,-0.8324490549928734,0.43565991965587975,-0.05218588071915298,1.0
2423,-1.5636916548998394,0.2781647796611867,-1.47864262713981,1.0
2424,-1.0836332617014046,0.27879872914345133,-0.6554589640180675,1.0
2425,0.672654691819889,0.5812214710841127,2.3949673676455294,1.0
2426,0.5084907646868134,0.7287428121603451,2.2680854920565796,1.0
2427,-0.3638433976796401,0.2618342865367653,1.2282173243217704,1.0
2428,-0.2648391866034233,0.6484775802621762,2.5232285236673886,1.0
2429,0.5425316049260378,0.39804024776477287,2.6043422903954196,1.0
2430,0.46023321484907004,0.6995294586724647,2.135725444828025,1.0
2431,0.0908123625496225,0.4129413402648248,1.2122563582563493,1.0
2432,-0.9069456927159586,0.0889638014257791,-1.8541762329273621,1.0
2433,0.7789316829944287,0.3936758383239765,-0.3640673362786555,1.0
2434,0.7802212133044101,0.7005306361452538,1.2902116817295068,1.0
2435,-0.26951712138622475,0.49562267353549644,-0.8525489668858118,1.0
2436,-0.8593714940358647,0.4563850146352122,-1.4820072681275138,1.0
2437,-1.8215508536427703,0.29607846259623394,-1.5023638243134698,1.0
2438,0.4232613255330467,0.4907136913674379,-0.09294732281292761,1.0
2439,-0.4224533305537103,0.13991721695001585,-0.6776667525733086,1.0
2440,1.2288362144087497,0.906783114986484,4.754180602955634,1.0
2441,-1.0683757563403673,0.3049974526095154,0.43055282257714345,1.0
2442,1.2529348421490731,0.8345950505202948,4.0906094187385245,1.0
2443,1.1478966175679588,0.6717481292250018,2.398987225951993,1.0
2444,1.3637935409805484,0.4393272181685761,2.4751732856934305,1.0
2445,0.5127831059419596,0.5711114185100904,1.058135972775034,1.0
2446,0.6861160438330791,0.4429916653046721,2.693991113340516,1.0
2447,-0.42449510354358777,0.20851653053915242,0.29143915370470674,1.0
2448,-0.40388210920864226,0.4461183255718658,1.838017144148619,1.0
2449,0.47249024228249886,0.40576726046626127,0.3377565799844504,1.0
2450,-0.35976894344059673,0.6715580504235357,0.8261723253516267,1.0
2451,0.2647354659770251,0.835262464292385,1.725678957532541,1.0
2452,1.0192848095750966,0.9081633299423216,3.522718524434772,1.0
2453,1.0287970566275602,0.47175805706040486,1.0601260461792634,1.0
2454,0.10257472264974626,0.7153067005405295,3.3624966490433428,1.0
2455,0.753800513772027,0.8992009148159086,3.9379734532573423,1.0
2456,-2.6278178260041987,0.04664286534058123,-4.440843088320433,1.0
2457,-0.9302991096845662,0.3044702878112516,-0.02908639742211183,1.0
2458,0.5805551401317439,0.714963685549784,1.2725485144513236,1.0
2459,-0.411988015492444,0.3862912032932501,1.27531088955357,1.0
2460,0.3123640872072684,0.19770456400390024,-2.125396827336294,1.0
2461,0.8921889989851536,0.521026916814356,-0.15004699127952437,1.0
2462,-0.3206548217713026,0.8077351607308054,0.967417431526316,1.0
2463,-0.08920391153792359,0.5364997863757257,1.277822597273498,1.0
2464,0.31021372380200063,0.43754111393213,1.3177836548214663,1.0
2465,0.23932426608366986,0.3519520596883118,-0.2979125676781288,1.0
2466,1.2754385795026237,0.8934133161555075,4.816958388917842,1.0
2467,0.3642336740300561,0.5780748034164144,0.49143271852383696,1.0
2468,0.39885989993668897,0.5588380094769014,2.8057521594897983,1.0
2469,0.07153005790162527,0.4175616704331908,0.21960194482066486,1.0
2470,-1.7484909348827997,0.02945157117686223,-3.528801017831314,1.0
2471,-1.5579826082811874,0.2157469525709682,0.0033338846094973507,1.0
2472,0.248795786591831,0.41037427605443505,1.1121115018947458,1.0
2473,0.7976224407002277,0.5654901320043422,2.5983039619714843,1.0
2474,0.3794515525620172,0.6372280194943618,0.0065001838256351085,1.0
2475,-0.5266180859072827,0.31634245146034734,-0.546993525395619,1.0
2476,1.2710703878214649,0.9339001956828006,5.464084951921895,1.0
2477,1.5118981229897572,0.8891380161959977,3.598327188045112,1.0
2478,-0.9775861641008565,0.4655083302104232,0.7719713638867935,1.0
2479,0.6385228194852699,0.39197127573780693,-0.2972937997612637,1.0
2480,0.3261937662219006,0.7643785477728094,2.0786515316771794,1.0
2481,0.4508396352421405,0.5382971566344478,1.716685893586739,1.0
2482,1.1589913885417902,0.43298170297313854,1.8414796708776315,1.0
2483,-0.2936932456810706,0.6320030048352415,0.6893160729750296,1.0
2484,-0.5450789870268355,0.08451579290962023,-1.2542873029249857,1.0
2485,0.14673881509102274,0.721535485088542,1.7439904357669413,1.0
2486,-1.0645106401980295,0.5676703760919162,0.09347856160497892,1.0
2487,1.5263499093053514,0.8041806228095022,2.3342974790982356,1.0
2488,1.2602602234465126,0.947044891994205,4.567593086453053,1.0
2489,0.5991231988026129,0.6457694047512271,3.464546739394663,1.0
2490,-0.06928155817536757,0.8501880444133875,2.3359129082104673,1.0
2491,-1.8866307332100942,0.28851771131893805,-1.7263945336477189,1.0
2492,0.6900946315660764,0.7444119144109843,2.008718374622869,1.0
2493,-0.1505339939302865,0.6995286257043117,2.2660199332089257,1.0
2494,0.4590088346522165,0.2479431676541152,-0.6742538164011274,1.0
2495,0.4636479482580654,0.6397537946371595,1.0642627053171814,1.0
2496,0.9135750201906415,0.6995461422796744,2.1098488495328223,1.0
2497,-0.07018077405971153,0.07894059096224464,-1.7642083135337847,1.0
2498,0.44839796882455135,0.5996153499787948,2.134338857993818,1.0
2499,-0.28233183841444426,0.09044079532432515,0.8453540820372507,1.0
2500,0.5956356482485178,0.7338848160520313,2.2908945529743514,1.0
2501,1.5792154180397193,0.6619372446999795,1.6644311351874375,1.0
2502,-1.3940774221352157,0.7999474412532822,1.2518868820083076,1.0
2503,-0.7144150814019994,0.2290899169593936,-0.7371217609855716,1.0
2504,0.38728591728217576,0.5813700934095649,2.238876516605992,1.0
2505,-1.4334911541706168,0.6443260129525648,0.2525446776705509,1.0
2506,0.3230208722788073,0.573538897113183,2.994847567212013,1.0
2507,0.06270308027203976,0.4009072193173389,0.19040510746299566,1.0
2508,-0.025770297284965476,0.6715288994287887,1.9494122510722351,1.0
2509,0.9281665430371172,0.3365732177143534,0.4408038951347486,1.0
2510,1.6285901728506693,0.9496126858356266,4.590682853206005,1.0
2511,0.45962559702666705,0.7510337245948907,2.8994692260307273,1.0
2512,-0.8126505046569937,0.6160081345059781,1.6491793595279731,1.0
2513,-1.3732289452587965,0.09436017237124436,-0.5198405217059043,1.0
2514,0.9142196203429477,0.6910257329544223,0.6582958305947371,1.0
2515,-0.07760450385723638,0.5559173299082982,1.02012990684881,1.0
2516,0.32357175497093205,0.8519711376190141,3.479278625261904,1.0
2517,-0.30856220770006154,0.44992666917133933,1.1191856027191582,1.0
2518,0.45985663029425944,0.5597044997257791,1.5495527340890418,1.0
2519,-0.6121446412895224,0.12749506550988995,0.4643721915652884,1.0
2520,-0.15445323986994616,0.6343896315258087,2.094355652346657,1.0
2521,0.4182639411348148,0.7935243995986837,3.6259356366501403,1.0
2522,-0.7990512899401353,0.6444642633887018,0.8077949934396615,1.0
2523,0.5406403662353507,0.8296279925336287,3.1522285669059222,1.0
2524,-0.3731409555545656,0.25094527614186085,1.25357935866053,1.0
2525,-0.12942681140541598,0.8098940868371663,2.229087951014088,1.0
2526,1.2576495235307306,0.6534817105468208,2.332240099024086,1.0
2527,-0.4647013552606528,0.7221894134289458,3.586444350636694,1.0
2528,0.23128848947387146,0.6368596158779162,1.49731460474723,1.0
2529,0.42398498300099546,0.4602498637734909,2.4563254130638685,1.0
2530,-0.6048491965228546,0.3872711222130295,0.40650563683812163,1.0
2531,-1.088014394497766,0.2905348589107176,-1.3896282578354673,1.0
2532,-0.43046022394603983,0.5722447453458528,1.2932882859647468,1.0
2533,-0.4475458941219216,0.5910747831578683,3.1803744975969286,1.0
2534,0.6802812929333195,0.7775702654839074,1.932110325959536,1.0
2535,-0.09647949947421929,0.5490049025627365,1.3319548712367717,1.0
2536,-0.39423570033854166,0.11641905730494516,-0.5350554037957032,1.0
2537,-0.658166389231005,0.8702949076334724,1.9580336948001968,1.0
2538,1.3815094580194545,0.825620077292298,3.6215209466464975,1.0
2539,0.932904073139819,0.5282474751694047,1.988481600486348,1.0
2540,1.6865735846957282,0.9339943890279788,6.106406232954821,1.0
2541,-1.6452702510356405,0.20539272425122165,0.7910170666974863,1.0
2542,0.5382322735077613,0.8760667350991085,0.6437896358369577,1.0
2543,0.8248859991763762,0.3757095288364805,2.7605974971759766,1.0
2544,0.07205650069377716,0.38336132946858276,-0.19992019555940033,1.0
2545,-0.5869270336042888,0.7294642548499786,2.518545486108527,1.0
2546,-0.1172338665130399,0.35471818008531464,0.8585371216465082,1.0
2547,-0.028108550168750607,0.6264243489453148,1.3698582310693534,1.0
2548,-0.6309114117902793,0.13278402012089865,-0.8378658117352681,1.0
2549,0.18720939432009878,0.4831013095202584,0.7071691150245004,1.0
2550,1.0728954170445226,0.8558224196455564,2.809221651360841,1.0
2551,0.8987271526123739,0.57082008706713,-0.40036505160790004,1.0
2552,-1.8202951076771152,0.36619157497108157,0.24715482757849416,1.0
2553,0.10716205542690004,0.7466337028292934,4.5201239964967375,1.0
2554,-0.6640148334237433,0.6083253829548331,1.8586192115026325,1.0
2555,0.5663514017325151,0.6268047735113037,2.414228847109764,1.0
2556,-0.22566233615040748,0.5842968965940394,2.608043994770952,1.0
2557,-0.9056615858274565,0.1213446851552189,-3.5809800425088314,1.0
2558,0.3295688252253555,0.55862159845771,2.1224681221775996,1.0
2559,-0.7138089582889846,0.19984961433681647,-0.5843961801504116,1.0
2560,-0.1497215838891097,0.6745278781096037,0.5818962269130588,1.0
2561,0.6796351164906087,0.3304241250890195,-0.16326355646594892,1.0
2562,0.7356603638277456,0.9579627760201824,3.6072967814694437,1.0
2563,0.7191781727678628,0.8018960645541535,1.6802019306734033,1.0
2564,-0.5307679441005225,0.7555717854574816,3.640945714416143,1.0
2565,0.9517606734094097,0.8596352405470047,3.4969045577964,1.0
2566,1.5879548591257566,0.8939360284419432,3.547136553467548,1.0
2567,0.49178582805559784,0.4809213037605654,2.424382348930032,1.0
2568,-1.9209780295272114,0.031803481216827745,-3.6182558678080254,1.0
2569,-0.3660331694075171,0.7173148318163792,2.219513446764373,1.0
2570,-3.0400619993552485,0.0200591110628478,-4.757634859832367,1.0
2571,-0.5957535075229496,0.2554571350098763,0.7928802186934433,1.0
2572,0.574511806817794,0.6051177795409503,2.4815597943257868,1.0
2573,-1.1425559599300714,0.2706336178731817,0.5914833509326207,1.0
2574,-0.029234990798993943,0.3529231080682138,-0.9480098085665538,1.0
2575,-1.1218998590073295,0.1496672968125981,0.8497026543716386,1.0
2576,0.29301813553746225,0.6182382262710021,1.0665411452749045,1.0
2577,-0.3529403324830173,0.22878343061280132,-1.0184069667325317,1.0
2578,2.404143555776938,0.9079279055597536,5.221334848721962,1.0
2579,-0.4658306480923596,0.39161413308521886,-0.015479180499414158,1.0
2580,0.4639200989511295,0.6060725671544088,1.7739451954638341,1.0
2581,-0.5167264148954643,0.23312643979648473,0.3695174526920084,1.0
2582,0.2691024972631487,0.48752173240764735,1.4252593503040036,1.0
2583,-0.10311300343351597,0.5602761887329708,0.6182823875710004,1.0
2584,-1.5381540744281632,0.28155018149484423,1.1785496884300872,1.0
2585,0.6797120313975775,0.44685237230814906,0.21712153830778913,1.0
2586,-0.6906832099398513,0.5531096691057047,3.618313762343265,1.0
2587,1.294149598936596,0.914952133382284,2.2389971322982882,1.0
2588,-0.5720640006136336,0.5965356342237398,0.568484242810434,1.0
2589,-0.8290181521868233,0.29373491688203773,-0.21381276699342588,1.0
2590,-1.0303600404883084,0.2630199296319701,0.8397672999249219,1.0
2591,-0.38185528611597686,0.4093689638808016,-0.20572333743517712,1.0
2592,0.5219998743215051,0.5875381617006803,1.5973668469171594,1.0
2593,0.8699936738758789,0.7160890592692989,3.677736470857135,1.0
2594,-0.9334204188956113,0.43436135374911733,-0.47542807703037704,1.0
2595,-1.9075773993954688,0.1385163176578861,-2.9587951308252194,1.0
2596,-1.263204380635106,0.13638083563455963,-0.6588614289085728,1.0
2597,-0.7893146275542261,0.13841653805926848,-0.05846564902549434,1.0
2598,0.22505552175826635,0.7878462386495656,4.493078419493037,1.0
2599,0.01552324503045992,0.30121722096893083,0.7741894805690221,1.0
2600,1.1023438167258914,0.8672327089910696,3.708766460434159,1.0
2601,-0.43376773643342076,0.18099395534640167,-1.3644741699742888,1.0
2602,-1.6412912132441342,0.06572225678811766,-1.5602383973771456,1.0
2603,-0.7566622751929386,0.3506973753543229,0.4454226059161602,1.0
2604,-1.08464029667044,0.29957307076664,-0.09529953629878041,1.0
2605,-1.1924010994872396,0.15942347538356622,-0.3661651478517288,1.0
2606,-0.23134471935165396,0.5347461622560692,2.1021439976837177,1.0
2607,0.23581247163465474,0.32758615408702796,1.0015678013666707,1.0
2608,0.2801387165956407,0.6041451616335696,3.151534108187038,1.0
2609,0.34329242690881234,0.6521714674467761,0.3758059815613626,1.0
2610,-1.1301968474331647,0.32432676106870856,-0.46487339042071785,1.0
2611,-0.2709470152324368,0.8088046963196664,1.1330541632196907,1.0
2612,-0.18365218479842113,0.6518150699069547,0.5831007648863603,1.0
2613,-0.4462992234157428,0.20299981533305161,1.0628978814415948,1.0
2614,-2.4373056496601446,0.10114422825999612,-2.6576218446143063,1.0
2615,0.34074392079440813,0.8559070066764368,2.9010120245456275,1.0
2616,2.6005154157028008,0.935539999886947,4.127240042039887,1.0
2617,0.8310078907818762,0.6397774745633497,0.5287791152860268,1.0
2618,-0.5383867760042225,0.29867543637130234,-0.6129654497118877,1.0
2619,-1.3724805037623466,0.22715888761212186,-1.22888156458917,1.0
2620,-0.11094910802734904,0.7747502428726991,2.346021380726907,1.0
2621,1.7812729605637392,0.8845334281760759,2.406658207264501,1.0
2622,-0.7375899519628213,0.1804190265323278,0.641463409074937,1.0
2623,-0.967863561639132,0.7016214905069525,1.3673534527289266,1.0
2624,0.15405321178302195,0.1275405823872446,-0.37267643012468094,1.0
2625,-0.025858647136103922,0.5414280631542034,1.7331216381256316,1.0
2626,-2.181122579508114,0.1902787553849064,0.501868448621128,1.0
2627,-1.9573983299343547,0.1851360140661309,-0.7084182493013752,1.0
2628,0.9426642229620711,0.8077877161294214,2.6322659596897835,1.0
2629,2.8449235334631306,0.9166685614122655,5.844643511281653,1.0
2630,-0.024277192447716065,0.4453744171008842,2.213688665094045,1.0
2631,-1.7416615920015468,0.5205421493901073,-2.100933446037005,1.0
2632,0.5744181344600864,0.7389839678586424,3.7048409230328065,1.0
2633,-1.9403202764068306,0.09295080029559831,-0.9490926966183024,1.0
2634,-0.5965148370385197,0.3617711700110229,0.9350955592708922,1.0
2635,0.626848067858308,0.4457334051081317,3.0748058965782286,1.0
2636,-1.2391908482401721,0.18974401932583002,-0.614932884936116,1.0
2637,-0.4331975963303777,0.6030476492503272,-0.4245797083264857,1.0
2638,-0.08514998932403603,0.45526166401093265,0.13426124366310987,1.0
2639,0.10494658337941656,0.6655909559903177,1.539915516813489,1.0
2640,0.5091987201726283,0.44070561621655296,2.189058466855436,1.0
2641,-0.13163062599913472,0.6927673950546688,2.2638514811873347,1.0
2642,-0.22584121633496312,0.4895496209586481,0.13040664142189284,1.0
2643,-0.591006083367928,0.3781588390504365,0.013569266229904009,1.0
2644,-0.18098340234729193,0.22726646251933655,0.41619627030210055,1.0
2645,-0.21475070810511973,0.045926412907784916,-0.933074700313851,1.0
2646,1.0544994738560334,0.9376936207486438,3.647652420636744,1.0
2647,0.6436782363490011,0.6563737678530593,1.8791676444403813,1.0
2648,1.495097669341695,0.6928019804540484,3.855254701610362,1.0
2649,0.4337482376216576,0.7255174489865397,1.1149417166932951,1.0
2650,-0.5142784104180294,0.40229739694104016,0.3077475061227694,1.0
2651,-0.5713746446493521,0.304676129718758,-1.002071678518859,1.0
2652,-1.7712148583447793,0.08336125851667898,-3.1631843126569037,1.0
2653,-0.03094447750413528,0.9532562490282184,2.041779720592448,1.0
2654,1.3604776351282237,0.6320184236316573,2.907606826696071,1.0
2655,0.10848388910242342,0.24209847113595115,1.9186171616140564,1.0
2656,-0.844921744057287,0.28526015628225154,1.0208137647851157,1.0
2657,1.0038429892644465,0.6628227440224909,1.5352199280099295,1.0
2658,-0.6848450369779172,0.3895971640859152,-0.9492952598410287,1.0
2659,-0.2864366179569804,0.3526213794855539,0.44740806179650183,1.0
2660,0.43838100305013167,0.8203613240688128,3.4834318725736484,1.0
2661,-0.4485021872683021,0.73396678254417,2.179488620213077,1.0
2662,-0.4009836761961312,0.12614970591332839,-1.318233337214548,1.0
2663,1.066718183633341,0.7491236397340681,2.9834283705312825,1.0
2664,-0.17791973856332358,0.7073730060264125,1.875196987016955,1.0
2665,-0.4532768636616294,0.36325942320962806,0.467799816177375,1.0
2666,-0.8788331520740488,0.28409479369260426,-0.26771907932421124,1.0
2667,0.280860505593892,0.6395488233976685,1.7994916766568168,1.0
2668,-0.5834163772498195,0.30050826148089743,-1.540250265338389,1.0
2669,0.06804480727459591,0.6480832724610885,2.2786412684416337,1.0
2670,-1.8707863466120256,0.2591107913531339,-0.8985567740390643,1.0
2671,0.5020641904719013,0.7930765031215137,3.78854478027439,1.0
2672,-0.8982084287509139,0.24385585352992062,-1.7215498442294683,1.0
2673,0.02505926960030947,0.515152560675025,0.07635067480495716,1.0
2674,0.512447969454757,0.8080680955855477,2.5964370700211092,1.0
2675,-0.7911230321318969,0.30806220399019224,-0.07420258265885371,1.0
2676,0.8140419629153043,0.640542279458684,2.3768744944249334,1.0
2677,1.1952988278865093,0.6073345952799974,3.5761737275787215,1.0
2678,0.40162092800078875,0.7937532489724577,3.3981616515765243,1.0
2679,-0.2923126957294007,0.24830595800574906,0.28449517767359006,1.0
2680,-1.428645712215004,0.15753952690578313,-2.1066321384378996,1.0
2681,-1.223244941319576,0.4672888551214668,-0.06295717147792951,1.0
2682,-0.23406222619847789,0.7972515504558276,4.5077077044943135,1.0
2683,-1.9166022177694195,0.09942617200727676,-1.8947720768022054,1.0
2684,-0.55266488901279,0.5101626692323497,1.5510027571270806,1.0
2685,0.3291502128051977,0.8889309317690656,2.5560720346635883,1.0
2686,-0.06039095538241271,0.5053960140727706,1.5833272191500791,1.0
2687,-0.47841335335656504,0.4332895436825348,-0.4009560985816436,1.0
2688,0.6382438159002107,0.40348939775462267,0.27060151322340775,1.0
2689,2.0764517485044887,0.8605586866807685,5.818689868182583,1.0
2690,0.8162280069968375,0.6413710723726439,1.3266056901665082,1.0
2691,-1.7618914906007597,0.1542323022385977,-0.8563473387504963,1.0
2692,0.44762565378312535,0.8639693933297705,2.6805584281715467,1.0
2693,0.7328132539256192,0.3337922556780269,1.024846124727582,1.0
2694,0.5551324780356222,0.8154852790857126,0.9637181614098353,1.0
2695,-1.4482887603874721,0.2468525087299441,-0.682095509972995,1.0
2696,-0.9142416194979727,0.4896555023675125,1.5726903162120776,1.0
2697,1.5326065234650197,0.6692063571035851,2.2111365889907018,1.0
2698,1.7260632547033596,0.9559247343856133,6.00543110637935,1.0
2699,-1.7813036758026832,0.08846229256661305,-1.3990822029978676,1.0
2700,-1.0103832693442318,0.1115178383681864,-1.5154323930576703,1.0
2701,-0.5086042127653814,0.4536616268217677,1.6176186355457147,1.0
2702,-0.7440824401763656,0.3580202070891671,1.0987824442097798,1.0
2703,0.36589387931992945,0.9662777604292471,4.859102044239606,1.0
2704,0.9739611580037785,0.7196662284867145,1.755302969173571,1.0
2705,0.9862021578501827,0.3869152893276449,1.5935580733679946,1.0
2706,0.5068419632895588,0.4214183875277862,1.0593882305069615,1.0
2707,-0.2238837697713704,0.37693876470491716,1.2854294473622576,1.0
2708,0.00279403582662384,0.6967581334675613,3.347504642594511,1.0
2709,-2.533343414073584,0.18060045028484892,-0.8500100843403535,1.0
2710,-0.9546814494418752,0.6757155106329579,0.3526769086967668,1.0
2711,0.9788936210431038,0.8080903248935978,4.448676450636267,1.0
2712,0.657855004764081,0.36729297781311726,1.0970045140393385,1.0
2713,0.04320888870807431,0.839799642095838,2.101609896810147,1.0
2714,2.133608874749846,0.8116847847356999,3.51852840564218,1.0
2715,-0.1476334558801388,0.04370388085090468,-2.0000360817273846,1.0
2716,0.734099099501096,0.8339485430347036,1.6128149494011812,1.0
2717,1.087031649790435,0.48140314936019957,2.035258843936988,1.0
2718,0.07886354344978648,0.6369814430031414,1.5195653194483218,1.0
2719,0.3686977045498755,0.6912009806724674,3.1311212951518064,1.0
2720,0.30657823874551837,0.7161927245089286,2.3873418301325837,1.0
2721,0.3286091633266553,0.25576035404547387,0.733264730274704,1.0
2722,0.9586175948862593,0.8442023371212763,1.9039792388958574,1.0
2723,0.528123481410214,0.5671088094341923,1.0240377581176388,1.0
2724,0.8139494818841598,0.4381970869257596,0.4996101610288306,1.0
2725,-1.3584992936094582,0.14196184770127648,-2.0631944527153574,1.0
2726,-0.5089221056619675,0.3639002013902336,-1.655935395058951,1.0
2727,-1.1286621767473484,0.43195351819352834,1.1209101536353683,1.0
2728,-1.4524884042140067,0.25810700914728874,-0.32417252086360415,1.0
2729,0.9046363503037762,0.7320137974512801,1.7514944520041071,1.0
2730,-0.702452866880024,0.3504936175834649,0.7381411557091777,1.0
2731,-0.8735476042215483,0.24992331265916642,0.3996269935755139,1.0
2732,0.8935951074917657,0.37678121180573726,3.2943997655121153,1.0
2733,-0.13653356599196179,0.5818950148233559,0.25023928795338124,1.0
2734,-0.9679106196517455,0.13722287733989033,-0.9764472297808107,1.0
2735,-0.87901483134118,0.7841168615026604,1.4247974325586927,1.0
2736,-0.5923854986654045,0.34274588104820986,-0.1159193364815766,1.0
2737,1.6702631182672916,0.8704173525876151,4.47537519093207,1.0
2738,0.021527302579432684,0.41335231135031475,1.3429838971823087,1.0
2739,-1.0760176061080975,0.45125003374354805,0.10195480596760359,1.0
2740,-0.23437607696381604,0.4827876945540323,0.9444570550761247,1.0
2741,2.3417458190556015,0.8413260410661278,4.013278673858482,1.0
2742,1.006119090600637,0.6807988530881746,2.120850312721862,1.0
2743,-0.13848257990396975,0.4622412872363047,-0.3642735352887273,1.0
2744,-1.2124189194334238,0.11289567101728187,-0.3738673153893386,1.0
2745,-0.15326879230626658,0.1667826905196961,0.011370750497010862,1.0
2746,-0.8403037379022459,0.3296070621496992,0.3110258662030706,1.0
2747,0.588211338940374,0.5408577275673125,1.1242532560681102,1.0
2748,-0.5501367213919929,0.20022510593657872,0.26375600111338415,1.0
2749,0.7659734175947273,0.6361246259101647,2.1951109975649397,1.0
2750,-0.5423833847827737,0.5676436634318891,1.4662597117488199,1.0
2751,0.08738681261839147,0.46471350371446135,0.4353199815077411,1.0
2752,0.006699001413891864,0.3044723856544411,0.7213083885556767,1.0
2753,-0.5118510516019427,0.6327106800014128,-0.025171944038804517,1.0
2754,0.9162651239966003,0.9509288772286142,4.282070363154142,1.0
2755,-1.7102376828855792,0.41234179416999095,-0.7812699309642853,1.0
2756,-0.7506721616304212,0.2367920811884576,-0.10274380667321378,1.0
2757,-0.49043361167258526,0.3645822981865841,-0.8942555848731237,1.0
2758,-0.3594989702217599,0.3902892132984812,-0.21707916501399416,1.0
2759,0.5664537567413221,0.5689576524762983,1.6399408727665563,1.0
2760,0.8780897893534547,0.7802244307073404,0.3512999988686407,1.0
2761,-0.4483897131401619,0.47011696444919293,0.039245434274789104,1.0
2762,-0.6623283815444225,0.16994380135490836,0.4045663649620719,1.0
2763,-0.8592976386666207,0.5291918946540045,0.6775187404118367,1.0
2764,-1.7721946004919664,0.1891494308899464,0.5107296803581889,1.0
2765,-1.298214006915552,0.3132732492908583,-0.6966286660242852,1.0
2766,0.19437744739906987,0.3777672603555141,1.7651299638881743,1.0
2767,0.9554350280076842,0.28504841238732126,-0.34242937445990806,1.0
2768,-0.26610982706269576,0.3131783147559717,1.0410174112246298,1.0
2769,-1.0131955829053934,0.18789738769731767,-1.1616837447626334,1.0
2770,-1.329973637768141,0.32310570217743156,-0.46534190560389127,1.0
2771,-0.8469062830365203,0.16361903374904213,1.1586910125379324,1.0
2772,0.6651129409222934,0.7781969016344145,1.7723858847616443,1.0
2773,0.27292756870509094,0.4563964322443977,2.8070231118332787,1.0
2774,1.8074119538518125,0.8652041266125239,3.249633087281084,1.0
2775,0.5280893917856067,0.8876941856702409,2.6803490194495287,1.0
2776,-2.032443310932071,0.16781306025235712,-1.8029349491856905,1.0
2777,-0.09898958417135624,0.40762167218341394,-0.6791116101917298,1.0
2778,-0.4623056665834022,0.6224126569897931,-1.1368443523966216,1.0
2779,0.00941217117197335,0.5285911572288737,1.4083586815890368,1.0
2780,-0.5128246128274898,0.10079681968978368,0.1723747230949011,1.0
2781,-0.4366587022167912,0.6983463716861569,1.6429939148694053,1.0
2782,0.5177410168479002,0.4117281021987086,0.4734302033363339,1.0
2783,1.3376626052455276,0.7297505151223307,3.8331114137160176,1.0
2784,0.7944636581569036,0.7561156671849106,2.204310217986504,1.0
2785,-1.1455730546623482,0.13200869417084984,-1.9606404122202696,1.0
2786,-1.8097633675845022,0.14969676116149516,-1.1649073161711794,1.0
2787,-1.2351522574138742,0.08054183392051506,-1.7371206538314217,1.0
2788,-1.9716928145541999,0.2277343391631652,-1.095542855072945,1.0
2789,0.3444189280184166,0.8896316436282071,3.030329081843859,1.0
2790,-1.4725014618284022,0.2624000400608407,1.63091306903351,1.0
2791,0.25738218129033197,0.2722326020942941,-1.39771529143098,1.0
2792,1.0127817818246032,0.7894864139941362,2.6194873754905164,1.0
2793,0.9713942596781017,0.9045944877011906,2.9853811421184844,1.0
2794,-2.2104676793481794,0.05251808587768885,-1.8517417919915167,1.0
2795,1.4453875610878337,0.8271001614955107,3.7888939763102853,1.0
2796,-0.7804189139064517,0.2985640264654093,0.7732045121487854,1.0
2797,0.3639961388229127,0.6486205222961363,1.439418795694799,1.0
2798,0.01650831973567316,0.78935149501327,1.9098849646555403,1.0
2799,-0.17006414564406785,0.28658476406375644,1.6101910225050913,1.0
2800,-2.2532012063548064,0.10791774363902644,-2.7976174135258596,1.0
2801,-0.2030248669370118,0.2806245563969109,-0.00465809899158115,1.0
2802,0.865533462397634,0.8829334342137356,2.5724408165286423,1.0
2803,-1.5592726960948267,0.4211852009971393,0.36334975557898636,1.0
2804,-0.5353486336812021,0.44636094392641684,2.5664748269960973,1.0
2805,0.370548177432418,0.5524626370235816,1.4934948048033645,1.0
2806,0.34635311639414024,0.19390226467123634,0.535128876208933,1.0
2807,0.2826923585588185,0.1838301804896121,0.2859839631053642,1.0
2808,0.5387099913201054,0.21029277050187817,-0.028977533505937847,1.0
2809,-0.37963972371727184,0.39371504937610324,-0.07126200288930973,1.0
2810,0.2929275492405012,0.6473899000706962,1.0705388157775915,1.0
2811,-1.0946033548790228,0.7573562816552529,2.74152670169702,1.0
2812,0.49041519799148975,0.8624782944283296,2.688073781971316,1.0
2813,-0.5340618597857361,0.4703260160608539,1.0615027948244953,1.0
2814,1.1137054960847836,0.6240156032338325,1.6673619071112862,1.0
2815,-0.06287739342326228,0.47048389487418274,1.6057043492729197,1.0
2816,-0.26569584328696494,0.2761906929487479,-0.06991833964434083,1.0
2817,1.458728537077868,0.6310801452990434,3.4169111794001266,1.0
2818,0.22900714993875262,0.6436518995312818,1.3436104099412955,1.0
2819,-1.1750314479176212,0.09249913658192645,-0.45962186161549345,1.0
2820,0.540956197279651,0.6072528277379786,4.506711593289719,1.0
2821,0.5522366941653257,0.6424968624637836,4.075186584531876,1.0
2822,0.4303001446304744,0.47111172483695946,2.553587990989569,1.0
2823,1.2073109023422037,0.9674903788630528,4.952489165913229,1.0
2824,2.4827607936670693,0.981754234679188,6.495046336947247,1.0
2825,0.2882201795633311,0.46655335450597574,-1.2255543233507364,1.0
2826,0.7293821002843897,0.819548081968008,4.8667426440756625,1.0
2827,0.906533611783622,0.5261718470477426,3.0326111434226055,1.0
2828,-1.3315802218177422,0.2233934100709322,-0.5436236523948281,1.0
2829,-1.6976567828743159,0.12406427240108618,0.09972690361785852,1.0
2830,-2.2682244115731005,0.08135944659646803,-2.3370890812156127,1.0
2831,-0.873366992568887,0.30516578270568717,-0.6816266421075317,1.0
2832,0.08749649035537424,0.8269861678790744,2.3457146309661634,1.0
2833,0.682979408080312,0.9016603813008335,3.2042375839157256,1.0
2834,-1.8375507958471722,0.10554846526021011,-1.9410002468301242,1.0
2835,-0.7930814180038386,0.3143714863665825,-0.36282077319963363,1.0
2836,-0.224045415375094,0.7199376345053236,1.2532688327454047,1.0
2837,0.8225763398079756,0.7905066868733611,2.2574330734596653,1.0
2838,-0.8500293789677424,0.4757224692956849,-0.2359877805645233,1.0
2839,0.13705635113645648,0.4486718170764578,1.1901559258287437,1.0
2840,1.2871277596698756,0.9650941522073848,5.258959289487863,1.0
2841,0.0540313513807597,0.23531199509282819,-1.1763153072486299,1.0
2842,-1.034156874990161,0.30201834188267535,0.544775100515001,1.0
2843,-1.044964388593304,0.19237145694770627,-1.7706212681673315,1.0
2844,0.8880800526304782,0.8100050856890644,3.432784946626644,1.0
2845,-1.7334832927525643,0.732989868068603,2.2167443092191776,1.0
2846,0.9585591122416335,0.47185776873939045,0.2048245460240936,1.0
2847,-1.1080394684644368,0.5856054218026708,2.0302471581461976,1.0
2848,-0.5376976604464112,0.3200196505832599,2.4639207647543024,1.0
2849,0.08593909927155352,0.6462141732045619,2.4897964025139667,1.0
2850,-1.35215970561609,0.2091081256552616,-0.019094183511530693,1.0
2851,-0.8087261333409038,0.48744334250141624,0.1584388877424594,1.0
2852,0.011503164949419796,0.40378685780567347,1.5045727550071484,1.0
2853,1.1202894590174703,0.8791609419678409,2.9419307460856388,1.0
2854,1.8729367575191964,0.8239724494109179,4.964338688150903,1.0
2855,-0.862321204448738,0.2836488574199217,-0.3456704778508016,1.0
2856,0.5518354196636168,0.14997137344199782,-0.17533523595672534,1.0
2857,-2.634407309877332,0.3026703304336604,-1.8192550607111513,1.0
2858,0.22685451572679768,0.5726097775816865,0.6093536282559705,1.0
2859,0.3585953928177858,0.5108702477673724,1.3398210021050272,1.0
2860,1.1915358403254306,0.8164777954276055,2.0947480293532155,1.0
2861,-0.9686266429821474,0.04639718012225494,0.29230105551387275,1.0
2862,-0.17952737963858822,0.7656437199912582,2.7651152160486934,1.0
2863,-0.887916719420644,0.2337917603000428,-0.5227731324218582,1.0
2864,-2.4701583644360916,0.2169055320902241,-0.4103075045563336,1.0
2865,0.8254757478407486,0.727986956140285,5.162634021233822,1.0
2866,-1.3663830458847086,0.16050491021573604,-1.882546607785994,1.0
2867,1.050627254285381,0.9166972076635407,3.763984251308121,1.0
2868,0.2927540402883928,0.6760707173825922,-0.050300769438929915,1.0
2869,-1.3642782029708516,0.8020210662827573,2.463785330347724,1.0
2870,-2.163040745442763,0.14896649357220973,-3.0350010182151186,1.0
2871,-0.5663376017521841,0.5469656707900984,0.7674754046009105,1.0
2872,0.472743490139197,0.8865705219786744,2.049906270374497,1.0
2873,-1.300071480263268,0.3227681216343055,-0.5306238291463072,1.0
2874,1.5107619932346672,0.4500837534300864,1.99928769400249,1.0
2875,-2.5994438498636123,0.06082174363100988,-2.979503524108208,1.0
2876,1.8532418420144718,0.9415326031106719,5.092801657106448,1.0
2877,-1.3695358532690753,0.1599302440443802,-2.468269405962254,1.0
2878,-2.374452450569887,0.09078858646947689,-0.9507217779086381,1.0
2879,1.1723008944902809,0.4228289220561579,2.714527971912036,1.0
2880,1.176734254833589,0.9117362334688773,2.9846066675669727,1.0
2881,-0.5011527738237376,0.06019724757606192,-0.8814056718114245,1.0
2882,-1.6963793177838544,0.10071741058488433,-3.5618897938586485,1.0
2883,-0.049679857788821814,0.28998081228746186,1.0952088333672507,1.0
2884,-0.507674127388453,0.11711782613560844,-2.4171741413382115,1.0
2885,0.024273745389343057,0.44411959459579364,2.401650324128536,1.0
2886,0.736219264144961,0.8884671799674716,1.9475475294284794,1.0
2887,-0.871803950682534,0.2129405588702706,-0.5063763634154689,1.0
2888,0.6773502328267025,0.8706580175256995,2.6227070439142173,1.0
2889,0.6701092610293483,0.42241077917797926,-0.19892437577502164,1.0
2890,0.11363719972741496,0.4816122514919706,1.5754788618043722,1.0
2891,0.18065658739804175,0.690779016368991,1.6720823932313016,1.0
2892,0.7029416402906679,0.959160258113237,2.947818011127297,1.0
2893,0.08773906833264944,0.6431981381745673,3.3769695745527413,1.0
2894,-0.1257689761784457,0.43593626659659984,0.7598687394839774,1.0
2895,-0.9630274532590842,0.6886147811775608,-0.5204840871140912,1.0
2896,-0.9319601083107076,0.28599651168943413,-0.754578383152313,1.0
2897,-0.8435915885541279,0.5748025114358677,-0.29350435069265357,1.0
2898,0.8427484902698472,0.646988709492161,2.146366729826587,1.0
2899,-0.4571495846158607,0.21851658225621118,-0.2619100107485575,1.0
2900,-0.15287384431199302,0.3255138283118708,0.1778345051309911,1.0
2901,-0.5627230915699724,0.14057135040890373,-1.1982107241443636,1.0
2902,-0.4384030665406581,0.7287810607371771,1.2713470472062642,1.0
2903,0.8933115465631976,0.6212019548153495,1.452407543495824,1.0
2904,-0.40401982892141003,0.17306196428286108,1.0165387546942164,1.0
2905,0.5027811789267126,0.3810811703823475,0.5113961048534714,1.0
2906,0.49655278063065955,0.8585968031334882,1.8694795033370688,1.0
2907,-2.0261437412029393,0.25482155626313785,-2.083838317769967,1.0
2908,0.5606896554205997,0.8352242850568551,3.1798423113969756,1.0
2909,0.24570031202842407,0.33352640269044925,0.9818368459549136,1.0
2910,-0.24162425623489933,0.3893123025982582,-0.5829292698136161,1.0
2911,0.13405757811231284,0.15127838830899176,0.10804998516684,1.0
2912,0.034684927546474,0.4187955278265227,-0.0781732873127855,1.0
2913,-1.4997766772399435,0.16633006590793728,-1.338389791051373,1.0
2914,1.1901357929140952,0.44219718680369213,0.5220119353132613,1.0
2915,-0.005335828375262978,0.5814911427310537,-0.557009672661146,1.0
2916,0.3803709868820972,0.9149556489343135,0.7925509196467142,1.0
2917,0.8926777169960218,0.2801714225171989,1.80745154680062,1.0
2918,-0.11885348884424944,0.46680200960160345,0.5301032247028583,1.0
2919,0.10944676525430529,0.6664608493260068,-0.19599915089419095,1.0
2920,1.084592903159086,0.5006019285870499,0.746046305967248,1.0
2921,0.48997161035357456,0.7788453065440321,1.32448908123789,1.0
2922,-2.8365776253381147,0.09661606781988692,-1.7890453144097054,1.0
2923,-1.1761449637486467,0.44798847929680874,0.10528815873511799,1.0
2924,-0.26753386382629374,0.5287252391824714,2.1891928978320534,1.0
2925,0.4609960870747894,0.37732069867260604,-0.8231704200389498,1.0
2926,0.054604221920845845,0.45441082494679325,0.651480232955188,1.0
2927,1.7686362606280668,0.9738838095198473,5.637304033308321,1.0
2928,0.4847512542892543,0.6094132917532528,0.8211176040876875,1.0
2929,0.15789597497197258,0.7226194073056016,1.6243682618450623,1.0
2930,-2.1779289111900884,0.013917954684738769,-4.037002538816768,1.0
2931,-0.6740021939102541,0.26370703515796495,-1.622791778033235,1.0
2932,-0.9003907624714296,0.5622175666656328,0.6170184869576594,1.0
2933,0.484625324506875,0.31227011141619015,-0.33864802101858427,1.0
2934,-1.789650686065395,0.4284935932331538,0.27064939328688636,1.0
2935,1.239497138502439,0.847980824527288,2.546484107837128,1.0
2936,-0.8595473733824371,0.5825708792058644,1.4699781868539494,1.0
2937,-0.4394202948234389,0.11695445858984153,0.6065701683571771,1.0
2938,-0.21538488911269732,0.8077454552631352,0.6724526778896265,1.0
2939,-1.5923350014407889,0.18123362530064677,-2.230030451257514,1.0
2940,0.5922958708337924,0.6457641987400625,3.4803011504885184,1.0
2941,-0.8829908628220214,0.2839709601096572,0.09227831669421416,1.0
2942,0.625819172650885,0.225408634317698,0.4313438890963606,1.0
2943,1.5824882221181495,0.6430591572601506,-0.780893996525069,1.0
2944,0.21903292937441626,0.6116640951773816,3.230287939541548,1.0
2945,1.4782204594158854,0.856288873200588,3.025985671636703,1.0
2946,-0.4015148123192743,0.5151884305674951,0.1645711526101048,1.0
2947,-0.8315783778763552,0.4004524846684634,-1.4294995257302583,1.0
2948,0.5741963675233154,0.7202774623807969,3.2024763860971754,1.0
2949,0.8446788551883345,0.710916851227718,3.1478915840945625,1.0
2950,0.010631773854934662,0.5703969398467968,0.5840984946096136,1.0
2951,1.0209651364473287,0.7681213557992227,2.4621966781879054,1.0
2952,-1.2896135025519377,0.2858395260270324,-0.6480005639599726,1.0
2953,-1.1061011163808072,0.4706535289650178,0.4600836620100382,1.0
2954,-0.565738705159249,0.5431174006154856,2.335844103415371,1.0
2955,0.5402596110517975,0.8731498645329767,5.196336468400126,1.0
2956,1.3544354158503562,0.6152213603146205,1.1831590497214612,1.0
2957,-1.351102769443994,0.0988374479862637,-3.925785674166999,1.0
2958,0.5025342975601035,0.7597893341381518,2.725030081216499,1.0
2959,-0.47518421854332177,0.19264934910744258,0.00010098771458139089,1.0
2960,-0.7460200081046309,0.27714788753679814,-0.42373802490445006,1.0
2961,-0.569981353726037,0.8697201888504275,1.5585224352391627,1.0
2962,-0.18434425132758006,0.7743590792758286,4.1536586237303,1.0
2963,-0.5936703395416402,0.766594836762065,3.854130798969583,1.0
2964,1.853539745695051,0.7522116435359423,2.9396095194510248,1.0
2965,-1.374772431603973,0.12206169406397052,-1.9176511822401539,1.0
2966,-0.6690798647537202,0.2960280751550091,0.7829205606702397,1.0
2967,-1.2283593286416579,0.24609690025606926,0.10220437436870355,1.0
2968,-0.7604595315408001,0.7038045353977147,-0.11035784536534554,1.0
2969,-1.1967968312227548,0.2072175037911475,0.709396279867174,1.0
2970,-1.5300524693703261,0.38060329868225645,-0.730175356597095,1.0
2971,-1.2779233251821498,0.2883494160632669,0.18854779345357187,1.0
2972,-1.358856776085175,0.1941600324133182,-0.5316259848253475,1.0
2973,0.5373578902867927,0.4558129144272669,2.0040523312189875,1.0
2974,-0.8525368494163865,0.3410263648701159,-0.15105734797754655,1.0
2975,1.3447193402760402,0.6818020881333566,0.2388045664770102,1.0
2976,-1.8578300148144027,0.3171225574325664,-1.801212747407279,1.0
2977,0.0034464035858320944,0.34940269993263323,0.8642913421765949,1.0
2978,0.42426594173808424,0.6144056673622311,1.8809012040232127,1.0
2979,0.22698247495422047,0.22149298294921443,-1.5655731641588582,1.0
2980,0.06259867744123825,0.2729868479925535,0.9101724282995859,1.0
2981,-0.9381236199425275,0.2842076425440624,-1.8875942268796821,1.0
2982,1.093052298925577,0.7839485895289234,2.810396722263221,1.0
2983,-0.4123292304510166,0.20263329808924693,-1.1067559178525193,1.0
2984,-1.2148664542176701,0.5439326270120413,0.35455786235428116,1.0
2985,1.6105710742129897,0.7664923816662407,2.2808099201998298,1.0
2986,0.737836718277266,0.7353258124698311,2.7940498536327194,1.0
2987,-0.16090216599910956,0.22584822221778894,-1.2445573268446621,1.0
2988,-0.5092248445249243,0.39735356710408054,1.4520591780046943,1.0
2989,-2.3848030141476793,0.10906218123902868,-0.06666561237264967,1.0
2990,0.8326182294242686,0.5912937976047877,3.7426465928283843,1.0
2991,0.8274012450998789,0.8267477180069918,3.5038026181646447,1.0
2992,-0.6745582236550078,0.37393649166646303,-1.354684450776643,1.0
2993,0.09232088334078876,0.7635268620014525,1.7931280218121735,1.0
2994,0.6708316901148502,0.6027081669506221,2.355829798786117,1.0
2995,0.17338285098337583,0.74478898515143,2.610904538718718,1.0
2996,-0.16372077358511397,0.6339891605653161,2.2409724051646895,1.0
2997,0.6429601369827584,0.8026237268871285,3.6693938668417725,1.0
2998,-0.07044104848454552,0.628539047500131,1.5162188573265978,1.0
2999,0.5979312680772303,0.49986354000894095,0.43950287766117946,1.0
3000,1.347583216867407,0.636016747501759,4.818724869598938,1.0
3001,1.3025645087445061,0.6473361071945407,3.3045747463449544,1.0
3002,-0.4860434218977162,0.15276026567963805,-0.1072290087569231,1.0
3003,-0.402060163784262,0.3267106524117235,0.9835715964191792,1.0
3004,0.04226994416459808,0.45460150030897856,2.8798009056211957,1.0
3005,0.38088727126121746,0.4213868058448724,0.1418899494979785,1.0
3006,1.4606647374906463,0.7810180098275391,2.92747629491872,1.0
3007,-0.05539675396644907,0.31632805360207195,-0.025922936008425657,1.0
3008,0.5561766238299783,0.7066989461786932,1.3792014326283422,1.0
3009,0.7202052965491028,0.689210900903999,0.6566406413284753,1.0
3010,0.6576826295812193,0.8512790032354254,4.061809865673713,1.0
3011,1.1226878931133049,0.7386977083358784,2.439397724244296,1.0
3012,1.2832515379907723,0.7889050238270705,2.4268546410062886,1.0
3013,0.8642628508016228,0.8861209747489185,4.557039047039855,1.0
3014,0.6263337497028142,0.5746774661062072,1.9613933112743742,1.0
3015,0.672408098907776,0.42937296386983526,-0.3082472892947472,1.0
3016,-0.7001447984075668,0.35741533455037233,1.2133902661095561,1.0
3017,-0.002747110667379238,0.9392975090227782,2.987457427117853,1.0
3018,1.0011630155172897,0.878262687191464,4.792956927073993,1.0
3019,1.9710086253604526,0.9758408249390296,4.478450332538949,1.0
3020,-0.49093534556163093,0.7447522616427087,1.3574821067640277,1.0
3021,-1.3908505900198889,0.08007379143938186,-2.9086534728832945,1.0
3022,-1.4034922655732527,0.22187510892248619,-0.4761827723834369,1.0
3023,1.3793866627834184,0.8695800672963593,4.680440383890469,1.0
3024,-0.08549624003373602,0.37359269944291146,0.4163275829566484,1.0
3025,-1.4482989252738112,0.2979188983447798,-0.30739676539907923,1.0
3026,0.627292691717123,0.6865470030282773,0.07048425575911121,1.0
3027,-0.7932973467035572,0.19587638056876575,-0.8740967856315516,1.0
3028,-1.1868147356773504,0.11535570613198436,-0.5716596283997668,1.0
3029,-1.5764048781249531,0.04117137407320289,-2.9031636982940796,1.0
3030,-0.025666353192260145,0.22482191018354597,0.40234651492711304,1.0
3031,0.0876505313348808,0.8175378545466001,2.1975363034619804,1.0
3032,1.7925203764938884,0.9798375029988476,6.1861500238608995,1.0
3033,0.6705415417575943,0.6013296696632893,0.8180880537637316,1.0
3034,-2.533481903441737,0.1973270487736169,-0.9204417953755244,1.0
3035,-0.5825398689387236,0.768318894934848,1.9840606347608634,1.0
3036,-0.7822051136153063,0.3694236685493867,1.2318172322003451,1.0
3037,1.4747562444968694,0.49693882014808777,1.5561657919653085,1.0
3038,-0.6258262373460487,0.04402784772184755,-2.9251879358211816,1.0
3039,-0.7486126365361652,0.5960517732210076,1.6477817862741788,1.0
3040,1.0399285596712138,0.8599425154871998,5.2592699670392555,1.0
3041,-1.1284842382252958,0.31788760353997314,0.31529147078233266,1.0
3042,0.9204223303565309,0.8912528952756292,5.242137036549996,1.0
3043,-0.343033687813979,0.2524107112904455,-0.04478327148053246,1.0
3044,0.38064099528200873,0.33855226813217737,0.6502282015155807,1.0
3045,-1.0403134531441236,0.22012893221009333,-2.8537765698192734,1.0
3046,-0.44779902512542263,0.12221931359922301,-2.230889175751362,1.0
3047,1.1097574563729753,0.4797357104648802,2.13764466613335,1.0
3048,0.7173195760189364,0.8792150228455099,2.5098600406352607,1.0
3049,-1.2450625561305009,0.03952290393843501,-3.0904421876307806,1.0
3050,-0.30886900581917814,0.45183703005682263,2.62408573264657,1.0
3051,-1.2505343591489086,0.4306856806752512,0.4254561827196352,1.0
3052,1.270991162712263,0.9416538169692248,4.5419450574652505,1.0
3053,-0.24717431529703993,0.4052392379034181,0.6593920856992833,1.0
3054,0.3834461563596421,0.8048108184296249,2.0874131760880266,1.0
3055,-0.7394277110534192,0.09559350825157235,0.44578180395426004,1.0
3056,0.23926871197929894,0.33217877952799474,-1.338378839603693,1.0
3057,0.0676854363376592,0.4737728192081298,-0.6728642923152117,1.0
3058,1.7661928285688822,0.5747935327963415,1.2939801157269197,1.0
3059,-0.5023213710539051,0.3980113766129965,-0.33154438456012725,1.0
3060,-1.8043167043188817,0.10643502222212041,-1.4136612962093704,1.0
3061,-1.3860534315042947,0.06931568711556972,-0.9804284111023917,1.0
3062,0.8746397988980498,0.8386745526739091,2.2336390027485864,1.0
3063,0.6282905342087631,0.9389597599668286,2.8166317369869263,1.0
3064,-0.2870246681258031,0.5786396269742387,2.668393901304437,1.0
3065,-1.2058751968945414,0.4616358583447594,1.1251244886026734,1.0
3066,-0.41731487215465884,0.27925147758619817,-0.6624121769516217,1.0
3067,1.48586160801555,0.5093738262200342,0.4680004989816151,1.0
3068,-0.2561405098682009,0.6916570466450311,-1.1269416424983616,1.0
3069,1.3316351118778222,0.3381536202936547,-0.13412419838055856,1.0
3070,-0.8668857807096,0.6020249259925012,2.081066040158694,1.0
3071,-0.028715388254724476,0.425734788059387,0.193295746867846,1.0
3072,0.763857311018564,0.42517027224956155,1.8604392278179955,1.0
3073,-1.2877501034381655,0.1655676104948923,-0.5723908593491844,1.0
3074,1.3740197362080446,0.7791899834780308,4.222484612697504,1.0
3075,-0.5360573921239024,0.3485690098806299,0.28046359539391724,1.0
3076,0.41774514822198844,0.39953503778867244,0.6960430989590047,1.0
3077,-0.4258032236624043,0.5492157079018736,0.8177360518616087,1.0
3078,-0.9561212346080268,0.2859478136475328,-0.6659135684008808,1.0
3079,0.37592284620544303,0.6345252009749572,3.299893269318103,1.0
3080,-0.7219909922648464,0.6259296668064792,1.7401671136355006,1.0
3081,0.9912670410741187,0.7797183064547445,2.65153707751995,1.0
3082,-0.3138601810063323,0.46098534801562463,0.5292055013016697,1.0
3083,0.3502121628078717,0.3809729233560923,0.681770535576391,1.0
3084,-0.43333630079970015,0.3032463534572985,-0.7844112099393852,1.0
3085,1.1956758474892548,0.7450213729450871,2.752858098759769,1.0
3086,-1.6246753555149631,0.36241193644385616,-1.6646504591676758,1.0
3087,-0.6342473469928962,0.44154796801817403,1.0957408932789288,1.0
3088,-0.7217365912824062,0.6644658644748276,1.9978004071112738,1.0
3089,-0.4972578655697932,0.4485402253061387,0.24768224742653572,1.0
3090,-0.5136619207780834,0.2529445488593958,0.43831206187900007,1.0
3091,-0.9290468014472663,0.2543341938491713,1.2950933861232612,1.0
3092,-1.216927620992653,0.09265602113291845,-2.5081227036727833,1.0
3093,-0.33322333218822997,0.4717147439685974,1.0680073772561476,1.0
3094,0.20242400607453714,0.6973703278983524,2.039807407909659,1.0
3095,-0.5804358623655869,0.32754125719919563,-0.1570098837212257,1.0
3096,1.1027461265513672,0.9586568120166568,5.157951643552648,1.0
3097,1.7100090312720408,0.9309935496822573,4.985826878808145,1.0
3098,1.910488766954885,0.8902301381594265,4.27693088141313,1.0
3099,-0.3387896162135035,0.19349286079939013,-1.1024258420490232,1.0
3100,-0.01293036465804578,0.23352477144963632,-0.6847814767317019,1.0
3101,-0.972075677671291,0.2582798378058105,-2.0798681448120595,1.0
3102,-1.9311445690793352,0.11029393555914957,-1.252324728395931,1.0
3103,1.5166178481390746,0.9552434284960317,2.9929541639822803,1.0
3104,0.5653587099874823,0.6264873099184133,1.5530656635500986,1.0
3105,-0.2860294108714876,0.2020655139716191,-1.3809143194750015,1.0
3106,1.7282616734238616,0.830297794143294,5.450180658019456,1.0
3107,-0.9901177217331439,0.3991828970460318,0.205983696923734,1.0
3108,-0.14973881030500516,0.5550934181495131,1.1686934115146332,1.0
3109,1.1061743766629637,0.8939537318145573,2.7964237798264007,1.0
3110,-0.42123022286910367,0.7854470809330454,2.1562626498203183,1.0
3111,1.5411756888839088,0.26430664909134616,1.4562861555749058,1.0
3112,-1.2043863007688094,0.38418734748222216,0.10307215412146574,1.0
3113,0.580198416262231,0.6895953062580716,2.7032721620069475,1.0
3114,1.1385100961817396,0.6913668055194284,2.769292494579905,1.0
3115,-0.9948693621118369,0.44541096783824935,0.22052739189553955,1.0
3116,0.7986589028993425,0.7345883694213343,1.2959490607725521,1.0
3117,-0.05863299042967527,0.37268808946270743,2.200484684350914,1.0
3118,-0.8351288644848532,0.3132251657955015,0.17333769831684948,1.0
3119,0.9712652947798284,0.646162242191526,0.5803207524349279,1.0
3120,-1.3482832131234292,0.2648776673989672,1.423466625586554,1.0
3121,-0.20305582333633687,0.6353158598087518,0.3560420187072115,1.0
3122,0.4286347683389649,0.5211060400673693,0.9096591710212406,1.0
3123,2.5275698498355563,0.8801344898311355,4.115899272896737,1.0
3124,0.2976544430171619,0.5768891325259409,1.0343630222581548,1.0
3125,-0.44622041992795936,0.7118689701536666,2.2354935813281487,1.0
3126,-0.8981954264338284,0.46032857037734504,-0.2846818650744829,1.0
3127,0.7480479026001825,0.8875650749170534,4.279714757561308,1.0
3128,-0.5144640699606606,0.34474849148770687,-0.6512951479169489,1.0
3129,-0.9883565114198705,0.132232230941816,-1.3788752208791777,1.0
3130,1.7871293218283093,0.8877759530258933,2.6221959617814763,1.0
3131,1.9573090600361132,0.6600265177215715,2.6213771851273533,1.0
3132,-0.7702969812781828,0.1918834866068044,-0.3869890336311466,1.0
3133,2.961843758084218,0.8096231001292128,4.717363602965936,1.0
3134,1.0466035862956962,0.7653185442980165,2.370520616648582,1.0
3135,1.1106385167454993,0.9199879145385208,3.7732195642418316,1.0
3136,0.24030634094320655,0.18504949265293127,-0.050919005747405786,1.0
3137,0.4152978123597794,0.6498282469249754,2.020270672256192,1.0
3138,1.2836729545390975,0.9748387332722175,4.900395594759033,1.0
3139,1.371785394528156,0.448980961472729,1.7635367894576126,1.0
3140,1.1986677562839396,0.8360698504929658,3.3763640351299067,1.0
3141,-1.38917804410751,0.32582948515206595,0.7544335875884609,1.0
3142,0.8060060026459583,0.8909321711962357,4.562679851990916,1.0
3143,0.7937277111622006,0.597504141206385,0.9463474133958256,1.0
3144,-0.65416547761825,0.12088874734715183,-0.4977137249583111,1.0
3145,1.3655603691812295,0.8623466455496637,3.5292373582246515,1.0
3146,0.23403839671680338,0.741120846418577,1.7732374173658378,1.0
3147,0.2159996904906546,0.6739409955062977,3.743774166087025,1.0
3148,-0.8202322582174161,0.34012065331560987,-0.823528031519921,1.0
3149,0.9152238884445786,0.753077663231996,2.762663605563577,1.0
3150,1.4305998498812846,0.9489131504539716,4.428437517409156,1.0
3151,1.444880795835206,0.9271167363057046,5.727242627607399,1.0
3152,-0.6522698889197945,0.4517584878705459,-1.0595080170396607,1.0
3153,-1.0585736032820952,0.23235557109672952,-2.108301875781044,1.0
3154,-0.9696572996355561,0.21084544629250282,-0.8044476609205892,1.0
3155,1.1670108009429154,0.6016389664975923,2.357039305177077,1.0
3156,0.010101901311929359,0.5241894016975366,1.0906662338413737,1.0
3157,0.6376701343730976,0.39410151808991584,2.290159493169253,1.0
3158,-1.679856113139236,0.18974979476405893,-0.49822821704998527,1.0
3159,0.22748853113707543,0.4826263131935953,2.409990579842683,1.0
3160,0.2664327646447577,0.47726336247372697,0.01705481342651738,1.0
3161,-0.4026554557181892,0.5865635733145019,0.07153264360093692,1.0
3162,1.5366712347025633,0.8367031601841608,3.62635567275838,1.0
3163,1.264512655387832,0.7792782810908855,4.134394862313599,1.0
3164,-0.04653910826898236,0.3437905857355672,1.736995522964041,1.0
3165,0.14044170620295568,0.3377748675446593,0.5307326972628875,1.0
3166,-0.8975493526553155,0.10654131386421103,-2.336255407436509,1.0
3167,-0.4806568815889588,0.2863800139741891,-0.059863768984875144,1.0
3168,-1.4793850248150553,0.15703613536296884,-1.459732425942676,1.0
3169,1.142701244672227,0.8641639562410564,2.867174638204336,1.0
3170,-0.9744570675049483,0.1439493803678202,-2.0692680600084246,1.0
3171,0.43233263780439546,0.7648706350719885,1.0484567343129203,1.0
3172,-0.7964459459117127,0.23924876278487384,-0.951705822315161,1.0
3173,-0.7940716562070026,0.41472018955947904,-0.3865701354301262,1.0
3174,-0.7889973030210697,0.6785173415525675,0.853594263129022,1.0
3175,0.1206675731341423,0.9098694496804628,4.22632599743926,1.0
3176,2.3140660435663505,0.9904715866546514,5.733364006409414,1.0
3177,0.4820597911387401,0.3820065687107143,0.5559638934016025,1.0
3178,-0.7213002223586468,0.36859379326160324,-1.9766316703296205,1.0
3179,-0.8871422320868297,0.07362990371501978,-0.8133484572824539,1.0
3180,0.6005929596332558,0.6728360181489269,2.5047890599214164,1.0
3181,0.15403585526023955,0.9156483305244846,2.8519817534835066,1.0
3182,-0.957907251472962,0.21179561789011597,-1.96011799332925,1.0
3183,0.20354189735627104,0.8409846374547212,3.2875331861132864,1.0
3184,-0.5296709965932532,0.608776918016943,2.5451344699817997,1.0
3185,0.48562924511217664,0.7275178907268486,3.0107031526678116,1.0
3186,0.3588331001270124,0.8573959897270326,3.428063656805729,1.0
3187,0.1145420660767279,0.60219527352097,0.8277014085092169,1.0
3188,-1.4672590993434973,0.1987161713227922,0.8398180138325293,1.0
3189,-0.8584060549675485,0.48754126403230846,0.46288640705274714,1.0
3190,1.1864824771470812,0.7536095091717914,2.6007778981599787,1.0
3191,0.9796440413021922,0.6420305342769981,1.4776805644918451,1.0
3192,-0.4675274816725826,0.7687769215518332,1.5634860627345124,1.0
3193,-0.5423952359533073,0.4971149007502427,0.43097753405531963,1.0
3194,1.4120433969684034,0.45596407160659536,2.7540512616780637,1.0
3195,-0.3996589982077315,0.2620076559072428,0.028616971832254152,1.0
3196,-0.5124799642931422,0.3934848888225974,1.5715464874647163,1.0
3197,-0.4289437253790071,0.49616475721585873,1.5422106601461698,1.0
3198,-1.6449767137780082,0.1407029741951423,0.07284329264781486,1.0
3199,-0.42119932334630944,0.20343590561637293,-0.10683006272646861,1.0
3200,0.23247359449352978,0.37193144950454715,-0.27437440913833033,1.0
3201,0.6754120034038328,0.8831917372361632,3.4484074285619704,1.0
3202,-0.7617535456381135,0.8110468818387734,1.9703186035206335,1.0
3203,-0.5360628619432924,0.5694981261957301,0.8340638349282035,1.0
3204,-1.477405839433899,0.2061026693729007,-0.690397214505702,1.0
3205,-1.4537774089989715,0.10488383360653357,-0.6984961215275943,1.0
3206,1.360673589538875,0.7780078774207236,3.175668145526898,1.0
3207,-0.9371178756857939,0.15848758915090136,0.5541500646704309,1.0
3208,0.5197768708986248,0.7512933389432591,3.12301757414882,1.0
3209,-0.8830008420746535,0.25656040198923147,0.5775191452944836,1.0
3210,-0.47372043367756844,0.7422971902989929,3.143566188470823,1.0
3211,1.5464193665820472,0.8406999605857726,3.195383713562385,1.0
3212,-0.409558660089828,0.33208621747818895,0.8067539430045366,1.0
3213,-1.3084305951477013,0.5890144622817318,-0.41279433271017774,1.0
3214,1.0447849695541405,0.9377883260705059,2.997027656696086,1.0
3215,0.13990334701964985,0.5899887823431571,0.25476238353974945,1.0
3216,0.5595468101596248,0.3800492092337644,1.617073493859174,1.0
3217,0.21896996811424713,0.4186945871301093,-1.1316805239455068,1.0
3218,0.29779635150663036,0.22429461080506294,1.654893159610887,1.0
3219,2.8111254300210478,0.9961937719951602,7.612159983430162,1.0
3220,1.0657541442463114,0.7410123681067475,3.5855321223591643,1.0
3221,0.31543958173432135,0.21893904907165238,0.3000409011631902,1.0
3222,2.5392613894332907,0.9778471000402345,4.149230419854212,1.0
3223,0.6999470384682748,0.8823372876528781,2.3284419283487425,1.0
3224,-0.2963023468539049,0.4312710554824123,2.459864977151256,1.0
3225,0.6969664855761195,0.5371805012352254,1.5728762927962943,1.0
3226,1.3427052298802857,0.8737637194069188,2.7556262599667174,1.0
3227,-0.178454755391567,0.7945800267612546,2.8616809009048136,1.0
3228,-1.2218915251909808,0.09088605444787272,-2.706873720655591,1.0
3229,-0.9651358076035997,0.5626732479298904,-1.0241121631706354,1.0
3230,1.9693065460041717,0.9581407194304702,4.860207215196703,1.0
3231,-0.7288134743094393,0.5121739257097537,0.012264005469268757,1.0
3232,0.20708706965547477,0.5841869171289891,3.8197261650030527,1.0
3233,0.8453019171867312,0.6947430572268458,2.8025016278134878,1.0
3234,0.8507428300742936,0.9354857706476047,3.179777190137502,1.0
3235,0.9465461010890115,0.6171755286564818,1.446436091727724,1.0
3236,0.5004977640498051,0.7989582869250426,2.689200500811963,1.0
3237,1.8211684839067175,0.9479280107827451,4.583678130920754,1.0
3238,-2.0765348707403524,0.027858711263798356,-2.6470231691331287,1.0
3239,-0.7006625979949898,0.36527138967102163,-0.737311033716163,1.0
3240,0.7257460739223665,0.6439256767845734,2.9916355090853632,1.0
3241,1.3715207527028903,0.8359533159237649,4.641214728082037,1.0
3242,0.24595902596360436,0.35422343603926865,0.6396966653011502,1.0
3243,1.0909184791885502,0.8379581055812785,5.281952585026298,1.0
3244,-0.7414033013532448,0.7993632051071915,1.9314599436219908,1.0
3245,0.8859720285683822,0.8748570329809952,4.6740891177500945,1.0
3246,-1.338806734210182,0.5477071834398992,-0.38153499611399977,1.0
3247,0.49943501301969034,0.9419784714791393,3.5468276459335293,1.0
3248,-0.11729591236661849,0.5784058426173008,2.443789650055372,1.0
3249,-0.8353953684932931,0.20487590688707982,-0.3549832969657908,1.0
3250,-0.003753411810930494,0.7650568242544006,1.606268489104209,1.0
3251,0.3060730172169535,0.6920373026235914,0.8257331592620034,1.0
3252,1.0819725150462094,0.630218834190448,2.7176202784614483,1.0
3253,-0.8267076672322956,0.31693537437651487,0.3729699743103435,1.0
3254,0.6915177188349618,0.7566273159527495,3.264266412820068,1.0
3255,1.4350132842594212,0.7443961612723508,1.2935793317582238,1.0
3256,0.7702201765871252,0.7614899989914203,2.3715775510905166,1.0
3257,0.08375129221112186,0.8021235742988058,2.3703785338425045,1.0
3258,0.3001608284546357,0.8042357421729934,3.149203006755293,1.0
3259,-1.7163743027900202,0.2795894196404195,-2.845941135000907,1.0
3260,0.7536965168789761,0.8148101544148085,1.4407980683886477,1.0
3261,-1.2650210573274518,0.6386589991684976,-1.8319788658317542,1.0
3262,0.18479890911704894,0.6527675293708758,2.1851576637306196,1.0
3263,0.4947718979813218,0.642970803227728,2.7261854615516405,1.0
3264,-0.9232885439849842,0.3606930744028504,0.3185918621749232,1.0
3265,1.9873898497659837,0.9520849384258306,5.051872041948992,1.0
3266,0.3192919831392306,0.46367131329532957,0.48817759617866785,1.0
3267,0.16569218247944403,0.912574750721053,1.4775160951014146,1.0
3268,0.47552304895306996,0.6966475208064818,0.9397695294741377,1.0
3269,0.37073701181708285,0.7485869903776127,-0.6363096726877591,1.0
3270,0.3532866287323506,0.2393968396071837,1.3045865323937935,1.0
3271,-0.530815671967763,0.20651993869911583,-0.2395830969267168,1.0
3272,0.3469799449964195,0.3218334248460775,0.22684129244957746,1.0
3273,0.1367164366814584,0.36600084156642715,-0.1380716847600083,1.0
3274,1.231910939310577,0.6867264680072718,2.126048476668421,1.0
3275,0.12643266919611745,0.6494797189652906,1.03807209628583,1.0
3276,1.044999409119392,0.7508292693738976,0.5921102428694558,1.0
3277,-1.5199031784746329,0.12730832153498475,-1.1180255619317523,1.0
3278,1.2096806534532627,0.8482722472538845,4.225808516347768,1.0
3279,1.9324108189571705,0.9868622028536669,5.332230703923814,1.0
3280,0.683326773842183,0.6708500129431736,2.7658938148854446,1.0
3281,-0.01903592353175332,0.4884550187959872,2.1517819887777323,1.0
3282,0.9570584298453826,0.8063298774202913,1.275264487809458,1.0
3283,0.7076374622319497,0.43404248216685604,2.0217994575065923,1.0
3284,-1.5080408086892187,0.2444546539404528,-0.7415239956927713,1.0
3285,-0.1592564829666039,0.5050182912783081,0.8200537585539562,1.0
3286,0.9445360429643014,0.5646217873548159,2.092180096599949,1.0
3287,1.9628199327036115,0.9529552385256178,5.077462275160828,1.0
3288,0.7733050630182404,0.47455213325340756,1.7026506620694453,1.0
3289,0.20609258911348335,0.5603512984260139,1.6801105510053536,1.0
3290,-0.9131877850487534,0.3903522561016334,1.1342403814888007,1.0
3291,-0.8991648778208448,0.35903713633770973,1.405252107104555,1.0
3292,-0.7154469585634703,0.5585045795978445,0.17930361031697506,1.0
3293,0.6436304389685155,0.6144381140852097,1.9964799550698,1.0
3294,-0.012824155063833807,0.9311912920506499,3.9951647748579058,1.0
3295,0.14030502038808843,0.6154393826554451,0.627054676837357,1.0
3296,-1.0077612478132254,0.19721285162402621,-0.8060245513933896,1.0
3297,-0.22300692885751408,0.2820138299191083,0.41741944988061924,1.0
3298,0.5075450059732628,0.6811062777205058,0.6051092771088409,1.0
3299,1.3216245059986675,0.8017885876629024,1.8311745967240614,1.0
3300,0.8776655057918846,0.7096994191636209,4.145467149576469,1.0
3301,-0.4275725512036957,0.17446602076235307,0.7585889473331103,1.0
3302,0.18441557137867207,0.8579046028627335,2.125161857679917,1.0
3303,0.7407071311036654,0.4660377015129562,2.1904470676504673,1.0
3304,0.7118865710886324,0.6003829015903466,2.9520740310557256,1.0
3305,1.3223086517267342,0.7301721129076232,2.276679734094422,1.0
3306,0.3147766875398216,0.28662038400514256,-0.0004758377596787433,1.0
3307,1.3445025137265068,0.7199042291221253,2.9229631618471896,1.0
3308,-2.2198338363353427,0.08661245628731609,-0.7961814369304372,1.0
3309,1.9261326217969466,0.8632274618628768,2.8659526131983073,1.0
3310,-0.2918547133438652,0.3579874711717565,-1.4834725004553002,1.0
3311,-1.9862052549257891,0.14999353204825194,-0.2628151137445469,1.0
3312,1.5948898240411098,0.6952866918302462,0.7213532875911428,1.0
3313,-1.4851401667768658,0.34976861621708644,-0.25703159771683654,1.0
3314,-0.023934193544191636,0.4666238756283469,2.957861124494778,1.0
3315,1.4201188815458936,0.6271398144016003,1.2915372257812416,1.0
3316,-0.9974544346411447,0.15737145724935694,-0.10261150571742628,1.0
3317,-1.2646142099152948,0.5489659369097204,2.4140990067572456,1.0
3318,1.2623884867571735,0.8307775765785215,1.48846086567579,1.0
3319,0.821839240355612,0.6685526041367358,2.399225835307308,1.0
3320,-0.3567815475362333,0.3763736257798594,-0.3560008017590445,1.0
3321,-0.24821425528870927,0.5210686834980989,-0.1877992702490896,1.0
3322,0.25458086138414393,0.5036663500756083,1.0588957549905198,1.0
3323,-1.1658267192183576,0.27626669066557574,-0.5758521854055514,1.0
3324,-0.8954739875169849,0.49997853214437205,-0.582182174464084,1.0
3325,-2.2981053104608398,0.07540381433628825,-3.014353657260829,1.0
3326,-0.2617897033466672,0.4265147282787693,-0.05966877338425691,1.0
3327,-0.6946100946500294,0.33223368267448644,-1.8616081152663282,1.0
3328,-0.8554406481771204,0.409611508222889,0.6890612835604375,1.0
3329,-0.7029623504647446,0.4455697634554401,-0.2793856829813651,1.0
3330,-0.7507844007660913,0.173831048725013,-0.052232624873105316,1.0
3331,-0.32808291233914966,0.32147446206265673,0.4050138044212432,1.0
3332,1.1766848086189536,0.7302280413365964,3.1760776613188417,1.0
3333,-0.43344547773530534,0.3471402091261529,1.9006251933696947,1.0
3334,1.1910546065759386,0.6511597675207643,1.8870258548417622,1.0
3335,-0.08501393974998546,0.6304941034312533,2.2709774132335934,1.0
3336,-0.12974812852042666,0.11049567777634428,-2.412675662640865,1.0
3337,0.6853692425240615,0.7627394696904113,2.6873664682618235,1.0
3338,0.49700476530167026,0.5318170601814571,1.8932094623235503,1.0
3339,-1.7158167956305868,0.10932132708667296,-0.4757064720814357,1.0
3340,-1.8931396515128804,0.09894103247842281,-2.4448950744251174,1.0
3341,-0.44594133581322853,0.3830931041595126,-0.5869453881701183,1.0
3342,1.116689597007895,0.9084819114836635,3.419700285188685,1.0
3343,-0.421820983126078,0.5927431330801358,1.5333308336086975,1.0
3344,0.6526955166123682,0.8552818879878311,1.859458209932743,1.0
3345,0.42865324589862525,0.17166388534387006,-0.36455116915027347,1.0
3346,0.3694875365462644,0.16355047055937436,-0.4608844391545057,1.0
3347,0.6557912923166634,0.4445165957428564,0.6993921798734786,1.0
3348,1.5975910578394308,0.9366344698739658,4.962672926343053,1.0
3349,0.33105791503655907,0.8257849896200803,1.7477011404775231,1.0
3350,-0.13091267248429753,0.576855922559143,-0.16313133783735867,1.0
3351,1.9131596245571687,0.9564932322514967,5.352420465493624,1.0
3352,1.0177908420225372,0.5937609231875468,1.9484974106910085,1.0
3353,-0.042046093875474096,0.6414703886589402,1.4337497113461835,1.0
3354,-0.6142469310132793,0.25777676944998007,0.38398411913072583,1.0
3355,0.5822794055406978,0.7860255738854106,2.3639936471032663,1.0
3356,2.266320777477811,0.9216235939498446,2.928266052053093,1.0
3357,0.7414021475473688,0.9654057749136611,3.874025087468269,1.0
3358,-0.2815718971615558,0.5298424353516455,2.896625757374389,1.0
3359,0.17475770898934567,0.6552811356911654,1.7117841055985348,1.0
3360,0.6273490174663938,0.6446200236019,2.8501760631216744,1.0
3361,-1.2065911546841677,0.09705039896382334,-1.6245796569688105,1.0
3362,-0.8429457294872468,0.27329917055783115,0.4695112697006292,1.0
3363,0.570780556219596,0.7257914176916471,2.010140163782803,1.0
3364,-1.5262315249621667,0.18727975614866837,0.1314034935690278,1.0
3365,0.8927284724694105,0.49285638888556926,0.5786233456163423,1.0
3366,0.8614872467868697,0.49445150429466833,1.6948400733006062,1.0
3367,0.4238580795720994,0.9067463731944657,2.5932833631372447,1.0
3368,1.5268357790767446,0.8799006310110521,2.186331709412573,1.0
3369,0.059619944723612435,0.7982423152378143,1.1739901333129978,1.0
3370,-1.3188634189099484,0.1462209478552616,-1.6541371982715996,1.0
3371,-0.5270501055921772,0.08852334164189773,-0.8969612577611488,1.0
3372,-0.5134931878866081,0.5056848453349986,1.2076173917141837,1.0
3373,0.7231021644636255,0.7928826360613821,3.0197700954243807,1.0
3374,0.23051737671954287,0.36830161756192686,-0.16470928512855976,1.0
3375,0.5268651776004452,0.7136876626572372,1.635127510496654,1.0
3376,0.6095565258558789,0.7515524437584221,1.6163727299145965,1.0
3377,0.8845413852691666,0.0910027736138791,-1.4804604646436017,1.0
3378,2.4663802148041984,0.8839021182527954,4.010999636765116,1.0
3379,-0.6818532006172765,0.30584185210827697,0.040708883421276966,1.0
3380,-1.2601285519823862,0.07254421878673055,-1.2513606131444617,1.0
3381,-1.300655797617555,0.33841218057110944,-0.27697430313482385,1.0
3382,-0.1472537882604446,0.619807056639799,2.2194561513192013,1.0
3383,-0.4546423433365845,0.8177674090347948,3.0329961066122,1.0
3384,-1.0039660993786828,0.13515690552928403,-0.5657884685577033,1.0
3385,-1.7167750364157885,0.12907751294798667,-0.8383478056764555,1.0
3386,1.1659957218987949,0.6403058883657684,2.136264001889738,1.0
3387,1.2372718879177778,0.8822562718575074,2.700660676531366,1.0
3388,-0.6558542958360327,0.17644591633959703,-1.0455176457482334,1.0
3389,-1.056265410273565,0.47300103544499356,0.823750683219683,1.0
3390,1.9667361611753316,0.8765121908492262,2.451648008004634,1.0
3391,-0.9587598991465442,0.2552810941747605,-1.2741750177456503,1.0
3392,-0.7110672052489747,0.42067926262717936,0.03227493820306021,1.0
3393,2.367089676894386,0.9939391699733461,6.320658400902747,1.0
3394,0.3720607111827208,0.2887720268941548,0.8273486570841773,1.0
3395,0.5518215820583682,0.7073997104651374,2.7478373197283257,1.0
3396,1.0199766185842032,0.3260071575039326,0.005026980759184951,1.0
3397,-0.19177526041684076,0.39058641885839585,-0.5767651666787399,1.0
3398,-0.03393197603322002,0.3190413012810026,0.37879070371140616,1.0
3399,-1.0237657801676676,0.6008671088287371,1.1271828091750744,1.0
3400,0.6669445557861172,0.8501797917692403,2.421531970048597,1.0
3401,-0.3008585285024962,0.26212002242482935,-0.29659973659019356,1.0
3402,-0.5654165996568561,0.2579834483365003,-0.0020323511967087066,1.0
3403,-0.9090458528307122,0.38719466211422493,0.8391763754973401,1.0
3404,-0.32892900937286906,0.15576315945223768,-1.259338924389375,1.0
3405,-1.2331185571087562,0.22202954428136007,-0.9576067132665151,1.0
3406,0.6501620845287144,0.8007071806008618,2.9819381011896176,1.0
3407,0.20242339144500693,0.42583247995953677,1.6220899268848863,1.0
3408,0.4350773481721724,0.8559238255068153,2.529309091721145,1.0
3409,1.1687629157501875,0.5736287016379747,2.2798797671922855,1.0
3410,-1.9706931878005796,0.12395473995794586,-1.68270396114941,1.0
3411,1.6053962309754382,0.8795521271204882,4.651597303163132,1.0
3412,1.003941322126997,0.5921473605751019,3.1466197050146594,1.0
3413,2.333370151683373,0.920521505956642,4.218997350444607,1.0
3414,-1.0782801352993399,0.17321276612995767,-1.3332223267886416,1.0
3415,-0.5898890386506915,0.0883992941656517,-1.7691228466088202,1.0
3416,0.0277278355758597,0.27035667456998513,1.525224382893605,1.0
3417,-0.4540553452413419,0.5821956907076686,1.8993247168337155,1.0
3418,-1.204776252157053,0.44354789527910377,-0.713379467519774,1.0
3419,-1.1643893277331816,0.12855812484003407,-2.2126672317737626,1.0
3420,-0.37444502718120193,0.47008360244161296,-0.5243802146486695,1.0
3421,0.469248549162542,0.6678548243383902,1.358596639646386,1.0
3422,-2.180639668745483,0.32673011464639623,1.195716791029694,1.0
3423,0.2327549336812053,0.17686294735307825,0.6172542590352195,1.0
3424,-0.9595830490216426,0.4357617589214984,0.9856173399041005,1.0
3425,0.07106440813964919,0.32885009003972354,0.6131376072666352,1.0
3426,0.3356240742015366,0.9051911690108261,4.071959447607941,1.0
3427,0.003307859907862675,0.6633497441945891,2.031771668842473,1.0
3428,1.5936025333174215,0.9500463887796272,4.522065995100537,1.0
3429,0.8557692915820327,0.16327006338663277,0.33277177732895225,1.0
3430,-0.010304240070522948,0.3706054680907392,0.6868809205719318,1.0
3431,-1.3697363121476551,0.3099860668328504,1.4600692379211684,1.0
3432,0.6885644205934013,0.5655331930697984,1.2547783729440234,1.0
3433,0.052582267733410605,0.4413098711640278,1.2511158439933274,1.0
3434,1.1702916434357213,0.6627272055795408,0.21435911379488726,1.0
3435,0.8496423104541637,0.7214839938054477,2.2300373935378235,1.0
3436,0.1379615521685202,0.7278859694433845,0.7928983479925247,1.0
3437,-1.1650971564628279,0.5698442835540282,2.2304933372719913,1.0
3438,1.7507356312143538,0.8259750440749354,3.3699482096299214,1.0
3439,-0.15318273976972102,0.7346012678511176,0.050112164368486534,1.0
3440,0.7361736263290626,0.7619774959483372,2.157261871952899,1.0
3441,0.9199197166330668,0.9797717142453467,4.707970689869796,1.0
3442,-1.2844456623134257,0.5039038534318238,1.3566357078578035,1.0
3443,0.1396118372282841,0.6512533479979828,1.8032377389286722,1.0
3444,-1.5627302316254412,0.37485289953467954,0.3532729679987946,1.0
3445,-0.17171397791158755,0.49151424968476104,0.06293879322012486,1.0
3446,0.7323641181790752,0.8857110640590364,3.5024343016435173,1.0
3447,-0.7853952164646556,0.18055283883361659,-0.31931261690906537,1.0
3448,-1.119734921744408,0.1014027232600691,-2.77050001577552,1.0
3449,0.07166069499314488,0.6413633128150698,0.5605798959556179,1.0
3450,-0.7531803502693708,0.24382658278438987,-0.9928976275202461,1.0
3451,-1.536174983887683,0.07369136309727227,-1.2894287514044023,1.0
3452,0.5331133123997331,0.4251047528688235,0.4733360820876067,1.0
3453,0.5769785427166849,0.3789945755136764,-0.8018416022178839,1.0
3454,-1.116768176979191,0.37781350063691443,1.0764273690179866,1.0
3455,-1.4947572498522628,0.10588568863548316,-0.6429378358812948,1.0
3456,0.8418522433488148,0.9008610826761471,3.982860484080478,1.0
3457,-0.051277854407532894,0.23120420158480004,-1.0240044754914328,1.0
3458,-0.2248462771842034,0.25442328840851636,-0.16153303014205095,1.0
3459,-0.1720038062017125,0.3949252460333038,1.4001761858983341,1.0
3460,-0.8132585337592092,0.19057235062048264,-0.12082616887713715,1.0
3461,-0.8736898932285316,0.25718139847558324,-1.5995207222732275,1.0
3462,0.5298958821254632,0.7363213345852166,0.7741833580628679,1.0
3463,-1.21897054051461,0.17647407488429126,0.7913895928474709,1.0
3464,0.10484024378125356,0.5556225172745692,1.573504164730346,1.0
3465,1.0513425509106964,0.7670657988381081,2.189816221453265,1.0
3466,-0.631862854304437,0.3161469379400668,0.8349652761963645,1.0
3467,-0.07297381609990648,0.45058016952346913,2.8703662319032572,1.0
3468,-0.13420452718675904,0.5739743609785022,1.734655904818895,1.0
3469,-0.22172718049546225,0.5677258950762183,0.07527466748049605,1.0
3470,-1.3020301584073148,0.25312766981544343,-2.0080920442433934,1.0
3471,1.2224991064781932,0.6694979013420366,2.9799291620031,1.0
3472,-0.1909145342480103,0.20053777576632603,0.8330988446708147,1.0
3473,-0.37263146464793767,0.34169702078310443,-0.44348910724968904,1.0
3474,-0.834172282586708,0.2731429917810409,0.8793439551060953,1.0
3475,0.05844541985256887,0.7751582887002618,3.0289798342246206,1.0
3476,0.20834483194956394,0.47187263147753045,3.3182368850705473,1.0
3477,0.12435188649549245,0.8001707263991884,3.5051168201152807,1.0
3478,-0.39162636061083433,0.4084319634738449,-0.9397037142063737,1.0
3479,-0.8607466721142798,0.06459595669073605,-0.21838692857940978,1.0
3480,1.5901547662312934,0.6815285130473567,1.8467604168535918,1.0
3481,-0.4136489275795178,0.40881065291929497,1.1460896597296748,1.0
3482,-1.2068710066406476,0.20707010977172152,-0.25641037190776367,1.0
3483,-0.2954725189713098,0.28836696716620486,1.8900209331416662,1.0
3484,-0.3312547046245613,0.37990141791520066,0.38853984120446927,1.0
3485,-1.1845677333721003,0.31778132488643246,0.35877350317308104,1.0
3486,0.3116207527859126,0.7118461641118923,2.60227995016751,1.0
3487,-0.9369576972834162,0.7888337957319796,1.9339939135493038,1.0
3488,0.662335075913561,0.6086374842873364,2.0945872799688825,1.0
3489,-0.23164508675157833,0.7394837112467526,2.2428538095681443,1.0
3490,0.8332488789487754,0.8731035859983476,3.643202358839055,1.0
3491,-1.7158970034372054,0.07136359977302022,-1.1664831459753744,1.0
3492,-1.5303104511801149,0.0934864962954466,-2.680448682343644,1.0
3493,0.7426932205998276,0.6038219735133439,0.8580058388454492,1.0
3494,-0.7040604791066649,0.05094976981249198,-2.8335844347304615,1.0
3495,-1.6149539720422232,0.23392983256211888,-2.1227627367610005,1.0
3496,-0.8741733119148714,0.34461322931307364,0.5010879534881113,1.0
3497,-1.881156416359794,0.2637199010115492,0.21922589479368204,1.0
3498,-0.5938160006436499,0.05220121507200593,-2.755089920199279,1.0
3499,-1.2018763170243816,0.35414538152940067,-1.9093976690692762,1.0
3500,0.6493238793724206,0.8716815561658955,1.0297943487813344,1.0
3501,-1.064666242686194,0.34786063931179384,0.11101256414599867,1.0
3502,0.5002778612907626,0.8000785887246522,1.097079912823028,1.0
3503,0.41246308253648717,0.8135735602544989,0.05861952264204673,1.0
3504,-0.46995822140854626,0.24010845829420405,-0.2323803490147965,1.0
3505,-0.12644744090787527,0.45873912611587947,1.7797127776387267,1.0
3506,0.9922168680999112,0.90197538800727,4.077957038608088,1.0
3507,1.112448599356886,0.7888810152192719,3.107275748708756,1.0
3508,0.3107898807125618,0.7104698555559162,2.7499282322832634,1.0
3509,-1.411081951810481,0.5923571371972587,0.8320704731125591,1.0
3510,-0.3315582408697618,0.6166455862291713,2.8139214435973603,1.0
3511,1.0657485551766586,0.7032478486236614,3.8674227860043957,1.0
3512,1.4614788937424168,0.9128144346507762,3.234185702221774,1.0
3513,-0.6793686915363242,0.38830368101548457,0.5600615006994597,1.0
3514,-0.16088889516101101,0.3896898251456175,-0.5182535475699269,1.0
3515,1.1236337556698723,0.8788147139877813,4.5632255286718,1.0
3516,0.16240955782073982,0.637310060811389,1.9825172232155204,1.0
3517,-0.9016825387947932,0.27125278771198086,-0.44510635243980884,1.0
3518,-0.2460334536005952,0.9223049877308086,3.2603563725330003,1.0
3519,0.48628644719367947,0.44261820456981116,0.4229322370184614,1.0
3520,0.2116543251060708,0.5465763698064674,0.9042038477573905,1.0
3521,-0.38105301654988266,0.886538030764866,2.151148095432117,1.0
3522,-2.5107428393756153,0.17605047234244073,-2.631342019954647,1.0
3523,-0.6583125225061804,0.6647292405531285,2.7938397177118652,1.0
3524,0.920652832656824,0.8912744138816638,3.305248256531527,1.0
3525,-0.2771105133719891,0.543362909553373,-1.2320907160696795,1.0
3526,0.08934121937017626,0.7952988232678558,3.7529652400479656,1.0
3527,-0.26265707025046897,0.2320257750932033,-3.0141883931170885,1.0
3528,0.05516164453428584,0.2844350292460663,0.17206327446094172,1.0
3529,0.6952076871852891,0.7564416092120783,2.6452203599413115,1.0
3530,-0.522355015164861,0.3587797032009731,0.9401992656995499,1.0
3531,0.20365027554670992,0.6656076122413315,0.9545995375838797,1.0
3532,-0.760494495694493,0.6519212145477354,2.173723970208554,1.0
3533,-0.6287837484521515,0.1321283565809229,0.5493759099616714,1.0
3534,1.0346434986910353,0.6308555451081057,2.0806549228065174,1.0
3535,-0.37104314708246555,0.49725411028918387,1.6815716859898395,1.0
3536,0.5861521561120674,0.6522449747159583,3.16408001580439,1.0
3537,-0.8290114215538046,0.17856831672538084,-1.6994135768308047,1.0
3538,0.539845687394391,0.876700343041012,4.460034215775906,1.0
3539,0.36528648965334765,0.09837994721842189,-2.103522578927941,1.0
3540,0.09775056716272759,0.6256564731274356,2.5863010270761073,1.0
3541,-2.0179975455521286,0.05223732795756194,-2.448188726601112,1.0
3542,0.7983806397219433,0.5665638053903668,1.751901534455268,1.0
3543,-3.0541961231579715,0.04909751735019648,-2.6504369305139903,1.0
3544,0.6292921704906481,0.6494400251875223,-0.3183233206953262,1.0
3545,-0.6580407059404835,0.48013581172463304,-1.0725940853948097,1.0
3546,0.17366666468510314,0.6147689530186252,2.305042458395701,1.0
3547,1.8033770689701312,0.8752388199499423,5.743274336257193,1.0
3548,-1.6857870158191548,0.5569028592650666,0.022722460441215897,1.0
3549,-0.4485788248138566,0.7616609145439406,0.4673764582337272,1.0
3550,0.11374342356567704,0.4221542082617342,0.4184335184388417,1.0
3551,1.6751878885205638,0.9406376429506443,3.525222526311871,1.0
3552,-0.22401751202771333,0.5524272773433476,0.7729467950272627,1.0
3553,-0.21114858847927784,0.8068837807516821,1.8315050890406566,1.0
3554,0.3747224231720163,0.826393736525513,3.4598248031910686,1.0
3555,1.2989573525431857,0.9253819786826021,4.660807434791554,1.0
3556,0.7565126918009197,0.8869935782421557,1.8667218407653958,1.0
3557,0.27859025596213755,0.262751362590726,-0.6084845331172815,1.0
3558,-1.240223242213081,0.23311371353448182,-0.8415007298013946,1.0
3559,-0.09886364621476779,0.5904924258559366,0.9238289338316952,1.0
3560,0.8423716690515587,0.8589567458581497,3.0678022047646496,1.0
3561,1.0203041901604057,0.8786361632561226,3.3155822828353565,1.0
3562,0.6485529962484751,0.7729698193247654,2.8022004302629173,1.0
3563,0.8711255215996082,0.7649527432960799,2.684460519441867,1.0
3564,-0.07165602673060206,0.559154165102521,0.978064437605075,1.0
3565,-0.5461915093003634,0.1459212543140569,1.743813197584194,1.0
3566,-0.7802520899463387,0.5856780348549029,1.0348895891092802,1.0
3567,-1.4918132120161858,0.01794597968129964,-3.5051575321722996,1.0
3568,0.8914925147765623,0.8771794892842549,1.8999128189268653,1.0
3569,-0.4023179974909758,0.31073558306740656,1.0341262222856815,1.0
3570,-1.4901641561541763,0.33078802187831613,0.8863808847424539,1.0
3571,2.8176543606826914,0.9754694744232063,5.054683779166358,1.0
3572,-0.9488090466680114,0.15714281428082394,0.008617360920029515,1.0
3573,-0.03430944596207561,0.1727468098314445,0.061394289770692584,1.0
3574,-0.7860147663284004,0.12893066009937396,-1.1702246335526314,1.0
3575,-0.29472449573137205,0.4729549958751975,-1.2579310317547907,1.0
3576,0.6587151583068754,0.708085021085125,0.44124440922778296,1.0
3577,0.39983745071553,0.5823382845602718,3.2364850538756254,1.0
3578,1.8316473826852167,0.9510807580204778,6.116018194465909,1.0
3579,0.8074598801686294,0.43035622347294594,2.2426426126994063,1.0
3580,-1.5853582245197455,0.18041893818379445,1.0110532289440857,1.0
3581,0.8119168636323579,0.7884342595777477,1.873969685230227,1.0
3582,-1.1188323543558807,0.3511004987569555,0.12095640368526497,1.0
3583,-0.6995338060260654,0.27146729168682415,-0.5865063470155603,1.0
3584,-0.47739382038023187,0.6160846198366826,1.9966888680293322,1.0
3585,-1.2832027281201412,0.0632937018205811,-1.9059798877530933,1.0
3586,1.0618017099140167,0.9544870991235876,3.9825225023591915,1.0
3587,-0.11864878939292867,0.41324151912744933,0.6776983497289635,1.0
3588,-0.09129447171934116,0.5071055214213527,1.826134629226143,1.0
3589,-0.829489255048072,0.46096897928273056,1.109779737254148,1.0
3590,1.2874851418481876,0.7297965924964711,3.257409861616904,1.0
3591,-0.7677359432898343,0.5047951314529948,2.0627703176404246,1.0
3592,-0.5451083877699427,0.4374869343767291,0.8176564809326231,1.0
3593,0.7771257276366635,0.6662325952446946,1.7400505015220338,1.0
3594,0.7992676869385976,0.8331670797522889,3.9088765389102917,1.0
3595,-1.415796126914346,0.4791490978978076,-0.33601105488949623,1.0
3596,2.1656425302764544,0.8519825930380076,4.014635026753038,1.0
3597,0.4837070781363057,0.6610868408273091,2.4010027592838004,1.0
3598,-0.9555648281892762,0.630709811063831,1.6015955430037234,1.0
3599,0.5606584719966351,0.609351402672567,0.6999744196630708,1.0
3600,-0.788256271682142,0.4339867716972232,0.21424531024122342,1.0
3601,-0.2726193848657266,0.22015079732269785,-1.912541946978822,1.0
3602,0.39521921447294145,0.6983579094077074,4.126171621854022,1.0
3603,0.21795958881004313,0.13224245890176353,0.395335415286251,1.0
3604,0.06888202358103494,0.4152222789888535,1.9302423575830319,1.0
3605,0.49269685698568794,0.4659438928591916,1.9400152422376111,1.0
3606,1.5853581989849581,0.842417745725678,4.5007888116918915,1.0
3607,1.3187482467423308,0.4040467604219545,1.6426211298379392,1.0
3608,-0.9787570200247647,0.32911957784437623,2.02145184490807,1.0
3609,0.4145786111666573,0.5178703652303488,1.307349777155781,1.0
3610,0.21008499400499558,0.7914540101830989,2.7228624201180476,1.0
3611,1.3609348303951243,0.7056993200653626,1.07827233889182,1.0
3612,0.1389691273809215,0.066549858054209,-0.20439379049387196,1.0
3613,-2.6141267580732586,0.2173494203355958,-1.2914477833439222,1.0
3614,0.24964904174571817,0.26240074940311436,0.8212420064015041,1.0
3615,-0.23516981921340308,0.5858321006104167,3.119116412034837,1.0
3616,-0.8013757349796651,0.4491039813538328,-0.37403271063326893,1.0
3617,-0.2755647024757921,0.769408610243725,2.146804132399051,1.0
3618,-0.24300000680288084,0.458688527561486,2.116287351891952,1.0
3619,-0.6720373637634272,0.6105333178041451,2.554094863935732,1.0
3620,1.554931787963806,0.8619462651758578,3.7683574305356657,1.0
3621,1.5781425124623314,0.8990197617533103,3.6612685331812984,1.0
3622,0.6444142473570377,0.17433602478658294,0.9895754177605277,1.0
3623,1.553636960241707,0.8541649166158224,4.519969183195137,1.0
3624,0.8486525558386812,0.6945230016286255,2.2759293832608325,1.0
3625,-0.07927396994176632,0.4283753752770032,1.6298425385140534,1.0
3626,-1.1018339764561627,0.46533190126519314,0.046232732547851096,1.0
3627,-0.48005143004554063,0.6969859686178528,-0.09867656629488963,1.0
3628,1.5721543927383497,0.9308598828420099,4.5396549893895175,1.0
3629,2.69458610241682,0.9140130648503846,5.079235396010903,1.0
3630,0.2948164717153674,0.673618512405605,2.770998787134596,1.0
3631,1.6961783338147838,0.8741193907145458,4.868042080108813,1.0
3632,1.7388757650549922,0.710006618927051,2.7067424548409402,1.0
3633,1.729779443031509,0.881873102775157,2.887297089705133,1.0
3634,-0.2315538280585808,0.3987384206364302,0.6582782225219519,1.0
3635,0.2051996272625742,0.1190712745983245,-0.559478728336777,1.0
3636,-0.6348080933843093,0.586140213845346,0.10982381956607745,1.0
3637,-0.4005734461128627,0.7640873179936387,3.8144855896498786,1.0
3638,1.4306130319980483,0.62222245341016,2.0168488353232266,1.0
3639,-1.5434831251058974,0.2869597115481286,2.109293750026681,1.0
3640,1.0635007372135745,0.5838930049321808,0.8942968397832076,1.0
3641,0.7229091511119122,0.8939084663615318,4.332449354080467,1.0
3642,0.8997614168327163,0.9007251558683156,3.088040366575488,1.0
3643,0.9104380080467781,0.9703421011120984,6.2195772514878,1.0
3644,-2.003895983218425,0.07041586828118046,-1.4719204366393153,1.0
3645,0.3801756891253077,0.7209835231524746,3.721776729111001,1.0
3646,1.1672872703437809,0.5855678800463073,0.6526180047363459,1.0
3647,0.8354133959758584,0.9313498089030364,4.510499435162537,1.0
3648,-1.4082483481325005,0.40129457564608856,0.4457658037301265,1.0
3649,-0.41716111703587716,0.32553332034251736,-1.5038533943506658,1.0
3650,0.17999991598541448,0.578630003438407,0.7129309324759631,1.0
3651,0.32361324713972317,0.32508991529430437,1.1922999566430086,1.0
3652,-0.09749633062590912,0.6069704941168151,1.2345535413124973,1.0
3653,-0.6681266872893079,0.3787472813487611,0.2723841570987335,1.0
3654,-1.1867282067360645,0.6119575553852027,-0.5499071478207664,1.0
3655,-0.05636546281963199,0.5819319414156378,-0.07050372666774529,1.0
3656,-1.6345738537245322,0.032291390702464486,-4.727311682137306,1.0
3657,-0.2740637444793123,0.23341263847132457,-1.3636412502408461,1.0
3658,0.9750572641175431,0.6862723168911044,2.995074222452445,1.0
3659,0.022454941840631477,0.4714490741030623,1.0053641129793736,1.0
3660,-1.1270610850500191,0.44405518980981146,-0.8767845088531434,1.0
3661,-2.4557500906653917,0.016108870529679124,-3.359943720796445,1.0
3662,-0.6399527682535914,0.3968128885554677,0.15311389812899845,1.0
3663,-0.036807598508563674,0.5000964348604477,0.4753722956245552,1.0
3664,-1.4626493739127,0.0662378047798719,-2.6467751136178554,1.0
3665,-0.6680518371457369,0.2106648917993064,-0.34390301836843395,1.0
3666,-1.2584464291181732,0.24824524808894874,-0.8201277107564017,1.0
3667,-0.3861975410692362,0.3003744282942381,0.08158980562044263,1.0
3668,0.934758460365877,0.3915108196034011,-0.6268610515702571,1.0
3669,-0.0292200839449562,0.4310991971571964,-0.8565111206383378,1.0
3670,1.011671560468636,0.943003611956627,3.471694207796577,1.0
3671,0.7732248124499488,0.7387004164086122,1.711043432852223,1.0
3672,1.7062553271447654,0.938069694278445,4.849932007290819,1.0
3673,0.03881145590242181,0.6456437814175339,2.1164023135179417,1.0
3674,-1.4774281819561634,0.3424153386497714,1.4802038863184888,1.0
3675,1.2289658362914713,0.6638629975086523,0.0020318899736979645,1.0
3676,1.1987881583222335,0.9181495512026272,4.35863946733407,1.0
3677,1.492487967366967,0.5387960603309296,2.061356777114218,1.0
3678,-0.5848151208814124,0.5348293745538881,-1.1946102316898979,1.0
3679,0.4741652902999858,0.6073317815859952,0.5947942871580556,1.0
3680,2.010054679834897,0.7147594181076496,3.370260695402871,1.0
3681,-0.27859333030903455,0.6500113629589575,1.0567475193172304,1.0
3682,1.8960648045335198,0.9636094489446203,5.6269289899702075,1.0
3683,0.7397258321518003,0.6629587319774521,2.2716545512792337,1.0
3684,-0.8542953956098133,0.4925496909998128,1.6716138901377247,1.0
3685,0.3341442988891,0.5546673533323854,3.2903481664385525,1.0
3686,0.3765873813105492,0.7599252613226404,2.0033919837343146,1.0
3687,1.5029860201712004,0.851416721185857,2.5064839157454584,1.0
3688,0.5857650682681638,0.8251801569690289,2.721931459538595,1.0
3689,0.03326574401397752,0.2333708649455079,-0.9959130847081146,1.0
3690,-1.179162601004148,0.6719352595668985,1.8423594418562141,1.0
3691,-0.3419629486932198,0.2653533142601111,1.6536780147426975,1.0
3692,0.5141399457431214,0.44923293241937656,1.8046590624279295,1.0
3693,2.1177289637342187,0.9126742553027214,5.263292944417226,1.0
3694,0.19060829271271595,0.19551401437750401,0.6199307697922584,1.0
3695,0.4722064071186568,0.6975844056021369,2.5475042204705485,1.0
3696,1.0791632579435022,0.8822163695386321,3.847488850777333,1.0
3697,-0.22300801739289244,0.2863459516105143,1.6330693236817653,1.0
3698,-0.6667331256610636,0.8939736296734444,2.948771017612655,1.0
3699,0.8064099569666119,0.7372948084662035,1.9450338783511418,1.0
3700,-1.6793413920873481,0.038998582896109586,-4.19612195252143,1.0
3701,0.4186724025069642,0.775967041558177,3.9013789424578538,1.0
3702,-0.9051935008233198,0.18414943775834294,1.2584419014639887,1.0
3703,-0.7544167099305249,0.2952360895892878,0.17952873103011247,1.0
3704,0.21304895834072712,0.8116426736652063,1.5360714639111634,1.0
3705,-0.46612933421471586,0.6068688363748197,0.7297134121697167,1.0
3706,-0.9519389265948511,0.31701802334072765,-0.6172167820658431,1.0
3707,0.6812891283015219,0.5807045746187204,0.8563035005131909,1.0
3708,1.0490964473441038,0.8236068028732917,3.8468355988414658,1.0
3709,0.4409361314672496,0.7622922374687932,3.301627956564201,1.0
3710,-0.42008965301446893,0.3441110406774545,0.838043051662303,1.0
3711,0.40585122100548177,0.18122864079069334,0.625727025979627,1.0
3712,0.12120538122859972,0.21931516553902025,-1.0735186373126504,1.0
3713,0.2030915605333485,0.5544259345185963,2.284527579366397,1.0
3714,2.6940551194802547,0.9676293340559016,5.602122936879285,1.0
3715,-0.5592732060994515,0.4675565186206253,1.182392672069076,1.0
3716,-0.1539731989424836,0.5046862726223076,2.3626768299220666,1.0
3717,1.013971846122207,0.5876713382496663,2.2811194575520353,1.0
3718,-0.1481353214847087,0.3340676848495363,1.4519100129531115,1.0
3719,-0.40425402495176915,0.11163260983222723,0.9979159779712943,1.0
3720,-0.7734198419656775,0.44794387705272604,-0.993228882744577,1.0
3721,-0.0665182451455261,0.9094334784011149,1.8602787761320843,1.0
3722,-0.8069546798109639,0.27596288255406415,-0.6838116991379404,1.0
3723,-0.35401104737586475,0.2964098138448061,-0.7999545569509998,1.0
3724,-1.0300917497009021,0.44730364278526136,-0.8588968835173989,1.0
3725,1.1859979567909982,0.7319805186447348,3.5314968637703443,1.0
3726,0.6125208480412834,0.3753143386415184,1.4975558693915665,1.0
3727,2.0504837085512464,0.8628307248930592,4.425274520021185,1.0
3728,0.9507947825948593,0.3269587554308187,1.2461136352981406,1.0
3729,0.5383760551421775,0.8995014141669093,2.4940913341969106,1.0
3730,-0.14676800948496682,0.36040322612431075,-1.2654448347128153,1.0
3731,0.3108527772123145,0.478190425574841,2.688952267221559,1.0
3732,0.2298206667345086,0.695652708921004,1.4749802484407035,1.0
3733,0.7238371649219475,0.7295687655370785,3.0612064060820185,1.0
3734,-1.3693039038637105,0.118174099806569,-1.410661190952152,1.0
3735,1.5815708430531064,0.7066239025311475,3.936673989108225,1.0
3736,-1.159974425234649,0.30819354678891453,1.4459226757041608,1.0
3737,1.782699940008726,0.9474441900050821,5.265982467725811,1.0
3738,-0.43951429582121665,0.09379273226709493,-1.1215711646281212,1.0
3739,-1.2419742963940499,0.3172518722047074,-0.045300759114525524,1.0
3740,0.6735368672260537,0.7853952130376481,0.7801067872852374,1.0
3741,-2.120114458824618,0.08884001350498859,-2.6283858000985916,1.0
3742,-0.7094347070828103,0.6077609386842039,0.9080293196661626,1.0
3743,0.4419744996356408,0.7277382844520784,0.9143589465901985,1.0
3744,-0.3122998510812593,0.8650465095965905,3.5114788419828518,1.0
3745,-1.1811027485549939,0.5527000398813057,-1.1842254149408888,1.0
3746,-2.0235328212130663,0.38648239752145247,0.2885091844680636,1.0
3747,0.6856909235787292,0.7827397589329904,4.387847415385494,1.0
3748,0.8297157258111761,0.6250354836703511,1.0681351567828512,1.0
3749,0.8595841296384057,0.8070699332017893,2.150018454643401,1.0
3750,0.30185103153245946,0.3150020743350398,1.450241456692904,1.0
3751,-1.0784433893312513,0.23894831618080803,-1.6653493011855112,1.0
3752,-0.03628119235812627,0.6947961048270583,1.4895057034894172,1.0
3753,-0.12225558175236019,0.5451796513292844,-0.059670419368229144,1.0
3754,0.011870425479100303,0.11773492568815776,-1.2430574898437565,1.0
3755,0.5105574792897325,0.5378041499491611,0.8865420261665915,1.0
3756,0.16387199046684417,0.500464853845476,-0.056726618974108245,1.0
3757,-1.0208650786823266,0.3700253842614344,0.04143128870263185,1.0
3758,0.13373701962161347,0.6689492814099255,1.6309165878430925,1.0
3759,-1.6395383062292022,0.06300895353551153,-2.749384975982484,1.0
3760,-0.6738074917000179,0.19114794151095033,0.39239479917105924,1.0
3761,-2.030579291284038,0.09416561288939461,-1.215150514297319,1.0
3762,-0.5469916660234023,0.3759480871105368,-0.042146482010334496,1.0
3763,1.0440892671263244,0.68655985384753,2.811025898699618,1.0
3764,-1.8562069782664208,0.2205554504373365,-3.868733451200794,1.0
3765,1.052989040694521,0.4764719190972707,0.3021033202843837,1.0
3766,0.16289902639880247,0.6310332558056497,2.094356402708272,1.0
3767,0.28951579991562815,0.5978631176015966,1.6158936364398413,1.0
3768,-0.6128999604820272,0.4287454731518207,1.694860970238787,1.0
3769,1.7363477310430058,0.9194067170353625,3.1815529742831874,1.0
3770,-1.1876278268093563,0.11598762626683938,-2.4018795496718335,1.0
3771,0.7479298936567897,0.5360755078588391,2.8273480447948285,1.0
3772,0.012304882911359899,0.6021288794944814,2.5025416412874044,1.0
3773,-0.07410881761080684,0.7218798359905905,-0.29588506039901463,1.0
3774,-0.08832955654756888,0.792179002370366,3.5044207278278368,1.0
3775,0.4813599910780311,0.33840903446649523,0.6045880492135549,1.0
3776,-0.21083843834299654,0.48851233482971596,1.0057515735623659,1.0
3777,2.245902954638484,0.9727904960841751,5.162010785831432,1.0
3778,0.7797945572391838,0.6708226628000782,2.3292107897397174,1.0
3779,1.7603250673422226,0.9434609435767367,5.252423122256944,1.0
3780,-0.7260838319013372,0.3874386519308128,1.3896681673473448,1.0
3781,0.37365357414708605,0.685208095913554,0.9488218164209163,1.0
3782,0.21033453271055036,0.7731856912034681,1.9829102171572177,1.0
3783,0.11665347633775418,0.734268458551943,2.753509315907571,1.0
3784,-0.3242545506902443,0.4353055369600051,1.1247988335385855,1.0
3785,1.1593775254919685,0.6510514854085163,3.5636507396222017,1.0
3786,-0.9791711706774533,0.6524204241245013,2.252682104763962,1.0
3787,1.3081187725308043,0.8900991650266153,3.916643922716582,1.0
3788,-1.0924284395062227,0.6742992424664204,1.8299069983431635,1.0
3789,-0.7708199931578674,0.34485234512221347,0.9025499191230427,1.0
3790,-1.1361679358466075,0.07138938244434136,-0.9160221225858539,1.0
3791,-0.5142881424017768,0.13546846860545603,-1.1829165383938522,1.0
3792,-0.14971016222614797,0.410807851650316,-1.535831693486561,1.0
3793,-0.37528420328005313,0.5929119125317751,0.15740073688675205,1.0
3794,-0.21685585558303977,0.6266425348344933,2.7532550623308394,1.0
3795,-0.832995153816725,0.340634842056515,1.8435434455367687,1.0
3796,0.6024124814755071,0.8420229807517517,2.891189639247559,1.0
3797,-1.9834023468282027,0.11353124873186336,-4.134489375946566,1.0
3798,-1.1170872580341336,0.624706326483303,1.597382867419313,1.0
3799,1.0287138841241652,0.7294875570088506,0.9666665791027373,1.0
3800,-0.8073174369146036,0.1678762518903572,-0.4944376245166517,1.0
3801,-2.106223278009844,0.10294337758347974,-1.912195279991212,1.0
3802,0.027829015082693132,0.7180618208459106,1.4699912845135277,1.0
3803,-0.3196247008394978,0.8398319136979705,2.6344124218367226,1.0
3804,-1.4471744388622945,0.18870900576811875,-1.122805354809098,1.0
3805,0.3492975704017559,0.6224280196887819,0.27682795518256054,1.0
3806,0.20068146651053564,0.8487563920396081,2.6683676002943613,1.0
3807,0.32780978763874313,0.5970629571792805,3.9480872358196804,1.0
3808,-0.543694986209954,0.1663461580928331,-0.7684807820261355,1.0
3809,1.1675960230858582,0.9390440395679661,2.5489078038875856,1.0
3810,-1.2347506991737875,0.17831161655116207,-0.21735116210694838,1.0
3811,-0.725630704118386,0.35492054136952333,0.2422654423160533,1.0
3812,-1.166188959235802,0.5829898227092809,-0.6034512191740697,1.0
3813,-0.6263297382655727,0.4273766569483549,0.5973147053271076,1.0
3814,-1.3141581701628346,0.6770856030299394,0.0926227003024368,1.0
3815,1.0276161795476433,0.7031655949991992,1.5506823455667762,1.0
3816,0.2791234326710709,0.48717519469277903,2.978712857511035,1.0
3817,-0.40697705702009124,0.3764241973138864,0.004940788168871224,1.0
3818,-0.3468614793962552,0.766680600587824,3.5822925027425754,1.0
3819,-0.394394439484513,0.7382198819613314,1.0211140832750907,1.0
3820,0.6313148481889692,0.8246220757863892,2.724423052386154,1.0
3821,0.08079212970678866,0.4532980298839213,0.6878797267560562,1.0
3822,-2.139451489369178,0.049788217778142796,-2.8056409960522974,1.0
3823,-0.6207939651218076,0.32788706899044,-2.326755978726404,1.0
3824,-1.2843423805511658,0.2995683542112204,-0.23010994789937753,1.0
3825,-0.2508384400503077,0.3927603331082705,-1.1375946179140373,1.0
3826,0.7729004733786354,0.3118014089141432,1.1951904769739836,1.0
3827,-1.5069398527549613,0.5330203798523603,0.5897759126738623,1.0
3828,0.12576853576074182,0.6004375684726906,2.078160829694009,1.0
3829,-0.3586638546127227,0.5380783086683649,1.0500314488697853,1.0
3830,0.38730976283275464,0.8259109096558119,2.691516596911184,1.0
3831,1.7933586734691893,0.744994083795165,3.3887714215472236,1.0
3832,-1.0493211057048375,0.6079586394052702,-0.519026548054756,1.0
3833,1.7439645680874554,0.7625521178203944,2.696523855700564,1.0
3834,-1.2456735486352069,0.20826024607580945,-1.3276315539295378,1.0
3835,0.5135669163601556,0.9147986930348921,3.6795581380300413,1.0
3836,-0.4829523492371519,0.2060096016937664,0.3766141377362252,1.0
3837,-0.5101841985661024,0.5523913357273188,2.048158500669409,1.0
3838,-0.7579533962698856,0.6589842429286662,-0.3851272066399183,1.0
3839,0.23949345022302754,0.8210172540413146,2.9358210217594585,1.0
3840,-2.10865824019602,0.07430676989136081,-1.1132022529124956,1.0
3841,-0.6678392017620666,0.5424566888257623,-0.2459386823983667,1.0
3842,-1.0668497033754443,0.37539051250917704,1.2416364196388028,1.0
3843,-0.6172545297742966,0.3651942953922633,1.097539229697079,1.0
3844,-1.1251610414526565,0.17594755806121476,-0.09599503917430696,1.0
3845,1.9465432596573455,0.8864590593870869,3.0698706729930936,1.0
3846,-0.3433529537665098,0.48005791917087187,0.8742207010783636,1.0
3847,-0.5742351753699164,0.8547162451012873,2.6558556698475284,1.0
3848,1.1277192611556917,0.6453896622283057,2.438898620114646,1.0
3849,0.488498085968198,0.9316176346687048,4.1239987639543205,1.0
3850,-0.5360441014480848,0.3944323325733249,0.7914811498202273,1.0
3851,-1.1261929257368746,0.2554492709288254,0.9113589083167739,1.0
3852,1.1368710883634392,0.830390457500527,3.6170960042656652,1.0
3853,1.565445351456561,0.9528532355661008,6.368303500861662,1.0
3854,-1.571823337847913,0.09811077853056958,-1.520679328718089,1.0
3855,1.1363522952082983,0.4994073536881824,2.0180688828118907,1.0
3856,-0.2752085024961512,0.5796106157690233,1.2556810901346038,1.0
3857,-0.1881417317732968,0.5336191786305232,1.0693799802296753,1.0
3858,0.5759551782391783,0.7631165474972568,1.1824359495849515,1.0
3859,-1.2446728875785575,0.22132676407412633,-0.27181716918601917,1.0
3860,0.0999858844566001,0.793840701957339,1.315131841082691,1.0
3861,-0.8285007310514972,0.5002616817954039,-0.14736260515019695,1.0
3862,0.8161290543956724,0.47883610687149536,1.7733207192407185,1.0
3863,-0.8090123989204928,0.28787446618849843,-0.36128141264867336,1.0
3864,1.004583043552007,0.29386867613826945,-0.05627982685652899,1.0
3865,0.40561959682987275,0.7091986050429084,2.1367421370882145,1.0
3866,0.11085422297635766,0.6418044291967283,1.0931521747671187,1.0
3867,-0.13127823483358392,0.3387018281094924,-0.6374201065386211,1.0
3868,0.26074386651156134,0.2810895225507724,-0.4511765957472764,1.0
3869,-0.005784662085236691,0.40696572210503884,0.027396696586152514,1.0
3870,-0.8818619734378619,0.5458313739127069,0.47101805458540186,1.0
3871,-0.15029154067544992,0.23909321355811225,0.21305653183586606,1.0
3872,-0.7078713849236794,0.2201177615772558,-2.123310926238782,1.0
3873,0.5748230465149834,0.5198219198947777,0.9243626354623832,1.0
3874,1.320430553903947,0.6890819347317783,1.482421717322436,1.0
3875,-0.47218569048002523,0.4713220211934794,3.034512831487706,1.0
3876,1.17347943756842,0.8839062977822588,3.624718171774478,1.0
3877,-0.789766218990586,0.38918084272657016,1.3545676268816618,1.0
3878,-0.38534166779104234,0.5505509916933324,0.942226401948065,1.0
3879,-0.9738094511850671,0.3425721444377502,0.6573638273826639,1.0
3880,-1.5634549997630331,0.37368961303453213,-1.415362718860429,1.0
3881,0.7453524874434155,0.7271843239067904,2.9416236133240092,1.0
3882,-0.9796665588930471,0.4928867501658472,-1.1798917883786422,1.0
3883,0.8643202672486265,0.6097082643049093,2.711068203021346,1.0
3884,-0.8288868042195338,0.22847884602102891,-0.06346443995307316,1.0
3885,0.21810166850861892,0.6686101567429625,2.8282063913821323,1.0
3886,0.39942630577777855,0.42755035950950254,1.767055752228276,1.0
3887,-0.14901771466818453,0.4758611601737807,0.5319127769021514,1.0
3888,0.4255057179496851,0.7529836753666803,3.2006598673461237,1.0
3889,1.383374546805218,0.8370460566118695,1.5619998069777357,1.0
3890,-2.313941440779782,0.017924202183285946,-2.896671544501025,1.0
3891,0.3857635223921463,0.31073694420379494,1.8320055601777505,1.0
3892,-0.35054983328488337,0.503586170525658,0.9642598461876212,1.0
3893,-1.104825461727573,0.08389971325707107,-1.0827884560685659,1.0
3894,-1.1338482740546794,0.6263193032577926,0.9846679148739212,1.0
3895,0.7716130696583163,0.618597234564088,2.0665692139510448,1.0
3896,-0.2757899284635798,0.7429299206126881,2.6896389417153994,1.0
3897,-0.2999601950266788,0.3377635064882822,-2.3497775635106555,1.0
3898,1.8830749075301743,0.8120433739432712,2.822626428342157,1.0
3899,-0.49183227882996694,0.3556038618529117,2.0331649497049913,1.0
3900,-0.6518988109579096,0.3794875876251499,-0.36769530342380374,1.0
3901,0.20971496936470777,0.45725468631350874,3.3691924059726586,1.0
3902,1.9693086296310949,0.9403748726420919,4.175686950993119,1.0
3903,0.549920292373489,0.3086673540348643,0.7618996256762167,1.0
3904,-1.9163828629387558,0.3727676348761207,0.0556894323003263,1.0
3905,-1.2178639915149252,0.7831648316006898,1.0200852477873834,1.0
3906,-1.6568606205725012,0.11761488578364931,-1.8158228677271595,1.0
3907,-0.6748555984619938,0.3590275106701402,-0.14963446450705942,1.0
3908,-1.2381128548028928,0.260801593336681,-0.056376233624995165,1.0
3909,0.47738202412811587,0.7918675212333622,2.4560305243911484,1.0
3910,-0.18830574976935932,0.28585765856926226,0.20048087800273573,1.0
3911,0.43510846908303746,0.6628292136036916,3.456737777293254,1.0
3912,1.3571791459962523,0.9521994699201863,4.3771062587496115,1.0
3913,-1.0319692123622692,0.4866964759419821,0.4130190930079265,1.0
3914,0.5614703939760366,0.4514760102229041,3.5842567891343218,1.0
3915,0.4925222572401864,0.2835524077233533,1.3479444376396628,1.0
3916,-2.176260654761759,0.4034430961592008,-1.6693862420570156,1.0
3917,0.2647662154269521,0.720580167581524,1.057491005825253,1.0
3918,0.677443191410559,0.7462867885074933,1.08764558429107,1.0
3919,0.05086092438413527,0.6847762130208872,2.810812774954712,1.0
3920,-0.5422338034314674,0.44509813554293975,1.9864764198876812,1.0
3921,-0.20538556932508814,0.49833910511441754,0.7654368780227607,1.0
3922,1.8805687870298153,0.9274856914926292,4.946010658364709,1.0
3923,0.8288496675978745,0.9402933319570169,5.071668037229477,1.0
3924,0.7213443190067291,0.5733078975299798,2.0844265684089995,1.0
3925,0.3534221837505329,0.2412765606907004,1.8906805820099306,1.0
3926,-0.9639905216210772,0.5817455848489604,-0.7441149183968674,1.0
3927,-0.6735954513662439,0.5263211179718491,0.7777162144734336,1.0
3928,-0.4996359272381286,0.5748915754296614,1.0984228299706134,1.0
3929,0.27158960565584134,0.5602132887181249,-0.09401566599906053,1.0
3930,-0.08297287504679852,0.25626947288200874,0.4749218133053985,1.0
3931,-1.1001264278440142,0.4616269548492131,1.140392803798641,1.0
3932,-0.7816804689031935,0.582118037943498,3.153363029436898,1.0
3933,-0.05449341506284812,0.566930424255685,0.464247422910092,1.0
3934,-0.2234195587238273,0.5405510452926334,0.2209395691031989,1.0
3935,0.8185806672006359,0.947326843285969,3.884368536719656,1.0
3936,0.5605349668203011,0.2669497455850785,-0.07104406190861823,1.0
3937,-0.23194346326419382,0.6113389452596592,1.3413547382031858,1.0
3938,0.7511024439173417,0.8655612941866461,2.423468448618996,1.0
3939,-0.5471441138558721,0.5232568040259039,0.5290037843552069,1.0
3940,-0.7732197805674168,0.136075500236725,0.07350680070150384,1.0
3941,0.08148827641141325,0.3909689546538805,0.9314121025963602,1.0
3942,-1.1122120117512593,0.24734134266946717,-0.08675572606993931,1.0
3943,1.3195329911385387,0.9786762799383194,5.296698224055558,1.0
3944,1.7060818766187091,0.9007849863250028,3.5903703549678463,1.0
3945,2.1430745386319336,0.775172175168564,3.7399762572460356,1.0
3946,0.41623657060406594,0.8288240313222387,2.3288295521515656,1.0
3947,0.15912638598699277,0.7940689818800855,1.4073828987650656,1.0
3948,-0.6915388046615405,0.14671920361915958,0.04145565932265849,1.0
3949,1.18421365880704,0.8446024566044027,5.128529876339385,1.0
3950,-0.4699852071659049,0.5479218936591513,0.7266075671620843,1.0
3951,-0.22452846149968955,0.537727855577384,0.3551602239647197,1.0
3952,-1.995885335100772,0.28065872331887876,1.1126644975447004,1.0
3953,-0.037304470941980014,0.2717928928951512,-0.2450940092156194,1.0
3954,-2.358853270997954,0.10442300948137045,-2.2249107560619903,1.0
3955,0.39883808114426905,0.575244453506993,2.960428203400367,1.0
3956,2.187139928470892,0.8947149088434566,4.887547913786769,1.0
3957,-1.0156511298931927,0.6202046326829739,0.40393457656055587,1.0
3958,0.4668465757356256,0.7376363269858068,2.509638199316849,1.0
3959,-1.433443792025148,0.2630556257874068,-1.8690463597703086,1.0
3960,0.7721554167956558,0.9084033860886237,3.997689195165158,1.0
3961,-0.2947353056190415,0.36376439266232086,0.9806886830189452,1.0
3962,0.7052419204915665,0.4473200457031588,2.5853647899264587,1.0
3963,-0.9334851065430405,0.2464834371087065,-0.48867745439266064,1.0
3964,-0.2936370097462821,0.39322814514717236,0.8655157344870333,1.0
3965,0.3519940490814599,0.2988907697594094,0.30015805653559713,1.0
3966,-0.9397704789460845,0.15996029240998638,-1.6740975838759264,1.0
3967,-0.5631121438092715,0.5694573675220291,2.4726142297328675,1.0
3968,-0.2445729548006379,0.4326219558187861,1.147365959857505,1.0
3969,0.42937846875460195,0.6310855896006494,2.354315730010215,1.0
3970,0.7775259222539567,0.6362810542703055,3.12476697823921,1.0
3971,-0.5792707506331083,0.3183380704720796,0.251802017059648,1.0
3972,0.6013069821899643,0.10656270959527245,-1.6170084494920287,1.0
3973,-1.9945063977113384,0.4950549789818934,0.10633540071745856,1.0
3974,-1.7414264851491337,0.4596777094477029,1.1078635985448528,1.0
3975,-0.9326963480871792,0.4493954689390204,-0.7513528644717398,1.0
3976,1.6687947507555418,0.9554627534194292,4.650914086052209,1.0
3977,1.6577666135814908,0.9643572731719742,4.996660738130841,1.0
3978,-1.3244358897466766,0.16616715103847812,-1.4940006089866937,1.0
3979,0.22828763806007896,0.5799721863006648,3.1027055187422468,1.0
3980,-0.5071843284411617,0.3245697342015141,0.14753471462194867,1.0
3981,0.6823917130675763,0.8199998856434015,2.8502235803141533,1.0
3982,0.4970443908511365,0.22609551322920035,2.166981048532402,1.0
3983,0.4883175217246141,0.605208173848958,2.2208418103619794,1.0
3984,-0.7400043180269757,0.2891800846408915,-0.7122546557630848,1.0
3985,0.2151736504255287,0.5660610099149953,0.40991686645358383,1.0
3986,0.6215299799864298,0.4960153453741726,1.2477975180981238,1.0
3987,-1.7212716063900901,0.027354704052994647,-2.915441021189503,1.0
3988,1.0308400263297655,0.9501687342283471,5.301226182075672,1.0
3989,-0.15822413101230345,0.21758471069084998,-0.40858784305450097,1.0
3990,0.4105164694863478,0.7925829132301367,1.8781351520109961,1.0
3991,0.2693383864873099,0.6958756105295292,2.5246291875001736,1.0
3992,-0.35767421984101094,0.5936324630049782,1.3562110563174834,1.0
3993,-0.34760230854421237,0.6171511117459487,-0.36633933822220643,1.0
3994,-0.8546775376353339,0.3458598373256825,0.12295053822296699,1.0
3995,-0.8839099834310873,0.6563020233606126,0.5876843328809307,1.0
3996,0.487435519688136,0.5581036098092329,3.21397146792843,1.0
3997,1.5531579941552347,0.8424593649750785,4.481466438785274,1.0
3998,-0.9507629976075123,0.40133572798155887,0.01463779777411639,1.0
3999,-1.8102123203483813,0.45512468631028247,-1.4544002979447757,1.0
4000,1.1333658409348222,0.8342234027904418,3.409015915651203,1.0
