id,z_encouragement,d_treated,x_baseline,y_outcome
1,1,1,-0.3349493602918491,2.759967691363495
2,0,1,0.12984144799044595,4.32694835883773
3,1,1,-0.8259288954613861,5.394880654307363
4,0,1,-1.2472012657129223,5.206220297977038
5,1,1,-0.0038623093388015224,4.712966523550667
6,1,0,0.41034920511929374,-1.0696209209456038
7,0,0,0.5846629325339084,1.0077237450395913
8,0,0,-1.6924133725414727,-0.8993407332167336
9,0,0,1.137278674227874,3.45991381290499
10,1,1,0.9268509992665219,3.450663819556976
11,0,1,-0.5504704633925152,3.491834493675834
12,1,1,-0.3011321498328205,0.506062825048482
13,0,0,-1.1818531278041888,0.2550314617892454
14,1,1,0.9798908361314335,2.429233176293362
15,0,0,0.8347788285127609,-0.23385287039859337
16,1,1,0.47667788033415337,5.069525736923399
17,0,0,-0.7450776413472713,-0.6673378855078218
18,1,1,0.680935664785326,3.9001990875172714
19,0,1,0.5034022919836877,5.571347233315281
20,1,1,-0.21042761485034261,1.8470638024012844
21,0,0,-2.037710137080104,-3.447156977974897
22,1,1,0.6152855942551022,2.984074725140145
23,0,0,-0.17900401217051104,-1.583183305934667
24,1,1,0.6849966673370332,5.094901961562146
25,0,0,0.19185412511296832,-3.369161809037124
26,0,1,-1.9530422185531837,4.795798101076608
27,1,0,-0.10129701391705459,-0.2971459248748608
28,1,1,0.5813825900208598,5.4714302992266965
29,0,0,1.0970802286809367,-0.9493428439123648
30,1,1,-0.40938944277383377,0.6181505102394356
31,0,0,-0.4415959744945239,-2.1125675913791224
32,0,0,0.041538383735368146,0.32068303030402046
33,0,1,-0.11996042928355231,7.136665321779844
34,0,0,-0.2071991755997586,0.7722736527757234
35,0,0,-0.6022703657348394,2.387305303426583
36,1,1,0.3234183102845437,1.8585138665990844
37,1,1,0.907523618075156,3.3131767598196564
38,1,0,0.4667717563325789,0.7436133723071431
39,0,0,1.7794508516195369,1.6999355550017807
40,0,0,1.2509678042420591,-1.2799117258820378
41,0,0,-0.3983722256647903,0.7654789230620065
42,1,1,0.06528065682193168,5.230833054601219
43,0,0,-0.15601445138596629,0.8406560934592775
44,1,1,-0.7164183085358626,4.235902446278044
45,1,1,1.0403056010467353,5.453268760372939
46,0,0,0.5220079153406235,2.803678967006272
47,0,0,-0.09335626825403313,2.473580363560653
48,0,0,-0.04928095263897796,1.887369367527068
49,1,1,-0.5143368165675697,1.5532569202409205
50,0,0,1.1823304848378273,4.084036791899184
51,0,0,-0.339315350374126,1.1281169044343304
52,1,1,0.09635446019170196,0.8902372579387932
53,1,1,2.2740740481519257,3.3018494332408013
54,0,0,-1.0230121546335729,0.24849349750851213
55,0,1,-1.1300253689965962,3.6333297415289127
56,1,1,-0.863344314296871,3.0234751825381396
57,1,1,0.2668572667172259,2.6095805916676644
58,0,0,-1.4165131833081233,-0.6324124449874109
59,0,0,-0.8185235508152671,2.5131660200082777
60,0,0,0.7637087505510083,-2.556196233623406
61,0,0,0.944398630706599,1.8129696811860427
62,1,1,0.18676129411157624,1.6301778762523145
63,0,1,-0.8417650094214969,1.6745268205395973
64,1,1,0.38825270522707456,3.829057282501128
65,1,0,-1.038644504649775,-0.02785342541798297
66,1,1,-0.06231644425735759,4.340566517801115
67,0,1,0.9558377356465677,3.6914648625345245
68,0,1,-1.4533663589190458,4.0692838306270005
69,0,0,2.1829204551325136,-2.0472511307748906
70,0,0,-1.0099150823608725,-0.7497399343229869
71,1,1,-0.8708879618768237,3.170748056784755
72,1,1,1.001879701809535,4.07643562466166
73,1,1,1.087158968521887,4.6093098229650025
74,0,1,0.234173667476799,5.2623465525082835
75,0,0,-0.7434509279285791,1.2283135523361433
76,1,1,-0.028059240102869313,3.7432742882737093
77,0,0,0.04162282778634831,0.6380055769723209
78,1,1,1.173528622263658,6.459272493852888
79,0,0,0.477273187136826,0.9804109578702154
80,0,1,-0.6007004523427645,6.425528186880816
81,0,0,0.2329553429668894,-2.06656166122971
82,1,1,-0.031158304195847194,2.461277307165394
83,1,1,0.1677145273398238,1.6505209127143907
84,1,1,1.5269341507262846,1.868177799051503
85,0,0,0.7018616307832611,-1.2743057486040579
86,0,0,1.6626263123917866,0.6842454481142941
87,1,0,-0.09912595422050319,-2.313633156167195
88,0,0,-1.6685548108515365,-1.7867480545740564
89,0,1,-0.7299728799014339,2.057394256247208
90,1,1,1.3421135533442898,5.18561871208385
91,1,0,0.20161183046720535,0.9330967081380671
92,0,0,-0.5433751033518542,-1.0778182631432454
93,1,1,1.0570104394025972,4.558269110211759
94,0,0,-1.065701944445255,-0.10641851931818941
95,0,0,1.842026155260654,1.1480387850135867
96,1,1,-0.31548727773144547,-0.2859531311825081
97,1,1,-0.9544894747001276,1.1736010476934082
98,1,1,0.2791713442986411,3.9006246812203704
99,1,0,1.2237833413146304,-0.15259215837589046
100,1,1,-1.837571439660041,0.811299968956976
101,0,0,0.27446777317773924,-0.3634886327950244
102,1,0,0.5406574347805382,-0.2384181298168917
103,0,0,-0.48200828257767275,1.466733435776829
104,0,0,0.5987323050193936,0.6769894446347557
105,1,1,-0.5864192596333292,0.7122485367723348
106,0,1,-0.9600540923034685,4.512331216732566
107,0,1,-0.4116970228480704,2.9011762596488646
108,1,1,0.9355365742184913,4.964155920290807
109,1,1,1.155801867304075,4.579605819017342
110,1,1,1.2293353686940263,4.885568164337879
111,1,1,-2.056998124449689,1.4440750767668193
112,0,1,0.3061549550158568,4.787862732350606
113,0,0,1.1465793626545442,1.2781511428252301
114,1,1,1.259814917028117,3.9802319772428074
115,0,1,0.824185418661078,5.1569297533153255
116,1,1,-0.6423539739953409,3.826620778422374
117,0,0,-1.0528890342774642,2.576667833037878
118,1,1,-0.8685899663466058,3.1699673256462084
119,0,0,0.6251162547859068,0.590221534087807
120,1,0,-0.41402366869570534,-0.5063342693359262
121,0,0,0.8379739404028891,0.14572539245528437
122,1,1,0.8498580635301779,3.837460574970574
123,0,0,1.5630147405304597,0.19453831373100927
124,0,0,-1.011293926218888,-1.1189995252006049
125,1,1,0.0581192708005752,6.611710174764938
126,1,0,-0.4162806972654949,1.5501123870175486
127,1,1,-1.5088749368223007,2.9788282539295645
128,1,1,-1.2593128377286271,4.4958668752237525
129,0,0,-0.3387615502031335,0.5875746502211101
130,1,0,-0.2009120055274586,-2.7873099704063065
131,0,0,2.630060494167921,2.147786675775364
132,1,1,0.6065129619910394,3.430238030509419
133,0,0,-0.9343794690607715,-3.000870048751066
134,0,0,1.4961739811620898,-0.8710405232418109
135,0,0,0.575377015914868,-0.48203280427942585
136,1,1,1.410640459280423,5.2789279829017115
137,1,1,-0.19647288265821583,0.38384586323878844
138,1,1,0.3528136263704798,2.868054352622975
139,1,1,0.7284274841243171,3.5788164005732312
140,0,0,0.2052994474495437,0.8624700565429662
141,1,1,1.9787590019499346,3.9372525452766673
142,0,0,0.2684694475860638,0.777395685077286
143,1,1,-0.33757136879260674,3.539811069583763
144,1,1,1.1921375564882133,4.647697983929707
145,0,1,0.9559202391130914,6.238283683332317
146,0,0,-1.3608919529161336,1.4813329019449883
147,1,1,0.30257167511439187,5.4229427248919375
148,0,0,0.31921405972715156,2.451883175873805
149,1,1,0.7412047161811158,7.774471262129238
150,0,0,0.5399965285528109,-0.23172814135398764
151,0,0,-0.8215714752320377,2.5400384159045775
152,1,1,0.233586951325697,2.888406936358604
153,0,0,-0.9312111372952184,1.862644102505127
154,1,1,0.6330874807627415,5.023641365951482
155,1,1,-1.2034281113045986,0.7254661030718574
156,1,1,1.1444574397097047,1.2439428850702092
157,0,0,-0.18439713896274465,-0.13143985376113654
158,0,0,-0.9718128396377825,1.00598057526564
159,1,1,1.561566675123652,4.665739109695593
160,0,0,-0.30248017162018087,2.782851391909676
161,1,0,-0.6338333459333447,-0.9927044154087397
162,1,1,1.7378023211309694,2.8854375846362634
163,0,0,0.41651539531796694,0.007891010954925448
164,0,0,1.1493638212770392,3.62248149671652
165,1,1,0.18958977280151978,1.895072938526193
166,0,1,0.048557711864657425,5.913589624725203
167,0,0,-1.5219205458642235,-2.519972643899247
168,1,1,0.5136177895036347,3.074029852522626
169,1,1,-0.21972770684211432,2.284975777075275
170,0,0,-0.4891811360045932,0.5275899274069067
171,1,1,-0.024789155585559858,5.053176889303961
172,1,1,0.8994054879930644,4.021943964002649
173,1,0,-0.15350173115973495,1.8132470088190122
174,1,0,-0.3227867836983407,0.5770582786489284
175,0,0,0.5859232305857377,1.651064797299433
176,1,1,1.1522532590542756,3.84699423287793
177,0,0,-0.17113604778793678,0.8981530895176117
178,0,0,1.0521184177843184,5.087574067626652
179,1,1,1.147368580487599,4.871361644432167
180,1,1,1.259139128400493,4.8803925930626955
181,0,0,0.9969286424031198,0.7368307908275411
182,1,1,1.2639614953552212,4.138765594777402
183,0,0,0.5352522366354442,4.5538051236181705
184,1,1,-1.3299885748511981,0.3359937879046324
185,1,1,-1.4609973658066004,2.4531796705344724
186,1,1,0.032322875546922356,-0.4468621189789648
187,1,1,1.8393599795007423,4.104168863093833
188,1,1,0.7078614024133282,4.761716454861114
189,1,1,0.059838831112707574,3.000313981428312
190,1,0,1.3314608428467651,-0.13870597360674697
191,0,0,-1.119983389983178,-2.4960151631074607
192,1,1,1.7978305672261823,4.259038541208635
193,0,0,1.067011255816786,0.5179212145719359
194,0,0,-2.0045102390475895,0.24365643793278047
195,0,1,-0.7953453114948965,2.370207583708423
196,1,0,-0.29565581796054496,0.836038843275866
197,1,1,-0.6868734296354742,2.9535697438208697
198,1,1,0.4737804673094769,4.090865000059614
199,1,1,-0.49237753722617933,5.021585334152296
200,1,1,-0.9350340876939165,2.9174442296100396
201,0,1,0.6948103097305272,5.026247954788905
202,1,1,0.2684177148370859,3.977599432687395
203,1,0,1.3147419638147102,1.8425542024102173
204,1,1,-0.2676323621754986,2.241997995073147
205,1,1,-1.8076979790773473,0.9742427233872974
206,0,0,-0.017196968167390542,-0.8601321787420129
207,1,1,-1.2400676198382243,3.2631525222782414
208,0,0,-1.2389850838609564,-2.2933376445400113
209,0,0,-0.856089869974727,-1.317381416553797
210,1,1,1.2667045167549251,3.010919857582234
211,1,0,-0.4325859619089342,-1.3060667914678696
212,1,1,-0.7042434220294753,0.09293462262114538
213,0,0,0.6968133194138241,-0.24258851706649698
214,0,1,0.20805840638315895,7.122177065824313
215,1,1,1.4320662093766376,5.1176382555186
216,1,1,0.545863110822525,3.683100019001438
217,0,0,-0.21212600951484747,-1.6518704030679514
218,0,0,-0.5420984248158408,-1.0556916621449037
219,1,1,-0.4780190212100069,2.3395592275252066
220,1,0,-0.040910075814541744,-3.2739272184732897
221,0,0,-0.9858591865765692,-2.1669357885856364
222,1,1,0.4032823434385466,3.7159690515136035
223,1,0,0.5555555953388348,-0.8869637471431587
224,0,1,0.5852917395311438,2.9259609390486787
225,0,0,-0.9811780345699062,-2.4690797987039033
226,1,0,-0.8876760978767625,-0.483915425300477
227,1,1,-0.4550431721428148,1.9928259804150827
228,1,1,0.23413955907288558,6.456755871650542
229,0,1,-0.3156498208881759,4.823609239573826
230,1,0,-0.23406462404868147,-1.4494636659921358
231,1,0,-0.1980455253358618,-1.213038165036059
232,0,0,-0.037999119394623915,-0.46476778389106005
233,1,1,-0.468235686348676,4.116587478174921
234,0,0,1.489080857007624,-0.3516423862919388
235,1,1,0.2195304361131102,2.5342210006625403
236,1,1,1.023500232971061,2.1958504665285905
237,1,1,1.084611083386289,6.069307985998086
238,0,0,1.0935540045199823,2.3186434412683927
239,0,0,0.5492853647832838,-0.9118248217733387
240,0,0,-1.3987369108234178,2.1098178851825176
241,0,1,0.11364692263687375,3.060394816779359
242,1,1,1.5208932447716204,5.503982150423011
243,1,1,2.0510316568013276,3.658622150978948
244,0,0,-0.0650391750388473,2.2159774608528884
245,1,1,1.0751932263175392,2.536728672820354
246,0,0,-0.7922797496159646,3.0731968199901747
247,1,1,-1.176438892910033,1.816923774144782
248,1,0,0.30671680740774704,-2.9333982586644716
249,0,0,-0.5040835064130798,1.152846236714796
250,1,1,0.38647495362373724,6.003990835559901
251,1,1,1.1331259771185365,4.737536783962826
252,0,0,-0.45950706464424074,0.5712523051984036
253,1,0,-0.0914659754160353,-0.4365059260054367
254,0,0,2.0732146627217993,3.0959859596103585
255,1,1,1.0062069182976467,4.342304469419695
256,0,0,-0.29863581759693786,0.720700228914101
257,0,0,-1.07110529229289,1.345283991762916
258,1,1,0.2894280976361091,3.6129050970980856
259,1,1,0.8015945781028706,2.84189620272396
260,0,0,-0.7081794855614922,-0.7374321439276911
261,0,0,-0.5466010034839366,-0.8868136976181822
262,0,0,0.31703008012829365,-1.191510670362754
263,1,0,0.6927524142474801,-0.009330583844134654
264,1,1,0.06813765222801049,1.7529505585074314
265,1,1,1.7279524215340527,6.9843525930521775
266,0,0,-0.07250164582002974,1.6131627683157634
267,1,1,1.2826652963745389,3.602199397599066
268,0,0,-0.19952915129265822,-0.25765694037770837
269,1,1,-0.05631123183574208,1.1557572985320186
270,0,0,0.9762157864177331,2.8728695344114614
271,0,0,0.7664219323579474,2.567333748298476
272,1,1,-1.2017384601873997,2.5069063307895547
273,1,1,-1.4133217584168647,-0.39394108770802516
274,1,1,2.093967945197552,5.67243124999163
275,1,1,0.9687138577383947,4.355543932548841
276,0,1,0.19615350382779995,5.8200800185605015
277,1,0,-1.3787703763094634,-0.46654890880038036
278,0,0,0.5156603778257612,-2.8580174944669157
279,0,0,1.2287397991341644,1.993831470763167
280,0,0,-2.1188542189613115,-4.193494372121367
281,0,0,0.08781398166897804,1.963762927325642
282,0,0,-0.47666924599844507,2.486235816997727
283,0,1,-0.4212145372933901,6.780494103220379
284,1,1,-1.3063750124387132,1.292442350913599
285,0,0,0.5658244706387665,2.0910112560540046
286,0,0,0.11659414546637849,0.24137074797885547
287,0,1,0.20260377259483014,8.478996010661081
288,1,1,1.2235298233354812,3.052043648498138
289,0,0,0.014182553322841983,-0.6819257060452768
290,1,1,-0.10117315833824146,3.7336628562372107
291,1,1,0.43062263273992346,3.8858379275044106
292,1,1,-0.2800339997147085,6.6225661062779535
293,1,1,0.3455280145991823,1.6145824393646953
294,0,0,-1.3916888611505898,1.5486802691094574
295,0,0,-0.07510951423342792,0.3240413208725842
296,0,1,0.22593611789870907,3.9459236871761956
297,0,0,0.3160669653318436,1.783948161393476
298,1,1,0.44469901988671995,4.767354886474595
299,1,1,-1.2224583609798148,1.7214444786995984
300,1,0,0.3646250800307342,-1.3037746733544475
301,0,0,0.4384589286322436,0.16214552103986102
302,1,0,-1.934069486374935,-0.8622182817515985
303,0,1,0.301326395398766,3.175873762365435
304,1,1,-1.375344472319526,-0.6690379631274546
305,0,0,0.399048527193134,0.43051015174419516
306,0,1,0.35630303653210504,7.070320506364784
307,0,1,-0.6018877880997393,3.0497331542046924
308,1,0,0.40976339462313177,-0.37177229080793583
309,0,1,-1.6878758619473067,1.5881961219238072
310,0,0,1.2503280210113141,-0.29388758999455555
311,0,1,-0.0024311440159678213,4.805158014873497
312,0,1,-1.0329657045547722,3.2538775021060298
313,0,0,-1.9431747626644427,-0.3270644521821501
314,0,0,-0.11259446452862294,-0.07798322750029485
315,1,1,-0.7664189646071378,0.656651422758834
316,0,0,1.8255669683824332,3.203601070757958
317,1,0,-0.8214963117163382,-2.896402478421223
318,0,0,0.24545663821687377,-0.3371245416918832
319,1,1,-0.20238434243211528,3.999821285486718
320,0,0,0.42761788213523544,-0.4006360229214417
321,1,1,0.6775894965284118,3.5438537547284517
322,0,0,-0.8819134416472917,0.27072357855972906
323,0,1,-1.410077971882255,3.7780602570125073
324,1,1,1.3455080205510563,4.88037306635859
325,1,1,-0.5985987590342384,3.6656463876795096
326,1,0,-0.8854088589978795,-4.460583653521867
327,0,1,1.4915856884189198,4.995129547508869
328,0,1,0.19897691584189894,6.2188707661477
329,0,0,-1.3462562767030293,0.8942789056696672
330,1,0,0.9819464892441085,-0.3693707557427033
331,0,0,0.9045029244864836,1.7779758914922503
332,1,0,1.0363292417945462,0.2977020825227734
333,1,0,0.16599461545718064,-1.4499736628222628
334,1,1,-0.9774192293517971,2.243366723483375
335,0,0,-1.3286216192599258,0.875437636391892
336,1,1,-0.11586647210734677,3.7327244017350862
337,1,1,-2.285644673342066,1.2901084165653862
338,1,1,-1.013301510154735,3.464963122326526
339,1,1,0.23008338524164412,3.3202058805943837
340,0,1,-0.6392265506932671,5.385822785101895
341,1,0,0.8881726316951322,-0.5863541363908096
342,0,1,2.087890325460844,4.983739353147888
343,0,0,-0.3193594483827779,1.0767137205219095
344,0,1,-1.102660796835867,2.3344349802680995
345,1,0,0.5948538584596457,0.8469228571500549
346,0,0,-2.0006346986693124,-2.6354544097841135
347,1,1,1.4192943713283788,5.668707688524044
348,0,1,0.3101504491705858,5.223648545704885
349,0,0,-0.2861580716751254,3.026675226149605
350,1,1,-0.5112696503772064,3.526423870901194
351,0,0,-0.5179306437518976,0.7759591741384425
352,1,1,-0.028818055022799008,1.6871837613658225
353,1,1,-0.9327840352237277,1.3150564338323147
354,0,0,-0.598877455654471,1.751550310328986
355,1,1,-0.9780181050095066,3.2980401876728163
356,1,1,-0.19766598216386033,5.343998959336147
357,0,1,-0.3912680544497634,6.94890876641073
358,0,0,-0.7176662169873725,-1.1674639130734592
359,0,1,0.0026836148176753033,4.11538353335712
360,1,1,0.49793294048802766,4.12448374003163
361,1,1,0.39949163301530066,5.8385831844159295
362,1,1,1.8954650887047173,2.773479824080991
363,0,1,0.42002317551822893,5.934374505828053
364,0,1,-0.9019330891823627,4.873950707014362
365,1,0,-0.7844258370223332,-0.9296879415484701
366,1,1,2.4077547175304743,5.611618110286037
367,1,1,0.34963600810094325,5.727963038327127
368,0,1,0.2771233781320821,5.874718860807378
369,1,1,0.7566744455451417,3.3017185315554416
370,1,0,-0.3614874799031161,-0.7200018655585204
371,0,0,0.9966849417435804,-1.8138893537523864
372,1,1,0.593070301334903,2.3226164660518758
373,1,1,-0.9668661929687874,1.476476564529599
374,0,0,-0.12751477719029536,-0.15702300227442262
375,0,0,-0.5493027931004398,-0.13838923669312453
376,1,1,0.6954841765138446,4.034771988030583
377,0,1,0.7239599856614551,4.819644661899773
378,0,0,0.7731088606852246,1.159549148471175
379,0,0,-0.6269970041624976,2.9348722728179966
380,1,1,-1.3024829157793893,3.406585652753895
381,1,1,1.7880735665229504,3.7033716083150816
382,1,0,2.0774123129468003,2.0185585623272266
383,1,1,0.3472614258088642,3.8153932345657013
384,0,0,-0.275509991171251,-2.6859260959098794
385,1,0,-0.529649080639409,-1.3106187257932458
386,0,0,0.7116412004339429,2.1181853038058946
387,0,0,2.2691496820527157,3.872322461491382
388,1,0,-1.66476538478399,-3.6892859274767282
389,1,0,-0.4469807702915897,-1.2142901896877685
390,1,1,0.035216558408999885,6.938943121715984
391,1,0,0.576667517842692,1.0234632341465169
392,1,1,0.22309711984103064,2.5129227953492483
393,0,1,-0.05288128051114791,4.386281876883126
394,0,0,-0.8556211602318365,1.1021924415427224
395,1,1,0.7163955311494862,4.803582717480051
396,1,1,0.5947029760739994,7.090615198973453
397,1,0,0.448306410386588,-3.3141201817595176
398,1,1,0.7567078484649016,2.6102375982761536
399,0,0,0.3691406738291462,1.7944457375410583
400,1,1,0.2585921741668513,0.3556979695485514
401,0,0,0.9934651139717446,-1.51031926713484
402,1,0,-0.28408940364247115,-1.9672544022465528
403,0,1,0.03819977732955491,4.886957494986904
404,0,0,-1.752498669489871,-0.1827240289663591
405,1,1,1.6583660586486602,2.1337367346412948
406,0,0,-0.8621278569879183,1.0272374701496856
407,1,1,-0.12522776706170133,1.806032220314665
408,1,1,1.3975895185533498,6.037355128266568
409,0,0,-0.4308937561469075,-0.8476240092155685
410,1,1,-0.8746269962325413,1.5343457491485448
411,1,1,-0.5130054737585952,1.416845432964789
412,1,0,-1.0252594307527205,1.7752208216333616
413,0,1,-1.0512010756975172,5.0189531553135005
414,0,0,-1.185345762937982,-0.6375716368165956
415,0,0,-0.03981435855545155,0.821493452202277
416,0,0,0.6658396113842941,0.9785340901244824
417,0,1,0.17928176502752535,3.2931237936295394
418,1,1,0.8396759058445635,3.4531662308088418
419,1,1,0.39405465258682637,5.2900810540949355
420,1,1,-0.8294638954770281,-1.1492876332984312
421,1,0,0.8626615680982471,0.10998878440311108
422,0,0,0.08213989722748752,3.060883064008719
423,1,0,-0.7249526010042945,-1.0040288970536524
424,1,1,1.1072518068803516,2.5630383885245474
425,0,0,-0.1503135655709797,0.5757116278620651
426,0,0,-1.0233108588767577,0.3432121537331776
427,1,1,-1.9907814948430769,2.2761923894107072
428,1,1,-0.6766561862975016,1.3117579759484785
429,0,0,0.3835380118443274,1.6117268276574226
430,1,1,0.398744884307053,2.7766701094922244
431,1,0,0.2734801488011427,-0.3142341320418439
432,1,1,0.19103308640723546,1.9454398912946433
433,0,0,-1.348340757453682,1.1417459338899898
434,1,1,-0.1439820338811606,3.0178994884434767
435,0,0,-1.6247861622822832,-3.867083729631626
436,0,0,-0.9357337897470583,-1.8782701829328752
437,1,1,1.0325289558744106,8.215665254122968
438,1,0,-0.21220246858222463,-1.2892942956272684
439,1,1,-0.64223873487068,3.482012564417404
440,1,0,-0.03790468343071614,-0.4368614751277159
441,0,1,-1.006552952449164,6.598702018561202
442,0,1,0.9092429143432167,4.861816135755656
443,0,0,1.2414326924410775,2.009816817623962
444,1,1,-0.13800802621923663,2.2870067452702267
445,1,1,-0.5765833178575981,0.7065140970898987
446,1,1,0.3129326858113792,3.812383483770602
447,0,1,-0.6450637386338273,4.26784452657987
448,1,1,-0.1363096326852859,1.8907575071098583
449,1,1,-1.0494655569652709,3.1212851032692974
450,1,0,-0.7057661166386662,-2.948212898014761
451,0,0,-0.9922231052764611,-1.7557953535453708
452,0,0,-1.409027363014914,-1.8195345659260145
453,1,0,0.2526057947277519,-0.928251341424561
454,0,0,0.6132078370744507,-0.4182912676702448
455,1,1,0.13523242784203332,2.5643077304386592
456,0,0,0.2796760653687962,2.0974775721923224
457,0,0,0.6452840118636849,-0.009988111579995795
458,0,1,-0.09398218583105321,5.52758170839242
459,0,0,-0.13245931476685618,-1.7211965675664689
460,1,1,0.3535585367601288,2.436883992542306
461,0,0,0.5617595832134038,1.648032700450453
462,1,0,-0.2375955033745149,-1.6410995641475394
463,0,0,-0.39792287053762554,-1.2806675125297282
464,0,0,-0.694383893453345,-0.4477926838340419
465,0,0,0.23067795515530987,-2.020504244785136
466,1,0,0.2118257387831233,0.7571548249009796
467,1,0,0.24873901964609405,-1.7090100232156258
468,0,0,0.35598171705142473,4.231384127350492
469,0,0,-0.9980174709722874,-0.29068430563033
470,1,1,-0.33383296880947533,3.2087672196833705
471,1,1,0.9296866137729275,1.312126979376641
472,0,1,1.4633059188243855,8.824386876991994
473,1,1,-0.6725011229443313,2.7799043857261294
474,0,0,-0.02190212685192801,1.7500486279871121
475,1,0,0.7750039090756105,-1.039154093982683
476,1,1,0.9408784118112504,5.424410615400814
477,0,1,0.2911893708299747,6.644835173556027
478,0,0,-0.5233278487450895,0.24297951662318673
479,0,0,0.25392491444281995,2.627215465109361
480,0,0,-0.14068356792215023,-1.7607357484802053
481,0,0,-0.6904380393073397,2.419407590465594
482,0,0,1.0996732780438152,1.3432154560651663
483,1,0,-1.5826408568582366,0.31901001943537777
484,0,0,0.32475954400051943,1.096746853417098
485,0,0,-0.6398483386530771,-0.05246000449242427
486,1,1,-0.3263536225244027,5.285831194235187
487,0,0,1.0953825402899957,1.081199699673612
488,0,0,1.3787823896450935,2.7069312285690326
489,1,1,-1.4431205109252028,-0.6001295347725395
490,1,1,-1.5366861514747046,2.18163311296297
491,0,0,-0.009071126092078725,-1.1866298187158124
492,1,1,0.5416419261666624,2.1626633116998497
493,1,1,1.0960996420401175,2.1721718268640546
494,1,1,0.6970736188631536,7.18292069015454
495,0,1,0.28580564681003956,3.2849578021005112
496,0,0,1.1469310273830913,0.7824762935450982
497,0,0,0.7930342183664867,-1.6713979394159129
498,1,0,-0.8718430298991873,0.013710713690394552
499,0,0,-0.8901730407589694,-1.6338475148990461
500,0,0,0.6730852529891213,0.2827952492083502
501,0,0,0.14119721289832945,2.166100103954511
502,0,0,0.8624116024222577,-2.6489006877091006
503,1,1,0.766092705366222,4.862671060261996
504,0,0,0.8761123785833939,3.5355533944739324
505,1,1,2.588907803060499,2.426704846790888
506,1,0,0.9140903067772215,-0.28108512850307965
507,1,1,-1.884016860848671,5.620312487527631
508,1,1,0.11556842995416856,4.395959859660097
509,0,0,-2.226675383387284,-0.7506106039191097
510,0,0,-0.20492809688709945,-1.70901808247332
511,1,1,-1.2117850629787337,2.2342606773132783
512,1,1,0.9876562027464467,6.551895726136066
513,1,1,-0.8934215994735571,4.499059405773904
514,1,1,0.5680755357119116,0.5292046364914911
515,1,1,0.7127093505102685,4.672053107889859
516,1,1,0.7348419145663858,-0.5961036829497033
517,0,1,0.15568628427866232,3.8469992721435844
518,0,0,-0.710644231928749,0.13335969357770056
519,0,1,1.5787801247886435,9.3683613911988
520,0,0,1.2324904113934658,-1.3875178788340012
521,0,1,1.174711120751839,4.911002143399274
522,0,0,-0.7939283819471351,-2.3869247002955314
523,0,0,-0.7638600772291326,1.1906325656012182
524,1,0,0.15774940269195098,-0.3606901511853853
525,1,0,1.3981274478517522,1.3864474391368997
526,1,1,0.5358497213982042,3.648890026499066
527,0,0,0.3509282931756199,0.5071295845825511
528,0,1,-1.6414202596087288,3.811769251933724
529,0,0,-0.4006631511582346,1.4663951407535194
530,1,1,-0.479202952747096,5.171186258830072
531,1,1,0.42458397784950935,3.4808477926021224
532,1,1,0.10586394197845182,2.744646136711083
533,1,1,1.249151075272756,6.746817144534374
534,0,0,0.5299286314770513,-0.007988505965434975
535,1,1,-0.8313200666895414,3.95096798467146
536,1,1,0.4612906326317613,4.853406723071762
537,1,1,-0.4322728812554333,0.8003039211985006
538,0,1,-1.1659395091533338,4.380878914651422
539,1,1,-0.9452590367778091,-0.5306291667739584
540,0,0,0.1524694478714355,1.271284201861648
541,1,1,0.7906556096946118,5.211725138009264
542,0,0,-0.9418150933777416,-0.15278784824941116
543,0,0,0.36667380376427017,1.11287030271734
544,0,0,1.403946740512636,3.6842245641553317
545,0,0,-1.2351203195726106,-2.8705841619978334
546,0,0,1.3756409528136762,-0.30986771448277417
547,0,0,-0.023722510211498887,0.527391083903833
548,1,1,-0.4922706969515397,4.116468549939477
549,0,0,0.7393500314147831,-0.8010363910481615
550,1,1,-0.1851636796098174,4.287161185646164
551,0,0,-0.004417140278398336,1.2800877113860125
552,1,1,1.4856834344473473,3.624467400286762
553,0,0,-0.012709975094733662,2.453072087720927
554,0,0,-0.9688278340001094,-1.5421245301331261
555,0,0,0.12360885982956211,0.9848048365481445
556,0,1,0.01487970324388468,6.471642567932131
557,1,1,0.15303085520692397,2.9533960837955853
558,1,0,1.0226567584346182,2.9245736816292203
559,1,0,-0.11915284710051487,-2.2313607649566736
560,0,0,-0.36166602214245147,0.8648142462295494
561,1,0,0.0014633106779647419,0.39333500481083716
562,1,1,1.079470890964815,7.665439952132853
563,0,0,0.11979724820182074,0.9316415231269521
564,0,0,-0.9134012558240577,3.0274590198867957
565,1,1,-1.0225553682748871,2.780567368886403
566,1,0,-1.3608357400920505,-1.857810136457762
567,0,0,-0.2035980779341249,-0.6264053788006421
568,0,0,-1.1425998273230868,0.5621381262124655
569,0,1,-1.3289015290154136,4.518682479649458
570,1,1,-0.3861850697787329,4.2263239400090935
571,1,1,-1.7591351062917104,4.754746888035777
572,1,1,0.7955891642788144,1.6578039816608117
573,0,0,0.13706141248253903,1.2923774064157592
574,0,1,0.9768041797532344,8.152538563245333
575,0,0,0.24374385659016445,-3.194227914738904
576,0,0,-0.26126877460762726,-0.02137671803468294
577,1,1,1.076124483934848,4.379767176171541
578,0,0,0.8391528934537718,1.6929689295666235
579,1,1,1.9262704698611641,3.412196085778107
580,1,1,-0.17840690696117326,0.253793013675907
581,0,0,0.5410267382183461,1.4318348672564019
582,1,0,0.22466040744357282,-0.8276631005492021
583,1,1,0.8645167343366016,2.334563614172628
584,1,1,-0.9155366526947277,2.498763881715275
585,1,1,0.10853765396737032,4.684078571955259
586,1,0,-0.7166633598087339,-0.35372023331744357
587,1,1,0.5401677899312906,2.5653006448488975
588,1,1,0.9508180914336041,4.442797873230039
589,1,1,-1.512821699999713,6.240273477847751
590,0,0,-0.5717049598078536,1.3037739034334088
591,1,1,-1.1944541574432619,-0.7529738092908427
592,0,0,-1.7299339669076053,-0.8266455956348209
593,1,1,0.7801544565942871,1.8028847846505975
594,0,0,-1.2778594435856254,-0.16930152880954014
595,1,0,-1.0886616027159701,-1.661172925790696
596,1,0,-0.7933530037027406,1.2432018606348463
597,1,0,-0.5257498943027974,-0.5478792503082295
598,1,1,-0.47222186547741657,5.146351623515645
599,1,1,0.565673537969354,4.318719914671245
600,0,0,-1.516555231390014,0.36089154434676485
601,0,0,-0.5518681132301088,-3.9044766620664846
602,1,0,0.878631941568795,0.5468201307128251
603,0,1,-0.13536062302538213,3.155016666461746
604,0,0,-0.3817378972524115,0.7837898780914709
605,1,0,-0.8686526814100023,-1.9459536120715857
606,0,1,0.18842383385925213,4.225184694972482
607,0,0,0.7404290877577433,1.2098153883641285
608,0,0,-0.7580410488004908,2.0043169885129974
609,0,0,0.49568161017822543,2.736524729144698
610,1,1,1.9754380364824415,4.559303409898233
611,0,0,0.8636354028508786,2.1416353453720207
612,1,1,0.5274607124597422,1.6896731568608094
613,0,0,0.7380628900374973,0.2808764196632908
614,1,0,2.0317789489349605,0.8047435315663953
615,0,0,-0.3886115508615201,-1.0091165698463747
616,0,0,0.7205501914116254,1.2973082329557424
617,1,1,-0.4130883792458699,5.628140125853658
618,1,1,-0.24067601875434874,4.72630496420733
619,0,0,-1.6317497088286947,1.2058977093495353
620,1,0,-2.2378786424932833,-2.172450250986947
621,0,1,-0.17419591905226192,5.211761765166493
622,1,1,0.5580488069058989,3.4903707766906638
623,1,1,0.6404688766883148,5.47959828425393
624,1,1,0.05719202203073515,4.766999848627622
625,0,0,-1.1029046473177766,-2.6665302294028104
626,0,0,0.6790825426781649,-1.7047371544531993
627,0,0,0.9030675942704198,2.7437335543311256
628,0,0,0.8864118719196304,2.307247264126161
629,0,0,0.1802091466859734,0.9447379059151505
630,1,1,-0.19322019462358486,3.7951856007528497
631,1,1,-0.22691730387417078,2.431306262753937
632,1,1,-0.3091150712244663,3.0026290705191983
633,0,0,0.43785487702675396,2.7396453210506055
634,1,1,1.587494827166121,6.5831132523670295
635,0,0,1.6101207560597786,3.567501451703392
636,0,0,1.8244704548435853,3.3246191497932145
637,1,0,0.10140183723625172,0.4548242917622856
638,1,1,-0.34929514282843255,4.151457777282201
639,0,0,-1.7628928085582725,-0.7632787132065375
640,0,0,1.0659639428212078,0.5682216216825102
641,1,1,-0.2728875715639218,3.9540243390110934
642,0,0,-0.4853244915831349,-0.355002079235177
643,0,0,-0.012397338358485254,0.11602634072109969
644,0,0,0.18641143970466983,2.946457459840902
645,1,1,-1.535570494213844,4.207346868085062
646,0,0,0.19240978261552,0.03819505499308984
647,1,1,-0.2788187653613809,1.1629844415204436
648,1,1,-0.7489994318670917,1.3353266896075122
649,0,0,1.0886286763152844,-0.7030721084845887
650,1,1,0.6796946457625895,2.1423741895770894
651,0,0,-0.05567110511613383,-0.43980828030384367
652,1,1,1.2020164345549258,1.6021033871407175
653,0,0,-0.7246542221646505,3.4557662683570256
654,0,0,0.04060261083627075,0.9248771468393826
655,1,1,-0.031993749774631035,3.5043844784282565
656,0,0,1.041271851937587,2.8705222883615003
657,1,1,0.6971951550043959,3.1429057565789256
658,1,1,0.42733643977201186,4.425561191308923
659,1,0,0.32204086113960523,0.9921509298890273
660,1,1,-1.682613178124862,3.7644003761266402
661,1,0,-1.3712951987522848,0.03581578045231654
662,0,0,-0.6483465787292525,0.8333469408108053
663,0,0,0.8123279388647847,3.1232704768001627
664,1,1,0.5386718132103494,1.2802981729755238
665,0,1,-2.270463809987277,4.459474675833719
666,1,1,-2.035261042744782,3.3436378176397756
667,1,0,-0.4915761337014795,-0.8493576814226291
668,0,0,2.9830522563230413,2.5436314586223063
669,1,1,0.4360862430180493,4.398950915742024
670,0,0,-1.1639974576329006,3.5070488135733404
671,1,1,-1.4047929675466577,1.6220651876561099
672,1,0,-0.0456278451116176,-1.7288708672684145
673,0,0,0.7919230479474666,-0.0498191470398095
674,0,0,1.1407656502434051,1.3641213207738385
675,0,0,-0.2663772398647467,-2.3192240308298526
676,1,1,-0.33376418892700815,5.504878914151707
677,0,0,1.5789834448460756,4.014877468115253
678,1,1,0.3778004147741546,4.510614821709071
679,0,0,0.6035756195040038,1.6476593314426493
680,0,0,-1.0827175477034223,-0.6946423494349538
681,0,1,1.2286634873124167,4.783619886113224
682,0,0,1.7930409864491612,2.875833231436021
683,0,1,-0.059571533551878914,4.061595013842856
684,1,1,-0.6741465246961871,4.523676209336617
685,1,0,0.2278644694677607,-1.7563655942025658
686,1,1,-1.1067434765967392,1.8488079485864333
687,0,0,-1.2021755486843362,-3.3177889061226113
688,0,1,0.1662703304051257,5.231598605595467
689,1,1,-0.45221509071864713,2.8789286073156424
690,1,1,2.7690345884176026,9.488309053824336
691,1,0,1.2567316487393243,2.665989903525091
692,0,0,-2.073396025763398,-0.8173576741186444
693,0,0,-0.752769331400801,-0.522229238143549
694,1,1,2.317786540410065,5.9997093695277846
695,0,1,0.18130936780205348,3.7253576328435583
696,0,0,0.37806754322458924,3.1687309963537684
697,1,0,1.3845947887969552,-1.0423704839695511
698,0,1,-1.423881405985466,2.133176234021559
699,0,0,0.7527972626611814,2.442848362347439
700,1,1,1.1516703611674113,2.5500528686130095
701,0,0,0.8384042081974415,1.5774635453980754
702,1,1,2.054927394610468,6.6397954400471795
703,0,1,-0.5066612840974166,3.885487527988568
704,1,1,-0.7000516559748836,3.1675099876437516
705,0,1,-1.9479192085454429,2.6192784274734087
706,1,0,1.1204968640801345,3.4006585957405253
707,0,0,2.227349605991277,4.695814078687406
708,1,1,-0.5972611012611866,1.8256343237084873
709,0,0,-0.20802116660954756,-1.4465002389778143
710,1,1,1.1061799630091846,1.2073507862720323
711,0,0,0.9338931541904725,-0.29664322254432385
712,1,0,-1.1906109750397407,-2.751740499542824
713,0,0,-0.9479200383030914,2.8231427586089834
714,1,1,-0.25591481355463386,4.524085236934335
715,1,1,2.4766294027601647,8.097763717150578
716,1,0,-0.49875774252709226,-0.28638903982114783
717,1,1,-0.9055389776043377,1.3102871214911318
718,1,1,0.21865442327858384,4.721141672823962
719,0,0,-0.8714631813307936,1.2497059376531698
720,1,1,-0.0787524746944936,4.870629287606618
721,1,1,1.638087537231111,6.464939163124092
722,0,0,0.8434481008051478,-1.816939728091885
723,1,1,-0.5521395331321913,1.250099394508208
724,1,1,-2.4476244929147324,0.6765027984476075
725,0,1,0.42451495487914026,6.530364984983749
726,0,0,-0.44928050788456403,0.2954893516146082
727,1,0,1.4234018419188015,2.0976721432802883
728,1,0,-0.21795555136885067,1.132546119413454
729,1,1,-0.0515118102852504,2.8250912118125897
730,0,1,-1.01878994986573,4.29738589503042
731,1,1,-1.408724680264433,1.9660507963113267
732,0,0,0.15704750512760962,1.9835593224488874
733,0,0,1.3804349344625624,2.17224065854258
734,0,0,-0.5313212661267696,-0.6766372419289575
735,1,1,-1.2796983144784462,6.959085691964981
736,1,0,0.21732990099638014,-0.07852099806923965
737,0,0,1.0713568801594153,4.456938742947143
738,0,0,-0.33012687946188973,-1.329778441930449
739,0,0,0.05915848313681997,0.21963785537907396
740,0,0,-1.0634474864643446,-2.8389516065410105
741,1,0,0.7952530411012741,-1.9172835112129818
742,1,1,0.26841354257858074,3.522853673913633
743,0,0,-0.4396476458699406,1.0824694606995804
744,1,1,-0.9438244273037107,3.480143593195082
745,1,1,-0.1401085785040795,3.0118359952158915
746,0,0,-0.035131419320408155,1.089951929239446
747,0,0,0.04917816066202918,2.0517960331286647
748,0,0,-1.2532813038750819,1.4702066338751616
749,1,1,0.49282441130191385,4.403131377230494
750,1,1,-2.5313077586492585,3.4597258685536927
751,0,1,1.088977100302939,6.023629111814423
752,0,0,0.31836465213431225,1.7148729365013973
753,0,0,-0.6091143360636131,2.3193121831466605
754,0,0,0.03130614972599247,0.7141537114999934
755,1,1,0.8511881428487501,4.457772829125022
756,0,0,1.1089764977340735,1.4373126356430457
757,1,1,0.9112123318247556,2.5352947498489473
758,1,1,-0.07949544246117357,2.079182093972574
759,0,0,1.5174074957803505,3.4105398708152124
760,1,1,-1.6718137343441977,2.8042146650018016
761,1,1,0.9848837989333569,3.728197161006362
762,1,1,0.931370502285048,5.656177921816879
763,1,1,-0.7480841314527723,1.5529708342809412
764,0,1,0.09229416763164075,6.451860237095684
765,1,1,-1.163829268071684,1.9212618164053838
766,1,1,0.0971043033713121,1.512725709542141
767,1,0,-1.710808583444704,-1.8210243853267274
768,1,1,1.7019489036384832,4.479883417545102
769,0,0,0.9120972299884016,0.0007398488447859231
770,1,1,-0.7332254176428322,4.247926638984993
771,1,1,-0.9919989660827705,4.149226257270544
772,0,1,-2.130907094906376,2.515473083568737
773,1,1,-0.9314010468728439,6.195382100611237
774,0,1,-1.482245228879154,4.7885244376790865
775,1,1,-1.7275953740352794,-0.8301201304669856
776,1,0,2.297209511728912,-0.37831551487585374
777,0,0,0.5912623710168174,0.7803243535313922
778,1,1,-1.0983819387337788,4.638886273948071
779,1,1,1.4291124980669097,4.69688914719301
780,0,1,-0.857425327135448,2.196679556701078
781,0,0,0.1826298021689373,1.5938442692004786
782,1,1,-0.3070892367757929,4.611823568724502
783,1,1,0.040184795661047025,3.2185244535227113
784,0,1,-0.3380636913992516,5.594156896150429
785,1,1,-1.3452481739071647,1.5602251260471758
786,1,1,0.9324340060710802,4.6046806468913
787,1,1,-0.06388123818922233,4.043349161781
788,1,1,0.06624496578861667,1.3525994669479608
789,0,1,0.47510044505963334,2.549355856371953
790,1,1,-0.7146568383590937,4.774771591205454
791,1,1,0.48028979678281436,5.12855300135554
792,1,1,-2.522388169738484,1.0821426666421265
793,0,1,-0.8620087958832023,2.613932197784348
794,0,0,-0.43318412403865547,-2.552288322543356
795,1,1,-0.4774814941416654,2.309795022091172
796,0,1,-1.7018522926902362,3.442409919623488
797,1,0,-1.586264039814195,-3.3246994710101716
798,1,1,0.8736390380047143,5.0906803100270555
799,0,0,0.3944706289511884,-1.409045822920318
800,0,1,-0.26483523975780654,3.9284162325886385
801,1,1,0.43639942366663453,5.280941748381064
802,1,0,-0.4527961407224403,1.2681074346500787
803,0,0,-0.7304654065060904,1.6164914307217766
804,1,1,-0.3707348871777614,1.0692154704188788
805,1,1,-2.2681308582973645,0.716265367643016
806,1,1,-0.7180876101993995,4.445744495401696
807,1,1,0.8650638355655993,1.6758357317984824
808,0,0,1.5055008876381983,1.4426777405403641
809,0,0,-0.28599421256568897,-2.0238704264737093
810,0,1,0.3928371817615137,3.769135900557089
811,0,1,-0.5994085192893575,1.7639847296745481
812,1,1,0.7500670531300947,3.2668000137501534
813,1,1,0.6439432961655994,4.316982893581406
814,1,1,0.1973457484280876,2.9533910408419706
815,0,0,0.0345555315342721,1.7501249028692392
816,1,1,-0.7112740726578223,1.534262910082848
817,1,1,-0.5887420700594782,1.5787009134661043
818,1,0,0.4119645720581847,0.71983006912027
819,1,1,-0.6430983200837537,2.0262203103611465
820,1,0,-0.8917857945959315,-2.8543027333460755
821,1,1,-0.2840766266789422,3.949014953677586
822,0,0,0.23318244076688233,0.4488313039457213
823,1,1,1.4363581247033859,6.244389695528508
824,1,1,-0.37716936601372036,4.56728453149311
825,1,1,-0.35142347258120854,4.301832960397363
826,0,0,-0.09319398143430331,0.8159497267747506
827,0,0,0.4603833390537668,2.994325978943137
828,1,1,0.6584090375925439,2.971856498989201
829,1,1,-2.105463690075737,4.2439216100889
830,0,0,1.6571520663591186,2.0393832398614533
831,0,0,-0.44131925905226416,1.2951187565802313
832,0,0,-0.6259455889059008,-0.4504710700023139
833,0,0,-0.45809291525755724,1.1314072158606223
834,0,0,-1.4632674569156,-1.2087955090960971
835,0,1,-1.5872103552124848,1.1770888426663435
836,1,1,0.28677019732612935,1.880331749050472
837,1,1,-1.470339504316482,-2.5572807379669893
838,0,1,-1.164874779320763,2.356679630636537
839,1,1,1.2267906804550504,2.924445344244225
840,1,0,0.36015062505744927,-0.6873489489022249
841,1,0,1.3320014213401037,0.6287352107403306
842,1,0,2.179432186563123,1.1531155841641934
843,1,1,0.8894087807968093,3.1120761997076816
844,1,1,1.2927095246312807,1.050225861023894
845,1,1,0.3336614876837382,2.2904755338946186
846,0,0,-0.4949949915962865,0.7292997326311783
847,0,0,-0.8019576461592961,-0.7559309355817146
848,0,1,-1.0137004197060249,5.859645820987591
849,1,1,-0.5103778470909871,4.528137660568307
850,1,0,-0.6570476090406375,-0.2529110391622138
851,0,1,-1.6700521932762664,3.3183417271621822
852,0,1,-0.6627637583075129,4.180502636298396
853,0,0,0.9419168622349448,3.1418542081162624
854,1,0,2.653854411631007,-0.31960444393422016
855,0,0,-0.627638351934448,-1.7526719346174924
856,1,1,-0.98854436321001,3.1158843037305637
857,0,0,0.5823255317310178,-1.1110179047392648
858,1,1,-0.23828375243132582,1.7935538963897626
859,0,0,1.2290852462751531,3.6525036151671126
860,0,0,-0.556313553308628,-2.0723792501886424
861,1,0,0.7202522420898638,0.06334421113336874
862,0,0,0.026089689328470715,0.16482902694963014
863,1,1,0.8471067295875875,-0.8617234190669274
864,1,1,-0.919087571910527,2.6971964518970664
865,0,0,-0.3478030128267909,0.988671645417992
866,0,0,0.9096907120324578,-1.305240742401435
867,0,0,-1.457079579728022,-3.0207785231951783
868,0,0,-0.3899435053399841,0.87730313234531
869,0,0,0.682307898438934,-1.1089182971176053
870,0,0,1.0960189986948525,1.8604662487478616
871,1,0,-1.1572343784100536,-0.4536419342186314
872,0,0,-0.17129643258451877,-2.0170822213787623
873,0,0,2.181414932359464,-0.22968838983269246
874,0,1,1.8403460781962293,6.057695962527457
875,0,0,0.15897994411754657,4.504345475306167
876,1,1,-2.5939024051347506,1.9432208728049754
877,0,0,1.7615975201675773,0.8151316218879396
878,1,1,-1.5442631965365687,1.5637773188026032
879,1,1,0.11107746053217446,1.4398898204445674
880,0,1,-0.422938818679076,3.5589156606197907
881,1,1,1.1785397228118326,4.407372661314979
882,0,1,0.22543688156136096,4.697388127783012
883,1,0,0.1707119300216177,1.139986318117916
884,1,1,-0.6462066158276919,0.031120026733226336
885,1,1,-1.0706066605372384,4.6085180554250025
886,0,0,1.2520029453648518,3.53845505669864
887,0,0,-0.3346366272885978,-0.6050280002177088
888,1,0,0.12378121153616306,0.6348316377093628
889,0,0,-0.5699727140184628,0.3147957800075908
890,0,1,-0.7370900761812443,3.7257059067666267
891,0,0,0.9675325627883459,1.9483650929892407
892,1,1,-1.013466445581796,2.586616576024277
893,0,1,1.2796098193953285,8.416502023692852
894,1,1,0.3096511175012639,3.2033378168082742
895,1,0,-0.057881940114802154,0.39893575965596084
896,0,1,-0.09789768288590975,4.027203474006354
897,1,1,-0.2612531522047306,4.861736874082599
898,0,0,0.12345958359782556,-0.9352566939997871
899,1,1,-0.28564290033628953,1.7961905199089008
900,0,0,-0.3682913812132186,-0.8150975890379546
901,0,0,-0.0020922248939407068,1.2195082649717146
902,1,1,0.640801502588166,2.554952538205273
903,1,0,0.7353177023275143,0.4926059299997886
904,0,0,-1.4017342507564001,-1.3769534539814272
905,1,1,0.3276065604799426,2.1909059404698548
906,0,0,-1.2834491137819797,-1.0555357403892949
907,1,1,0.22908593253135712,4.6069883606885105
908,1,0,0.4888126653859672,-0.24239278080039242
909,1,1,-0.060868032035888815,4.388049252388576
910,1,1,1.1293935042758685,1.3168227463453746
911,1,1,0.3046860301918338,2.170923449002415
912,0,0,-0.852127680257209,3.9020686393190616
913,1,1,0.559038984047869,5.181458362268641
914,1,0,-1.0260386646432171,-0.49514251491046357
915,1,1,-0.27440062275541766,4.323037282056575
916,0,0,1.615959318642139,4.271800726520322
917,1,0,1.5037849341113818,1.7603189017136243
918,0,0,2.0460679532047603,0.7756691584738368
919,1,1,-0.03292286570788866,4.843113878671513
920,1,1,0.8494053779909962,2.5379780511654424
921,1,1,-1.2711021742061301,3.943044309181976
922,0,0,0.04768755249067517,-1.3042831401630965
923,1,0,-0.392093808912462,-3.3826230923223735
924,0,0,-0.9041066629982639,1.9555926092986495
925,0,0,-0.22193504813779158,0.8767776210214591
926,0,0,0.4529476681594239,0.48874659060159553
927,1,1,-0.5355262496249794,3.68099597888866
928,0,1,-2.4669821803592984,3.0628709005087487
929,0,1,-0.44497030993310277,3.795940859492515
930,1,0,0.6432977810161957,-2.14135105867087
931,1,1,0.12683418827105816,2.1973953312247545
932,1,0,-1.7776324585433725,-3.3928650828119182
933,1,1,-0.3013591093205125,1.78056166510258
934,1,0,-0.04883967336967488,2.516459961547228
935,0,1,-1.3692768588560449,0.5226891774289497
936,0,0,-0.3040830117204436,-0.36520560567791194
937,1,1,0.29217534876160206,3.385303487391523
938,1,1,0.0007746197347414867,4.490354435922699
939,1,0,-1.477649352845873,-3.1722766030357086
940,1,1,1.8022706194281242,4.519485072485036
941,0,0,0.9357258313375857,3.455182199383108
942,0,1,-1.0964605702756034,3.9688243914040586
943,0,0,2.1681937347250146,1.7406063352871168
944,1,1,-0.7377258851498447,0.5839660628454262
945,1,1,-0.9139737195421941,4.101894759401109
946,1,1,1.527047364601494,5.54729887433602
947,0,1,-1.5434745124372882,3.0762607958392243
948,1,0,0.34468144297317477,-0.21150912544270462
949,0,0,-1.0525920953360053,-0.2152859465769521
950,0,0,1.6072999750507708,-0.5742791263189355
951,0,0,0.6752781940242742,-0.48943335074663413
952,1,1,0.5693678261834314,4.023135566016039
953,1,1,-1.713160594746651,2.242621392391627
954,0,1,0.9665387044087271,4.4082362442783225
955,0,0,0.3363214133479428,-2.467473436409438
956,0,0,0.21351090863752661,3.783751940816656
957,0,1,-0.23075852093572566,1.2641828072922139
958,1,1,-0.3328276325052628,3.85579022117024
959,0,1,-0.7927385504015879,3.123182821732323
960,1,1,-0.20194219707330657,5.178657682542747
961,0,0,-0.3870554059143425,1.868042137889605
962,1,1,0.6599948612660046,3.843516964073346
963,0,1,-0.985535982431021,5.116104721858614
964,0,0,-0.96544052307185,-1.7047657358548824
965,1,1,-0.3996955457349272,3.9091957408328053
966,1,0,0.6805613949995986,-1.070046144985882
967,1,1,0.362329333957398,3.609835798809745
968,1,1,-1.3488434985781443,4.4283316617978326
969,0,0,-0.24592629461501714,0.37078127792848414
970,1,1,0.6421626705903629,3.0739277806832215
971,0,1,0.17689179974386737,5.188384399041173
972,0,0,-0.07433243395896336,-0.5154661035291745
973,1,1,-1.3883931684110242,3.3961885118588815
974,1,1,-0.38713891855221283,4.760210906122779
975,0,0,0.11113193996170669,-2.133529062271628
976,0,0,-0.4665748245555265,1.1997857682073827
977,0,1,-1.0353220189673251,3.8640536175991054
978,0,0,1.4365429857424001,2.8629377189983347
979,0,1,0.8450962418436453,5.5003829418345305
980,0,0,0.22369921750533955,1.791177399119841
981,0,0,0.056518216676225794,-1.5102102848007166
982,1,1,-1.1390322265008415,1.8700166647147105
983,1,1,-1.0822728968504873,4.599781553289605
984,0,0,-1.1397542023666736,0.3131371187965759
985,0,0,0.4320966712483133,2.840206724020079
986,1,1,0.5207725725401426,2.5851202122016215
987,0,0,-1.044675269340419,-0.4316028724615131
988,1,1,0.4757744353625728,3.5220491468060753
989,1,1,-0.7549272070891104,4.810397637048002
990,1,1,0.5985342179199372,3.9399336094712396
991,0,1,-0.6821179557271609,3.486458938692823
992,1,1,-0.10433998233411486,3.481646928726395
993,1,1,-0.5298357586643683,2.221287000924283
994,1,1,-1.7234449629640407,4.3977581363269
995,1,1,0.6781520146901943,4.4553677922690405
996,0,0,0.5541351753716405,3.041838508585396
997,1,1,0.8466018019884624,3.421466903431168
998,0,0,-1.0006585604024618,1.1904831631188824
999,1,1,1.2761608019350446,4.435326199209149
1000,0,0,0.06445697813858396,-0.7325616040564321
1001,1,1,0.012826349899970675,3.061986868369093
1002,0,0,-0.7679406200209752,-0.44233188599528234
1003,0,0,1.6979088432731833,3.2078971399625367
1004,1,1,0.38714274131027726,4.033811428227839
1005,1,0,0.2637379675356296,-1.1762167147464666
1006,1,1,0.6947848741204012,5.493114526882353
1007,0,0,-0.8110829173489721,-0.06705064265017036
1008,1,1,-0.09343141673005959,1.8529821374249058
1009,0,1,0.2845666127342248,3.9018469048399527
1010,1,1,-1.2733373807095414,1.3906749844799593
1011,0,0,-0.3699258194729562,-1.856091738832016
1012,1,1,-1.2821831018828986,2.418474104916567
1013,0,0,1.0970113977812623,1.2148848302116977
1014,1,1,0.4020052501337665,1.1315014348460604
1015,1,0,0.015329323754875696,-0.09846026226838422
1016,0,0,-0.9144831672727011,1.792735721018255
1017,1,1,1.3016428437960605,1.3211827866416332
1018,0,1,-0.27578030546332916,5.581319559357064
1019,0,0,0.10233091757836092,0.6061817865706454
1020,1,0,1.8226500980234,3.12619913330348
1021,0,1,-1.7534293038549682,3.0359397037739617
1022,0,0,0.9590610190864555,2.5255749668595966
1023,1,0,0.7340752850848815,-0.17355457688850154
1024,1,1,0.014711030398320044,4.02712026775932
1025,1,1,1.1466318972118277,5.454188380688825
1026,0,0,0.522733520624628,0.9925671803757103
1027,1,0,-0.8577396553922676,-0.9632499084074979
1028,1,1,-0.6762728463457802,2.218132118164545
1029,1,0,-2.3198478566684924,-1.687778282309031
1030,0,0,1.435332985171412,0.22118252639470581
1031,1,1,-0.19556023302721665,4.0867411142135515
1032,0,0,-0.07828412006960545,-1.4726045691310257
1033,1,1,0.5568381625829458,2.7461810360469885
1034,1,1,-0.5749086377220103,3.571189434098568
1035,0,0,0.04373449139294376,1.3069984963330752
1036,1,0,-0.7096381621747401,-2.5700530368020096
1037,0,0,-0.765207560284982,0.8029588591269908
1038,1,0,0.2518950671041543,-2.1604508597377343
1039,0,1,0.8749991697744436,6.606474898669675
1040,1,1,1.4946363939311296,3.4987871253563205
1041,0,1,-0.5047147600145475,2.4103834240724757
1042,0,0,-1.0005140664648822,-0.8408029538645612
1043,0,0,0.008948149300192916,0.29566299048772815
1044,0,0,-1.251343472142028,-3.307794597606147
1045,1,1,0.028733000391343983,2.439972834062052
1046,0,0,-1.2891618652262944,-2.7317843891909965
1047,1,1,-0.8765147237090615,0.931166083991303
1048,1,1,-0.014795777642861274,3.1085040989020225
1049,1,1,0.008615042002272987,5.302089604417315
1050,1,1,0.27858867715051316,4.104832385015023
1051,0,0,2.1686329382074345,2.650261684504351
1052,0,0,-0.3927788523724072,1.5979682856484934
1053,0,0,0.14519031349483724,0.49225078672313194
1054,0,1,1.7527535417026685,3.914167487875086
1055,1,1,-0.7499645997132687,-0.06551638470775867
1056,1,1,-0.2905623000263872,2.7092672431834655
1057,1,0,2.6858061836318936,0.7730265775685974
1058,1,1,-0.6135034218806996,4.765274175153977
1059,1,1,-0.9721876794799812,1.3238829618033239
1060,0,0,-0.8504771864046797,-0.8958110080425182
1061,1,0,-0.5077838857199866,-2.7797959560168373
1062,0,0,-1.3824389496391483,1.6651895730013786
1063,0,0,0.9343668651321798,-1.6504659439545377
1064,0,0,-0.23747033646709464,2.2054247602030275
1065,1,1,1.202001093124671,5.55854717357416
1066,1,1,-0.006984649979350798,5.640501148620152
1067,1,1,0.7831789160012864,3.7078437422875297
1068,0,0,-1.0492909663363035,1.3353511484579461
1069,1,0,0.3960599517416812,-0.7542940992533432
1070,1,0,-0.47314294981745114,1.5696817496674227
1071,1,0,0.4759824201803803,-1.3014564375251227
1072,0,0,0.21010569864618486,1.6246412910299572
1073,1,0,-1.4133393017416211,-1.510381010261255
1074,0,0,1.1057138011290064,1.0536778732580105
1075,1,0,1.0685816578931047,-1.970990984077351
1076,0,1,-1.32442635555331,3.7491094541053718
1077,1,0,-0.5166931628900855,-0.3294028961628605
1078,0,0,0.006443056509745908,1.465263911034879
1079,0,0,0.5994713328588922,-0.08972547642579709
1080,0,0,0.3774082497007406,-1.6122594612349122
1081,0,0,0.19162694915485318,-0.8087943921370848
1082,0,0,-0.134168837564206,0.4373762492403357
1083,0,0,-0.6323389615921123,0.7788832169181302
1084,0,0,0.6029986800718656,0.12742770286018945
1085,1,1,-1.4321557107635627,5.471327065008966
1086,0,1,1.2143066951468287,7.577780081634399
1087,1,1,-0.3060945269425079,3.9495928126524253
1088,1,1,-0.4721918650024378,6.37270876900455
1089,1,0,2.194399449278961,3.825822164679721
1090,0,0,0.386446392988371,-0.8564924490392278
1091,0,0,0.6132591966821164,3.53523840208824
1092,0,0,0.16534077506475003,2.3162348061893034
1093,1,1,0.93419068899499,4.589708457490392
1094,0,0,1.436214671575295,2.502274315853995
1095,1,1,0.7471711002601659,0.8163621375123316
1096,1,1,1.0429024040747974,3.5743623471186954
1097,0,0,0.9289600416696324,0.4586512051984521
1098,1,1,1.3697567590846536,5.247042674555877
1099,0,1,1.8486967850539722,5.868809016448038
1100,1,1,-0.11187622153508137,2.5457906886447685
1101,1,0,0.12795420221384843,-1.1697469476067102
1102,0,0,2.5286766576507733,4.144099920679855
1103,1,1,3.1120840727929666,4.019535996625785
1104,0,0,-0.06522127654745125,-2.408434852096684
1105,0,0,1.9194434974122876,1.8468968578136868
1106,1,1,-1.347747309989169,3.4060607328646193
1107,1,0,-0.34164304630817255,1.2912465599056857
1108,1,1,-0.293008982779548,2.4581004098702337
1109,1,1,-1.8744491276532813,2.574604159422916
1110,0,0,-1.7390800790280625,-0.24370230535385762
1111,0,0,0.42927087554366095,0.588911598195138
1112,1,1,0.8555727590109247,3.184278409301333
1113,0,0,1.5023040049990017,-1.0267790959609733
1114,1,1,2.387184069469594,6.978798519245216
1115,1,1,-0.6007343353847173,4.705548624251357
1116,1,1,-0.45278432253488865,2.100248994134062
1117,0,0,-0.7906755262995767,1.5985247067966952
1118,1,1,-0.9121895605355284,0.6275943197425569
1119,1,1,-0.8833749244757765,0.9953067876885342
1120,0,0,0.9243518848622369,-0.8210173672581714
1121,0,0,-1.2561917119678774,-1.9095912351640982
1122,1,1,-1.0812575593988425,4.204980985725877
1123,0,0,0.6340321878327034,2.661058957028359
1124,1,1,1.2538128610643389,3.128636534651999
1125,0,0,0.6475449583666247,-0.4030901488552424
1126,0,0,0.9075139055180352,3.096483129341362
1127,1,1,-1.0898833761821705,5.839219440575629
1128,1,1,-0.6666510977943623,5.661688184502651
1129,1,1,-0.9126890598710742,2.552460814161285
1130,1,1,0.8953796304308369,3.6417321969095626
1131,1,1,-0.48695315965019315,4.716779347394958
1132,0,1,-0.9807356559772464,4.4459002604881395
1133,0,0,0.6861518956272018,2.082362849632522
1134,0,0,-0.17827166378906742,-1.1174627196780427
1135,1,1,1.3895474666102805,6.224671940148104
1136,0,1,-0.372730889170915,3.3145391677066387
1137,1,1,-1.4187849773603072,1.1915889471606325
1138,0,1,-1.8167911354296231,4.275087200793554
1139,1,1,0.05425298848220845,5.090779814147952
1140,0,0,-0.04941200037348312,1.8163940414628286
1141,0,0,-0.25494488282462785,0.513482152485189
1142,0,0,1.4722056471682725,1.6005233681392061
1143,1,0,0.06343291416071206,-3.536091328734975
1144,1,1,1.8009001329821686,3.1067093831266135
1145,1,1,-0.2838740899042197,3.185150139270228
1146,1,0,0.24655437532700936,-1.823006349344501
1147,1,1,-0.5132198657504002,2.0712322293328356
1148,0,1,0.8938828461585075,6.881775784334173
1149,0,0,-2.4613680186870273,-1.5692280568062547
1150,0,0,-0.5425809903067226,2.3476844478269645
1151,1,1,-1.2750702430467096,1.6704559624164224
1152,1,1,1.2746757084069409,1.610515961447799
1153,1,1,0.0789962910615872,1.9476089143842985
1154,1,0,0.07744378214875733,0.06664201084658913
1155,0,0,-2.3500225343191565,-2.754371549625716
1156,1,1,0.5673334702767368,-0.3117189865035157
1157,1,1,1.5552980992501282,2.3880440655151394
1158,1,1,0.5971968207137797,2.7449570477322127
1159,1,1,0.09943504450605888,2.8821082522770274
1160,0,0,0.4997350745620804,-1.3064087315894897
1161,1,1,-0.24079013706950728,1.4339823586764773
1162,0,1,1.2670705406298786,7.259068960895709
1163,1,0,-1.0779408289349193,-1.212914773237057
1164,0,1,0.46858454342943007,4.7127713772761695
1165,0,0,0.8274017407011397,-1.7565784102821098
1166,0,0,-0.17548219890526814,-1.1711781121562526
1167,0,0,-1.0138109029255202,2.3057876484157434
1168,1,1,0.48653791395618723,3.2281146127853257
1169,0,0,-0.7714491499819205,1.5873318564973136
1170,1,1,0.005969297684711549,6.421690997946206
1171,1,1,-0.12499500686164636,4.094029140633376
1172,0,1,0.3878758884858269,4.138300314549507
1173,0,1,0.6320053661211766,4.684003779821653
1174,0,0,1.2819032527427214,-0.7669587373803297
1175,1,0,-1.9477491282447414,-3.9444929209186013
1176,1,1,-0.7611406385195303,4.732789085556373
1177,1,1,0.775131255880322,2.1406218350689734
1178,0,0,-2.9377746093762056,-1.867885829137276
1179,0,1,-1.895075084396359,3.349727421402794
1180,1,1,-1.0588482966526445,1.015346075985739
1181,0,1,0.13593600048726873,6.407796163465074
1182,0,0,-0.26506184822234435,-2.507134525120436
1183,0,0,0.1377942553761223,-0.49441775875992316
1184,1,0,-0.5520369437581187,-0.6834691473740324
1185,1,1,0.883716341648282,5.7667448965189925
1186,0,0,0.31084074031566133,2.8157654087434145
1187,1,0,0.06847758424163605,1.5969357575976155
1188,1,1,1.2981798303214633,6.23920107338335
1189,0,0,-1.1972235876341237,1.1643555250986775
1190,0,0,0.30635000210880764,2.9932234250812884
1191,1,0,0.17313501568766632,1.653418296479354
1192,0,1,1.8147742192510365,6.980193119919881
1193,0,0,-1.1498609463213436,0.7993529670193045
1194,1,1,-1.1607086819177646,-0.6757036656553583
1195,0,1,0.7274225148984077,7.053177382723026
1196,0,1,0.6924730602755571,4.906351963717444
1197,0,1,0.5660399953614582,4.294867609332423
1198,0,0,0.8132603837585997,0.6239647381600795
1199,0,1,-0.9297431574231555,3.4499996183177064
1200,0,0,1.4794698972205587,3.635989531267904
1201,1,0,2.057885679149417,1.4304752021240033
1202,0,0,1.9036108692481917,1.7139075626213165
1203,0,0,-0.4103842719905236,1.0469955052262798
1204,0,0,1.7216183940183618,4.734617130065722
1205,1,1,-0.7554143256045707,1.9829222216237588
1206,1,1,0.003399902345723658,4.718784932607764
1207,1,1,0.32509896793026205,0.43275777057069975
1208,0,0,1.0982915544184222,1.8059716338241496
1209,1,1,-0.6015128173519895,4.638103504890671
1210,0,1,0.3806665344642233,3.8845890234464284
1211,0,0,-0.9165221392563772,-0.07736852649614934
1212,1,1,0.12251316307618562,6.814763319660034
1213,0,0,0.4314679142600675,1.130696351949096
1214,1,1,-0.03565642378067762,3.3192364669493744
1215,0,1,0.5708417671205979,1.8988124411237512
1216,1,0,0.9235711765399108,2.097395079761137
1217,1,0,1.537865197465455,0.19924455015467396
1218,0,0,-1.6154692790055452,-4.400452994565574
1219,1,1,-1.1785573782300132,2.6036399066603884
1220,1,1,0.7487754115250731,4.496360668523778
1221,0,1,0.9052312621783664,6.259470335154941
1222,1,0,0.03833640278477037,0.32252127701560473
1223,0,0,0.9419393126772447,1.5628384285177976
1224,1,0,-0.4706792615493448,-3.90113556798792
1225,1,1,0.8536161893018437,5.342212551473239
1226,0,0,-0.3117968015239725,0.8869358980637424
1227,1,1,0.4360135887936632,4.665310572447914
1228,0,0,-1.4258481619698695,2.625223268741968
1229,0,1,0.21515805504493465,7.688705942783126
1230,0,0,0.5440792511501319,1.137311364247314
1231,1,1,0.9764747539672965,3.9850299056064253
1232,1,1,0.2676032709786329,3.1884393678256324
1233,1,0,-2.0389554934714056,-1.825233417727211
1234,1,1,-1.01019882486686,5.751775605486016
1235,0,1,-0.9873585987834234,4.255378169878362
1236,1,1,-0.737613718108503,3.3006278189387475
1237,1,1,-0.776409703973923,1.3912043124562252
1238,0,0,1.0992306963414815,2.1475834702746592
1239,0,0,1.784233244352856,1.6017846136177227
1240,1,1,0.4434188902909976,1.304188582417242
1241,0,0,1.5683123633863734,0.6659735714735558
1242,0,0,-0.6080446192061804,1.4032717586218588
1243,1,1,0.026509302115238977,5.131658294368941
1244,1,0,-0.06100408282782742,-0.300867605762541
1245,1,1,-1.1871722973232197,0.741518711680744
1246,0,0,1.6454161148204751,0.8907556475161846
1247,1,1,-0.05453198598516515,3.085272289124525
1248,0,1,-0.7276974928987262,2.033583603747097
1249,1,0,-0.05223967413161793,-1.4222104050054962
1250,0,0,-0.8953684911719149,-0.08169901878259711
1251,1,1,0.056222520759315296,3.0690408101669666
1252,0,0,-1.001752750664612,1.748889738672981
1253,0,0,-0.7249196617412402,0.006482232892931095
1254,0,0,-0.5395944041409605,0.7295541022358478
1255,0,1,-0.9307056852551275,3.3633062651780596
1256,1,1,-0.6560026784727074,5.628678160086473
1257,0,0,-0.4751337117088893,-0.1778075526180306
1258,1,0,-1.2205187870615737,-1.0366731210492035
1259,1,1,-0.8175631893637413,3.553335390737428
1260,0,0,-0.6045112028570749,1.351015321490383
1261,0,1,-0.2266860901096672,1.9547783141338235
1262,1,1,-1.4806886286944714,3.365846333236754
1263,1,1,-0.6976891445427835,6.37950775931305
1264,0,1,2.3364610085547777,5.9386127465175775
1265,0,0,-0.6030933777809077,-0.08125320342728048
1266,0,0,1.5887633951777245,2.148679522319468
1267,0,0,0.10685650335604313,2.1598473646063385
1268,0,0,-0.4457339885854385,0.8974877693209667
1269,0,0,0.31503556423682955,2.8395238276537906
1270,1,0,-1.2726321758870682,-3.7931301456489943
1271,1,1,-0.6886978103336489,1.364239758856356
1272,1,1,-0.2804693829256766,2.856027345265147
1273,0,1,-0.5396724128306218,4.291905480726077
1274,1,1,1.0165784674722085,3.965738061702522
1275,0,0,0.2292723915738138,-0.14307893611471478
1276,0,0,-2.217873817026112,-2.599117037781446
1277,1,1,-2.012436085486716,-0.4352907157607748
1278,0,0,0.8502047479399953,0.6579253723254441
1279,1,1,1.6481548903829975,7.712668452801472
1280,1,1,1.3330836431857676,5.424618626224616
1281,0,0,-1.3004473754318893,-1.3212781811432588
1282,1,1,0.32674231786891433,3.8794894914797124
1283,0,0,0.7866350552622167,2.0605917738173827
1284,0,0,0.7438082509379697,0.9162280318991938
1285,1,1,0.664945030768838,3.2245604211568284
1286,1,1,0.8323395264967252,4.477547171931269
1287,1,1,-0.6290471313228573,-1.2060388484185087
1288,0,0,0.554918621791274,0.8607828383923481
1289,1,1,-0.5068594543514459,-0.0950489409546087
1290,0,0,-1.318011142836842,0.8295001457658935
1291,0,0,1.1374740698187755,1.618402216224702
1292,0,0,-1.7855789176111319,0.8492533402300071
1293,1,1,-0.9316980702189966,7.063741518263582
1294,1,1,0.2671238398849364,-0.04482683304922386
1295,1,1,0.7037443164596886,2.667275408339563
1296,0,0,-0.4149362118875418,-0.42829955390026975
1297,1,0,-0.11081508827138767,-0.959169529938895
1298,0,0,-0.2570303157613126,-1.245691455871102
1299,1,1,0.30545209139524854,6.700414979038941
1300,0,0,0.13809620863899633,2.3517798385713196
1301,1,1,2.844839566581537,5.089526426905403
1302,1,1,-0.1451984863411531,4.393108512384385
1303,1,0,1.6023585906614877,1.7221709134439878
1304,1,1,1.083623206137132,2.4496507132935417
1305,0,0,1.4907828939791756,-0.8286722176969397
1306,1,1,1.5708443636824725,1.8641873573165655
1307,1,1,-0.6940444778965134,4.541750500867562
1308,1,1,1.0958550403095644,7.24565425985182
1309,1,1,-0.3129516607863629,-0.35524045491627376
1310,1,1,-0.051177053176314366,4.442189133373085
1311,0,0,-1.0278423026137842,-2.7575337501368655
1312,1,0,-0.43663491288438844,-2.067660776861677
1313,0,0,0.48229962950757677,0.13504349009130873
1314,1,1,1.1848886874995417,5.912473833312614
1315,0,0,-0.8927533275971434,-1.6195668468138846
1316,1,1,1.0833883505985722,6.048136328262838
1317,1,1,0.9200156666741189,5.323135300061674
1318,1,1,0.7166784562294946,3.920832107976106
1319,1,1,0.22960399466179401,3.0742575604150177
1320,1,0,-0.06354442443832294,1.6321035466637088
1321,0,0,-0.7753093576057597,-1.5798311053081737
1322,0,1,0.6061011783107991,4.804040220636536
1323,1,1,1.6269636904775089,4.569689274999368
1324,1,1,0.4122637332034366,2.6415457380714855
1325,0,1,0.039129059844604526,2.408813408892888
1326,0,0,0.861870215995889,4.362779294004664
1327,0,0,1.0951273319738428,2.9023278011037217
1328,1,1,-0.46490267846442634,1.0582654755890042
1329,1,1,1.2352780766046114,4.756509152334267
1330,1,1,-0.6681258293475584,1.158829985569343
1331,0,1,0.30481436801278855,3.8684638944854814
1332,1,1,1.4341312734821805,5.656874304246921
1333,0,1,-1.4709628819092488,3.082806870872339
1334,1,1,-0.9510720239484272,5.543949853150454
1335,0,0,0.31245904181051193,-0.30845229288042586
1336,1,1,0.34403836744982663,3.4902053116379044
1337,0,0,-0.45002608523063614,2.4021187875088845
1338,0,0,-0.17984919898337492,0.5212342986997994
1339,1,0,0.5147733282153426,0.0359396104013274
1340,0,0,0.32659292719373234,-0.11951590207036045
1341,1,1,0.8835806915227553,2.6264535579452457
1342,1,1,-0.3524214049157495,4.525599147087142
1343,0,0,1.144678929929089,-0.8448579274634183
1344,1,0,0.1477526596687351,1.4872775511486314
1345,0,0,0.7019136205574342,3.4473089918742503
1346,0,0,-0.7283258871028825,-0.2799863901064693
1347,0,0,-0.30175778641211,-2.454694945883687
1348,1,1,0.3014232034277012,3.046828400808656
1349,0,0,0.17211636042258857,1.8345041610458588
1350,0,0,-0.5109114146530773,2.5856330517120636
1351,0,1,2.3153912444930302,7.083195834271212
1352,1,1,-0.5028686461339562,1.3633825953123373
1353,0,0,-0.5531043717052757,4.0880221461616895
1354,0,1,1.3117546896180903,6.030308115761132
1355,0,0,-0.23603015456745938,1.7459179748426912
1356,1,1,0.7320099772480687,4.620198903394799
1357,1,1,-0.01781310038196005,6.007186248367884
1358,0,0,-1.0581570772696727,-0.964423420415091
1359,0,0,-0.4595166206496428,-0.17313642726750494
1360,1,1,-0.2972585386557898,2.0182021104238297
1361,1,0,0.1436706387269374,-2.0077479359723753
1362,1,1,0.4953582986325186,7.383023099500947
1363,1,1,-1.2932396331749785,3.435389415155416
1364,1,1,2.1004321584741215,6.089419924237957
1365,1,1,1.1586877148902124,6.071332294096736
1366,1,1,-0.45651538277545983,2.5557344754073705
1367,1,1,0.48290787472808855,3.7915852635058327
1368,1,1,0.04561676160232889,1.8705613247933042
1369,1,1,1.4345118735863602,3.3400979674539246
1370,1,1,-1.0279738788429063,-1.6982787034353475
1371,1,0,1.1323599243940548,1.953805471406412
1372,0,0,-0.46019631711491565,0.6342807708152244
1373,0,0,-0.49210568189291665,-0.7773239040436051
1374,1,1,-0.27000143753377776,4.664974724790715
1375,0,0,-0.5922609674470637,0.855779417766408
1376,1,1,-0.6007092790593112,3.6230371462458693
1377,0,0,0.23327926443442132,-2.597424599739044
1378,0,0,-0.5467077789816059,-0.5129023013973648
1379,1,0,1.6176663724952238,1.0583515445995664
1380,1,1,1.2764390358792554,3.694132930405037
1381,0,1,-1.2787267983173165,3.2269311421745464
1382,1,1,-0.4599394549126962,3.0825042626055303
1383,1,1,-0.43665657234303956,2.3496175861851403
1384,1,1,0.5116181690441534,2.5984191548914413
1385,1,1,-1.5158268267566688,3.661343600881886
1386,1,1,-0.7405558345199843,3.859128303253895
1387,1,0,0.1496418780812225,-1.8740323355268491
1388,1,1,-0.2524609166243866,4.74789525982507
1389,0,0,-1.215750537491212,0.8854309438866625
1390,1,1,0.20884621874012382,4.123431726761814
1391,0,0,1.5469792650874186,2.0287258183044306
1392,1,1,0.4729000569813242,8.30335223104715
1393,1,1,0.21048192441739988,4.16570640575949
1394,1,1,1.041256810994777,4.912869820943991
1395,0,1,-0.8460735903323617,4.362423973431584
1396,0,1,-0.9226240714450127,3.7232373634488964
1397,0,1,-0.8294679624710134,5.394034298705996
1398,0,0,-0.9853355480832596,-0.1982238016039114
1399,1,1,1.5284026109589952,5.051818046778762
1400,0,0,1.016585425052741,-0.0032449382263020077
1401,0,0,1.684020858471856,1.0318226732213263
1402,0,0,-0.8477002054529632,0.16775664521657346
1403,0,1,-0.7346465801286705,5.061406772648507
1404,1,1,1.068466035198287,3.7650843521225568
1405,1,1,0.43229920849179204,2.106356044401843
1406,0,0,-1.7566156702045967,0.6392587767592017
1407,1,1,-0.10247105024174213,3.574916912404099
1408,1,1,-0.5734277751309439,2.9120223731717276
1409,1,1,0.6821882642142079,6.207873405776469
1410,0,0,1.2152497995942784,-0.18280743724378112
1411,1,1,-0.8291884217479214,3.1533422549075834
1412,0,0,-1.549416762394589,0.8399586411423666
1413,0,0,0.022353175809557847,0.4583042717255841
1414,1,1,0.9880387432678434,2.201434583017864
1415,0,1,-0.0009639460586566832,6.112222636502619
1416,1,1,0.3214260690954354,3.7040040100115714
1417,1,1,0.5365544795131472,5.793994143828313
1418,0,0,0.719044682531258,-0.04520625332874692
1419,1,1,0.3528430368577526,4.192254303275166
1420,1,0,2.070437490596757,3.668879125642113
1421,1,1,1.464941298003449,6.360015633799285
1422,0,0,0.29322332194554773,2.0917202360113043
1423,1,0,-0.5256656549883049,-1.8640176564872946
1424,1,1,0.35888940455749224,3.0555414062759065
1425,0,0,0.2803788460274683,1.2279150193622124
1426,1,1,-1.539206169813561,3.796819731395604
1427,1,1,0.08708040031533854,2.867929356583968
1428,1,1,0.45167590542116137,4.90927004219353
1429,1,0,-1.0337297800156062,-2.6469935665245217
1430,0,1,0.045540798372031795,3.033455016861157
1431,0,0,0.8215937683469743,0.2033961024772497
1432,1,0,1.8387209775349322,-0.04046408396518392
1433,0,0,0.11381691957220742,1.0068269439807134
1434,0,0,-0.4007192561082819,-1.1081995453841484
1435,0,0,-2.1968996149890563,0.1252661010861374
1436,1,1,-0.022453664023268097,4.918906132598771
1437,0,0,-0.48672337299708,1.8597104592938316
1438,0,0,0.2650101507272003,-0.9969536411733804
1439,1,1,0.11999224505132904,3.4541550995086086
1440,1,1,-1.2088719050388765,1.2833845825209584
1441,0,0,0.1032137489908426,-0.49206768969118814
1442,1,0,-2.958546386437755,-3.571418586308499
1443,0,1,-0.7544166347060821,5.082469521557954
1444,0,1,-0.5316656222785054,3.8203681507526692
1445,1,1,-0.6106626802388695,4.340272045002789
1446,1,1,-1.4052186129580986,4.966904738644076
1447,0,1,-1.0015545007859965,2.914985486233831
1448,0,0,1.5719340210798445,0.11985397132313863
1449,1,1,0.01973672444458257,4.278909507284194
1450,1,0,1.116172520318654,1.8732094068342566
1451,1,1,-0.17671792711625894,2.941045752375505
1452,1,1,0.16159870738707718,2.5736612501009466
1453,0,0,-0.3187373703424348,0.8322384502785344
1454,1,0,-0.3816065065030664,1.4131986244932442
1455,1,1,-1.2011784876576344,3.6688088876840714
1456,1,1,-0.9212667220681103,3.750918142318573
1457,1,1,3.0290265969493317,3.2516512168752145
1458,0,0,0.08156500793275047,-0.5992704358271659
1459,1,1,0.23053116263974327,2.58385004003169
1460,0,1,-1.878960592639511,3.1920352143436883
1461,0,0,-0.049405488787747275,3.4413224664602056
1462,1,1,-0.6711104296047015,1.291485037511244
1463,1,1,-0.7696315266000204,2.532106653408853
1464,0,0,-0.7979394965844818,-2.1011724531880387
1465,1,1,-0.8311557595344108,3.107701498783654
1466,1,1,1.6510910051987184,3.895458426067689
1467,0,1,-1.5446041272974433,4.186949559193578
1468,0,1,-0.8762541645752149,2.4704214798987287
1469,1,1,0.6930619979261424,5.408902682727872
1470,1,1,-1.0647226804223098,2.2559438626755552
1471,1,0,1.4151289965524891,-0.05490706346577112
1472,0,0,0.1899382618838645,-3.1519360415652473
1473,1,1,-0.19805323168926497,3.2034973537210103
1474,1,0,-0.5381205709193736,-0.4095179339799653
1475,0,0,-0.12651555546306623,-0.100363229859176
1476,1,0,0.39901624200207836,1.034304626052261
1477,1,1,1.2552160361421774,5.470590402782034
1478,1,1,-1.086188651864188,3.3024516925567275
1479,1,1,0.37011065002740434,1.178601753299752
1480,0,0,0.24941883871625578,2.568557690775087
1481,1,1,0.8909412297312761,2.380827393286566
1482,1,1,0.1780217420807854,4.99379231952692
1483,1,1,-0.30551569879744145,3.6644508189677585
1484,0,0,0.08159503896715133,-1.5547463490194893
1485,0,1,1.089116318462178,5.365298165416416
1486,1,1,-0.8929646160018283,2.3042953979828837
1487,0,0,1.2260724398816403,2.051058889527196
1488,1,1,-0.48288465132114006,4.312345605574856
1489,1,1,0.6819806589046172,4.786581064233106
1490,1,1,1.0711630948492308,2.4561621788603984
1491,1,0,-1.6181838526960148,0.1647829090588937
1492,1,1,0.28526606389802545,5.218179561702872
1493,1,0,0.31578459344669463,-0.9841997357656607
1494,0,0,-0.42209629458207015,0.5312758912510555
1495,0,0,-0.12283584038625178,-1.2842707397814856
1496,0,1,0.3537362443275172,6.3009451689977345
1497,0,0,-0.6068609306266207,-1.7393990517565616
1498,0,0,0.1750987989437604,1.3452341663270655
1499,1,1,0.8897161998627383,3.354744383357696
1500,1,1,-1.65825809650318,1.4489990577074732
1501,0,0,-0.8690619586672219,-0.8440404564631342
1502,1,0,-0.8036429520644551,-1.9758806122224328
1503,0,0,0.7489916924781351,0.7234030656081517
1504,1,1,0.09455858218162957,3.8212444795973397
1505,1,1,0.9853494750981981,3.1504453377620836
1506,1,1,-0.1741973015619032,0.7240506648026632
1507,0,0,-0.1432509334420651,-1.3838117981979123
1508,1,1,-1.6099493183608895,5.397642114547415
1509,1,0,0.2422672648980859,0.11106882036597976
1510,1,1,-1.9954195525011873,4.4911562713838
1511,1,1,1.4498250273114175,2.2577906631432785
1512,1,1,1.8933319441061067,4.657380588097311
1513,0,1,0.41283133830024327,4.490327231260206
1514,0,0,-0.30209097638190224,2.040961453598163
1515,0,0,0.1834613062638387,3.0810467655496163
1516,0,0,0.6341514130647581,-1.3597611746426042
1517,1,1,0.23449437899866926,4.787722871399326
1518,0,0,0.15120382924595469,0.20667430652454255
1519,0,0,-0.2689371613802,-0.8400644316552325
1520,1,0,0.9180754897351036,0.7693916711860969
1521,0,1,2.0589061638808084,5.353245430360868
1522,1,1,0.30040467770868085,2.755894879162447
1523,0,0,1.9340668505789669,2.1087119534995398
1524,1,1,0.16410200180715526,-0.3617220127620264
1525,1,0,0.4875951741705074,0.5468817676667879
1526,1,1,1.3572480651966223,5.497417044737008
1527,1,1,-0.5232758763179048,-1.7377786784551326
1528,1,0,-0.8487244143348348,1.9120922450761055
1529,1,1,-0.1477673421160734,2.991173871344073
1530,0,0,0.35421850589480275,-0.7579470790586912
1531,0,0,0.5241421493440188,5.3041845330856905
1532,1,1,0.6734320356344256,1.3806566135811265
1533,0,0,0.5343091099957717,0.11486154591336228
1534,0,0,0.34178759974320844,-0.15214565030289817
1535,1,1,-1.5263836845864454,-0.8497676243860561
1536,1,1,-0.44888785480588406,-1.2308474644754153
1537,0,0,0.45333923936444265,-0.6420345401680025
1538,1,0,-0.8954111640916246,-4.827146097505784
1539,0,1,-0.25072585018373245,5.563778842291864
1540,1,1,-1.626047307114571,2.128206053975747
1541,0,0,-1.072531691987574,1.305398514069843
1542,0,0,1.7309744277963441,-0.3783982006889779
1543,0,0,0.6468369106931504,0.5575478009262712
1544,0,0,-1.0990894757633778,-1.0567211729128907
1545,1,1,-1.9150799977706323,3.081713070142657
1546,0,0,1.0522464903281903,-1.4134693048262061
1547,1,0,-1.122670410056631,-2.9751570403341567
1548,0,0,0.8366203359194921,0.006472966490851717
1549,0,0,1.398194029252922,0.7299740075272467
1550,1,1,-0.7224700255604222,1.7143082316949745
1551,0,0,-1.0720244624835922,0.6659451980998724
1552,0,1,1.196135402948596,5.389023724992727
1553,0,0,-0.7042340072368024,2.620510070272477
1554,0,0,0.1185206416352827,0.0849924403916752
1555,0,0,0.1606448229297707,-0.2260552249783484
1556,1,1,1.2392639832574452,4.10416250339439
1557,0,0,0.6596306282010613,-1.1295632695108166
1558,1,1,0.21710309303054878,2.341452405034606
1559,0,0,-1.469107663458743,-3.182871114036548
1560,0,0,-0.9637007100051195,-0.6494599420661594
1561,0,0,0.09012506130068887,2.9359480046374946
1562,1,1,0.22308289880339463,6.165166969901323
1563,1,0,-0.5739142558920532,-0.42507835626158497
1564,0,0,0.6596405222304103,-0.7160689575705508
1565,0,0,-0.02140898248056853,0.5629523378402959
1566,0,0,-0.27888465149631625,1.0006265989790237
1567,0,0,-0.9000903497377641,-1.5520485943615532
1568,0,1,0.7688805177419635,4.807871919829935
1569,1,0,1.5925858976397895,1.681452587144972
1570,0,0,0.04040667354091021,3.7839827976325644
1571,0,0,1.13707768293231,1.7168830661696028
1572,0,0,-1.7694205593586245,-2.860704285967104
1573,1,1,0.34215033499498243,1.846160653986731
1574,0,0,1.2685257283708844,0.2710573172343491
1575,0,0,-1.599319636646234,-0.21191461940829848
1576,1,1,1.9303989147387177,3.911064304713829
1577,1,0,0.027044136235847782,0.3468007772127901
1578,0,0,0.1625942126998134,1.443252937125417
1579,0,0,0.5475778809674865,-1.154140017788143
1580,1,1,0.03421802256488651,3.065109073136443
1581,0,0,0.11344582303797435,0.5684298299755173
1582,0,0,0.9938795919107152,-0.926438381045077
1583,0,0,-0.24031684242238585,3.5255827736492344
1584,1,1,-1.1333012870557113,1.638199978582525
1585,1,1,0.17124610962813097,1.3078881378574705
1586,1,1,-0.6093034473834268,0.7921079977036241
1587,0,0,0.3829844620943428,2.2018059060837305
1588,0,0,0.9561431552187427,1.6596666839280378
1589,0,0,-1.6372553246765083,-1.4908806344106438
1590,0,0,0.47900108450832846,0.5656902133354931
1591,1,1,0.145600841871599,4.134347600843763
1592,0,0,1.2976389075041757,2.676035143758395
1593,0,0,1.0963456625022843,-1.4687253639482722
1594,1,1,-0.6311243026780394,3.3354068598398503
1595,0,1,-1.1966590685736922,2.1837213057537683
1596,0,0,0.6641655109236007,1.9077367695141683
1597,0,0,-0.6404986360741785,4.101234537453447
1598,0,0,-0.5189347623364524,2.035540577449296
1599,1,1,-1.2368617945407778,2.9297846897860995
1600,1,1,0.17239792277728103,3.9387596086704812
1601,1,1,0.1884737281358738,2.06496468281784
1602,0,0,0.718223002967902,4.11545870546718
1603,0,0,0.6397010367071684,1.5446331498925825
1604,0,1,-1.1702407463747362,3.2661252334256274
1605,1,1,-0.756855330856947,4.571222478233039
1606,0,0,0.12691067720372662,1.8370703245026436
1607,0,1,1.5957495330729716,6.554028965830254
1608,0,0,-0.5161446590695058,-1.5992424446061742
1609,1,1,1.368089007494831,2.704607265004295
1610,1,1,-0.1791126842966083,2.0253299850955844
1611,0,1,1.2329405618054352,7.707579996664693
1612,1,1,0.183101762445649,3.906351909042906
1613,1,1,-1.5666118472282828,2.262251498272093
1614,0,0,-0.09602517155945518,-1.8070977474008458
1615,0,0,-0.8870140934705589,0.302423457578167
1616,1,1,1.4879414780817783,5.702005929666489
1617,1,0,0.8437833617895901,-1.1886474962599238
1618,1,0,0.34734688642794576,0.27592940689404893
1619,1,1,2.059745217313517,4.943682747507525
1620,0,0,1.8597305595142497,0.4691042415681751
1621,1,1,-0.018215338552202066,3.2465222999378245
1622,0,1,1.2675746457029746,8.630297332108064
1623,1,1,0.21119066621168125,4.154215250534704
1624,1,1,1.6425640678284612,4.966917000385269
1625,1,0,-0.21031972784831196,-1.5806133995041936
1626,0,0,-0.8295818191568103,1.6480876717954336
1627,0,0,-0.25468808365106277,-0.5011633954944809
1628,0,0,0.42589406269640145,1.3360527620823235
1629,1,1,1.2126218496228813,3.2928792711335166
1630,0,0,-0.0006678974061841702,-2.2076326318638535
1631,1,1,-0.12917770457968095,2.1494627545712888
1632,0,0,-1.1571401437787565,0.19094958112162308
1633,0,0,-0.061501809414297615,0.08122910719605347
1634,0,1,-0.41500109263066304,4.0409719487246525
1635,1,1,1.8817237100721615,4.856231648683242
1636,0,0,-0.6361402909347809,1.6661702062215435
1637,0,0,-1.4698550077293078,-0.800744340376195
1638,1,1,1.8267222502334515,5.166933179318814
1639,1,1,-0.46478679967744296,4.70389053049565
1640,1,1,-0.42394584688655057,4.015147763457043
1641,1,1,-0.07547393940229748,5.748970661437808
1642,1,1,-2.349597565236714,1.807464641716832
1643,1,1,0.87991683594652,6.721194256351252
1644,1,1,-0.06289498325486402,3.1996674431595005
1645,1,0,-0.7568290735817667,-2.1339779243816555
1646,0,0,0.20187597368926186,1.033970497035268
1647,0,0,-0.832900695868324,-0.23374655230267982
1648,1,1,-2.364784838358901,1.497072253911937
1649,0,0,-0.07116783359525224,3.364966808784291
1650,0,1,0.474725387607684,3.4111250639986217
1651,0,1,-0.6423885536219233,2.9508286930143033
1652,0,1,0.5127336644052154,8.577455466324656
1653,0,0,0.09701737012491142,1.2253774023308945
1654,1,1,1.967029720195309,5.642191524200229
1655,1,1,-1.4514838141154605,5.095725996072295
1656,0,0,0.7820419372832061,3.1899941759427937
1657,0,0,1.5708510245749883,2.208351307810636
1658,1,0,-1.2161806446368968,-1.270033157571139
1659,1,1,-0.4550365833019824,3.423527544651712
1660,1,1,0.39294001722268906,3.820878237795734
1661,1,1,0.7495404291150657,5.878793077670808
1662,1,1,-2.5026682967435008,3.061021813966014
1663,1,1,-1.4593759375028945,4.674723104649903
1664,1,1,0.6222099621251035,4.238539717457952
1665,0,0,-0.011319381423445237,-1.2902035358746557
1666,1,1,-0.49772930192971576,3.128528938879108
1667,1,0,-2.587946882682519,-1.9371931371806408
1668,1,1,-2.2175571793413464,2.9395578111260736
1669,0,0,-0.4551925122557671,1.034936832806763
1670,0,0,-0.8789344933776508,-0.593768220670404
1671,1,0,1.1926491860101311,1.7435674342744016
1672,0,0,1.0122484993194723,0.8539021450576241
1673,1,0,-0.45537603409080135,0.07410155067504759
1674,0,0,1.4058354242471804,-0.47355631022594946
1675,1,1,1.4211445513711751,6.9604393607125825
1676,1,1,0.010746018004521815,1.2087449278615685
1677,0,0,-1.2683011875452803,1.353422263841329
1678,0,1,-0.9394833898307038,5.820727221227877
1679,1,1,-0.9874149639222664,4.65335315811773
1680,1,1,0.16698860001278573,1.9820045494032728
1681,0,0,0.39477585166648865,2.1342020127254413
1682,0,0,-0.2535761847862767,0.5421470289151429
1683,1,1,-0.37275118878029195,1.6749305928496843
1684,0,0,2.649428844908292,1.254508328818393
1685,0,0,0.6893806505945834,0.11519613083347907
1686,0,0,-0.04858703196682757,-1.7194328222022215
1687,0,0,0.0028026740473438404,-0.6340281897903717
1688,1,1,-1.3091498760280889,3.306524385012711
1689,0,0,-0.7302686765693831,-1.101608535480561
1690,1,1,-0.24629658541696933,2.1585122366600777
1691,0,0,0.9752455928987042,3.2222920918783142
1692,1,1,-0.6151307407622959,6.6459905586384584
1693,1,1,-0.45602427084692637,4.547514872983427
1694,0,0,-0.8224359981823907,0.214874003412878
1695,0,0,1.5954174226395859,1.9206864266223795
1696,1,1,1.0005862336601514,3.420489967401795
1697,0,0,-0.716401331000989,-0.18584551301512653
1698,0,1,-0.417034701458392,4.320628952733263
1699,1,1,1.9194804063453732,3.2569649508696736
1700,0,0,0.926004059781549,3.4437323600621026
1701,0,0,0.7688579606187756,0.6117850433991159
1702,1,1,0.13662928372494237,2.800678634431993
1703,0,1,1.209256400911289,5.540225929317767
1704,0,1,1.6708543003789835,4.012356749683534
1705,1,0,0.4586553211078137,-1.2575235775561673
1706,0,0,1.6601533652219675,0.34020899161714224
1707,0,0,0.21746010334222504,0.6228341871599928
1708,0,0,0.22694566730496482,0.4876991207078205
1709,1,1,0.04443986224081262,2.2219483566015117
1710,1,1,0.4054672571067279,1.935374520838122
1711,1,1,1.290361925621646,7.889385170872709
1712,1,1,-0.8440942133196735,4.287280483994372
1713,1,1,-0.36789700353297133,4.650400030829681
1714,0,0,-0.4821231428534289,-1.9857341446984373
1715,0,0,0.31848150912185225,2.8522067437410246
1716,1,0,-0.7575071560354718,-5.1819971475101365
1717,1,1,-0.16799442056074435,0.7557594347593284
1718,1,1,0.009271698446918369,2.6551389633902898
1719,0,0,0.30603037834828406,1.6169078860624007
1720,1,1,-1.3269494084238795,1.8296852828509078
1721,0,0,0.07157364658016133,0.6003028536913668
1722,1,0,1.0492271009695104,-1.390535937579042
1723,0,0,0.08994625529785465,0.7173954400856818
1724,1,1,1.1901805178486609,4.504853241918989
1725,0,1,0.08133526714247825,6.621251998300844
1726,0,0,0.12480201615484979,0.37064938162274824
1727,1,0,-1.506965128549592,-1.6683430552313543
1728,1,1,0.24406328601364055,4.852304542499397
1729,1,1,2.7198716790200326,7.165614876573043
1730,0,0,0.00914210062699461,2.542569219433635
1731,0,0,-0.7712760347206915,2.4957863349193405
1732,0,0,-0.15526660540191492,0.3139675409148104
1733,0,0,-1.0518756950266304,0.8268740226066762
1734,0,0,1.9822972279950306,2.4354144427951807
1735,0,0,-0.7776136989845086,1.25082962498393
1736,0,0,1.339503004148458,0.7210085429096694
1737,0,0,-0.26792869319633467,-4.409242929206448
1738,1,1,-0.5317483302360718,2.694039863772339
1739,0,0,-0.5724395846385543,-0.3659672362317643
1740,0,0,0.6775090698985011,2.125922865957345
1741,1,1,-0.17716019828950322,1.1594441692225623
1742,0,0,-2.1751646485587774,-3.064147886987172
1743,1,1,-1.5312229423279533,0.4383144560060295
1744,1,1,-1.045774446354602,4.032452233382049
1745,1,1,-0.358895178026145,4.832627545529555
1746,1,1,-1.922118531559711,0.9643609434120621
1747,1,1,0.4011261177617628,3.750690647497436
1748,0,0,0.3022946128670975,1.8915956782131316
1749,1,0,2.104285649369786,1.99212444963505
1750,0,0,0.936367004985816,1.5367247836994906
1751,0,0,-0.6052611732360268,-1.0855727056396023
1752,1,1,0.17273752655062097,4.126454694524243
1753,0,0,0.7958656313971374,1.759293428302814
1754,0,0,0.7294786510988339,1.1725315158936827
1755,1,1,0.8088366790431111,2.9734264251885354
1756,1,1,-0.2781026248937514,-0.06446250878233606
1757,0,0,1.223619032762946,0.9528243919291471
1758,0,1,1.2686105368437413,4.178700476342482
1759,1,0,-0.047261116742637915,-0.4568805020371432
1760,0,0,-1.3586761246372112,-0.24643474877003202
1761,0,0,-1.0213840962880787,1.5799534851093757
1762,0,0,-0.3319675371237095,-0.4781351102669468
1763,0,1,0.8484345187548801,5.446215910238182
1764,1,1,1.7450439281056953,6.553980260218035
1765,1,1,0.30432411404984333,4.925460356789658
1766,0,0,-1.2509392482795805,0.13788641945898583
1767,0,1,1.1673269273101687,3.695045734411257
1768,1,1,1.1008717871159834,5.1410653919637
1769,0,0,-0.34329961102835455,-0.30955535006407153
1770,0,0,-0.397767703680737,-0.43407446937597993
1771,1,1,-1.7883311197055765,3.592255702424402
1772,1,1,0.2485983238206734,4.652067358525349
1773,0,0,-0.4060171007764947,-1.273396707861469
1774,0,1,-0.6145957579555532,4.568768949425817
1775,1,1,0.02279870247170317,1.100249068024635
1776,1,1,-0.867289851138812,2.372586522002379
1777,1,1,-0.794879345528506,3.310580683002394
1778,1,1,-0.8780585672915272,3.8119390604545504
1779,1,1,0.8962240344828589,3.3352929731422227
1780,0,0,-0.7435645596651992,-4.350477621481659
1781,1,1,0.9001532998133316,3.98276322013285
1782,0,0,0.48795904894987413,1.226946937497248
1783,0,0,-1.8153011583118934,-1.941012823452069
1784,1,1,-1.8976836038490452,-1.4363921522165266
1785,1,1,-0.4256236701846848,1.5846298281329807
1786,0,0,-0.14165122025828472,1.7882997437316708
1787,1,1,-1.1072233118583157,2.0123775468318112
1788,0,0,0.6901984331950727,0.4784085335267205
1789,0,0,0.20332178365864076,2.3222660549192273
1790,1,1,-0.5011812049627409,2.247524572183581
1791,0,0,-1.761586391147273,-1.4544597773602757
1792,0,0,-0.9461770791216544,-0.04133443043123153
1793,0,0,-2.4458235076037935,-1.6202492555932022
1794,1,1,1.6627289915330388,7.1924588324744985
1795,1,1,0.20844114617579973,4.298072312410319
1796,1,1,1.7464452243050117,4.650407067267373
1797,1,1,-0.8513148449994256,2.4026356302010177
1798,0,0,-0.5769457091411954,-1.3166665434316545
1799,0,0,0.4394639640350778,0.7569036064335579
1800,1,1,0.04209568305181714,4.426685982404823
1801,1,0,-0.1493731671048481,2.539055137594482
1802,1,1,1.1262582680931512,4.468311184147842
1803,1,1,-0.766795542383234,1.581889443075184
1804,0,0,2.2221355512656347,-0.3118287840517159
1805,1,1,-0.1909121615528831,5.003625397157657
1806,1,1,0.47315758909492317,4.29299849143503
1807,1,1,-0.03835330102021094,3.4187574277828223
1808,1,1,0.9214402620639482,4.930187789052586
1809,0,0,-0.8652454151191089,0.6775442682774162
1810,0,0,-0.6366323022705177,-0.8329493487638033
1811,0,0,0.4344449772753901,4.953642635902531
1812,0,0,0.07847979762801283,0.0033171414266949806
1813,1,1,-0.10820815396426085,1.6993983829731902
1814,1,1,0.152244852945854,4.302090898309325
1815,0,0,-0.6673387133351255,2.981114722947749
1816,0,1,-0.016763594724276458,2.353625558256151
1817,0,1,-0.3478414950618008,5.100114479052334
1818,0,0,-1.2915910831394715,2.961899965167487
1819,1,1,0.7614558908729187,4.119932199107149
1820,0,0,-0.03442075130678697,-0.08861446405748374
1821,0,0,-1.1000425879738123,0.2123006024438998
1822,1,1,-1.9000857108086673,3.0855030354325317
1823,0,0,2.1902632358417127,1.6976465148114868
1824,0,0,0.058031964435276015,4.206848361141515
1825,1,1,-1.0524149028574346,0.3024889725553983
1826,0,0,-1.1229498475000836,-1.751676475254277
1827,1,1,1.4939540932578066,5.141576426804162
1828,1,0,-1.1597857566196748,-0.26226759313365694
1829,0,1,-0.1994071209820791,3.9290733186743108
1830,0,0,-0.4373042216108797,0.726438804144931
1831,0,0,-0.7277776422702541,-0.8578463686830892
1832,0,0,0.7606680348771525,3.1293941591834304
1833,1,0,0.1333725344501964,0.4182610101137121
1834,1,1,0.1416262389148457,2.261120797801908
1835,0,1,0.4626704821957463,5.809263993414248
1836,1,1,-0.1490828141944191,1.4617672957021721
1837,0,0,0.4499010722102728,2.3446437846842207
1838,0,0,0.5185921285324911,2.129594672354017
1839,0,0,0.7132036002291221,1.6151762914574432
1840,1,1,-0.7094445769135382,3.455798968134377
1841,1,1,-1.3991097567605015,1.5197023952268762
1842,0,0,0.8565004967291274,2.1467212668527536
1843,1,0,-0.9548556667956788,-0.15403337956815966
1844,0,0,0.36106711984116807,0.13326406553147851
1845,0,0,-0.3596803828468232,0.6178572271260531
1846,1,1,0.4860076779853978,3.1950898595857806
1847,1,1,0.8376492846881347,8.058220390711451
1848,0,0,1.01705933411392,1.0162941107858017
1849,1,1,-0.4786948610025972,2.420556307475144
1850,0,0,-0.30776509382511164,0.2785988538493074
1851,0,0,2.4992654111870247,1.9899068948923917
1852,1,0,-1.1500922903339725,-0.44997137850307145
1853,1,1,-0.3055041243632647,2.2154249629962934
1854,0,1,-0.13896850415918272,4.7674696806816526
1855,1,1,0.10453669110727827,4.54215444638159
1856,1,1,-0.5960583349815177,2.984862839566908
1857,0,0,0.6625047366422728,2.687452668513704
1858,0,1,0.5254617274201642,5.803783441218114
1859,1,1,0.3173683142617597,1.521322480445289
1860,1,0,-0.07504164910718561,0.016176492410501897
1861,1,0,0.49641995533136407,-0.11641380633527587
1862,1,1,0.8316110490544251,4.362212953713412
1863,0,1,-1.1129676785136153,5.7637177268678474
1864,0,0,1.170831094222119,1.2897703526566415
1865,1,1,-0.6945221757612643,2.935336511645196
1866,0,0,-0.27018039099266705,1.474340080786709
1867,0,0,0.6417542920123408,1.8762540405972192
1868,1,1,-0.2780151776216652,2.6490930867599585
1869,1,1,-0.7781143074423086,3.702500715533806
1870,0,0,-0.5000586806522475,-1.2001082983129692
1871,1,0,0.5957465881978702,-0.6230308846339844
1872,0,0,0.4829770750811745,1.4117011409842914
1873,1,1,0.942845764283478,6.164189211000436
1874,1,1,-0.8300819895595362,3.7436647759094424
1875,0,0,0.5313434077113102,-1.8535306847201833
1876,1,0,-2.1939556810078646,-2.4627352095294013
1877,0,0,-0.7993923967124631,-0.8268260555714114
1878,1,1,-1.9055940584276208,5.01872823432213
1879,0,0,1.278043669314743,-0.2770863140259856
1880,1,0,0.5393075974381767,-1.8844715335401783
1881,0,0,-1.2708330995066945,-2.4562289392753724
1882,1,1,-0.2877351121076896,2.576300132703552
1883,1,0,1.1492722913312146,1.8361092630574019
1884,1,0,-0.05192858820653586,-0.4944023315732462
1885,1,1,1.3653107913898135,7.00555614013491
1886,0,0,0.05504115055361174,-0.23498377816330385
1887,0,0,0.7936078181928401,3.9873884140486693
1888,1,1,0.22370296998178155,4.602437040966166
1889,1,0,2.897025640350343,4.462464453394303
1890,0,0,-0.14641547317554837,1.5079773024744456
1891,0,0,-0.45705888383350474,0.05695731494666134
1892,0,0,0.19986643145060243,0.807096468241995
1893,1,1,0.11108330406183366,4.795018495641434
1894,1,1,0.07132819322859524,2.63857456949854
1895,1,1,0.033897350481899284,1.294770721666425
1896,0,0,-0.25302296551354186,1.1664509698305734
1897,0,0,-0.5054326423544863,-2.1249776008063774
1898,0,0,0.7056736825133987,3.6318238408076686
1899,1,0,-0.7007916192788989,-2.911180121811057
1900,0,0,1.1415493809331794,4.031229390420018
1901,0,1,-1.8530206818005006,2.792222468261041
1902,0,0,1.0527182800341741,0.27173824775412747
1903,0,0,-0.36503432518986284,2.2621391888730336
1904,0,1,0.3474722239305804,3.7187437486674804
1905,1,1,-0.749273693971285,2.5325367129780423
1906,1,1,0.13508819858470336,3.8524445497769992
1907,0,0,1.4474116546188431,1.249244996388259
1908,0,0,-0.14266119922464635,0.6970533077445551
1909,1,1,0.18456363031283857,2.5397935498173667
1910,1,1,-0.5606097654145807,3.2241401931749305
1911,1,1,-0.9244807202687518,3.5053921156261456
1912,0,0,0.14303511073761643,1.2848951361198548
1913,1,1,0.6512171657127621,5.765803550713057
1914,1,1,-0.602510453777065,1.9894404381401785
1915,1,1,0.07857034300392075,2.927696319943291
1916,0,0,-0.661089735199781,0.5158002658183248
1917,1,1,0.32455005424488564,6.0474482370299665
1918,0,1,0.9710029832926081,1.9731267524245442
1919,0,1,1.0898747328592069,3.5381543856428914
1920,0,0,0.5808355954552635,1.2543389060619996
1921,1,1,0.6484598916724184,4.457371757758438
1922,1,1,1.2012433784822483,3.1571549987034757
1923,0,1,-1.2828970062473604,2.1083981679906394
1924,0,0,-0.8960608248216304,1.5039267322572767
1925,1,1,1.0242566627528609,3.792885173358802
1926,0,0,1.1283286214303445,-0.5933202719581652
1927,0,0,0.14223699328058706,-0.8968534816528296
1928,1,0,-0.19208727513047782,-1.8579302925518715
1929,0,1,1.389139845350783,4.812046466643842
1930,1,1,1.698245052506014,5.928878412571544
1931,0,0,0.4510959872840518,0.2957770319068521
1932,1,1,-0.6982273071942694,1.7447333042320716
1933,1,0,0.009463237827493934,0.023840079594104724
1934,0,0,0.17862613380893713,0.07485148624792348
1935,1,1,1.5150645736958095,6.247129205287017
1936,1,1,0.1553440046114593,2.9211967141961295
1937,0,0,-0.2956438856111633,3.487887778739143
1938,1,0,-0.013968617685407553,-0.13060863822423538
1939,1,1,0.5207861089023031,4.389642140777311
1940,1,1,-1.7246991465101689,4.025470249302729
1941,0,0,1.127620205858923,-0.13740149145355365
1942,1,0,0.3017436081975846,1.9477876078709637
1943,1,1,1.75564325587214,6.842220718543999
1944,0,0,0.3916754233380996,0.7938347072277092
1945,0,1,-0.31893829084693637,0.8516585933130156
1946,1,1,1.236546511164136,2.016438598416009
1947,0,0,1.4613387578613783,0.9483030766061981
1948,0,1,0.2492822581199963,3.795490250469852
1949,0,0,-0.7466289105223581,0.8902833210971982
1950,0,0,0.6040746301102062,3.263709948363503
1951,1,0,-1.3443190613838774,-0.8822905824891665
1952,1,1,-0.2125566365245654,3.7028528119359114
1953,1,1,-0.04147763767707093,3.611915339847578
1954,0,0,-0.876088422522487,1.4088245652821636
1955,1,1,-0.6389714885665932,2.28648825267442
1956,0,1,0.005004041014173017,6.225005650920549
1957,1,1,-0.9313993933460734,3.6076605561060355
1958,0,0,-0.10974717138280776,2.0259567911767746
1959,0,0,0.9327545950261903,2.218390620674352
1960,0,0,-0.6398589198956741,0.8003850077282081
1961,1,1,-0.09376886814918367,0.7001085985207127
1962,0,1,-0.03326224828510617,5.2179423710534305
1963,0,1,0.6754716345346619,2.7210938125009685
1964,1,1,0.7114709011917517,4.372975111178738
1965,1,1,1.4498611900535057,4.497498790982076
1966,1,1,-0.6175333258528665,2.2305511370784608
1967,1,1,0.5701832971329027,5.636906085905192
1968,0,0,-0.23485956924975326,2.0249637376973273
1969,1,1,2.0991767059754447,6.902903529873747
1970,0,1,0.034098366666743665,6.99188042631003
1971,0,0,0.593123082197418,5.435427502670524
1972,1,1,1.0339335975964525,4.483196972089826
1973,0,1,1.5803089694053996,6.974240675529993
1974,0,0,0.1666911657610306,-3.8343873799766834
1975,1,1,-2.121000088867525,0.9569551529307596
1976,1,1,-0.11764346877391428,0.8604945424452313
1977,1,1,0.5598116459322319,6.395632029538697
1978,1,0,-0.8518189051881884,-1.4808246762940305
1979,0,0,1.3354181817446633,2.2948382968017347
1980,0,0,0.2993717349347941,-2.0366686499041737
1981,1,1,-0.5845693539304135,7.127888844440044
1982,1,1,0.39645890378786564,5.974815730447784
1983,1,1,1.4500952184633555,5.722586126482571
1984,1,1,0.5005709673150436,1.5922561689800208
1985,0,0,3.0940503583627006,1.5157787693481377
1986,1,1,-0.5501547926964248,-0.2722028947612767
1987,0,0,0.04755344183457617,-0.015644550719508377
1988,0,0,0.0006509488572388006,2.7448607607140936
1989,0,0,-0.3408289007563324,-0.5161325832403472
1990,0,0,-0.47915399097798844,-0.4166571704415105
1991,1,0,-1.7334118703521115,-0.7005109699873773
1992,0,0,-0.06599757769210671,0.18548978765772672
1993,0,0,1.7266232550987086,2.9390237836436897
1994,0,1,0.20692989096050607,4.646185404705921
1995,1,1,-0.571875490242484,4.367108594261861
1996,1,0,0.9004685968365447,3.5287097884234706
1997,0,1,-1.1473924130853272,4.3855358002123825
1998,1,1,0.09655940526905415,4.16662544804054
1999,0,1,-0.7716199216674613,6.049959014683417
2000,0,0,-0.40909440822297216,0.048745337407793604
2001,1,1,2.022012871642056,2.6773923265689303
2002,0,1,0.9780760990820359,5.197273836195946
2003,1,1,0.9440701771007028,5.580448368086974
2004,1,1,0.1801938403992175,4.319474787720055
2005,0,1,0.3086806664074049,6.5781036320852895
2006,1,0,-0.044496253359302414,-1.9789959103605375
2007,1,1,0.43181672245580566,4.408938623459477
2008,1,1,0.9560302224688938,3.467184042945621
2009,1,1,-0.6569910642201566,2.0276756323653577
2010,1,1,0.5987073524948179,4.515210832721694
2011,1,1,-1.5390565148563586,2.0707127595050405
2012,0,1,0.26243667994042874,4.740122887970834
2013,1,1,-0.6337264620430636,1.2989631851734056
2014,1,1,-1.774903616436323,1.9226317960207708
2015,1,0,0.9146992122968679,1.2337521082511074
2016,1,1,2.7544739705088612,4.96388472534351
2017,1,0,-0.134636414640699,0.3570575215656268
2018,0,0,-1.596676809439116,-2.2355804497328995
2019,1,1,-0.6398499397625952,2.2137374984667533
2020,0,1,0.23110951659754633,7.332194531487083
2021,0,1,-0.32297987129709976,4.691918397326804
2022,0,1,-1.5376565098081583,0.8244182056165472
2023,0,1,1.7948803903060226,5.61928732851701
2024,0,0,-0.513169295458594,-0.33864048382357137
2025,1,1,0.05002932970428862,6.415024918235299
2026,1,0,0.7313402799617109,0.3860218270477891
2027,0,0,0.4674051737807705,0.28373469337784085
2028,1,1,-1.9315086992358839,1.0944070635991263
2029,1,0,0.5795349350092082,2.711178809962948
2030,1,0,0.9048133397835371,-1.1743301357721765
2031,0,1,-0.8716682706345494,1.117164976068059
2032,1,1,-0.8159432958633398,3.1932750554423115
2033,1,1,-0.6530648430929424,3.2501448932140433
2034,1,1,0.6521039746942148,2.2923707607080397
2035,1,1,1.536380851610519,3.5326339688700736
2036,1,1,0.3134499550398251,4.527609279234587
2037,0,0,0.6504564486388206,0.8864267264496843
2038,0,0,0.44377343823247484,-0.0327084753440208
2039,0,0,-1.14004049915515,-1.998896324602011
2040,0,1,1.5687610470252105,4.878800927261581
2041,0,0,-0.42517514008270507,-3.9989823981001127
2042,1,1,-0.6274737853668126,5.49420744559993
2043,0,1,-1.8803820563158489,1.595936095849416
2044,1,0,1.4903767944593411,2.6029065629891117
2045,1,1,1.3017234871544041,4.125366056461688
2046,1,1,1.2599645775757238,4.0472142865583365
2047,0,0,0.04477637865450938,-1.705021539431755
2048,0,1,1.6838061915623548,6.089875315468451
2049,1,1,-1.4448779347066414,2.524807030874251
2050,0,1,-1.187340378477907,3.456278576097503
2051,0,0,-1.4960482179013337,3.4338628266274247
2052,0,1,-0.6399327121441221,6.356526209482158
2053,1,1,0.4882447316782126,4.63975806764695
2054,1,1,-2.2375547623455074,2.4501209303615834
2055,1,1,0.5328868860065018,4.039840200247858
2056,0,0,-0.2985826475516478,-0.02848715160317611
2057,0,0,1.4906181910887155,0.9131424447773968
2058,0,1,-0.4185139211217884,4.446548321689228
2059,0,0,1.2638803593582772,1.0801032634130778
2060,0,0,0.014158736005006587,3.4075263411720216
2061,1,1,-0.3720728611911566,3.3243100191563806
2062,0,0,-0.5674876026795561,0.6635204921711059
2063,1,1,-0.2653583091720529,2.351415800434288
2064,1,0,0.33407231917989394,4.304611620720504
2065,0,0,-1.1036427857850932,0.9521488667309723
2066,1,1,-1.8859063237723093,3.812717294633168
2067,1,1,0.31242678915477556,6.500789454986591
2068,1,1,1.852617637813948,4.980072049362347
2069,0,0,-0.026693898222217887,2.8465781525289757
2070,1,0,-0.4394102036782902,-1.3742929037218088
2071,1,1,-0.9856030177192423,2.2578795549910144
2072,1,0,-0.39705749445972743,-0.35743259704984043
2073,1,0,-0.33837424471201377,-1.917159693727033
2074,1,1,0.07948512812646952,5.755414738049709
2075,0,1,-0.11691274846873312,3.2710269150718467
2076,0,1,0.34795230016225837,5.4867107761106
2077,0,0,-1.847799763237161,-1.9717402936601736
2078,0,0,-0.7604224122589172,2.12395191790437
2079,0,1,-1.4440847515052782,2.6018004676839492
2080,1,0,0.18530838842755207,0.5979520113154921
2081,0,0,0.044685268181512944,0.06363646234902864
2082,0,0,-1.4471084372336938,-1.618377488806678
2083,1,1,0.11549968429687364,4.4969390094285
2084,0,0,0.954593219662178,2.17280315654769
2085,1,1,0.8515018096686101,0.851688362090103
2086,0,0,0.309955934982007,2.136935515358872
2087,1,0,1.614385202382106,0.42261360296770545
2088,0,0,-1.33747884341801,-3.195202452014451
2089,1,1,-2.1139214735993974,1.3383868428938075
2090,0,1,-1.2058636698705811,3.436049862880119
2091,1,1,-0.7891364211173018,0.9507809667624749
2092,0,0,0.2668515983529689,1.5127624343980466
2093,0,0,0.48449049099358593,1.426984380687052
2094,0,0,0.32019666900987537,3.6769677129705314
2095,1,1,-0.5007082524905015,3.3828658146576602
2096,1,1,-0.31690663357683413,3.833531979559514
2097,1,1,1.3669068283601493,6.219375390808642
2098,1,1,1.9731689727587276,4.711529303284697
2099,1,1,-0.5725540731530762,2.1544318979425454
2100,1,1,-0.010048590438233373,3.6983264417267527
2101,1,0,-0.29358958579672606,-0.21784481640538722
2102,0,0,1.267527820669816,0.16179129421976657
2103,0,0,0.2577703066949835,1.6605653205835325
2104,1,0,1.3776060687103582,-0.0289962181850259
2105,0,0,0.1291076983842108,2.2396777520536424
2106,1,1,-0.9167933720547135,2.1793534980218894
2107,0,0,1.062901766031504,3.6668546538636377
2108,0,0,-0.5926674578049074,1.991475923605854
2109,1,1,-0.9543918994147829,5.683234685877713
2110,0,0,0.660027174892181,-0.09574723249415618
2111,0,1,1.142217860448766,6.4732284280983725
2112,0,0,-1.469000849819027,-0.9294340173900182
2113,1,1,2.2382298911182494,8.05945437539343
2114,1,1,0.4916185972334542,5.82896422081277
2115,1,1,0.9451025145387021,2.7822858637662957
2116,1,0,0.6204143899323499,3.1036200439103734
2117,1,1,0.291875180200607,5.437199046308685
2118,0,0,-0.11679717725791172,0.6411183296454331
2119,1,0,-0.7578119395370777,0.5103194309223442
2120,0,0,0.36978002855400993,1.7877371879282313
2121,0,0,0.10874118959189781,0.9303854185257121
2122,1,1,1.9901738607948598,5.60333917946809
2123,0,0,0.19477075166769195,1.3526377844885535
2124,0,0,0.598885319975325,-1.6224678930470908
2125,1,0,-1.5961395505518357,-2.197459587867788
2126,0,1,0.00027761139407694,4.418504734044543
2127,1,0,1.2449113274664665,0.032868635087741904
2128,1,1,-0.08487535668509981,5.663222232685149
2129,1,0,-1.1851495479734657,-1.252120237885098
2130,1,1,0.9175402763029368,4.247028162877061
2131,1,1,-0.35444495351410954,3.3223550392505032
2132,0,1,1.0478824389695882,7.018687902557157
2133,0,0,-2.114787230715024,-1.8296321767444952
2134,1,1,1.0912322695641261,4.445767250553288
2135,0,0,1.1077325721704137,3.153782501698103
2136,0,1,-0.5658255994618357,6.414810987603454
2137,0,0,0.17195541039618054,1.4760214895409054
2138,1,1,0.8169334609372256,3.4065295553892936
2139,0,0,-0.8202051241879341,1.4624318322634986
2140,1,1,-0.43164147576167633,2.010280648509679
2141,0,0,0.16914925969494313,-1.4441581602674147
2142,1,1,-1.6482843647964023,2.3120070723364647
2143,0,0,0.5478645736853046,2.044820243450946
2144,1,1,-0.03911157311409008,3.8619260867839627
2145,0,0,-0.11309415352709944,-0.358001621760796
2146,1,1,0.6245021370190571,1.4221010071660074
2147,1,1,0.4533306337750388,4.885814952952847
2148,0,0,0.000942445625300903,2.8927810540975742
2149,1,1,-0.25113880002618844,4.889580307246392
2150,1,1,0.33331977265438,2.9967458186187903
2151,1,0,-0.29354822332543673,-2.4329697247014943
2152,1,1,1.011147796484851,3.2166358199194853
2153,1,1,-0.24856623374482395,3.876598711065136
2154,1,0,1.3874754119681807,-0.14433592322486327
2155,1,1,-0.01141380520530603,2.198520973351105
2156,1,1,1.8177236523650346,5.468292187226521
2157,0,0,1.254499226451521,2.5428580935464327
2158,0,0,1.324599210743668,1.1048064666861124
2159,0,0,0.23409782414727015,-0.7555211707485819
2160,0,0,0.6566025786937499,1.9164146757174452
2161,0,1,0.4024138498455247,0.32519333221293945
2162,0,0,1.1850678165182935,2.2425151733008826
2163,1,1,-0.9189865046440925,6.090418887541034
2164,0,1,0.8393793487404948,3.4120889462062647
2165,0,0,0.2791208909851796,1.8722182164060064
2166,1,1,1.8105460169078602,5.515412665882967
2167,1,1,2.1431015208798994,4.553454639694566
2168,0,0,0.39270286132220256,0.742197929611674
2169,1,1,-0.04442322365436292,1.4087408949477265
2170,1,1,-0.6044039939145034,1.1563771763246324
2171,1,1,0.12789843583391367,6.162211919125067
2172,0,1,-0.011494729112250116,5.441254574665099
2173,1,0,0.3857910901490978,-1.8204699489790266
2174,1,1,-0.519224556881648,1.3308730217148952
2175,0,0,-1.5705945218888202,0.21788710223855826
2176,0,0,0.14825602509188798,2.128321120728855
2177,1,1,-0.2963792926091508,3.634025018513813
2178,1,0,-2.0004478809962065,-1.9191324829884622
2179,1,1,1.7382598511232308,8.070928697413118
2180,0,0,0.4912305618018957,2.5267853651331857
2181,1,1,0.5710496825145411,4.462360120707388
2182,1,1,0.004955188893492432,-0.48337269161039176
2183,1,1,1.016092346402098,3.135176524040436
2184,0,0,-1.4638130041305868,-3.0478418747203353
2185,0,0,0.7033413218500341,4.139839811608757
2186,0,0,-1.5951701644734044,-0.08139254824530767
2187,1,1,-2.0026975365319757,-0.6663188203666737
2188,0,0,0.043619144907268766,2.1428371571463907
2189,0,0,-0.19194473790092495,0.7429921200433011
2190,0,1,0.7995776049206981,5.9502913796546295
2191,0,0,1.048325354647827,1.0867263357486783
2192,1,1,0.061313998463330965,3.654714305124368
2193,0,0,-0.679084837855933,-0.9768544020381027
2194,1,1,0.7730655122100524,4.645025579293217
2195,1,1,0.3009702046440239,5.398871456199257
2196,1,1,3.3628519301715865,6.857732733070635
2197,0,0,-0.21324892289056502,0.7109022882336119
2198,1,1,-0.6765543235994813,3.2996243115848793
2199,1,1,0.6401288753401773,7.189404112246322
2200,0,0,0.21530873881052506,0.17398902630717394
2201,0,0,-0.7199773970262363,-1.8562991951087575
2202,1,1,0.8076649101436101,3.8716798021659207
2203,0,1,2.0663564237181444,3.4430817797884803
2204,0,1,0.7626224446851326,5.393629964076538
2205,0,0,-0.29721155934085586,3.193587863836634
2206,0,0,-0.545212085719801,0.32986903966028847
2207,1,1,-1.2639662886495466,1.6671890901253148
2208,1,0,0.10484595684585558,-0.5830382823377129
2209,0,0,-1.4628861744145742,2.193563650887187
2210,1,0,-0.13617388911224074,-2.591726315069139
2211,1,1,-0.13458514975150979,3.8017414323360534
2212,1,1,-0.0557980494047092,4.995582241121465
2213,1,0,0.5407311435759516,-0.32265731001041087
2214,1,1,1.5328131310699482,6.117670923823595
2215,1,0,0.677666923573566,-2.4795892391771415
2216,0,0,-0.02764146242002972,-2.1693274364270563
2217,0,1,-0.8310285805878543,4.15300499512302
2218,0,0,-1.9486911042397945,-0.224818423915024
2219,1,1,-1.2544423446630013,-1.331511317198442
2220,1,1,0.40391477988849894,1.633739322173167
2221,0,0,-0.08178811195756922,1.4949200373346374
2222,1,0,0.5148063203261444,2.4945779266962687
2223,0,0,-0.32642273929388604,1.7205829534000316
2224,0,0,1.4129218516956341,3.616733519437418
2225,1,1,0.8318060879196916,4.564724835154223
2226,0,0,-0.7322217939136062,0.32911270583766994
2227,1,1,0.011231270962046402,0.50345448873645
2228,1,1,1.2250312717322005,5.6033362918959835
2229,1,1,0.05141094081250626,-0.4777089359835891
2230,1,1,-0.9328854677815983,2.191533686015056
2231,1,1,-1.485949759635083,1.384433635414368
2232,1,1,0.5424993154637509,2.812900216561518
2233,1,1,-0.6731915768542468,3.357354477456391
2234,1,1,1.1452576683656497,6.6916211590393555
2235,1,1,-0.21919862509160745,0.9516896978139591
2236,1,1,-0.45611726650017836,5.4284997163375035
2237,1,1,-0.7150784522611765,3.326336509170172
2238,0,0,-0.713160932723631,-1.9001616461560322
2239,1,1,0.3633961399732808,1.5101959604186836
2240,0,0,2.1709465920527715,3.333233151516407
2241,1,1,-1.842808621789005,1.5295350294695074
2242,1,1,-0.5182063159490387,6.57251485802686
2243,0,0,-1.044590079102439,2.268681109451304
2244,1,1,-0.17565571976156372,2.979870630599401
2245,0,0,-0.7678007496863862,0.8412543728612445
2246,0,0,2.026060357528432,5.474871433931471
2247,0,0,-0.8419463996783302,1.1839514559752788
2248,0,1,-0.8827068995557408,2.8314256150282064
2249,1,1,0.8245958068502808,3.620658970511932
2250,1,1,0.6213664808588536,0.9653189175315859
2251,0,0,0.14112036382646478,2.3204944015983626
2252,0,0,0.5657447977111945,2.0211030504504066
2253,1,1,-1.5869142014531337,2.8253283479413973
2254,0,0,0.3412672254157504,2.740801308684696
2255,0,1,0.9523530951554607,6.660653840219734
2256,1,0,0.28116386652339564,-1.5914365014713425
2257,0,0,1.2969474342322502,2.697776582661389
2258,1,1,-1.3779942109319088,5.17620380264608
2259,0,0,-2.449631820439994,0.44063491182487136
2260,1,1,-0.2518652900682647,5.623340572652692
2261,1,1,0.6495455367770225,4.101670043177268
2262,1,1,0.4733973612584077,5.836746666809469
2263,0,0,1.0134363304255616,0.3913633784290963
2264,1,1,-0.09784514601194733,3.8172743796608177
2265,0,0,0.7951381264120455,-0.16181213619852663
2266,1,1,-0.4445301208442467,2.6068863521792
2267,0,0,-0.20276107887865505,-0.6534017922945691
2268,1,1,-0.04768853755086919,2.278495143738823
2269,0,1,-0.44211658972795026,4.676292204205828
2270,0,1,-0.5137595269731137,5.465823942264041
2271,0,0,0.8534780655217074,1.4298258896421419
2272,0,0,1.2854689279668177,-1.431095650197653
2273,0,0,-1.3064641622814843,-3.5284123240859637
2274,0,0,0.22035595291955642,2.3127225505400872
2275,0,0,-0.02482737457341854,1.5519078487048699
2276,1,1,0.9798621680876037,2.573527382316467
2277,0,1,-0.20109028432342863,4.172636960537521
2278,0,0,0.3866106273217742,-0.08707169256497482
2279,1,1,0.7400918328379817,5.96944736753054
2280,1,1,0.036930023903845956,2.372785355696289
2281,1,1,-0.454821688410034,2.750047427079486
2282,1,0,0.2345842638800122,-2.4905731501027755
2283,1,1,0.0432673055731947,2.8273660851690545
2284,1,1,-0.07458592464677923,1.1974054614356229
2285,1,0,-0.558428619554243,0.6046667953467226
2286,0,0,0.5366636220469533,3.4993501678914227
2287,0,0,0.31307600673382435,-0.0917374649355458
2288,0,0,-0.37346065954063357,-1.4872120415663723
2289,0,1,-0.1933957681186203,1.6474747727003383
2290,0,0,-0.7071195885132988,2.1081358971569886
2291,0,0,0.06721699159258475,-0.5264598149913993
2292,0,0,0.17606054184900358,-0.026772771746293444
2293,0,0,-1.328135307905095,-1.2554683640030566
2294,0,1,0.3013036565845858,3.8514631183764982
2295,0,1,1.4227340747862809,5.029001977736273
2296,0,1,-0.4303378794577805,2.2548922687347805
2297,1,0,1.7322137948211749,1.8021916679009928
2298,1,1,-0.009951981547436674,2.539799939351755
2299,0,0,-0.5088789929746883,0.44519485128808023
2300,0,1,-0.20366076214061998,5.149033273569107
2301,1,1,-0.6053747627511856,0.4363281388733502
2302,1,1,1.1775043024797245,2.421277803003136
2303,0,0,-0.6446897320274181,1.3170222594546266
2304,0,1,0.6696500918608559,4.042003876471913
2305,0,1,0.5530768417028918,3.6684580353566756
2306,0,0,0.5470519298498633,-1.3429186994677258
2307,0,0,-0.06256478228535883,-3.065973075543438
2308,0,0,-1.7601468522150685,-1.107141496143807
2309,0,0,-1.6310065471344197,-1.1510204301778422
2310,0,0,0.8122982923697218,1.3621776163931232
2311,1,1,0.9027697228118841,1.962653162784779
2312,1,0,-0.3548453894420023,-3.0003217259633406
2313,1,0,0.29833573098138244,-3.0196374720685615
2314,0,0,0.20793547027194031,2.019894321269332
2315,1,0,-0.9192067172596452,1.5960884496225292
2316,0,0,-1.7924479993227975,2.790608261367358
2317,1,1,-0.9985500482692715,3.8863052107251717
2318,0,0,0.38539700074865213,0.5552674078722624
2319,0,0,2.1391156072281943,5.697751286376699
2320,0,0,0.10163934545281499,1.5288264590919567
2321,0,1,-1.342242673295101,2.1924050906385046
2322,0,0,2.194935443655607,4.048270246723432
2323,1,1,0.5219158440501287,2.3068237203295956
2324,1,1,1.8225553939132575,5.1735992255307055
2325,0,0,0.11191250524943364,1.3708270427747653
2326,1,0,0.134883281995083,0.33692986063628716
2327,0,0,0.20734186901600674,1.8300288360480126
2328,0,0,-0.10556183335785374,-0.9928647236019635
2329,1,1,-0.16278938091275857,8.77712504263896
2330,1,1,1.00212224560805,2.7430152922902113
2331,1,1,0.9641952342467885,0.4136922307074866
2332,0,0,1.4590961431485996,3.0863538416068854
2333,0,0,-0.32574502116733406,-1.7899556037833229
2334,0,0,0.22915467839461331,0.8645752901879606
2335,1,1,0.05535315372204241,0.856898633672381
2336,0,0,0.04949596442346849,3.3346027537719123
2337,1,1,0.6166028648823696,6.763064471405777
2338,0,0,1.1133880524362687,2.8271762602202193
2339,0,0,-2.0101499069762014,-0.7079090982734026
2340,1,0,-1.4638875167360093,-3.9948262069183134
2341,0,1,-1.062341339493282,4.282536113329966
2342,0,0,-0.3559221401017888,0.4156726175377856
2343,1,1,-0.9849123043737282,1.5094205239693028
2344,0,0,-0.881310577598441,-2.748783925309553
2345,0,0,2.854643891260019,3.1807237010329503
2346,0,0,-0.39200376764085837,-0.4999455284102315
2347,0,0,-0.12494649124513445,-2.788789750455709
2348,1,1,-0.6314922741009034,2.197163776540754
2349,1,1,1.0808671253497633,8.245625950823822
2350,0,0,-0.7309281337961335,-1.5070572777232525
2351,1,0,1.3365468871113253,-0.45572210433506455
2352,0,1,1.3126045686251933,6.018472852661883
2353,0,0,1.268593351603044,0.8439257105119677
2354,1,1,0.3051379601743647,3.599368003431676
2355,0,0,0.6538154544012473,2.796987708964657
2356,0,0,2.072951407279129,1.3363733802439637
2357,1,1,1.054849290499331,2.751515340743423
2358,1,1,1.046380386174435,2.8453729104697745
2359,1,0,-1.890479035290821,-3.2060274081643643
2360,1,0,-0.5386048923174296,-1.9337926399331478
2361,1,1,0.7508510633025004,2.95889432446757
2362,0,1,0.5754639023804651,4.580547860573909
2363,1,1,0.08510192311412973,2.307515357294113
2364,0,1,0.029714278394119185,3.425790476301837
2365,0,0,-0.6436302280836405,1.1436816331208486
2366,0,1,-1.0422568150217457,4.278979258922986
2367,1,1,0.8485454432139845,3.172309449334807
2368,1,0,0.9884422001887812,1.124500152959081
2369,0,0,-1.1562174277714372,-2.7748105674870294
2370,1,0,-0.16533937325126108,0.7505670415352244
2371,0,0,-0.3873198879404524,0.35035777854915573
2372,1,1,-0.2915575086712231,3.80741673119434
2373,1,1,1.2529899804422857,5.0982239698411815
2374,1,1,-0.8581651103330141,0.5761420292762045
2375,1,1,0.7492972977838013,2.9411714310755537
2376,1,1,-0.1532374628179717,1.871480465124766
2377,1,1,0.4954646398240005,3.1247610746193892
2378,1,1,0.08544558643753068,3.9185169381486356
2379,0,0,-0.010452933767964757,2.5451030962258168
2380,0,0,-0.2606358545315446,1.1274059171941466
2381,1,0,0.14327841963912424,1.0840206146084332
2382,1,1,-2.334964646625812,1.4901949401624965
2383,1,1,0.23887610035731502,3.8521058003566906
2384,1,1,0.16051006985568353,3.5663505621909053
2385,1,1,-0.28238092132047476,1.7457595216673578
2386,0,0,-1.6387110479262665,-1.7128009232920562
2387,1,1,2.3933263750614535,2.0866230577732354
2388,0,1,-0.756874458383086,3.8748465966644052
2389,0,0,-1.003233116767817,-0.22530765942523878
2390,1,1,-0.93858109774901,-0.40980845691028067
2391,1,0,-0.8150172552688573,-0.9936661226133039
2392,1,1,0.831249455402582,3.594595357021817
2393,1,1,0.9532083913698314,5.069440724110219
2394,0,0,1.2873422581362934,3.2636670058661252
2395,1,0,0.5882263849893676,2.7554265578778194
2396,1,1,0.4430120572639287,0.8917863939753983
2397,1,0,0.035223624108280095,1.4388272844747285
2398,1,1,2.3079475726195327,4.857547117038411
2399,0,0,-1.0366298227704658,1.106634612258452
2400,1,0,-0.8837999862997792,2.8815892350863925
2401,1,1,0.9219262870031559,4.409540034437537
2402,0,1,0.6961062261869583,4.299501055939059
2403,1,0,-0.668983776139626,1.255523003384655
2404,0,1,-0.26357992484631293,2.5874771175329068
2405,0,0,0.9758044393299529,1.2604215311452378
2406,1,1,-1.9969149517747566,4.522667326976473
2407,0,1,1.1228392522484005,4.310794737117547
2408,0,0,0.4070413204317152,0.11771538509623108
2409,1,1,0.5689629123818486,7.62894742287083
2410,1,1,-0.8844138552822444,4.928253627911472
2411,0,0,-0.868882569219939,0.724236163845776
2412,1,1,1.680668567299229,9.275148891698532
2413,1,1,0.12094886773373181,2.785793556931351
2414,0,0,1.199738360096446,0.29007179275142003
2415,1,1,-1.3586010005538445,4.392307525727274
2416,0,0,-0.6978027179677752,0.8298931095544584
2417,1,1,-1.4604200483102459,1.7411416741726287
2418,1,1,-0.6897051334693968,3.8879874909616294
2419,1,1,-0.4615467916210955,3.9993986701877686
2420,1,0,-0.9112422957603638,-1.8655648851342517
2421,1,1,-1.7066066361321093,3.6547520023792703
2422,0,0,0.11226746538392202,0.8581216074933877
2423,1,1,0.023085610099158802,2.247327447063519
2424,0,0,-0.5652847076790429,2.5272567878403303
2425,0,0,-0.0768496576192022,-3.1399313129211857
2426,0,0,-0.586748321229061,2.1856499125883535
2427,0,0,0.3793005560812467,-0.8503592326456835
2428,0,0,2.366691965753972,2.5541840587815576
2429,1,1,-0.6197781806267988,4.012976627606712
2430,0,0,-0.6478178001869126,-0.14722266595683642
2431,0,0,-0.029255427978109868,1.994809011696478
2432,0,1,-1.2125108196609284,3.8126192136736097
2433,1,1,-1.7778149464953545,2.9532766451195767
2434,0,0,1.336309483713687,2.8112303928422597
2435,0,0,0.6502774757023311,1.4061060740244122
2436,0,1,-0.7737233570372837,3.7818071700437064
2437,1,0,-1.0912079162356774,-3.0978613265371493
2438,1,1,1.2000733743077874,3.774259173226924
2439,1,1,-0.1179286800362061,0.7500638366744152
2440,0,0,1.8618703975890871,2.0867452915215163
2441,1,1,-1.0617964672213471,1.02232239583899
2442,1,0,0.22543830969141584,-1.2405614925008486
2443,0,1,0.7750864379211886,4.988456105616276
2444,0,0,-0.10909358955624315,2.076367611608411
2445,0,0,-1.1420126500731835,-0.20276458980948636
2446,1,1,-0.03683759400669654,4.305444990580631
2447,1,1,0.394660740463503,1.7317291282896075
2448,1,0,0.3617188267965539,1.0963625780293642
2449,1,1,-0.47277707713275674,3.667342714303262
2450,0,0,0.8025242165700451,-0.722599904395473
2451,1,1,0.3645224186057004,1.2599696315792304
2452,1,1,1.847543318736814,6.441371191958446
2453,1,1,-1.4248947636032798,3.3899961879847322
2454,1,1,0.12530827827746835,3.8415067904736633
2455,1,0,0.6855270149870366,-0.014846366879555872
2456,0,0,0.21854033674346926,0.8230257912717663
2457,0,0,-1.134388798865281,-1.068687775376575
2458,1,0,-1.3073428492526724,-1.0217047970427973
2459,0,0,0.15829832960522613,1.3712002912197145
2460,1,0,-2.415436553886198,-4.068035062593971
2461,1,1,-2.0079417932659,2.1353649323696215
2462,0,0,0.08963240584161351,0.06088851752722402
2463,1,0,0.758339368149168,1.8020241234757242
2464,1,1,1.8802852739169396,4.232834051875232
2465,0,0,-1.1699079347090264,0.8602915536116998
2466,1,1,-0.8148696685374697,3.2356671636618026
2467,1,0,-1.0958067460588132,-2.1118106110178765
2468,1,1,-0.36530498759935764,4.292819810748745
2469,1,0,0.7379427673753788,0.8659356957431454
2470,1,1,-0.6130507450727588,2.527827445712713
2471,0,0,0.9436813696629224,1.580044247763389
2472,0,0,1.103401165612919,-1.5619265834973084
2473,0,0,1.153796004599876,2.4791186112495542
2474,1,1,0.5675530510939001,2.2831322242963354
2475,1,1,-1.4988343192834344,2.1230213765951143
2476,1,1,-0.4964603766479647,2.533609320685143
2477,0,0,0.3539187391222349,1.8349792642158436
2478,0,0,0.287212392582984,-0.25722705051690575
2479,0,0,-0.47866251578161323,-1.0256448318628615
2480,1,1,0.053325549849996955,3.810581043211026
2481,1,1,0.6010881800169358,4.44350349448416
2482,1,1,-0.0703703083194191,3.6032559537743873
2483,0,0,-0.39161344128758796,-0.6289000955821001
2484,1,1,-0.8651482911199742,0.8545784271421084
2485,0,0,0.34134036646713006,2.8541766845988787
2486,1,0,0.1025196582645959,-0.3120874693120176
2487,0,0,1.185348393271117,3.9431284567771154
2488,0,0,-0.5176671733318579,-3.697470669876507
2489,0,1,-0.7786906843804211,5.762030389110698
2490,1,1,-1.1390703366131347,1.8462438443541114
2491,1,1,1.5631222572098162,4.03259986860927
2492,0,0,-0.6821080520455282,-0.40821662314547646
2493,1,1,1.2668215710535653,6.276099400911688
2494,1,1,-0.6896199873756806,3.642032297098078
2495,1,1,0.8835223508616752,3.5669750576460952
2496,0,0,0.28283003302989135,2.0553604042833147
2497,0,0,0.3227361210469566,0.2640303816001061
2498,1,1,-0.49459852703113544,2.5168070519915373
2499,1,1,-0.7874243803188097,3.678499779658066
2500,1,1,0.12544356541947366,3.6697276049944496
2501,1,1,-0.49035080938629816,2.7951811243212026
2502,1,1,-0.2074413266357242,1.7328122113405966
2503,1,0,-1.820754020274866,-1.5200116425516708
2504,0,0,1.0170999230990339,-0.2509963543476834
2505,1,1,1.0644064125754489,2.374625722637786
2506,0,1,-1.3105422703471727,4.289046514606474
2507,1,1,1.0852061010256853,5.074293140945461
2508,1,1,-1.3462336978940215,4.0334004262214656
2509,1,1,1.3419100946422595,6.309570116794124
2510,1,0,-0.5004457459984382,-0.24514288471556167
2511,1,1,0.219462236243703,4.181050726317252
2512,1,1,-0.9598640486150746,3.795482300905228
2513,0,0,0.39230331966913634,0.039009697198822746
2514,0,1,1.9285197694822624,2.7943154180070655
2515,1,1,-2.6229555696071225,3.4094784260221633
2516,1,1,1.4681023117483625,3.657722775678347
2517,0,0,-0.46662549588994784,0.9489291727396072
2518,0,0,2.0558384654986868,0.9382604064467035
2519,0,1,-0.2631523284303986,6.408397083339077
2520,0,0,-1.2200983594054642,-0.32803139163653317
2521,1,1,-2.6405869670156417,4.074458030643473
2522,1,1,0.035948806702118204,1.166509864105559
2523,1,0,-0.4751475525588155,2.8268003104876334
2524,0,0,-0.16497311488202027,-1.2244582064680762
2525,1,1,0.8764477746590658,2.124865420128623
2526,0,0,-0.8920547763422697,2.3257858042619937
2527,0,1,0.635076370137066,7.929697073461562
2528,0,0,0.47529142375820066,-0.8749717919962932
2529,1,1,0.142209149835816,4.042697867278203
2530,0,1,1.5825930416178264,7.889510460383857
2531,1,1,0.4927589539574676,5.0740820350654925
2532,1,1,-0.9359784201646272,1.6660508112495802
2533,1,1,1.7713488221371343,5.418155712524766
2534,0,0,0.5324418422775292,-1.034997938203528
2535,1,1,0.8319719574327848,4.220812618144329
2536,1,1,0.7863815088401773,3.121453231543704
2537,1,1,-0.28145604143260267,3.582466282889143
2538,1,0,0.8664256929733788,1.9683604100841392
2539,0,1,1.224818580705371,4.353533762691982
2540,0,0,0.49497372237059806,-1.081850129940843
2541,1,1,0.1765352602264449,2.680659853329797
2542,0,0,-0.8075139484910593,3.4951142467202114
2543,1,0,-0.9887121161103708,-1.2659124574048743
2544,0,0,1.2156799472826647,-0.7675021586077921
2545,0,0,1.690091069865577,2.0715327843139613
2546,1,1,-1.0943421508919757,4.359162512478025
2547,0,1,3.0156024699330612,5.955272264236175
2548,0,0,-0.6234480723448689,-0.3857547760060369
2549,0,1,-1.0508661697319672,4.429449562146177
2550,0,0,0.31583162414118465,0.191456657942489
2551,1,0,0.5073849939797992,2.084214354854645
2552,0,0,0.6578614004593427,-0.1307907742464614
2553,0,1,0.7826525244276842,4.43725849625778
2554,1,1,0.04848386839110544,4.889827233489713
2555,0,1,0.657107153625224,7.159884433652452
2556,1,1,-1.890092116193573,2.407028606016004
2557,0,0,0.7181262129089646,-0.1813272471962306
2558,0,0,-0.1375306045195964,0.2597276963590128
2559,0,0,-0.045880068071645366,1.704640243900163
2560,0,0,-0.47226877342395246,-0.901270753656101
2561,1,0,-0.8708115800924371,-1.155602516562762
2562,1,1,-1.7717915236537711,-1.411505529189887
2563,0,0,0.5209487551329873,1.349910632203943
2564,1,0,-0.8755108800218638,-0.2006405978060013
2565,0,0,-2.536007026092645,-4.477057876915102
2566,0,0,-1.142606774808746,-3.6844339029114286
2567,1,1,0.28761978070107647,6.348742572089926
2568,1,1,0.9969552761365772,6.715460265382213
2569,0,0,0.1917493849320856,0.029060360827230403
2570,0,1,1.9120767823064855,6.150812399038926
2571,1,0,-1.2257966112898866,1.2409467869120334
2572,0,0,-0.6443318177096952,-1.0812541961982944
2573,0,0,-0.48396400348093993,1.2490893982911007
2574,1,1,-0.6491027437878504,3.36552195474627
2575,1,1,0.07569548070044257,2.4828927527874547
2576,0,0,0.11022345401519296,0.8905684319271039
2577,1,1,0.9253502640164348,6.5014571157612355
2578,1,1,0.5355775788060616,5.048624499350613
2579,0,0,-0.7453909387609147,2.2347686179146145
2580,0,0,-0.5626495612976175,-2.3460238060077145
2581,0,1,-2.164844220060511,1.7958816131350859
2582,1,1,-1.3751204285739802,1.8589891529212483
2583,0,1,0.5046239113551673,5.495867996121691
2584,0,1,0.717777658354087,4.879204741293799
2585,1,0,0.3303891199134649,-0.8519681247721442
2586,1,1,0.18218175544025444,4.536300472379365
2587,1,1,0.4899476277958649,6.610536405789752
2588,1,1,2.208233620456866,8.509915181463722
2589,0,0,0.6695278554116214,-0.15258676889680545
2590,1,1,-0.2987365782658328,3.3722626289299606
2591,1,1,-0.7843773173412691,3.9748808898074497
2592,1,1,0.5711524075642556,3.6878106523638885
2593,0,1,-0.49296888518672943,4.3018656990247255
2594,1,1,0.5374512990136013,0.629369076873795
2595,1,1,-1.3769962670789468,-0.6096765533367279
2596,1,1,1.377534892777109,-0.3313681740477201
2597,0,0,0.6769188710781878,0.21813384424558574
2598,1,1,1.7934063976565262,4.475851289077546
2599,0,0,0.7898503585438402,1.7551975008031115
2600,1,1,-1.1383404063030391,1.3691110253525918
2601,0,0,0.13538949814430884,1.8062854902620158
2602,1,0,0.3827341380733483,-0.4715597657629406
2603,0,0,0.4560569260061003,1.8256800417666716
2604,1,1,-0.050347002279647494,1.2919144555532378
2605,0,0,-1.0181795723671458,-0.6365384187132095
2606,1,1,-0.6541441829521493,2.441013602502311
2607,1,1,-2.2990591088264063,3.868095732204023
2608,1,1,-1.0992450551405064,1.4065852165815502
2609,1,1,-0.3147017351336797,3.2530388697547608
2610,0,0,-1.119690253254959,-1.1195274553782912
2611,1,1,-0.12306624471139514,4.367214448211859
2612,0,0,1.3309484952860087,1.0229405615722067
2613,1,1,-0.1330713692235648,3.4379918615851954
2614,1,0,-1.03941722796563,-0.504351155849149
2615,1,1,0.06934052384321099,5.141947381513906
2616,1,1,-1.9564397008017076,-0.5733623707113642
2617,1,1,-0.30565031864320746,3.9130674606998506
2618,1,1,0.44759009505092223,1.931968151324468
2619,1,0,0.5424423808584699,-0.9928410953082889
2620,1,1,0.0206735355188966,2.204025340263457
2621,1,1,-0.32216329159900897,1.2925823593316523
2622,0,0,0.6330100723575988,1.685340972518484
2623,1,1,-0.4708676826005903,1.3354517146653757
2624,0,0,-0.2822259978618508,1.3844783029290593
2625,1,0,0.14262479236028897,-0.747445985470456
2626,1,1,0.6536737133983151,5.508408413358477
2627,0,0,1.2353965007641738,3.969753902056474
2628,0,0,0.5763307347898651,-0.33681473699492903
2629,1,1,-2.305646350407885,-0.589503146504839
2630,1,1,0.6658941159599712,2.4939593058866985
2631,1,1,0.9483516901829407,2.691083390903601
2632,0,0,0.679026365550903,1.8879900412130726
2633,0,0,0.5388848659690103,-1.0627471897008158
2634,0,0,0.7413969087983907,3.5151654871638005
2635,0,0,0.12101347284572736,1.4692874486028185
2636,1,1,1.0709110300857219,3.2515017491073492
2637,1,1,-1.9010003377008147,3.7778616009155876
2638,1,1,0.9868697824688525,7.052930479060376
2639,1,1,0.6251595432837181,6.148178527687262
2640,0,1,-0.7841998203535544,4.5604886352586345
2641,0,0,0.9731635410228803,3.9395190313962645
2642,0,0,1.1433127651989627,2.04722556393636
2643,1,0,-0.15994090171353414,0.3191220307588618
2644,0,0,1.5229102137843706,3.214815023400095
2645,1,1,-0.28553714438748534,3.0218051215232595
2646,0,0,-1.1310403386498535,-2.3128112389915962
2647,0,0,0.9968827683240106,0.686485222378037
2648,1,1,0.7333424850992656,3.919946852851711
2649,1,1,-0.40192113879618757,2.967344237183593
2650,0,1,0.7447446800200462,6.71822718703015
2651,1,1,0.613859856147369,5.314353189501972
2652,1,1,-0.6199165322018206,2.0074541808378914
2653,0,0,0.6396368326595665,0.40480056063729114
2654,1,0,0.31616854690192897,0.5449875227067256
2655,1,0,0.9903165500741424,-1.1262834307828329
2656,1,1,-1.4541354743436634,2.847098985465533
2657,1,1,-1.0067539859138,2.2980192423725407
2658,0,0,0.6141909292871568,1.5993378321721643
2659,0,0,0.4674606470136801,-1.6095434752950035
2660,1,1,-0.5183433951564843,3.367094251530661
2661,1,0,-0.7718635383645512,-2.0373027336906686
2662,0,0,-0.834280905890796,-0.12606718066965483
2663,0,0,0.7887603151813398,1.6914178748541424
2664,0,0,1.1967813833599714,2.6305138216275057
2665,1,1,1.0121607920596138,1.193732692539407
2666,0,1,0.7662512710204551,6.607352457219258
2667,1,0,1.2162896782001602,0.9159181167067344
2668,1,0,0.8894208393395411,-1.1116638646434893
2669,1,0,0.0029411304108928438,-1.2500588635574688
2670,0,1,0.5984186732440153,6.200476336785629
2671,1,1,-0.4515963035866459,4.8111633816870345
2672,1,0,0.3364521988668231,-0.15169516255475757
2673,0,0,-0.09036655344185096,-1.1917879300124454
2674,1,1,-1.425101805895448,1.6814863960442619
2675,1,1,-1.038495433362802,4.119712892034741
2676,1,0,-0.22637365513271748,2.0915555530548837
2677,0,0,0.3067586080592317,-0.30909331844483273
2678,1,0,-0.5445647397709887,-0.9580909230202794
2679,1,1,0.4400932894319656,1.0942919822888284
2680,1,1,1.8607539966606907,4.118529183205368
2681,0,0,-0.5686922502117352,0.9328075380129787
2682,0,0,1.9448204533374545,4.723784260008838
2683,0,0,2.0412803395661623,4.9496283211911605
2684,0,0,2.3097935755166494,2.429298724957997
2685,0,0,0.6836121730676022,0.4118012292080998
2686,1,1,-1.8311047736527317,0.5878425618785181
2687,1,1,0.1136971399978035,3.327413352513488
2688,1,0,0.37254561681448367,-2.4725711626593396
2689,1,1,2.020963603067962,5.715020875906248
2690,1,1,-1.1559480575284098,3.772411115614378
2691,0,1,0.13302627515453005,5.5492713818546155
2692,1,0,0.25543125320289334,0.20354255713650637
2693,0,0,-0.046313693244949605,2.71590470854041
2694,0,0,-1.4753734919741903,-2.9265287813929217
2695,1,1,-0.5770526353576404,3.480916960543989
2696,0,1,-0.5629737686595498,4.027009448676539
2697,0,1,1.8723430825875111,7.12933212781358
2698,0,0,1.665435739122185,4.648444832120715
2699,0,0,0.36843699840584454,0.5170321740684106
2700,1,1,-2.249558438759535,3.044595288125139
2701,1,1,-0.377852607277135,2.518741318810866
2702,1,0,-1.5393362428118482,-2.431099638189443
2703,0,0,-1.9972370882707917,-3.7105544693627586
2704,1,1,-0.8960423476132451,2.810267006626389
2705,1,1,0.4041583021982042,5.492691010069809
2706,0,0,-0.5171833375077373,-1.9114837812633971
2707,0,1,0.5456881795929063,5.6941578233527235
2708,1,1,-0.5965105220525643,1.1428489500314911
2709,1,1,-0.8296624977477497,3.9597854134878485
2710,0,0,0.19842092080924514,-0.8276222483584024
2711,0,0,1.2058744332040934,2.5488956098936812
2712,1,1,-1.622249887632642,0.3702263459251611
2713,0,0,0.03901705874948702,-0.371433881977454
2714,1,0,-0.5607803356147818,-2.161721892888634
2715,1,1,-0.03816492731604092,4.393961524726435
2716,0,0,-0.891813640929968,1.0931029171598041
2717,0,1,-0.6667346338393036,2.072663920119667
2718,0,0,-0.18858649088013835,2.2560662294315805
2719,1,1,-0.3073769515848392,1.1067048142806648
2720,0,0,0.4835726491728717,1.1972909844741393
2721,1,1,-2.6414957878571963,-0.8432637203448516
2722,1,0,0.3003745590250199,-2.090954164271919
2723,1,0,-0.4430675119448337,2.0639147216567366
2724,1,1,-1.9901525539955425,2.1830491731858777
2725,1,1,1.6784845546718756,5.745995990265339
2726,1,1,-1.033285726761537,3.8995475679807017
2727,1,1,0.40959235643502934,5.080187014300595
2728,1,1,-0.5788406837375524,3.012894923376056
2729,0,0,-0.4772832104006221,-2.131836460165709
2730,0,0,0.1345762321644354,-1.560841012514055
2731,0,0,-1.5684967337193316,-0.004258379717732463
2732,1,1,-0.8504454560464949,4.547403176109794
2733,1,1,0.8534298884855689,5.201982692893486
2734,1,1,-1.5038963048444114,1.3817717566170702
2735,0,1,-0.3859416874753885,4.711390290643276
2736,0,1,0.5654825874166804,5.481298371070919
2737,0,0,-0.2510784359546712,-0.48189831809711703
2738,1,1,2.3155361319249215,5.448094807499816
2739,0,0,-0.7150730863270883,0.9788006985692443
2740,0,0,-2.0182307226251233,-2.4226645205230497
2741,0,0,0.8545384370324248,3.8584683809902423
2742,1,1,0.41361511986494276,2.4316398122478495
2743,0,0,0.07015110971437058,0.7145960799174942
2744,1,1,0.29513189870387185,3.5833463213117347
2745,1,1,2.984593674706799,5.490220931930654
2746,1,1,1.129626970742106,7.046296694918748
2747,0,1,-0.5968759753258971,2.4240494967712056
2748,1,1,0.7555650759835868,4.969604556497022
2749,1,1,-0.6122317976348415,3.3421436539717924
2750,0,1,-0.5070858545482024,0.8527162585391244
2751,1,0,0.08835274090631051,-1.687496732719817
2752,1,1,-1.1225031936288705,2.8035966082369947
2753,1,1,-0.39811709983143007,2.7425043725486447
2754,1,1,-0.07461397065737384,2.921692642618545
2755,0,0,-0.12463030461723022,1.2505200537515435
2756,0,0,0.028562231007029967,-1.6818385475753101
2757,0,0,0.4920279773740387,1.0138988401049196
2758,0,0,0.9142496411155523,-1.797424390647687
2759,1,1,0.348897473644301,4.108497089336331
2760,0,1,-0.28854167084363075,5.42474102828994
2761,0,0,0.19694915724974568,0.8330214110096844
2762,0,0,0.3519289243020434,0.4132115706161361
2763,0,1,-0.910647149461551,4.0513514842077125
2764,1,1,-0.09754519556299056,3.6601238893113193
2765,0,0,1.6143759388780927,1.8198737221151822
2766,0,0,-0.6720045133414018,-0.5793089656738201
2767,0,0,-0.930725709127597,0.0744206101601752
2768,0,0,0.8201056243508571,0.9956775371034726
2769,1,1,-0.4511995926704367,1.1442304235955942
2770,1,1,-0.5541529880327027,4.283691616301928
2771,0,0,-0.007012729095319717,0.6164564754569422
2772,0,0,0.5070766531785493,3.559375249648622
2773,0,0,0.39722937618058846,-0.024558283568307804
2774,0,0,-1.2962689232249789,3.254609337564451
2775,0,0,-0.19644556649492478,-2.1565449350055235
2776,0,1,0.32183907047015875,3.6101390529925745
2777,1,1,-1.091772261100569,1.860657888185158
2778,1,1,0.6771255337245845,4.675761703318881
2779,0,1,0.22003209472628113,7.792594887319162
2780,0,0,-0.5498484668528231,0.6670877310214111
2781,1,1,-0.5105341573913043,2.0777714146267576
2782,1,1,0.4061609321394532,2.980621596432862
2783,0,0,0.7068887184753843,-1.9101303259792837
2784,0,0,-0.7104392412422798,-1.9453953294451378
2785,0,0,-0.26690341944178636,1.7288081904953931
2786,0,0,-0.48971485578047624,1.9247444900937594
2787,0,0,0.6157899883326701,2.5979548663392897
2788,0,0,0.2011571812858925,0.4623928270392101
2789,0,0,0.20215934208674938,0.568591973403216
2790,0,0,1.951753136585622,1.5257063462494844
2791,0,0,-0.6813786511700087,-1.2702792896736246
2792,0,1,0.11644059274010925,5.169205303155893
2793,0,0,-1.6587697061025788,-0.8613485668095505
2794,0,0,0.18796230646756523,1.10953789966569
2795,1,1,-0.27627479606947775,2.5036313573457973
2796,1,1,0.3679045206305416,3.8767529146052015
2797,1,0,-0.5333726611457098,0.6711372464616359
2798,1,1,-0.01041871494106985,-0.518409943018745
2799,1,0,0.2721334421108008,-0.2169952224777204
2800,0,0,1.0767068235380817,2.1764304111555672
2801,0,0,-0.20513452149735603,-2.121608426089351
2802,1,1,1.0576711325461283,4.008758533710067
2803,1,1,-1.7728969116573552,2.4454852330948755
2804,1,1,0.22279132265876814,3.512903666482698
2805,0,0,-1.1640704672285898,0.5003354471127084
2806,1,1,-0.25821558977347453,0.467037583416136
2807,1,1,2.715667247472986,3.2291299447183555
2808,1,1,-0.084549767885277,3.0231499291988855
2809,0,0,0.06994068182731492,0.05185223836502112
2810,1,1,1.0875255005858848,2.188939619633068
2811,0,0,-0.31350456980283925,-0.7549652823179859
2812,1,0,-0.5240703258728232,-1.0260089211085415
2813,1,1,0.45659675738788724,5.190259430123456
2814,1,1,-0.8775558643613229,1.3723460639908842
2815,1,1,0.8271937223020668,2.3623145561183563
2816,0,1,0.7475483840793178,3.501675553975285
2817,1,1,-1.1010112286641638,3.3018045921495336
2818,1,0,-1.8399724393134984,-4.4979970326940935
2819,0,1,0.1857352744919775,4.884897353310617
2820,0,0,2.9450973579946558,3.359084069027777
2821,0,0,1.4737471533769289,0.08630458538603092
2822,1,1,0.4773639101963282,4.604484934095009
2823,1,1,0.9929077771810612,2.599458251340478
2824,0,0,-0.03044597678532923,0.4811456537625647
2825,1,1,0.17063770048257682,2.7763498895015735
2826,0,1,-1.6236088720013229,4.6647096880405865
2827,0,0,-0.05872573369019214,-0.4286026644678467
2828,0,0,-1.5055780514675607,1.741793850180997
2829,1,1,0.9067602355677042,3.8293996354532034
2830,1,1,-1.5554795769386838,3.1552313179349785
2831,0,0,-1.0325249423799603,0.2765259781217013
2832,1,0,1.0193989092011535,0.43794167871734513
2833,0,1,-0.4781472461636003,4.525972361209021
2834,0,0,0.0912022420570887,-3.502891709145228
2835,1,1,0.5398328541253871,2.2381784083988028
2836,0,1,-1.5256784473977387,3.9052481571898623
2837,1,1,-0.42759292545583694,1.364390020095414
2838,1,0,0.3665090260514422,-0.5176832557594228
2839,1,1,1.2951493435513832,4.183668211100761
2840,1,1,1.9299854371062573,3.29927245998916
2841,0,0,0.2411481584390424,-0.20971203864938448
2842,0,0,0.21433439150100822,0.7797623607796194
2843,1,1,-0.39711156243410123,2.5284147971156328
2844,0,1,-0.826479386965319,5.777775092614325
2845,0,0,0.3839149106262273,-0.5435502358567527
2846,0,0,-1.2846002869524562,-0.21779779968045565
2847,0,0,-0.36967493469811324,0.23875368083044096
2848,0,0,0.07940035316176858,2.6752075988887745
2849,0,0,1.1273057215135374,2.555639097915334
2850,1,1,-0.830939248826448,2.0480999127968653
2851,0,0,0.33255075116516797,1.9435731173430142
2852,1,0,-2.170916746318583,-1.1598042080399544
2853,1,1,-1.6767133922786357,2.09999046080185
2854,0,0,0.18421565450643249,0.09471975010856828
2855,1,1,-0.8155102538322402,0.3438477218926206
2856,0,0,0.9196650937483309,0.11817890738309039
2857,1,1,0.469280096011714,4.252113525164288
2858,0,0,-0.25152088563125374,0.3097856017813522
2859,1,1,-1.5733094100779732,4.167871921227843
2860,1,1,0.4045007096139724,3.4429883077720063
2861,0,0,-0.5338916652489453,0.32896650879534706
2862,0,0,-0.7009663805921326,-1.7392524680639723
2863,1,1,-0.2044716645291177,4.479940331244363
2864,1,1,-0.4560030137076636,2.4448959960081114
2865,1,1,-1.0699747118053706,3.889901450141263
2866,0,1,-0.9336450868518889,4.4420409694452765
2867,1,1,0.5954661012193911,2.1995955582231423
2868,0,0,1.4237141536419105,2.5694398702284253
2869,1,1,1.652785141924255,5.662273373090299
2870,1,1,0.31356942686358735,4.783417541153482
2871,1,1,0.21708314770780238,0.5421660963397135
2872,1,0,-0.03225684787043914,1.4922702258152574
2873,0,0,1.1429233819863476,0.11446866139803547
2874,1,1,-1.8655028135440679,3.0141407297334535
2875,0,0,0.48685203934678367,2.838001883492404
2876,1,0,-1.0640126464703281,-3.6534341329836
2877,1,1,1.3373020731318526,5.240701442655649
2878,1,1,1.2917008134705243,5.713301990404048
2879,0,0,1.140816133182117,3.050962800401472
2880,1,1,0.2641136650025768,2.897897672029912
2881,1,1,0.86997989154582,5.501139138387481
2882,1,0,-0.5588947107991274,-0.630918717582162
2883,1,1,-0.40774798447301386,2.8203542730157185
2884,0,0,0.9312062857463195,2.7860218256807383
2885,0,0,1.0564734109141267,0.08034396581195291
2886,1,0,0.08820948336203373,0.22986890218146538
2887,0,0,0.34526458033056107,0.08095041580930173
2888,0,0,0.5614154614275019,0.565212976919815
2889,0,0,-0.20820321614506396,-3.409286724790112
2890,0,0,0.5894844279499734,1.1018246496264472
2891,0,0,1.0763399266795681,2.504381514410319
2892,1,1,0.052464784143970156,1.3757959520842178
2893,0,0,0.358614927618859,-0.19275804335732238
2894,1,0,-0.8360888829642215,-2.208410666013871
2895,0,0,-0.7065199765961232,-0.18320322384869064
2896,1,1,1.0053863049946155,3.551208011082576
2897,0,0,0.3737877975129738,0.25533033410630296
2898,0,0,-0.8763433826965378,1.5797505039409465
2899,1,1,-0.8676966742924234,6.491208638260968
2900,1,1,-1.9788789790924375,2.4786255847830656
2901,0,0,-0.2994475114807222,-0.04800904053189459
2902,0,0,0.6891041369993284,0.11056422469863003
2903,1,0,0.6404748648530443,-1.0464766797093283
2904,0,1,-0.1337675354053864,4.6150618742483696
2905,0,1,0.09426476135542888,7.61307902318712
2906,0,0,0.715649006222037,0.20627303023366783
2907,1,1,0.37951007685583166,4.080796196982536
2908,1,1,-0.41193521075768474,5.5704843702258104
2909,1,1,0.5397404976003657,4.199904058295497
2910,1,1,0.4666686009727936,2.2683332524873654
2911,0,0,-0.6656000366637443,-0.8637506603230753
2912,0,0,0.6530906250693895,-1.048639175460624
2913,0,0,-0.23315844444844613,2.248275998419234
2914,1,0,0.9344011787724109,-0.6646366019302439
2915,0,0,-0.21667438595009209,-1.227082753273777
2916,0,1,-1.6691719106025005,3.3296507757291636
2917,0,1,0.5519221244673843,4.170706476578815
2918,0,0,0.07809914483620158,0.42477360262371144
2919,0,1,-1.0885974160803813,3.610393083183334
2920,1,1,0.9090751944518844,4.913891112097126
2921,1,1,-0.353241047587023,6.280341389003907
2922,1,1,1.297316038810328,3.7503679347066754
2923,0,0,0.3009297520259977,-2.6593749307090944
2924,0,0,-1.58528639042964,-1.804649759556732
2925,0,1,-0.47730201540662565,7.235897895930246
2926,0,0,1.6837147311069416,3.274103933219229
2927,1,1,1.1026998508711099,4.719074760006492
2928,1,1,-0.2831053540778392,2.6158172769051546
2929,1,1,-1.6222438096994967,2.315862987137043
2930,0,0,-2.2852719177395895,-1.2186355057712879
2931,0,0,-0.32579562170385695,1.3702665781666135
2932,1,1,0.8919868179251788,2.6959230341940783
2933,0,0,1.3096932708944637,1.614628001002433
2934,0,0,-0.8766040539074392,-0.036605566003948375
2935,0,0,0.20180573001558466,1.3468829681477854
2936,0,0,0.4652727739801579,3.8816931694942842
2937,1,1,0.6794510357682841,3.304248540760202
2938,0,0,0.08845869186346961,-1.1748490149699387
2939,0,0,-0.6719105694194046,1.8885022169826837
2940,0,0,0.23798713534748098,2.0117624815232054
2941,1,1,-0.23294659505796905,3.7635993882127172
2942,0,0,0.25534996109548597,0.9860322719831621
2943,0,0,-1.1779481374655567,-1.4411922683306768
2944,0,0,-0.37495962954989487,-0.14908506362600504
2945,0,0,-0.3775754982256168,1.2530368123850124
2946,1,1,0.9134847763018068,4.127982078795232
2947,1,0,0.0829247430919441,2.387947834259358
2948,0,0,1.6757170706306812,2.0897318214580096
2949,1,1,1.0755924742271334,3.7202656029121135
2950,0,0,0.20025327422496303,2.1160556185859827
2951,0,0,-0.5903844355776003,-0.4525368886837211
2952,1,1,0.2651927546246665,2.696868749279612
2953,1,1,-0.7851433497483459,3.852238821598556
2954,1,1,-0.17396664104043505,4.485134411252653
2955,1,1,0.8333532953703834,2.784729127369581
2956,0,0,-0.7775993724723936,-0.12206963516873753
2957,1,1,0.2135330269822838,4.801916274903449
2958,0,0,-0.5029659033273245,1.368752916440246
2959,1,1,-0.8250701510793416,1.19028875114463
2960,1,1,1.1040428331831735,3.585524651672019
2961,1,1,-0.04417076900626266,3.6297726753357904
2962,0,0,-0.3449906623471465,1.8434395154191139
2963,0,0,0.7988783310644715,-0.6004331303819586
2964,0,0,0.19820731363004176,0.13383042667093997
2965,1,0,0.2401373066747362,-1.023251200992954
2966,1,1,-0.23842352247670667,4.002306586501872
2967,0,0,0.48597152946739075,3.5451129583769907
2968,1,1,-1.611521777503281,-0.5252282506702164
2969,1,1,0.18570485929432934,1.8023272874065233
2970,1,1,0.5162250636323688,4.978577335563097
2971,1,1,0.8188298830467294,3.3020306932034362
2972,0,0,-0.46275087957959904,3.4146513244055283
2973,0,0,1.1114403001970319,2.805127647339207
2974,1,1,0.25759565143705004,3.5358406073989443
2975,1,1,0.12640324804989592,3.2828943392811
2976,1,1,-0.7222757817994699,3.620767087185529
2977,0,0,-0.03699856698268784,0.6154400918938168
2978,1,0,-0.45128628881130095,-1.8419411743179495
2979,1,1,0.5428513351048826,2.6045890453493636
2980,1,0,-1.2845622863472954,-0.12363421605739455
2981,0,0,-0.29013498227759654,-0.5883208107451189
2982,1,1,0.2817701184154602,9.985133111557044
2983,1,1,0.4050586097757787,3.91703916419255
2984,0,0,1.4210992938262428,3.7386760644143973
2985,0,1,0.6557745254706318,4.636108440929959
2986,0,1,-1.4570856927615763,5.960763011271799
2987,1,1,-1.1748502443659548,3.3209866254050127
2988,1,1,-1.1606023872464726,3.6477479345518615
2989,0,0,0.27147646362997296,2.122004027738182
2990,0,0,1.0465897179861465,0.8307526311146864
2991,1,1,0.20715943260862743,3.21125715347166
2992,0,0,0.13255623694410512,-0.5489523811026178
2993,1,1,0.1399636633882852,4.46151341949688
2994,1,0,0.6999520890706737,0.6052681153036458
2995,0,0,1.28098284677281,-0.8296156764657074
2996,1,1,-1.2079337645378287,4.421192281956371
2997,1,1,-0.6260657037882789,5.1542195431284
2998,1,1,-0.6863499412274432,2.1970724714888723
2999,1,0,0.3827904222203094,-3.9358816728848094
3000,1,1,-1.3354597942262458,0.742934683386679
3001,0,0,-0.7863579512675425,0.9013782841147957
3002,1,0,-0.48433986728832545,-1.6362239788398365
3003,0,0,1.070845893134002,2.5105064165860167
3004,0,0,-1.5483444178375159,-2.7830850607281343
3005,0,0,-0.9017475708862854,1.1736716594331609
3006,0,1,0.8429711577591495,6.217088043452716
3007,0,1,-1.6727851028300018,5.070122847843475
3008,1,0,-0.7613575381539298,-0.1399109763620286
3009,0,0,0.9331561641976446,3.1718012183686293
3010,0,0,0.32877417477389675,1.6874939940569664
3011,1,1,2.308336151852112,4.214054070108549
3012,0,1,-0.9183511466628955,4.7372345173789725
3013,1,1,0.2495005566676094,1.686725466328997
3014,0,0,-1.4465822254342664,-2.7289259611569894
3015,1,1,-0.9948575952145211,1.440612839997251
3016,1,1,-0.07088879752921855,2.9274313632868663
3017,0,0,0.4392877661885894,3.4081337589834617
3018,1,1,-0.21776128723947188,3.5954746831644684
3019,1,1,-0.033905773995143156,2.703860615050288
3020,1,0,-2.3122414587238547,-2.573014887376325
3021,1,1,-1.3887776548023496,4.091268592943008
3022,0,0,0.27621996074846855,2.100160478990817
3023,1,1,0.4408098146410541,3.6110604566822797
3024,0,0,0.48553370965119697,-0.1385561044091772
3025,1,1,1.0722488336010934,2.0010886469946216
3026,0,0,-0.81871214683809,-3.482621755573465
3027,1,1,-0.16513299752565647,3.0396507965177886
3028,1,1,0.6940150681552337,1.6838745664641528
3029,0,0,-0.650544823354961,-1.4641317733857788
3030,0,0,-1.8567570616973144,1.974322340086712
3031,0,0,0.3506483981513976,0.8634771157892442
3032,1,1,0.9449843426420803,3.4218521809658697
3033,1,1,0.3853065902006578,3.3058107704661825
3034,0,0,1.0530333868464532,0.32377616256213737
3035,1,1,-0.09335546999374203,4.654150500522755
3036,0,0,1.294653007573879,0.37206274404689177
3037,0,1,-0.05768628837027007,6.616352531142095
3038,0,0,-1.1811350054497414,0.4577297379527921
3039,0,0,-0.31280092627137024,2.7332793157233333
3040,0,0,0.6887361265725375,4.168996278342325
3041,1,1,-2.0908801208674332,1.3137695850460167
3042,0,0,0.02283629405096692,2.467195879035687
3043,0,0,0.15653906155227937,-1.9550213971509613
3044,1,1,0.8977442301006578,2.253714333288986
3045,0,1,0.751199745133013,4.656032555318254
3046,0,0,0.8939675860209332,4.389323112834635
3047,0,0,0.30363004278305356,0.1397604089309225
3048,0,1,-0.5312250629490732,3.3471085857455947
3049,0,0,0.9211966739979275,1.5911451328488515
3050,1,1,-0.495740505780785,2.0663258935224573
3051,1,1,0.35010437749411816,5.425424138192621
3052,0,0,-0.45368363272628526,3.0837399244601413
3053,1,1,1.204783013327531,4.361933874005625
3054,0,0,0.6394443903861065,1.5918212412584323
3055,0,0,1.2299926987082195,2.7121315752670085
3056,1,1,0.4984745470827957,5.735763656044326
3057,0,1,1.6342567784625868,5.943683970750445
3058,1,1,-0.39105641752162995,2.349299722237276
3059,0,0,1.0017431088352151,3.0464538406358264
3060,0,0,-0.09813270516896862,1.3493580452399274
3061,1,1,-0.3574884851297616,2.6071693992750085
3062,1,1,0.1564013033852192,5.7785811562381255
3063,0,0,1.365814760269767,0.8964954817635054
3064,0,0,-1.5133650402103407,1.6183862925172314
3065,1,1,1.8403580426864703,1.7529061114234412
3066,0,0,0.995999084184274,0.599478157339519
3067,0,0,-0.680417397613585,-0.07024867471569807
3068,1,0,-0.6104932977177702,-2.1465927094651667
3069,0,0,-0.9220966705860917,1.1695638737186544
3070,1,1,0.44659239740486956,4.347084737668725
3071,1,1,0.7051971687670661,2.8832840897435426
3072,0,1,-0.5017984291848956,4.7756519880691695
3073,1,1,0.7493871022969145,1.401021973604586
3074,1,1,-0.28240906392177606,4.628801099157089
3075,1,1,-0.8537915997748572,2.060241850319788
3076,1,0,-0.2948130844578197,0.15003049947164415
3077,0,0,-0.11781837343631021,-0.48894332757778525
3078,1,0,-0.14606661690788436,2.1834276436117914
3079,0,0,0.32807597917079007,0.631293565617989
3080,1,1,-0.14062662114234414,3.0196850903791184
3081,0,0,1.2869634946643007,4.004589257757053
3082,0,1,-1.6376231961007823,3.496335318209207
3083,1,0,-0.13757378102821038,-3.163559633909825
3084,1,1,-1.0973621435574024,4.287446949337719
3085,0,0,-0.7638484077308865,3.7210512066067594
3086,1,1,-1.205228539493109,5.314555002705735
3087,1,1,-0.5530758782268655,1.7491170614856837
3088,0,0,0.009299569705057496,-2.753792219777667
3089,1,1,-1.4356839152710188,2.9750241082951425
3090,0,0,-1.1173337213691221,-2.886566482915352
3091,0,0,-0.6516538758831585,2.0606164088756223
3092,0,1,0.806923378411461,5.872938482782056
3093,0,0,-0.48804761534478,1.0560090709825722
3094,1,0,-1.2136826648891201,0.25704071183127475
3095,0,0,0.32675201147350075,0.5708113893990205
3096,0,0,-1.2930382271913963,-0.6286452517091193
3097,1,1,0.2537489401552378,6.090426420240938
3098,0,0,0.5500232869599284,-0.22430202117978965
3099,0,0,0.4675935273613324,1.3058524303512098
3100,1,1,0.2015184867485894,4.413872090552629
3101,0,0,1.4290643682785138,-3.7265429118793443
3102,0,1,0.7484713361759224,5.941543412900629
3103,1,0,1.2034437334524881,-1.1557937878678728
3104,0,0,-0.013227951348157478,0.3042130278601808
3105,0,0,1.377885344440476,1.15191098962887
3106,0,1,1.744904607626364,8.352614530818663
3107,0,1,-0.23116863262567303,3.5933732038080306
3108,0,0,-0.1800940500433506,-2.949542725767034
3109,0,0,0.5641274818106669,2.432186485898653
3110,1,1,1.3063544699307108,5.645701600187682
3111,1,0,-0.7666674724681378,-3.6261659397852046
3112,0,0,0.00017867082797649178,1.9876271762550648
3113,0,0,1.4388244102110266,2.4613575031401225
3114,0,0,0.3051203399449746,1.9892055646858415
3115,1,1,0.7934227186796523,3.45977857837421
3116,0,1,0.9719226131328973,4.213638025004144
3117,0,0,0.36891764341129923,1.6524885019827178
3118,1,0,-0.04485873895156347,0.3909568658320688
3119,0,0,0.2768517475845301,2.2771578524696774
3120,0,0,-0.04839517402382182,2.087828755580785
3121,1,1,-0.3980429649952089,1.423318387251931
3122,1,1,1.0864361471623512,6.410360070216866
3123,0,0,-0.04116468058485695,0.5170213459878777
3124,1,1,-0.1035608995781893,-0.49632428450067456
3125,1,1,-3.1243260699590314,2.1643796872826413
3126,0,1,0.01188390875583579,5.9714400408006485
3127,0,0,-0.310880903750056,1.7431070507206723
3128,1,1,0.5256927784481574,2.7817532433467376
3129,1,1,1.9576054077385483,5.196466542201116
3130,1,1,0.8080214908345671,2.2835789808193185
3131,1,1,1.2779217859862144,3.0795378125199813
3132,0,0,0.07564828330030456,0.8805178010188102
3133,1,1,1.0353056717242557,4.481702328540024
3134,0,0,1.1358600636207836,3.5511878995198347
3135,0,0,1.370391699426577,0.9381747666636174
3136,0,0,1.8098994390296879,-0.798829752940077
3137,1,0,-0.6114700371394778,-0.6096922460266416
3138,1,1,0.4200769892407361,3.7021300470554275
3139,0,0,1.9540672563761599,2.105988752374331
3140,0,0,-0.15021076057258512,-0.04076973440705245
3141,1,1,-0.669003616365286,3.795682993398657
3142,1,1,-0.8304474611882665,0.153050559699611
3143,0,0,-0.6330219302479333,1.0872398323433043
3144,1,0,-0.6434847602923198,0.8361310475617398
3145,0,0,1.0502222941901995,0.4656926395561891
3146,1,1,-0.8212705857445192,1.7487437825399528
3147,0,0,0.15744692283223358,1.6812599785682072
3148,1,1,-0.825307364625488,2.968398059783614
3149,1,1,0.6054720687143944,2.259650727392674
3150,1,1,-0.592313844312967,2.5437141955414715
3151,1,1,-0.7851210074602148,4.388608863956033
3152,1,0,-0.1287587315699962,0.8635382838810288
3153,0,1,-2.2024223494530237,3.432164660127409
3154,1,1,1.4842709209434355,6.0491300494816
3155,0,0,1.0361062378599923,1.6588306933489996
3156,0,0,0.1393625535862027,-1.072479158251002
3157,1,1,1.0566795080227904,2.5824791122585715
3158,0,0,-1.1835302055438712,-0.8817174089075388
3159,1,1,0.6510679029348717,4.091069961089841
3160,1,1,1.0389363767839745,3.744678961243524
3161,1,0,0.2588417465493319,0.6376472038889411
3162,0,0,0.5249380569091987,-0.10345105185365289
3163,0,1,-0.5110728077879205,0.9510785570410636
3164,0,0,-0.7921286980721393,1.305709987539684
3165,1,0,-0.14100393305134334,-1.501918761332775
3166,1,1,-0.45529701411618845,2.987150920870193
3167,0,0,0.19309828962260553,3.6996193906157506
3168,1,1,-0.6139880969877678,6.352102767100527
3169,1,1,-1.120288533107359,3.34309603369297
3170,0,0,0.020266966997853478,1.989831370079913
3171,0,0,0.2430836975969184,0.4847313974595298
3172,0,1,0.7490616432888133,3.4103310702865786
3173,1,1,-0.10793251517366947,1.446142472935162
3174,1,1,0.5114805072725059,2.4807504634014377
3175,1,1,0.8018816455506542,1.758393614788535
3176,1,1,-0.35765191474112396,2.885477325392732
3177,0,1,-0.8337148154749667,3.5661448452039255
3178,0,0,1.3664235103135294,2.7486329799795994
3179,0,0,-0.2024679772872404,-0.26287342978014283
3180,1,1,0.39126510298526235,5.812529933757144
3181,0,0,-0.8862580067545752,-0.5040161514232544
3182,0,0,1.1998728700999266,2.0397260346203336
3183,0,0,-0.522291778495873,0.5329156407729364
3184,1,1,0.5182142226189532,6.008440918351107
3185,1,1,1.4757934481343302,5.221872506198084
3186,1,0,-0.3565825364052053,-2.1572774295285324
3187,0,1,-0.24201961377925596,1.2073723856460215
3188,0,0,0.34521527887270687,0.3640313755882716
3189,1,1,0.06185954018757501,0.808514895350815
3190,1,1,-0.7284895526823144,1.7812928024585373
3191,1,1,-0.31938011564403196,2.777267985798864
3192,1,1,-1.6108987166264428,2.1035437818796927
3193,0,0,0.18162037069251588,-0.49820443138237036
3194,1,1,1.3434372054650672,6.898149827886387
3195,0,0,-1.9033302226581272,-2.656298434359921
3196,1,1,-1.2000609398630333,1.5351961653243271
3197,0,0,-0.7125518392198489,-1.3736025794654918
3198,1,1,0.868294290883104,4.322227082429588
3199,1,1,1.5387717948990525,6.147865611883624
3200,0,0,0.07531222400930819,1.5856584161160132
3201,1,1,-0.2644264499910607,3.4494771120682586
3202,0,1,-0.22467031486857203,6.514292309224537
3203,1,1,0.4735389739408766,2.795947937622051
3204,0,0,0.41452380642171266,1.0927090174529521
3205,0,0,0.81385223517069,-2.5360701494543845
3206,1,1,-1.0339901014201454,1.786450031454922
3207,1,1,-1.127119074212209,0.8569691119152871
3208,0,1,-0.8226944567929009,5.629488783208825
3209,0,0,-0.8207966442245744,2.7383246358513045
3210,0,0,0.5092516229903695,0.38424315725154157
3211,1,0,-1.3492319880437893,1.7153308520116168
3212,1,1,1.1730135801924626,6.9776887449223075
3213,0,0,-0.8316302911380578,-1.470828055030684
3214,1,1,-1.046852664223172,3.9715213501632727
3215,0,1,0.05703100331337232,4.90949636176582
3216,1,0,-0.044558959030661344,-0.929552816771621
3217,1,1,0.5461308327835112,2.709190483794317
3218,0,0,-0.11338649770209051,2.8951068274706766
3219,1,1,0.8824298841383572,5.337562996909118
3220,0,0,0.8571723666249947,-1.595359020317358
3221,1,1,-0.0023510624568743813,3.705914761389973
3222,0,0,-0.9279848190308393,0.08874558127367949
3223,1,1,0.2508810079351804,4.533093171799853
3224,1,1,0.6195646905067993,2.331080295883571
3225,1,1,-0.2706276230444241,5.346215295933238
3226,0,0,-0.14350010139252223,0.40701867679372317
3227,0,0,-0.5553787789836379,-0.14834804266748103
3228,1,1,0.09644120698155348,2.039872084076384
3229,0,0,-0.022753348537434926,1.2752388629118645
3230,1,1,0.9246646015529396,5.383503522519707
3231,0,1,-1.1070393534829475,3.4635971159683465
3232,1,0,0.24404682436968855,1.069184818939682
3233,0,0,0.5879707791153009,2.4670538821016335
3234,1,1,0.014422571403698006,3.8939452858673667
3235,0,0,-1.1964447626784245,4.531063318074715
3236,1,0,0.26554367084933406,0.1174031990911738
3237,0,0,-0.26292974328573265,-0.27733527861853
3238,0,1,-1.856718571287283,4.399347604064715
3239,1,1,-0.17657045866427398,1.5598550158777194
3240,0,0,-0.16729734186230996,0.2975288166559786
3241,0,0,-0.1607337915473885,-0.43902471410069843
3242,1,0,-0.6008506334932233,-2.042009068274373
3243,0,0,0.5109021713608195,0.29220655545593965
3244,1,1,-3.225226237151535,0.28443009395595276
3245,0,0,0.7231856656965411,1.8473655468098162
3246,1,1,0.5585573072216881,5.714659468705339
3247,0,0,-1.9174432352153958,2.2885391803493143
3248,0,0,-0.4106154652434884,-0.6168260210417211
3249,0,0,0.49597449969173424,1.7160659840720704
3250,1,1,0.5564343935598567,3.816703297477921
3251,1,0,-1.9832591723870427,-3.1288905196991927
3252,0,0,-0.8718370741110512,0.6190097903901042
3253,0,0,-0.1623663901401039,0.7225218366622582
3254,1,0,0.023513545466202195,-2.6241420067022903
3255,1,1,2.1453600104801844,5.405347456933882
3256,0,0,1.2246936662845962,-0.8747888284747923
3257,1,1,0.39417269124384313,2.5870026782750504
3258,0,0,-0.276898723408512,-1.6067791754128762
3259,0,1,1.169303202532137,5.474247869574354
3260,1,1,0.3022167685933448,1.8321240753312977
3261,1,0,0.5924235758560469,-1.0240455782898146
3262,0,1,-0.25731941708705386,4.264762612040101
3263,0,0,0.546788453750886,-1.338299288227614
3264,0,0,0.4304789758814666,0.5181477334881941
3265,0,0,-1.0277715458627041,2.4114526938100624
3266,0,0,0.43312904628209914,2.2681407981059865
3267,1,1,1.1179766869951038,1.9106993078778987
3268,0,0,-0.514627343279275,1.0515630067082489
3269,1,0,1.3146704002304843,1.2163990280901804
3270,0,0,0.6869155997270662,0.5285518419576243
3271,1,1,-1.2425461994164935,0.1758697771294635
3272,1,0,0.9576491079310168,-0.38420357372287955
3273,1,0,2.147181681600051,1.745596134486433
3274,1,1,0.4919368970186412,3.1675792470510062
3275,0,1,-0.28191736281991886,4.422408227422193
3276,1,1,-0.503411206825984,1.1514532977634215
3277,0,1,-1.7440500582967169,4.825337597679873
3278,0,1,2.5642750449126868,5.8305692548183385
3279,1,1,-0.5447449687721275,2.667560632194428
3280,1,0,-1.6327314480841661,-0.8965879732554469
3281,1,1,-0.6082507095403156,4.464753621347575
3282,0,0,-0.13243476779280716,3.341741293793668
3283,0,0,0.5188149600954647,2.3753340475123097
3284,0,0,-2.5320389044950917,0.37201170955552487
3285,1,1,-1.0060851046787906,1.9515148865518852
3286,1,1,0.40843200944533686,4.152684692529417
3287,0,0,0.8167825671055503,2.910482836680858
3288,0,0,-0.9397462260958583,1.8338620201173377
3289,1,1,-0.5568322354441743,6.206788988866496
3290,1,1,-0.8516221468589418,4.9331408249643784
3291,1,0,-1.6972510779918857,-1.4446362506858161
3292,0,0,-0.7540335946156606,-3.6516329699739742
3293,1,1,0.6513630845940284,0.8944709260225863
3294,1,0,-0.026836346083036988,-0.7919568367194676
3295,0,1,-0.9147821219608873,3.3413280762583772
3296,0,0,-0.562836308957436,4.864616268200686
3297,1,1,1.9293011202195531,4.42109984097225
3298,1,1,0.035122601414472286,3.3063400180328113
3299,1,1,0.5912424278344662,2.3566617371295866
3300,1,1,-0.4862406438930111,1.5604662562885938
3301,1,1,2.429872000419753,5.16036862194462
3302,0,1,-0.3920919733130168,3.8010228369161814
3303,0,0,0.9997537677398577,0.255061761715506
3304,0,0,0.4697398240563499,1.1034207850284647
3305,1,0,0.014839259441666107,-0.8706835833599769
3306,0,1,0.18870454766708092,6.27786014732601
3307,1,1,1.58221986938597,4.173843305162581
3308,1,0,0.38718485866348423,-0.045554115759163905
3309,0,0,-1.0096623264486992,1.1780511380484517
3310,0,0,0.787515132504361,0.0007784976475327943
3311,0,0,0.9763100914736799,2.258378874911082
3312,1,0,-0.7372225236691421,-2.024272315545239
3313,1,1,-0.12713953368003297,6.019078670824621
3314,0,1,1.5916037689441225,6.447019631815758
3315,0,0,-0.4297622821502944,-0.00307585561128923
3316,1,1,0.20037323550216196,3.918088353703287
3317,1,1,-1.169204361137279,2.4367299282549357
3318,1,1,0.30713788495711597,3.005713483012295
3319,1,1,0.13788446977290825,1.7342925341856574
3320,1,1,1.7432909332344482,2.964853433476579
3321,0,1,-0.19158004354082134,3.9355853526850844
3322,1,0,0.15425140869875956,2.038839494850311
3323,1,1,0.7420821785019641,4.874333012092781
3324,1,1,-0.5063621836173458,3.4863337048714635
3325,0,0,-1.986489656861546,-1.1455821872234837
3326,1,1,1.5827556259965114,2.941054226097817
3327,0,0,-1.4700987560743835,-2.7824928580039074
3328,1,1,0.5506321382416381,5.718971416853677
3329,1,1,0.8915380834807765,4.892320369423471
3330,1,1,-1.7539757835172205,1.0457905090088397
3331,0,0,-0.6876339346038293,1.4613219560315887
3332,1,0,-0.33537268036389156,-1.6423577851323234
3333,0,0,0.5794084957578527,-1.1462499225223317
3334,0,0,-1.0003058067525996,-0.6599076527432983
3335,1,1,1.0571970049198627,6.850944737149818
3336,1,1,-0.7244738233977336,3.858928558768092
3337,0,1,1.8256256434578177,7.8786208023521365
3338,0,0,-0.24152036665736373,1.547905027245517
3339,0,0,1.4256264261979554,3.9163742791712144
3340,1,0,1.3717661490773385,2.4037265876125424
3341,1,0,-0.7600627125145446,-0.17883627986530404
3342,1,1,0.24161479386384607,3.531785888471078
3343,1,1,0.321886568205978,4.732850016396376
3344,1,1,1.6186071328044762,5.713561899799629
3345,0,1,-0.5673075312728384,4.311126543201752
3346,1,1,1.013466830654355,3.8069139360183177
3347,1,0,0.5666522740532447,0.7162824712978426
3348,0,1,0.3170531809342512,3.6424370479835053
3349,0,0,-1.302966490559774,-2.2354293988477574
3350,0,0,0.009598990239620712,1.1527699397832338
3351,0,0,1.5765287012971823,1.8988665554086022
3352,0,0,-0.30861924684167047,1.250207889903032
3353,0,0,0.7999439154021665,-0.6444593672726147
3354,0,1,-0.47938147165685047,3.5081360745852557
3355,1,0,0.6544364038058694,-1.1598051831770526
3356,1,1,1.143376569872788,3.1841078788348427
3357,1,1,-0.20729376885242115,3.1079633753179694
3358,0,0,1.5275068524393483,3.440015281902891
3359,0,0,0.6240517540157144,1.253056502792921
3360,1,1,1.1778174273700215,7.191793417436785
3361,0,0,1.2277107902517757,3.0262015247833363
3362,0,1,1.8511255424411899,4.406472579019232
3363,1,1,-0.41605592009376935,4.986922523492916
3364,1,1,-1.580049159650436,1.9114426985245863
3365,0,0,-0.9977161039040002,-0.4542515682976341
3366,0,0,1.7037448633692702,1.3586717935984398
3367,1,1,-1.3973921174225699,2.6269015754891067
3368,0,1,0.9761145334743694,7.041807647902967
3369,0,0,-0.6551901158880451,-0.06391347471865694
3370,0,0,-0.5114154151418114,-0.07716385770899825
3371,1,1,1.2018362485743184,3.346186058222238
3372,1,1,-0.3523749886884379,5.455041343030221
3373,1,1,-0.4629489933330439,2.8024214779144243
3374,1,1,-1.0197863856871061,5.656024222622641
3375,0,1,0.5053653187451487,3.6505452511745733
3376,0,0,0.16385593917893354,2.943491075777982
3377,1,1,-2.353796858892724,0.33783975990745896
3378,0,1,1.3522384051840868,3.439955399026696
3379,0,0,-1.6693132047278383,0.003673359974976864
3380,0,0,-0.10408265892970735,-0.409735140727308
3381,1,1,1.335081700608225,5.536076797104739
3382,1,1,-0.38222432564759395,2.6501847445912996
3383,1,1,-2.0152534678291554,1.459452710379084
3384,1,1,1.068036330105559,2.784376727109935
3385,0,0,0.35039472323005816,1.8953900480424264
3386,0,0,0.2664794743656129,-1.350982803995067
3387,1,1,-0.42992384197892886,2.1417534852153777
3388,1,1,0.09351705275134438,5.447483425378765
3389,0,0,-0.613186353326316,1.1558742284751422
3390,1,0,0.33966741353985236,-0.42343865732181707
3391,1,1,-0.2361736681018285,5.654194418323413
3392,1,1,0.20747049643757887,3.3968834926211957
3393,0,0,0.13128089025969308,-1.8930963910340894
3394,1,1,-0.19985683462612094,4.809471959678472
3395,0,0,-0.3040621003019342,0.007462865322322626
3396,0,0,-0.7726074685642473,2.4321377805940063
3397,0,1,1.1658210355338314,4.522831400225673
3398,1,1,0.3621186777410024,5.457417548973785
3399,0,0,-0.06321601276795526,1.921005880490925
3400,0,0,0.11085504020402501,1.564940965848601
3401,1,0,-0.23577791028227105,-3.4707335851282903
3402,0,1,2.121230967715744,6.252245167619495
3403,0,1,-1.259194012795275,3.2562053754607825
3404,0,0,0.8150704948346038,1.9830058237757733
3405,1,1,0.637939399849248,1.8859708469443208
3406,0,1,0.18941987259298906,3.2087510129495564
3407,1,1,-0.603270172328316,3.178111519245718
3408,0,1,0.07207110273157427,7.487220127910332
3409,0,1,0.38261420127292134,4.630449942116394
3410,0,0,1.9363570563871455,0.6390298692685182
3411,0,0,-0.12132751329221018,3.1951158403644984
3412,0,0,-0.4245029291773607,1.5704080201425805
3413,0,0,-0.27450993765548404,-0.18268238026991174
3414,1,1,-0.0014256585461948456,3.762828588848493
3415,0,0,-0.1636395061069819,-0.8285836453046452
3416,1,1,-0.48421056896706005,2.0400931225214327
3417,1,1,1.4506521677994537,4.734803161007353
3418,0,1,1.0101100208143339,6.061214060647423
3419,1,1,-0.8323336258306616,2.3724146842749576
3420,1,1,-1.8119494424381373,1.4234590950628312
3421,1,1,1.388525133148049,2.869913217456671
3422,0,0,-0.43164651016964445,-1.0710310552210602
3423,0,0,1.5773868254199728,2.3186348856783696
3424,1,0,-2.0900321583812915,-5.159135273752389
3425,0,0,-0.3599427448627689,2.1765373549026346
3426,0,1,0.5944539262197421,4.856726468146727
3427,0,0,0.480698505271455,-1.795130746284431
3428,1,0,-1.3944695487185936,-0.47808031886379077
3429,1,1,-0.2802200889638327,1.736131116478039
3430,1,1,0.008141932048773871,2.304650310022972
3431,1,1,1.4019508325027068,3.3880987934175435
3432,1,1,-0.291165717701013,3.3101068788200303
3433,0,1,1.8633933575354507,6.153127434488477
3434,1,1,0.3906937496578265,2.203587373533634
3435,1,0,-0.036153592687775696,0.9368874324214849
3436,0,0,-1.72135580090217,-1.111801135897609
3437,1,1,-1.2550059208370938,1.0462882195884204
3438,1,0,2.5729736925821105,1.0820672174839188
3439,0,0,0.9965786075783261,2.1666447605110513
3440,0,1,-1.450031670557559,4.130072225307133
3441,1,1,-0.6439909057491388,0.013434853754544118
3442,1,1,-0.893670617183201,2.4635558142833855
3443,0,0,0.9772852620773484,2.8250399562982595
3444,0,0,0.6128013826999766,0.8153096621073372
3445,1,1,-1.950456532897083,3.475319302025012
3446,0,0,-0.29231079197881676,-1.0890823340292162
3447,1,1,0.8479946549150736,4.886914614102876
3448,1,1,-0.8806720630558531,4.164138470040846
3449,0,0,1.4701060122692557,0.28738338664026675
3450,0,1,-0.38313376482221667,2.085192770335988
3451,1,1,0.32194263964629594,3.8995567340456945
3452,0,0,0.9368788675692442,1.8529094073120858
3453,1,1,0.10371610906819273,4.953490729817002
3454,0,1,0.09747584190366139,6.33504593275748
3455,1,1,1.1949825535473824,4.250691885173998
3456,0,0,-0.6502914079233617,0.870288931381942
3457,1,1,0.06887108984186575,2.066379977282552
3458,0,0,-0.10723952740147777,3.175185792767072
3459,1,1,-0.4774474866843063,3.3188027010085257
3460,0,1,-1.588239283039699,1.887535253492089
3461,0,0,-0.32589825747591084,2.7227585653782924
3462,0,0,-0.940469557905481,2.874309376700294
3463,0,0,-0.8212352166746724,-1.403232878065008
3464,0,0,-0.8784825235604126,-0.9213669249624568
3465,0,0,-1.2895228521561786,-0.33755395896538787
3466,0,0,0.09506254268109098,0.7383132627938833
3467,0,0,-0.7383302980172145,-1.3434321610485027
3468,1,1,-0.39806315073258486,3.0875937808618734
3469,0,1,-0.42369690872413274,4.569833831342924
3470,0,1,-0.9830383944003606,4.323507951119108
3471,1,1,1.6255340633139979,6.527594604838516
3472,1,1,-0.7464513781986973,4.394555875360201
3473,1,1,-1.3428407234018598,0.9237052026359056
3474,0,0,0.35209359015899033,1.4990507978024399
3475,0,1,-0.7550332800945855,3.680984841314424
3476,1,1,-0.1337365847790784,1.0990300507810007
3477,0,1,-1.1855978383127215,3.8488344529739926
3478,0,0,-0.2168430487120642,3.771637449150642
3479,1,1,0.13323087877856546,4.10095128048831
3480,1,1,-0.03683593798033844,6.789684223098236
3481,0,0,1.508753341889379,1.9755573911485278
3482,0,0,0.8681718228813055,2.944684923916809
3483,0,0,-0.17313485854464092,-2.847440892876745
3484,0,0,0.46727431082174803,1.112980757798399
3485,0,0,1.0923819466882276,2.0977168073411114
3486,1,0,-1.228826492983735,-1.0101291229946499
3487,0,0,0.5572388804180302,-1.665081196438032
3488,1,1,2.2173885519719443,2.402735662012987
3489,1,0,0.6747019617717722,-0.5978872492988858
3490,0,0,-0.12971838314343107,1.513626506651192
3491,1,1,-0.5530287458667397,2.9099092864733596
3492,1,1,-0.6326441174229467,2.5050733485094074
3493,0,1,0.23853264671052438,3.4806470126259366
3494,0,0,1.4323061904743593,1.9655305259099742
3495,0,1,-0.27305671253610375,6.236197615200221
3496,0,0,-0.7059872036497794,1.6483724443491943
3497,0,1,0.053209251676124385,3.3576669795893506
3498,0,0,1.7016865214756027,4.047744112092682
3499,0,1,-0.9188773836243678,2.8060259499613167
3500,1,1,-0.541231752869517,4.134251612276834
3501,0,1,0.3068368055496346,4.040455384147096
3502,0,0,0.44185511229439967,1.6348827511713675
3503,0,0,1.66078199361649,1.5839412207113184
3504,0,0,0.2548928804281512,1.2771737740305455
3505,1,1,-0.6913756972707207,3.0353569616911664
3506,0,0,0.3647650880406932,-0.6407133801372796
3507,1,1,-1.6303062172988458,0.39776113693692694
3508,0,0,1.4016925615721763,-0.1497550690101912
3509,0,0,-0.4546576860859067,-0.007556890302861996
3510,0,0,1.0447522344549578,1.2706115890056056
3511,0,0,-0.6681314408048705,-0.1324769942527051
3512,0,0,-2.030812671134448,-1.0131388685989797
3513,0,0,0.10375497541575444,1.8750623951345275
3514,0,0,-0.011765621611994738,3.4754166204414165
3515,1,1,0.8727047071383022,4.163571344515663
3516,1,0,-0.31436358618562754,2.246196171691851
3517,1,0,-2.4445232265449004,-3.4986371415921482
3518,1,1,1.5270123427824374,6.620338712985272
3519,1,1,-1.8914246612138927,1.5976516186334424
3520,1,0,-0.49244432559399404,-0.4660787550123314
3521,0,0,0.6406692736908999,0.92072626644787
3522,1,1,-0.13569446742859995,6.79218726829745
3523,0,0,-0.3445803132394022,1.076844735463065
3524,0,0,-0.8528813151582556,2.6579293541760696
3525,0,0,1.233812398528152,-1.9677610744195089
3526,0,0,0.18895705849855393,-0.5860232071730767
3527,0,0,-0.9990693078004825,0.13673583289675095
3528,1,0,-0.08673379999272875,-5.231699476584414
3529,1,0,-0.8010411443074292,-2.8815099747613364
3530,0,0,0.39438199419794745,5.060769079545005
3531,0,0,1.3776562411223574,1.4416389195278225
3532,0,0,-1.6238703607692992,-2.2527305614170987
3533,1,1,1.0155787314781988,2.7160545176821147
3534,1,1,0.24138342230572274,3.2435739074148544
3535,0,1,1.3646719187211922,6.982474133685686
3536,1,1,-1.7089001113032136,2.255675086787091
3537,0,1,-0.1583581003533804,4.473783570412614
3538,0,0,-1.0523822185236649,-2.25468449881334
3539,1,0,-0.9984003892842411,-3.641750027266222
3540,0,0,-0.15706890944809906,0.7152532012840507
3541,1,1,0.7265430141520067,2.7212680253248216
3542,1,1,0.7119875557140544,3.698888935864219
3543,1,0,0.8999993426200278,-2.9016786375020467
3544,0,0,0.25486795415119906,1.9277553869435426
3545,1,1,-1.1972666207366078,0.7805524822894556
3546,0,0,0.6146551211817276,-2.055154320354402
3547,0,1,0.6569941236237952,5.889726336368595
3548,1,1,-0.7780800874542517,2.9594056683189383
3549,1,1,1.1029193231325998,4.291984728722499
3550,0,0,0.1659262258351956,-0.3651786716743438
3551,1,0,-2.5503588540696294,-2.0930294816245008
3552,1,1,0.1667279266971421,3.6220278336597747
3553,0,0,1.6997190163268698,0.3859163618510937
3554,1,1,-0.8738581662440673,1.1867325013947398
3555,0,0,1.742602305490789,1.3900675920640242
3556,1,1,-0.3142371531517373,1.3101969701202667
3557,1,1,1.572542193469922,3.965372064665864
3558,1,1,0.3549866307458749,3.143850488251592
3559,1,1,0.6914541688053266,5.955199584068623
3560,0,0,0.09079394352215213,2.726735832530955
3561,1,0,-1.4580055450451044,-1.1854771799902037
3562,1,1,0.6739496041465545,4.8903370832190305
3563,1,0,-0.2663718122068373,0.49732872847456955
3564,1,1,-0.10754386437587099,4.874899633498209
3565,1,1,1.996529865409547,5.305142176518947
3566,1,1,1.4117357024037775,3.5840037031055716
3567,1,1,-0.448501143071121,1.1476610657585296
3568,0,1,0.7030164937297041,5.687945547934623
3569,1,1,0.5902914927240305,2.875439338132604
3570,0,0,1.8673902769791204,2.8026361372361674
3571,1,1,1.8907808052310193,6.751748162220306
3572,0,0,-0.6138014083782966,3.656492489172723
3573,1,1,-0.6314245916767902,2.7872767758613275
3574,0,1,-0.9391082996854234,1.4004222870394682
3575,0,0,0.15792695485048402,-0.36189316333527777
3576,0,0,-0.12184103156849578,-0.06936693635237962
3577,0,0,0.44385101744786126,1.8848520333395593
3578,0,0,-1.7530970958456766,-2.8238731779422723
3579,1,1,-0.45781971660061477,2.2263315137542983
3580,0,0,-1.0550235163579196,0.17882141647273853
3581,1,1,-1.5156462160430175,2.422427308610624
3582,0,1,1.318741989165597,5.621470385231136
3583,0,0,-0.4134610118701304,1.2734482394669888
3584,0,0,0.7329576148694169,0.8102849024489454
3585,0,0,0.5833529602493968,-0.5086269812950532
3586,1,1,1.482512897581898,6.411266369106879
3587,0,0,0.05875527659286564,1.698149647860477
3588,1,0,-0.4816551818960968,0.10678180239423268
3589,0,0,0.6561182187204259,0.7210752021211234
3590,0,1,1.6033827385172856,8.273040539740272
3591,0,0,-0.9328379672703955,-0.595492014254752
3592,1,1,0.17445679955253665,4.195529600732131
3593,0,0,-1.8409008611296904,-0.38682278691556915
3594,0,0,-0.6893656734336908,0.8985621050868746
3595,1,0,-0.33300149946198576,1.2014386714736895
3596,0,0,-0.4649362823616834,0.7215029715412983
3597,0,0,-0.7639383047956063,-1.6137841361251937
3598,0,0,-0.7223080957182334,-1.066513902405574
3599,0,0,0.1234126207902918,-0.9127290847455202
3600,1,0,0.8739454537712351,-1.9006891654593019
3601,1,1,-1.2952496082318443,4.774634393654305
3602,1,1,1.9972193842014527,5.7475072535176155
3603,1,0,0.34027762716880455,-0.8317419211433712
3604,1,1,0.9604436098617923,3.5626866039067924
3605,1,0,-0.58417653152852,0.3598214195159877
3606,0,1,-0.46276095318432403,1.9717248205055369
3607,1,1,0.5877359001581796,0.32561204684775635
3608,1,1,-2.714073416343379,1.9821688936371271
3609,1,1,-0.5496855996563932,4.284967423529629
3610,0,0,2.501722283954732,3.2236592944274634
3611,1,1,-0.42158331293438533,5.104240483543795
3612,1,0,0.533155641536439,-1.2165148317355756
3613,1,1,0.47750137149840227,2.954730807412832
3614,1,1,-2.368446951567325,1.5217758772338552
3615,0,0,-2.1901790369111795,1.4143883436141766
3616,1,1,-1.183842074975054,1.5647266063464054
3617,0,1,-1.4716727546565884,6.940846416618812
3618,0,0,-2.3527289063172265,-1.3572892204745863
3619,0,1,-0.43293120543339414,2.118854882765845
3620,1,1,0.41129969193368715,0.10267856421103438
3621,0,0,-0.2885506982916352,1.5669193998244804
3622,0,0,1.2299402386897136,2.377999735870623
3623,0,0,-0.07453405343394107,2.95585331434013
3624,0,0,0.7733954896995197,3.7306543188837185
3625,0,0,0.7548883447392907,-1.0248738522120604
3626,1,1,-0.5942052054313213,0.8970308457903369
3627,0,0,0.09043645129082974,-0.04046327036555164
3628,1,1,-0.8411173869399069,0.8518824720362328
3629,1,1,-1.1815021719318815,3.2547540341487475
3630,1,0,1.2348500652152974,-1.082678155293394
3631,0,1,0.17189862932756836,6.591183119058531
3632,0,0,-1.4905565237467469,-1.1860983527579971
3633,1,0,0.8538405608179471,-1.7227805255251187
3634,1,0,0.3554349837000739,-1.6718816986930298
3635,0,0,0.9010242076376092,3.159133869703475
3636,0,0,-2.3984652490730904,-2.3491403645214275
3637,1,0,1.177199732744667,-1.960230750542255
3638,1,1,0.6655740048904204,4.918681821306942
3639,0,0,0.6303652653148956,4.582918636141945
3640,0,0,-0.6960055648583406,-1.611822057316177
3641,1,1,1.7065114231227523,6.648420795546516
3642,1,0,-0.1482632578543643,-3.254937485124726
3643,1,1,-0.7601904763302891,4.150048857044887
3644,0,0,-0.7154448126352709,-0.2652767438375068
3645,0,0,-1.2039629238435723,0.2514325559964852
3646,1,1,0.7262753748885367,2.451525800808615
3647,1,1,0.23481682054756695,3.573221927308822
3648,1,1,0.20830192782862295,4.450772497386483
3649,0,0,1.1168505597345793,2.831518884013269
3650,0,1,0.4598690198449018,4.115496394914405
3651,1,1,0.6977563339515288,3.7003011543787223
3652,1,1,-0.11596274648629674,3.972333263041431
3653,1,1,1.3449371341173975,5.094090357696251
3654,1,1,-0.8505516947546795,5.695344943179635
3655,0,1,-0.8302435056802114,3.9458084192764917
3656,1,1,-0.33485622437202156,4.824225633133793
3657,0,0,-0.29587848155878843,1.5970915337815683
3658,0,1,0.5402785613707181,4.8585880128574965
3659,0,0,-0.4768600535746625,0.31115934918109944
3660,1,1,-0.577358215583326,3.449538101632861
3661,0,0,-0.16846037039371953,-0.18962955563523906
3662,0,0,0.0754747009378321,-1.2658426885646152
3663,0,1,1.1743438346064103,4.742098955664216
3664,0,0,-1.1499890080494783,-1.7143031380541967
3665,0,0,-0.2843419916654302,3.901956908824333
3666,1,0,0.8611418801270617,0.847179224288896
3667,1,1,-0.30914443055728547,4.357497618097297
3668,1,1,1.8946748671909506,3.6865815644680437
3669,1,1,3.40120342084721,5.119961623218499
3670,1,1,-1.4621731300565433,4.421020935745225
3671,1,1,-0.09479385173485529,6.791229107755786
3672,1,0,1.4545320997301239,0.22221978907029633
3673,1,1,-0.5304766100581016,5.983291536754578
3674,0,0,-0.6316192210704777,1.4060413364422841
3675,1,1,0.2642459125617282,5.302838920903147
3676,1,0,-1.0974737837595392,-0.45713300328566575
3677,1,1,-0.1536800497457869,4.417017805798538
3678,0,0,-0.3285555277505293,-1.0081345728456117
3679,0,0,0.0015161101940715856,-2.887048718366389
3680,0,0,0.18882757219550536,-1.6117387894532755
3681,1,1,-1.0984735003991692,-0.4435860221192103
3682,1,1,0.8334580143116099,4.162365376580565
3683,1,1,-2.01796801931789,2.577544101779768
3684,1,1,1.2771488284053327,7.607858365637614
3685,0,0,0.2729679906675499,-0.8017740444345796
3686,0,0,-0.5770219750587617,1.7677117752017075
3687,1,0,-0.4999821691355434,-2.7581613225401544
3688,1,1,1.4037403686511027,6.006870393835726
3689,1,1,0.4065885394565705,2.6564389467212854
3690,0,1,1.47251219391701,5.780081765561359
3691,1,0,0.06523664649416844,0.7433018062556498
3692,0,0,-0.18751309073546749,0.11826140964850196
3693,0,1,-0.5125017882602207,6.049183959398292
3694,0,0,-0.7046896209135654,4.937331900476769
3695,1,1,0.9049892782370236,5.77611417368704
3696,1,0,0.6210062463605183,0.9434214584645934
3697,1,1,-0.327774918171246,2.3231476729714684
3698,1,1,0.02697143902043749,2.7155398781778537
3699,0,0,0.6369334525122006,1.5171699369037452
3700,1,1,-0.6817285821321167,1.419966033051483
3701,0,1,-0.3014775216875651,3.0857786738839
3702,0,0,-0.10383316839638436,-0.38929760678910164
3703,1,0,-0.08081292754222938,-2.074138219589808
3704,1,1,1.812583770747638,3.9750664707683887
3705,1,1,-0.3543140203066223,2.4634086554745496
3706,1,1,-0.7286062931523184,4.517290677949511
3707,0,0,2.025479548958028,5.040375147220743
3708,0,0,-0.6891238962694375,-3.216694710959789
3709,1,0,-1.0543289570942207,-0.37017643508771403
3710,1,1,1.0701010924210905,6.387415295296717
3711,0,1,1.1504518848663774,3.8397439744654767
3712,0,0,0.3443530941938919,0.3205341655437355
3713,0,1,-0.07011296288092009,4.9320774601782205
3714,1,1,-0.3057788067556384,2.428321063763554
3715,1,1,1.2821531269219892,2.843835768748219
3716,0,0,0.19149326273957207,-0.32664485729159237
3717,1,1,0.6750112152428037,4.494580774889811
3718,1,1,0.5971555336001886,3.0783345107425006
3719,1,1,-2.104254571857341,1.865600597762357
3720,1,1,-0.04125424051849448,2.8484311800422493
3721,0,1,0.7471529955751572,3.4559402616989976
3722,1,1,0.07609804167182642,2.9023637177381825
3723,0,0,0.603388084044363,1.3674994438560348
3724,1,1,1.0692824156789031,5.244112802991779
3725,1,1,0.5052550486332826,4.084794665625525
3726,0,1,-0.6720672965486215,3.2740367432850417
3727,0,0,-1.2251705892897673,-2.4525403848505363
3728,1,1,0.42725696201457036,3.684427785545726
3729,0,0,-0.1271220956003402,-0.5640200082171634
3730,0,0,0.7633503269201898,-1.234999817204734
3731,1,1,-0.43335572244620324,2.1246668908642112
3732,1,0,1.340973263382999,1.3713743920205856
3733,0,0,-2.598989021563995,-3.4067336656105125
3734,0,0,0.913199336643412,-0.35986940286222535
3735,1,1,-1.4929474019612117,3.4564830819378276
3736,1,0,-0.2944471298732024,-2.025811755859485
3737,1,1,-0.839277170014647,2.4810386424945694
3738,0,1,2.017476337426015,6.4174023889840734
3739,1,1,2.057655013842413,3.792581050221751
3740,1,1,0.5654324521285542,5.20114764896487
3741,1,1,1.9966598418287358,1.9784893317166947
3742,0,1,2.4146044424683573,7.965599164001215
3743,1,1,-0.6232502426573936,3.532594658381197
3744,0,0,1.196557288994699,-0.3543093991275885
3745,0,0,-0.16055716790484525,0.489910054803121
3746,0,0,-1.8384924748698184,0.18839396189379023
3747,0,0,-0.2187255169415805,2.588160867401311
3748,1,1,-0.09114544192773619,4.303214519684984
3749,1,1,2.670972975064662,8.45365439770001
3750,0,0,1.4077218499976911,4.929074349447195
3751,1,1,1.300242790302519,3.210619887475514
3752,0,0,-1.7663533996077974,-1.8983199918799425
3753,1,1,-1.1419929446813828,0.8295935016435658
3754,1,1,0.319512587855097,6.6947685682570315
3755,1,0,0.12024226582360742,0.02435593140507064
3756,1,1,-0.6935999352972705,1.4768352327779137
3757,0,0,-0.6601896528618888,-0.7173141830229143
3758,0,1,1.1125647286025737,4.346721114588405
3759,0,0,0.9946066600414505,1.2907736814590165
3760,0,0,1.0066835126311333,1.1850219792125614
3761,0,1,-0.7406825675173242,6.252181807055762
3762,0,0,1.5704198786623165,0.5449046900142989
3763,0,0,0.4326994614595024,-0.3310031122630531
3764,0,0,1.1564661487963628,1.8134905473556011
3765,0,0,-0.10253479297268005,0.9745019022817242
3766,1,1,-0.5433094424896497,1.6445458606477743
3767,1,1,-0.5163341331124663,4.653889422304091
3768,0,1,0.3570272670605432,9.79615440952857
3769,1,1,-0.010872558446843756,3.512069686456332
3770,1,0,-1.3038323497470983,-2.346824577444534
3771,1,1,-0.22869429133621116,3.8115016347447335
3772,1,1,2.2340863459688776,4.1645013858654005
3773,0,0,1.059788386426157,1.9093953633388725
3774,1,1,-0.7782356454005137,3.6278988006924022
3775,1,1,-0.670544548687752,0.5472960394858948
3776,0,0,-0.9316557325100434,-0.43030488382094617
3777,0,0,-1.679820954808576,-0.1805065519882587
3778,1,1,-0.2513991363846788,3.987545152307774
3779,0,0,-0.6360439375351448,0.6101041373547379
3780,0,0,0.007001437972480504,1.042435558477508
3781,0,0,0.6245333998842291,0.6103292924765423
3782,1,1,3.694106427063248,6.830431719572313
3783,0,1,-1.216509203704579,3.3421216225427433
3784,1,1,-0.30161212067389565,0.5237772908285581
3785,1,1,0.823365678993351,4.322201529783953
3786,1,1,-1.107832119927812,2.346769866695689
3787,0,0,-1.1470944225147626,-0.1098559504955241
3788,0,0,-0.36959377818072986,1.6949279250371474
3789,1,0,-0.09289043650782827,-2.6397867991034287
3790,1,1,0.18738928161259932,2.9872724538763427
3791,0,0,0.46842516960451597,-3.2019613904628077
3792,1,1,1.1624386447648591,4.112389379204634
3793,1,1,-0.4543165340571903,4.066169226995688
3794,1,1,0.5697870146059585,4.754309219118618
3795,1,1,-0.2233048090578993,6.159665074474645
3796,0,0,1.1563825422071807,0.917927137656675
3797,0,1,0.2614533174580421,4.2032229109985195
3798,0,0,-1.304355971110997,0.38400431172875493
3799,1,1,-0.6917409105935198,1.818619607369309
3800,0,0,-0.21135004988335646,0.4182785824349192
3801,1,1,-1.5433035282874707,0.26475451496737135
3802,1,1,0.39393233873699024,4.048135526181795
3803,0,0,0.05190550792375926,0.5935803455056636
3804,0,0,0.15124738617377403,3.571849880732721
3805,0,0,0.34492779552865876,0.2563592285368188
3806,1,0,-1.413726981622964,-0.06107887161689507
3807,0,0,1.6549512033512463,6.153945668292654
3808,0,0,-1.2220921286678903,2.178389089981208
3809,0,0,0.5234096068776286,-1.0596530999411509
3810,0,0,-1.0222155715776993,0.787900774390173
3811,1,1,0.05414706223576839,1.6898543699023991
3812,1,0,0.5411436143777245,-2.867641512611299
3813,0,0,-0.2953590453977023,-1.3012638527641722
3814,1,1,-0.26752804882882264,1.0975159869954436
3815,0,0,-1.0162221929108028,1.729094185288551
3816,1,1,1.632764543996387,5.964384351544229
3817,0,0,-0.23430058229285422,-0.8395581716997679
3818,0,0,0.24654259410376808,2.129829235301333
3819,1,1,1.3316272850954176,4.0986867932151725
3820,0,0,1.631927742642885,1.0452480465057992
3821,0,1,0.817825732320938,6.302983052335905
3822,1,1,-0.9372942651059006,3.6508316742044147
3823,1,1,0.24792264742516423,1.3872115757401644
3824,0,0,0.2113620928535933,1.8917422192434268
3825,1,1,-0.04254200233282203,4.064897473746973
3826,0,0,-2.019818792554694,-0.0030491901308951075
3827,1,1,-1.6113804343954594,0.31246790833397675
3828,1,0,-0.012412920388400908,1.396201737578651
3829,0,0,-0.32383195081233085,-0.8263802345916688
3830,1,1,-0.4088663071059417,1.1196919315290057
3831,0,0,0.6960806314535994,-1.5632469397856998
3832,1,1,-0.7144147258464927,2.6094951337264587
3833,0,0,0.20355320156973786,1.7228886358170734
3834,1,1,1.8949233050772962,5.775054918175691
3835,0,0,-0.8122982728988747,-1.3093133095603542
3836,0,1,1.1488039127571292,1.2635229184030656
3837,0,0,-0.7472368059588683,0.9561804126618143
3838,1,1,1.8890300652727203,5.893885089731509
3839,1,0,-1.0404064592075777,-2.3450518711325694
3840,1,1,0.892029931991461,3.929674558512859
3841,1,1,-0.8740287213694653,2.1051902148791113
3842,1,1,0.5235726810169514,2.656660650029682
3843,0,0,-0.35643658265111566,-0.35589538714853486
3844,0,0,-0.9276120571299764,0.016693635546337376
3845,0,1,-0.36093464713712753,5.737163494664376
3846,0,0,-0.15155420486201604,-1.2639496718994443
3847,1,1,-1.5339926582875691,1.5423755753956363
3848,1,1,-0.2606050480660193,0.7707553155601585
3849,0,0,-1.8759742312927083,-0.9454954597746404
3850,1,0,-1.358813756616624,3.330130679414199
3851,1,0,1.3597466699498442,-0.21867240864783216
3852,0,1,-1.0242185958919752,4.877439793992024
3853,1,1,0.9357301231403672,5.593461433246399
3854,0,0,0.012223452645901961,0.45863586876572243
3855,0,0,0.774391192538199,1.9226068728829482
3856,0,0,0.4531862144511301,-0.8248352284498967
3857,0,0,0.2182507275907919,0.6471402172583445
3858,0,0,0.42459201620944365,0.04755918785621005
3859,0,1,-0.5012768344615559,4.333329034327255
3860,1,1,2.4952521416254383,3.33281905493382
3861,1,1,0.8704931738379394,2.9044249986471056
3862,1,1,-1.2058675121456384,2.4384211580566455
3863,0,0,0.0857463675736554,0.8059926155948933
3864,0,0,0.270724825583094,-0.6996241175672344
3865,0,0,-0.09226916943772114,-0.4426787305815312
3866,0,0,-0.11341919272372913,0.1681442180962543
3867,1,0,0.9502509986918745,1.455126647540351
3868,1,1,0.02992185015657276,2.274845133672847
3869,1,0,1.4764093050836862,-0.012338757739817408
3870,0,0,-0.5687020668096815,1.21292546248195
3871,1,0,-0.9187687810062168,-0.4262773490403151
3872,0,0,1.4177603922378632,0.7743840110891617
3873,0,0,-1.1824831319691242,-1.9876540466369086
3874,1,1,-0.43131991860607743,3.958535933961859
3875,1,1,-0.10605988801865666,2.1194475404342437
3876,0,0,0.3718367307102363,-0.3998869214713553
3877,0,1,-0.30055292174468773,2.4950285000151915
3878,1,0,0.2425381540574883,-1.0058784371366123
3879,0,0,-1.150727673221195,0.06128045105427704
3880,0,0,-0.8577387771684822,-3.2441028555592326
3881,1,1,2.0066875259886303,3.9173521624193195
3882,0,1,-0.04260447114397746,7.890958760838453
3883,1,1,-0.2467234928201151,3.1547464810695214
3884,0,0,-0.7188966309320693,-0.8534325260056455
3885,0,0,0.4389336293464352,0.9769622465017233
3886,1,1,1.8282484659479987,4.048514432018058
3887,1,1,0.4743393952885777,3.471476078365728
3888,0,0,-0.09710003366813176,0.45086781133720366
3889,1,0,0.23642669199566976,-1.9923018103603094
3890,0,0,0.7842946217899304,3.8284884775134342
3891,0,0,0.32827496403494155,0.3261756381572435
3892,1,0,1.4151716733051989,2.7924753400972
3893,1,1,-1.9484288925238966,0.5368063745138218
3894,0,0,-0.7518197847988219,0.29187923935341503
3895,1,1,-0.15240479015659217,4.591833331926559
3896,1,1,-0.40133748527258006,4.061957547041546
3897,0,0,-1.0235500183108273,2.622588364706118
3898,1,1,-2.8011532874142087,0.5689006258670783
3899,1,0,-0.3700934258282717,-0.15710453993106765
3900,1,1,0.3307680519752301,2.5180083134950086
3901,1,1,-0.48035243555277113,2.738263892795648
3902,0,0,-1.9544464335527822,-1.4637295928275913
3903,1,0,0.48047882628688654,-0.34495502722437
3904,0,0,0.30920675822587296,0.6502754275976903
3905,1,1,-0.32267412769881915,2.364616946332695
3906,0,0,0.6111788958956692,1.8473612863758722
3907,0,0,-0.7144748451132079,-2.291431871906729
3908,1,1,-0.7493011426537413,1.2628345772006722
3909,1,1,-0.20135388645917793,2.8053724687396735
3910,1,1,0.1701789602485544,5.11438135469014
3911,1,0,-0.0098228218425649,-1.7455691672452471
3912,0,0,-0.5481189748094063,3.230068181250698
3913,0,0,-0.9187283115528778,-3.226488407374489
3914,1,1,0.1695826871095233,2.791263644091065
3915,0,0,1.2019922425655052,-0.16982238276634298
3916,1,1,-0.04638028620971507,2.934786468423243
3917,0,1,0.7967865726174532,2.977288902335501
3918,0,0,0.8526651901141985,2.3690121065476126
3919,1,1,-0.9742297214739324,2.0569945819783
3920,1,0,1.1250132125008758,0.6183868719482557
3921,1,1,0.5603399898330959,4.176703078369498
3922,0,0,-0.8730578614554241,2.5038682005886024
3923,0,0,1.314464532163528,0.0013900024008037803
3924,0,0,-0.1009446671105717,1.36235370792503
3925,1,1,-0.20033176347488763,1.5411998519468482
3926,0,0,0.9811403125249358,3.2422914182481755
3927,0,0,0.09400758041667513,2.098115633872499
3928,1,0,1.1437759731342179,-3.9027527449168207
3929,1,1,0.8123348158046798,3.7929157607626967
3930,0,0,0.14781646544718408,1.1949443073026196
3931,1,1,0.22179910493242114,2.720043528792929
3932,1,1,1.7668008310936503,4.69164316870167
3933,1,1,-0.16126003926691496,0.8438030993779391
3934,1,1,-0.10325836226649078,2.450117131788526
3935,0,0,-0.24276711254096045,0.3968584522819526
3936,0,0,-0.0985992515786776,0.1134483944382656
3937,0,0,-0.15911094343714757,2.014471381309959
3938,1,1,3.053346009795923,3.696148954745902
3939,0,0,0.4100802996830834,0.7582236758428792
3940,0,0,-1.594233445343656,-1.0435490806730519
3941,0,0,-1.308649753964984,-2.6371159468412344
3942,1,1,0.5677881474163772,4.256768070637401
3943,1,1,0.43841029310484547,4.254454420247387
3944,0,0,0.4648817486890721,1.3369255587025854
3945,1,1,2.3204419416311635,4.93159863856164
3946,1,1,0.6938121038921813,3.5724065736623807
3947,1,1,0.4467130117166788,6.27188732677384
3948,1,1,0.6724660511801235,1.9039674190519333
3949,0,0,-0.572459370331443,-1.1459177834675098
3950,0,0,-0.41908462748419684,-0.5220937749385438
3951,1,0,-0.3585519977574297,0.9111661562995456
3952,0,0,-1.4692847596018392,2.4487846630768564
3953,0,0,1.0473766374816609,-0.04205471539835204
3954,0,0,0.9171631827717327,0.5059829240958827
3955,1,1,0.5132913800898828,5.371172034983527
3956,1,1,-0.379712038909379,2.8244338712524577
3957,0,1,1.5283071495179656,7.728924288610278
3958,0,1,1.3388283370254372,5.026209311013523
3959,0,0,-2.5474760673330854,-0.8803322080315692
3960,0,1,1.573773331038859,4.615353380430696
3961,0,0,1.632347766203516,-0.4384404089322953
3962,1,1,-2.152114110617514,0.92744932487275
3963,0,0,0.9593346499860982,-0.1460146954959961
3964,0,0,0.7294258356744499,1.4031204839542735
3965,1,1,0.7529374491213497,5.28820889277873
3966,0,0,0.9332482362319419,4.133424143311503
3967,1,1,-2.1517871210077004,0.938868845589989
3968,0,1,-0.07300989275235849,5.743918019525436
3969,0,0,-0.5726844854229043,0.528920357885797
3970,0,0,-1.289565072042351,1.4156770196654587
3971,1,1,-1.7855189361231891,4.081515733229382
3972,1,1,1.267385655468188,2.283323233646276
3973,1,1,-0.2114591329554868,2.5644167155921718
3974,1,1,1.0051025288936988,1.819373033663852
3975,1,1,-1.248255720367145,3.803347268442925
3976,1,1,-0.42107339435538893,1.6829633479570973
3977,1,0,0.501296261400875,-1.4081391895501751
3978,0,0,-1.265401723216114,0.7037954532168534
3979,0,1,0.27365277362939094,6.604483379045915
3980,0,0,-0.7180151609440614,0.2486995837626078
3981,0,0,-0.8440487631666482,0.5526057938707829
3982,1,1,-0.19389918043064241,5.217635067808903
3983,1,1,0.8145725558077949,3.6100226057122664
3984,1,1,-1.1536378568511396,4.238590758516019
3985,1,1,0.373408747840155,3.3455043621262885
3986,0,0,1.2193514066459128,2.3175958915177546
3987,1,1,1.7793650935851906,3.8329610062285298
3988,0,0,0.04510980849746432,0.9957582253079883
3989,1,1,-0.3355092786477023,1.0373274813343496
3990,0,0,0.37935388333879955,-0.1764549307850318
3991,0,0,0.4814120131080099,1.2806865584107097
3992,0,0,0.5714647628701801,1.12714712939238
3993,1,1,-0.832516304052404,4.132901640446838
3994,1,1,1.4054885244724287,4.717468600046844
3995,0,0,-0.3310678727452765,1.907650327069084
3996,0,0,-0.9681147305587032,-2.200195091074734
3997,1,1,-0.24404017832769853,7.334614703435439
3998,1,1,-2.298248734490254,1.0090564625396976
3999,0,0,-1.2689072937652903,3.207030709514658
4000,1,0,-0.10387250623220701,-1.5855258491650066
4001,1,1,0.2796117749102208,2.494350115069449
4002,0,0,0.6220911830848836,0.3656311717727575
4003,0,0,-2.007638532549309,0.5815914796988486
4004,0,0,0.6495490514750962,-0.2153763972996946
4005,0,0,1.496661797665632,3.9154191100143505
4006,1,1,-0.2753488728146707,4.197692602615021
4007,1,1,-0.13473642633062183,0.43988691246869616
4008,1,1,-1.0561644724881591,2.9454228731008185
4009,1,0,0.21360940386249666,-0.004326815589836386
4010,0,0,0.3624784290065161,-1.2348687336267214
4011,1,1,0.515003391586229,4.588142607636438
4012,0,0,-0.7703452979151213,0.36836016757472334
4013,1,0,-0.002017091567118775,0.5192279050338273
4014,0,0,-0.7342205954141707,-0.06935430927253142
4015,0,1,-0.32474045850827227,3.6932893384479146
4016,0,0,1.2109527477482143,1.8509066935392662
4017,0,0,-1.5454556879845045,-0.7261093676060949
4018,1,1,-1.3513532107120791,-0.49030268195583027
4019,0,1,0.2535246012189172,4.513271787496199
4020,0,0,-0.004995315965164697,3.0843298555860983
4021,1,1,-1.6887224410495472,3.6795283835857955
4022,1,1,-0.6082004025104788,0.1500546607038975
4023,0,0,-0.265767001826675,0.5737150951324543
4024,1,1,1.0850480579457613,4.709938105177237
4025,1,1,1.4185174347830791,6.354861131480763
4026,1,1,1.1292487824051796,4.481478767000948
4027,1,1,0.48545654928844856,3.665435288079846
4028,0,0,-0.3779385570056207,1.4201326816879092
4029,1,0,1.2809292355670467,-2.6106458631393568
4030,1,1,1.1115696478259725,6.086852328704584
4031,1,0,2.6295506958196126,1.1879090223923943
4032,1,0,0.19529857169475687,1.1107920100520554
4033,1,1,-1.1922313630579255,1.7856675038473966
4034,1,1,1.1807480932565035,3.846894520545955
4035,1,1,-1.961144684611425,-0.645204695637378
4036,0,0,0.19662215337869224,2.113303641210919
4037,0,0,-1.5780433386617776,-1.1025988154394026
4038,0,0,0.1237700294533209,3.905206386398823
4039,0,0,-2.2876258462287775,-1.1576386827882224
4040,1,1,0.229097391335986,1.748520167165857
4041,0,0,1.1869349038714359,2.0731056617993087
4042,1,1,-0.33245035390941835,1.7572818630870155
4043,0,1,-0.029619139109789007,6.048809646668678
4044,0,0,0.31409388473347316,-0.335086179255736
4045,0,0,-0.6546211126180437,1.182689292366916
4046,1,0,1.3855021764885274,-1.7784409864960062
4047,0,0,-0.9946200251247446,0.12380654309113748
4048,0,0,-0.694093885849648,-0.17546274532789763
4049,1,0,1.899274725734933,4.023263693865233
4050,1,0,0.8032087648271844,0.8072174336297345
4051,0,0,1.2879366559354357,1.921306020175561
4052,1,1,-0.1317554988834037,2.172140576712711
4053,0,0,0.3445760616524911,0.276386442330235
4054,0,1,-0.005261191747299065,3.7112458430958375
4055,1,1,2.0087824190378676,6.056711324856038
4056,0,1,-1.074026848516475,1.790698344168458
4057,0,0,-0.007130145880617477,1.1681473665272024
4058,1,1,0.09334636325732484,1.5505054405681995
4059,1,1,-0.30962112838101635,1.870030517380334
4060,0,0,0.15290851932212002,4.004160675910025
4061,0,1,-0.9891173090539281,2.829007092011022
4062,1,1,-0.3053981846257078,4.488462151529179
4063,0,0,0.26805673558892557,3.239972995032762
4064,1,1,0.3980762057850463,3.8044291864846045
4065,1,1,-0.007902559293590721,2.535783178234886
4066,1,1,0.9783232720653293,5.975864644820236
4067,1,1,-0.6152427030762577,5.987489322568749
4068,1,1,-0.01404838199609713,6.263159170262071
4069,1,1,-0.022156389562232797,1.4303655901056977
4070,0,1,-0.4851302630052399,3.2980320217281167
4071,0,0,-0.09134890979977373,1.0429649739837552
4072,0,0,-0.5315446850216955,-0.048808135549052
4073,1,1,-0.821375737329656,3.9399337232260017
4074,0,0,-0.718807640315591,2.4576555164322693
4075,0,1,0.05678031090734804,3.5302115775544762
4076,0,0,-1.1449857306181013,-0.5935909118776403
4077,0,1,0.11101812090075644,4.170182765934973
4078,0,0,-2.1837782371516745,-1.1027483384352879
4079,1,1,-0.691006641552183,1.3583719883485044
4080,1,1,-0.1743125816817713,3.8605122400319405
4081,1,1,-0.20244118205539668,1.4877508882249897
4082,1,0,0.052336188315888515,0.45739585662028504
4083,0,1,2.0909058196975945,6.848688322270448
4084,0,0,0.4413743530661133,1.9233778194355486
4085,1,1,-0.022824530945070583,6.577065571273718
4086,1,1,-0.6471885268032728,2.5998609908402894
4087,1,0,0.8124259585125401,0.6227521573705858
4088,0,0,-0.31895311304686164,1.2047524543379762
4089,1,1,0.010747251451381192,1.3754614235194746
4090,1,1,1.7619578505530618,5.637471055726625
4091,0,0,0.6390963573106365,-2.203229753090194
4092,1,1,0.8363403598960861,3.2170940046634793
4093,0,0,-0.48103706629253395,-1.3206122786066534
4094,0,0,1.3778657551374183,2.9857142188355636
4095,1,1,-1.1539902095536816,2.556425295715767
4096,1,1,-1.7560088941741112,4.813962528493203
4097,1,1,0.8973986585954828,3.7188217567166673
4098,1,1,-1.1306773683914555,2.0692754684948937
4099,1,1,1.1471597073038695,6.192009717015638
4100,1,1,0.5881139286354617,2.915846438235872
4101,1,1,0.26394165612912746,2.841379188933372
4102,1,1,-1.242807088042646,1.6879458686152407
4103,0,0,-0.6535222561875251,-0.20271358133367434
4104,1,1,-0.25683567821592584,6.233230799005471
4105,1,1,-0.33665995259333914,1.9867717940164473
4106,1,0,-0.2085538313291892,0.2178064602763539
4107,0,0,-0.7363279446220135,0.6838934154434391
4108,1,1,0.14958750503085616,4.450273496239438
4109,1,0,-0.5297496480201223,-2.3778887003974347
4110,0,0,-0.3702175099718058,-3.9581176830470586
4111,0,0,-1.8372880300575527,0.4323443564891548
4112,0,0,-1.3812692761842837,1.170777333106272
4113,0,0,0.41413708350565687,-0.7882333452114951
4114,0,1,0.8301380323228199,2.762268964805263
4115,1,1,-1.4776674163180339,3.4283452545849755
4116,1,1,-0.7455364028123046,2.192056967104631
4117,1,1,0.5940983148514636,5.5039751537520765
4118,0,0,1.2361882092425822,0.0923296301625523
4119,0,1,-0.4642983050915308,4.072384283441249
4120,0,0,-0.27816483641997775,0.4989991771498979
4121,1,1,-0.8352266655436493,-0.186849376540009
4122,1,1,-0.893174178848762,2.820981879846315
4123,1,1,-1.0345805738129061,2.8124448423351214
4124,0,0,1.4091989616962994,1.7265822284001275
4125,1,1,-0.014741836633836275,6.040478342769792
4126,0,1,0.708628926876499,4.863623006153041
4127,0,0,-0.5229251084349243,0.7888412321084897
4128,1,1,0.057289799155640815,4.656278978569441
4129,0,1,-0.9942513940475148,3.4377891844273467
4130,1,1,0.8031337865264192,3.125120580797786
4131,1,1,-1.3338036632589938,4.418930727193831
4132,1,1,1.0273557813008793,4.835276222659353
4133,0,0,1.5865144813647916,-0.9725247092293048
4134,1,1,0.8592979536893053,4.900429443982869
4135,1,1,-1.7559682060492914,0.27328418564077706
4136,0,0,-0.05765985458952768,0.641477636192103
4137,0,0,1.058654401369956,2.294443969030668
4138,0,1,2.7251173288198283,7.657675900558867
4139,1,1,0.14601777952520806,4.739155932375258
4140,1,1,0.18000173440605696,0.9153952604024709
4141,1,1,-0.4193690382869784,1.7601719896483599
4142,0,1,-0.3594766226117842,4.150948826414472
4143,0,0,-0.8929535139883593,2.3907527615140003
4144,0,0,-0.04663327913148852,-0.3130433286036167
4145,0,0,1.1740612663843049,0.13502418904348046
4146,0,0,0.29257046292396444,2.3518595193186083
4147,0,0,-0.3679674668566498,1.660391455768122
4148,1,1,-0.36688399380049347,3.4399173316139278
4149,0,0,-2.2571353864721275,-4.593043840347956
4150,0,0,-2.002590407163878,-1.8253348267172878
4151,1,1,-1.103377880875275,1.8163516098187282
4152,0,1,0.3980016133625279,3.6776743344873983
4153,1,1,-0.16981134392526184,3.8921342191232613
4154,1,1,-0.19945945196570652,4.3718240312540715
4155,1,1,-1.7013329253299818,0.43109909815335734
4156,1,1,-1.0238182784974423,3.633762704144589
4157,1,1,0.8672136542186673,3.6498198035982705
4158,0,0,-0.3048125991780018,0.33870501402139797
4159,0,1,-0.6971906613401996,4.085325905951998
4160,0,1,0.27677213792148886,5.74173783731082
4161,1,0,0.09317780475155303,0.3586464880756617
4162,1,1,-0.10809074037203463,6.633776924356312
4163,1,1,-1.5533826570690257,2.7479326113676823
4164,0,0,-0.09795264263563758,0.017853429684862143
4165,1,0,-1.664786130393225,-0.5223143587344123
4166,0,0,-1.1733757213450267,-1.0224547697586888
4167,1,0,-1.2019652223373296,-0.9846426749998362
4168,1,0,-2.119936764255452,-2.8596405154456437
4169,0,1,0.128220749828621,5.18379943282625
4170,0,0,0.19370800363930027,2.328983385994209
4171,0,0,1.3205790297791449,-0.7099471203733367
4172,1,1,-1.47803543943473,0.9746581424937075
4173,1,0,1.4434044095670906,0.5943055441776173
4174,1,0,1.9780689438906103,-0.02856012620755119
4175,1,1,-0.4717235321268254,4.604118668270245
4176,0,1,0.929580538032876,7.576705466836111
4177,1,0,-1.9982540499485213,-2.0412883699386146
4178,1,1,0.05691665609584682,2.2967047533677856
4179,0,1,1.9732560066124987,5.382065189268532
4180,0,0,-0.05961789779665874,-1.5412919964381817
4181,0,0,0.44603004280824304,1.9486189063223245
4182,0,0,-1.6219336185720472,-0.27636683211707647
4183,1,1,-1.3817539239098287,1.8326101232179854
4184,1,1,-0.7521127413289355,4.344293279738743
4185,1,1,-2.3032747337823793,-0.0011382697960717891
4186,0,1,-1.1000261325975214,4.513007043185155
4187,1,1,-0.4717987181076177,4.525173981028673
4188,0,0,-0.009921787362791127,0.5681281431152126
4189,1,1,-0.06813621259878083,5.766078209123366
4190,0,0,-1.152953011512497,0.6107659009182349
4191,1,1,-1.9766792147294463,1.8166972591109236
4192,1,1,-0.6417024417927634,5.712547444156774
4193,0,1,0.6054845463587214,4.118993335878544
4194,1,1,-0.23648376572601085,3.5436756748625915
4195,1,1,-0.7500758244348897,2.0388755756636736
4196,1,1,-0.6554413504806358,2.0778282433663415
4197,0,0,-1.0712578378440119,-2.4439000914270297
4198,1,0,0.17804522891749067,1.854266577876914
4199,1,1,1.1565170684140968,8.917170497323907
4200,1,0,1.8978566972222746,-0.3832853183008218
4201,1,1,0.19549878242266808,3.732985831659641
4202,0,0,-0.47406083214635164,-3.1934406297531446
4203,1,1,0.5951735419036293,3.664697101024438
4204,1,1,0.07190360688529382,3.231708292462052
4205,1,0,-0.8128627593881396,-3.0302848504300055
4206,1,0,-0.4422559185173477,2.853135621815562
4207,0,0,-0.9108077584875068,-3.4660547380572417
4208,1,1,-0.985666516824633,-1.0739063540918474
4209,1,1,1.1130427740873314,3.568734841893227
4210,1,1,0.8910343663869007,3.441055225723722
4211,0,0,1.4000814862236246,2.7378574670751097
4212,1,1,0.1823095755560235,5.256455503322014
4213,0,0,1.1424020392087584,-1.2968928760384228
4214,0,0,-0.2587545126054685,0.5552586120175618
4215,0,0,0.47873821950363515,0.9545469267130897
4216,0,0,0.5299455182357101,1.621394927240251
4217,1,1,0.5459269558314234,3.2017840371888373
4218,1,1,0.6907169334764132,2.488063625268366
4219,1,1,-0.3613746738023932,1.2313087785072965
4220,1,1,-0.40376623543337725,1.7505580322636818
4221,0,0,-1.7476515592639343,-1.1396786662345588
4222,1,1,-0.07877479986891324,2.9834707230202677
4223,0,1,-1.0183283442012097,4.678295616050811
4224,0,0,-0.17360410826261538,2.655147637288705
4225,1,1,-0.7891192283301907,5.145177686430592
4226,1,1,-0.13844729133894218,2.868509783569494
4227,1,0,0.3458384379710744,-0.7853342661120071
4228,0,0,-1.3338174588623062,-0.5517223864831431
4229,0,0,1.5402043092008295,1.7792391595530106
4230,1,1,-0.20027063701606962,1.8972597786302947
4231,1,1,1.2599942563020405,6.3081855446517014
4232,0,0,1.3864608768535365,1.380107909690901
4233,1,1,0.8347177763908779,5.1741025082561585
4234,0,1,0.5301800102550758,2.9238652381167918
4235,0,0,-0.4963932821915566,3.938373818967032
4236,0,1,-1.0157128049716087,6.879241707470957
4237,0,0,0.7676043895706927,0.5498373523348641
4238,1,1,-0.011847143382232616,1.3076968893222691
4239,1,1,-0.9006671034155049,2.105818840292046
4240,0,0,-0.14488000164316375,0.46050233669190477
4241,0,1,-0.4363522314163286,2.347001631036236
4242,1,1,-0.09070373281353493,3.715395892982582
4243,1,0,1.9072921248540597,2.3834342814909846
4244,1,1,0.3718992066010974,1.6147216783572673
4245,0,1,-0.30946503738082476,3.4345555053142336
4246,0,1,0.44190642559188137,5.5630034821291146
4247,0,0,-0.3769809420277958,-0.30088157434447393
4248,0,0,0.9771398596670992,0.2779106305581376
4249,0,1,-1.7445385485763616,2.9758000006850436
4250,0,0,0.9510580288327753,-1.2083711353901192
4251,1,1,-0.7875475599675608,3.5348650670821273
4252,0,0,2.1500333591676917,2.3049868601129364
4253,1,1,1.0087436524806939,1.2670891269930507
4254,0,0,-0.7804540731181591,-2.1474448013411567
4255,0,0,0.7268078020784775,-0.0981883837008124
4256,0,0,0.5265312408017637,1.8778687191213999
4257,1,1,0.5239496062666174,3.6412049874368053
4258,1,1,-0.07665585089791628,3.6418914685374935
4259,1,1,-0.9447489652314505,3.7431978431929083
4260,0,0,0.8625377110725605,0.6703671565402356
4261,1,1,0.43448369176701845,4.457659429412399
4262,1,1,0.37441329659138567,5.201633419029753
4263,1,1,0.734130029317957,4.200579114888582
4264,1,1,-0.957805520960513,2.0328733916844035
4265,0,1,-0.12413942683149716,6.195765851259457
4266,0,0,-0.5924608513060997,-0.4789620738449362
4267,0,0,-0.7787179553537605,-0.15724594693892668
4268,1,1,1.8036474805387923,4.887053419228616
4269,0,0,-0.4253183245225531,0.9225646204732347
4270,0,0,0.5140913273862049,0.3725543947219705
4271,0,0,-1.6032344747541913,2.463075595258085
4272,0,0,-0.3353301884331063,-0.8888961957771202
4273,0,0,0.09569770631966315,-0.35545946872943224
4274,0,0,0.586075311305585,2.7525884770187146
4275,1,1,1.6352887084951921,4.053040481474966
4276,1,1,-1.645695151466742,3.014785913440719
4277,1,1,0.05153678364310949,1.2057858703183368
4278,1,1,-1.3615742308794045,5.261000740429643
4279,0,0,-2.2950384482233592,-0.5648020938690074
4280,0,0,1.4349984510910219,-0.3066990838572895
4281,0,0,0.8071549701027284,3.1575499664297393
4282,0,0,-1.5785089187887549,-0.15426815537711602
4283,1,1,0.40359782820330203,1.5669846229266242
4284,1,0,-1.4190311521710692,-1.331432224068068
4285,1,1,0.36961148629756635,6.0417719071355585
4286,1,1,2.923432591856352,3.711443753182187
4287,0,0,-1.0557290874289316,-0.7904173959252491
4288,1,1,-1.8141705289177792,2.337294201886893
4289,0,0,0.2933278024328846,0.21812759012534355
4290,0,0,-1.6380365490525386,-2.2306689209600785
4291,0,1,-0.46391930235488327,3.2960331991787166
4292,1,1,1.0455377722123624,2.246442355027202
4293,0,1,1.0780502780037424,2.5438918958493693
4294,0,0,0.5174849378569586,0.3457542175757472
4295,0,0,0.3224637602480138,2.821099459244745
4296,0,0,1.134919064418782,2.909491590977813
4297,1,1,-1.3012831023533238,2.438599804636643
4298,1,0,-0.05359365085039701,-2.8018956983432797
4299,0,0,-0.2018966301686751,-0.49852597975376567
4300,0,0,-1.5619275823863257,-1.539271782530154
4301,1,0,0.08826747731902464,1.373687158781894
4302,0,1,-0.1954644606730767,6.5824716018068585
4303,0,1,1.4087386551008112,3.9363239943498627
4304,1,1,-0.878099609264843,1.707345000338856
4305,1,1,0.21217166339577664,5.720176977333193
4306,0,0,-0.8384368748221621,-2.2254775047823094
4307,0,1,-0.5143452556897273,8.042232482639772
4308,0,1,1.4119433693492442,5.126527472373779
4309,1,1,-0.30873998090262306,5.696272233447067
4310,1,0,0.6473393687631587,-1.315075620001851
4311,0,0,-1.5104775868538134,-1.15103481774299
4312,1,1,0.04392524452694695,4.572452717303026
4313,1,1,-0.6327250336050874,1.9613378274814584
4314,1,1,-1.0831961419183456,1.856871476061931
4315,1,0,-0.9866900092482525,-1.0869925301251866
4316,0,0,0.4379153939936967,0.6491986176262168
4317,1,1,0.9139150419059019,0.5491528160099555
4318,1,1,-0.8195579264651878,0.9894874978927883
4319,1,1,-0.5682671139660475,3.519350832535805
4320,1,0,-0.8283426752412643,-2.6989599659463597
4321,0,0,0.9244554253191117,-2.069290936525417
4322,1,1,-0.7218242970200469,6.393058611315731
4323,0,0,0.5663056767843431,0.18401580554693253
4324,0,1,-0.030398919284612212,5.604033234664021
4325,1,1,0.7155056092237162,4.292067212955147
4326,0,1,-0.32474847194557954,3.27099707235827
4327,1,1,-1.165348997244457,3.2634860972650985
4328,1,1,-0.7882510082507316,2.299997214626562
4329,1,1,-1.0968554950222327,1.662876876160988
4330,0,0,0.18038643713047955,2.353671618239011
4331,0,1,2.3962996955736595,8.729435272030287
4332,1,1,-1.3649460262478263,1.4149015207723705
4333,1,0,-1.1044759669889395,-0.5257723048376082
4334,0,0,-0.39763953868236623,0.013254745022849276
4335,0,0,0.017899734952771123,0.7153431886725223
4336,0,0,-0.20715053801114444,-2.565054131408644
4337,0,0,1.0713246847811184,1.6705980237991302
4338,0,0,2.4237307403205324,2.8020863553612756
4339,0,1,-0.2576114331812084,3.525722148362533
4340,1,1,0.5328672169760387,4.825559056145351
4341,1,1,1.2448122080994497,6.639336842415473
4342,0,1,0.09734629771618593,4.8778374599079095
4343,0,1,-0.6233877917282098,2.757466182479928
4344,0,1,0.8704128874376172,5.290648979766681
4345,1,0,-0.11536523729717792,-1.2644865652168946
4346,1,1,0.7253172815865624,2.439164045127926
4347,0,0,0.018818203277200594,-0.3803131255369179
4348,1,1,-0.1504129785150682,2.1994220733719887
4349,1,1,-1.9162879004019022,4.418863101757431
4350,0,0,1.0814154544013823,-0.19996209910806895
4351,1,1,1.0816487404635955,5.522643495492634
4352,1,1,-1.2229786183218774,2.4002745461446504
4353,0,0,0.9858993077572097,1.0650422075786852
4354,1,1,-0.3904312485406124,1.9194089461663295
4355,1,1,-1.0097604046886046,2.208288815789668
4356,1,1,-0.7638189036587747,1.9560347728484457
4357,0,0,-2.0790391599614857,-3.0865496840643623
4358,0,0,-0.18484715934771623,2.188686033463847
4359,1,1,-0.20920339909736785,3.140714338322255
4360,1,1,0.404859103240236,3.9012436652854645
4361,1,1,1.4988508933888156,2.50443472553333
4362,0,0,-0.059289668539633696,4.2493606784942335
4363,1,1,1.0506369566266118,4.7230516769766
4364,1,0,0.02779984586623336,1.330240205068833
4365,0,0,1.308020406478677,1.8315345303029071
4366,0,0,1.4514790209483148,1.2776039921418219
4367,1,1,-0.5367127014219129,1.6993416049042942
4368,1,1,-0.3473271793520465,3.3883520744682896
4369,1,1,-0.2312079540557437,-1.4044929807115487
4370,1,1,-2.0997764893152486,2.4538591162538497
4371,1,1,0.40533200766176264,5.658983023797498
4372,1,0,0.17638702797857075,-1.7239710971992557
4373,0,0,-2.4109018812556013,-1.7816509484985494
4374,1,1,-1.3822529085757338,4.410726060826125
4375,1,1,-0.2490859710666191,4.198046708251506
4376,0,0,-1.497007794288182,-1.571050595882493
4377,1,1,-2.0809095816472265,3.7018809011650236
4378,0,0,1.224697734610095,3.80132161605617
4379,0,0,0.4807531181389405,0.10517807534714829
4380,1,1,-1.5091749501812572,-0.17887340163311238
4381,0,1,-0.3073602054166893,5.018099654533081
4382,1,1,-1.613193161335949,5.677122726508044
4383,1,1,-0.4798553486700956,2.1788719884221033
4384,0,0,-0.24559730423167145,1.3564096430500951
4385,0,0,-1.5214376861871544,1.5616668563759633
4386,0,1,1.4218075746246777,6.134494263663515
4387,0,0,0.6211833821123309,0.9908238878677551
4388,1,1,1.47036043053146,5.5503962331089784
4389,1,0,-1.3572949415530846,0.05400011035843168
4390,1,1,-0.2514470856718622,-0.05660959851790537
4391,0,0,-1.719812716217852,1.0519781118763172
4392,0,0,0.027118335979870446,1.5666733353494884
4393,1,0,-0.2737577684907802,0.4870740363324695
4394,0,1,0.3390377019030296,5.2951289611242505
4395,1,1,-0.09753807474077077,7.3597083677144335
4396,1,1,0.5907217817837132,1.7522901332775844
4397,1,1,-0.33178967850436625,1.7115126521436346
4398,0,0,0.5872290449750325,0.39976513418322984
4399,1,1,0.058138095325413135,6.021781604759768
4400,1,1,-0.07084516712019943,5.360315451740598
4401,1,1,1.317238992912688,4.986424683543522
4402,1,1,0.27335439157500974,3.9204271795526036
4403,0,1,0.71513755125653,6.766566793710966
4404,1,1,-1.206563792406524,2.897884161832699
4405,0,1,-0.5786310608596633,4.535619308590515
4406,1,1,1.2811341490110468,4.4975476800792915
4407,1,1,-1.1418599242542389,4.875574317879295
4408,1,1,-2.5649699222875197,0.3296840410475237
4409,0,0,-0.08753617436375505,2.6019316366458276
4410,0,1,1.3789294536420453,3.84180280504123
4411,0,1,-0.3684788118906293,2.4339115730802297
4412,0,0,0.06430642801867141,-0.15028453284462218
4413,1,1,0.011679662504836322,2.4148412820772016
4414,0,0,1.153503933473413,1.2969462822537636
4415,0,1,-1.264770996357621,5.783703555629509
4416,1,1,0.4745193605773128,1.3465381884952603
4417,1,1,-1.0269402110808648,0.9551216048296598
4418,0,0,0.23247386454648838,0.7689840041040218
4419,0,0,-0.033289586282889874,1.5240636113470658
4420,1,1,1.0173685992025645,3.2338004223128047
4421,0,1,-0.8233361860529775,4.5417636602232
4422,1,1,0.3482236250422447,6.9595504390283
4423,0,1,-1.2636806900881317,3.9707710186094265
4424,1,0,-0.11536391441557522,2.8046504822985403
4425,0,0,-1.3158893820348911,-2.484583196010943
4426,0,0,-0.16383334399417887,0.09462351471189906
4427,1,1,-1.405911490991791,1.1742711455835175
4428,0,0,2.4805492978832997,1.9779213747113262
4429,1,1,1.5877325786238339,3.4266402104806932
4430,1,1,-0.30590307847955545,6.026120142150152
4431,1,1,-0.582576735765192,4.543503301356603
4432,0,0,1.2078992628527496,-1.051038915599182
4433,0,1,0.45019135324525317,4.424410218763916
4434,0,0,-0.5885801695208112,-1.3521198082242063
4435,1,0,-0.6084720566827436,-2.2002640114588248
4436,1,0,0.7615361125469512,-1.4545542294856197
4437,0,0,-0.3327481312495515,-1.6478266840817624
4438,0,0,-0.2569105003220622,0.36319276511868054
4439,1,0,-0.004206297932924231,0.304843136704302
4440,1,1,-0.5813264324220315,4.091182992260501
4441,0,0,0.731658280209881,0.5689362097694759
4442,0,1,0.6681512723858648,5.532929797505435
4443,0,0,-0.13394628264366382,1.0962202807207269
4444,0,0,0.7777506637261413,0.8463249643079509
4445,1,1,-0.9889208701877807,2.5555374228036367
4446,1,1,0.6545503778131329,5.873942408505334
4447,1,1,0.8083015156935627,5.24261916986932
4448,0,0,-0.30721356684744455,-0.5436338094115778
4449,0,0,0.0652337765002442,2.236893138199865
4450,1,1,-0.46768019238136155,4.018703871296482
4451,0,0,0.5811227372793558,0.6384339191248489
4452,0,0,-0.9972903961914517,-0.22236341721496378
4453,0,0,0.5874535228387766,1.9520031972244976
4454,0,0,-0.12847887618513265,-1.3547727523179742
4455,1,1,-0.2741212913173507,3.2075912922428933
4456,1,1,1.3137189282952453,3.2614139125736874
4457,0,1,0.2511293442921383,4.5173138208873
4458,0,1,-0.3764163900763397,4.87816672650807
4459,1,1,0.49354978250189446,5.157060794986076
4460,0,0,1.5365405122238132,2.493133767864321
4461,1,0,-1.2576476572078508,-2.787752098901194
4462,1,1,1.3308506432013412,2.673722438838892
4463,0,1,1.271360829780293,7.212559807926173
4464,1,1,0.9319678845350395,3.346016721011657
4465,1,1,0.23457471189672854,2.816134779114644
4466,0,0,-0.5123391139322341,0.841645138694593
4467,1,1,-1.0660128926858707,2.2515174072608763
4468,1,1,2.107186709306929,2.340505368490816
4469,1,1,1.4606131429687474,5.550209544802751
4470,1,1,-0.04398240537954441,2.5406085273972314
4471,1,1,-0.6377627941909432,5.095379739629054
4472,1,1,-0.3071252700174679,2.829701471312199
4473,0,1,0.8989675117115127,6.281344792693076
4474,0,1,-1.1640451158697005,5.762011666641215
4475,0,0,-1.0240852366625781,0.7387043645617254
4476,1,1,0.3174485276024335,5.359761910851643
4477,0,0,-0.2530648691479552,-4.481921198056368
4478,1,0,0.5914166633464166,0.468358199872151
4479,0,0,0.37720169241034784,-0.2583464045159919
4480,0,0,0.49666775555874126,0.6973613761291451
4481,0,1,0.060429772856663136,5.585990644173167
4482,0,0,-1.2029142973810878,-1.9200380396058963
4483,1,1,0.8924700683635656,4.207162395725193
4484,0,0,-1.942384456135057,0.46276000640999576
4485,0,0,-0.4810552331275728,2.1494272149059945
4486,0,0,0.5039376122483774,1.168376440460368
4487,1,1,0.4622438401829922,2.1794472690320528
4488,0,0,-2.1885242317781177,-3.5416976895743186
4489,0,0,1.1758732080082355,2.675961398655597
4490,0,0,-1.5604937292707406,-0.056730965873739825
4491,1,1,0.2581025951140425,4.097626754745344
4492,1,1,-0.30248963310783034,3.987076645683153
4493,0,0,-0.2061718011993854,2.4581535080280053
4494,0,0,0.5230303400735002,1.9387682842144134
4495,0,0,-0.5069229066448802,0.989627331189157
4496,0,1,0.06471623626659813,6.680982107099375
4497,1,1,0.61209122807257,4.3786589875522255
4498,1,1,1.1480433779340227,7.2882225293575935
4499,0,0,0.94081650143185,2.7343990237552043
4500,1,0,0.25532793982960444,1.784954243310691
4501,1,1,-1.564720583264246,3.23762942038225
4502,0,0,-0.5409234763836481,-0.11651418059973218
4503,0,0,0.37676432760122575,1.707922104008858
4504,1,1,-0.1804771088403441,4.882907823544088
4505,0,0,0.23643113712449507,-2.162440966906425
4506,1,0,-1.0147918854542894,-1.2766203508215364
4507,1,1,-0.10627173894933253,1.8054745406250914
4508,1,1,0.6520365300352872,1.9543290862491474
4509,0,0,0.9547727701666956,-0.14790408664007765
4510,1,1,0.5312266766758414,2.9468637469901755
4511,1,1,0.9606427265699526,5.309175393236877
4512,0,0,-0.31641004516226373,0.6669768002711884
4513,1,1,-0.32830070695419356,2.9845439440787276
4514,1,1,1.3932670288157178,3.4501674622824847
4515,0,0,-1.8247286096329098,0.5611248706374623
4516,0,0,-0.6036255752202037,-0.029198858958086216
4517,0,0,1.6661716888471998,2.961849369390402
4518,0,0,1.1207930990803119,1.243872000463032
4519,1,1,-0.7541259431251951,-1.0254494126517986
4520,0,0,-0.3351659438249949,-0.2430981817292836
4521,0,0,0.1986497862848085,2.31527175266189
4522,0,0,-0.04265565438520046,1.3563663081585746
4523,0,0,-0.19907707321620166,-0.7111403505452135
4524,1,1,-0.18863399894341526,5.4133327846788095
4525,0,1,-0.29091298800021453,4.21812396720445
4526,1,1,0.6650347823065799,1.6340650082267265
4527,1,0,-2.2024006081564838,-4.654436974852426
4528,1,1,-0.14664169184094866,5.700469608409816
4529,1,0,-0.6026378469795476,-0.3493942838846702
4530,0,0,0.021508878956411983,0.4438723459037003
4531,1,1,-1.6107677982927915,1.819406283426432
4532,1,1,0.2537799098762024,4.3405206205546705
4533,1,1,-0.6224839963631943,4.98156545035045
4534,1,1,0.4673079760427898,2.2540007087488356
4535,0,0,-1.8494961330234816,0.01447247871297977
4536,1,1,0.8971952582299219,3.0816425324435786
4537,0,1,-0.8463397206235048,2.891384859068638
4538,1,1,-0.08980560657691188,4.200629532908408
4539,0,0,-1.2949314115175579,0.6912861809478127
4540,1,1,-1.273123090064054,2.6540875888543987
4541,1,0,0.2857451673103129,-2.192202736501696
4542,0,0,0.8532094434502921,1.3696137538637783
4543,1,1,-1.6445518506684642,1.406997212717081
4544,0,0,-0.8974887444517996,0.39397191847939617
4545,0,0,0.02388326062564769,1.7350790409404784
4546,1,0,-1.3328199167932426,-1.4053480434576797
4547,0,1,-0.16601024117065502,2.660746285709506
4548,0,0,-0.4217031250218121,1.4432623178252588
4549,1,1,-0.7959310209821956,0.5063126042901325
4550,1,1,1.9133142368818672,5.614025634017703
4551,1,1,-0.09067818357758392,4.1992220177999595
4552,0,0,0.45159430275106976,0.3698280948473355
4553,1,0,0.27931631573379073,0.3977424041186072
4554,1,1,0.020396798595884513,3.735901491318165
4555,1,1,0.4838781533109649,3.786263089807795
4556,0,0,-2.224872572874786,-4.71307290687962
4557,0,0,-0.7688098538064415,-0.1997095793857151
4558,1,1,0.6592982989054619,4.700324362295737
4559,0,0,-0.7925657439736538,-0.0801051796781787
4560,0,1,0.6577594140135741,5.368613841500984
4561,0,0,-0.04503422363808598,2.125015686934513
4562,0,0,0.9264030474990329,5.021908068207021
4563,0,0,0.3297449597892426,-0.682990660786558
4564,1,0,0.74216244264839,-0.6841802058491715
4565,1,1,-1.2809453892043026,2.872602484387184
4566,0,0,-0.8733075021338904,-0.2854013415319889
4567,1,1,0.6323988404338721,5.118009632459307
4568,0,0,-0.8135085022234134,0.14765557632273513
4569,0,0,0.46365878469825267,4.066102155427543
4570,1,1,0.06101002212154057,1.1969767168375074
4571,1,0,1.4476057435340708,-0.5071515142016694
4572,1,1,0.8215377261316131,4.584231147355828
4573,1,1,0.11975924418479326,4.419020091818174
4574,0,0,0.924221899379773,2.565579233669096
4575,1,1,-0.3973483995501275,2.7901784348724843
4576,1,1,-1.8221356113319056,5.330770735512961
4577,0,0,-1.3211861401493963,2.255804450265454
4578,0,0,0.28989484096982776,1.4879896815576643
4579,0,0,0.07579765919752365,3.885706903595425
4580,0,0,-2.423287774063481,-1.225395179406111
4581,0,0,0.2478771428566422,0.31870023500037103
4582,1,0,1.2087489346087994,0.44474141122849364
4583,0,1,1.1152426540793283,2.2372781712358423
4584,1,1,-0.3452445535212603,3.0191149003585833
4585,0,0,1.4199693083503693,1.6524516536284766
4586,1,1,0.5826319536158112,2.356430509517862
4587,1,0,0.534437419501683,1.413481455708174
4588,1,0,0.11770888930405024,-2.7174917527617444
4589,0,0,-1.31895593557761,-1.0187748374354542
4590,0,0,-0.5895442173020744,-0.914114342267958
4591,1,0,-0.474689187993954,-0.704400565580506
4592,0,0,0.9598950538687243,0.23411541218029924
4593,1,1,0.05184518870934638,5.442579318632176
4594,1,1,0.7990931506983551,4.028777167829792
4595,1,0,-0.713624773536459,-4.025094518121099
4596,1,1,-0.8918347388791182,3.5316841297908885
4597,0,1,-0.12179982030494563,6.169395443233807
4598,1,1,0.2902280058137654,3.569625442679858
4599,1,1,-0.6410046713884713,2.9022993708946077
4600,0,1,0.23416107385923368,6.701731846959455
4601,0,1,-0.2760026606355059,2.3398455721240445
4602,0,0,-0.13321156938728695,2.9838598507605347
4603,0,1,-0.3605994945515161,8.238745094760903
4604,0,1,-0.40536054760284856,3.0860638142000676
4605,1,1,-0.6291548856747766,4.97731633235085
4606,1,0,-0.13424127874524644,-1.1388055233977505
4607,0,1,-0.43048708266909214,5.139770776444452
4608,0,1,-0.8891917668025343,1.55462376851017
4609,1,1,-0.1438416824752332,2.979112018030256
4610,0,0,-0.5487823840380363,0.7553309404707529
4611,0,0,0.1583735968868561,-2.5917327698093584
4612,0,0,-1.5978422455836208,-2.155968911706312
4613,0,0,-1.0807545238635743,0.36012637886814364
4614,0,0,-0.6023485542100192,-0.37988553730742036
4615,1,1,-0.8399771891902938,3.9102471471845455
4616,1,1,0.1879858659922999,3.8418764400369145
4617,1,1,-0.12063408821855998,2.0126885735284405
4618,0,1,-0.6345046758096438,4.496959923120141
4619,1,0,-1.1790634837732032,-0.8605381340492462
4620,1,1,0.6074861456860043,3.7563684150439443
4621,1,0,-0.2738715783132702,-0.5936236420248515
4622,1,1,0.48937427447780735,3.964746568960734
4623,1,0,1.0201993827986429,0.7898188166199127
4624,1,1,-1.1493027819950676,3.2603829957535604
4625,1,1,1.2124729310468165,5.3836888976922985
4626,1,1,-0.3230878761430354,5.648439937276012
4627,1,1,1.3145995217885558,3.3235841494607827
4628,1,1,0.5249185490104376,1.7725957826876078
4629,1,1,-1.9738503206001445,0.08625654200371025
4630,0,1,-1.6734233169518336,4.756026346324854
4631,0,1,-0.2520660088708286,5.843775806388493
4632,1,1,-0.004909083921174658,1.7932879071977714
4633,0,1,0.6514814764788673,4.4687730428923444
4634,0,0,0.6570067368607287,1.1009602823087834
4635,0,0,-0.5231174789670658,1.9412167005098504
4636,0,0,0.5242754486121648,0.2974604918664332
4637,1,0,-0.3514959929478995,-5.760140441893331
4638,1,1,-0.03876708466945052,3.8940403368445295
4639,1,0,-0.7414312638627354,-1.851900387349911
4640,1,1,1.1901293399605206,3.8775228411231177
4641,0,0,1.007738584814383,2.0369181400912573
4642,1,1,-0.828518248388612,3.845636972794951
4643,0,0,-0.3407772712089504,-2.1363979866796097
4644,1,1,0.7036917490527026,1.4422283858725011
4645,1,1,-0.133794455121022,2.1940251749516837
4646,0,0,0.07989973986288341,2.5880214076888217
4647,0,1,-0.16553552317823073,5.559228693893381
4648,0,1,0.7461872478329288,8.115779908238325
4649,1,1,-0.5722491271596984,1.5488900618963477
4650,1,0,-1.6658334175989584,-2.217462258791448
4651,0,0,-0.545306969651592,0.8212502610199452
4652,0,0,-0.867366082177887,1.120074855917114
4653,1,1,0.6355686220671016,5.13657360718685
4654,0,0,-0.029958471495397144,3.9564389798343016
4655,0,0,-0.9790857776396886,-1.5915624740364376
4656,0,0,0.8990050647002505,0.678448009442836
4657,0,0,1.0514259579511651,2.2639052078497928
4658,0,0,-0.30572626880975495,-1.3642688321855185
4659,1,1,0.10347027085606983,2.8939904912883705
4660,1,1,0.3112422526538162,2.454926461573332
4661,1,1,2.493512730278441,5.3588071011375416
4662,0,1,0.37369274940976605,2.792694409321861
4663,0,0,0.028538389497894775,1.95110053836028
4664,1,0,-0.31123092997058,1.4365093950987977
4665,1,1,0.36807921009618877,2.8469354682614907
4666,0,1,-0.9752473729706375,7.735628582219308
4667,1,1,-0.5983734177448141,2.140656081843452
4668,0,0,0.6626404934870146,1.6451109367432675
4669,0,1,-1.4638534704455606,3.449972621356759
4670,0,0,-0.07595633859095621,1.8346059509069308
4671,0,0,-1.4043110222347672,-0.19085725008781196
4672,1,1,-0.22554276651595692,3.8765939643952696
4673,0,0,0.7296182013046287,3.8202519387935294
4674,0,0,2.1980038257301153,2.3029594693240107
4675,1,1,-0.499073066262369,3.777746469321881
4676,0,0,1.0608543395072836,0.6901695736644529
4677,0,0,0.02088456173363034,-2.402757610949641
4678,0,0,-0.4462530201971964,3.128206377428773
4679,0,1,0.3509687748755841,2.582693139535357
4680,1,0,-0.4847583899565576,2.2798934723753908
4681,1,1,-0.2868584002445504,2.6455029197760447
4682,1,1,-0.6104356997140529,4.693242375217643
4683,0,0,2.9834974580103886,2.0500519912466917
4684,0,0,1.227106804430445,2.200450832849071
4685,0,0,0.4860891686777622,-0.1580093264252821
4686,1,1,1.9595894481522314,3.4745909612771495
4687,1,1,0.2950753090770908,2.506232104881458
4688,0,0,-1.048501664447593,-0.030296262357706494
4689,1,1,-0.7462690472151801,3.146953693724061
4690,0,0,-1.2269036689700965,-1.1684899030108034
4691,0,0,-0.743017636906095,1.3482983456122881
4692,0,0,0.3216935820457715,3.5423369804231006
4693,1,1,-1.440821373175692,4.937563198579114
4694,1,0,-0.5250793953636791,-1.2289854288129078
4695,0,0,0.3765469553259688,0.13666474233224113
4696,1,1,-1.926841318900637,3.974788958927253
4697,0,0,-0.5894434896507597,1.0813672947839845
4698,0,0,-0.5214158186708638,0.4720221778546215
4699,0,0,-0.7465319679167715,1.5969068189692017
4700,1,1,-0.5222377128052084,2.9083092103919865
4701,0,1,-1.2108841200322946,2.9398451388436952
4702,1,1,-0.9384655657794234,2.98267824036315
4703,0,1,-1.1746306070007109,2.4818309351430594
4704,1,1,0.1058072300240463,6.680337042506788
4705,1,0,0.17088213187297505,-1.0385934909783845
4706,0,1,2.39020910850197,4.8564594208815475
4707,1,1,-0.7795346048171689,4.442175051949135
4708,0,0,0.31828718311341764,-0.149016583946744
4709,1,0,-0.4281684314924055,-1.397442235424113
4710,1,1,-0.11158630497253748,3.105924385670049
4711,0,0,0.0038429595281632262,-2.782139052681678
4712,1,0,-0.6188926287685154,-3.597628348224635
4713,1,1,0.008704254547296593,1.6492252665980858
4714,0,1,0.16940532962790303,4.425384158316019
4715,1,1,-0.8902999018678218,2.1855582517364165
4716,0,0,-0.2990743536984608,2.084137522046936
4717,1,1,0.45704949887464386,3.783412027523105
4718,1,1,-0.40991152185357754,4.385145723171418
4719,0,0,0.8796030967980859,1.0225907494816242
4720,1,1,0.025146411430643386,2.8587837311598916
4721,0,0,0.110988209066305,2.1059032475379995
4722,1,1,-1.2803160692727613,1.9818972835837259
4723,1,1,0.173231853443239,4.716914768174556
4724,0,0,1.1813888431378146,0.72563101801983
4725,1,1,0.4768342878484737,3.5461846753727486
4726,0,0,-0.40292709704010626,-0.7199614893391346
4727,0,0,0.005943708727728708,-1.71715913767265
4728,1,1,-0.8583119621881568,1.4331179176846012
4729,1,0,-0.1411553881203435,0.44326146848048964
4730,0,0,-0.22249151627601435,-1.098244084284485
4731,0,0,1.007090722703137,-1.0257125101407254
4732,1,1,-0.5162844204446903,3.4911787314259257
4733,1,1,0.39178557201475783,2.614956937995868
4734,0,0,-0.7054595332768071,0.6659846003913262
4735,1,1,0.4375414135035791,5.217682465689759
4736,1,0,-0.9308279547468449,-2.262270123235967
4737,0,0,0.8422522902378226,-0.30669355729691117
4738,1,1,-0.5643586586118963,3.446145926728524
4739,1,1,0.7980525435323002,3.074130463860911
4740,1,1,0.7882672674005271,0.8836666750864721
4741,1,0,1.2214210269410124,-0.05130157323043866
4742,1,0,1.2639026025704534,0.40012847649268013
4743,0,1,0.9304871746116413,6.23244427635896
4744,1,1,0.09272104878212897,0.7108732461991183
4745,0,0,1.7134062661308431,-0.11717094421754842
4746,0,0,-0.07375379165643069,0.756179816917207
4747,1,1,0.14709729823462447,3.386350860458265
4748,1,1,0.020160391103493647,1.3343887505962067
4749,0,0,-0.36509359088208576,0.9441161690141602
4750,1,0,-1.2802185782894993,-3.7109410973611805
4751,0,0,1.1038017629493582,2.132877677461944
4752,1,1,-0.6547679441662966,1.131041883588121
4753,0,1,-0.48198736095558903,3.8169744777317964
4754,1,1,-0.444556852763922,5.723498700461114
4755,0,0,0.14972480073248065,-1.0399719640701277
4756,1,1,1.7403640648866312,5.272527253388234
4757,0,1,-0.967756777299341,2.713234695119157
4758,0,0,1.2947347159369975,-0.2840925630660076
4759,1,1,0.5344690988811649,1.30864757464728
4760,0,0,-0.1775088382138776,-2.630027623968582
4761,0,0,-0.007289631866828377,3.244848471995234
4762,1,0,-0.8405838277536081,1.345810757967951
4763,0,0,0.9337915816240699,2.851918633918484
4764,0,0,0.7817896770514235,2.373115653927947
4765,0,0,-0.5255960219254585,1.8137444344546618
4766,1,0,-0.031873795028168964,2.2591913421742893
4767,0,0,-1.7845845602795838,-1.406270906728556
4768,1,0,-0.8381901445749902,1.1667059800815136
4769,1,1,-1.0934272642564549,3.811600706992243
4770,1,1,-1.4376607372743073,0.7390814354481585
4771,1,1,1.2664455247246817,2.6312984031223614
4772,1,1,-0.3316348626444232,4.4030544016733675
4773,1,1,-0.23687935092439197,4.056012057770841
4774,0,0,-0.24706305538401263,1.0400162106766797
4775,1,1,-0.38098756011443263,-0.8316022907377825
4776,1,1,1.6157874919646018,4.632866149463412
4777,1,1,-0.45513520614731284,2.7641414512175855
4778,0,0,-0.06791367759949207,0.17224363458269165
4779,0,0,-0.8296630538610872,0.4798468895377507
4780,1,0,0.4342263935583864,-0.7770923978810805
4781,1,1,0.41136940367368613,5.157644185994045
4782,0,0,0.22083749931131358,3.4598571787580266
4783,1,1,1.134905219995785,3.3039234322198263
4784,0,0,-0.1553218704152507,0.7044759160254519
4785,1,1,-0.7024945613897143,3.273854291142682
4786,0,1,2.5125116802252703,6.642635451997358
4787,0,1,-0.2995894296045303,3.2503768032961284
4788,1,1,1.677177250825357,3.649620094528551
4789,0,0,-0.3191230690850976,-0.15500906904969436
4790,0,0,0.9909775920040033,0.9622148030959627
4791,1,1,1.0478117027091618,6.789729883159512
4792,1,1,2.2316918888172173,3.696489460836858
4793,1,1,1.1018424211487565,3.495777778891043
4794,1,1,1.453595703504604,4.67399683885278
4795,1,1,0.4519440787551775,4.6860218948718195
4796,1,0,1.5791794446063907,1.018031148000271
4797,0,1,-0.7005191020919085,4.654863711628697
4798,0,0,-1.6049096626080033,0.26285445022596177
4799,0,1,0.6398764437673592,6.809006700728671
4800,1,1,-0.2852156157973566,-0.3933209189970972
4801,0,0,-1.4618757912344424,1.1286855361229138
4802,1,1,1.4190402602269148,5.178283015944625
4803,0,1,-0.32294192425906076,2.4768179276663584
4804,0,1,0.980400241420249,4.77611008541823
4805,0,0,-1.0841827333661507,1.6850882026796967
4806,0,1,1.241742588639577,3.719782558937849
4807,0,0,0.3300470041627425,3.3169369415765724
4808,0,0,0.5877676505763678,1.2750047222484686
4809,0,0,2.1643364614076543,1.588513877969604
4810,0,0,0.47730826896869943,2.334963700437372
4811,1,1,-0.031336935003247225,1.0142323699001576
4812,0,0,-0.09911792864922675,0.4420363873569053
4813,0,0,2.179164178490116,-0.9723430861894944
4814,1,0,-0.7379473048443694,-1.963251930210642
4815,0,0,-0.3896617285113728,2.89719959849163
4816,0,0,0.7926279318412655,-0.6177052286127378
4817,0,0,-0.5164949239302611,-2.6739174303679234
4818,0,1,-1.1140409321432851,1.582240240221936
4819,0,0,-0.19655907525749258,1.6220823695888802
4820,0,0,-0.6169577141328961,0.8177945425041266
4821,0,0,0.3637121736783694,0.7310177210374642
4822,1,1,-0.04293647383156429,5.0317457619773815
4823,1,1,-1.6328724911536723,5.464311285291956
4824,0,1,-0.8941618324747825,2.437633283837857
4825,1,1,0.7902260051353723,3.874506634888236
4826,1,1,-1.575528131704272,3.563242724231838
4827,1,1,-0.13116873373738744,2.385035093512788
4828,1,1,0.5181082396903316,4.466072764022447
4829,1,1,0.020501136973728032,6.335951930018829
4830,0,0,-0.23451933356252372,2.313639349534052
4831,1,1,1.0638950036657118,5.3472261688906215
4832,0,0,0.09606805590059168,1.845501829631145
4833,1,1,0.15081879591187683,2.6982963701633933
4834,0,0,-0.6978501468271724,0.3159806382228273
4835,1,1,1.4602752366546132,1.2705905339538313
4836,0,0,-0.046642024933449724,1.700666342515896
4837,1,1,-0.8258659384959982,1.8759489954806086
4838,1,1,-0.17532981768345143,0.9866627534536612
4839,1,0,-1.9539072325246898,-1.3732882834136668
4840,0,0,-1.487763733911715,-1.9723164174953953
4841,0,0,-1.7375799459483472,-2.5809937005792283
4842,1,1,-0.05772766631156744,4.535370760591569
4843,1,1,-0.5560219945975203,3.5099740550205727
4844,1,1,-1.8826007562845,2.4737107438602504
4845,0,0,-0.3264572177472163,1.8115909564681871
4846,1,1,0.9848819985733898,2.9907642007066375
4847,1,1,-0.5524754034946611,2.2979656157882373
4848,1,1,0.19649073029637928,1.551512254829471
4849,1,1,-0.5850082318573602,3.634579956267881
4850,0,0,-1.123549977940248,-0.6019742746904579
4851,0,0,-0.00151089414017186,-1.9596521872296662
4852,1,1,-0.901311480243595,2.4947809809727906
4853,1,1,0.49226295466877606,5.4090807949852575
4854,1,1,-0.3434502091972614,5.413887189494671
4855,1,0,1.8193620823270433,-0.10038337344723447
4856,0,0,1.1418795870705434,2.743544277030801
4857,0,0,-1.4190868811437996,-0.3837720647429823
4858,0,0,0.9546183101478231,0.8060015616125394
4859,1,1,-1.1775686410603827,0.6609826194218884
4860,1,1,-2.1710110125299904,3.5422301252843598
4861,1,1,0.5449985148798809,1.9628010870779866
4862,0,1,-0.5964550883362711,6.578080508623752
4863,1,1,0.9507697584582073,6.0423327036235674
4864,0,0,-1.0191246227369877,-0.599350741120518
4865,0,1,1.211919678882411,6.15112316909375
4866,1,1,-0.6586755132753462,2.0285412543454555
4867,1,1,0.5473805086336225,2.8352393587472307
4868,0,0,-1.0077518761292512,0.13486333100941086
4869,1,0,-0.3796517027476661,-1.792659432970291
4870,0,1,-1.7874824538884306,3.8582113515982686
4871,1,1,-0.4011905998788664,6.570609597925365
4872,1,1,0.9785752152401398,5.968530926721055
4873,0,1,-0.6285134740742413,1.286858744481615
4874,0,0,1.2023886815557538,2.09064824882242
4875,0,0,-0.5262524714160248,1.7930040296109984
4876,1,0,-1.5692196204531166,-1.3961439226954169
4877,1,1,0.4897256183932684,1.527037029992683
4878,0,0,0.0605604513226423,0.8726839476741215
4879,0,0,-0.20654032406771317,1.0693257322498642
4880,0,0,1.766480371161419,5.88749606338452
4881,0,0,-0.9966035897037543,-1.1600764160263428
4882,0,1,0.004307275523158076,6.367237473638341
4883,1,1,-0.7907029341897994,1.436183222712339
4884,0,0,1.552092117245289,4.499634804825798
4885,0,0,0.009615609722798537,1.31675320517477
4886,1,0,2.487210603164029,0.31359110729545603
4887,1,1,-2.09629443314856,0.8031704328567211
4888,0,1,-1.4570472082696913,2.4269095152762437
4889,0,0,0.1842804039955129,-1.9372530351981658
4890,1,0,0.17019734489301291,-1.3707185615290058
4891,0,1,0.7453224062105197,2.7071028752040864
4892,1,1,-0.45122312640188356,3.3706369586669083
4893,1,1,-2.354108986052116,5.740586560486231
4894,1,1,-0.578303683708713,1.895912620313692
4895,0,0,0.20340169602424357,-1.9312782361651175
4896,1,1,1.0482138977567281,3.006838389576343
4897,1,1,0.04111536640601635,2.184811957015276
4898,0,0,-0.9748897929479814,-2.5223884044183564
4899,0,0,1.453583169049067,1.6716744300218953
4900,1,1,1.5299861007355016,5.814209969167228
4901,0,0,-1.0458428794435835,-2.1779646178351193
4902,0,0,-0.2700153365282622,0.6407052128114064
4903,1,1,-0.08442266348527327,3.966099765970064
4904,0,0,-0.27402759939643695,-0.02277857140064138
4905,0,0,0.7756997108042615,0.7126535579757614
4906,0,0,0.3445866924495955,-1.8723224460064802
4907,1,1,-1.1803321625820975,2.796843463163521
4908,0,0,0.38037714299161063,1.015945695351593
4909,0,0,-0.44739779547489283,0.17831427669908861
4910,0,0,-0.9741515102370971,-1.9399484692029074
4911,1,1,0.0491966841257907,5.2022550101672635
4912,1,1,0.6780745657236565,5.7031557686635415
4913,1,1,0.6726287866925201,0.759941285981441
4914,1,0,-1.6324223888856642,-0.6753363996082733
4915,0,0,0.4621294878995287,0.9014942593436703
4916,0,1,0.7513171225927873,7.27627943173841
4917,0,1,-1.7398042922909536,3.654257496299964
4918,0,0,-0.43036620376506535,-1.3102622481136368
4919,0,0,0.10508092343713663,2.3252979879265863
4920,1,1,0.034205798089013056,2.978014438420014
4921,1,1,0.8198208161194847,2.7107039733290703
4922,0,0,-1.5186089251545023,-1.1662292951401199
4923,1,0,0.10080619291412905,0.42427400870285625
4924,1,1,0.05062400027516136,0.7705966099391051
4925,0,0,2.440549647088175,-1.4510395099296272
4926,1,0,1.010656182166398,-0.8239496951677778
4927,0,0,-0.5632060855729821,-0.2232544973127495
4928,1,1,-2.9274989255233246,1.7382522951509538
4929,0,0,-1.2573822569028352,0.20068227673546624
4930,0,0,1.737586871138131,4.1065718479816375
4931,1,1,1.0248114514740005,6.644939073230444
4932,1,0,-1.7937101130597248,0.974225558725152
4933,1,1,0.9898979247003487,0.7127363814074403
4934,1,1,1.6968977970048051,6.584034544784621
4935,1,1,-1.6153954412525005,4.069070081908299
4936,1,1,0.9626048124401311,6.115308689976608
4937,1,0,-0.7955159611249497,-1.4621167792563845
4938,0,0,-2.2148655890887787,0.3856615835229842
4939,0,0,0.04680225540583599,-0.7174776316651986
4940,0,1,-0.012103361472948387,5.189170461805846
4941,0,0,0.4093310306993613,2.037177372533739
4942,1,1,1.0028396374463355,4.366833666848198
4943,0,0,-0.5463620782091353,1.4222305068971628
4944,1,0,0.9556804706591138,-0.22862172483690846
4945,0,0,-0.3404286077946342,1.7570233850204509
4946,0,0,0.13730979408552643,2.3172505595776656
4947,0,0,-1.063657851068871,-0.02211656717005983
4948,1,0,-1.5561673159169636,-4.587036721125091
4949,0,0,1.1322791990695786,-0.4783728020869792
4950,1,1,0.041276727324419796,3.4974923673754055
4951,0,0,-0.9679400071038214,0.4602370425195631
4952,0,0,-0.14752501150922862,-0.09207986973381155
4953,1,1,-1.144342973400006,2.2974739945885503
4954,1,1,-0.3093309789326803,1.5397064871750312
4955,1,1,-0.9495240645903462,5.54960333421023
4956,1,1,0.8644761117792128,3.358021016583927
4957,1,1,2.2764349590126947,6.166001387208126
4958,1,0,1.0106874795039662,-0.56864728376482
4959,0,0,-1.4823613031970746,0.11478931074146004
4960,0,0,-0.14994136448357726,-0.2453882483698655
4961,0,0,-0.211590600414571,-0.885815202848612
4962,0,0,-1.1768005646545614,2.6502904461141448
4963,1,1,-0.9402989260070664,1.0028942720036058
4964,0,0,0.31356549467430844,0.5921395696211155
4965,1,1,-0.004012949497297912,-0.22313357932598743
4966,1,1,-0.03393434773247774,1.5163093402482128
4967,0,0,0.4650959554708824,0.9230235183664094
4968,1,1,-0.4422553349902693,1.7884614823863574
4969,0,0,0.41673190117318737,0.5097850791047627
4970,1,1,-1.3730297146761765,1.046279058006283
4971,1,1,-0.03111015377325021,1.169988495261662
4972,1,1,0.02134487660105625,5.4081975196241
4973,1,1,-0.7311779112392729,3.9360265040130686
4974,1,1,-0.3860898799402093,1.696202957791774
4975,1,0,-0.16937848632548017,0.7856888001448666
4976,1,1,-0.5975371054602591,1.621891871650897
4977,1,1,-0.4105058949536091,4.425322686215443
4978,0,0,0.731849002033556,-0.432222167372327
4979,0,0,-0.6018821539058115,3.923741650495521
4980,0,0,0.8170237382620088,2.8367386084907213
4981,0,0,-0.15039812768170135,1.1803454664810349
4982,1,0,-0.4473556586120384,-2.276221897589502
4983,1,1,1.249755040622398,6.482909766814846
4984,1,1,0.1292457342815018,4.347668108875198
4985,0,1,0.5419134145752925,6.281093691750765
4986,1,1,-0.5538827392837943,4.859261541423513
4987,1,1,-0.36439009121685045,3.5961609368874545
4988,0,0,0.18055919570133572,2.691756141608953
4989,0,0,1.472171417683942,1.9316396450458408
4990,1,1,0.3423078891652174,4.49016730430745
4991,0,0,-0.14742591633913973,-0.002701189449764607
4992,0,0,-1.493787981916524,3.382105779939404
4993,0,0,-1.6426871854644227,-0.37838568908190373
4994,1,1,1.140958212532616,6.738433159048458
4995,0,0,-2.0838520847300424,-0.7920004479348655
4996,1,1,-0.28783164081591933,6.298285200460445
4997,1,0,0.5065373864101235,0.25795148577777427
4998,1,1,-0.09553287980485936,5.970406670712988
4999,1,1,1.0223530069807827,3.0351411176970666
5000,0,1,1.192109182864666,6.405286779614514
