unit_id,time,treated_group,post,treated,y_outcome
1,-2,1,0,0,-0.5114145931997172
1,-1,1,0,0,-0.5929863765276812
1,0,1,1,1,0.22013196680198743
1,1,1,1,1,1.3225269016965466
2,-2,1,0,0,-1.1299893302258206
2,-1,1,0,0,-1.5583171009663916
2,0,1,1,1,0.7010045355123775
2,1,1,1,1,1.0175543619119989
3,-2,0,0,0,-1.2009428678130893
3,-1,0,0,0,0.004704769787346574
3,0,0,1,0,0.20858808251765226
3,1,0,1,0,-0.8011371449801885
4,-2,1,0,0,-0.683963757262288
4,-1,1,0,0,-2.037120764572715
4,0,1,1,1,0.03904626626215964
4,1,1,1,1,0.9591610180506165
5,-2,0,0,0,-0.24162100995452357
5,-1,0,0,0,0.848217051235962
5,0,0,1,0,3.0912616430677975
5,1,0,1,0,0.5541341500713761
6,-2,0,0,0,0.030923061532180718
6,-1,0,0,0,-0.6203835392469125
6,0,0,1,0,0.011895057274510984
6,1,0,1,0,-0.028203805741920607
7,-2,1,0,0,-3.351148745913199
7,-1,1,0,0,-1.5708469569445018
7,0,1,1,1,-1.9424861531964532
7,1,1,1,1,-1.5573356193264891
8,-2,0,0,0,-0.08652309386542678
8,-1,0,0,0,0.7488060946193991
8,0,0,1,0,-0.6354886591001113
8,1,0,1,0,0.6362482941983915
9,-2,1,0,0,-1.8113885710051216
9,-1,1,0,0,-0.8066873604649084
9,0,1,1,1,-0.431062974185663
9,1,1,1,1,0.5343608929352083
10,-2,0,0,0,-1.4977786812331297
10,-1,0,0,0,-0.049354053854281266
10,0,0,1,0,0.07368376994351059
10,1,0,1,0,2.226030637792116
11,-2,0,0,0,-2.614968035034848
11,-1,0,0,0,-0.909211738414677
11,0,0,1,0,-0.8464906276201765
11,1,0,1,0,-0.31629461188539476
12,-2,0,0,0,-0.8340315503110395
12,-1,0,0,0,0.10384608484061741
12,0,0,1,0,0.4159389022293206
12,1,0,1,0,1.5347369133070794
13,-2,1,0,0,-1.4335249942234363
13,-1,1,0,0,-0.39647906494553414
13,0,1,1,1,0.3055832965265347
13,1,1,1,1,1.904130597104865
14,-2,0,0,0,-1.8765168189904686
14,-1,0,0,0,0.13070824130244849
14,0,0,1,0,0.25526546638608066
14,1,0,1,0,0.4193843019329707
15,-2,1,0,0,-2.206642469400663
15,-1,1,0,0,-2.3669182865596503
15,0,1,1,1,-0.43087363050934824
15,1,1,1,1,0.11242750678311286
16,-2,1,0,0,-1.1036687260424702
16,-1,1,0,0,-0.9922372406174857
16,0,1,1,1,-0.09121503345050741
16,1,1,1,1,1.0310347121504333
17,-2,0,0,0,1.1412124675207052
17,-1,0,0,0,2.336590463118574
17,0,0,1,0,0.7870076958046808
17,1,0,1,0,1.662795289923568
18,-2,1,0,0,-1.85341702829187
18,-1,1,0,0,-2.098838190767138
18,0,1,1,1,-1.1240670087536717
18,1,1,1,1,0.48222533042157667
19,-2,0,0,0,0.6968789169644329
19,-1,0,0,0,1.2249162279753396
19,0,0,1,0,1.4343890495454052
19,1,0,1,0,0.4196744069798073
20,-2,0,0,0,0.6011015468720562
20,-1,0,0,0,-1.028609067099058
20,0,0,1,0,0.25034230494756027
20,1,0,1,0,0.7994440946849277
21,-2,0,0,0,-2.5064314052389216
21,-1,0,0,0,-1.2606634547906674
21,0,0,1,0,-1.097978264346838
21,1,0,1,0,-0.9588121100904505
22,-2,1,0,0,-1.6299961913924501
22,-1,1,0,0,-0.0679203683880536
22,0,1,1,1,1.4858145575168782
22,1,1,1,1,0.5833332184187173
23,-2,1,0,0,-1.637891814961168
23,-1,1,0,0,-0.9693177625641428
23,0,1,1,1,0.5166677585555564
23,1,1,1,1,1.3675713064500836
24,-2,0,0,0,-0.9361292455540027
24,-1,0,0,0,-0.7960781316877112
24,0,0,1,0,0.694447333850016
24,1,0,1,0,0.3544111994403544
25,-2,0,0,0,-0.3673657791326307
25,-1,0,0,0,0.06474946654000113
25,0,0,1,0,1.8382968546807605
25,1,0,1,0,1.8536016338865315
26,-2,1,0,0,-1.2033013473264993
26,-1,1,0,0,-0.5833425512517141
26,0,1,1,1,0.6809090328303906
26,1,1,1,1,1.5801188735897405
27,-2,0,0,0,-2.4655106608110096
27,-1,0,0,0,-0.4565616287654254
27,0,0,1,0,0.004742553945465744
27,1,0,1,0,-0.4115596853788068
28,-2,1,0,0,-2.706017520463371
28,-1,1,0,0,-2.8954900322437007
28,0,1,1,1,-0.9544398039379436
28,1,1,1,1,0.9430430761633102
29,-2,0,0,0,0.960488547200923
29,-1,0,0,0,0.6746954834420512
29,0,0,1,0,0.9134022086807321
29,1,0,1,0,1.8041277987573072
30,-2,0,0,0,-1.1206269399648001
30,-1,0,0,0,-0.3603560836048909
30,0,0,1,0,-1.1327796368959406
30,1,0,1,0,-0.6269184010102679
31,-2,1,0,0,-1.5035024761833646
31,-1,1,0,0,-1.4982509981666643
31,0,1,1,1,1.0365144923670695
31,1,1,1,1,1.677757523914069
32,-2,0,0,0,1.590282463286771
32,-1,0,0,0,1.9038657127586132
32,0,0,1,0,2.9479177023990353
32,1,0,1,0,3.0320159364215997
33,-2,0,0,0,-1.3857958512483255
33,-1,0,0,0,-1.687900331267246
33,0,0,1,0,-1.4776413933947694
33,1,0,1,0,-1.3400039060743942
34,-2,1,0,0,-2.056489970327355
34,-1,1,0,0,-1.1091258473725722
34,0,1,1,1,0.6917177249759456
34,1,1,1,1,1.428598670992263
35,-2,0,0,0,-1.275532649932814
35,-1,0,0,0,0.2461286404549906
35,0,0,1,0,0.774938285658194
35,1,0,1,0,-0.015349961409477308
36,-2,1,0,0,-0.753092934358537
36,-1,1,0,0,0.7375257422065781
36,0,1,1,1,1.608990397622617
36,1,1,1,1,1.6861640681357362
37,-2,1,0,0,-1.2738579387961844
37,-1,1,0,0,-1.3282791805432133
37,0,1,1,1,0.8661597551429228
37,1,1,1,1,-0.20228887733347412
38,-2,0,0,0,-0.2940130077084955
38,-1,0,0,0,0.4843424307132571
38,0,0,1,0,1.605652048432207
38,1,0,1,0,-0.5404838826127836
39,-2,0,0,0,0.6613700482116469
39,-1,0,0,0,2.4943023357225105
39,0,0,1,0,0.4264730829622403
39,1,0,1,0,1.4938102332297898
40,-2,1,0,0,-0.2354081477841895
40,-1,1,0,0,0.26458625376852973
40,0,1,1,1,0.8917095976487424
40,1,1,1,1,0.5986978922506767
41,-2,0,0,0,0.016967032732768672
41,-1,0,0,0,-2.7123681035317846
41,0,0,1,0,-1.0190127636101485
41,1,0,1,0,0.7088535685799451
42,-2,1,0,0,-1.6582264703017393
42,-1,1,0,0,-0.09576922774361217
42,0,1,1,1,0.12872711368115375
42,1,1,1,1,0.7261315234385988
43,-2,1,0,0,-1.9405217187112032
43,-1,1,0,0,0.8729304579692813
43,0,1,1,1,0.17209694740963014
43,1,1,1,1,1.8702857406682394
44,-2,0,0,0,-1.17944829133981
44,-1,0,0,0,-0.14473462852707797
44,0,0,1,0,0.7060859916150931
44,1,0,1,0,1.5114967329896882
45,-2,0,0,0,-0.36402042164604326
45,-1,0,0,0,0.8295019363141729
45,0,0,1,0,2.5993099158693815
45,1,0,1,0,1.4917351026286243
46,-2,0,0,0,-0.13524799575654634
46,-1,0,0,0,-0.7958058389112106
46,0,0,1,0,-0.8551914780867113
46,1,0,1,0,0.8800709672238001
47,-2,1,0,0,-1.1432092219472694
47,-1,1,0,0,-1.3189089308096742
47,0,1,1,1,0.12280337524417684
47,1,1,1,1,1.1384379766405528
48,-2,1,0,0,-0.03791632367555842
48,-1,1,0,0,0.3933429139436411
48,0,1,1,1,0.7907135731415893
48,1,1,1,1,1.2526337288147011
49,-2,0,0,0,-1.3687904456964357
49,-1,0,0,0,-0.5143730331671539
49,0,0,1,0,0.6444093300493573
49,1,0,1,0,0.5991886741253731
50,-2,0,0,0,-0.4566735240530476
50,-1,0,0,0,-0.6780649513769439
50,0,0,1,0,-0.20900340948581442
50,1,0,1,0,1.7230680091259107
51,-2,1,0,0,-3.7537503495399287
51,-1,1,0,0,-0.5990871595822875
51,0,1,1,1,-0.7307462177227813
51,1,1,1,1,-0.3252140280610705
52,-2,1,0,0,-2.0947183299371677
52,-1,1,0,0,0.0765187596157222
52,0,1,1,1,2.040163192774141
52,1,1,1,1,1.8762957472455615
53,-2,0,0,0,-0.20814890008919565
53,-1,0,0,0,0.29329031747328194
53,0,0,1,0,0.7957209758058436
53,1,0,1,0,0.612722729210873
54,-2,0,0,0,-2.152139118704284
54,-1,0,0,0,-0.1232180994286637
54,0,0,1,0,0.12058026131397047
54,1,0,1,0,0.9667312939640789
55,-2,1,0,0,0.08050724728192327
55,-1,1,0,0,0.3261139980696668
55,0,1,1,1,-0.5173894967661752
55,1,1,1,1,-0.055142120643758674
56,-2,0,0,0,-0.7934924728224602
56,-1,0,0,0,0.5825884222011996
56,0,0,1,0,-1.4570288361775652
56,1,0,1,0,-1.2623757676590646
57,-2,1,0,0,-1.783404217343652
57,-1,1,0,0,-0.8704517634280086
57,0,1,1,1,-1.1225586393219542
57,1,1,1,1,0.2088955918853842
58,-2,0,0,0,-2.2770568818629306
58,-1,0,0,0,-0.13769259537837675
58,0,0,1,0,-0.01742003698643635
58,1,0,1,0,-1.3780191661140742
59,-2,1,0,0,-3.0750684692951595
59,-1,1,0,0,-2.549536168732237
59,0,1,1,1,-1.0743256934391925
59,1,1,1,1,0.0487592676022432
60,-2,0,0,0,-0.7234210028819739
60,-1,0,0,0,1.640410407499114
60,0,0,1,0,1.4273635285229067
60,1,0,1,0,0.3384420074824078
61,-2,0,0,0,0.00892932442093447
61,-1,0,0,0,0.9703703945129009
61,0,0,1,0,1.1119624972867288
61,1,0,1,0,0.540824082345283
62,-2,0,0,0,-0.26685428685575163
62,-1,0,0,0,-0.19725021440514637
62,0,0,1,0,0.6233863041084703
62,1,0,1,0,1.1358963076500177
63,-2,1,0,0,-0.32293252601885347
63,-1,1,0,0,1.3402484347301402
63,0,1,1,1,1.1587551117620025
63,1,1,1,1,2.0685919294296844
64,-2,1,0,0,-2.5825509011469387
64,-1,1,0,0,-2.678740905270789
64,0,1,1,1,-1.2788134409223348
64,1,1,1,1,-1.521071149116443
65,-2,1,0,0,-3.5119179365902835
65,-1,1,0,0,-3.4580189381530517
65,0,1,1,1,-2.897802406995472
65,1,1,1,1,-1.653995949758771
66,-2,1,0,0,0.1197386018954184
66,-1,1,0,0,0.022216635295695897
66,0,1,1,1,1.5929430622411471
66,1,1,1,1,2.151809798234936
67,-2,1,0,0,-2.050247688282007
67,-1,1,0,0,-1.2394915948448069
67,0,1,1,1,0.4378441841911093
67,1,1,1,1,-0.1494562548805879
68,-2,0,0,0,0.6569933187450206
68,-1,0,0,0,-0.9051599045890582
68,0,0,1,0,-0.32550724501159045
68,1,0,1,0,1.288698878695722
69,-2,1,0,0,-0.033772576351679184
69,-1,1,0,0,-1.653098153287909
69,0,1,1,1,0.2789973054957595
69,1,1,1,1,0.8277055221258909
70,-2,1,0,0,-1.770326530426918
70,-1,1,0,0,-0.3802477561550329
70,0,1,1,1,-0.9231027217974376
70,1,1,1,1,1.115918746576029
71,-2,0,0,0,-0.3091935953063024
71,-1,0,0,0,0.32814688013834203
71,0,0,1,0,-0.6789935147380992
71,1,0,1,0,-0.5210584273248173
72,-2,0,0,0,1.0991797970226245
72,-1,0,0,0,1.089542938327285
72,0,0,1,0,-0.04391731477316285
72,1,0,1,0,1.547617318824304
73,-2,0,0,0,-1.4311591372841432
73,-1,0,0,0,-0.2660466216895639
73,0,0,1,0,0.5825472104858682
73,1,0,1,0,0.03343704415357873
74,-2,1,0,0,-0.05388757661822641
74,-1,1,0,0,-1.1990857078733272
74,0,1,1,1,0.8183779988890644
74,1,1,1,1,2.12650000644116
75,-2,1,0,0,-3.70933545194824
75,-1,1,0,0,-2.1325977481994967
75,0,1,1,1,0.06611104958027642
75,1,1,1,1,0.85615147415416
76,-2,0,0,0,0.6777572525368454
76,-1,0,0,0,1.8518278364991168
76,0,0,1,0,1.364323763159041
76,1,0,1,0,1.4506567780862087
77,-2,1,0,0,-3.3085635223960046
77,-1,1,0,0,-0.36096957186242484
77,0,1,1,1,-1.0694335131486334
77,1,1,1,1,-0.4650927426516912
78,-2,0,0,0,-2.4647175086021353
78,-1,0,0,0,-1.1015425868839106
78,0,0,1,0,-1.5625955067901265
78,1,0,1,0,-1.57664286411215
79,-2,1,0,0,-3.5734041577687807
79,-1,1,0,0,-1.002644088727287
79,0,1,1,1,-1.0517492638651316
79,1,1,1,1,0.4504967667829912
80,-2,1,0,0,-3.6428865167092677
80,-1,1,0,0,-1.9327890995879504
80,0,1,1,1,-0.47694969431164624
80,1,1,1,1,-1.9762372199939238
81,-2,0,0,0,-1.8219830959164227
81,-1,0,0,0,-1.5700165149311167
81,0,0,1,0,-0.6052546258076297
81,1,0,1,0,0.6157733068317408
82,-2,0,0,0,-0.48234013286626176
82,-1,0,0,0,-0.20788955169634138
82,0,0,1,0,-0.7052292035316224
82,1,0,1,0,0.6052775239621977
83,-2,0,0,0,-1.4430109190893396
83,-1,0,0,0,0.9259604479283146
83,0,0,1,0,-1.2399039072706293
83,1,0,1,0,0.11149775233865356
84,-2,1,0,0,-2.6633643588287237
84,-1,1,0,0,-0.9119841522449306
84,0,1,1,1,-0.663059101747514
84,1,1,1,1,0.272993842746877
85,-2,0,0,0,-2.6705914388951575
85,-1,0,0,0,-1.3254859441238152
85,0,0,1,0,-0.3098281975657191
85,1,0,1,0,-0.25896353631625496
86,-2,1,0,0,-2.3764956366966317
86,-1,1,0,0,-1.1538031695078557
86,0,1,1,1,-0.40867160223876525
86,1,1,1,1,1.2834933368811203
87,-2,0,0,0,-1.1373056867251061
87,-1,0,0,0,-1.1023059088903735
87,0,0,1,0,0.8998668747278442
87,1,0,1,0,0.9321363447857217
88,-2,1,0,0,0.3993693749069962
88,-1,1,0,0,0.13039578114370487
88,0,1,1,1,1.0014196968487883
88,1,1,1,1,2.7336862350062687
89,-2,1,0,0,-2.509212008235867
89,-1,1,0,0,-1.6654680156313837
89,0,1,1,1,-0.06970146219416895
89,1,1,1,1,-0.1377622249636413
90,-2,0,0,0,-1.7888522257894865
90,-1,0,0,0,-0.6401100350175142
90,0,0,1,0,-0.4112137481567421
90,1,0,1,0,-0.8303633416692093
91,-2,1,0,0,-0.41158245238699076
91,-1,1,0,0,2.2457309975292414
91,0,1,1,1,1.7233117306291879
91,1,1,1,1,3.2450832250643766
92,-2,0,0,0,-1.9551612321586016
92,-1,0,0,0,-1.4250858769505268
92,0,0,1,0,-1.1191327564194047
92,1,0,1,0,0.42031158056287565
93,-2,0,0,0,-1.5123925792790507
93,-1,0,0,0,-0.1526373208987396
93,0,0,1,0,0.8993388882708386
93,1,0,1,0,-0.6476763103930168
94,-2,1,0,0,-1.7145407151252705
94,-1,1,0,0,0.061812175818330956
94,0,1,1,1,0.7868535472327363
94,1,1,1,1,1.6279223865823287
95,-2,1,0,0,0.004284084887818368
95,-1,1,0,0,0.5521022046218913
95,0,1,1,1,1.7409517189865555
95,1,1,1,1,3.0287481641332716
96,-2,1,0,0,-1.9450370633282885
96,-1,1,0,0,-1.8245290484002923
96,0,1,1,1,1.1596418567804978
96,1,1,1,1,1.9051330671029036
97,-2,1,0,0,-4.025588265746467
97,-1,1,0,0,-0.40501222958743965
97,0,1,1,1,-0.5244262033483487
97,1,1,1,1,-0.7405157987352141
98,-2,1,0,0,-3.228823481953773
98,-1,1,0,0,-2.5115973924834436
98,0,1,1,1,-0.5463567768335149
98,1,1,1,1,-1.2000063286982023
99,-2,0,0,0,0.273150697933178
99,-1,0,0,0,0.2109651993629976
99,0,0,1,0,1.7192358240207182
99,1,0,1,0,2.2136542909392958
100,-2,0,0,0,0.4982510760875245
100,-1,0,0,0,2.0638509985563585
100,0,0,1,0,2.1693923799222015
100,1,0,1,0,2.4927168066864676
101,-2,0,0,0,-0.9850760877640297
101,-1,0,0,0,-1.6908196317369817
101,0,0,1,0,-1.2723390239474737
101,1,0,1,0,-0.5830448163754177
102,-2,1,0,0,-2.352845992819845
102,-1,1,0,0,-1.8322124946203928
102,0,1,1,1,-0.10954585561974506
102,1,1,1,1,0.1827008169945219
103,-2,1,0,0,-2.9904722295004307
103,-1,1,0,0,-2.088429433288453
103,0,1,1,1,-0.10156645527411845
103,1,1,1,1,-0.48336178396491464
104,-2,1,0,0,-2.9150834994060455
104,-1,1,0,0,-1.0322938010807408
104,0,1,1,1,1.3677359005294694
104,1,1,1,1,0.10101355886963959
105,-2,0,0,0,0.6111899154173259
105,-1,0,0,0,-0.18130832890175475
105,0,0,1,0,-1.9598937922280697
105,1,0,1,0,-0.02021023250231968
106,-2,0,0,0,-1.2792036565775582
106,-1,0,0,0,0.06896948228010202
106,0,0,1,0,0.15402348277678976
106,1,0,1,0,-1.3475219682090678
107,-2,0,0,0,-0.41001171482100296
107,-1,0,0,0,0.2852362985282344
107,0,0,1,0,0.9688922935408486
107,1,0,1,0,0.9776860002764192
108,-2,1,0,0,-3.000629844450162
108,-1,1,0,0,-1.1550502412579955
108,0,1,1,1,-0.24377061477458825
108,1,1,1,1,0.6784363265829021
109,-2,0,0,0,-0.9943567569039816
109,-1,0,0,0,0.41000353515872884
109,0,0,1,0,1.1712184625004536
109,1,0,1,0,0.5967104464566253
110,-2,0,0,0,0.37302749312293115
110,-1,0,0,0,1.3991528317916422
110,0,0,1,0,3.4331932514011676
110,1,0,1,0,2.4494188069795335
111,-2,0,0,0,-2.835347345497458
111,-1,0,0,0,-0.6324323227862234
111,0,0,1,0,0.6644683036442351
111,1,0,1,0,-0.6803009080844372
112,-2,0,0,0,0.8649515037839284
112,-1,0,0,0,1.1045958962516602
112,0,0,1,0,0.8801454168257588
112,1,0,1,0,1.2547880230111566
113,-2,0,0,0,-0.6099820427972951
113,-1,0,0,0,-1.2921368561145368
113,0,0,1,0,-1.346936437189704
113,1,0,1,0,0.2858049670311853
114,-2,1,0,0,-1.6594941343861538
114,-1,1,0,0,0.09550169756134502
114,0,1,1,1,0.6502621043317006
114,1,1,1,1,2.084855975203991
115,-2,0,0,0,-1.9485002021519573
115,-1,0,0,0,-1.9314551650908731
115,0,0,1,0,-2.077783453388154
115,1,0,1,0,-0.24648683254945913
116,-2,1,0,0,-0.7808528156850127
116,-1,1,0,0,-0.3214334906724644
116,0,1,1,1,0.2026974451993372
116,1,1,1,1,0.1619043055529943
117,-2,0,0,0,-1.642289567359102
117,-1,0,0,0,-3.140666955954888
117,0,0,1,0,-1.8592768027569382
117,1,0,1,0,-1.340065927733308
118,-2,0,0,0,1.0262288610199433
118,-1,0,0,0,2.699080601180012
118,0,0,1,0,1.3689367549417613
118,1,0,1,0,1.889556206562186
119,-2,1,0,0,-1.4373997847731368
119,-1,1,0,0,-1.3651066676169932
119,0,1,1,1,-0.6733474800039838
119,1,1,1,1,2.027750560278754
120,-2,0,0,0,-1.550782664472278
120,-1,0,0,0,-1.1667502684314779
120,0,0,1,0,-1.061423045203417
120,1,0,1,0,1.1099538910574276
121,-2,0,0,0,-1.3402349123726112
121,-1,0,0,0,-0.3793718064296867
121,0,0,1,0,-1.2239163053432844
121,1,0,1,0,-0.6884746875045946
122,-2,1,0,0,-1.4203131305311545
122,-1,1,0,0,-0.06606494852930989
122,0,1,1,1,1.1118540685772516
122,1,1,1,1,2.0678815415894323
123,-2,1,0,0,0.534499526968354
123,-1,1,0,0,0.7939224045171861
123,0,1,1,1,2.164324311938255
123,1,1,1,1,2.626325169504153
124,-2,1,0,0,-0.17425186606942655
124,-1,1,0,0,0.48236231237876326
124,0,1,1,1,1.6057322494431638
124,1,1,1,1,3.502627197678265
125,-2,0,0,0,0.029218698039114255
125,-1,0,0,0,-0.1029947294608502
125,0,0,1,0,-1.9381373482132043
125,1,0,1,0,-0.9141671271470966
126,-2,1,0,0,0.8942966090263748
126,-1,1,0,0,0.2478570214091217
126,0,1,1,1,-1.382133213826484
126,1,1,1,1,3.93179095662669
127,-2,0,0,0,-1.2480997486739984
127,-1,0,0,0,-0.6967015710855324
127,0,0,1,0,-1.8720930618694382
127,1,0,1,0,0.4163941314804513
128,-2,1,0,0,-1.2929519148858282
128,-1,1,0,0,-1.2244641506889447
128,0,1,1,1,0.6034910142350688
128,1,1,1,1,1.550732346622927
129,-2,1,0,0,-0.7203472279097363
129,-1,1,0,0,0.150901557321527
129,0,1,1,1,0.7039853633900016
129,1,1,1,1,1.7216646791752739
130,-2,1,0,0,-1.9972149704006945
130,-1,1,0,0,-0.33758650274285196
130,0,1,1,1,0.4490796001605911
130,1,1,1,1,0.7442935254839764
131,-2,1,0,0,-1.0087912389186
131,-1,1,0,0,-1.6791041947623224
131,0,1,1,1,-1.1672702454784105
131,1,1,1,1,0.5372084500945764
132,-2,1,0,0,-0.975328960610014
132,-1,1,0,0,-0.14713502711582171
132,0,1,1,1,0.46619124991675553
132,1,1,1,1,2.013859669326769
133,-2,1,0,0,-2.203010576803895
133,-1,1,0,0,-0.300364012279043
133,0,1,1,1,1.7913875509562325
133,1,1,1,1,1.1634965615784034
134,-2,1,0,0,-3.3344363010635085
134,-1,1,0,0,-0.856165555208331
134,0,1,1,1,0.447488823547518
134,1,1,1,1,0.31411667676374067
135,-2,1,0,0,-2.7168428513043033
135,-1,1,0,0,-0.9223439662654739
135,0,1,1,1,0.21942425776726893
135,1,1,1,1,-0.25690621442918304
136,-2,1,0,0,-0.3594547790059045
136,-1,1,0,0,-0.6952122054410275
136,0,1,1,1,-0.7138151906158255
136,1,1,1,1,1.8156427899041199
137,-2,1,0,0,-3.0782798870233066
137,-1,1,0,0,-1.9471201409312329
137,0,1,1,1,-1.013646491514215
137,1,1,1,1,-1.2388854976084547
138,-2,0,0,0,0.879517080158554
138,-1,0,0,0,-0.614863248340576
138,0,0,1,0,1.701181205287498
138,1,0,1,0,1.4523486680101694
139,-2,0,0,0,0.5308855931901313
139,-1,0,0,0,-2.5287825820028145
139,0,0,1,0,-1.027450839939726
139,1,0,1,0,-1.5573659849626371
140,-2,1,0,0,-2.4017714205687533
140,-1,1,0,0,-1.656548342712369
140,0,1,1,1,-1.5608136067804117
140,1,1,1,1,-0.29343299212643686
141,-2,1,0,0,-3.608648041707023
141,-1,1,0,0,-2.229103274259976
141,0,1,1,1,0.4780879323064229
141,1,1,1,1,0.8990843693791788
142,-2,0,0,0,-1.3049571418982693
142,-1,0,0,0,-0.7575293486663448
142,0,0,1,0,-0.8508697436922142
142,1,0,1,0,-0.6617667146721515
143,-2,1,0,0,-1.7570666582698635
143,-1,1,0,0,-2.2817240832571457
143,0,1,1,1,-3.436171526060477
143,1,1,1,1,0.40051601018849503
144,-2,0,0,0,0.40486126706785847
144,-1,0,0,0,-0.8025692290215783
144,0,0,1,0,0.6275663203033638
144,1,0,1,0,1.6923139758214307
145,-2,1,0,0,-1.9447833566349029
145,-1,1,0,0,-1.8282450462943478
145,0,1,1,1,0.17022711632899568
145,1,1,1,1,0.7541985121001445
146,-2,0,0,0,0.6173535833211004
146,-1,0,0,0,0.4557579720890572
146,0,0,1,0,0.07738199182331318
146,1,0,1,0,1.9436900841575964
147,-2,1,0,0,-2.6506855103490548
147,-1,1,0,0,-0.9301342224515612
147,0,1,1,1,1.1212786422871535
147,1,1,1,1,0.5970792712495734
148,-2,1,0,0,-1.1119245584777278
148,-1,1,0,0,0.6897778894335722
148,0,1,1,1,0.5325570056169672
148,1,1,1,1,1.945650212257692
149,-2,0,0,0,-0.8476397430680036
149,-1,0,0,0,-1.7828489562408456
149,0,0,1,0,-1.724896397053505
149,1,0,1,0,0.249444193622762
150,-2,0,0,0,3.435455986085895
150,-1,0,0,0,1.592899369868974
150,0,0,1,0,3.4338885585269403
150,1,0,1,0,2.6422399025516548
151,-2,0,0,0,-2.2510088537235187
151,-1,0,0,0,0.6783650511855865
151,0,0,1,0,-1.0193058183282597
151,1,0,1,0,0.13242760403727455
152,-2,1,0,0,-3.9103918663988746
152,-1,1,0,0,-2.805685219112526
152,0,1,1,1,-1.6247187794437217
152,1,1,1,1,-1.020495635564
153,-2,0,0,0,-1.0046704547656213
153,-1,0,0,0,-0.5769195958609984
153,0,0,1,0,-0.03518178131322364
153,1,0,1,0,0.9321140686992929
154,-2,0,0,0,-2.0042661172773446
154,-1,0,0,0,-1.4515461825238027
154,0,0,1,0,-1.5295428972936511
154,1,0,1,0,-2.5884003151597965
155,-2,0,0,0,-2.231960449780546
155,-1,0,0,0,-1.3613040400239211
155,0,0,1,0,0.06565384814364565
155,1,0,1,0,0.5696251567726349
156,-2,0,0,0,0.3715731547954191
156,-1,0,0,0,0.29734071079904456
156,0,0,1,0,-0.3138050992281447
156,1,0,1,0,-0.9177042651291435
157,-2,1,0,0,-0.5090869446021773
157,-1,1,0,0,-1.788387453558434
157,0,1,1,1,-0.47219496076346934
157,1,1,1,1,-0.37200048901744565
158,-2,0,0,0,1.9795956043013847
158,-1,0,0,0,1.5952604597669664
158,0,0,1,0,1.374391006387329
158,1,0,1,0,0.8472857597203827
159,-2,0,0,0,-0.2672977201327317
159,-1,0,0,0,1.0881015577752402
159,0,0,1,0,0.10640562201455361
159,1,0,1,0,1.8977931062630207
160,-2,1,0,0,-1.382505501888266
160,-1,1,0,0,-1.2427869216945404
160,0,1,1,1,-0.6064728353649256
160,1,1,1,1,1.6621222379207419
161,-2,1,0,0,-0.6303073611243869
161,-1,1,0,0,0.5604489328137257
161,0,1,1,1,-0.2210678917599307
161,1,1,1,1,1.9676229573445294
162,-2,1,0,0,-2.254230686756903
162,-1,1,0,0,-2.292243650539792
162,0,1,1,1,-0.4500005621449019
162,1,1,1,1,0.5660556494838361
163,-2,1,0,0,-1.321854213976051
163,-1,1,0,0,-0.18520265662558585
163,0,1,1,1,0.6953542366764143
163,1,1,1,1,0.09758408361969151
164,-2,1,0,0,-2.2955321478326645
164,-1,1,0,0,-1.7767739089530612
164,0,1,1,1,0.31221147435951413
164,1,1,1,1,0.3617223702588907
165,-2,0,0,0,2.036086713599051
165,-1,0,0,0,1.5179592643336868
165,0,0,1,0,0.7506204472492031
165,1,0,1,0,2.0308157429517437
166,-2,0,0,0,0.05836632537826025
166,-1,0,0,0,0.30889348314439624
166,0,0,1,0,1.5188982992246616
166,1,0,1,0,0.3443023402662895
167,-2,0,0,0,0.18506154655150486
167,-1,0,0,0,-0.9336584634480897
167,0,0,1,0,-1.0939329106013935
167,1,0,1,0,0.7273116220885092
168,-2,1,0,0,-1.5121914844744955
168,-1,1,0,0,-0.40610319799467687
168,0,1,1,1,1.585856831144451
168,1,1,1,1,-0.7702789935667661
169,-2,1,0,0,-2.271820933804367
169,-1,1,0,0,-0.2822376840013492
169,0,1,1,1,-0.8420037935269198
169,1,1,1,1,-1.573424891496128
170,-2,1,0,0,-2.2922510505118243
170,-1,1,0,0,-0.6508355971059633
170,0,1,1,1,-0.8707107192610264
170,1,1,1,1,1.7303944788516947
171,-2,0,0,0,-1.694518455960193
171,-1,0,0,0,-0.54038720419696
171,0,0,1,0,-0.3481199868648606
171,1,0,1,0,1.0394229788450282
172,-2,1,0,0,-2.7348431852234167
172,-1,1,0,0,-0.4665994365493743
172,0,1,1,1,0.7139596296844991
172,1,1,1,1,1.21340019988421
173,-2,1,0,0,-2.102526531708305
173,-1,1,0,0,-1.5180810631697843
173,0,1,1,1,-0.04694302262687877
173,1,1,1,1,-0.5327338502093404
174,-2,1,0,0,-0.14054863743458795
174,-1,1,0,0,0.7470685988226515
174,0,1,1,1,2.130578949330955
174,1,1,1,1,1.254534806050402
175,-2,0,0,0,-2.2199383122805783
175,-1,0,0,0,-0.8637744277344157
175,0,0,1,0,-1.9976981236614533
175,1,0,1,0,-1.4872749222491868
176,-2,0,0,0,-0.6454591596090752
176,-1,0,0,0,-1.0227159598241773
176,0,0,1,0,-0.2508462145167431
176,1,0,1,0,-0.5106933820717512
177,-2,0,0,0,-0.7191819060552512
177,-1,0,0,0,-1.2464307391463543
177,0,0,1,0,-0.03920002929366939
177,1,0,1,0,-0.29052125427961245
178,-2,1,0,0,-1.8927483982581825
178,-1,1,0,0,-0.20585932185725464
178,0,1,1,1,-0.06406959420152225
178,1,1,1,1,2.329343073797827
179,-2,0,0,0,-2.138791772339045
179,-1,0,0,0,-0.6203101082386125
179,0,0,1,0,-0.4217078542618229
179,1,0,1,0,-0.007563968865616111
180,-2,0,0,0,1.3736715250598377
180,-1,0,0,0,-2.9976490837655723
180,0,0,1,0,-1.3743300297525611
180,1,0,1,0,-1.0419959444011282
181,-2,1,0,0,-0.9060067598358552
181,-1,1,0,0,0.8185019922929108
181,0,1,1,1,0.884162439439297
181,1,1,1,1,1.7321869639365548
182,-2,0,0,0,1.7788341931708191
182,-1,0,0,0,2.502098242996713
182,0,0,1,0,1.7670780753554187
182,1,0,1,0,2.539216586362122
183,-2,1,0,0,-0.053750548660855754
183,-1,1,0,0,0.055268824525975146
183,0,1,1,1,0.7869746585079473
183,1,1,1,1,2.6557116764962427
184,-2,0,0,0,-1.182433374491801
184,-1,0,0,0,-0.22025001313944578
184,0,0,1,0,0.20033400338530735
184,1,0,1,0,0.19221574146213394
185,-2,1,0,0,-0.22065141536787425
185,-1,1,0,0,1.1917424734358102
185,0,1,1,1,1.0883786028798925
185,1,1,1,1,1.3485845118861084
186,-2,1,0,0,-2.2219502579774604
186,-1,1,0,0,-1.2218875063546073
186,0,1,1,1,-0.4590247478278964
186,1,1,1,1,2.054729792329046
187,-2,1,0,0,-1.5526429560465682
187,-1,1,0,0,1.6358265189624075
187,0,1,1,1,2.105898898700841
187,1,1,1,1,1.6690403759046493
188,-2,1,0,0,-1.6330077420252924
188,-1,1,0,0,0.018794674190957483
188,0,1,1,1,-0.953297760385934
188,1,1,1,1,1.0573602805339606
189,-2,1,0,0,-4.192170474341967
189,-1,1,0,0,-3.22116570955299
189,0,1,1,1,-1.6608637613969224
189,1,1,1,1,-1.774748937421151
190,-2,1,0,0,-0.9237649389572716
190,-1,1,0,0,0.5836608704713107
190,0,1,1,1,-0.18043346383670297
190,1,1,1,1,1.142586044937179
191,-2,1,0,0,0.17080105290816072
191,-1,1,0,0,-1.5285177192030492
191,0,1,1,1,-0.26383393407945055
191,1,1,1,1,1.2796482381557708
192,-2,0,0,0,-1.0622324734107293
192,-1,0,0,0,-0.6575372666681089
192,0,0,1,0,-0.9837700962606422
192,1,0,1,0,-0.3209716840146035
193,-2,1,0,0,-0.7914458953727996
193,-1,1,0,0,0.2822803393178328
193,0,1,1,1,0.004528416022292481
193,1,1,1,1,1.8125617547329527
194,-2,1,0,0,-1.9661190370422856
194,-1,1,0,0,-1.8225689424504798
194,0,1,1,1,1.1850221827866023
194,1,1,1,1,2.2457107475694116
195,-2,0,0,0,-1.3418490051760854
195,-1,0,0,0,-0.8779458155936826
195,0,0,1,0,-0.8590588588205632
195,1,0,1,0,-0.9799036430303307
196,-2,0,0,0,-0.0910362519186218
196,-1,0,0,0,0.05071021914250973
196,0,0,1,0,1.3015077268804356
196,1,0,1,0,0.1871723221583801
197,-2,0,0,0,-0.6379809787352894
197,-1,0,0,0,0.1340968566511354
197,0,0,1,0,-0.2792798784726445
197,1,0,1,0,-0.46418237155652137
198,-2,1,0,0,-2.7768990493132453
198,-1,1,0,0,-1.1740137170079044
198,0,1,1,1,0.40366546060181835
198,1,1,1,1,0.8173789872127704
199,-2,0,0,0,-0.16050413027827448
199,-1,0,0,0,-0.07160268122168073
199,0,0,1,0,1.483561957342065
199,1,0,1,0,0.8860784756608924
200,-2,1,0,0,0.5598054898231857
200,-1,1,0,0,0.37462329882540535
200,0,1,1,1,0.1995859408742604
200,1,1,1,1,0.6484285302625101
201,-2,0,0,0,-0.5829353111280222
201,-1,0,0,0,-1.118476629199361
201,0,0,1,0,-0.037853132562106095
201,1,0,1,0,-0.1054355271561348
202,-2,0,0,0,-1.9580465608495157
202,-1,0,0,0,-0.6063600465099348
202,0,0,1,0,0.4546504755980406
202,1,0,1,0,-0.35997212097681636
203,-2,0,0,0,-1.69270693409951
203,-1,0,0,0,-1.8308384452630257
203,0,0,1,0,-1.6192021658668225
203,1,0,1,0,-2.147640108639264
204,-2,0,0,0,-2.5592982030846536
204,-1,0,0,0,-0.18150747297172898
204,0,0,1,0,-0.1843297449306585
204,1,0,1,0,0.37916755226213494
205,-2,1,0,0,-1.7594815041581615
205,-1,1,0,0,-0.4834936346428469
205,0,1,1,1,1.2642647033268593
205,1,1,1,1,1.3948332482283954
206,-2,0,0,0,-0.04734697422814216
206,-1,0,0,0,0.2955986041680737
206,0,0,1,0,2.075780502102191
206,1,0,1,0,0.16818406312621242
207,-2,1,0,0,0.7066646351676198
207,-1,1,0,0,1.6788070363517174
207,0,1,1,1,1.8983744722623759
207,1,1,1,1,2.9865811127913875
208,-2,0,0,0,1.3369942140541855
208,-1,0,0,0,2.203339093175623
208,0,0,1,0,1.411702233049949
208,1,0,1,0,0.9425732803335144
209,-2,0,0,0,-0.17315476798528895
209,-1,0,0,0,-0.7757553926995584
209,0,0,1,0,0.6204985687363002
209,1,0,1,0,0.6989487627584505
210,-2,1,0,0,0.09532888624130131
210,-1,1,0,0,0.3256083605837903
210,0,1,1,1,1.8499424540784852
210,1,1,1,1,2.033459702637968
211,-2,0,0,0,-4.149868338941805
211,-1,0,0,0,-4.15322051923744
211,0,0,1,0,-3.7563280774451293
211,1,0,1,0,-3.5158489122453345
212,-2,1,0,0,-0.35504205618167095
212,-1,1,0,0,0.4963971455595011
212,0,1,1,1,1.3005146345355627
212,1,1,1,1,1.0787840541490294
213,-2,1,0,0,-3.4865520936410075
213,-1,1,0,0,-1.9973065293596362
213,0,1,1,1,0.004487373495875024
213,1,1,1,1,0.3860303767660764
214,-2,0,0,0,-0.3782434642597722
214,-1,0,0,0,-0.12385245011507595
214,0,0,1,0,0.43707699432163083
214,1,0,1,0,0.5779957583880597
215,-2,1,0,0,-1.9970659500340784
215,-1,1,0,0,-0.32061020281986496
215,0,1,1,1,1.1749233515699697
215,1,1,1,1,0.7852583344507819
216,-2,0,0,0,-0.27549824760239555
216,-1,0,0,0,-1.4952370797987642
216,0,0,1,0,-0.8726105887637448
216,1,0,1,0,0.5116548464181044
217,-2,1,0,0,-0.6336802787889182
217,-1,1,0,0,-0.5566646322762931
217,0,1,1,1,1.621288193966739
217,1,1,1,1,-0.5448529352271998
218,-2,1,0,0,-1.2861256261515057
218,-1,1,0,0,-1.509616103393068
218,0,1,1,1,-0.5279177914958095
218,1,1,1,1,0.3049527357388583
219,-2,0,0,0,-1.694800715502302
219,-1,0,0,0,-0.8467876191729297
219,0,0,1,0,-1.429879818449179
219,1,0,1,0,0.357705124415909
220,-2,0,0,0,-0.6948273038521269
220,-1,0,0,0,-0.5298392043047846
220,0,0,1,0,-1.3065840827053448
220,1,0,1,0,0.4047037457896779
221,-2,0,0,0,-0.683408999285456
221,-1,0,0,0,-0.3384762750686253
221,0,0,1,0,1.1135889551221196
221,1,0,1,0,0.36039793672483167
222,-2,1,0,0,0.04196297203585908
222,-1,1,0,0,-0.3544875691215782
222,0,1,1,1,2.103729861361637
222,1,1,1,1,2.0820528379782046
223,-2,0,0,0,1.7699240889593466
223,-1,0,0,0,1.4717210997336245
223,0,0,1,0,1.2966101810595654
223,1,0,1,0,1.2633848114415174
224,-2,1,0,0,-1.5454840863503492
224,-1,1,0,0,-1.3531035307073254
224,0,1,1,1,0.22166649028119137
224,1,1,1,1,1.6733725869076155
225,-2,1,0,0,-0.9683491488167815
225,-1,1,0,0,0.708445616129973
225,0,1,1,1,-0.06183049998068868
225,1,1,1,1,0.7131631714052404
226,-2,1,0,0,-0.13563781906082006
226,-1,1,0,0,-2.0234565318422937
226,0,1,1,1,0.4274604046773543
226,1,1,1,1,0.5015335049740914
227,-2,0,0,0,-0.3865363997654432
227,-1,0,0,0,-1.4454453350159395
227,0,0,1,0,-0.122107428910327
227,1,0,1,0,1.6683088459727418
228,-2,0,0,0,-1.2806389991304046
228,-1,0,0,0,-0.3821877894326835
228,0,0,1,0,-0.249976075441597
228,1,0,1,0,-0.113444539376101
229,-2,1,0,0,-0.5992031373626598
229,-1,1,0,0,-0.35276051219511373
229,0,1,1,1,0.19962552648360665
229,1,1,1,1,2.4707197164210544
230,-2,1,0,0,-2.1395828654500884
230,-1,1,0,0,-0.8485850615687642
230,0,1,1,1,1.1913358275640227
230,1,1,1,1,-1.0743598299729868
231,-2,0,0,0,0.5603712658454763
231,-1,0,0,0,0.6023716458067936
231,0,0,1,0,1.4788649168550978
231,1,0,1,0,1.010101328888684
232,-2,0,0,0,-0.37824371712681215
232,-1,0,0,0,-0.5406364795250255
232,0,0,1,0,-0.051258552529618195
232,1,0,1,0,-0.6498832586130016
233,-2,0,0,0,0.25478103609295394
233,-1,0,0,0,-0.7478020769074157
233,0,0,1,0,1.0840295250531047
233,1,0,1,0,1.12422665307137
234,-2,1,0,0,-0.3366759584766009
234,-1,1,0,0,-0.5722394682971954
234,0,1,1,1,2.1660412969832588
234,1,1,1,1,1.8512578757431728
235,-2,0,0,0,-0.8651667817913983
235,-1,0,0,0,-0.6209904487030067
235,0,0,1,0,-0.9490093072190746
235,1,0,1,0,0.8819674146557057
236,-2,0,0,0,-2.0457591753264666
236,-1,0,0,0,-0.01491723816943158
236,0,0,1,0,0.128954926348238
236,1,0,1,0,0.40164147392124316
237,-2,1,0,0,-2.143354280048695
237,-1,1,0,0,-1.0636775864911483
237,0,1,1,1,-0.7415158516281205
237,1,1,1,1,1.4619284381261055
238,-2,1,0,0,-2.0364975870192117
238,-1,1,0,0,0.06899908244673969
238,0,1,1,1,-0.43745361205275357
238,1,1,1,1,0.32540838347410195
239,-2,0,0,0,-1.542218418392142
239,-1,0,0,0,-1.0450978566699425
239,0,0,1,0,0.12426762949593889
239,1,0,1,0,-0.9103962365511692
240,-2,1,0,0,-0.9862636989484239
240,-1,1,0,0,0.6515809861392237
240,0,1,1,1,-0.2351726105287063
240,1,1,1,1,1.206381270836473
241,-2,1,0,0,-2.330199809836281
241,-1,1,0,0,0.3896461738720323
241,0,1,1,1,0.6397572458914551
241,1,1,1,1,2.175917014789545
242,-2,0,0,0,-1.825138773421467
242,-1,0,0,0,-0.71034751808566
242,0,0,1,0,-0.4413703696119511
242,1,0,1,0,0.10915716450819479
243,-2,0,0,0,-2.0389358781734037
243,-1,0,0,0,-0.7989090910045304
243,0,0,1,0,0.654461849282153
243,1,0,1,0,0.8641505503093516
244,-2,0,0,0,-0.3218039493868211
244,-1,0,0,0,-0.7035062220364168
244,0,0,1,0,0.012651568486179265
244,1,0,1,0,0.7948978428732079
245,-2,0,0,0,-0.28061843391034547
245,-1,0,0,0,-0.442581948532512
245,0,0,1,0,2.071756236423278
245,1,0,1,0,0.534639270854092
246,-2,1,0,0,-3.5952512324283203
246,-1,1,0,0,-2.54647823414728
246,0,1,1,1,-0.11029490064677983
246,1,1,1,1,0.06496503707299148
247,-2,1,0,0,-1.5359759543812068
247,-1,1,0,0,-0.8248814297235654
247,0,1,1,1,2.034669048027074
247,1,1,1,1,1.6329564826009502
248,-2,1,0,0,-3.2109325071481587
248,-1,1,0,0,-2.486115031085264
248,0,1,1,1,-0.735370114344405
248,1,1,1,1,-2.211499702928223
249,-2,0,0,0,1.5898331714488179
249,-1,0,0,0,1.3594789273123926
249,0,0,1,0,0.16918200724983223
249,1,0,1,0,2.5695928403945643
250,-2,1,0,0,-1.077208545685813
250,-1,1,0,0,-0.318487308049323
250,0,1,1,1,-0.39529271143110534
250,1,1,1,1,-0.22071541212583412
251,-2,1,0,0,-1.1776978134685994
251,-1,1,0,0,-0.40897932227145817
251,0,1,1,1,-0.070383953726159
251,1,1,1,1,1.8151597880764871
252,-2,1,0,0,-0.4009481468262359
252,-1,1,0,0,-1.2896124630973231
252,0,1,1,1,0.179870316176933
252,1,1,1,1,2.161348961532937
253,-2,0,0,0,0.04420920094416436
253,-1,0,0,0,-0.75293905698601
253,0,0,1,0,-0.5060887140602796
253,1,0,1,0,0.8588916837699296
254,-2,1,0,0,-0.1819291812946724
254,-1,1,0,0,-1.5596266540795525
254,0,1,1,1,-0.28274967482895375
254,1,1,1,1,-0.9604789162527803
255,-2,1,0,0,0.9693382730817685
255,-1,1,0,0,1.0301323888047862
255,0,1,1,1,1.5568428862005654
255,1,1,1,1,1.9830475080111216
256,-2,0,0,0,0.8991517607680097
256,-1,0,0,0,-0.3839022052440154
256,0,0,1,0,0.22645499507913608
256,1,0,1,0,0.8471904613896227
257,-2,0,0,0,-2.7865109032257096
257,-1,0,0,0,-1.45219369895664
257,0,0,1,0,-1.5391659405344995
257,1,0,1,0,-0.045077966847065665
258,-2,1,0,0,-2.7725082179237877
258,-1,1,0,0,-1.7255177440065832
258,0,1,1,1,-2.2110796103849797
258,1,1,1,1,0.5456956258630382
259,-2,0,0,0,2.2712021693918705
259,-1,0,0,0,1.3432443587589595
259,0,0,1,0,1.446856155357482
259,1,0,1,0,3.346677330367381
260,-2,1,0,0,-1.3828375580665413
260,-1,1,0,0,-0.035689307509775725
260,0,1,1,1,-1.3196494195432618
260,1,1,1,1,0.8253111494467448
261,-2,1,0,0,-1.4118942925176847
261,-1,1,0,0,0.7669930011156942
261,0,1,1,1,0.2852802200224258
261,1,1,1,1,1.0080327052213063
262,-2,0,0,0,-1.729928972691131
262,-1,0,0,0,-2.41609272547379
262,0,0,1,0,-0.8312904855193941
262,1,0,1,0,-0.7465495926933221
263,-2,1,0,0,-1.6983528232391354
263,-1,1,0,0,-2.7894082507890783
263,0,1,1,1,-0.5697335828737977
263,1,1,1,1,0.1985367324504954
264,-2,0,0,0,-0.4415326034609779
264,-1,0,0,0,-1.6567209949158022
264,0,0,1,0,-0.09086503811861044
264,1,0,1,0,0.36701060557284987
265,-2,0,0,0,0.834277906262265
265,-1,0,0,0,1.0138916907235016
265,0,0,1,0,0.5121787618671199
265,1,0,1,0,2.6934757519248103
266,-2,1,0,0,0.1698543311078442
266,-1,1,0,0,-0.0915174131282315
266,0,1,1,1,1.5682385553042497
266,1,1,1,1,-0.6383341472346526
267,-2,1,0,0,-2.2307777360972185
267,-1,1,0,0,-0.30600467006098436
267,0,1,1,1,0.8998757064391463
267,1,1,1,1,1.1925733650701547
268,-2,0,0,0,0.5283308660458692
268,-1,0,0,0,1.817838836649996
268,0,0,1,0,3.643695839548458
268,1,0,1,0,1.6433050240793503
269,-2,0,0,0,-1.860461095407135
269,-1,0,0,0,-3.229630380398068
269,0,0,1,0,-1.8023764205020574
269,1,0,1,0,-0.847978122553819
270,-2,1,0,0,-2.4499333871233318
270,-1,1,0,0,-1.8857027506642994
270,0,1,1,1,-1.655052592344001
270,1,1,1,1,-0.37228268470927184
271,-2,1,0,0,1.848051337785054
271,-1,1,0,0,0.8552294443366912
271,0,1,1,1,-0.43086426295694713
271,1,1,1,1,1.191201408068298
272,-2,1,0,0,-0.9197017578061187
272,-1,1,0,0,0.62012398989079
272,0,1,1,1,3.2185305445752066
272,1,1,1,1,2.376892766996088
273,-2,1,0,0,-1.435807893393856
273,-1,1,0,0,-0.998460715434566
273,0,1,1,1,1.7008809912873604
273,1,1,1,1,0.629750193844496
274,-2,0,0,0,-0.3444107207366962
274,-1,0,0,0,-1.3180177403430084
274,0,0,1,0,-0.46188972591692823
274,1,0,1,0,-0.7661875477168758
275,-2,1,0,0,0.17928595790265822
275,-1,1,0,0,-1.525358778231549
275,0,1,1,1,-0.7418548044624504
275,1,1,1,1,-0.1822458631825542
276,-2,1,0,0,-0.62357441570556
276,-1,1,0,0,1.3597444770505982
276,0,1,1,1,-0.003991288456390518
276,1,1,1,1,2.119210592046275
277,-2,0,0,0,-0.40043023933742794
277,-1,0,0,0,-0.5306595174580951
277,0,0,1,0,0.093008380003543
277,1,0,1,0,1.1533624678352692
278,-2,0,0,0,-0.11529842565772963
278,-1,0,0,0,1.1056097174163728
278,0,0,1,0,1.4131226373853298
278,1,0,1,0,1.0341617906161866
279,-2,0,0,0,-0.13334860073178123
279,-1,0,0,0,-1.3630999082291193
279,0,0,1,0,0.508552937302596
279,1,0,1,0,0.37936530055651624
280,-2,1,0,0,-2.3107999333388465
280,-1,1,0,0,-0.3834281115822862
280,0,1,1,1,0.0315784431206116
280,1,1,1,1,2.211859908673828
281,-2,1,0,0,-1.7136657942434708
281,-1,1,0,0,-2.2231783698049212
281,0,1,1,1,0.5362335576598124
281,1,1,1,1,0.1709808365339801
282,-2,0,0,0,-4.481029500954852
282,-1,0,0,0,-3.271631862800139
282,0,0,1,0,-3.906165014837106
282,1,0,1,0,-3.276022868172346
283,-2,0,0,0,-0.5527699206222116
283,-1,0,0,0,-0.7013620646819904
283,0,0,1,0,-2.227644436449954
283,1,0,1,0,-0.9850530352015351
284,-2,1,0,0,-1.547397569298196
284,-1,1,0,0,-0.3224309768393886
284,0,1,1,1,0.7199212718811401
284,1,1,1,1,1.3864068336197752
285,-2,1,0,0,-3.7023328108869
285,-1,1,0,0,-0.34943901439855285
285,0,1,1,1,0.03827828928057368
285,1,1,1,1,1.4859536371608324
286,-2,1,0,0,-4.534668516841972
286,-1,1,0,0,-3.1970323486830043
286,0,1,1,1,-2.8792294625202124
286,1,1,1,1,-1.6493469121088815
287,-2,0,0,0,-1.9583373272161806
287,-1,0,0,0,0.1278886347761316
287,0,0,1,0,0.3282726823293611
287,1,0,1,0,-0.1908333274702101
288,-2,0,0,0,-0.6291441526380388
288,-1,0,0,0,-0.2916167235882533
288,0,0,1,0,-0.5066315194857914
288,1,0,1,0,-0.079975339519336
289,-2,0,0,0,0.5018252374545691
289,-1,0,0,0,-0.10017313803048272
289,0,0,1,0,2.13964677099995
289,1,0,1,0,2.4525326892181027
290,-2,1,0,0,-0.7259316666918376
290,-1,1,0,0,-1.269135082461709
290,0,1,1,1,0.9707438403043374
290,1,1,1,1,2.5897062367920327
291,-2,1,0,0,-1.540495704859511
291,-1,1,0,0,-1.0394965261380387
291,0,1,1,1,-0.25769304205222854
291,1,1,1,1,-0.5831576715405534
292,-2,1,0,0,-1.7680570361226624
292,-1,1,0,0,-2.17926951586144
292,0,1,1,1,-0.11170598357756727
292,1,1,1,1,0.3689833633135718
293,-2,0,0,0,-1.2986133653859657
293,-1,0,0,0,-2.147954955164229
293,0,0,1,0,-1.6924523278688623
293,1,0,1,0,-0.49888304441350173
294,-2,0,0,0,0.3470186476102504
294,-1,0,0,0,0.9178293453456335
294,0,0,1,0,-0.09166776188635295
294,1,0,1,0,1.2450222112775369
295,-2,0,0,0,-0.48675744188639014
295,-1,0,0,0,-1.3569071702942868
295,0,0,1,0,0.28817303681344975
295,1,0,1,0,-0.13718936407839372
296,-2,1,0,0,1.5032804774310313
296,-1,1,0,0,2.5285374820664943
296,0,1,1,1,2.6189086696121056
296,1,1,1,1,4.202918080676082
297,-2,0,0,0,-1.1832110268782676
297,-1,0,0,0,-0.8273459478419838
297,0,0,1,0,-0.9142493465788387
297,1,0,1,0,-0.41465532479512013
298,-2,1,0,0,-0.7052915161226168
298,-1,1,0,0,-0.11680943009735181
298,0,1,1,1,2.067859852148448
298,1,1,1,1,1.0743264599250937
299,-2,0,0,0,-0.7728102123840592
299,-1,0,0,0,-0.7005233788107219
299,0,0,1,0,1.5763376055313936
299,1,0,1,0,1.327152447433392
300,-2,1,0,0,-3.131602337100328
300,-1,1,0,0,-1.4550957459246803
300,0,1,1,1,0.8222334953868172
300,1,1,1,1,-1.4364941145284789
301,-2,0,0,0,-0.3627225495920028
301,-1,0,0,0,-0.7548797412685426
301,0,0,1,0,0.4543135672752131
301,1,0,1,0,-1.0194649309119412
302,-2,1,0,0,-0.7194983153727313
302,-1,1,0,0,-0.10971741291222126
302,0,1,1,1,1.2834032826946735
302,1,1,1,1,0.8432585444577425
303,-2,1,0,0,0.06754382195065267
303,-1,1,0,0,1.1778668235610847
303,0,1,1,1,2.741321004928529
303,1,1,1,1,3.099102566356302
304,-2,1,0,0,-0.6190743924481916
304,-1,1,0,0,0.5412589532917174
304,0,1,1,1,1.9655200038063174
304,1,1,1,1,2.1800476574865875
305,-2,0,0,0,-1.766527471550477
305,-1,0,0,0,-1.2191553043722343
305,0,0,1,0,-0.48919691269432225
305,1,0,1,0,-0.7189540632289471
306,-2,1,0,0,0.19897752214647063
306,-1,1,0,0,0.00045098632608819855
306,0,1,1,1,0.7489002202555766
306,1,1,1,1,2.2565461297945713
307,-2,0,0,0,-0.6159140857241137
307,-1,0,0,0,-1.1910045859385783
307,0,0,1,0,0.7652779767962987
307,1,0,1,0,0.22755086958724074
308,-2,1,0,0,-1.4539771414551457
308,-1,1,0,0,-0.4799705359442086
308,0,1,1,1,0.8696703863500973
308,1,1,1,1,-0.04888856762837812
309,-2,1,0,0,-2.5793906723944526
309,-1,1,0,0,-0.6321468374430437
309,0,1,1,1,-0.848033914261309
309,1,1,1,1,0.18354540219380938
310,-2,0,0,0,-0.48070924584052493
310,-1,0,0,0,0.23152524645271205
310,0,0,1,0,0.36660770808872456
310,1,0,1,0,1.10623967352223
311,-2,1,0,0,-2.454903242434996
311,-1,1,0,0,-2.340501475320095
311,0,1,1,1,-1.9681368334212606
311,1,1,1,1,0.6641055690836013
312,-2,0,0,0,-0.8897053377845114
312,-1,0,0,0,-1.1722196227004675
312,0,0,1,0,-1.4119445449097519
312,1,0,1,0,0.15182204675027489
313,-2,0,0,0,-1.0229689933429107
313,-1,0,0,0,-0.4235482684711969
313,0,0,1,0,0.45259451632086767
313,1,0,1,0,0.9323900050680333
314,-2,1,0,0,-3.8547696330208767
314,-1,1,0,0,-4.195460777283921
314,0,1,1,1,-2.407519425319777
314,1,1,1,1,-1.187784517387645
315,-2,0,0,0,-2.0345387025944937
315,-1,0,0,0,-2.4122153661828576
315,0,0,1,0,-0.7921227781610294
315,1,0,1,0,-1.1964596189015126
316,-2,1,0,0,-2.3653402330203486
316,-1,1,0,0,-2.2064464581993892
316,0,1,1,1,-0.5676224269711447
316,1,1,1,1,-0.1280943692423575
317,-2,0,0,0,0.5474434092172815
317,-1,0,0,0,1.0557604284144346
317,0,0,1,0,2.0157637264370774
317,1,0,1,0,0.35668517097299846
318,-2,0,0,0,-1.0118262729884862
318,-1,0,0,0,-0.30024156066764185
318,0,0,1,0,-1.1299531637070679
318,1,0,1,0,0.1857723867643445
319,-2,1,0,0,-1.5490061153375756
319,-1,1,0,0,-0.2732756039518409
319,0,1,1,1,0.7634277235631952
319,1,1,1,1,1.3289672832095005
320,-2,1,0,0,-2.5429148965898527
320,-1,1,0,0,-0.3011560606078416
320,0,1,1,1,0.41877224293986576
320,1,1,1,1,0.6354396285026107
321,-2,0,0,0,1.3531395235022479
321,-1,0,0,0,0.8299743722902473
321,0,0,1,0,0.93051400999615
321,1,0,1,0,2.1152160793856836
322,-2,1,0,0,-1.733809471477892
322,-1,1,0,0,-1.475555985879979
322,0,1,1,1,0.1301128375814068
322,1,1,1,1,0.7143312529162823
323,-2,1,0,0,-2.9305238574428643
323,-1,1,0,0,-2.489747885065188
323,0,1,1,1,-1.7262841091559706
323,1,1,1,1,-0.6929544492365471
324,-2,1,0,0,-2.185174581854931
324,-1,1,0,0,-1.814974802707772
324,0,1,1,1,-1.0083043012645505
324,1,1,1,1,-0.21364281924093853
325,-2,0,0,0,-0.16507495406757433
325,-1,0,0,0,-1.031550368285633
325,0,0,1,0,-1.2006819833489997
325,1,0,1,0,-0.4299986261993465
326,-2,0,0,0,-0.688123924359453
326,-1,0,0,0,0.35944805874494185
326,0,0,1,0,-0.04023837853755785
326,1,0,1,0,0.8080314625499316
327,-2,1,0,0,-1.0657237621613225
327,-1,1,0,0,0.7295362546855451
327,0,1,1,1,1.0394145045006544
327,1,1,1,1,0.3999851888423823
328,-2,1,0,0,-1.2934848738025921
328,-1,1,0,0,-1.6285869324105475
328,0,1,1,1,-0.9176742042818813
328,1,1,1,1,-0.08516849818915029
329,-2,1,0,0,-2.4667127021903337
329,-1,1,0,0,-1.2258420636546046
329,0,1,1,1,0.8834086540122786
329,1,1,1,1,-0.07038514276031804
330,-2,0,0,0,1.5608896154328387
330,-1,0,0,0,1.3755414952183662
330,0,0,1,0,3.0012822595544666
330,1,0,1,0,1.5191078159712719
331,-2,1,0,0,-0.606437453321879
331,-1,1,0,0,-0.8713578992158224
331,0,1,1,1,0.6947069813534827
331,1,1,1,1,1.620908461535838
332,-2,0,0,0,1.0356953564464084
332,-1,0,0,0,-0.40566746436817214
332,0,0,1,0,1.9818521509468954
332,1,0,1,0,-0.32947804894001065
333,-2,1,0,0,-3.3069481498725333
333,-1,1,0,0,-3.526514881535003
333,0,1,1,1,-1.0273986579100514
333,1,1,1,1,0.6905147001552356
334,-2,0,0,0,-2.9202509625384354
334,-1,0,0,0,-0.9579535208183035
334,0,0,1,0,-0.8215381813731701
334,1,0,1,0,-1.9372949492403722
335,-2,0,0,0,-1.8716491439108087
335,-1,0,0,0,-0.9893350133391048
335,0,0,1,0,0.05847250650469693
335,1,0,1,0,0.9331999490255369
336,-2,1,0,0,-2.7343501248838993
336,-1,1,0,0,-0.40179393081603587
336,0,1,1,1,0.3798159658677785
336,1,1,1,1,1.391373442998053
337,-2,0,0,0,-1.6654672785286433
337,-1,0,0,0,-0.9713190646892345
337,0,0,1,0,-2.732830239073337
337,1,0,1,0,-1.0451392176275844
338,-2,0,0,0,1.1232774102205114
338,-1,0,0,0,-0.5883331782512589
338,0,0,1,0,-0.8835910637969959
338,1,0,1,0,-0.41421440816424115
339,-2,0,0,0,-1.5038856813351609
339,-1,0,0,0,0.5780304905335805
339,0,0,1,0,0.1282815828436543
339,1,0,1,0,-0.48972500604944624
340,-2,0,0,0,0.005649011883677724
340,-1,0,0,0,1.7929596745011738
340,0,0,1,0,0.32714143970778464
340,1,0,1,0,1.4338595172310513
341,-2,1,0,0,-1.2780796715421938
341,-1,1,0,0,-0.9979835529229897
341,0,1,1,1,-0.5874052271206093
341,1,1,1,1,2.383701374027666
342,-2,0,0,0,-0.6037591280745538
342,-1,0,0,0,-1.6302792346937953
342,0,0,1,0,0.7638641431788061
342,1,0,1,0,0.11889830379628276
343,-2,1,0,0,-0.9637513098863935
343,-1,1,0,0,-1.3532308416914032
343,0,1,1,1,-0.30234886175618814
343,1,1,1,1,2.6347540637654037
344,-2,1,0,0,-1.24311082969261
344,-1,1,0,0,-0.542470824009212
344,0,1,1,1,-0.3803723550273836
344,1,1,1,1,1.9247332809613948
345,-2,0,0,0,-1.1898373256035608
345,-1,0,0,0,-2.3603129796842603
345,0,0,1,0,-0.4437112246155186
345,1,0,1,0,-0.9580090591689902
346,-2,1,0,0,-3.3319672415957555
346,-1,1,0,0,-0.5983380704832134
346,0,1,1,1,-1.3576972841541188
346,1,1,1,1,0.2566524081327261
347,-2,0,0,0,-2.074943603685353
347,-1,0,0,0,-0.6967084589688518
347,0,0,1,0,-0.8852381910666747
347,1,0,1,0,-0.17248095459668306
348,-2,1,0,0,-1.0599259080312027
348,-1,1,0,0,-0.7008355340220147
348,0,1,1,1,1.8852269103734018
348,1,1,1,1,0.4733610547829925
349,-2,1,0,0,-2.0898750127397667
349,-1,1,0,0,-1.1183709195160558
349,0,1,1,1,-0.7034944771645264
349,1,1,1,1,-0.8024076590499354
350,-2,0,0,0,-2.5059686304528417
350,-1,0,0,0,-2.8713093721573983
350,0,0,1,0,-2.1922751468283153
350,1,0,1,0,-0.9796154769601271
351,-2,1,0,0,-0.9209809676598503
351,-1,1,0,0,-1.4851477456656315
351,0,1,1,1,0.5540396456680207
351,1,1,1,1,1.7954310487487106
352,-2,1,0,0,-1.6328595246642978
352,-1,1,0,0,-1.2030686376399218
352,0,1,1,1,0.264458764531748
352,1,1,1,1,1.9634764008211014
353,-2,1,0,0,-1.3349371559884433
353,-1,1,0,0,0.28469669817165094
353,0,1,1,1,0.2224683486244682
353,1,1,1,1,0.43454602550981014
354,-2,1,0,0,-1.7040152026714988
354,-1,1,0,0,-1.5577477311968924
354,0,1,1,1,-1.2280658644850817
354,1,1,1,1,0.495445181983302
355,-2,0,0,0,-0.08831791660614458
355,-1,0,0,0,-0.37016407883435065
355,0,0,1,0,-0.5802626799648058
355,1,0,1,0,0.22137208325308871
356,-2,0,0,0,-1.2349983677160394
356,-1,0,0,0,0.2066571466106607
356,0,0,1,0,-0.6541148230719729
356,1,0,1,0,1.1708619131649283
357,-2,0,0,0,-0.4224249330253349
357,-1,0,0,0,-0.9681199345729093
357,0,0,1,0,-0.01849091830601643
357,1,0,1,0,0.8725415282064951
358,-2,1,0,0,-0.792806938411633
358,-1,1,0,0,-0.28459358788702344
358,0,1,1,1,1.4617002439410773
358,1,1,1,1,2.2453642586562146
359,-2,1,0,0,-1.203624500386027
359,-1,1,0,0,-1.128861676505688
359,0,1,1,1,-0.2603672184382537
359,1,1,1,1,1.3011233155073327
360,-2,1,0,0,-0.7384909224417862
360,-1,1,0,0,-0.4304209667657979
360,0,1,1,1,1.2762269181158694
360,1,1,1,1,1.3132353185448264
361,-2,0,0,0,0.33963371403510145
361,-1,0,0,0,0.01900779344818096
361,0,0,1,0,-0.3256849150697546
361,1,0,1,0,1.4664147664172444
362,-2,0,0,0,0.4575944172673586
362,-1,0,0,0,-1.3836162728705483
362,0,0,1,0,-0.3490808993584492
362,1,0,1,0,1.223249002141067
363,-2,0,0,0,-0.20743578142052665
363,-1,0,0,0,-1.0192398821404374
363,0,0,1,0,0.7802251435542232
363,1,0,1,0,0.9307955632591398
364,-2,0,0,0,-1.5978319828425052
364,-1,0,0,0,0.3274364998229178
364,0,0,1,0,-0.056269424432287385
364,1,0,1,0,0.42322357520501525
365,-2,1,0,0,-0.41475871264657393
365,-1,1,0,0,-0.30468197753028387
365,0,1,1,1,0.16788198880591138
365,1,1,1,1,0.7825340097161313
366,-2,1,0,0,-0.4654101093147397
366,-1,1,0,0,-0.25507702600300475
366,0,1,1,1,0.991007630717047
366,1,1,1,1,1.1344453291246313
367,-2,0,0,0,0.303889518208626
367,-1,0,0,0,0.24946840513526083
367,0,0,1,0,1.8492893073013876
367,1,0,1,0,1.7422489125271456
368,-2,0,0,0,-0.9507613045465397
368,-1,0,0,0,-1.6111542793936842
368,0,0,1,0,-0.17689203245485102
368,1,0,1,0,0.025258861154414586
369,-2,0,0,0,-0.7171106923320081
369,-1,0,0,0,2.027882979309934
369,0,0,1,0,0.33900850620599304
369,1,0,1,0,0.39048439827724357
370,-2,0,0,0,-0.4218834914488402
370,-1,0,0,0,0.04254677160588616
370,0,0,1,0,0.6987785468741139
370,1,0,1,0,-0.5279032891982037
371,-2,0,0,0,-0.4107256421359916
371,-1,0,0,0,0.16162795142347935
371,0,0,1,0,0.4575330281907218
371,1,0,1,0,0.30264678969739767
372,-2,0,0,0,-2.3550244093199986
372,-1,0,0,0,-3.244425146277771
372,0,0,1,0,-0.898718569794926
372,1,0,1,0,-0.7603190286432139
373,-2,1,0,0,-2.580680031662753
373,-1,1,0,0,-2.616717267946443
373,0,1,1,1,0.7429150793012742
373,1,1,1,1,0.4606478159693785
374,-2,1,0,0,-0.3926644205450054
374,-1,1,0,0,-0.29872936695818836
374,0,1,1,1,0.2774318263433998
374,1,1,1,1,3.968905966061498
375,-2,0,0,0,-0.9125890941553676
375,-1,0,0,0,-2.485311032451291
375,0,0,1,0,-1.5770729612052057
375,1,0,1,0,-0.08575269468346097
376,-2,1,0,0,-2.413962094622603
376,-1,1,0,0,-1.4547441796503107
376,0,1,1,1,-0.7299675914664734
376,1,1,1,1,1.726376878064177
377,-2,0,0,0,-0.9435930703812301
377,-1,0,0,0,-0.0966685161936115
377,0,0,1,0,-0.1956568443131037
377,1,0,1,0,-0.5602639804589958
378,-2,1,0,0,-2.9076307099667895
378,-1,1,0,0,-1.9012922501885092
378,0,1,1,1,-1.0804166723344637
378,1,1,1,1,0.9401468666736752
379,-2,0,0,0,0.16210613771359883
379,-1,0,0,0,1.0092623700696695
379,0,0,1,0,0.05890092010190684
379,1,0,1,0,1.5376517821732918
380,-2,0,0,0,-2.329091739314071
380,-1,0,0,0,-2.167329086289998
380,0,0,1,0,-1.4214274134437377
380,1,0,1,0,0.11681944780169506
381,-2,1,0,0,-3.5461388563078264
381,-1,1,0,0,-1.6810998900779146
381,0,1,1,1,-1.2765332936980252
381,1,1,1,1,-0.1762436548389258
382,-2,1,0,0,-2.1989427695645904
382,-1,1,0,0,0.07393420407499995
382,0,1,1,1,-0.7938744288635944
382,1,1,1,1,-0.6498244138233524
383,-2,1,0,0,-2.4253269184799504
383,-1,1,0,0,-2.1128699255194188
383,0,1,1,1,-1.035098819287308
383,1,1,1,1,-0.12165286020260299
384,-2,1,0,0,-0.11172950823683003
384,-1,1,0,0,0.400577619962136
384,0,1,1,1,0.16380891789591912
384,1,1,1,1,1.2730708795064642
385,-2,1,0,0,-2.613437652838224
385,-1,1,0,0,-1.6998843228099563
385,0,1,1,1,-0.826604240244711
385,1,1,1,1,-0.15187885698008435
386,-2,1,0,0,-1.2043284331509074
386,-1,1,0,0,0.284749741820723
386,0,1,1,1,0.5524671473731465
386,1,1,1,1,0.685833287403594
387,-2,1,0,0,-1.281588441810805
387,-1,1,0,0,-0.07795719809583945
387,0,1,1,1,-0.77711914757237
387,1,1,1,1,-0.6500812422872986
388,-2,1,0,0,1.3891944935458196
388,-1,1,0,0,2.527951398513246
388,0,1,1,1,2.587704077261458
388,1,1,1,1,3.2511701768261485
389,-2,0,0,0,-0.9814263583356971
389,-1,0,0,0,0.18627385979257016
389,0,0,1,0,-0.4283256453459494
389,1,0,1,0,1.2878301546771995
390,-2,1,0,0,-0.5748811074469562
390,-1,1,0,0,-0.853155825003445
390,0,1,1,1,1.229353398101345
390,1,1,1,1,1.8313773761781034
391,-2,0,0,0,-1.2073662578184137
391,-1,0,0,0,1.0846471926367727
391,0,0,1,0,0.9244241085783274
391,1,0,1,0,-0.2681394943068106
392,-2,1,0,0,0.6173533847200833
392,-1,1,0,0,-0.8109794593220738
392,0,1,1,1,0.6150918976845202
392,1,1,1,1,1.7050584824957413
393,-2,0,0,0,-0.2744722984578793
393,-1,0,0,0,-0.6417294309484793
393,0,0,1,0,0.3134169348856721
393,1,0,1,0,1.183185004049941
394,-2,0,0,0,-0.5206570469792351
394,-1,0,0,0,-0.14198104305548598
394,0,0,1,0,1.1812492590556767
394,1,0,1,0,-0.3584848273028459
395,-2,1,0,0,-2.351050625231687
395,-1,1,0,0,-1.069988650556741
395,0,1,1,1,-0.16063892653523792
395,1,1,1,1,-0.9310704467626572
396,-2,0,0,0,-2.6318505616198125
396,-1,0,0,0,-1.6591523749120098
396,0,0,1,0,-1.6926752618433967
396,1,0,1,0,-1.9896910977094522
397,-2,1,0,0,0.37436826464693906
397,-1,1,0,0,-1.6792903166649589
397,0,1,1,1,1.487837067737636
397,1,1,1,1,0.8210694814727555
398,-2,0,0,0,-0.25887064700454193
398,-1,0,0,0,-0.31436263117931557
398,0,0,1,0,0.056403653995643954
398,1,0,1,0,1.1468536704283283
399,-2,0,0,0,-1.9131764609913318
399,-1,0,0,0,-2.0123205005190843
399,0,0,1,0,-0.5430187439903206
399,1,0,1,0,-0.8428672565924897
400,-2,1,0,0,-1.9624528809383153
400,-1,1,0,0,-2.76646255755343
400,0,1,1,1,-0.12852449251667108
400,1,1,1,1,0.2552293645824215
401,-2,0,0,0,1.484914369648225
401,-1,0,0,0,2.097697694877966
401,0,0,1,0,2.029892476022912
401,1,0,1,0,1.5395873654472911
402,-2,1,0,0,-0.5707600639470534
402,-1,1,0,0,0.4357426722342429
402,0,1,1,1,1.4879833428040166
402,1,1,1,1,0.8776561876129129
403,-2,0,0,0,-0.7112967598466775
403,-1,0,0,0,-1.5694324390269805
403,0,0,1,0,-0.8994549790031202
403,1,0,1,0,-1.012244741723019
404,-2,1,0,0,-1.4752114040946496
404,-1,1,0,0,-1.687404104357925
404,0,1,1,1,-0.9651267707253935
404,1,1,1,1,2.174541173571778
405,-2,1,0,0,-2.010470286465115
405,-1,1,0,0,-1.7557790460739329
405,0,1,1,1,0.7665330184397485
405,1,1,1,1,0.4752718758274366
406,-2,0,0,0,-1.6792748055352527
406,-1,0,0,0,-0.28920356387932633
406,0,0,1,0,0.35313198205916896
406,1,0,1,0,1.239530379854966
407,-2,0,0,0,-0.3185757133343369
407,-1,0,0,0,0.3046176632245864
407,0,0,1,0,0.9789428009500769
407,1,0,1,0,0.23701236134374487
408,-2,1,0,0,-2.257359240159047
408,-1,1,0,0,-1.293555343935117
408,0,1,1,1,-0.3926072033400987
408,1,1,1,1,1.0276547829889349
409,-2,1,0,0,-1.7889411187777986
409,-1,1,0,0,-0.8519085471743175
409,0,1,1,1,-1.0639159525464739
409,1,1,1,1,-0.04336135917090189
410,-2,1,0,0,-2.2045763103730924
410,-1,1,0,0,-1.643125656820514
410,0,1,1,1,-0.9858414428264926
410,1,1,1,1,0.7193767364514807
411,-2,1,0,0,-3.3541093777353255
411,-1,1,0,0,-3.075313127497571
411,0,1,1,1,-0.8227155422160267
411,1,1,1,1,-1.730173842053874
412,-2,1,0,0,-1.4898765793687019
412,-1,1,0,0,1.2351214544053681
412,0,1,1,1,1.807281846879071
412,1,1,1,1,1.1023570594317218
413,-2,0,0,0,2.2915855593671317
413,-1,0,0,0,1.0336217127569136
413,0,0,1,0,0.2067056341394078
413,1,0,1,0,2.264094746224988
414,-2,0,0,0,-0.9305848164382319
414,-1,0,0,0,0.328388783670786
414,0,0,1,0,1.6064736520865561
414,1,0,1,0,1.7782076570032057
415,-2,1,0,0,-0.8253270195734874
415,-1,1,0,0,-2.808314376318922
415,0,1,1,1,-0.5470661296069484
415,1,1,1,1,2.1080397622392906
416,-2,0,0,0,-1.4851924294430585
416,-1,0,0,0,-1.6119937768408583
416,0,0,1,0,-1.211679296312008
416,1,0,1,0,0.9820102633473973
417,-2,0,0,0,-2.185497659473526
417,-1,0,0,0,-1.3869783965928757
417,0,0,1,0,-1.3424934840437954
417,1,0,1,0,-1.0456606299736955
418,-2,0,0,0,0.10384122944463575
418,-1,0,0,0,0.18912441078113482
418,0,0,1,0,0.6075558595332039
418,1,0,1,0,0.3520012576265732
419,-2,1,0,0,-1.8728108420357685
419,-1,1,0,0,-2.1063638773116944
419,0,1,1,1,-1.5574533813476674
419,1,1,1,1,1.7984408589499497
420,-2,1,0,0,0.11236910819782586
420,-1,1,0,0,0.05635479424937015
420,0,1,1,1,0.46394393184653016
420,1,1,1,1,2.771639383464681
421,-2,1,0,0,-0.8730905723432795
421,-1,1,0,0,0.864300912256877
421,0,1,1,1,-0.1247290141970051
421,1,1,1,1,1.0115505672571237
422,-2,1,0,0,-2.4765852848840413
422,-1,1,0,0,-2.3904331186696224
422,0,1,1,1,-1.3349296640259656
422,1,1,1,1,-1.9032487242327978
423,-2,1,0,0,-1.1982274739080379
423,-1,1,0,0,-0.9218028591607718
423,0,1,1,1,0.5344130340168504
423,1,1,1,1,0.9948118680956066
424,-2,0,0,0,-0.6248825268716749
424,-1,0,0,0,-0.9110156604409085
424,0,0,1,0,-1.1275060593329524
424,1,0,1,0,-1.0973088302531389
425,-2,1,0,0,-0.8331209621442117
425,-1,1,0,0,1.1969927059830674
425,0,1,1,1,0.587664571954047
425,1,1,1,1,4.016445553602086
426,-2,1,0,0,-2.5147470053777083
426,-1,1,0,0,-0.2493674455619186
426,0,1,1,1,-2.356159843852727
426,1,1,1,1,1.5862019112428656
427,-2,1,0,0,-1.3439906768801975
427,-1,1,0,0,1.0883281601518673
427,0,1,1,1,0.616046329415072
427,1,1,1,1,-0.4722115237569763
428,-2,0,0,0,1.5982740495969594
428,-1,0,0,0,0.917300141519565
428,0,0,1,0,1.806539246751645
428,1,0,1,0,1.195403768587383
429,-2,1,0,0,-3.299710988608805
429,-1,1,0,0,-2.1674698934936347
429,0,1,1,1,-0.5755723989692965
429,1,1,1,1,0.6956488912522395
430,-2,1,0,0,-1.013376824085489
430,-1,1,0,0,-0.33363635974010175
430,0,1,1,1,-0.0783233435119135
430,1,1,1,1,0.4424786930200559
431,-2,0,0,0,-0.30770821143992166
431,-1,0,0,0,-0.04057857676180729
431,0,0,1,0,0.8417298074566375
431,1,0,1,0,0.5953192532252485
432,-2,0,0,0,-0.19330114552137567
432,-1,0,0,0,0.3486639088241411
432,0,0,1,0,0.1669687212172818
432,1,0,1,0,-0.728821107293717
433,-2,1,0,0,-1.5131039288953687
433,-1,1,0,0,-1.5540029494049037
433,0,1,1,1,-0.9881626962395784
433,1,1,1,1,1.2207650226201405
434,-2,1,0,0,0.32878844607280966
434,-1,1,0,0,0.10613660041231543
434,0,1,1,1,2.1147722135832407
434,1,1,1,1,3.397225839610683
435,-2,1,0,0,-5.548093767504742
435,-1,1,0,0,-4.611861904997602
435,0,1,1,1,-3.098231806056362
435,1,1,1,1,-1.6925888111929022
436,-2,0,0,0,-1.8517112129353093
436,-1,0,0,0,-2.0538019831198264
436,0,0,1,0,-1.804799921493696
436,1,0,1,0,0.3718385866100573
437,-2,0,0,0,1.9465692134232055
437,-1,0,0,0,0.958164443906643
437,0,0,1,0,2.6027807152380764
437,1,0,1,0,1.4143651185272474
438,-2,0,0,0,-0.029750776144303742
438,-1,0,0,0,-0.462119649605567
438,0,0,1,0,0.912114506503345
438,1,0,1,0,0.43201866618739915
439,-2,0,0,0,0.28822655715734524
439,-1,0,0,0,1.6405121402563119
439,0,0,1,0,0.7024775812122601
439,1,0,1,0,3.7839848747800553
440,-2,1,0,0,-1.8134981012853542
440,-1,1,0,0,-1.1093826693661892
440,0,1,1,1,1.5100580676996096
440,1,1,1,1,2.4366342965734633
441,-2,1,0,0,-0.9820216767143726
441,-1,1,0,0,1.3060696217309977
441,0,1,1,1,0.4650140824198653
441,1,1,1,1,1.6754909902674726
442,-2,0,0,0,0.7480904316224757
442,-1,0,0,0,1.3967144877866784
442,0,0,1,0,2.8892308334209096
442,1,0,1,0,2.3580193376774634
443,-2,1,0,0,-1.3439105423931705
443,-1,1,0,0,-1.5843844580281679
443,0,1,1,1,0.7094421131610227
443,1,1,1,1,2.0826196802860037
444,-2,0,0,0,-0.5766077770976565
444,-1,0,0,0,-0.9692085789220325
444,0,0,1,0,-1.0210195690961235
444,1,0,1,0,0.6212799439529517
445,-2,0,0,0,-1.0742584162903015
445,-1,0,0,0,-0.4636599764333995
445,0,0,1,0,2.931266019319406
445,1,0,1,0,0.8789123674767594
446,-2,1,0,0,-1.7566772915358444
446,-1,1,0,0,-1.2612230848712083
446,0,1,1,1,-0.864163506150105
446,1,1,1,1,-0.2807587670113283
447,-2,1,0,0,-4.004265522373309
447,-1,1,0,0,-2.7596027937357808
447,0,1,1,1,-3.516279775133597
447,1,1,1,1,-0.6715325545600164
448,-2,0,0,0,1.3373810145625784
448,-1,0,0,0,1.329821642854602
448,0,0,1,0,1.5419286215954746
448,1,0,1,0,2.350325841425189
449,-2,1,0,0,-0.6276921162480693
449,-1,1,0,0,-1.5234992935661353
449,0,1,1,1,1.4763313993414937
449,1,1,1,1,1.6068551753071847
450,-2,1,0,0,-0.06331960356328592
450,-1,1,0,0,-1.5000049584885848
450,0,1,1,1,0.3082646323225862
450,1,1,1,1,0.6653516706702197
451,-2,1,0,0,-4.790686337438392
451,-1,1,0,0,-3.376255862370172
451,0,1,1,1,-2.0996863709657227
451,1,1,1,1,-1.2537497658855985
452,-2,1,0,0,-1.6927278723249957
452,-1,1,0,0,-0.9398226391995971
452,0,1,1,1,0.3107061917837631
452,1,1,1,1,0.48989679834296496
453,-2,1,0,0,-2.5915320047881307
453,-1,1,0,0,-1.0298590391144216
453,0,1,1,1,-1.0693617168418417
453,1,1,1,1,-0.3124923427806832
454,-2,0,0,0,0.4987528521201935
454,-1,0,0,0,1.1067827674727773
454,0,0,1,0,1.1764267295829347
454,1,0,1,0,2.732257558184369
455,-2,1,0,0,-2.9499639093957777
455,-1,1,0,0,-1.6738462008811066
455,0,1,1,1,0.4134647331035716
455,1,1,1,1,0.5169179680522988
456,-2,1,0,0,-0.7252275490785381
456,-1,1,0,0,1.0808433202554413
456,0,1,1,1,2.4383297544814457
456,1,1,1,1,3.575224933818669
457,-2,1,0,0,-0.5461095271566778
457,-1,1,0,0,-1.0898655212741402
457,0,1,1,1,-0.8721202859005327
457,1,1,1,1,1.110730162837788
458,-2,0,0,0,2.6614012911767784
458,-1,0,0,0,2.3966006496660555
458,0,0,1,0,0.9498301343788631
458,1,0,1,0,1.2944244629092414
459,-2,1,0,0,-2.9326587663490273
459,-1,1,0,0,-3.018226251833232
459,0,1,1,1,-0.7873148430668281
459,1,1,1,1,0.7985796910421594
460,-2,0,0,0,-1.0797220407653152
460,-1,0,0,0,1.7227119858787867
460,0,0,1,0,0.8065995946552937
460,1,0,1,0,0.8755888258126707
461,-2,0,0,0,-2.83227260858433
461,-1,0,0,0,-3.803638159885649
461,0,0,1,0,-1.4807253336646693
461,1,0,1,0,-2.0378279524931404
462,-2,0,0,0,0.3664852846349268
462,-1,0,0,0,-0.4009479784585719
462,0,0,1,0,0.10281280498179986
462,1,0,1,0,-0.5998315776764611
463,-2,1,0,0,-2.870819329658618
463,-1,1,0,0,-2.0247948713811192
463,0,1,1,1,-1.6588130064884656
463,1,1,1,1,1.5867328563270662
464,-2,0,0,0,-0.06284954730666009
464,-1,0,0,0,-0.9600171059128082
464,0,0,1,0,-0.038290684281672954
464,1,0,1,0,1.1264159479418319
465,-2,1,0,0,-0.30548125724812913
465,-1,1,0,0,-0.6412797313577573
465,0,1,1,1,0.522929147282013
465,1,1,1,1,0.5628142503035936
466,-2,1,0,0,-0.867721183655003
466,-1,1,0,0,-1.6528443452581216
466,0,1,1,1,-0.05925442323860586
466,1,1,1,1,1.2298377494417996
467,-2,0,0,0,0.6486368386187599
467,-1,0,0,0,1.0250198079687125
467,0,0,1,0,1.8624390075719393
467,1,0,1,0,2.3516198274058846
468,-2,0,0,0,0.23674974095363743
468,-1,0,0,0,-1.6380007656192084
468,0,0,1,0,0.18510852768579666
468,1,0,1,0,-1.8668327503423592
469,-2,1,0,0,-2.627263023459219
469,-1,1,0,0,-2.6302260789602445
469,0,1,1,1,-1.5256866916715845
469,1,1,1,1,0.15406347588253644
470,-2,1,0,0,-3.739206435677482
470,-1,1,0,0,-2.5600042366505087
470,0,1,1,1,-1.064653568728501
470,1,1,1,1,-0.12219499289410152
471,-2,0,0,0,-0.9274992010555728
471,-1,0,0,0,-1.4340380307260547
471,0,0,1,0,-1.3335860660935
471,1,0,1,0,-0.48323856123473363
472,-2,1,0,0,0.32189015228041007
472,-1,1,0,0,-1.089368528652085
472,0,1,1,1,0.25669660796342497
472,1,1,1,1,0.9494036288422794
473,-2,0,0,0,-1.2699628684471667
473,-1,0,0,0,-0.336594748179617
473,0,0,1,0,-0.5774734491431789
473,1,0,1,0,-0.5034211947032532
474,-2,0,0,0,0.10162623989213038
474,-1,0,0,0,-0.916683876025842
474,0,0,1,0,-1.2194467455958833
474,1,0,1,0,0.5762453608234754
475,-2,0,0,0,-1.295892319191951
475,-1,0,0,0,1.2261658858988436
475,0,0,1,0,0.7810057080997854
475,1,0,1,0,0.20416790159763032
476,-2,0,0,0,2.140903710620817
476,-1,0,0,0,3.3762646793613316
476,0,0,1,0,2.74063498382886
476,1,0,1,0,1.6987947933442606
477,-2,0,0,0,-1.6865504234724835
477,-1,0,0,0,-1.274990685803307
477,0,0,1,0,-3.0925687561126782
477,1,0,1,0,-0.7009515372451932
478,-2,1,0,0,-1.4219193780058654
478,-1,1,0,0,-2.3640739639744064
478,0,1,1,1,0.9229707868319921
478,1,1,1,1,-0.6110934253676669
479,-2,0,0,0,0.7036585534167709
479,-1,0,0,0,1.3272277315032401
479,0,0,1,0,1.4829751929701236
479,1,0,1,0,1.1849855644492804
480,-2,0,0,0,-0.35417001646194446
480,-1,0,0,0,-0.4372196463605152
480,0,0,1,0,0.27996273875754335
480,1,0,1,0,-1.0503407207499589
481,-2,1,0,0,-2.783673479432247
481,-1,1,0,0,-1.9151842957315492
481,0,1,1,1,0.09749062210939474
481,1,1,1,1,0.46450146225090544
482,-2,0,0,0,-0.8529882500854391
482,-1,0,0,0,-0.7110300831298649
482,0,0,1,0,0.9403758358327589
482,1,0,1,0,-0.8854846122830078
483,-2,1,0,0,-1.6784808475516022
483,-1,1,0,0,-1.1491063039163671
483,0,1,1,1,0.7643407163544439
483,1,1,1,1,2.5504042646645138
484,-2,1,0,0,2.186426092178369
484,-1,1,0,0,0.8056228863469089
484,0,1,1,1,2.1381537161595268
484,1,1,1,1,2.8342526288754
485,-2,0,0,0,-2.706427244054037
485,-1,0,0,0,-0.35759081237981544
485,0,0,1,0,-0.00978027905633344
485,1,0,1,0,-1.0099286559038658
486,-2,0,0,0,0.09196533855155808
486,-1,0,0,0,0.6916890280256993
486,0,0,1,0,1.1718458379057877
486,1,0,1,0,-0.002509331461509001
487,-2,0,0,0,-1.133828953328615
487,-1,0,0,0,0.25988326825040775
487,0,0,1,0,0.43263942370721287
487,1,0,1,0,0.9145356661004336
488,-2,0,0,0,0.8803961876680768
488,-1,0,0,0,-0.8653485893031441
488,0,0,1,0,0.18080761998029024
488,1,0,1,0,1.2325402011239746
489,-2,1,0,0,-2.5234246204692448
489,-1,1,0,0,-2.5168285589922963
489,0,1,1,1,-0.37340930210248013
489,1,1,1,1,0.058320360702031504
490,-2,0,0,0,-1.6595550487651636
490,-1,0,0,0,-0.802916904177364
490,0,0,1,0,-0.16254550794299938
490,1,0,1,0,-0.18642837946089125
491,-2,0,0,0,1.6559729109984673
491,-1,0,0,0,1.237627769417971
491,0,0,1,0,0.5446159839237137
491,1,0,1,0,0.16179790246604897
492,-2,1,0,0,-0.72108972662258
492,-1,1,0,0,-2.4099663671477867
492,0,1,1,1,0.6637472025890611
492,1,1,1,1,2.088765105902655
493,-2,0,0,0,1.9570085445273113
493,-1,0,0,0,3.1989605530967613
493,0,0,1,0,3.019218618854782
493,1,0,1,0,3.2031215206353147
494,-2,1,0,0,-1.2871875458799553
494,-1,1,0,0,-1.9215391364882959
494,0,1,1,1,-0.6416519130263614
494,1,1,1,1,1.5270291710068569
495,-2,0,0,0,-0.003022316839334571
495,-1,0,0,0,-0.6645070569960219
495,0,0,1,0,0.44238390510427494
495,1,0,1,0,1.2907965219806372
496,-2,0,0,0,1.2290775013489141
496,-1,0,0,0,1.2377916329537464
496,0,0,1,0,3.283163202178429
496,1,0,1,0,3.7757280529627693
497,-2,0,0,0,0.8784819429962164
497,-1,0,0,0,0.8182830011615898
497,0,0,1,0,0.7948537814794031
497,1,0,1,0,0.2990165978428036
498,-2,0,0,0,-0.5624637360715992
498,-1,0,0,0,0.7983754484930727
498,0,0,1,0,-0.4581130784599955
498,1,0,1,0,1.0537115270381958
499,-2,1,0,0,-1.2095371497492582
499,-1,1,0,0,1.1599326171991577
499,0,1,1,1,1.0269312466005744
499,1,1,1,1,1.2001559265560346
500,-2,1,0,0,-3.062001298753037
500,-1,1,0,0,-1.6939909800798705
500,0,1,1,1,-1.1729315126332098
500,1,1,1,1,0.17118725717966232
501,-2,1,0,0,-2.707801373069903
501,-1,1,0,0,-0.3262105688387147
501,0,1,1,1,-1.2930910535827764
501,1,1,1,1,1.844458773240785
502,-2,1,0,0,-1.2250626742323034
502,-1,1,0,0,-1.0737761455147572
502,0,1,1,1,0.032949961523768945
502,1,1,1,1,2.0881419639884773
503,-2,1,0,0,-2.182105770799405
503,-1,1,0,0,0.07639580315720551
503,0,1,1,1,-1.1814735128287488
503,1,1,1,1,0.9403611814394416
504,-2,1,0,0,-2.0462288209593886
504,-1,1,0,0,-1.217236607037162
504,0,1,1,1,-1.4015363871723694
504,1,1,1,1,0.26681294875328054
505,-2,1,0,0,-2.586364785161798
505,-1,1,0,0,-0.7034526397211146
505,0,1,1,1,0.35226907293366627
505,1,1,1,1,1.8144513205729416
506,-2,1,0,0,0.16728841729482957
506,-1,1,0,0,0.8865367252981147
506,0,1,1,1,1.8087681823195512
506,1,1,1,1,2.9334024657098694
507,-2,0,0,0,-1.434530935485796
507,-1,0,0,0,-0.424960224358521
507,0,0,1,0,-0.2821817850944864
507,1,0,1,0,-0.23022300195425516
508,-2,0,0,0,-0.9309973376669793
508,-1,0,0,0,-0.46164038224502885
508,0,0,1,0,0.6745151896326346
508,1,0,1,0,0.5501118753558514
509,-2,0,0,0,-2.721953788423951
509,-1,0,0,0,-2.15930019618144
509,0,0,1,0,-2.438411018339239
509,1,0,1,0,-0.9646567796298037
510,-2,0,0,0,-0.8677764775962287
510,-1,0,0,0,-0.6857638641359642
510,0,0,1,0,-1.1000823866348597
510,1,0,1,0,-1.3633197573306468
511,-2,0,0,0,-2.342619884980326
511,-1,0,0,0,-1.5226700734806404
511,0,0,1,0,-1.248437925961058
511,1,0,1,0,-0.7460716239195504
512,-2,0,0,0,-2.8298095053790613
512,-1,0,0,0,-2.1610884518514215
512,0,0,1,0,-0.5277215033698057
512,1,0,1,0,-0.7680983847738293
513,-2,1,0,0,-1.5827441268691955
513,-1,1,0,0,-2.288407710999034
513,0,1,1,1,0.11914666204034333
513,1,1,1,1,0.1414919758983897
514,-2,1,0,0,-3.2435301599001582
514,-1,1,0,0,0.363705829953084
514,0,1,1,1,-0.5075760369265044
514,1,1,1,1,-0.08074673060700999
515,-2,1,0,0,-1.6185734524443194
515,-1,1,0,0,-1.4364170499161502
515,0,1,1,1,-0.25152158030617333
515,1,1,1,1,-1.2777229643961163
516,-2,0,0,0,-1.2638574201290533
516,-1,0,0,0,-1.0697812709488195
516,0,0,1,0,-0.40615823819892904
516,1,0,1,0,1.1796020880535423
517,-2,0,0,0,-2.186731711683469
517,-1,0,0,0,-2.20439074565816
517,0,0,1,0,0.7423128145791849
517,1,0,1,0,-0.6824777541586138
518,-2,0,0,0,-0.09930826288205154
518,-1,0,0,0,-0.178477101497532
518,0,0,1,0,0.733398639578588
518,1,0,1,0,-0.36860391575258467
519,-2,1,0,0,-0.5143903934111003
519,-1,1,0,0,0.02357976987096988
519,0,1,1,1,0.09578288060199869
519,1,1,1,1,1.4522367800311087
520,-2,0,0,0,1.0380299044568198
520,-1,0,0,0,2.0143817443934338
520,0,0,1,0,1.0316502126756322
520,1,0,1,0,0.5250078616258003
521,-2,0,0,0,-0.8319903420279394
521,-1,0,0,0,-1.4946025693060796
521,0,0,1,0,-0.39001082021370276
521,1,0,1,0,-0.4641225975910101
522,-2,0,0,0,2.013515371926308
522,-1,0,0,0,0.7093783369992173
522,0,0,1,0,1.7729512622548014
522,1,0,1,0,1.730167326816976
523,-2,1,0,0,-3.608456748952087
523,-1,1,0,0,-2.1666647091019673
523,0,1,1,1,-0.7737199896716924
523,1,1,1,1,-0.13548181191556619
524,-2,1,0,0,-0.7232726540217006
524,-1,1,0,0,-0.48641465952375107
524,0,1,1,1,1.1097270997732573
524,1,1,1,1,0.1932048057280349
525,-2,1,0,0,-1.9273252987202687
525,-1,1,0,0,-1.4712506768899163
525,0,1,1,1,0.42186562125321775
525,1,1,1,1,1.424576940824685
526,-2,0,0,0,-0.466502947991693
526,-1,0,0,0,0.15798700703368174
526,0,0,1,0,-1.647360315956492
526,1,0,1,0,-0.2926558338731458
527,-2,1,0,0,-3.1331463501471912
527,-1,1,0,0,-0.6036159394144656
527,0,1,1,1,0.7819371458385315
527,1,1,1,1,0.783042734756474
528,-2,0,0,0,-2.2426868893129117
528,-1,0,0,0,0.6108396362890876
528,0,0,1,0,0.33855525984696144
528,1,0,1,0,-0.7624377877383988
529,-2,0,0,0,-0.4679617050692648
529,-1,0,0,0,0.03062170919129599
529,0,0,1,0,0.6473816208464965
529,1,0,1,0,1.2836054822640617
530,-2,1,0,0,-1.098248876038577
530,-1,1,0,0,-0.8454183903409638
530,0,1,1,1,0.8186122202653071
530,1,1,1,1,0.5089790926210603
531,-2,1,0,0,-2.70367285990356
531,-1,1,0,0,-0.023370486558138115
531,0,1,1,1,-1.3988454236238086
531,1,1,1,1,0.038599745251383974
532,-2,0,0,0,-0.22619943434627668
532,-1,0,0,0,-0.43422440326307954
532,0,0,1,0,-0.9668332226278207
532,1,0,1,0,-0.6159093272111557
533,-2,0,0,0,0.9605168040801204
533,-1,0,0,0,-0.6018599135692988
533,0,0,1,0,0.8520416661402757
533,1,0,1,0,-0.12669570448690237
534,-2,1,0,0,-3.1301846375161224
534,-1,1,0,0,-1.8148582136463371
534,0,1,1,1,-1.3121879748972012
534,1,1,1,1,0.7248655671933476
535,-2,1,0,0,-3.188777605749416
535,-1,1,0,0,-2.779482985693235
535,0,1,1,1,-0.5801338008183081
535,1,1,1,1,-0.36598223402467644
536,-2,0,0,0,1.7822661841612963
536,-1,0,0,0,1.819701053082036
536,0,0,1,0,0.7824878811558628
536,1,0,1,0,1.696412043088858
537,-2,0,0,0,-0.2785636259340699
537,-1,0,0,0,-0.13751350513910468
537,0,0,1,0,1.0149302978844448
537,1,0,1,0,0.7525002149627711
538,-2,1,0,0,-4.5005766735194195
538,-1,1,0,0,-1.8790114626921388
538,0,1,1,1,-0.8212811998779322
538,1,1,1,1,0.7709326011036715
539,-2,1,0,0,-1.1975659152049223
539,-1,1,0,0,-0.7621469447944544
539,0,1,1,1,0.01757805300861781
539,1,1,1,1,2.5578994061291134
540,-2,1,0,0,0.2585696559179702
540,-1,1,0,0,1.327835366596969
540,0,1,1,1,0.2954315697549458
540,1,1,1,1,1.646366154781227
541,-2,0,0,0,-1.7901062896742876
541,-1,0,0,0,-0.03755467758444597
541,0,0,1,0,0.33328645579837435
541,1,0,1,0,-0.5381547265717984
542,-2,1,0,0,-0.3113740655310696
542,-1,1,0,0,0.5340540435192916
542,0,1,1,1,0.7551130495216662
542,1,1,1,1,2.6356186439963194
543,-2,0,0,0,-1.9144832688857336
543,-1,0,0,0,-1.5166567589356703
543,0,0,1,0,0.5781047269542989
543,1,0,1,0,0.36647802347150693
544,-2,0,0,0,-0.03913564470010106
544,-1,0,0,0,0.3329636735111787
544,0,0,1,0,1.1456154091247193
544,1,0,1,0,1.1181442667182764
545,-2,0,0,0,-2.1743463976930006
545,-1,0,0,0,-1.310804091264078
545,0,0,1,0,-0.500073036936653
545,1,0,1,0,-2.3505619995202776
546,-2,1,0,0,-2.6326236979774214
546,-1,1,0,0,-0.7698247758512571
546,0,1,1,1,-1.3184695353451448
546,1,1,1,1,0.6257271932997444
547,-2,0,0,0,-2.7348184922125283
547,-1,0,0,0,-2.6191901241855473
547,0,0,1,0,-2.1726417945505787
547,1,0,1,0,-2.661396980065234
548,-2,1,0,0,-0.07597882813659451
548,-1,1,0,0,1.222119460485489
548,0,1,1,1,2.8350477757297092
548,1,1,1,1,3.323933019967411
549,-2,0,0,0,-1.0414668630660255
549,-1,0,0,0,-1.191431034479231
549,0,0,1,0,-0.6994070547785666
549,1,0,1,0,0.7637906615555846
550,-2,1,0,0,-2.774680948328937
550,-1,1,0,0,-2.201027487310265
550,0,1,1,1,-0.22344768848505497
550,1,1,1,1,0.2555027433977632
551,-2,1,0,0,-2.0450905445293643
551,-1,1,0,0,-1.6273579215424765
551,0,1,1,1,1.3129064302733573
551,1,1,1,1,0.8248227328543396
552,-2,1,0,0,-2.004656449904304
552,-1,1,0,0,-0.4600584914209366
552,0,1,1,1,-0.09323410725876335
552,1,1,1,1,0.12648151150905956
553,-2,1,0,0,-2.2497768754654563
553,-1,1,0,0,-0.7695647418160529
553,0,1,1,1,-0.3920749025204191
553,1,1,1,1,0.5719440081965989
554,-2,1,0,0,1.2575724043761856
554,-1,1,0,0,0.009923702908979454
554,0,1,1,1,1.3932655168269117
554,1,1,1,1,2.6207677444814497
555,-2,0,0,0,-0.31083116721689824
555,-1,0,0,0,-0.810912304005018
555,0,0,1,0,1.4344323666623329
555,1,0,1,0,1.39950958454012
556,-2,0,0,0,-1.6858570683465683
556,-1,0,0,0,-3.6828860394707807
556,0,0,1,0,-2.8998085748248714
556,1,0,1,0,-1.5976597892683762
557,-2,0,0,0,-0.9943414320745232
557,-1,0,0,0,-1.3987485094355276
557,0,0,1,0,-0.7708611656937614
557,1,0,1,0,0.5783853891569557
558,-2,1,0,0,-0.6181181464526406
558,-1,1,0,0,0.16270049328996328
558,0,1,1,1,0.8800861341714714
558,1,1,1,1,2.210372586793726
559,-2,0,0,0,1.813359189640944
559,-1,0,0,0,1.5785434562624467
559,0,0,1,0,1.5935397302123737
559,1,0,1,0,2.181923103609497
560,-2,0,0,0,0.7983727884756764
560,-1,0,0,0,1.4722138089522327
560,0,0,1,0,1.7613001879592094
560,1,0,1,0,2.0048908139644017
561,-2,0,0,0,-3.089017751896013
561,-1,0,0,0,-0.9490718034596719
561,0,0,1,0,0.21954793166082776
561,1,0,1,0,0.08412899345190206
562,-2,1,0,0,-0.9750625561426229
562,-1,1,0,0,-0.5885538229801883
562,0,1,1,1,1.4987295158801954
562,1,1,1,1,1.5741344049688502
563,-2,0,0,0,1.8289811399454625
563,-1,0,0,0,3.194455776383907
563,0,0,1,0,1.6898713140128678
563,1,0,1,0,2.3944637540220564
564,-2,1,0,0,-2.3881494720496725
564,-1,1,0,0,-0.8442222653402252
564,0,1,1,1,1.8966965025345357
564,1,1,1,1,2.7241826662625
565,-2,0,0,0,0.6291138800763179
565,-1,0,0,0,0.7667688002805939
565,0,0,1,0,1.7770384433398116
565,1,0,1,0,0.7127050313843734
566,-2,0,0,0,-1.9517540335485033
566,-1,0,0,0,-1.0389975722847926
566,0,0,1,0,-1.3473583005017917
566,1,0,1,0,0.9604655214561151
567,-2,0,0,0,-3.771928142135774
567,-1,0,0,0,-2.0852184107410916
567,0,0,1,0,-2.6963425019846046
567,1,0,1,0,-2.1316033123495415
568,-2,0,0,0,-0.5952199061597006
568,-1,0,0,0,0.6542651572827246
568,0,0,1,0,-0.3106322769020184
568,1,0,1,0,1.5108013927678758
569,-2,0,0,0,0.26272470277621507
569,-1,0,0,0,-0.03860649531206037
569,0,0,1,0,1.8335230851715996
569,1,0,1,0,0.30207501353094196
570,-2,1,0,0,-1.309976208978771
570,-1,1,0,0,0.6241040145506118
570,0,1,1,1,0.14314627749207326
570,1,1,1,1,0.5359487879374901
571,-2,0,0,0,0.1231010482617876
571,-1,0,0,0,1.6769523679916476
571,0,0,1,0,1.8483433437805195
571,1,0,1,0,2.438387201222063
572,-2,1,0,0,-1.3742867209034324
572,-1,1,0,0,0.6434745426809454
572,0,1,1,1,-0.38083693890152814
572,1,1,1,1,0.5467295640132693
573,-2,0,0,0,1.1465788312909977
573,-1,0,0,0,-1.8541885547474741
573,0,0,1,0,1.347725318077501
573,1,0,1,0,1.2887216785263405
574,-2,0,0,0,-1.6462159844153113
574,-1,0,0,0,-0.30911860311744954
574,0,0,1,0,-0.7312635999903794
574,1,0,1,0,-0.5801440018091727
575,-2,1,0,0,-0.26600150987780125
575,-1,1,0,0,1.4358403344550024
575,0,1,1,1,-0.003754214247383758
575,1,1,1,1,1.8190337888941353
576,-2,0,0,0,0.7857479101592604
576,-1,0,0,0,1.2532142761834861
576,0,0,1,0,2.389248390980831
576,1,0,1,0,2.098804880694959
577,-2,0,0,0,-3.080118572096878
577,-1,0,0,0,-1.221629171609233
577,0,0,1,0,-0.4743047943038161
577,1,0,1,0,-2.781228231326015
578,-2,0,0,0,-0.7319088540494336
578,-1,0,0,0,-0.35070189508151045
578,0,0,1,0,-0.20307944512317228
578,1,0,1,0,0.7312048189830046
579,-2,0,0,0,-1.3137149842735705
579,-1,0,0,0,-2.56063082689483
579,0,0,1,0,-0.56047702760648
579,1,0,1,0,0.2507816047212495
580,-2,1,0,0,-1.910175264081484
580,-1,1,0,0,-1.5734339169511768
580,0,1,1,1,1.9794733662260338
580,1,1,1,1,0.48584472182416516
581,-2,1,0,0,-0.773853848591751
581,-1,1,0,0,0.7875119587680125
581,0,1,1,1,3.2122585225312976
581,1,1,1,1,3.3051830934872415
582,-2,1,0,0,-3.310204421303671
582,-1,1,0,0,-3.600037590598039
582,0,1,1,1,-1.0368609895483076
582,1,1,1,1,-0.7701596121363947
583,-2,0,0,0,-2.6782835228091715
583,-1,0,0,0,-1.1546477351703612
583,0,0,1,0,-1.173437078041216
583,1,0,1,0,-0.7575507382141439
584,-2,1,0,0,-4.3839004010211955
584,-1,1,0,0,-4.709232809673981
584,0,1,1,1,-0.39156470463843585
584,1,1,1,1,-0.8738316817763284
585,-2,0,0,0,-1.9091152596918346
585,-1,0,0,0,-2.074265922224727
585,0,0,1,0,0.4270109932725026
585,1,0,1,0,0.22311828959858782
586,-2,1,0,0,-2.2294295938773914
586,-1,1,0,0,0.5505812074586887
586,0,1,1,1,0.26366585313541113
586,1,1,1,1,0.02253493899611181
587,-2,1,0,0,-1.8543512412195726
587,-1,1,0,0,-0.7524842838036099
587,0,1,1,1,-0.7419913968957759
587,1,1,1,1,2.4093417739487037
588,-2,0,0,0,0.43584681785588675
588,-1,0,0,0,-0.916875624850046
588,0,0,1,0,0.6393691006402428
588,1,0,1,0,-0.42931470281754275
589,-2,1,0,0,-0.3818180885992799
589,-1,1,0,0,-0.1462065136328221
589,0,1,1,1,-1.1000012579347715
589,1,1,1,1,0.49102659717666486
590,-2,0,0,0,0.6648511852077655
590,-1,0,0,0,0.6743021171618714
590,0,0,1,0,1.5501407729529981
590,1,0,1,0,0.7851093442234525
591,-2,1,0,0,-1.0384313664240468
591,-1,1,0,0,-0.20530467353423076
591,0,1,1,1,-2.3414223030987933
591,1,1,1,1,-0.05507338868948819
592,-2,0,0,0,-1.201240170451328
592,-1,0,0,0,-0.26703925415392143
592,0,0,1,0,0.008724017171022752
592,1,0,1,0,0.3218066891859282
593,-2,1,0,0,0.0318176201669243
593,-1,1,0,0,0.006756261185458801
593,0,1,1,1,0.8405515320618662
593,1,1,1,1,2.602544493932753
594,-2,1,0,0,-3.595340305005423
594,-1,1,0,0,-3.6249366891346
594,0,1,1,1,-1.0243145156795868
594,1,1,1,1,0.3010582917512231
595,-2,0,0,0,-1.2365729998664023
595,-1,0,0,0,-1.456253743250103
595,0,0,1,0,-0.38460046701382566
595,1,0,1,0,-0.7267953905685116
596,-2,1,0,0,-1.691866787866818
596,-1,1,0,0,0.26838859395566456
596,0,1,1,1,0.5292028935955155
596,1,1,1,1,2.6632617097049707
597,-2,1,0,0,-1.77935374823425
597,-1,1,0,0,-0.13028442747244567
597,0,1,1,1,-0.2962575010091477
597,1,1,1,1,-0.11553142399628524
598,-2,0,0,0,-1.724220537363424
598,-1,0,0,0,-2.706518504125572
598,0,0,1,0,-1.6953133533831972
598,1,0,1,0,-1.637812536619752
599,-2,0,0,0,-3.0109239898149616
599,-1,0,0,0,-2.872665718770442
599,0,0,1,0,-1.8488349774996613
599,1,0,1,0,-1.0318260808817423
600,-2,1,0,0,-0.20486712753749775
600,-1,1,0,0,0.18207692430729205
600,0,1,1,1,1.5543710745906107
600,1,1,1,1,3.8669007395863115
601,-2,0,0,0,-1.7160174028105257
601,-1,0,0,0,-2.5028057085715005
601,0,0,1,0,-0.8120808280074145
601,1,0,1,0,-0.31856464407785523
602,-2,1,0,0,-3.2215196164968565
602,-1,1,0,0,-1.1322369339170721
602,0,1,1,1,0.49814447168128656
602,1,1,1,1,1.659290495594416
603,-2,1,0,0,-0.337662253101481
603,-1,1,0,0,-0.47707951106793944
603,0,1,1,1,0.14387119004462678
603,1,1,1,1,2.1928974761771176
604,-2,1,0,0,-1.9762521888130917
604,-1,1,0,0,-0.9986858508702691
604,0,1,1,1,-1.6766666481371795
604,1,1,1,1,0.20340251055456515
605,-2,0,0,0,1.3423156199339785
605,-1,0,0,0,-0.8608953254738613
605,0,0,1,0,0.170780285310354
605,1,0,1,0,-1.058001777261261
606,-2,0,0,0,0.614078087503745
606,-1,0,0,0,0.10922148020769464
606,0,0,1,0,0.4365033746816035
606,1,0,1,0,1.46757467203524
607,-2,1,0,0,-2.7827325419177265
607,-1,1,0,0,-1.9876731500284395
607,0,1,1,1,-1.1633013778085088
607,1,1,1,1,0.5009740486607709
608,-2,0,0,0,-0.8567774329499172
608,-1,0,0,0,-1.1064796139477884
608,0,0,1,0,-0.3522859962736181
608,1,0,1,0,0.06757755161690622
609,-2,1,0,0,-1.6636619156248211
609,-1,1,0,0,-0.466059432648314
609,0,1,1,1,1.0211365665196277
609,1,1,1,1,2.0327220044409944
610,-2,0,0,0,-0.4035720945913688
610,-1,0,0,0,-1.4509768351088568
610,0,0,1,0,-2.215176057143513
610,1,0,1,0,-1.6223178306002892
611,-2,0,0,0,-0.8430167654855122
611,-1,0,0,0,1.1418426547473388
611,0,0,1,0,1.0113123988823876
611,1,0,1,0,0.6016308567946418
612,-2,0,0,0,-0.48366810358981793
612,-1,0,0,0,0.2889533977952382
612,0,0,1,0,0.01618102993434567
612,1,0,1,0,2.3382611422406523
613,-2,0,0,0,1.4191151269942008
613,-1,0,0,0,1.931165264023258
613,0,0,1,0,0.8128595822699425
613,1,0,1,0,2.323007084821116
614,-2,1,0,0,-2.0316852968512507
614,-1,1,0,0,-0.6249481722764547
614,0,1,1,1,1.350276376469811
614,1,1,1,1,3.1739705774429448
615,-2,1,0,0,-0.9476943149064501
615,-1,1,0,0,-0.6071067045438658
615,0,1,1,1,1.5624609105096925
615,1,1,1,1,2.3959928384042692
616,-2,1,0,0,-2.2517533303209114
616,-1,1,0,0,-1.2609785900889847
616,0,1,1,1,0.2549694851003551
616,1,1,1,1,0.30613155285930643
617,-2,0,0,0,-1.4703763443482358
617,-1,0,0,0,-0.8313404196368881
617,0,0,1,0,-0.7993695976465953
617,1,0,1,0,-0.2066467332990084
618,-2,1,0,0,-0.6806094754875434
618,-1,1,0,0,-0.5234122927329089
618,0,1,1,1,-1.474695588629183
618,1,1,1,1,-0.3804497970459413
619,-2,0,0,0,0.5720539266163363
619,-1,0,0,0,1.3865044916169498
619,0,0,1,0,1.4800340664359997
619,1,0,1,0,0.7247536445017142
620,-2,0,0,0,-0.046931964361234924
620,-1,0,0,0,1.0776024744683381
620,0,0,1,0,1.1191051304973876
620,1,0,1,0,1.2610911875813373
621,-2,0,0,0,-0.3642067525910576
621,-1,0,0,0,-1.3797385511047158
621,0,0,1,0,0.15997950751761714
621,1,0,1,0,-1.916473048333022
622,-2,0,0,0,-0.22045537300412207
622,-1,0,0,0,0.9854439810080406
622,0,0,1,0,-1.4576457966106728
622,1,0,1,0,2.078006719981004
623,-2,0,0,0,1.0350515641084137
623,-1,0,0,0,1.739285785612028
623,0,0,1,0,2.071018817454146
623,1,0,1,0,1.431499051952117
624,-2,1,0,0,-2.337084708265131
624,-1,1,0,0,-2.236358711239622
624,0,1,1,1,0.3590956685443334
624,1,1,1,1,1.1993006728566065
625,-2,0,0,0,-0.14129759254052102
625,-1,0,0,0,-0.18577329350791288
625,0,0,1,0,0.34382675978662863
625,1,0,1,0,0.9297018035561595
626,-2,1,0,0,-1.6756423730162535
626,-1,1,0,0,-1.1652847960333985
626,0,1,1,1,1.6305308115612616
626,1,1,1,1,0.11660538456524305
627,-2,1,0,0,-1.2424816541877504
627,-1,1,0,0,-0.5888497243551543
627,0,1,1,1,-0.9176570232126368
627,1,1,1,1,-0.33858919827124495
628,-2,1,0,0,-1.6131391494574348
628,-1,1,0,0,-0.9512494655780304
628,0,1,1,1,1.2463855814238738
628,1,1,1,1,3.146511231432198
629,-2,0,0,0,0.7575874030004064
629,-1,0,0,0,1.2899502686958235
629,0,0,1,0,1.2780948542301847
629,1,0,1,0,2.4564588491935995
630,-2,0,0,0,0.30672046190807023
630,-1,0,0,0,-1.0207002019356382
630,0,0,1,0,0.45675479332963864
630,1,0,1,0,-0.07248380228181672
631,-2,1,0,0,-1.212711737474884
631,-1,1,0,0,0.1934072225106341
631,0,1,1,1,1.8352476131607478
631,1,1,1,1,1.7416839371572754
632,-2,1,0,0,-3.6508633898299
632,-1,1,0,0,-2.855715815607396
632,0,1,1,1,-1.14527128650458
632,1,1,1,1,0.404364735081281
633,-2,1,0,0,-2.395735176157378
633,-1,1,0,0,-2.23486996914078
633,0,1,1,1,-0.5694776902429006
633,1,1,1,1,1.0758825740425921
634,-2,1,0,0,-2.3596629897275356
634,-1,1,0,0,-1.715724515536449
634,0,1,1,1,-0.029373200411297873
634,1,1,1,1,1.475553349292035
635,-2,0,0,0,-1.8873883197236108
635,-1,0,0,0,-1.1850108811145903
635,0,0,1,0,-0.8927675057865657
635,1,0,1,0,-2.0623284386030027
636,-2,0,0,0,-0.2753225422049872
636,-1,0,0,0,1.5568243168784077
636,0,0,1,0,1.4563087726761572
636,1,0,1,0,1.792626888978754
637,-2,1,0,0,-3.060245948826493
637,-1,1,0,0,-2.4970013225894965
637,0,1,1,1,-1.4752750540424244
637,1,1,1,1,-0.5392034171271043
638,-2,0,0,0,-1.1592652716538179
638,-1,0,0,0,1.2697086036783973
638,0,0,1,0,0.9703925702329221
638,1,0,1,0,0.9193101567843853
639,-2,1,0,0,-3.880144879765522
639,-1,1,0,0,-3.4882301624054706
639,0,1,1,1,-0.9571455812425476
639,1,1,1,1,1.6388424799401122
640,-2,1,0,0,0.15414973537813015
640,-1,1,0,0,1.6187618954243774
640,0,1,1,1,1.0404686897803606
640,1,1,1,1,0.6464631965662524
641,-2,1,0,0,-1.9579206296477931
641,-1,1,0,0,-1.6664749069583282
641,0,1,1,1,0.357033111923277
641,1,1,1,1,0.5875550254840929
642,-2,1,0,0,-0.9632586110698048
642,-1,1,0,0,-0.22974638725992957
642,0,1,1,1,-0.3118466369592239
642,1,1,1,1,2.506742074397809
643,-2,0,0,0,-0.6048032219165267
643,-1,0,0,0,-1.8584811920511652
643,0,0,1,0,-0.7033748491430051
643,1,0,1,0,0.1639987069986436
644,-2,1,0,0,-1.149265406189865
644,-1,1,0,0,-1.4348939950977622
644,0,1,1,1,-0.10252126939663722
644,1,1,1,1,0.31184955936722414
645,-2,0,0,0,-0.6016398189343084
645,-1,0,0,0,-1.2628091312868415
645,0,0,1,0,-0.5219744085730083
645,1,0,1,0,-0.060686550398732775
646,-2,0,0,0,-2.9458464630137997
646,-1,0,0,0,-0.6739533845416039
646,0,0,1,0,-1.23987969827308
646,1,0,1,0,-0.2136994517964268
647,-2,1,0,0,-1.9197051111182215
647,-1,1,0,0,-1.5131707097929645
647,0,1,1,1,-0.11946073117112944
647,1,1,1,1,-0.1965596443344363
648,-2,0,0,0,-0.6331985337157233
648,-1,0,0,0,-0.7411159125286325
648,0,0,1,0,0.9421353075572426
648,1,0,1,0,-0.6473795291482853
649,-2,0,0,0,-1.6712702340108818
649,-1,0,0,0,-1.2415125092773118
649,0,0,1,0,1.0343930369738008
649,1,0,1,0,0.45622297307955784
650,-2,1,0,0,-0.4856569169688981
650,-1,1,0,0,1.1299166341337825
650,0,1,1,1,-0.2554945309726569
650,1,1,1,1,2.0652175427072077
651,-2,1,0,0,-1.7517770817704845
651,-1,1,0,0,-0.5770416128677753
651,0,1,1,1,0.006708732182991185
651,1,1,1,1,2.034749426672136
652,-2,0,0,0,-2.039251739615029
652,-1,0,0,0,0.09585395925587281
652,0,0,1,0,-0.2811581283517956
652,1,0,1,0,1.0265367353475434
653,-2,0,0,0,-1.1458396610387478
653,-1,0,0,0,-1.1074525383191887
653,0,0,1,0,-0.6734881226017952
653,1,0,1,0,-0.3172055178179328
654,-2,1,0,0,-1.8360719915998782
654,-1,1,0,0,-1.6623452741871172
654,0,1,1,1,-0.37522173145714044
654,1,1,1,1,0.21077480416118094
655,-2,0,0,0,-0.7845294956326826
655,-1,0,0,0,-1.351390579817948
655,0,0,1,0,0.2091260030040668
655,1,0,1,0,1.0542832269517715
656,-2,0,0,0,-1.1911917512651855
656,-1,0,0,0,0.5113668481235158
656,0,0,1,0,-0.5639856295556744
656,1,0,1,0,-0.05266693986766324
657,-2,0,0,0,-0.994116587829939
657,-1,0,0,0,-2.579053049461436
657,0,0,1,0,-1.5280034037894223
657,1,0,1,0,-0.23731647245967735
658,-2,1,0,0,-2.8838126891130353
658,-1,1,0,0,-2.4689304318697958
658,0,1,1,1,-0.4883875899295947
658,1,1,1,1,0.3241847188323166
659,-2,0,0,0,-1.1215188213340805
659,-1,0,0,0,-0.7066714128736864
659,0,0,1,0,-0.10113875071816933
659,1,0,1,0,1.8239077756965099
660,-2,1,0,0,0.21466512692971285
660,-1,1,0,0,0.6969709258965145
660,0,1,1,1,1.476345476004564
660,1,1,1,1,2.516040393942316
661,-2,0,0,0,-1.182442314196503
661,-1,0,0,0,-0.527218181350988
661,0,0,1,0,0.36366796383028666
661,1,0,1,0,1.272868506423483
662,-2,1,0,0,-1.9638934270964943
662,-1,1,0,0,-0.9312099645087247
662,0,1,1,1,0.14384138919321998
662,1,1,1,1,-1.1671047763879163
663,-2,0,0,0,-0.988893555956049
663,-1,0,0,0,0.4476638834612434
663,0,0,1,0,0.1586076286591679
663,1,0,1,0,0.1386880303896531
664,-2,1,0,0,-0.36884275813971
664,-1,1,0,0,-1.2606751058239645
664,0,1,1,1,-0.10718939254718485
664,1,1,1,1,1.549571830347361
665,-2,1,0,0,-3.865468302470299
665,-1,1,0,0,-3.300660649646551
665,0,1,1,1,-0.652495865587025
665,1,1,1,1,0.6283941050089314
666,-2,0,0,0,0.3480948095966907
666,-1,0,0,0,0.7433912171422403
666,0,0,1,0,-0.7781178759109274
666,1,0,1,0,0.420416997882476
667,-2,0,0,0,-1.0037389478744438
667,-1,0,0,0,-0.1288013921424387
667,0,0,1,0,-0.31898228837118614
667,1,0,1,0,-0.6876532713094501
668,-2,0,0,0,-1.0483373986568096
668,-1,0,0,0,-0.5239040606196524
668,0,0,1,0,-0.4801109253865054
668,1,0,1,0,-0.06543654580525987
669,-2,1,0,0,-3.6300868647027356
669,-1,1,0,0,-1.7424328801735744
669,0,1,1,1,0.4454142877453442
669,1,1,1,1,-0.24069028079075638
670,-2,1,0,0,-1.5467570103630919
670,-1,1,0,0,-3.0443981951545864
670,0,1,1,1,-0.08664697921436071
670,1,1,1,1,-0.4512562881116861
671,-2,0,0,0,-0.9880571965911559
671,-1,0,0,0,-0.20720658344943488
671,0,0,1,0,-0.9349106559583222
671,1,0,1,0,-0.1370461619800278
672,-2,0,0,0,0.9450879579434832
672,-1,0,0,0,1.3756956388317996
672,0,0,1,0,1.2742634262601575
672,1,0,1,0,-0.13389947301149807
673,-2,0,0,0,0.262710399803159
673,-1,0,0,0,-0.5958935866348376
673,0,0,1,0,0.7884473295617258
673,1,0,1,0,0.6437367510172818
674,-2,1,0,0,-1.3339393408982028
674,-1,1,0,0,-0.8176745110201431
674,0,1,1,1,-0.020253392053057595
674,1,1,1,1,-0.047425396886800086
675,-2,0,0,0,0.6832635177105478
675,-1,0,0,0,-0.6134391128446444
675,0,0,1,0,1.1989326661315578
675,1,0,1,0,-0.1119861425627291
676,-2,0,0,0,-0.2654673032098822
676,-1,0,0,0,0.44028943560771716
676,0,0,1,0,0.6358565650168643
676,1,0,1,0,0.7905452525282528
677,-2,1,0,0,-0.8799698898243269
677,-1,1,0,0,-0.8691336104721264
677,0,1,1,1,-1.6697378700742473
677,1,1,1,1,0.2881898927143561
678,-2,1,0,0,-1.9413830354344257
678,-1,1,0,0,-1.6383219707217365
678,0,1,1,1,-1.3621096107796071
678,1,1,1,1,-0.5120874637766841
679,-2,0,0,0,0.6114921738401621
679,-1,0,0,0,0.39377553908382973
679,0,0,1,0,2.773263432832201
679,1,0,1,0,2.3492644259096584
680,-2,0,0,0,-1.463523854646597
680,-1,0,0,0,2.047040494899828
680,0,0,1,0,1.1858447196394877
680,1,0,1,0,1.9380580704860675
681,-2,1,0,0,-2.4277535268814394
681,-1,1,0,0,-1.111640046984091
681,0,1,1,1,-1.5890558939074722
681,1,1,1,1,0.48746184020545663
682,-2,1,0,0,-1.7122769044349568
682,-1,1,0,0,-0.29252404116469577
682,0,1,1,1,1.1016436712531856
682,1,1,1,1,2.444707883571891
683,-2,0,0,0,-1.8226816482890953
683,-1,0,0,0,-0.39577449132982984
683,0,0,1,0,-0.41330328113490256
683,1,0,1,0,-0.9293794441461831
684,-2,0,0,0,-2.8395152557377674
684,-1,0,0,0,-1.09944016279491
684,0,0,1,0,-1.3415369169212055
684,1,0,1,0,-0.05007513068527403
685,-2,1,0,0,-1.957427994364864
685,-1,1,0,0,-0.6089178405584952
685,0,1,1,1,0.802784821881215
685,1,1,1,1,3.11848170768553
686,-2,0,0,0,-1.536415426375262
686,-1,0,0,0,-1.0005277194165654
686,0,0,1,0,-0.23835316623366415
686,1,0,1,0,-0.015732466921580063
687,-2,0,0,0,-1.3375252281824248
687,-1,0,0,0,-2.3381349789975254
687,0,0,1,0,-0.4864832148011865
687,1,0,1,0,-0.7164984085033207
688,-2,1,0,0,-4.129329027809363
688,-1,1,0,0,-1.727342566976834
688,0,1,1,1,-1.0110827974574486
688,1,1,1,1,-0.08762228280920914
689,-2,0,0,0,1.0004060383565434
689,-1,0,0,0,0.4142626341664828
689,0,0,1,0,0.3992574708174571
689,1,0,1,0,-0.9103197191159855
690,-2,1,0,0,-1.5082338784174654
690,-1,1,0,0,-0.7994371288698476
690,0,1,1,1,-0.5958022188661779
690,1,1,1,1,0.788420468749373
691,-2,0,0,0,-2.184147085501662
691,-1,0,0,0,-0.6564065870394877
691,0,0,1,0,-1.1865858521849326
691,1,0,1,0,0.3029923455758581
692,-2,1,0,0,-2.8215077844479386
692,-1,1,0,0,-2.9688791364793192
692,0,1,1,1,-0.41515867218613134
692,1,1,1,1,-0.25676843359977425
693,-2,1,0,0,-0.7638413106569032
693,-1,1,0,0,-0.2656569218652765
693,0,1,1,1,1.014759552611563
693,1,1,1,1,1.374655190530411
694,-2,0,0,0,-0.5631694036838748
694,-1,0,0,0,0.38450285892455227
694,0,0,1,0,-1.4781035165361893
694,1,0,1,0,0.5364309267105076
695,-2,1,0,0,-2.5276426349027243
695,-1,1,0,0,-0.8349272980188263
695,0,1,1,1,-0.474637627954829
695,1,1,1,1,0.20432304554687689
696,-2,0,0,0,-1.4120505424333893
696,-1,0,0,0,-0.6667920018950535
696,0,0,1,0,-0.32520617935975216
696,1,0,1,0,-0.4707849632779346
697,-2,0,0,0,-1.1968965906144522
697,-1,0,0,0,0.05022492999113626
697,0,0,1,0,0.1473788939275008
697,1,0,1,0,-0.07510051105519601
698,-2,0,0,0,-1.0423210185328187
698,-1,0,0,0,-1.036503643471288
698,0,0,1,0,-0.8572378068351603
698,1,0,1,0,-0.15132590716257766
699,-2,0,0,0,-1.7086943976896136
699,-1,0,0,0,-0.6257787343817338
699,0,0,1,0,5.094853013593633
699,1,0,1,0,1.5269102705746664
700,-2,0,0,0,-1.4216860970433967
700,-1,0,0,0,-2.034326237052271
700,0,0,1,0,-1.6705071971636947
700,1,0,1,0,-0.5954676876710029
701,-2,1,0,0,-3.385400882735461
701,-1,1,0,0,-2.520286930102818
701,0,1,1,1,-1.5371238349848877
701,1,1,1,1,-0.6785988834867693
702,-2,1,0,0,-0.9276430387226146
702,-1,1,0,0,-2.2617985345466485
702,0,1,1,1,-0.299407307063372
702,1,1,1,1,0.42908238423301104
703,-2,1,0,0,-0.8031394519672068
703,-1,1,0,0,-1.7541359108345191
703,0,1,1,1,0.40730871917960576
703,1,1,1,1,2.206044488433447
704,-2,0,0,0,1.4111949814713525
704,-1,0,0,0,1.6498897760036613
704,0,0,1,0,2.3194470667804574
704,1,0,1,0,3.317216301428873
705,-2,1,0,0,0.5283628228502847
705,-1,1,0,0,0.49156767374691035
705,0,1,1,1,-0.21689189138359355
705,1,1,1,1,3.4533625956545633
706,-2,1,0,0,-0.5268291813650596
706,-1,1,0,0,0.016504702589229397
706,0,1,1,1,-0.08458201362645845
706,1,1,1,1,1.0116731254598554
707,-2,0,0,0,-0.2922402470057217
707,-1,0,0,0,0.5715928376578011
707,0,0,1,0,-0.5458565537994519
707,1,0,1,0,-0.9642376475027726
708,-2,1,0,0,-1.3097207340731138
708,-1,1,0,0,0.18221570286135041
708,0,1,1,1,-0.11073669615817794
708,1,1,1,1,0.8841120231283929
709,-2,1,0,0,-3.1617454604410744
709,-1,1,0,0,0.16384200743367527
709,0,1,1,1,-0.19915023438590307
709,1,1,1,1,-2.4292568228560523
710,-2,1,0,0,-1.7511435254442378
710,-1,1,0,0,1.3700612755265364
710,0,1,1,1,-0.4081574285314229
710,1,1,1,1,2.4627786457576355
711,-2,0,0,0,-0.8956236844950898
711,-1,0,0,0,0.2722611966163491
711,0,0,1,0,1.9507915172216523
711,1,0,1,0,1.714760190147644
712,-2,0,0,0,-1.3001977366153143
712,-1,0,0,0,-0.5814181877284634
712,0,0,1,0,-0.4787465305021947
712,1,0,1,0,-0.5488388074131691
713,-2,0,0,0,-1.3126995851977323
713,-1,0,0,0,0.6212737214848012
713,0,0,1,0,1.1154636977286807
713,1,0,1,0,1.041347387860791
714,-2,0,0,0,-0.5310885326479874
714,-1,0,0,0,-0.9127739046042407
714,0,0,1,0,-0.8577889240690648
714,1,0,1,0,-1.2868998116032366
715,-2,0,0,0,-2.0948912259365886
715,-1,0,0,0,-0.3285028837676261
715,0,0,1,0,-0.9026327040943158
715,1,0,1,0,-0.16665982180576336
716,-2,1,0,0,-2.76286396327394
716,-1,1,0,0,-2.782190632925363
716,0,1,1,1,0.06979915026785133
716,1,1,1,1,0.7338096612110974
717,-2,1,0,0,-3.7092339052473644
717,-1,1,0,0,-3.971856070008053
717,0,1,1,1,-1.6145695801769726
717,1,1,1,1,-1.6116550613126865
718,-2,1,0,0,-1.085374796083769
718,-1,1,0,0,-0.6172249317128264
718,0,1,1,1,0.6183311046413699
718,1,1,1,1,0.8430021067491313
719,-2,0,0,0,-1.4406775998483308
719,-1,0,0,0,-2.273160395196708
719,0,0,1,0,-1.2982348806832862
719,1,0,1,0,-0.8307099556909068
720,-2,1,0,0,-3.9090567039643975
720,-1,1,0,0,-0.956635718380201
720,0,1,1,1,-0.17875401035533273
720,1,1,1,1,-0.7627641087054123
721,-2,1,0,0,-1.0245043801580787
721,-1,1,0,0,-0.3674323298586951
721,0,1,1,1,-0.1981684270201523
721,1,1,1,1,0.45255569244541627
722,-2,1,0,0,0.8046161886054818
722,-1,1,0,0,0.06925250876584754
722,0,1,1,1,3.447640584557359
722,1,1,1,1,1.4336162166292756
723,-2,0,0,0,0.4417823570360947
723,-1,0,0,0,-0.8103818468110494
723,0,0,1,0,0.3023142842269772
723,1,0,1,0,-0.4709343100414401
724,-2,1,0,0,-2.152827491409554
724,-1,1,0,0,-0.624942899143474
724,0,1,1,1,-0.4913476946469012
724,1,1,1,1,0.8923325573430996
725,-2,0,0,0,-3.2899777459666564
725,-1,0,0,0,-1.7561040545031068
725,0,0,1,0,-0.27613311110339134
725,1,0,1,0,-1.7489282968805115
726,-2,0,0,0,1.4087188816982126
726,-1,0,0,0,0.6192018374222203
726,0,0,1,0,-0.41914428073037824
726,1,0,1,0,2.294672933771535
727,-2,0,0,0,-0.5113417389541602
727,-1,0,0,0,-0.6431280012261062
727,0,0,1,0,-0.5997428079064328
727,1,0,1,0,1.7259947898866566
728,-2,1,0,0,-3.4466739260359422
728,-1,1,0,0,-1.2255073238863499
728,0,1,1,1,-2.467690204836635
728,1,1,1,1,-1.0012495206141048
729,-2,0,0,0,0.29025818371897505
729,-1,0,0,0,1.071588232969736
729,0,0,1,0,0.9604989111341403
729,1,0,1,0,-0.05356935909641791
730,-2,1,0,0,0.6173915032987147
730,-1,1,0,0,0.8970695048097801
730,0,1,1,1,2.042959055832988
730,1,1,1,1,0.95531807188208
731,-2,1,0,0,-0.9912752880207041
731,-1,1,0,0,-0.4156304371202232
731,0,1,1,1,0.190925077340991
731,1,1,1,1,0.4430128417768311
732,-2,0,0,0,-0.09482592302379539
732,-1,0,0,0,0.5973872332308803
732,0,0,1,0,0.1950110325409442
732,1,0,1,0,1.2735748220541276
733,-2,0,0,0,0.9220334544414306
733,-1,0,0,0,1.7149433661013993
733,0,0,1,0,0.06585819671466209
733,1,0,1,0,1.7651947194835793
734,-2,0,0,0,-0.8022533864568888
734,-1,0,0,0,0.9539408165320364
734,0,0,1,0,0.7469201586227523
734,1,0,1,0,0.6740976570784656
735,-2,1,0,0,-0.17186260344848792
735,-1,1,0,0,-0.23915168303640633
735,0,1,1,1,2.5672668203424265
735,1,1,1,1,1.627038764004745
736,-2,0,0,0,-0.2979432907418009
736,-1,0,0,0,1.0331796690211812
736,0,0,1,0,2.0422139526598544
736,1,0,1,0,2.0930505751849555
737,-2,1,0,0,-2.2328253723338
737,-1,1,0,0,-0.9148641438216969
737,0,1,1,1,1.822656624620067
737,1,1,1,1,4.087763965187612
738,-2,1,0,0,-2.4510767735425647
738,-1,1,0,0,-2.685643863204591
738,0,1,1,1,-0.7852821940054043
738,1,1,1,1,-0.02607471151841545
739,-2,1,0,0,-2.1544493562325866
739,-1,1,0,0,-1.0788523532806293
739,0,1,1,1,1.4560107010238117
739,1,1,1,1,0.09943111057131593
740,-2,0,0,0,-0.341772728720532
740,-1,0,0,0,1.7515414382643135
740,0,0,1,0,0.5738596023687872
740,1,0,1,0,1.7283230756319692
741,-2,1,0,0,-2.2176474292460973
741,-1,1,0,0,0.049156118989193365
741,0,1,1,1,0.2717055939506893
741,1,1,1,1,0.4288402544737733
742,-2,0,0,0,-1.4411654269394698
742,-1,0,0,0,-1.6767700122768623
742,0,0,1,0,-0.018032578431253388
742,1,0,1,0,-1.2302106200401357
743,-2,1,0,0,-2.4852128146726273
743,-1,1,0,0,-0.4390433892532399
743,0,1,1,1,-0.1480961818852944
743,1,1,1,1,1.65825163706994
744,-2,0,0,0,-1.7080359202185367
744,-1,0,0,0,-1.1309397706190816
744,0,0,1,0,-0.38873528040819566
744,1,0,1,0,-1.1737909307016874
745,-2,0,0,0,0.5973765604306059
745,-1,0,0,0,-0.33782910830967045
745,0,0,1,0,0.9178466598052294
745,1,0,1,0,0.6262912928420281
746,-2,1,0,0,-0.988127783878495
746,-1,1,0,0,-1.3608656690228884
746,0,1,1,1,0.8319212183859953
746,1,1,1,1,0.8081956662048866
747,-2,0,0,0,-0.7150531856453921
747,-1,0,0,0,-1.0924573650569283
747,0,0,1,0,-0.9559198819155992
747,1,0,1,0,-0.04064090845723156
748,-2,1,0,0,-1.582803262454862
748,-1,1,0,0,2.026189588143805
748,0,1,1,1,1.8657054301659532
748,1,1,1,1,2.498089227650077
749,-2,0,0,0,-2.522332702980332
749,-1,0,0,0,-2.883945459982583
749,0,0,1,0,-2.0316286046036502
749,1,0,1,0,-1.8388716103224154
750,-2,1,0,0,-1.5083335617040716
750,-1,1,0,0,-2.591320380610919
750,0,1,1,1,1.544733836389519
750,1,1,1,1,1.2830345578292852
751,-2,1,0,0,-3.081242546809236
751,-1,1,0,0,-0.3346777281734843
751,0,1,1,1,-0.5792662070701516
751,1,1,1,1,0.47895709739186293
752,-2,1,0,0,-2.476494039709489
752,-1,1,0,0,-1.250480938132624
752,0,1,1,1,-0.04651425096782358
752,1,1,1,1,0.017870336915279172
753,-2,0,0,0,-1.3760117313455247
753,-1,0,0,0,-2.9201886054679007
753,0,0,1,0,0.02891867722986012
753,1,0,1,0,0.2824004211718396
754,-2,1,0,0,-4.504093694889845
754,-1,1,0,0,-2.286462452382173
754,0,1,1,1,-3.3463073266838217
754,1,1,1,1,-1.8640493281362094
755,-2,0,0,0,-1.661600224195465
755,-1,0,0,0,-1.9309069943001815
755,0,0,1,0,1.0398700584212022
755,1,0,1,0,0.8876297789402954
756,-2,1,0,0,-2.6715209038136063
756,-1,1,0,0,-2.8073691470688273
756,0,1,1,1,-0.8722683261036034
756,1,1,1,1,-0.7564338649568133
757,-2,0,0,0,0.07811612190329537
757,-1,0,0,0,-0.8505394910492836
757,0,0,1,0,-1.0307287751530096
757,1,0,1,0,0.5072098123375921
758,-2,1,0,0,-3.982780995789317
758,-1,1,0,0,-2.240190563320128
758,0,1,1,1,0.8409287036494919
758,1,1,1,1,1.902064619102016
759,-2,1,0,0,-3.144065667601529
759,-1,1,0,0,-0.8976097862739782
759,0,1,1,1,-0.9431900377026727
759,1,1,1,1,0.9182043267560123
760,-2,0,0,0,-0.38933407694968036
760,-1,0,0,0,-0.3923121622545109
760,0,0,1,0,1.2996956895528347
760,1,0,1,0,1.1872954965389457
761,-2,1,0,0,-1.6386894613545624
761,-1,1,0,0,1.4824486782817214
761,0,1,1,1,1.2318972281827
761,1,1,1,1,3.0727141792564883
762,-2,1,0,0,-1.179878680022221
762,-1,1,0,0,0.8616622583684621
762,0,1,1,1,1.5239878904498438
762,1,1,1,1,0.6297089462898691
763,-2,0,0,0,-2.9478566057049376
763,-1,0,0,0,-2.37441765724084
763,0,0,1,0,-1.4876202484048135
763,1,0,1,0,-1.5903046221047878
764,-2,0,0,0,1.1659260720214357
764,-1,0,0,0,1.5559244652141644
764,0,0,1,0,1.6636859590221709
764,1,0,1,0,1.5667884362325208
765,-2,1,0,0,-3.675346521526224
765,-1,1,0,0,-0.7104250456557273
765,0,1,1,1,-0.5938465133992388
765,1,1,1,1,0.7779056228732597
766,-2,1,0,0,-0.40449669267600846
766,-1,1,0,0,0.21706823074966813
766,0,1,1,1,1.84509320742285
766,1,1,1,1,1.8901705621486204
767,-2,1,0,0,-0.6570236659744805
767,-1,1,0,0,-0.20951031057564856
767,0,1,1,1,1.593331842549293
767,1,1,1,1,1.8746245604516292
768,-2,1,0,0,-0.3788900548868916
768,-1,1,0,0,0.28592975443266727
768,0,1,1,1,0.6854915443430257
768,1,1,1,1,2.2875199503735906
769,-2,1,0,0,-2.010748364581613
769,-1,1,0,0,-1.5542173705940534
769,0,1,1,1,0.9777269152159026
769,1,1,1,1,1.0134770175702985
770,-2,1,0,0,0.7415470705022866
770,-1,1,0,0,0.8376761811498079
770,0,1,1,1,2.077781462181512
770,1,1,1,1,2.6410446320741587
771,-2,1,0,0,1.1520733031420274
771,-1,1,0,0,1.3787689543581094
771,0,1,1,1,2.3049366146500923
771,1,1,1,1,2.402057490108862
772,-2,0,0,0,0.45371850830446353
772,-1,0,0,0,1.3415484657817318
772,0,0,1,0,0.44292370275811876
772,1,0,1,0,1.3640328222670504
773,-2,1,0,0,-2.1476711474317045
773,-1,1,0,0,-2.83590054282688
773,0,1,1,1,-0.5926012046286127
773,1,1,1,1,-0.46721688316674753
774,-2,0,0,0,0.22140362242218836
774,-1,0,0,0,-0.050724455691559964
774,0,0,1,0,0.42548025180914034
774,1,0,1,0,0.7899840019324773
775,-2,1,0,0,-2.6765421055062526
775,-1,1,0,0,-1.470646547960549
775,0,1,1,1,-0.6973183514754897
775,1,1,1,1,0.42197154692140965
776,-2,1,0,0,-1.6829633543160734
776,-1,1,0,0,-0.5975622009858459
776,0,1,1,1,0.038849978739711216
776,1,1,1,1,0.09246085026959983
777,-2,0,0,0,-1.4365402155318259
777,-1,0,0,0,-0.933140114935975
777,0,0,1,0,-0.21148749265812594
777,1,0,1,0,-0.04487955663651183
778,-2,1,0,0,-3.4896303342921695
778,-1,1,0,0,-1.7370810587282222
778,0,1,1,1,-0.007776805603461612
778,1,1,1,1,-0.023653349857961692
779,-2,1,0,0,-0.3960522002465243
779,-1,1,0,0,-0.49929558972877636
779,0,1,1,1,-0.20189933375087088
779,1,1,1,1,0.9881135090750167
780,-2,0,0,0,0.4589626860612785
780,-1,0,0,0,0.17956588450352337
780,0,0,1,0,0.9557836865134195
780,1,0,1,0,0.4436328146117585
781,-2,0,0,0,-0.7631691166113019
781,-1,0,0,0,-0.14044231037777938
781,0,0,1,0,-0.5662204366778818
781,1,0,1,0,0.1365912970540899
782,-2,0,0,0,0.8032727731959014
782,-1,0,0,0,1.5658488498304002
782,0,0,1,0,1.6010455827743675
782,1,0,1,0,1.2613288220388366
783,-2,0,0,0,-1.7520012309982564
783,-1,0,0,0,-0.6772154175888813
783,0,0,1,0,-1.9601249224118873
783,1,0,1,0,-1.7266751811485248
784,-2,1,0,0,0.5636833147380614
784,-1,1,0,0,1.7776029989206061
784,0,1,1,1,3.848311455916641
784,1,1,1,1,3.014121714178503
785,-2,0,0,0,-1.9729176708497518
785,-1,0,0,0,0.4246696746781684
785,0,0,1,0,-0.6609711372177219
785,1,0,1,0,0.4464729741564198
786,-2,0,0,0,0.180508664375228
786,-1,0,0,0,0.23491994653378212
786,0,0,1,0,1.2953717554800532
786,1,0,1,0,0.6453784027356252
787,-2,1,0,0,-1.108078987494871
787,-1,1,0,0,-1.5943073727046428
787,0,1,1,1,-0.5225936891001078
787,1,1,1,1,-0.7547523607066425
788,-2,1,0,0,-3.769738750980017
788,-1,1,0,0,-0.8092005407120964
788,0,1,1,1,-3.076936349283182
788,1,1,1,1,-0.8924138646477566
789,-2,1,0,0,-0.8413182216654311
789,-1,1,0,0,0.4893448156616389
789,0,1,1,1,1.6363580660786137
789,1,1,1,1,2.775969321717344
790,-2,0,0,0,-1.1214362370952529
790,-1,0,0,0,-1.2753337799591908
790,0,0,1,0,-0.27838751753141877
790,1,0,1,0,-0.994195254697811
791,-2,0,0,0,0.41061400014713434
791,-1,0,0,0,-1.191897048706917
791,0,0,1,0,1.4249083621088112
791,1,0,1,0,0.8611494875728816
792,-2,0,0,0,-1.5060162719893604
792,-1,0,0,0,-0.40145909028232174
792,0,0,1,0,0.5228246106337902
792,1,0,1,0,0.5979832278488342
793,-2,1,0,0,-3.1924894007194986
793,-1,1,0,0,-2.32848523864139
793,0,1,1,1,-0.17866228764044279
793,1,1,1,1,-0.30847690379474235
794,-2,1,0,0,-3.802722431377288
794,-1,1,0,0,-0.9537372732585921
794,0,1,1,1,-2.45019220829212
794,1,1,1,1,0.6549760427291786
795,-2,0,0,0,-2.1222444748686873
795,-1,0,0,0,-2.317293208041216
795,0,0,1,0,-3.2404571083103693
795,1,0,1,0,-1.7266633625617636
796,-2,1,0,0,-1.3090934916190098
796,-1,1,0,0,0.02011854574668337
796,0,1,1,1,0.40604219703842837
796,1,1,1,1,1.7477261495783365
797,-2,0,0,0,-0.12999069213121417
797,-1,0,0,0,-0.016735836473130095
797,0,0,1,0,0.9090546337601193
797,1,0,1,0,1.6433261201886311
798,-2,0,0,0,-0.24504442606800098
798,-1,0,0,0,1.0519110223225456
798,0,0,1,0,0.2951574513612742
798,1,0,1,0,0.32456220788813916
799,-2,0,0,0,-1.1217699716896687
799,-1,0,0,0,-1.5395151585749267
799,0,0,1,0,1.2438569202381358
799,1,0,1,0,-0.3411259520839809
800,-2,0,0,0,-0.3723279843787521
800,-1,0,0,0,0.20551771373662475
800,0,0,1,0,-0.325055540329234
800,1,0,1,0,-0.11612205288701838
