unit_id,time,y0_truth,true_ATT_post,parallel_trends_holds_truth
1,-2,-1.2261848551444672,0.0,False
1,-1,-0.3761848551444672,0.0,False
1,0,0.47381514485553283,0.0,False
1,1,1.3238151448555329,0.0,False
2,-2,-1.4864929211638862,0.0,False
2,-1,-0.6364929211638861,0.0,False
2,0,0.21350707883611386,0.0,False
2,1,1.0635070788361138,0.0,False
3,-2,-1.2213865803577135,0.0,False
3,-1,-0.9213865803577135,0.0,False
3,0,-0.6213865803577135,0.0,False
3,1,-0.32138658035771356,0.0,False
4,-2,-1.6758339597882257,0.0,False
4,-1,-0.8258339597882256,0.0,False
4,0,0.024166040211774417,0.0,False
4,1,0.8741660402117745,0.0,False
5,-2,0.08038149894922675,0.0,False
5,-1,0.38038149894922674,0.0,False
5,0,0.6803814989492267,0.0,False
5,1,0.9803814989492268,0.0,False
6,-2,-0.5073536716445688,0.0,False
6,-1,-0.20735367164456883,0.0,False
6,0,0.09264632835543116,0.0,False
6,1,0.3926463283554311,0.0,False
7,-2,-2.957665326868955,0.0,False
7,-1,-2.107665326868955,0.0,False
7,0,-1.257665326868955,0.0,False
7,1,-0.40766532686895496,0.0,False
8,-2,-0.6754832452832166,0.0,False
8,-1,-0.37548324528321664,0.0,False
8,0,-0.07548324528321662,0.0,False
8,1,0.22451675471678337,0.0,False
9,-2,-1.6810260218845525,0.0,False
9,-1,-0.8310260218845527,0.0,False
9,0,0.018973978115447425,0.0,False
9,1,0.8689739781154475,0.0,False
10,-2,-0.5112188836734464,0.0,False
10,-1,-0.2112188836734464,0.0,False
10,0,0.08878111632655358,0.0,False
10,1,0.38878111632655354,0.0,False
11,-2,-2.150680723307949,0.0,False
11,-1,-1.8506807233079492,0.0,False
11,0,-1.5506807233079491,0.0,False
11,1,-1.250680723307949,0.0,False
12,-2,0.5681678246523784,0.0,False
12,-1,0.8681678246523783,0.0,False
12,0,1.1681678246523783,0.0,False
12,1,1.4681678246523784,0.0,False
13,-2,-1.3362234665628046,0.0,False
13,-1,-0.48622346656280446,0.0,False
13,0,0.36377653343719557,0.0,False
13,1,1.2137765334371955,0.0,False
14,-2,-0.5240714645621716,0.0,False
14,-1,-0.2240714645621716,0.0,False
14,0,0.07592853543782838,0.0,False
14,1,0.37592853543782834,0.0,False
15,-2,-2.656652949122476,0.0,False
15,-1,-1.8066529491224759,0.0,False
15,0,-0.9566529491224759,0.0,False
15,1,-0.10665294912247592,0.0,False
16,-2,-0.9766682269926719,0.0,False
16,-1,-0.12666822699267183,0.0,False
16,0,0.7233317730073282,0.0,False
16,1,1.5733317730073282,0.0,False
17,-2,0.6610224095238496,0.0,False
17,-1,0.9610224095238495,0.0,False
17,0,1.2610224095238496,0.0,False
17,1,1.5610224095238496,0.0,False
18,-2,-2.1025155640978985,0.0,False
18,-1,-1.2525155640978984,0.0,False
18,0,-0.40251556409789835,0.0,False
18,1,0.4474844359021017,0.0,False
19,-2,0.6521054993896395,0.0,False
19,-1,0.9521054993896394,0.0,False
19,0,1.2521054993896394,0.0,False
19,1,1.5521054993896395,0.0,False
20,-2,-0.7853197105428842,0.0,False
20,-1,-0.48531971054288425,0.0,False
20,0,-0.18531971054288424,0.0,False
20,1,0.11468028945711575,0.0,False
21,-2,-2.0777422443374105,0.0,False
21,-1,-1.7777422443374105,0.0,False
21,0,-1.4777422443374104,0.0,False
21,1,-1.1777422443374104,0.0,False
22,-2,-1.4612514251267263,0.0,False
22,-1,-0.6112514251267263,0.0,False
22,0,0.23874857487327375,0.0,False
22,1,1.0887485748732737,0.0,False
23,-2,-1.2664026159001103,0.0,False
23,-1,-0.4164026159001102,0.0,False
23,0,0.43359738409988985,0.0,False
23,1,1.28359738409989,0.0,False
24,-2,0.0333969064488171,0.0,False
24,-1,0.3333969064488171,0.0,False
24,0,0.6333969064488171,0.0,False
24,1,0.933396906448817,0.0,False
25,-2,0.21558520896371103,0.0,False
25,-1,0.515585208963711,0.0,False
25,0,0.815585208963711,0.0,False
25,1,1.115585208963711,0.0,False
26,-2,-0.9863180349735018,0.0,False
26,-1,-0.13631803497350176,0.0,False
26,0,0.7136819650264983,0.0,False
26,1,1.5636819650264984,0.0,False
27,-2,-1.0779583737203073,0.0,False
27,-1,-0.7779583737203073,0.0,False
27,0,-0.47795837372030736,0.0,False
27,1,-0.17795837372030737,0.0,False
28,-2,-3.0652203097772857,0.0,False
28,-1,-2.2152203097772856,0.0,False
28,0,-1.3652203097772855,0.0,False
28,1,-0.5152203097772854,0.0,False
29,-2,0.2549841792054277,0.0,False
29,-1,0.5549841792054278,0.0,False
29,0,0.8549841792054277,0.0,False
29,1,1.1549841792054276,0.0,False
30,-2,-1.6630221719001659,0.0,False
30,-1,-1.3630221719001658,0.0,False
30,0,-1.0630221719001658,0.0,False
30,1,-0.7630221719001657,0.0,False
31,-2,-1.6413680738327223,0.0,False
31,-1,-0.7913680738327222,0.0,False
31,0,0.058631926167277755,0.0,False
31,1,0.9086319261672777,0.0,False
32,-2,1.1440430680426639,0.0,False
32,-1,1.4440430680426637,0.0,False
32,0,1.7440430680426637,0.0,False
32,1,2.044043068042664,0.0,False
33,-2,-1.6386706702642555,0.0,False
33,-1,-1.3386706702642555,0.0,False
33,0,-1.0386706702642554,0.0,False
33,1,-0.7386706702642554,0.0,False
34,-2,-0.8927272419067652,0.0,False
34,-1,-0.042727241906765245,0.0,False
34,0,0.8072727580932348,0.0,False
34,1,1.657272758093235,0.0,False
35,-2,-0.4677060349241633,0.0,False
35,-1,-0.1677060349241633,0.0,False
35,0,0.13229396507583668,0.0,False
35,1,0.4322939650758367,0.0,False
36,-2,-0.6800299630395098,0.0,False
36,-1,0.16997003696049018,0.0,False
36,0,1.0199700369604903,0.0,False
36,1,1.8699700369604904,0.0,False
37,-2,-1.5164219607868263,0.0,False
37,-1,-0.6664219607868263,0.0,False
37,0,0.18357803921317384,0.0,False
37,1,1.033578039213174,0.0,False
38,-2,-0.33398659763796196,0.0,False
38,-1,-0.03398659763796197,0.0,False
38,0,0.266013402362038,0.0,False
38,1,0.566013402362038,0.0,False
39,-2,0.9556057086774482,0.0,False
39,-1,1.2556057086774481,0.0,False
39,0,1.5556057086774482,0.0,False
39,1,1.8556057086774482,0.0,False
40,-2,-0.7246724902417824,0.0,False
40,-1,0.1253275097582176,0.0,False
40,0,0.9753275097582177,0.0,False
40,1,1.8253275097582178,0.0,False
41,-2,-1.587941676445645,0.0,False
41,-1,-1.287941676445645,0.0,False
41,0,-0.987941676445645,0.0,False
41,1,-0.687941676445645,0.0,False
42,-2,-0.9244896724787113,0.0,False
42,-1,-0.07448967247871124,0.0,False
42,0,0.7755103275212888,0.0,False
42,1,1.6255103275212888,0.0,False
43,-2,-1.8483108314387642,0.0,False
43,-1,-0.9983108314387642,0.0,False
43,0,-0.1483108314387642,0.0,False
43,1,0.7016891685612359,0.0,False
44,-2,-0.49251675041694565,0.0,False
44,-1,-0.19251675041694563,0.0,False
44,0,0.10748324958305436,0.0,False
44,1,0.4074832495830544,0.0,False
45,-2,-0.02416166070545811,0.0,False
45,-1,0.2758383392945419,0.0,False
45,0,0.5758383392945419,0.0,False
45,1,0.8758383392945419,0.0,False
46,-2,-0.760693144228608,0.0,False
46,-1,-0.4606931442286081,0.0,False
46,0,-0.16069314422860806,0.0,False
46,1,0.13930685577139193,0.0,False
47,-2,-2.3508866726022943,0.0,False
47,-1,-1.5008866726022945,0.0,False
47,0,-0.6508866726022944,0.0,False
47,1,0.19911332739770565,0.0,False
48,-2,-1.0091079436401316,0.0,False
48,-1,-0.15910794364013153,0.0,False
48,0,0.6908920563598685,0.0,False
48,1,1.5408920563598685,0.0,False
49,-2,-0.5113510221300263,0.0,False
49,-1,-0.21135102213002624,0.0,False
49,0,0.08864897786997375,0.0,False
49,1,0.38864897786997377,0.0,False
50,-2,-0.15816643289053467,0.0,False
50,-1,0.14183356710946532,0.0,False
50,0,0.4418335671094653,0.0,False
50,1,0.7418335671094654,0.0,False
51,-2,-2.4419288090932296,0.0,False
51,-1,-1.5919288090932298,0.0,False
51,0,-0.7419288090932297,0.0,False
51,1,0.10807119090677036,0.0,False
52,-2,-0.7097788885880395,0.0,False
52,-1,0.14022111141196048,0.0,False
52,0,0.9902211114119606,0.0,False
52,1,1.8402211114119607,0.0,False
53,-2,0.026338534764365318,0.0,False
53,-1,0.3263385347643653,0.0,False
53,0,0.6263385347643653,0.0,False
53,1,0.9263385347643653,0.0,False
54,-2,-0.38217072238601124,0.0,False
54,-1,-0.08217072238601128,0.0,False
54,0,0.2178292776139887,0.0,False
54,1,0.5178292776139887,0.0,False
55,-2,-1.6912616093641861,0.0,False
55,-1,-0.841261609364186,0.0,False
55,0,0.008738390635814037,0.0,False
55,1,0.8587383906358141,0.0,False
56,-2,-0.8243635051647632,0.0,False
56,-1,-0.5243635051647632,0.0,False
56,0,-0.2243635051647632,0.0,False
56,1,0.0756364948352368,0.0,False
57,-2,-2.37816447941775,0.0,False
57,-1,-1.5281644794177498,0.0,False
57,0,-0.6781644794177498,0.0,False
57,1,0.1718355205822502,0.0,False
58,-2,-1.4774871926435447,0.0,False
58,-1,-1.1774871926435448,0.0,False
58,0,-0.8774871926435448,0.0,False
58,1,-0.5774871926435448,0.0,False
59,-2,-2.5418966229777977,0.0,False
59,-1,-1.6918966229777979,0.0,False
59,0,-0.8418966229777978,0.0,False
59,1,0.008103377022202318,0.0,False
60,-2,-0.05302311533584936,0.0,False
60,-1,0.24697688466415063,0.0,False
60,0,0.5469768846641506,0.0,False
60,1,0.8469768846641506,0.0,False
61,-2,0.3672713145358818,0.0,False
61,-1,0.6672713145358817,0.0,False
61,0,0.9672713145358818,0.0,False
61,1,1.2672713145358818,0.0,False
62,-2,-0.31415485227468515,0.0,False
62,-1,-0.014154852274685159,0.0,False
62,0,0.28584514772531483,0.0,False
62,1,0.5858451477253148,0.0,False
63,-2,-0.367377112635895,0.0,False
63,-1,0.48262288736410497,0.0,False
63,0,1.332622887364105,0.0,False
63,1,2.182622887364105,0.0,False
64,-2,-2.949808546114459,0.0,False
64,-1,-2.099808546114459,0.0,False
64,0,-1.2498085461144588,0.0,False
64,1,-0.3998085461144587,0.0,False
65,-2,-3.7464615550967557,0.0,False
65,-1,-2.8964615550967556,0.0,False
65,0,-2.0464615550967555,0.0,False
65,1,-1.1964615550967554,0.0,False
66,-2,-0.4998610526976711,0.0,False
66,-1,0.35013894730232886,0.0,False
66,0,1.200138947302329,0.0,False
66,1,2.050138947302329,0.0,False
67,-2,-1.8726015125959126,0.0,False
67,-1,-1.0226015125959125,0.0,False
67,0,-0.17260151259591244,0.0,False
67,1,0.6773984874040876,0.0,False
68,-2,0.1234173655481745,0.0,False
68,-1,0.4234173655481745,0.0,False
68,0,0.7234173655481745,0.0,False
68,1,1.0234173655481744,0.0,False
69,-2,-1.897166074434809,0.0,False
69,-1,-1.0471660744348088,0.0,False
69,0,-0.19716607443480877,0.0,False
69,1,0.6528339255651913,0.0,False
70,-2,-1.783470872410739,0.0,False
70,-1,-0.9334708724107392,0.0,False
70,0,-0.08347087241073918,0.0,False
70,1,0.7665291275892608,0.0,False
71,-2,-1.0158533053567376,0.0,False
71,-1,-0.7158533053567377,0.0,False
71,0,-0.4158533053567377,0.0,False
71,1,-0.11585330535673771,0.0,False
72,-2,0.42972802108165997,0.0,False
72,-1,0.7297280210816599,0.0,False
72,0,1.02972802108166,0.0,False
72,1,1.32972802108166,0.0,False
73,-2,-0.5626864782534232,0.0,False
73,-1,-0.26268647825342323,0.0,False
73,0,0.03731352174657674,0.0,False
73,1,0.33731352174657675,0.0,False
74,-2,-0.8383085911337922,0.0,False
74,-1,0.011691408866207897,0.0,False
74,0,0.8616914088662079,0.0,False
74,1,1.7116914088662079,0.0,False
75,-2,-2.1726261234479125,0.0,False
75,-1,-1.3226261234479124,0.0,False
75,0,-0.4726261234479124,0.0,False
75,1,0.37737387655208765,0.0,False
76,-2,1.0113565103042141,0.0,False
76,-1,1.3113565103042142,0.0,False
76,0,1.6113565103042142,0.0,False
76,1,1.9113565103042143,0.0,False
77,-2,-2.828677849033738,0.0,False
77,-1,-1.9786778490337378,0.0,False
77,0,-1.1286778490337377,0.0,False
77,1,-0.2786778490337376,0.0,False
78,-2,-1.746111842837546,0.0,False
78,-1,-1.4461118428375461,0.0,False
78,0,-1.146111842837546,0.0,False
78,1,-0.846111842837546,0.0,False
79,-2,-2.7012638314548374,0.0,False
79,-1,-1.8512638314548375,0.0,False
79,0,-1.0012638314548374,0.0,False
79,1,-0.15126383145483735,0.0,False
80,-2,-4.2356645952239385,0.0,False
80,-1,-3.385664595223938,0.0,False
80,0,-2.5356645952239383,0.0,False
80,1,-1.6856645952239384,0.0,False
81,-2,-1.0127673958860681,0.0,False
81,-1,-0.7127673958860681,0.0,False
81,0,-0.41276739588606814,0.0,False
81,1,-0.11276739588606816,0.0,False
82,-2,-0.6193831256051833,0.0,False
82,-1,-0.3193831256051832,0.0,False
82,0,-0.019383125605183255,0.0,False
82,1,0.28061687439481675,0.0,False
83,-2,-1.2771501217431336,0.0,False
83,-1,-0.9771501217431335,0.0,False
83,0,-0.6771501217431336,0.0,False
83,1,-0.3771501217431336,0.0,False
84,-2,-1.8001823525179712,0.0,False
84,-1,-0.9501823525179711,0.0,False
84,0,-0.10018235251797115,0.0,False
84,1,0.7498176474820288,0.0,False
85,-2,-1.4970056646607084,0.0,False
85,-1,-1.1970056646607086,0.0,False
85,0,-0.8970056646607085,0.0,False
85,1,-0.5970056646607085,0.0,False
86,-2,-2.511011060119975,0.0,False
86,-1,-1.661011060119975,0.0,False
86,0,-0.811011060119975,0.0,False
86,1,0.03898893988002494,0.0,False
87,-2,-0.7084976785354914,0.0,False
87,-1,-0.40849767853549146,0.0,False
87,0,-0.10849767853549144,0.0,False
87,1,0.19150232146450855,0.0,False
88,-2,-0.13129259245512748,0.0,False
88,-1,0.7187074075448725,0.0,False
88,0,1.5687074075448726,0.0,False
88,1,2.418707407544873,0.0,False
89,-2,-2.4860162662895355,0.0,False
89,-1,-1.6360162662895354,0.0,False
89,0,-0.7860162662895355,0.0,False
89,1,0.06398373371046456,0.0,False
90,-2,-1.2229971094680532,0.0,False
90,-1,-0.9229971094680531,0.0,False
90,0,-0.6229971094680531,0.0,False
90,1,-0.3229971094680531,0.0,False
91,-2,0.27012784207404206,0.0,False
91,-1,1.120127842074042,0.0,False
91,0,1.970127842074042,0.0,False
91,1,2.820127842074042,0.0,False
92,-2,-1.502648516455455,0.0,False
92,-1,-1.202648516455455,0.0,False
92,0,-0.902648516455455,0.0,False
92,1,-0.6026485164554549,0.0,False
93,-2,-0.8821786510012313,0.0,False
93,-1,-0.5821786510012313,0.0,False
93,0,-0.28217865100123135,0.0,False
93,1,0.017821348998768638,0.0,False
94,-2,-0.6154487756252051,0.0,False
94,-1,0.23455122437479492,0.0,False
94,0,1.084551224374795,0.0,False
94,1,1.934551224374795,0.0,False
95,-2,-0.14404768857930772,0.0,False
95,-1,0.7059523114206923,0.0,False
95,0,1.5559523114206923,0.0,False
95,1,2.4059523114206924,0.0,False
96,-2,-1.2085912298250534,0.0,False
96,-1,-0.3585912298250535,0.0,False
96,0,0.49140877017494655,0.0,False
96,1,1.3414087701749466,0.0,False
97,-2,-3.1605222005802194,0.0,False
97,-1,-2.3105222005802193,0.0,False
97,0,-1.4605222005802192,0.0,False
97,1,-0.6105222005802191,0.0,False
98,-2,-2.5114764574952737,0.0,False
98,-1,-1.6614764574952738,0.0,False
98,0,-0.8114764574952738,0.0,False
98,1,0.03852354250472634,0.0,False
99,-2,-0.26426397802766505,0.0,False
99,-1,0.03573602197233494,0.0,False
99,0,0.33573602197233493,0.0,False
99,1,0.6357360219723349,0.0,False
100,-2,1.2520067455587203,0.0,False
100,-1,1.55200674555872,0.0,False
100,0,1.8520067455587201,0.0,False
100,1,2.15200674555872,0.0,False
101,-2,-1.8844244235641243,0.0,False
101,-1,-1.5844244235641243,0.0,False
101,0,-1.2844244235641242,0.0,False
101,1,-0.9844244235641242,0.0,False
102,-2,-2.363382813199838,0.0,False
102,-1,-1.513382813199838,0.0,False
102,0,-0.6633828131998379,0.0,False
102,1,0.1866171868001621,0.0,False
103,-2,-2.9162475860764068,0.0,False
103,-1,-2.0662475860764067,0.0,False
103,0,-1.2162475860764068,0.0,False
103,1,-0.36624758607640673,0.0,False
104,-2,-1.8498849286614591,0.0,False
104,-1,-0.9998849286614591,0.0,False
104,0,-0.14988492866145908,0.0,False
104,1,0.7001150713385409,0.0,False
105,-2,-0.706851716830168,0.0,False
105,-1,-0.4068517168301681,0.0,False
105,0,-0.10685171683016807,0.0,False
105,1,0.1931482831698319,0.0,False
106,-2,-0.8063991157838788,0.0,False
106,-1,-0.5063991157838789,0.0,False
106,0,-0.20639911578387884,0.0,False
106,1,0.09360088421612114,0.0,False
107,-2,0.2903861934175418,0.0,False
107,-1,0.5903861934175418,0.0,False
107,0,0.8903861934175418,0.0,False
107,1,1.1903861934175417,0.0,False
108,-2,-1.9283640628518384,0.0,False
108,-1,-1.0783640628518385,0.0,False
108,0,-0.22836406285183836,0.0,False
108,1,0.6216359371481617,0.0,False
109,-2,-0.2892516431377806,0.0,False
109,-1,0.010748356862219366,0.0,False
109,0,0.31074835686221935,0.0,False
109,1,0.6107483568622194,0.0,False
110,-2,1.7537649771405794,0.0,False
110,-1,2.0537649771405797,0.0,False
110,0,2.3537649771405795,0.0,False
110,1,2.6537649771405794,0.0,False
111,-2,-2.153431964989417,0.0,False
111,-1,-1.8534319649894173,0.0,False
111,0,-1.5534319649894173,0.0,False
111,1,-1.2534319649894172,0.0,False
112,-2,0.4070296556642182,0.0,False
112,-1,0.7070296556642182,0.0,False
112,0,1.0070296556642182,0.0,False
112,1,1.3070296556642182,0.0,False
113,-2,-0.4670420999244605,0.0,False
113,-1,-0.1670420999244605,0.0,False
113,0,0.13295790007553948,0.0,False
113,1,0.43295790007553947,0.0,False
114,-2,-0.8366880419592783,0.0,False
114,-1,0.013311958040721716,0.0,False
114,0,0.8633119580407218,0.0,False
114,1,1.713311958040722,0.0,False
115,-2,-2.336547821416958,0.0,False
115,-1,-2.0365478214169577,0.0,False
115,0,-1.7365478214169578,0.0,False
115,1,-1.4365478214169578,0.0,False
116,-2,-0.7764658492862495,0.0,False
116,-1,0.07353415071375058,0.0,False
116,0,0.9235341507137506,0.0,False
116,1,1.7735341507137505,0.0,False
117,-2,-1.8453927404567496,0.0,False
117,-1,-1.5453927404567498,0.0,False
117,0,-1.2453927404567497,0.0,False
117,1,-0.9453927404567497,0.0,False
118,-2,1.232400405863629,0.0,False
118,-1,1.5324004058636291,0.0,False
118,0,1.8324004058636292,0.0,False
118,1,2.132400405863629,0.0,False
119,-2,-1.8367076346282192,0.0,False
119,-1,-0.9867076346282191,0.0,False
119,0,-0.13670763462821905,0.0,False
119,1,0.713292365371781,0.0,False
120,-2,-0.884213605975821,0.0,False
120,-1,-0.584213605975821,0.0,False
120,0,-0.284213605975821,0.0,False
120,1,0.015786394024178974,0.0,False
121,-2,-1.2306095224430298,0.0,False
121,-1,-0.9306095224430297,0.0,False
121,0,-0.6306095224430298,0.0,False
121,1,-0.3306095224430298,0.0,False
122,-2,-0.3061459517111157,0.0,False
122,-1,0.5438540482888843,0.0,False
122,0,1.3938540482888844,0.0,False
122,1,2.2438540482888847,0.0,False
123,-2,-0.0649389832663605,0.0,False
123,-1,0.7850610167336396,0.0,False
123,0,1.6350610167336397,0.0,False
123,1,2.4850610167336398,0.0,False
124,-2,0.3470779088366318,0.0,False
124,-1,1.197077908836632,0.0,False
124,0,2.047077908836632,0.0,False
124,1,2.897077908836632,0.0,False
125,-2,-1.5309348329342134,0.0,False
125,-1,-1.2309348329342136,0.0,False
125,0,-0.9309348329342135,0.0,False
125,1,-0.6309348329342135,0.0,False
126,-2,-0.4498887768297256,0.0,False
126,-1,0.40011122317027437,0.0,False
126,0,1.2501112231702745,0.0,False
126,1,2.1001112231702743,0.0,False
127,-2,-1.2413716967496944,0.0,False
127,-1,-0.9413716967496946,0.0,False
127,0,-0.6413716967496945,0.0,False
127,1,-0.34137169674969453,0.0,False
128,-2,-1.642529096548543,0.0,False
128,-1,-0.7925290965485431,0.0,False
128,0,0.05747090345145698,0.0,False
128,1,0.907470903451457,0.0,False
129,-2,-1.4815026953734114,0.0,False
129,-1,-0.6315026953734113,0.0,False
129,0,0.2184973046265887,0.0,False
129,1,1.0684973046265887,0.0,False
130,-2,-1.3285454036687252,0.0,False
130,-1,-0.4785454036687251,0.0,False
130,0,0.3714545963312749,0.0,False
130,1,1.221454596331275,0.0,False
131,-2,-1.7016582716053752,0.0,False
131,-1,-0.8516582716053751,0.0,False
131,0,-0.0016582716053751227,0.0,False
131,1,0.8483417283946248,0.0,False
132,-2,-1.61499508711213,0.0,False
132,-1,-0.7649950871121299,0.0,False
132,0,0.08500491288787008,0.0,False
132,1,0.9350049128878701,0.0,False
133,-2,-1.4719089706254298,0.0,False
133,-1,-0.6219089706254297,0.0,False
133,0,0.2280910293745703,0.0,False
133,1,1.0780910293745705,0.0,False
134,-2,-1.5594276842166739,0.0,False
134,-1,-0.7094276842166738,0.0,False
134,0,0.1405723157833263,0.0,False
134,1,0.9905723157833264,0.0,False
135,-2,-1.9456941403931367,0.0,False
135,-1,-1.0956941403931368,0.0,False
135,0,-0.24569414039313675,0.0,False
135,1,0.6043058596068633,0.0,False
136,-2,-1.0420422183333848,0.0,False
136,-1,-0.1920422183333848,0.0,False
136,0,0.6579577816666152,0.0,False
136,1,1.5079577816666152,0.0,False
137,-2,-2.859714572406554,0.0,False
137,-1,-2.009714572406554,0.0,False
137,0,-1.159714572406554,0.0,False
137,1,-0.309714572406554,0.0,False
138,-2,0.5534588096456329,0.0,False
138,-1,0.8534588096456328,0.0,False
138,0,1.1534588096456329,0.0,False
138,1,1.453458809645633,0.0,False
139,-2,-0.9096262534854036,0.0,False
139,-1,-0.6096262534854036,0.0,False
139,0,-0.30962625348540357,0.0,False
139,1,-0.00962625348540358,0.0,False
140,-2,-2.0834107109882725,0.0,False
140,-1,-1.2334107109882724,0.0,False
140,0,-0.3834107109882724,0.0,False
140,1,0.46658928901172764,0.0,False
141,-2,-2.7819168907694083,0.0,False
141,-1,-1.9319168907694084,0.0,False
141,0,-1.0819168907694083,0.0,False
141,1,-0.23191689076940825,0.0,False
142,-2,-0.9992587423389048,0.0,False
142,-1,-0.6992587423389047,0.0,False
142,0,-0.3992587423389048,0.0,False
142,1,-0.0992587423389048,0.0,False
143,-2,-3.0788841214906815,0.0,False
143,-1,-2.2288841214906814,0.0,False
143,0,-1.3788841214906815,0.0,False
143,1,-0.5288841214906814,0.0,False
144,-2,-0.244079607994027,0.0,False
144,-1,0.055920392005972985,0.0,False
144,0,0.355920392005973,0.0,False
144,1,0.655920392005973,0.0,False
145,-2,-1.7816638011032,0.0,False
145,-1,-0.9316638011032,0.0,False
145,0,-0.08166380110319998,0.0,False
145,1,0.7683361988968,0.0,False
146,-2,0.3435312375909715,0.0,False
146,-1,0.6435312375909714,0.0,False
146,0,0.9435312375909715,0.0,False
146,1,1.2435312375909715,0.0,False
147,-2,-2.152223303140272,0.0,False
147,-1,-1.3022233031402721,0.0,False
147,0,-0.45222330314027215,0.0,False
147,1,0.3977766968597279,0.0,False
148,-2,-0.980896072763419,0.0,False
148,-1,-0.1308960727634189,0.0,False
148,0,0.7191039272365811,0.0,False
148,1,1.5691039272365812,0.0,False
149,-2,-1.173518829145939,0.0,False
149,-1,-0.873518829145939,0.0,False
149,0,-0.573518829145939,0.0,False
149,1,-0.273518829145939,0.0,False
150,-2,2.309457385689402,0.0,False
150,-1,2.609457385689402,0.0,False
150,0,2.909457385689402,0.0,False
150,1,3.2094573856894018,0.0,False
151,-2,-1.2772557697345563,0.0,False
151,-1,-0.9772557697345565,0.0,False
151,0,-0.6772557697345565,0.0,False
151,1,-0.3772557697345565,0.0,False
152,-2,-3.8705038456669603,0.0,False
152,-1,-3.02050384566696,0.0,False
152,0,-2.17050384566696,0.0,False
152,1,-1.32050384566696,0.0,False
153,-2,-1.0713490572226372,0.0,False
153,-1,-0.7713490572226371,0.0,False
153,0,-0.47134905722263715,0.0,False
153,1,-0.17134905722263716,0.0,False
154,-2,-2.8374775358597577,0.0,False
154,-1,-2.5374775358597574,0.0,False
154,0,-2.2374775358597576,0.0,False
154,1,-1.9374775358597576,0.0,False
155,-2,-0.6714036281658925,0.0,False
155,-1,-0.37140362816589256,0.0,False
155,0,-0.07140362816589256,0.0,False
155,1,0.22859637183410741,0.0,False
156,-2,-0.6617873821555795,0.0,False
156,-1,-0.3617873821555795,0.0,False
156,0,-0.0617873821555795,0.0,False
156,1,0.2382126178444205,0.0,False
157,-2,-2.132522471397028,0.0,False
157,-1,-1.2825224713970282,0.0,False
157,0,-0.4325224713970281,0.0,False
157,1,0.41747752860297194,0.0,False
158,-2,1.126106132096191,0.0,False
158,-1,1.4261061320961907,0.0,False
158,0,1.7261061320961908,0.0,False
158,1,2.026106132096191,0.0,False
159,-2,0.2817287867004543,0.0,False
159,-1,0.5817287867004544,0.0,False
159,0,0.8817287867004543,0.0,False
159,1,1.1817287867004542,0.0,False
160,-2,-1.9147552925190885,0.0,False
160,-1,-1.0647552925190884,0.0,False
160,0,-0.21475529251908834,0.0,False
160,1,0.6352447074809117,0.0,False
161,-2,-1.399230173173471,0.0,False
161,-1,-0.549230173173471,0.0,False
161,0,0.300769826826529,0.0,False
161,1,1.150769826826529,0.0,False
162,-2,-1.822519855780802,0.0,False
162,-1,-0.972519855780802,0.0,False
162,0,-0.122519855780802,0.0,False
162,1,0.727480144219198,0.0,False
163,-2,-0.9026176932862833,0.0,False
163,-1,-0.05261769328628324,0.0,False
163,0,0.7973823067137168,0.0,False
163,1,1.6473823067137168,0.0,False
164,-2,-2.552140961985631,0.0,False
164,-1,-1.7021409619856307,0.0,False
164,0,-0.8521409619856306,0.0,False
164,1,-0.0021409619856305184,0.0,False
165,-2,0.6117385499003717,0.0,False
165,-1,0.9117385499003716,0.0,False
165,0,1.2117385499003717,0.0,False
165,1,1.5117385499003717,0.0,False
166,-2,-0.2839888307310179,0.0,False
166,-1,0.016011169268982106,0.0,False
166,0,0.3160111692689821,0.0,False
166,1,0.616011169268982,0.0,False
167,-2,-1.1682710919455785,0.0,False
167,-1,-0.8682710919455785,0.0,False
167,0,-0.5682710919455785,0.0,False
167,1,-0.26827109194557847,0.0,False
168,-2,-1.9175915954993763,0.0,False
168,-1,-1.0675915954993762,0.0,False
168,0,-0.21759159549937618,0.0,False
168,1,0.6324084045006239,0.0,False
169,-2,-2.9501088332072096,0.0,False
169,-1,-2.1001088332072095,0.0,False
169,0,-1.2501088332072097,0.0,False
169,1,-0.4001088332072096,0.0,False
170,-2,-1.8976645983889617,0.0,False
170,-1,-1.0476645983889616,0.0,False
170,0,-0.19766459838896155,0.0,False
170,1,0.6523354016110385,0.0,False
171,-2,-1.0527240963036386,0.0,False
171,-1,-0.7527240963036386,0.0,False
171,0,-0.4527240963036386,0.0,False
171,1,-0.1527240963036386,0.0,False
172,-2,-1.8862190191872847,0.0,False
172,-1,-1.0362190191872847,0.0,False
172,0,-0.18621901918728476,0.0,False
172,1,0.6637809808127153,0.0,False
173,-2,-2.681830423851142,0.0,False
173,-1,-1.8318304238511418,0.0,False
173,0,-0.9818304238511417,0.0,False
173,1,-0.13183042385114163,0.0,False
174,-2,-0.5334037393083694,0.0,False
174,-1,0.3165962606916306,0.0,False
174,0,1.1665962606916307,0.0,False
174,1,2.016596260691631,0.0,False
175,-2,-1.3832596069882883,0.0,False
175,-1,-1.0832596069882883,0.0,False
175,0,-0.7832596069882882,0.0,False
175,1,-0.48325960698828824,0.0,False
176,-2,-0.8745836770769255,0.0,False
176,-1,-0.5745836770769256,0.0,False
176,0,-0.2745836770769256,0.0,False
176,1,0.025416322923074386,0.0,False
177,-2,-1.4078700654128617,0.0,False
177,-1,-1.107870065412862,0.0,False
177,0,-0.8078700654128619,0.0,False
177,1,-0.5078700654128618,0.0,False
178,-2,-1.4282539920082933,0.0,False
178,-1,-0.5782539920082933,0.0,False
178,0,0.27174600799170673,0.0,False
178,1,1.1217460079917068,0.0,False
179,-2,-0.9886083768692742,0.0,False
179,-1,-0.6886083768692741,0.0,False
179,0,-0.3886083768692742,0.0,False
179,1,-0.0886083768692742,0.0,False
180,-2,-1.5547238397471648,0.0,False
180,-1,-1.2547238397471647,0.0,False
180,0,-0.9547238397471647,0.0,False
180,1,-0.6547238397471646,0.0,False
181,-2,-0.8194016075746606,0.0,False
181,-1,0.03059839242533946,0.0,False
181,0,0.8805983924253394,0.0,False
181,1,1.7305983924253394,0.0,False
182,-2,1.3841529715565715,0.0,False
182,-1,1.6841529715565713,0.0,False
182,0,1.9841529715565713,0.0,False
182,1,2.2841529715565714,0.0,False
183,-2,-0.16266997720737664,0.0,False
183,-1,0.6873300227926233,0.0,False
183,0,1.5373300227926234,0.0,False
183,1,2.3873300227926233,0.0,False
184,-2,-0.34322270169095753,0.0,False
184,-1,-0.04322270169095754,0.0,False
184,0,0.25677729830904245,0.0,False
184,1,0.5567772983090424,0.0,False
185,-2,-0.7794962505845845,0.0,False
185,-1,0.07050374941541548,0.0,False
185,0,0.9205037494154156,0.0,False
185,1,1.7705037494154157,0.0,False
186,-2,-1.541634855717434,0.0,False
186,-1,-0.6916348557174339,0.0,False
186,0,0.15836514428256618,0.0,False
186,1,1.0083651442825663,0.0,False
187,-2,-0.8394890945318422,0.0,False
187,-1,0.010510905468157805,0.0,False
187,0,0.8605109054681579,0.0,False
187,1,1.710510905468158,0.0,False
188,-2,-2.2688254871256177,0.0,False
188,-1,-1.4188254871256176,0.0,False
188,0,-0.5688254871256176,0.0,False
188,1,0.2811745128743824,0.0,False
189,-2,-3.599663873456738,0.0,False
189,-1,-2.749663873456738,0.0,False
189,0,-1.899663873456738,0.0,False
189,1,-1.0496638734567378,0.0,False
190,-2,-1.5209811922272154,0.0,False
190,-1,-0.6709811922272153,0.0,False
190,0,0.1790188077727847,0.0,False
190,1,1.0290188077727849,0.0,False
191,-2,-1.4457130285868096,0.0,False
191,-1,-0.5957130285868095,0.0,False
191,0,0.25428697141319045,0.0,False
191,1,1.1042869714131904,0.0,False
192,-2,-0.9078990112686809,0.0,False
192,-1,-0.6078990112686808,0.0,False
192,0,-0.30789901126868086,0.0,False
192,1,-0.007899011268680867,0.0,False
193,-2,-0.7653377061959517,0.0,False
193,-1,0.08466229380404844,0.0,False
193,0,0.9346622938040484,0.0,False
193,1,1.7846622938040484,0.0,False
194,-2,-1.3192113960714749,0.0,False
194,-1,-0.46921139607147483,0.0,False
194,0,0.3807886039285252,0.0,False
194,1,1.2307886039285252,0.0,False
195,-2,-1.120701666627431,0.0,False
195,-1,-0.8207016666274309,0.0,False
195,0,-0.5207016666274309,0.0,False
195,1,-0.2207016666274309,0.0,False
196,-2,0.012472087058045145,0.0,False
196,-1,0.31247208705804513,0.0,False
196,0,0.6124720870580451,0.0,False
196,1,0.9124720870580452,0.0,False
197,-2,-0.6183782714304381,0.0,False
197,-1,-0.3183782714304381,0.0,False
197,0,-0.01837827143043813,0.0,False
197,1,0.28162172856956186,0.0,False
198,-2,-1.391738840897358,0.0,False
198,-1,-0.541738840897358,0.0,False
198,0,0.30826115910264196,0.0,False
198,1,1.158261159102642,0.0,False
199,-2,-0.11379522559220878,0.0,False
199,-1,0.1862047744077912,0.0,False
199,0,0.4862047744077912,0.0,False
199,1,0.7862047744077911,0.0,False
200,-2,-0.8298676542674623,0.0,False
200,-1,0.02013234573253775,0.0,False
200,0,0.8701323457325377,0.0,False
200,1,1.7201323457325377,0.0,False
201,-2,-0.20339004253223425,0.0,False
201,-1,0.09660995746776574,0.0,False
201,0,0.39660995746776573,0.0,False
201,1,0.6966099574677658,0.0,False
202,-2,-0.7466578794094104,0.0,False
202,-1,-0.44665787940941043,0.0,False
202,0,-0.14665787940941044,0.0,False
202,1,0.15334212059058955,0.0,False
203,-2,-1.431345756795079,0.0,False
203,-1,-1.1313457567950789,0.0,False
203,0,-0.8313457567950788,0.0,False
203,1,-0.5313457567950788,0.0,False
204,-2,-0.9992333191400944,0.0,False
204,-1,-0.6992333191400945,0.0,False
204,0,-0.39923331914009447,0.0,False
204,1,-0.09923331914009448,0.0,False
205,-2,-0.6642284789508043,0.0,False
205,-1,0.1857715210491957,0.0,False
205,0,1.0357715210491958,0.0,False
205,1,1.8857715210491959,0.0,False
206,-2,-0.6643415643635057,0.0,False
206,-1,-0.3643415643635056,0.0,False
206,0,-0.06434156436350565,0.0,False
206,1,0.23565843563649436,0.0,False
207,-2,0.7622467999797062,0.0,False
207,-1,1.6122467999797065,0.0,False
207,0,2.4622467999797064,0.0,False
207,1,3.3122467999797065,0.0,False
208,-2,0.7930605937497873,0.0,False
208,-1,1.0930605937497873,0.0,False
208,0,1.3930605937497873,0.0,False
208,1,1.6930605937497873,0.0,False
209,-2,0.09880568706492054,0.0,False
209,-1,0.39880568706492053,0.0,False
209,0,0.6988056870649205,0.0,False
209,1,0.9988056870649205,0.0,False
210,-2,-0.6760787607501809,0.0,False
210,-1,0.17392123924981906,0.0,False
210,0,1.0239212392498191,0.0,False
210,1,1.8739212392498192,0.0,False
211,-2,-3.705197346191237,0.0,False
211,-1,-3.405197346191237,0.0,False
211,0,-3.105197346191237,0.0,False
211,1,-2.805197346191237,0.0,False
212,-2,-0.5689690634390349,0.0,False
212,-1,0.2810309365609651,0.0,False
212,0,1.1310309365609652,0.0,False
212,1,1.9810309365609653,0.0,False
213,-2,-2.0122181583363816,0.0,False
213,-1,-1.1622181583363818,0.0,False
213,0,-0.31221815833638167,0.0,False
213,1,0.5377818416636184,0.0,False
214,-2,-0.9251355430185879,0.0,False
214,-1,-0.6251355430185879,0.0,False
214,0,-0.32513554301858794,0.0,False
214,1,-0.025135543018587947,0.0,False
215,-2,-1.9069897320795124,0.0,False
215,-1,-1.0569897320795123,0.0,False
215,0,-0.20698973207951232,0.0,False
215,1,0.6430102679204877,0.0,False
216,-2,-0.7101741709561021,0.0,False
216,-1,-0.4101741709561022,0.0,False
216,0,-0.11017417095610219,0.0,False
216,1,0.1898258290438978,0.0,False
217,-2,-1.1804816860451646,0.0,False
217,-1,-0.33048168604516454,0.0,False
217,0,0.5195183139548355,0.0,False
217,1,1.3695183139548355,0.0,False
218,-2,-2.333579143013061,0.0,False
218,-1,-1.483579143013061,0.0,False
218,0,-0.6335791430130608,0.0,False
218,1,0.2164208569869392,0.0,False
219,-2,-0.3525005809971174,0.0,False
219,-1,-0.05250058099711741,0.0,False
219,0,0.24749941900288258,0.0,False
219,1,0.5474994190028826,0.0,False
220,-2,-0.5059604667394331,0.0,False
220,-1,-0.2059604667394331,0.0,False
220,0,0.09403953326056688,0.0,False
220,1,0.39403953326056684,0.0,False
221,-2,-1.0696042901848903,0.0,False
221,-1,-0.7696042901848903,0.0,False
221,0,-0.4696042901848903,0.0,False
221,1,-0.16960429018489032,0.0,False
222,-2,-0.8337337963039357,0.0,False
222,-1,0.016266203696064352,0.0,False
222,0,0.8662662036960643,0.0,False
222,1,1.7162662036960643,0.0,False
223,-2,0.5123651752819142,0.0,False
223,-1,0.8123651752819141,0.0,False
223,0,1.1123651752819141,0.0,False
223,1,1.4123651752819142,0.0,False
224,-2,-1.691306050390323,0.0,False
224,-1,-0.8413060503903228,0.0,False
224,0,0.008693949609677204,0.0,False
224,1,0.8586939496096773,0.0,False
225,-2,-1.1625774817741377,0.0,False
225,-1,-0.3125774817741375,0.0,False
225,0,0.5374225182258625,0.0,False
225,1,1.3874225182258626,0.0,False
226,-2,-1.7027267230150214,0.0,False
226,-1,-0.8527267230150215,0.0,False
226,0,-0.002726723015021397,0.0,False
226,1,0.8472732769849787,0.0,False
227,-2,-0.28183398594823744,0.0,False
227,-1,0.018166014051762547,0.0,False
227,0,0.31816601405176254,0.0,False
227,1,0.6181660140517625,0.0,False
228,-2,-0.20536960492057815,0.0,False
228,-1,0.09463039507942184,0.0,False
228,0,0.3946303950794218,0.0,False
228,1,0.6946303950794218,0.0,False
229,-2,-0.7152199138177602,0.0,False
229,-1,0.1347800861822399,0.0,False
229,0,0.9847800861822399,0.0,False
229,1,1.8347800861822399,0.0,False
230,-2,-2.0997509094687032,0.0,False
230,-1,-1.2497509094687036,0.0,False
230,0,-0.39975090946870345,0.0,False
230,1,0.4502490905312966,0.0,False
231,-2,-0.1021441420569782,0.0,False
231,-1,0.1978558579430218,0.0,False
231,0,0.4978558579430218,0.0,False
231,1,0.7978558579430217,0.0,False
232,-2,-0.9103411364448679,0.0,False
232,-1,-0.610341136444868,0.0,False
232,0,-0.310341136444868,0.0,False
232,1,-0.010341136444868004,0.0,False
233,-2,-0.354361602386353,0.0,False
233,-1,-0.054361602386353014,0.0,False
233,0,0.24563839761364697,0.0,False
233,1,0.545638397613647,0.0,False
234,-2,-0.6886331234581943,0.0,False
234,-1,0.1613668765418057,0.0,False
234,0,1.0113668765418058,0.0,False
234,1,1.8613668765418059,0.0,False
235,-2,-1.1321962159350232,0.0,False
235,-1,-0.8321962159350234,0.0,False
235,0,-0.5321962159350233,0.0,False
235,1,-0.23219621593502332,0.0,False
236,-2,-0.5975154399095557,0.0,False
236,-1,-0.2975154399095557,0.0,False
236,0,0.0024845600904442947,0.0,False
236,1,0.3024845600904443,0.0,False
237,-2,-1.4055572864871397,0.0,False
237,-1,-0.5555572864871396,0.0,False
237,0,0.29444271351286033,0.0,False
237,1,1.1444427135128603,0.0,False
238,-2,-1.8034956453626163,0.0,False
238,-1,-0.9534956453626162,0.0,False
238,0,-0.10349564536261624,0.0,False
238,1,0.7465043546373837,0.0,False
239,-2,-1.0778699284565623,0.0,False
239,-1,-0.7778699284565622,0.0,False
239,0,-0.47786992845656223,0.0,False
239,1,-0.17786992845656224,0.0,False
240,-2,-1.1559234386311474,0.0,False
240,-1,-0.3059234386311474,0.0,False
240,0,0.5440765613688526,0.0,False
240,1,1.3940765613688526,0.0,False
241,-2,-1.1217295175356807,0.0,False
241,-1,-0.2717295175356806,0.0,False
241,0,0.5782704824643194,0.0,False
241,1,1.4282704824643195,0.0,False
242,-2,-0.8254686364500403,0.0,False
242,-1,-0.5254686364500403,0.0,False
242,0,-0.2254686364500403,0.0,False
242,1,0.07453136354995968,0.0,False
243,-2,-0.6748071981720948,0.0,False
243,-1,-0.37480719817209474,0.0,False
243,0,-0.07480719817209477,0.0,False
243,1,0.22519280182790521,0.0,False
244,-2,-0.9533615943025708,0.0,False
244,-1,-0.6533615943025708,0.0,False
244,0,-0.3533615943025708,0.0,False
244,1,-0.053361594302570814,0.0,False
245,-2,0.5827906359871794,0.0,False
245,-1,0.8827906359871793,0.0,False
245,0,1.1827906359871794,0.0,False
245,1,1.4827906359871794,0.0,False
246,-2,-2.4465690028796314,0.0,False
246,-1,-1.5965690028796313,0.0,False
246,0,-0.7465690028796313,0.0,False
246,1,0.10343099712036868,0.0,False
247,-2,-1.2802124410974913,0.0,False
247,-1,-0.43021244109749135,0.0,False
247,0,0.4197875589025087,0.0,False
247,1,1.2697875589025087,0.0,False
248,-2,-2.991836683896791,0.0,False
248,-1,-2.1418366838967913,0.0,False
248,0,-1.291836683896791,0.0,False
248,1,-0.44183668389679087,0.0,False
249,-2,1.0774422166844637,0.0,False
249,-1,1.3774422166844635,0.0,False
249,0,1.6774422166844636,0.0,False
249,1,1.9774422166844636,0.0,False
250,-2,-1.829949074400335,0.0,False
250,-1,-0.979949074400335,0.0,False
250,0,-0.12994907440033499,0.0,False
250,1,0.720050925599665,0.0,False
251,-2,-1.8061928156459932,0.0,False
251,-1,-0.9561928156459931,0.0,False
251,0,-0.10619281564599314,0.0,False
251,1,0.7438071843540068,0.0,False
252,-2,-1.091999521260732,0.0,False
252,-1,-0.24199952126073204,0.0,False
252,0,0.608000478739268,0.0,False
252,1,1.458000478739268,0.0,False
253,-2,-1.01135687137111,0.0,False
253,-1,-0.71135687137111,0.0,False
253,0,-0.41135687137111,0.0,False
253,1,-0.11135687137111,0.0,False
254,-2,-1.9369938931215338,0.0,False
254,-1,-1.0869938931215337,0.0,False
254,0,-0.23699389312153363,0.0,False
254,1,0.6130061068784665,0.0,False
255,-2,0.008097395453524836,0.0,False
255,-1,0.8580973954535247,0.0,False
255,0,1.7080973954535248,0.0,False
255,1,2.558097395453525,0.0,False
256,-2,-0.9282383436257713,0.0,False
256,-1,-0.6282383436257714,0.0,False
256,0,-0.32823834362577137,0.0,False
256,1,-0.028238343625771378,0.0,False
257,-2,-1.6412559704020486,0.0,False
257,-1,-1.3412559704020486,0.0,False
257,0,-1.0412559704020485,0.0,False
257,1,-0.7412559704020485,0.0,False
258,-2,-2.186487130609951,0.0,False
258,-1,-1.3364871306099508,0.0,False
258,0,-0.48648713060995075,0.0,False
258,1,0.3635128693900493,0.0,False
259,-2,0.8504426776417947,0.0,False
259,-1,1.1504426776417946,0.0,False
259,0,1.4504426776417947,0.0,False
259,1,1.7504426776417947,0.0,False
260,-2,-1.7173928203208177,0.0,False
260,-1,-0.8673928203208179,0.0,False
260,0,-0.017392820320817782,0.0,False
260,1,0.8326071796791823,0.0,False
261,-2,-1.097355597195898,0.0,False
261,-1,-0.2473555971958979,0.0,False
261,0,0.6026444028041021,0.0,False
261,1,1.4526444028041021,0.0,False
262,-2,-1.9214906623375514,0.0,False
262,-1,-1.6214906623375516,0.0,False
262,0,-1.3214906623375515,0.0,False
262,1,-1.0214906623375515,0.0,False
263,-2,-2.0321654978009978,0.0,False
263,-1,-1.182165497800998,0.0,False
263,0,-0.33216549780099797,0.0,False
263,1,0.5178345021990021,0.0,False
264,-2,-0.902301470541945,0.0,False
264,-1,-0.602301470541945,0.0,False
264,0,-0.30230147054194506,0.0,False
264,1,-0.002301470541945072,0.0,False
265,-2,0.9213763021867368,0.0,False
265,-1,1.2213763021867368,0.0,False
265,0,1.5213763021867368,0.0,False
265,1,1.8213763021867369,0.0,False
266,-2,-1.0341908787398157,0.0,False
266,-1,-0.1841908787398157,0.0,False
266,0,0.6658091212601843,0.0,False
266,1,1.5158091212601843,0.0,False
267,-2,-1.4565052817432662,0.0,False
267,-1,-0.6065052817432662,0.0,False
267,0,0.2434947182567338,0.0,False
267,1,1.0934947182567338,0.0,False
268,-2,1.5607579812223475,0.0,False
268,-1,1.8607579812223476,0.0,False
268,0,2.1607579812223476,0.0,False
268,1,2.4607579812223475,0.0,False
269,-2,-2.0400543148614636,0.0,False
269,-1,-1.7400543148614638,0.0,False
269,0,-1.4400543148614637,0.0,False
269,1,-1.1400543148614637,0.0,False
270,-2,-2.633821765190199,0.0,False
270,-1,-1.7838217651901989,0.0,False
270,0,-0.9338217651901989,0.0,False
270,1,-0.0838217651901989,0.0,False
271,-2,-0.9056851922345044,0.0,False
271,-1,-0.055685192234504355,0.0,False
271,0,0.7943148077654957,0.0,False
271,1,1.6443148077654957,0.0,False
272,-2,-0.3892428911785538,0.0,False
272,-1,0.46075710882144616,0.0,False
272,0,1.3107571088214462,0.0,False
272,1,2.1607571088214463,0.0,False
273,-2,-1.4664690258832802,0.0,False
273,-1,-0.6164690258832802,0.0,False
273,0,0.23353097411671983,0.0,False
273,1,1.0835309741167198,0.0,False
274,-2,-0.8884425823524449,0.0,False
274,-1,-0.588442582352445,0.0,False
274,0,-0.28844258235244497,0.0,False
274,1,0.011557417647555024,0.0,False
275,-2,-1.9620679490283481,0.0,False
275,-1,-1.1120679490283483,0.0,False
275,0,-0.2620679490283482,0.0,False
275,1,0.5879320509716519,0.0,False
276,-2,-0.7875838693335488,0.0,False
276,-1,0.06241613066645124,0.0,False
276,0,0.9124161306664512,0.0,False
276,1,1.7624161306664512,0.0,False
277,-2,-0.1390386860666743,0.0,False
277,-1,0.1609613139333257,0.0,False
277,0,0.4609613139333257,0.0,False
277,1,0.7609613139333257,0.0,False
278,-2,0.6043874178467522,0.0,False
278,-1,0.9043874178467521,0.0,False
278,0,1.2043874178467522,0.0,False
278,1,1.5043874178467522,0.0,False
279,-2,-0.4277249972949736,0.0,False
279,-1,-0.12772499729497364,0.0,False
279,0,0.17227500270502635,0.0,False
279,1,0.4722750027050263,0.0,False
280,-2,-1.74332877667031,0.0,False
280,-1,-0.89332877667031,0.0,False
280,0,-0.04332877667030996,0.0,False
280,1,0.8066712233296901,0.0,False
281,-2,-2.3397314594378655,0.0,False
281,-1,-1.4897314594378654,0.0,False
281,0,-0.6397314594378655,0.0,False
281,1,0.21026854056213456,0.0,False
282,-2,-3.6809442593300465,0.0,False
282,-1,-3.3809442593300463,0.0,False
282,0,-3.0809442593300465,0.0,False
282,1,-2.7809442593300466,0.0,False
283,-2,-1.3867239058784442,0.0,False
283,-1,-1.0867239058784441,0.0,False
283,0,-0.7867239058784442,0.0,False
283,1,-0.4867239058784442,0.0,False
284,-2,-1.4458649561557488,0.0,False
284,-1,-0.5958649561557489,0.0,False
284,0,0.2541350438442512,0.0,False
284,1,1.1041350438442512,0.0,False
285,-2,-1.5637790531986715,0.0,False
285,-1,-0.7137790531986714,0.0,False
285,0,0.13622094680132862,0.0,False
285,1,0.9862209468013287,0.0,False
286,-2,-4.334189613686835,0.0,False
286,-1,-3.4841896136868353,0.0,False
286,0,-2.6341896136868352,0.0,False
286,1,-1.7841896136868354,0.0,False
287,-2,-0.657992682894236,0.0,False
287,-1,-0.357992682894236,0.0,False
287,0,-0.057992682894236036,0.0,False
287,1,0.24200731710576395,0.0,False
288,-2,-0.5060961885720507,0.0,False
288,-1,-0.20609618857205073,0.0,False
288,0,0.09390381142794926,0.0,False
288,1,0.3939038114279493,0.0,False
289,-2,0.09609751124198118,0.0,False
289,-1,0.39609751124198117,0.0,False
289,0,0.6960975112419812,0.0,False
289,1,0.9960975112419812,0.0,False
290,-2,-1.1448887919085668,0.0,False
290,-1,-0.2948887919085668,0.0,False
290,0,0.5551112080914332,0.0,False
290,1,1.4051112080914332,0.0,False
291,-2,-2.5457853157315764,0.0,False
291,-1,-1.695785315731576,0.0,False
291,0,-0.8457853157315761,0.0,False
291,1,0.004214684268423863,0.0,False
292,-2,-1.7265551795813447,0.0,False
292,-1,-0.8765551795813447,0.0,False
292,0,-0.026555179581344606,0.0,False
292,1,0.8234448204186554,0.0,False
293,-2,-1.3509239576599996,0.0,False
293,-1,-1.0509239576599996,0.0,False
293,0,-0.7509239576599995,0.0,False
293,1,-0.45092395765999954,0.0,False
294,-2,0.3755438345837916,0.0,False
294,-1,0.6755438345837916,0.0,False
294,0,0.9755438345837916,0.0,False
294,1,1.2755438345837915,0.0,False
295,-2,-1.05077577723448,0.0,False
295,-1,-0.7507757772344799,0.0,False
295,0,-0.4507757772344799,0.0,False
295,1,-0.15077577723447994,0.0,False
296,-2,0.7812580667749383,0.0,False
296,-1,1.6312580667749386,0.0,False
296,0,2.4812580667749384,0.0,False
296,1,3.3312580667749385,0.0,False
297,-2,-0.5357863547659725,0.0,False
297,-1,-0.23578635476597254,0.0,False
297,0,0.06421364523402746,0.0,False
297,1,0.36421364523402744,0.0,False
298,-2,-0.9064072034489061,0.0,False
298,-1,-0.056407203448906096,0.0,False
298,0,0.7935927965510939,0.0,False
298,1,1.643592796551094,0.0,False
299,-2,-0.16851236003635983,0.0,False
299,-1,0.13148763996364016,0.0,False
299,0,0.43148763996364015,0.0,False
299,1,0.7314876399636401,0.0,False
300,-2,-2.4411821039280257,0.0,False
300,-1,-1.5911821039280258,0.0,False
300,0,-0.7411821039280259,0.0,False
300,1,0.10881789607197417,0.0,False
301,-2,0.009097698093223805,0.0,False
301,-1,0.3090976980932238,0.0,False
301,0,0.6090976980932238,0.0,False
301,1,0.9090976980932237,0.0,False
302,-2,-1.5558463083607066,0.0,False
302,-1,-0.7058463083607065,0.0,False
302,0,0.14415369163929354,0.0,False
302,1,0.9941536916392936,0.0,False
303,-2,0.22272550363641352,0.0,False
303,-1,1.0727255036364136,0.0,False
303,0,1.9227255036364137,0.0,False
303,1,2.772725503636414,0.0,False
304,-2,-0.1859229500662839,0.0,False
304,-1,0.6640770499337161,0.0,False
304,0,1.5140770499337162,0.0,False
304,1,2.3640770499337163,0.0,False
305,-2,-1.5218721439996608,0.0,False
305,-1,-1.2218721439996607,0.0,False
305,0,-0.9218721439996608,0.0,False
305,1,-0.6218721439996608,0.0,False
306,-2,-0.16088453738215647,0.0,False
306,-1,0.6891154626178435,0.0,False
306,0,1.5391154626178436,0.0,False
306,1,2.389115462617844,0.0,False
307,-2,-0.27583024059213707,0.0,False
307,-1,0.024169759407862923,0.0,False
307,0,0.3241697594078629,0.0,False
307,1,0.6241697594078629,0.0,False
308,-2,-1.4963768598914373,0.0,False
308,-1,-0.6463768598914371,0.0,False
308,0,0.2036231401085629,0.0,False
308,1,1.053623140108563,0.0,False
309,-2,-2.7344827597159056,0.0,False
309,-1,-1.8844827597159057,0.0,False
309,0,-1.0344827597159056,0.0,False
309,1,-0.18448275971590555,0.0,False
310,-2,-0.022367011465268538,0.0,False
310,-1,0.27763298853473145,0.0,False
310,0,0.5776329885347314,0.0,False
310,1,0.8776329885347314,0.0,False
311,-2,-1.8204981160970846,0.0,False
311,-1,-0.9704981160970847,0.0,False
311,0,-0.12049811609708465,0.0,False
311,1,0.7295018839029154,0.0,False
312,-2,-0.790076412741247,0.0,False
312,-1,-0.490076412741247,0.0,False
312,0,-0.19007641274124704,0.0,False
312,1,0.10992358725875295,0.0,False
313,-2,-0.40815834047025706,0.0,False
313,-1,-0.10815834047025707,0.0,False
313,0,0.19184165952974291,0.0,False
313,1,0.4918416595297429,0.0,False
314,-2,-3.4146291114921548,0.0,False
314,-1,-2.5646291114921542,0.0,False
314,0,-1.7146291114921546,0.0,False
314,1,-0.8646291114921545,0.0,False
315,-2,-2.0127109314586646,0.0,False
315,-1,-1.7127109314586646,0.0,False
315,0,-1.4127109314586646,0.0,False
315,1,-1.1127109314586645,0.0,False
316,-2,-2.7316664653912412,0.0,False
316,-1,-1.8816664653912412,0.0,False
316,0,-1.031666465391241,0.0,False
316,1,-0.18166646539124098,0.0,False
317,-2,0.011957239762092953,0.0,False
317,-1,0.31195723976209294,0.0,False
317,0,0.6119572397620929,0.0,False
317,1,0.911957239762093,0.0,False
318,-2,-0.7540719579899201,0.0,False
318,-1,-0.45407195798992006,0.0,False
318,0,-0.1540719579899201,0.0,False
318,1,0.1459280420100799,0.0,False
319,-2,-1.1897491590614053,0.0,False
319,-1,-0.3397491590614053,0.0,False
319,0,0.5102508409385947,0.0,False
319,1,1.3602508409385947,0.0,False
320,-2,-1.7893633617474975,0.0,False
320,-1,-0.9393633617474976,0.0,False
320,0,-0.08936336174749755,0.0,False
320,1,0.7606366382525025,0.0,False
321,-2,0.24635070335176523,0.0,False
321,-1,0.5463507033517652,0.0,False
321,0,0.8463507033517652,0.0,False
321,1,1.1463507033517653,0.0,False
322,-2,-1.7577976611690942,0.0,False
322,-1,-0.9077976611690941,0.0,False
322,0,-0.05779766116909406,0.0,False
322,1,0.792202338830906,0.0,False
323,-2,-2.7829323939617274,0.0,False
323,-1,-1.9329323939617276,0.0,False
323,0,-1.0829323939617275,0.0,False
323,1,-0.23293239396172738,0.0,False
324,-2,-2.4340520711423137,0.0,False
324,-1,-1.5840520711423138,0.0,False
324,0,-0.7340520711423139,0.0,False
324,1,0.11594792885768618,0.0,False
325,-2,-0.8446883549445823,0.0,False
325,-1,-0.5446883549445823,0.0,False
325,0,-0.24468835494458233,0.0,False
325,1,0.05531164505541766,0.0,False
326,-2,0.02755741715355109,0.0,False
326,-1,0.3275574171535511,0.0,False
326,0,0.6275574171535511,0.0,False
326,1,0.927557417153551,0.0,False
327,-2,-1.2314982675728192,0.0,False
327,-1,-0.3814982675728193,0.0,False
327,0,0.46850173242718074,0.0,False
327,1,1.3185017324271808,0.0,False
328,-2,-2.3394130073199,0.0,False
328,-1,-1.4894130073199001,0.0,False
328,0,-0.6394130073199,0.0,False
328,1,0.2105869926801,0.0,False
329,-2,-1.5862983141737295,0.0,False
329,-1,-0.7362983141737294,0.0,False
329,0,0.11370168582627065,0.0,False
329,1,0.9637016858262707,0.0,False
330,-2,1.174784677074367,0.0,False
330,-1,1.4747846770743671,0.0,False
330,0,1.7747846770743672,0.0,False
330,1,2.074784677074367,0.0,False
331,-2,-0.8571883936600098,0.0,False
331,-1,-0.007188393660009673,0.0,False
331,0,0.8428116063399903,0.0,False
331,1,1.6928116063399903,0.0,False
332,-2,0.6276976036686738,0.0,False
332,-1,0.9276976036686737,0.0,False
332,0,1.2276976036686738,0.0,False
332,1,1.5276976036686738,0.0,False
333,-2,-3.0990435754519576,0.0,False
333,-1,-2.2490435754519575,0.0,False
333,0,-1.3990435754519577,0.0,False
333,1,-0.5490435754519576,0.0,False
334,-2,-1.8351664542969814,0.0,False
334,-1,-1.5351664542969814,0.0,False
334,0,-1.2351664542969814,0.0,False
334,1,-0.9351664542969813,0.0,False
335,-2,-1.0960457956295284,0.0,False
335,-1,-0.7960457956295284,0.0,False
335,0,-0.49604579562952844,0.0,False
335,1,-0.19604579562952845,0.0,False
336,-2,-1.7782055387129247,0.0,False
336,-1,-0.9282055387129247,0.0,False
336,0,-0.07820553871292461,0.0,False
336,1,0.7717944612870754,0.0,False
337,-2,-1.7568919200880395,0.0,False
337,-1,-1.4568919200880397,0.0,False
337,0,-1.1568919200880396,0.0,False
337,1,-0.8568919200880396,0.0,False
338,-2,-0.47771178155306754,0.0,False
338,-1,-0.17771178155306755,0.0,False
338,0,0.12228821844693244,0.0,False
338,1,0.42228821844693243,0.0,False
339,-2,-0.24896693914254064,0.0,False
339,-1,0.051033060857459345,0.0,False
339,0,0.35103306085745933,0.0,False
339,1,0.6510330608574593,0.0,False
340,-2,0.5984513803365196,0.0,False
340,-1,0.8984513803365195,0.0,False
340,0,1.1984513803365195,0.0,False
340,1,1.4984513803365196,0.0,False
341,-2,-1.1047153213517071,0.0,False
341,-1,-0.2547153213517071,0.0,False
341,0,0.5952846786482929,0.0,False
341,1,1.445284678648293,0.0,False
342,-2,-0.8847152546608188,0.0,False
342,-1,-0.5847152546608188,0.0,False
342,0,-0.2847152546608188,0.0,False
342,1,0.015284745339181172,0.0,False
343,-2,-1.8431159829620642,0.0,False
343,-1,-0.9931159829620643,0.0,False
343,0,-0.14311598296206426,0.0,False
343,1,0.7068840170379358,0.0,False
344,-2,-2.151370837045926,0.0,False
344,-1,-1.3013708370459256,0.0,False
344,0,-0.4513708370459256,0.0,False
344,1,0.3986291629540744,0.0,False
345,-2,-2.656640179002179,0.0,False
345,-1,-2.356640179002179,0.0,False
345,0,-2.056640179002179,0.0,False
345,1,-1.756640179002179,0.0,False
346,-2,-2.254708435603496,0.0,False
346,-1,-1.4047084356034958,0.0,False
346,0,-0.5547084356034958,0.0,False
346,1,0.2952915643965042,0.0,False
347,-2,-1.5462507328707324,0.0,False
347,-1,-1.2462507328707324,0.0,False
347,0,-0.9462507328707325,0.0,False
347,1,-0.6462507328707325,0.0,False
348,-2,-0.9679033773369277,0.0,False
348,-1,-0.11790337733692763,0.0,False
348,0,0.7320966226630724,0.0,False
348,1,1.5820966226630724,0.0,False
349,-2,-2.4853036081197226,0.0,False
349,-1,-1.6353036081197225,0.0,False
349,0,-0.7853036081197224,0.0,False
349,1,0.06469639188027759,0.0,False
350,-2,-2.1603550962957625,0.0,False
350,-1,-1.8603550962957625,0.0,False
350,0,-1.5603550962957624,0.0,False
350,1,-1.2603550962957624,0.0,False
351,-2,-1.5821407100346616,0.0,False
351,-1,-0.7321407100346615,0.0,False
351,0,0.11785928996533847,0.0,False
351,1,0.9678592899653384,0.0,False
352,-2,-1.8631929848468078,0.0,False
352,-1,-1.0131929848468078,0.0,False
352,0,-0.16319298484680766,0.0,False
352,1,0.6868070151531924,0.0,False
353,-2,-1.2609246281639699,0.0,False
353,-1,-0.41092462816396985,0.0,False
353,0,0.4390753718360302,0.0,False
353,1,1.2890753718360302,0.0,False
354,-2,-2.5720882999711625,0.0,False
354,-1,-1.7220882999711624,0.0,False
354,0,-0.8720882999711624,0.0,False
354,1,-0.02208829997116246,0.0,False
355,-2,-0.33568674956040156,0.0,False
355,-1,-0.035686749560401576,0.0,False
355,0,0.2643132504395984,0.0,False
355,1,0.5643132504395985,0.0,False
356,-2,-0.8503224891823048,0.0,False
356,-1,-0.5503224891823049,0.0,False
356,0,-0.2503224891823048,0.0,False
356,1,0.04967751081769517,0.0,False
357,-2,-0.7758056956649293,0.0,False
357,-1,-0.47580569566492925,0.0,False
357,0,-0.17580569566492926,0.0,False
357,1,0.12419430433507073,0.0,False
358,-2,-1.0038962151771837,0.0,False
358,-1,-0.15389621517718383,0.0,False
358,0,0.6961037848228162,0.0,False
358,1,1.5461037848228163,0.0,False
359,-2,-1.5734101268521061,0.0,False
359,-1,-0.7234101268521063,0.0,False
359,0,0.1265898731478938,0.0,False
359,1,0.9765898731478938,0.0,False
360,-2,-1.3448783077063524,0.0,False
360,-1,-0.4948783077063524,0.0,False
360,0,0.35512169229364765,0.0,False
360,1,1.2051216922936476,0.0,False
361,-2,-0.41484527877668176,0.0,False
361,-1,-0.11484527877668174,0.0,False
361,0,0.18515472122331825,0.0,False
361,1,0.48515472122331826,0.0,False
362,-2,-0.5030882767026641,0.0,False
362,-1,-0.2030882767026641,0.0,False
362,0,0.0969117232973359,0.0,False
362,1,0.39691172329733587,0.0,False
363,-2,-0.421775147706013,0.0,False
363,-1,-0.121775147706013,0.0,False
363,0,0.178224852293987,0.0,False
363,1,0.478224852293987,0.0,False
364,-2,-0.1366026329208438,0.0,False
364,-1,0.1633973670791562,0.0,False
364,0,0.4633973670791562,0.0,False
364,1,0.7633973670791562,0.0,False
365,-2,-1.268226879917527,0.0,False
365,-1,-0.41822687991752694,0.0,False
365,0,0.4317731200824731,0.0,False
365,1,1.2817731200824731,0.0,False
366,-2,-1.101347127081754,0.0,False
366,-1,-0.25134712708175416,0.0,False
366,0,0.5986528729182459,0.0,False
366,1,1.448652872918246,0.0,False
367,-2,-0.09943233676480312,0.0,False
367,-1,0.20056766323519687,0.0,False
367,0,0.5005676632351969,0.0,False
367,1,0.8005676632351968,0.0,False
368,-2,-1.0904622988847419,0.0,False
368,-1,-0.7904622988847418,0.0,False
368,0,-0.4904622988847418,0.0,False
368,1,-0.1904622988847418,0.0,False
369,-2,0.1204512922990375,0.0,False
369,-1,0.4204512922990375,0.0,False
369,0,0.7204512922990375,0.0,False
369,1,1.0204512922990374,0.0,False
370,-2,-0.7936103999416069,0.0,False
370,-1,-0.49361039994160694,0.0,False
370,0,-0.19361039994160695,0.0,False
370,1,0.10638960005839304,0.0,False
371,-2,-0.5614725814482767,0.0,False
371,-1,-0.26147258144827673,0.0,False
371,0,0.03852741855172326,0.0,False
371,1,0.33852741855172325,0.0,False
372,-2,-2.274275409865075,0.0,False
372,-1,-1.974275409865075,0.0,False
372,0,-1.674275409865075,0.0,False
372,1,-1.374275409865075,0.0,False
373,-2,-2.0389365970176043,0.0,False
373,-1,-1.1889365970176042,0.0,False
373,0,-0.3389365970176042,0.0,False
373,1,0.5110634029823958,0.0,False
374,-2,-0.7521487769832667,0.0,False
374,-1,0.09785122301673344,0.0,False
374,0,0.9478512230167334,0.0,False
374,1,1.7978512230167334,0.0,False
375,-2,-0.5662707773163999,0.0,False
375,-1,-0.2662707773163999,0.0,False
375,0,0.033729222683600076,0.0,False
375,1,0.33372922268360006,0.0,False
376,-2,-2.7473425653733177,0.0,False
376,-1,-1.8973425653733178,0.0,False
376,0,-1.0473425653733177,0.0,False
376,1,-0.19734256537331762,0.0,False
377,-2,-1.2987960491609911,0.0,False
377,-1,-0.9987960491609911,0.0,False
377,0,-0.6987960491609911,0.0,False
377,1,-0.39879604916099115,0.0,False
378,-2,-2.39877745136449,0.0,False
378,-1,-1.5487774513644903,0.0,False
378,0,-0.6987774513644902,0.0,False
378,1,0.15122254863550982,0.0,False
379,-2,0.10047272399317264,0.0,False
379,-1,0.40047272399317263,0.0,False
379,0,0.7004727239931726,0.0,False
379,1,1.0004727239931726,0.0,False
380,-2,-1.914646584419935,0.0,False
380,-1,-1.6146465844199351,0.0,False
380,0,-1.314646584419935,0.0,False
380,1,-1.014646584419935,0.0,False
381,-2,-3.229186217257887,0.0,False
381,-1,-2.379186217257887,0.0,False
381,0,-1.5291862172578872,0.0,False
381,1,-0.6791862172578871,0.0,False
382,-2,-2.387023987482413,0.0,False
382,-1,-1.5370239874824128,0.0,False
382,0,-0.6870239874824128,0.0,False
382,1,0.16297601251758725,0.0,False
383,-2,-2.6169444066435417,0.0,False
383,-1,-1.7669444066435416,0.0,False
383,0,-0.9169444066435415,0.0,False
383,1,-0.0669444066435414,0.0,False
384,-2,-1.080943365780902,0.0,False
384,-1,-0.23094336578090185,0.0,False
384,0,0.6190566342190982,0.0,False
384,1,1.4690566342190983,0.0,False
385,-2,-2.839019048519741,0.0,False
385,-1,-1.989019048519741,0.0,False
385,0,-1.139019048519741,0.0,False
385,1,-0.2890190485197408,0.0,False
386,-2,-1.4258616312366497,0.0,False
386,-1,-0.5758616312366497,0.0,False
386,0,0.27413836876335035,0.0,False
386,1,1.1241383687633504,0.0,False
387,-2,-1.8866904127805038,0.0,False
387,-1,-1.0366904127805037,0.0,False
387,0,-0.18669041278050372,0.0,False
387,1,0.6633095872194963,0.0,False
388,-2,0.39739143770806606,0.0,False
388,-1,1.2473914377080662,0.0,False
388,0,2.0973914377080662,0.0,False
388,1,2.947391437708066,0.0,False
389,-2,0.08850661666837312,0.0,False
389,-1,0.3885066166683731,0.0,False
389,0,0.6885066166683731,0.0,False
389,1,0.9885066166683731,0.0,False
390,-2,-0.9528280528357083,0.0,False
390,-1,-0.10282805283570823,0.0,False
390,0,0.7471719471642918,0.0,False
390,1,1.5971719471642918,0.0,False
391,-2,-0.774444481615331,0.0,False
391,-1,-0.4744444816153309,0.0,False
391,0,-0.17444448161533097,0.0,False
391,1,0.12555551838466902,0.0,False
392,-2,-0.5294495999309324,0.0,False
392,-1,0.32055040006906754,0.0,False
392,0,1.1705504000690676,0.0,False
392,1,2.0205504000690677,0.0,False
393,-2,-0.5375095425031741,0.0,False
393,-1,-0.23750954250317413,0.0,False
393,0,0.062490457496825864,0.0,False
393,1,0.36249045749682585,0.0,False
394,-2,-1.1087711125813944,0.0,False
394,-1,-0.8087711125813943,0.0,False
394,0,-0.5087711125813944,0.0,False
394,1,-0.2087711125813944,0.0,False
395,-2,-2.1521163075995307,0.0,False
395,-1,-1.3021163075995306,0.0,False
395,0,-0.4521163075995305,0.0,False
395,1,0.39788369240046956,0.0,False
396,-2,-2.1770999615116757,0.0,False
396,-1,-1.8770999615116757,0.0,False
396,0,-1.5770999615116756,0.0,False
396,1,-1.2770999615116756,0.0,False
397,-2,-1.2484877162326637,0.0,False
397,-1,-0.3984877162326638,0.0,False
397,0,0.4515122837673362,0.0,False
397,1,1.3015122837673363,0.0,False
398,-2,0.0658649295551903,0.0,False
398,-1,0.3658649295551903,0.0,False
398,0,0.6658649295551903,0.0,False
398,1,0.9658649295551902,0.0,False
399,-2,-2.063390799756708,0.0,False
399,-1,-1.763390799756708,0.0,False
399,0,-1.463390799756708,0.0,False
399,1,-1.163390799756708,0.0,False
400,-2,-2.748317542389033,0.0,False
400,-1,-1.8983175423890328,0.0,False
400,0,-1.0483175423890327,0.0,False
400,1,-0.19831754238903265,0.0,False
401,-2,1.1053732135264265,0.0,False
401,-1,1.4053732135264263,0.0,False
401,0,1.7053732135264263,0.0,False
401,1,2.0053732135264264,0.0,False
402,-2,-0.745318412865022,0.0,False
402,-1,0.104681587134978,0.0,False
402,0,0.9546815871349781,0.0,False
402,1,1.8046815871349782,0.0,False
403,-2,-1.4313895960404617,0.0,False
403,-1,-1.1313895960404616,0.0,False
403,0,-0.8313895960404616,0.0,False
403,1,-0.5313895960404615,0.0,False
404,-2,-1.2131328541823374,0.0,False
404,-1,-0.3631328541823374,0.0,False
404,0,0.48686714581766266,0.0,False
404,1,1.3368671458176626,0.0,False
405,-2,-1.3570990103758764,0.0,False
405,-1,-0.5070990103758763,0.0,False
405,0,0.3429009896241237,0.0,False
405,1,1.1929009896241238,0.0,False
406,-2,-0.4010194981855656,0.0,False
406,-1,-0.1010194981855656,0.0,False
406,0,0.19898050181443439,0.0,False
406,1,0.4989805018144344,0.0,False
407,-2,-0.25608088202148604,0.0,False
407,-1,0.043919117978513944,0.0,False
407,0,0.34391911797851393,0.0,False
407,1,0.643919117978514,0.0,False
408,-2,-2.2856077230774305,0.0,False
408,-1,-1.4356077230774302,0.0,False
408,0,-0.5856077230774303,0.0,False
408,1,0.2643922769225698,0.0,False
409,-2,-1.959442643140944,0.0,False
409,-1,-1.1094426431409439,0.0,False
409,0,-0.2594426431409439,0.0,False
409,1,0.5905573568590561,0.0,False
410,-2,-2.3170239149714185,0.0,False
410,-1,-1.4670239149714186,0.0,False
410,0,-0.6170239149714185,0.0,False
410,1,0.23297608502858153,0.0,False
411,-2,-3.264085332484661,0.0,False
411,-1,-2.4140853324846607,0.0,False
411,0,-1.5640853324846606,0.0,False
411,1,-0.7140853324846606,0.0,False
412,-2,-0.9384072220223605,0.0,False
412,-1,-0.08840722202236045,0.0,False
412,0,0.7615927779776396,0.0,False
412,1,1.6115927779776396,0.0,False
413,-2,0.10800513074345752,0.0,False
413,-1,0.4080051307434575,0.0,False
413,0,0.7080051307434575,0.0,False
413,1,1.0080051307434574,0.0,False
414,-2,-0.2216484515244781,0.0,False
414,-1,0.07835154847552189,0.0,False
414,0,0.3783515484755219,0.0,False
414,1,0.6783515484755218,0.0,False
415,-2,-2.258606912485641,0.0,False
415,-1,-1.4086069124856413,0.0,False
415,0,-0.5586069124856412,0.0,False
415,1,0.29139308751435883,0.0,False
416,-2,-1.49160284555454,0.0,False
416,-1,-1.19160284555454,0.0,False
416,0,-0.8916028455545401,0.0,False
416,1,-0.5916028455545401,0.0,False
417,-2,-1.3531723836778755,0.0,False
417,-1,-1.0531723836778755,0.0,False
417,0,-0.7531723836778754,0.0,False
417,1,-0.45317238367787543,0.0,False
418,-2,-0.29960638306902937,0.0,False
418,-1,0.00039361693097061945,0.0,False
418,0,0.3003936169309706,0.0,False
418,1,0.6003936169309706,0.0,False
419,-2,-2.594798346543387,0.0,False
419,-1,-1.7447983465433867,0.0,False
419,0,-0.8947983465433867,0.0,False
419,1,-0.04479834654338677,0.0,False
420,-2,-0.58838661422073,0.0,False
420,-1,0.26161338577926996,0.0,False
420,0,1.11161338577927,0.0,False
420,1,1.9616133857792701,0.0,False
421,-2,-0.9723091567787137,0.0,False
421,-1,-0.12230915677871362,0.0,False
421,0,0.7276908432212864,0.0,False
421,1,1.5776908432212864,0.0,False
422,-2,-2.5877598310170056,0.0,False
422,-1,-1.7377598310170053,0.0,False
422,0,-0.8877598310170053,0.0,False
422,1,-0.03775983101700531,0.0,False
423,-2,-1.6548124897744316,0.0,False
423,-1,-0.8048124897744315,0.0,False
423,0,0.045187510225568425,0.0,False
423,1,0.8951875102255684,0.0,False
424,-2,-1.1124679846206917,0.0,False
424,-1,-0.8124679846206917,0.0,False
424,0,-0.5124679846206918,0.0,False
424,1,-0.21246798462069177,0.0,False
425,-2,0.05424953090628648,0.0,False
425,-1,0.9042495309062863,0.0,False
425,0,1.7542495309062864,0.0,False
425,1,2.6042495309062863,0.0,False
426,-2,-2.310163474054722,0.0,False
426,-1,-1.4601634740547218,0.0,False
426,0,-0.6101634740547218,0.0,False
426,1,0.2398365259452782,0.0,False
427,-2,-1.82171110063212,0.0,False
427,-1,-0.9717111006321202,0.0,False
427,0,-0.12171110063212012,0.0,False
427,1,0.7282888993678799,0.0,False
428,-2,0.6669587262143141,0.0,False
428,-1,0.966958726214314,0.0,False
428,0,1.266958726214314,0.0,False
428,1,1.566958726214314,0.0,False
429,-2,-1.7482023594061828,0.0,False
429,-1,-0.8982023594061828,0.0,False
429,0,-0.04820235940618275,0.0,False
429,1,0.8017976405938173,0.0,False
430,-2,-2.05455517289077,0.0,False
430,-1,-1.20455517289077,0.0,False
430,0,-0.35455517289077,0.0,False
430,1,0.49544482710923005,0.0,False
431,-2,-0.1450121768108047,0.0,False
431,-1,0.1549878231891953,0.0,False
431,0,0.4549878231891953,0.0,False
431,1,0.7549878231891953,0.0,False
432,-2,-0.49482496734016646,0.0,False
432,-1,-0.19482496734016644,0.0,False
432,0,0.10517503265983355,0.0,False
432,1,0.40517503265983357,0.0,False
433,-2,-2.251160303466501,0.0,False
433,-1,-1.401160303466501,0.0,False
433,0,-0.5511603034665009,0.0,False
433,1,0.2988396965334991,0.0,False
434,-2,-0.21044005519950237,0.0,False
434,-1,0.6395599448004976,0.0,False
434,0,1.4895599448004977,0.0,False
434,1,2.339559944800498,0.0,False
435,-2,-4.504062647786826,0.0,False
435,-1,-3.6540626477868257,0.0,False
435,0,-2.804062647786826,0.0,False
435,1,-1.9540626477868261,0.0,False
436,-2,-1.6895081724987815,0.0,False
436,-1,-1.3895081724987814,0.0,False
436,0,-1.0895081724987814,0.0,False
436,1,-0.7895081724987814,0.0,False
437,-2,0.8981528148113126,0.0,False
437,-1,1.1981528148113125,0.0,False
437,0,1.4981528148113126,0.0,False
437,1,1.7981528148113126,0.0,False
438,-2,-0.18549797997185347,0.0,False
438,-1,0.11450202002814652,0.0,False
438,0,0.4145020200281465,0.0,False
438,1,0.7145020200281464,0.0,False
439,-2,1.3425396916338492,0.0,False
439,-1,1.6425396916338493,0.0,False
439,0,1.9425396916338493,0.0,False
439,1,2.242539691633849,0.0,False
440,-2,-1.7078020082859873,0.0,False
440,-1,-0.8578020082859872,0.0,False
440,0,-0.007802008285987163,0.0,False
440,1,0.8421979917140129,0.0,False
441,-2,-0.8842039366195394,0.0,False
441,-1,-0.034203936619539466,0.0,False
441,0,0.8157960633804606,0.0,False
441,1,1.6657960633804607,0.0,False
442,-2,0.9046603953905553,0.0,False
442,-1,1.2046603953905552,0.0,False
442,0,1.5046603953905553,0.0,False
442,1,1.8046603953905553,0.0,False
443,-2,-1.2378797970998272,0.0,False
443,-1,-0.38787979709982723,0.0,False
443,0,0.4621202029001728,0.0,False
443,1,1.3121202029001728,0.0,False
444,-2,-0.7412889579272594,0.0,False
444,-1,-0.4412889579272594,0.0,False
444,0,-0.1412889579272594,0.0,False
444,1,0.1587110420727406,0.0,False
445,-2,0.29704620720411623,0.0,False
445,-1,0.5970462072041163,0.0,False
445,0,0.8970462072041162,0.0,False
445,1,1.1970462072041161,0.0,False
446,-2,-2.15108616811728,0.0,False
446,-1,-1.3010861681172798,0.0,False
446,0,-0.4510861681172799,0.0,False
446,1,0.3989138318827201,0.0,False
447,-2,-3.0567141931297135,0.0,False
447,-1,-2.2067141931297134,0.0,False
447,0,-1.3567141931297133,0.0,False
447,1,-0.5067141931297132,0.0,False
448,-2,1.3283753265199088,0.0,False
448,-1,1.6283753265199086,0.0,False
448,0,1.9283753265199086,0.0,False
448,1,2.2283753265199087,0.0,False
449,-2,-1.2360869448404526,0.0,False
449,-1,-0.3860869448404525,0.0,False
449,0,0.46391305515954756,0.0,False
449,1,1.3139130551595475,0.0,False
450,-2,-2.0818514021923766,0.0,False
450,-1,-1.2318514021923765,0.0,False
450,0,-0.3818514021923765,0.0,False
450,1,0.4681485978076235,0.0,False
451,-2,-3.4174817509331414,0.0,False
451,-1,-2.5674817509331413,0.0,False
451,0,-1.7174817509331415,0.0,False
451,1,-0.8674817509331414,0.0,False
452,-2,-1.3749904079519308,0.0,False
452,-1,-0.5249904079519309,0.0,False
452,0,0.3250095920480692,0.0,False
452,1,1.1750095920480692,0.0,False
453,-2,-2.2905684730312275,0.0,False
453,-1,-1.4405684730312274,0.0,False
453,0,-0.5905684730312274,0.0,False
453,1,0.25943152696877264,0.0,False
454,-2,0.8266050008564806,0.0,False
454,-1,1.1266050008564805,0.0,False
454,0,1.4266050008564806,0.0,False
454,1,1.7266050008564806,0.0,False
455,-2,-2.1577110787985134,0.0,False
455,-1,-1.3077110787985131,0.0,False
455,0,-0.4577110787985131,0.0,False
455,1,0.39228892120148695,0.0,False
456,-2,0.08763054937869441,0.0,False
456,-1,0.9376305493786943,0.0,False
456,0,1.7876305493786944,0.0,False
456,1,2.6376305493786942,0.0,False
457,-2,-1.125829581173465,0.0,False
457,-1,-0.27582958117346507,0.0,False
457,0,0.574170418826535,0.0,False
457,1,1.424170418826535,0.0,False
458,-2,1.1244212091024948,0.0,False
458,-1,1.4244212091024948,0.0,False
458,0,1.7244212091024949,0.0,False
458,1,2.0244212091024947,0.0,False
459,-2,-2.3471984787043185,0.0,False
459,-1,-1.4971984787043182,0.0,False
459,0,-0.6471984787043182,0.0,False
459,1,0.2028015212956818,0.0,False
460,-2,-0.7865330256189033,0.0,False
460,-1,-0.48653302561890327,0.0,False
460,0,-0.18653302561890328,0.0,False
460,1,0.11346697438109671,0.0,False
461,-2,-3.3217634744879714,0.0,False
461,-1,-3.021763474487971,0.0,False
461,0,-2.7217634744879713,0.0,False
461,1,-2.4217634744879715,0.0,False
462,-2,-0.6883967904062626,0.0,False
462,-1,-0.3883967904062626,0.0,False
462,0,-0.08839679040626262,0.0,False
462,1,0.21160320959373735,0.0,False
463,-2,-2.54580862466242,0.0,False
463,-1,-1.69580862466242,0.0,False
463,0,-0.8458086246624199,0.0,False
463,1,0.004191375337580183,0.0,False
464,-2,-0.45296880382348037,0.0,False
464,-1,-0.15296880382348038,0.0,False
464,0,0.1470311961765196,0.0,False
464,1,0.4470311961765196,0.0,False
465,-2,-1.4441612192985613,0.0,False
465,-1,-0.5941612192985614,0.0,False
465,0,0.2558387807014387,0.0,False
465,1,1.1058387807014387,0.0,False
466,-2,-1.6856069282244595,0.0,False
466,-1,-0.8356069282244595,0.0,False
466,0,0.014393071775540566,0.0,False
466,1,0.8643930717755406,0.0,False
467,-2,1.2927687398951369,0.0,False
467,-1,1.5927687398951367,0.0,False
467,0,1.8927687398951367,0.0,False
467,1,2.1927687398951368,0.0,False
468,-2,-0.6759273976420752,0.0,False
468,-1,-0.3759273976420752,0.0,False
468,0,-0.07592739764207523,0.0,False
468,1,0.22407260235792476,0.0,False
469,-2,-3.073255200488495,0.0,False
469,-1,-2.223255200488495,0.0,False
469,0,-1.373255200488495,0.0,False
469,1,-0.5232552004884949,0.0,False
470,-2,-2.981382013409158,0.0,False
470,-1,-2.131382013409158,0.0,False
470,0,-1.281382013409158,0.0,False
470,1,-0.43138201340915794,0.0,False
471,-2,-1.022384649411538,0.0,False
471,-1,-0.722384649411538,0.0,False
471,0,-0.422384649411538,0.0,False
471,1,-0.12238464941153804,0.0,False
472,-2,-0.5329007581184905,0.0,False
472,-1,0.3170992418815095,0.0,False
472,0,1.1670992418815096,0.0,False
472,1,2.0170992418815095,0.0,False
473,-2,-1.3643887577384257,0.0,False
473,-1,-1.0643887577384257,0.0,False
473,0,-0.7643887577384256,0.0,False
473,1,-0.46438875773842564,0.0,False
474,-2,-1.1372907236312582,0.0,False
474,-1,-0.8372907236312581,0.0,False
474,0,-0.5372907236312581,0.0,False
474,1,-0.23729072363125808,0.0,False
475,-2,-0.2966670519897297,0.0,False
475,-1,0.003332948010270287,0.0,False
475,0,0.3033329480102703,0.0,False
475,1,0.6033329480102703,0.0,False
476,-2,1.9494134697581345,0.0,False
476,-1,2.2494134697581347,0.0,False
476,0,2.5494134697581345,0.0,False
476,1,2.8494134697581344,0.0,False
477,-2,-1.594365001473816,0.0,False
477,-1,-1.2943650014738162,0.0,False
477,0,-0.9943650014738161,0.0,False
477,1,-0.6943650014738161,0.0,False
478,-2,-1.9790551351699874,0.0,False
478,-1,-1.1290551351699873,0.0,False
478,0,-0.2790551351699873,0.0,False
478,1,0.5709448648300127,0.0,False
479,-2,1.2388872064996885,0.0,False
479,-1,1.5388872064996884,0.0,False
479,0,1.8388872064996884,0.0,False
479,1,2.1388872064996884,0.0,False
480,-2,-0.244492338107281,0.0,False
480,-1,0.055507661892718996,0.0,False
480,0,0.355507661892719,0.0,False
480,1,0.6555076618927189,0.0,False
481,-2,-2.21542238006491,0.0,False
481,-1,-1.36542238006491,0.0,False
481,0,-0.5154223800649099,0.0,False
481,1,0.3345776199350901,0.0,False
482,-2,-0.47336627832642464,0.0,False
482,-1,-0.17336627832642462,0.0,False
482,0,0.12663372167357537,0.0,False
482,1,0.4266337216735754,0.0,False
483,-2,-1.2622305292643607,0.0,False
483,-1,-0.4122305292643607,0.0,False
483,0,0.4377694707356393,0.0,False
483,1,1.2877694707356393,0.0,False
484,-2,0.1771412312586369,0.0,False
484,-1,1.027141231258637,0.0,False
484,0,1.877141231258637,0.0,False
484,1,2.7271412312586367,0.0,False
485,-2,-1.0536077004954263,0.0,False
485,-1,-0.7536077004954262,0.0,False
485,0,-0.45360770049542626,0.0,False
485,1,-0.15360770049542627,0.0,False
486,-2,-0.12045492833488836,0.0,False
486,-1,0.17954507166511163,0.0,False
486,0,0.4795450716651116,0.0,False
486,1,0.7795450716651116,0.0,False
487,-2,-0.4733511112732339,0.0,False
487,-1,-0.17335111127323397,0.0,False
487,0,0.12664888872676602,0.0,False
487,1,0.426648888726766,0.0,False
488,-2,-0.31694388854498556,0.0,False
488,-1,-0.016943888544985575,0.0,False
488,0,0.2830561114550144,0.0,False
488,1,0.5830561114550143,0.0,False
489,-2,-1.8129965023589403,0.0,False
489,-1,-0.9629965023589403,0.0,False
489,0,-0.11299650235894027,0.0,False
489,1,0.7370034976410598,0.0,False
490,-2,-1.3522629916101783,0.0,False
490,-1,-1.0522629916101782,0.0,False
490,0,-0.7522629916101783,0.0,False
490,1,-0.4522629916101783,0.0,False
491,-2,0.002735794321124585,0.0,False
491,-1,0.3027357943211246,0.0,False
491,0,0.6027357943211246,0.0,False
491,1,0.9027357943211245,0.0,False
492,-2,-2.0034268473449774,0.0,False
492,-1,-1.1534268473449774,0.0,False
492,0,-0.3034268473449774,0.0,False
492,1,0.5465731526550226,0.0,False
493,-2,2.1982130158879074,0.0,False
493,-1,2.4982130158879077,0.0,False
493,0,2.7982130158879075,0.0,False
493,1,3.0982130158879073,0.0,False
494,-2,-1.4420088812117093,0.0,False
494,-1,-0.5920088812117092,0.0,False
494,0,0.25799111878829073,0.0,False
494,1,1.1079911187882907,0.0,False
495,-2,-0.33854861430252825,0.0,False
495,-1,-0.03854861430252826,0.0,False
495,0,0.2614513856974717,0.0,False
495,1,0.5614513856974717,0.0,False
496,-2,1.3411835379531056,0.0,False
496,-1,1.6411835379531055,0.0,False
496,0,1.9411835379531055,0.0,False
496,1,2.2411835379531055,0.0,False
497,-2,-0.15732015536492205,0.0,False
497,-1,0.14267984463507793,0.0,False
497,0,0.4426798446350779,0.0,False
497,1,0.742679844635078,0.0,False
498,-2,-0.48778066194496217,0.0,False
498,-1,-0.18778066194496218,0.0,False
498,0,0.11221933805503781,0.0,False
498,1,0.4122193380550378,0.0,False
499,-2,-0.8157444978575542,0.0,False
499,-1,0.03425550214244577,0.0,False
499,0,0.8842555021424459,0.0,False
499,1,1.734255502142446,0.0,False
500,-2,-2.2924930496553264,0.0,False
500,-1,-1.4424930496553263,0.0,False
500,0,-0.5924930496553263,0.0,False
500,1,0.2575069503446737,0.0,False
501,-2,-1.8358395561121594,0.0,False
501,-1,-0.9858395561121596,0.0,False
501,0,-0.13583955611215948,0.0,False
501,1,0.7141604438878406,0.0,False
502,-2,-0.9138048180249863,0.0,False
502,-1,-0.06380481802498622,0.0,False
502,0,0.7861951819750138,0.0,False
502,1,1.6361951819750138,0.0,False
503,-2,-1.5247035554026083,0.0,False
503,-1,-0.6747035554026082,0.0,False
503,0,0.17529644459739183,0.0,False
503,1,1.0252964445973918,0.0,False
504,-2,-2.201535664756028,0.0,False
504,-1,-1.351535664756028,0.0,False
504,0,-0.5015356647560278,0.0,False
504,1,0.3484643352439722,0.0,False
505,-2,-1.3213406103257606,0.0,False
505,-1,-0.47134061032576047,0.0,False
505,0,0.37865938967423957,0.0,False
505,1,1.2286593896742395,0.0,False
506,-2,-0.42805981396558634,0.0,False
506,-1,0.42194018603441363,0.0,False
506,0,1.2719401860344137,0.0,False
506,1,2.121940186034414,0.0,False
507,-2,-1.0839906826952805,0.0,False
507,-1,-0.7839906826952805,0.0,False
507,0,-0.48399068269528056,0.0,False
507,1,-0.18399068269528057,0.0,False
508,-2,-0.6682025741183452,0.0,False
508,-1,-0.36820257411834517,0.0,False
508,0,-0.06820257411834518,0.0,False
508,1,0.2317974258816548,0.0,False
509,-2,-1.8418803717601877,0.0,False
509,-1,-1.5418803717601877,0.0,False
509,0,-1.2418803717601876,0.0,False
509,1,-0.9418803717601876,0.0,False
510,-2,-1.5454691713083597,0.0,False
510,-1,-1.2454691713083597,0.0,False
510,0,-0.9454691713083596,0.0,False
510,1,-0.6454691713083596,0.0,False
511,-2,-1.5928587942859467,0.0,False
511,-1,-1.2928587942859466,0.0,False
511,0,-0.9928587942859467,0.0,False
511,1,-0.6928587942859468,0.0,False
512,-2,-1.9597928865650558,0.0,False
512,-1,-1.6597928865650557,0.0,False
512,0,-1.3597928865650557,0.0,False
512,1,-1.0597928865650557,0.0,False
513,-2,-1.6863846736615957,0.0,False
513,-1,-0.8363846736615957,0.0,False
513,0,0.013615326338404303,0.0,False
513,1,0.8636153263384043,0.0,False
514,-2,-2.038019477720942,0.0,False
514,-1,-1.188019477720942,0.0,False
514,0,-0.3380194777209421,0.0,False
514,1,0.5119805222790579,0.0,False
515,-2,-1.9558255008616263,0.0,False
515,-1,-1.1058255008616262,0.0,False
515,0,-0.25582550086162625,0.0,False
515,1,0.5941744991383737,0.0,False
516,-2,-0.4139209900941898,0.0,False
516,-1,-0.11392099009418985,0.0,False
516,0,0.18607900990581014,0.0,False
516,1,0.4860790099058101,0.0,False
517,-2,-1.1780225471935077,0.0,False
517,-1,-0.8780225471935079,0.0,False
517,0,-0.5780225471935079,0.0,False
517,1,-0.2780225471935079,0.0,False
518,-2,-0.07538024034195479,0.0,False
518,-1,0.2246197596580452,0.0,False
518,0,0.5246197596580452,0.0,False
518,1,0.8246197596580451,0.0,False
519,-2,-0.6041527595323962,0.0,False
519,-1,0.24584724046760376,0.0,False
519,0,1.0958472404676038,0.0,False
519,1,1.945847240467604,0.0,False
520,-2,0.9015889552071389,0.0,False
520,-1,1.2015889552071388,0.0,False
520,0,1.5015889552071389,0.0,False
520,1,1.801588955207139,0.0,False
521,-2,-0.9019564154778046,0.0,False
521,-1,-0.6019564154778045,0.0,False
521,0,-0.30195641547780455,0.0,False
521,1,-0.001956415477804563,0.0,False
522,-2,1.6012576462111299,0.0,False
522,-1,1.90125764621113,0.0,False
522,0,2.20125764621113,0.0,False
522,1,2.50125764621113,0.0,False
523,-2,-2.7493315732024652,0.0,False
523,-1,-1.8993315732024652,0.0,False
523,0,-1.049331573202465,0.0,False
523,1,-0.19933157320246497,0.0,False
524,-2,-1.3519664450917959,0.0,False
524,-1,-0.5019664450917958,0.0,False
524,0,0.34803355490820426,0.0,False
524,1,1.1980335549082044,0.0,False
525,-2,-0.9339447401101869,0.0,False
525,-1,-0.08394474011018688,0.0,False
525,0,0.7660552598898132,0.0,False
525,1,1.6160552598898132,0.0,False
526,-2,-1.0248424012798862,0.0,False
526,-1,-0.7248424012798862,0.0,False
526,0,-0.42484240127988615,0.0,False
526,1,-0.12484240127988616,0.0,False
527,-2,-2.553705687385566,0.0,False
527,-1,-1.703705687385566,0.0,False
527,0,-0.8537056873855661,0.0,False
527,1,-0.003705687385566092,0.0,False
528,-2,-0.8476213729567542,0.0,False
528,-1,-0.5476213729567543,0.0,False
528,0,-0.24762137295675424,0.0,False
528,1,0.05237862704324575,0.0,False
529,-2,-0.24092872675485127,0.0,False
529,-1,0.059071273245148714,0.0,False
529,0,0.3590712732451487,0.0,False
529,1,0.6590712732451487,0.0,False
530,-2,-1.3981164236515058,0.0,False
530,-1,-0.5481164236515057,0.0,False
530,0,0.3018835763484943,0.0,False
530,1,1.1518835763484943,0.0,False
531,-2,-2.558549852691486,0.0,False
531,-1,-1.708549852691486,0.0,False
531,0,-0.8585498526914859,0.0,False
531,1,-0.008549852691485782,0.0,False
532,-2,-0.40897338118709337,0.0,False
532,-1,-0.1089733811870934,0.0,False
532,0,0.19102661881290658,0.0,False
532,1,0.49102661881290655,0.0,False
533,-2,-0.22472894686559486,0.0,False
533,-1,0.07527105313440513,0.0,False
533,0,0.3752710531344051,0.0,False
533,1,0.675271053134405,0.0,False
534,-2,-2.039507286630919,0.0,False
534,-1,-1.1895072866309189,0.0,False
534,0,-0.33950728663091895,0.0,False
534,1,0.5104927133690811,0.0,False
535,-2,-2.9991584834858163,0.0,False
535,-1,-2.1491584834858166,0.0,False
535,0,-1.2991584834858163,0.0,False
535,1,-0.4491584834858162,0.0,False
536,-2,0.7312766107107415,0.0,False
536,-1,1.0312766107107414,0.0,False
536,0,1.3312766107107414,0.0,False
536,1,1.6312766107107415,0.0,False
537,-2,-0.5670957663381364,0.0,False
537,-1,-0.2670957663381364,0.0,False
537,0,0.032904233661863576,0.0,False
537,1,0.33290423366186356,0.0,False
538,-2,-3.124304321123992,0.0,False
538,-1,-2.274304321123992,0.0,False
538,0,-1.4243043211239919,0.0,False
538,1,-0.5743043211239918,0.0,False
539,-2,-1.270144786443467,0.0,False
539,-1,-0.42014478644346687,0.0,False
539,0,0.42985521355653317,0.0,False
539,1,1.2798552135565333,0.0,False
540,-2,-1.271970489301844,0.0,False
540,-1,-0.42197048930184405,0.0,False
540,0,0.428029510698156,0.0,False
540,1,1.278029510698156,0.0,False
541,-2,-0.7903434950176453,0.0,False
541,-1,-0.4903434950176453,0.0,False
541,0,-0.19034349501764533,0.0,False
541,1,0.10965650498235466,0.0,False
542,-2,-0.5446743248359086,0.0,False
542,-1,0.30532567516409137,0.0,False
542,0,1.1553256751640915,0.0,False
542,1,2.0053256751640918,0.0,False
543,-2,-1.0513155842153028,0.0,False
543,-1,-0.7513155842153028,0.0,False
543,0,-0.45131558421530277,0.0,False
543,1,-0.15131558421530278,0.0,False
544,-2,0.39317322757054785,0.0,False
544,-1,0.6931732275705478,0.0,False
544,0,0.9931732275705478,0.0,False
544,1,1.2931732275705479,0.0,False
545,-2,-1.528740855858016,0.0,False
545,-1,-1.2287408558580162,0.0,False
545,0,-0.9287408558580161,0.0,False
545,1,-0.6287408558580161,0.0,False
546,-2,-2.5552770858877696,0.0,False
546,-1,-1.7052770858877697,0.0,False
546,0,-0.8552770858877696,0.0,False
546,1,-0.005277085887769539,0.0,False
547,-2,-2.798059329214152,0.0,False
547,-1,-2.4980593292141515,0.0,False
547,0,-2.1980593292141517,0.0,False
547,1,-1.8980593292141517,0.0,False
548,-2,0.6540006516820562,0.0,False
548,-1,1.5040006516820565,0.0,False
548,0,2.3540006516820564,0.0,False
548,1,3.2040006516820565,0.0,False
549,-2,-0.734294971166905,0.0,False
549,-1,-0.43429497116690496,0.0,False
549,0,-0.134294971166905,0.0,False
549,1,0.16570502883309499,0.0,False
550,-2,-1.8110945618947514,0.0,False
550,-1,-0.9610945618947513,0.0,False
550,0,-0.11109456189475124,0.0,False
550,1,0.7389054381052488,0.0,False
551,-2,-2.1104333275113634,0.0,False
551,-1,-1.2604333275113633,0.0,False
551,0,-0.4104333275113633,0.0,False
551,1,0.43956667248863673,0.0,False
552,-2,-2.0480390085455964,0.0,False
552,-1,-1.1980390085455963,0.0,False
552,0,-0.3480390085455964,0.0,False
552,1,0.5019609914544036,0.0,False
553,-2,-2.2713864696384776,0.0,False
553,-1,-1.4213864696384775,0.0,False
553,0,-0.5713864696384775,0.0,False
553,1,0.27861353036152253,0.0,False
554,-2,-0.6136074644493282,0.0,False
554,-1,0.23639253555067175,0.0,False
554,0,1.0863925355506718,0.0,False
554,1,1.936392535550672,0.0,False
555,-2,-0.21832841029368316,0.0,False
555,-1,0.08167158970631683,0.0,False
555,0,0.3816715897063168,0.0,False
555,1,0.6816715897063168,0.0,False
556,-2,-2.3204160142617374,0.0,False
556,-1,-2.020416014261737,0.0,False
556,0,-1.7204160142617373,0.0,False
556,1,-1.4204160142617372,0.0,False
557,-2,-1.2769009142418737,0.0,False
557,-1,-0.9769009142418736,0.0,False
557,0,-0.6769009142418736,0.0,False
557,1,-0.3769009142418736,0.0,False
558,-2,-0.3446546681837598,0.0,False
558,-1,0.5053453318162402,0.0,False
558,0,1.3553453318162403,0.0,False
558,1,2.2053453318162406,0.0,False
559,-2,0.8808338640988588,0.0,False
559,-1,1.1808338640988587,0.0,False
559,0,1.4808338640988588,0.0,False
559,1,1.7808338640988588,0.0,False
560,-2,1.061673087885938,0.0,False
560,-1,1.361673087885938,0.0,False
560,0,1.661673087885938,0.0,False
560,1,1.961673087885938,0.0,False
561,-2,-1.2976542914648346,0.0,False
561,-1,-0.9976542914648348,0.0,False
561,0,-0.6976542914648347,0.0,False
561,1,-0.3976542914648347,0.0,False
562,-2,-0.6789585759803586,0.0,False
562,-1,0.1710414240196414,0.0,False
562,0,1.0210414240196415,0.0,False
562,1,1.8710414240196416,0.0,False
563,-2,1.4075838650368508,0.0,False
563,-1,1.707583865036851,0.0,False
563,0,2.007583865036851,0.0,False
563,1,2.3075838650368508,0.0,False
564,-2,-1.3739705194954814,0.0,False
564,-1,-0.5239705194954815,0.0,False
564,0,0.3260294805045186,0.0,False
564,1,1.1760294805045186,0.0,False
565,-2,0.44734531831808855,0.0,False
565,-1,0.7473453183180885,0.0,False
565,0,1.0473453183180885,0.0,False
565,1,1.3473453183180886,0.0,False
566,-2,-1.2408698859084177,0.0,False
566,-1,-0.9408698859084179,0.0,False
566,0,-0.6408698859084179,0.0,False
566,1,-0.3408698859084179,0.0,False
567,-2,-2.8649008868453736,0.0,False
567,-1,-2.5649008868453733,0.0,False
567,0,-2.2649008868453735,0.0,False
567,1,-1.9649008868453735,0.0,False
568,-2,-0.34275616745321597,0.0,False
568,-1,-0.042756167453215976,0.0,False
568,0,0.257243832546784,0.0,False
568,1,0.557243832546784,0.0,False
569,-2,-0.2042683304049876,0.0,False
569,-1,0.09573166959501239,0.0,False
569,0,0.3957316695950124,0.0,False
569,1,0.6957316695950124,0.0,False
570,-2,-1.6012669227611438,0.0,False
570,-1,-0.7512669227611437,0.0,False
570,0,0.09873307723885635,0.0,False
570,1,0.9487330772388564,0.0,False
571,-2,0.2272485815952725,0.0,False
571,-1,0.5272485815952725,0.0,False
571,0,0.8272485815952725,0.0,False
571,1,1.1272485815952724,0.0,False
572,-2,-2.228962327923357,0.0,False
572,-1,-1.378962327923357,0.0,False
572,0,-0.528962327923357,0.0,False
572,1,0.3210376720766431,0.0,False
573,-2,-0.09986441806672541,0.0,False
573,-1,0.20013558193327458,0.0,False
573,0,0.5001355819332746,0.0,False
573,1,0.8001355819332745,0.0,False
574,-2,-1.064305462338717,0.0,False
574,-1,-0.7643054623387169,0.0,False
574,0,-0.46430546233871695,0.0,False
574,1,-0.16430546233871696,0.0,False
575,-2,-1.1463848987190293,0.0,False
575,-1,-0.29638489871902934,0.0,False
575,0,0.5536151012809707,0.0,False
575,1,1.4036151012809708,0.0,False
576,-2,1.4683952356649206,0.0,False
576,-1,1.7683952356649206,0.0,False
576,0,2.0683952356649207,0.0,False
576,1,2.3683952356649205,0.0,False
577,-2,-2.9042186798309735,0.0,False
577,-1,-2.604218679830973,0.0,False
577,0,-2.3042186798309734,0.0,False
577,1,-2.0042186798309736,0.0,False
578,-2,-0.34358374677215453,0.0,False
578,-1,-0.04358374677215454,0.0,False
578,0,0.25641625322784545,0.0,False
578,1,0.5564162532278454,0.0,False
579,-2,-1.3329740360492868,0.0,False
579,-1,-1.0329740360492867,0.0,False
579,0,-0.7329740360492867,0.0,False
579,1,-0.4329740360492867,0.0,False
580,-2,-2.1704785229415147,0.0,False
580,-1,-1.3204785229415146,0.0,False
580,0,-0.47047852294151465,0.0,False
580,1,0.3795214770584854,0.0,False
581,-2,0.2353799444889293,0.0,False
581,-1,1.0853799444889294,0.0,False
581,0,1.9353799444889295,0.0,False
581,1,2.7853799444889296,0.0,False
582,-2,-3.4827497437447503,0.0,False
582,-1,-2.63274974374475,0.0,False
582,0,-1.7827497437447501,0.0,False
582,1,-0.9327497437447501,0.0,False
583,-2,-1.8511097657418207,0.0,False
583,-1,-1.5511097657418207,0.0,False
583,0,-1.2511097657418206,0.0,False
583,1,-0.9511097657418206,0.0,False
584,-2,-3.332155151284778,0.0,False
584,-1,-2.482155151284778,0.0,False
584,0,-1.6321551512847778,0.0,False
584,1,-0.7821551512847777,0.0,False
585,-2,-1.4566399716725855,0.0,False
585,-1,-1.1566399716725857,0.0,False
585,0,-0.8566399716725857,0.0,False
585,1,-0.5566399716725856,0.0,False
586,-2,-1.4946005049275706,0.0,False
586,-1,-0.6446005049275707,0.0,False
586,0,0.20539949507242938,0.0,False
586,1,1.0553994950724295,0.0,False
587,-2,-1.3990849286467164,0.0,False
587,-1,-0.5490849286467164,0.0,False
587,0,0.3009150713532836,0.0,False
587,1,1.1509150713532836,0.0,False
588,-2,-0.5816606829487863,0.0,False
588,-1,-0.28166068294878627,0.0,False
588,0,0.018339317051213735,0.0,False
588,1,0.3183393170512137,0.0,False
589,-2,-1.4531134148132387,0.0,False
589,-1,-0.6031134148132387,0.0,False
589,0,0.24688658518676132,0.0,False
589,1,1.0968865851867613,0.0,False
590,-2,0.76444579941129,0.0,False
590,-1,1.06444579941129,0.0,False
590,0,1.36444579941129,0.0,False
590,1,1.66444579941129,0.0,False
591,-2,-1.8960214122305328,0.0,False
591,-1,-1.0460214122305327,0.0,False
591,0,-0.19602141223053265,0.0,False
591,1,0.6539785877694674,0.0,False
592,-2,-0.5149629010305072,0.0,False
592,-1,-0.21496290103050725,0.0,False
592,0,0.08503709896949276,0.0,False
592,1,0.38503709896949273,0.0,False
593,-2,0.3057818097675389,0.0,False
593,-1,1.155781809767539,0.0,False
593,0,2.005781809767539,0.0,False
593,1,2.8557818097675387,0.0,False
594,-2,-2.5045337535972956,0.0,False
594,-1,-1.6545337535972957,0.0,False
594,0,-0.8045337535972956,0.0,False
594,1,0.04546624640270447,0.0,False
595,-2,-1.2034628675853642,0.0,False
595,-1,-0.9034628675853642,0.0,False
595,0,-0.6034628675853643,0.0,False
595,1,-0.3034628675853643,0.0,False
596,-2,-0.9910555558670565,0.0,False
596,-1,-0.14105555586705648,0.0,False
596,0,0.7089444441329436,0.0,False
596,1,1.5589444441329436,0.0,False
597,-2,-1.0457915268042348,0.0,False
597,-1,-0.1957915268042349,0.0,False
597,0,0.6542084731957651,0.0,False
597,1,1.5042084731957652,0.0,False
598,-2,-2.4336782197157163,0.0,False
598,-1,-2.133678219715716,0.0,False
598,0,-1.8336782197157162,0.0,False
598,1,-1.5336782197157162,0.0,False
599,-2,-2.1178509595130053,0.0,False
599,-1,-1.8178509595130055,0.0,False
599,0,-1.5178509595130054,0.0,False
599,1,-1.2178509595130054,0.0,False
600,-2,-0.11716883364384978,0.0,False
600,-1,0.7328311663561502,0.0,False
600,0,1.5828311663561503,0.0,False
600,1,2.4328311663561504,0.0,False
601,-2,-1.811644113119578,0.0,False
601,-1,-1.511644113119578,0.0,False
601,0,-1.2116441131195779,0.0,False
601,1,-0.9116441131195778,0.0,False
602,-2,-1.7263200529094314,0.0,False
602,-1,-0.8763200529094312,0.0,False
602,0,-0.02632005290943115,0.0,False
602,1,0.8236799470905689,0.0,False
603,-2,-0.9692201419274696,0.0,False
603,-1,-0.1192201419274696,0.0,False
603,0,0.7307798580725304,0.0,False
603,1,1.5807798580725305,0.0,False
604,-2,-2.415395052493421,0.0,False
604,-1,-1.5653950524934208,0.0,False
604,0,-0.7153950524934207,0.0,False
604,1,0.1346049475065793,0.0,False
605,-2,-0.39876166177390443,0.0,False
605,-1,-0.09876166177390444,0.0,False
605,0,0.20123833822609555,0.0,False
605,1,0.5012383382260955,0.0,False
606,-2,-0.2919843809994994,0.0,False
606,-1,0.008015619000500573,0.0,False
606,0,0.30801561900050056,0.0,False
606,1,0.6080156190005006,0.0,False
607,-2,-2.777131043280684,0.0,False
607,-1,-1.927131043280684,0.0,False
607,0,-1.077131043280684,0.0,False
607,1,-0.2271310432806839,0.0,False
608,-2,-0.8977839418458137,0.0,False
608,-1,-0.5977839418458137,0.0,False
608,0,-0.2977839418458137,0.0,False
608,1,0.0022160581541862956,0.0,False
609,-2,-1.0073428685459196,0.0,False
609,-1,-0.15734286854591956,0.0,False
609,0,0.6926571314540805,0.0,False
609,1,1.5426571314540805,0.0,False
610,-2,-2.075975440420344,0.0,False
610,-1,-1.775975440420344,0.0,False
610,0,-1.475975440420344,0.0,False
610,1,-1.175975440420344,0.0,False
611,-2,0.4085262545151708,0.0,False
611,-1,0.7085262545151707,0.0,False
611,0,1.0085262545151708,0.0,False
611,1,1.3085262545151708,0.0,False
612,-2,0.8180040479550107,0.0,False
612,-1,1.1180040479550106,0.0,False
612,0,1.4180040479550107,0.0,False
612,1,1.7180040479550107,0.0,False
613,-2,1.548531019389345,0.0,False
613,-1,1.848531019389345,0.0,False
613,0,2.148531019389345,0.0,False
613,1,2.448531019389345,0.0,False
614,-2,-1.5097420044675989,0.0,False
614,-1,-0.659742004467599,0.0,False
614,0,0.19025799553240108,0.0,False
614,1,1.0402579955324012,0.0,False
615,-2,-1.3848341290732682,0.0,False
615,-1,-0.5348341290732682,0.0,False
615,0,0.3151658709267318,0.0,False
615,1,1.1651658709267319,0.0,False
616,-2,-1.893970278566558,0.0,False
616,-1,-1.0439702785665579,0.0,False
616,0,-0.1939702785665579,0.0,False
616,1,0.6560297214334421,0.0,False
617,-2,-0.853524425249599,0.0,False
617,-1,-0.5535244252495991,0.0,False
617,0,-0.2535244252495991,0.0,False
617,1,0.04647557475040087,0.0,False
618,-2,-1.3736798486034567,0.0,False
618,-1,-0.5236798486034566,0.0,False
618,0,0.3263201513965434,0.0,False
618,1,1.1763201513965433,0.0,False
619,-2,0.1141349266544387,0.0,False
619,-1,0.4141349266544387,0.0,False
619,0,0.7141349266544387,0.0,False
619,1,1.0141349266544386,0.0,False
620,-2,0.20603162530449837,0.0,False
620,-1,0.5060316253044983,0.0,False
620,0,0.8060316253044983,0.0,False
620,1,1.1060316253044984,0.0,False
621,-2,-1.3503736050680974,0.0,False
621,-1,-1.0503736050680974,0.0,False
621,0,-0.7503736050680975,0.0,False
621,1,-0.4503736050680975,0.0,False
622,-2,-0.049226285965673355,0.0,False
622,-1,0.25077371403432663,0.0,False
622,0,0.5507737140343266,0.0,False
622,1,0.8507737140343266,0.0,False
623,-2,0.759534245352019,0.0,False
623,-1,1.059534245352019,0.0,False
623,0,1.359534245352019,0.0,False
623,1,1.659534245352019,0.0,False
624,-2,-2.279701374600613,0.0,False
624,-1,-1.4297013746006126,0.0,False
624,0,-0.5797013746006127,0.0,False
624,1,0.27029862539938737,0.0,False
625,-2,-0.23708256457352783,0.0,False
625,-1,0.06291743542647216,0.0,False
625,0,0.36291743542647215,0.0,False
625,1,0.6629174354264722,0.0,False
626,-2,-1.7851926131983018,0.0,False
626,-1,-0.9351926131983017,0.0,False
626,0,-0.0851926131983017,0.0,False
626,1,0.7648073868016984,0.0,False
627,-2,-2.226096167186618,0.0,False
627,-1,-1.3760961671866179,0.0,False
627,0,-0.5260961671866179,0.0,False
627,1,0.32390383281338214,0.0,False
628,-2,-1.4961940386812116,0.0,False
628,-1,-0.6461940386812114,0.0,False
628,0,0.20380596131878861,0.0,False
628,1,1.0538059613187887,0.0,False
629,-2,1.011665862429823,0.0,False
629,-1,1.311665862429823,0.0,False
629,0,1.611665862429823,0.0,False
629,1,1.911665862429823,0.0,False
630,-2,-0.612886996354512,0.0,False
630,-1,-0.31288699635451206,0.0,False
630,0,-0.01288699635451209,0.0,False
630,1,0.2871130036454879,0.0,False
631,-2,-0.4786329455087074,0.0,False
631,-1,0.3713670544912926,0.0,False
631,0,1.2213670544912927,0.0,False
631,1,2.0713670544912928,0.0,False
632,-2,-2.6625353889379824,0.0,False
632,-1,-1.8125353889379825,0.0,False
632,0,-0.9625353889379825,0.0,False
632,1,-0.11253538893798254,0.0,False
633,-2,-1.9303409581678739,0.0,False
633,-1,-1.0803409581678738,0.0,False
633,0,-0.23034095816787375,0.0,False
633,1,0.6196590418321263,0.0,False
634,-2,-2.408182193462569,0.0,False
634,-1,-1.5581821934625693,0.0,False
634,0,-0.7081821934625692,0.0,False
634,1,0.14181780653743087,0.0,False
635,-2,-1.7276778685681964,0.0,False
635,-1,-1.4276778685681963,0.0,False
635,0,-1.1276778685681963,0.0,False
635,1,-0.8276778685681963,0.0,False
636,-2,1.425512558814579,0.0,False
636,-1,1.725512558814579,0.0,False
636,0,2.025512558814579,0.0,False
636,1,2.325512558814579,0.0,False
637,-2,-2.7959183048303244,0.0,False
637,-1,-1.9459183048303246,0.0,False
637,0,-1.0959183048303245,0.0,False
637,1,-0.2459183048303244,0.0,False
638,-2,-0.1647633578714669,0.0,False
638,-1,0.1352366421285331,0.0,False
638,0,0.4352366421285331,0.0,False
638,1,0.735236642128533,0.0,False
639,-2,-2.148853911416043,0.0,False
639,-1,-1.298853911416043,0.0,False
639,0,-0.44885391141604275,0.0,False
639,1,0.4011460885839573,0.0,False
640,-2,-0.7262254887657879,0.0,False
640,-1,0.12377451123421213,0.0,False
640,0,0.9737745112342122,0.0,False
640,1,1.8237745112342123,0.0,False
641,-2,-1.8755452533422121,0.0,False
641,-1,-1.025545253342212,0.0,False
641,0,-0.17554525334221202,0.0,False
641,1,0.674454746657788,0.0,False
642,-2,-0.2827358156603389,0.0,False
642,-1,0.5672641843396611,0.0,False
642,0,1.4172641843396612,0.0,False
642,1,2.2672641843396613,0.0,False
643,-2,-0.9683942982147085,0.0,False
643,-1,-0.6683942982147084,0.0,False
643,0,-0.3683942982147085,0.0,False
643,1,-0.0683942982147085,0.0,False
644,-2,-1.9019435026538154,0.0,False
644,-1,-1.0519435026538153,0.0,False
644,0,-0.20194350265381528,0.0,False
644,1,0.6480564973461848,0.0,False
645,-2,-1.2158530727000265,0.0,False
645,-1,-0.9158530727000265,0.0,False
645,0,-0.6158530727000264,0.0,False
645,1,-0.31585307270002644,0.0,False
646,-2,-2.0911630861770467,0.0,False
646,-1,-1.7911630861770467,0.0,False
646,0,-1.4911630861770466,0.0,False
646,1,-1.1911630861770466,0.0,False
647,-2,-1.9060271643989326,0.0,False
647,-1,-1.0560271643989325,0.0,False
647,0,-0.20602716439893243,0.0,False
647,1,0.6439728356010677,0.0,False
648,-2,-1.1158137218136668,0.0,False
648,-1,-0.8158137218136667,0.0,False
648,0,-0.5158137218136668,0.0,False
648,1,-0.21581372181366681,0.0,False
649,-2,-0.6661212763798914,0.0,False
649,-1,-0.36612127637989134,0.0,False
649,0,-0.06612127637989136,0.0,False
649,1,0.23387872362010864,0.0,False
650,-2,-1.4275795049401945,0.0,False
650,-1,-0.5775795049401945,0.0,False
650,0,0.27242049505980553,0.0,False
650,1,1.1224204950598056,0.0,False
651,-2,-1.6937664833001995,0.0,False
651,-1,-0.8437664833001994,0.0,False
651,0,0.006233516699800617,0.0,False
651,1,0.8562335166998006,0.0,False
652,-2,-0.49039121221221116,0.0,False
652,-1,-0.19039121221221117,0.0,False
652,0,0.10960878778778882,0.0,False
652,1,0.4096087877877888,0.0,False
653,-2,-1.6816214447525977,0.0,False
653,-1,-1.3816214447525978,0.0,False
653,0,-1.0816214447525978,0.0,False
653,1,-0.7816214447525978,0.0,False
654,-2,-2.119014336398375,0.0,False
654,-1,-1.2690143363983748,0.0,False
654,0,-0.41901433639837465,0.0,False
654,1,0.4309856636016254,0.0,False
655,-2,-0.36707173268841975,0.0,False
655,-1,-0.06707173268841973,0.0,False
655,0,0.23292826731158026,0.0,False
655,1,0.5329282673115803,0.0,False
656,-2,-0.2312290121211193,0.0,False
656,-1,0.0687709878788807,0.0,False
656,0,0.3687709878788807,0.0,False
656,1,0.6687709878788807,0.0,False
657,-2,-1.9822770705857269,0.0,False
657,-1,-1.6822770705857268,0.0,False
657,0,-1.3822770705857268,0.0,False
657,1,-1.0822770705857268,0.0,False
658,-2,-2.4801583057865364,0.0,False
658,-1,-1.6301583057865365,0.0,False
658,0,-0.7801583057865364,0.0,False
658,1,0.06984169421346359,0.0,False
659,-2,-0.6561110022194819,0.0,False
659,-1,-0.35611100221948194,0.0,False
659,0,-0.05611100221948195,0.0,False
659,1,0.24388899778051804,0.0,False
660,-2,-0.7311823029896473,0.0,False
660,-1,0.11881769701035272,0.0,False
660,0,0.9688176970103528,0.0,False
660,1,1.818817697010353,0.0,False
661,-2,0.4368480388756827,0.0,False
661,-1,0.7368480388756826,0.0,False
661,0,1.0368480388756827,0.0,False
661,1,1.3368480388756827,0.0,False
662,-2,-2.6402904264534395,0.0,False
662,-1,-1.7902904264534396,0.0,False
662,0,-0.9402904264534395,0.0,False
662,1,-0.09029042645343943,0.0,False
663,-2,-0.594118581536767,0.0,False
663,-1,-0.29411858153676707,0.0,False
663,0,0.005881418463232926,0.0,False
663,1,0.3058814184632329,0.0,False
664,-2,-2.1069881049206605,0.0,False
664,-1,-1.2569881049206606,0.0,False
664,0,-0.4069881049206605,0.0,False
664,1,0.4430118950793395,0.0,False
665,-2,-3.004381554622327,0.0,False
665,-1,-2.1543815546223275,0.0,False
665,0,-1.3043815546223272,0.0,False
665,1,-0.4543815546223271,0.0,False
666,-2,0.16215046166369884,0.0,False
666,-1,0.46215046166369883,0.0,False
666,0,0.7621504616636988,0.0,False
666,1,1.0621504616636988,0.0,False
667,-2,-1.4296847893737905,0.0,False
667,-1,-1.1296847893737905,0.0,False
667,0,-0.8296847893737905,0.0,False
667,1,-0.5296847893737906,0.0,False
668,-2,-0.6431546372193991,0.0,False
668,-1,-0.3431546372193992,0.0,False
668,0,-0.043154637219399196,0.0,False
668,1,0.25684536278060077,0.0,False
669,-2,-1.6358239832693657,0.0,False
669,-1,-0.7858239832693656,0.0,False
669,0,0.06417601673063437,0.0,False
669,1,0.9141760167306344,0.0,False
670,-2,-2.5826453501360542,0.0,False
670,-1,-1.7326453501360541,0.0,False
670,0,-0.8826453501360542,0.0,False
670,1,-0.032645350136054185,0.0,False
671,-2,-1.0234545495845508,0.0,False
671,-1,-0.7234545495845509,0.0,False
671,0,-0.4234545495845509,0.0,False
671,1,-0.12345454958455093,0.0,False
672,-2,-0.34158775333975705,0.0,False
672,-1,-0.04158775333975706,0.0,False
672,0,0.25841224666024293,0.0,False
672,1,0.5584122466602429,0.0,False
673,-2,0.5305698631779564,0.0,False
673,-1,0.8305698631779563,0.0,False
673,0,1.1305698631779564,0.0,False
673,1,1.4305698631779564,0.0,False
674,-2,-2.141483343237331,0.0,False
674,-1,-1.291483343237331,0.0,False
674,0,-0.44148334323733096,0.0,False
674,1,0.4085166567626691,0.0,False
675,-2,-0.17657994084351847,0.0,False
675,-1,0.12342005915648152,0.0,False
675,0,0.4234200591564815,0.0,False
675,1,0.7234200591564814,0.0,False
676,-2,-0.6470750985063358,0.0,False
676,-1,-0.3470750985063358,0.0,False
676,0,-0.047075098506335816,0.0,False
676,1,0.2529249014936642,0.0,False
677,-2,-2.420510355672368,0.0,False
677,-1,-1.570510355672368,0.0,False
677,0,-0.720510355672368,0.0,False
677,1,0.12948964432763205,0.0,False
678,-2,-2.3497503395830788,0.0,False
678,-1,-1.4997503395830787,0.0,False
678,0,-0.6497503395830787,0.0,False
678,1,0.20024966041692133,0.0,False
679,-2,0.5068976767328214,0.0,False
679,-1,0.8068976767328213,0.0,False
679,0,1.1068976767328214,0.0,False
679,1,1.4068976767328214,0.0,False
680,-2,0.8167799396267482,0.0,False
680,-1,1.1167799396267482,0.0,False
680,0,1.4167799396267482,0.0,False
680,1,1.7167799396267482,0.0,False
681,-2,-2.1340564212914463,0.0,False
681,-1,-1.2840564212914463,0.0,False
681,0,-0.4340564212914463,0.0,False
681,1,0.41594357870855375,0.0,False
682,-2,-0.8231651876568792,0.0,False
682,-1,0.026834812343120795,0.0,False
682,0,0.8768348123431209,0.0,False
682,1,1.726834812343121,0.0,False
683,-2,-1.0188894233524546,0.0,False
683,-1,-0.7188894233524546,0.0,False
683,0,-0.41888942335245466,0.0,False
683,1,-0.11888942335245467,0.0,False
684,-2,-2.09126028497339,0.0,False
684,-1,-1.7912602849733898,0.0,False
684,0,-1.4912602849733898,0.0,False
684,1,-1.1912602849733898,0.0,False
685,-2,-1.0414057526756666,0.0,False
685,-1,-0.19140575267566656,0.0,False
685,0,0.6585942473243335,0.0,False
685,1,1.5085942473243334,0.0,False
686,-2,-0.689951486489516,0.0,False
686,-1,-0.38995148648951594,0.0,False
686,0,-0.08995148648951598,0.0,False
686,1,0.210048513510484,0.0,False
687,-2,-1.896282699002978,0.0,False
687,-1,-1.596282699002978,0.0,False
687,0,-1.2962826990029779,0.0,False
687,1,-0.9962826990029778,0.0,False
688,-2,-3.1162312753963017,0.0,False
688,-1,-2.2662312753963016,0.0,False
688,0,-1.4162312753963018,0.0,False
688,1,-0.5662312753963017,0.0,False
689,-2,-1.032294907087327,0.0,False
689,-1,-0.732294907087327,0.0,False
689,0,-0.4322949070873271,0.0,False
689,1,-0.1322949070873271,0.0,False
690,-2,-2.0563716924254156,0.0,False
690,-1,-1.2063716924254155,0.0,False
690,0,-0.3563716924254155,0.0,False
690,1,0.49362830757458454,0.0,False
691,-2,-1.6071559932028285,0.0,False
691,-1,-1.3071559932028285,0.0,False
691,0,-1.0071559932028284,0.0,False
691,1,-0.7071559932028284,0.0,False
692,-2,-3.1641995668650638,0.0,False
692,-1,-2.3141995668650637,0.0,False
692,0,-1.4641995668650636,0.0,False
692,1,-0.6141995668650635,0.0,False
693,-2,-1.1209129142652263,0.0,False
693,-1,-0.2709129142652263,0.0,False
693,0,0.5790870857347737,0.0,False
693,1,1.4290870857347737,0.0,False
694,-2,-0.8538398947202402,0.0,False
694,-1,-0.5538398947202403,0.0,False
694,0,-0.25383989472024027,0.0,False
694,1,0.04616010527975972,0.0,False
695,-2,-2.3876938716538874,0.0,False
695,-1,-1.5376938716538875,0.0,False
695,0,-0.6876938716538874,0.0,False
695,1,0.16230612834611263,0.0,False
696,-2,-1.5227233246961853,0.0,False
696,-1,-1.2227233246961853,0.0,False
696,0,-0.9227233246961853,0.0,False
696,1,-0.6227233246961854,0.0,False
697,-2,-0.8550492274118975,0.0,False
697,-1,-0.5550492274118974,0.0,False
697,0,-0.2550492274118975,0.0,False
697,1,0.04495077258810248,0.0,False
698,-2,-1.3277204811319538,0.0,False
698,-1,-1.0277204811319538,0.0,False
698,0,-0.7277204811319539,0.0,False
698,1,-0.4277204811319539,0.0,False
699,-2,0.17919957159106337,0.0,False
699,-1,0.47919957159106336,0.0,False
699,0,0.7791995715910633,0.0,False
699,1,1.0791995715910634,0.0,False
700,-2,-1.94851361372685,0.0,False
700,-1,-1.6485136137268501,0.0,False
700,0,-1.34851361372685,0.0,False
700,1,-1.04851361372685,0.0,False
701,-2,-2.9410835772479285,0.0,False
701,-1,-2.091083577247929,0.0,False
701,0,-1.2410835772479285,0.0,False
701,1,-0.3910835772479284,0.0,False
702,-2,-1.8029136044542868,0.0,False
702,-1,-0.952913604454287,0.0,False
702,0,-0.10291360445428686,0.0,False
702,1,0.7470863955457132,0.0,False
703,-2,-1.6611241601017588,0.0,False
703,-1,-0.8111241601017587,0.0,False
703,0,0.03887583989824133,0.0,False
703,1,0.8888758398982414,0.0,False
704,-2,1.8113047537387827,0.0,False
704,-1,2.111304753738783,0.0,False
704,0,2.411304753738783,0.0,False
704,1,2.7113047537387827,0.0,False
705,-2,-0.44411809997604534,0.0,False
705,-1,0.40588190002395463,0.0,False
705,0,1.2558819000239547,0.0,False
705,1,2.105881900023955,0.0,False
706,-2,-0.7688109471348812,0.0,False
706,-1,0.0811890528651189,0.0,False
706,0,0.9311890528651189,0.0,False
706,1,1.7811890528651189,0.0,False
707,-2,-1.098248903858489,0.0,False
707,-1,-0.7982489038584891,0.0,False
707,0,-0.49824890385848913,0.0,False
707,1,-0.19824890385848914,0.0,False
708,-2,-0.8266371423456259,0.0,False
708,-1,0.02336285765437407,0.0,False
708,0,0.8733628576543742,0.0,False
708,1,1.7233628576543742,0.0,False
709,-2,-2.9856887370539003,0.0,False
709,-1,-2.1356887370539006,0.0,False
709,0,-1.2856887370539003,0.0,False
709,1,-0.4356887370539002,0.0,False
710,-2,-0.43858251620715694,0.0,False
710,-1,0.41141748379284304,0.0,False
710,0,1.2614174837928431,0.0,False
710,1,2.1114174837928434,0.0,False
711,-2,0.22429894322225308,0.0,False
711,-1,0.5242989432222531,0.0,False
711,0,0.824298943222253,0.0,False
711,1,1.124298943222253,0.0,False
712,-2,-1.0033531095069432,0.0,False
712,-1,-0.7033531095069434,0.0,False
712,0,-0.40335310950694336,0.0,False
712,1,-0.10335310950694337,0.0,False
713,-2,-0.38187019829457836,0.0,False
713,-1,-0.08187019829457834,0.0,False
713,0,0.21812980170542165,0.0,False
713,1,0.5181298017054217,0.0,False
714,-2,-1.316328451407233,0.0,False
714,-1,-1.016328451407233,0.0,False
714,0,-0.7163284514072331,0.0,False
714,1,-0.4163284514072331,0.0,False
715,-2,-0.8867770367340831,0.0,False
715,-1,-0.5867770367340832,0.0,False
715,0,-0.28677703673408317,0.0,False
715,1,0.01322296326591682,0.0,False
716,-2,-2.4366730190431127,0.0,False
716,-1,-1.5866730190431129,0.0,False
716,0,-0.7366730190431129,0.0,False
716,1,0.11332698095688715,0.0,False
717,-2,-3.8644700869667554,0.0,False
717,-1,-3.014470086966755,0.0,False
717,0,-2.1644700869667552,0.0,False
717,1,-1.3144700869667552,0.0,False
718,-2,-1.4014954120727534,0.0,False
718,-1,-0.5514954120727533,0.0,False
718,0,0.29850458792724666,0.0,False
718,1,1.1485045879272466,0.0,False
719,-2,-2.0906675025744286,0.0,False
719,-1,-1.7906675025744285,0.0,False
719,0,-1.4906675025744285,0.0,False
719,1,-1.1906675025744284,0.0,False
720,-2,-2.184703591475391,0.0,False
720,-1,-1.334703591475391,0.0,False
720,0,-0.48470359147539105,0.0,False
720,1,0.365296408524609,0.0,False
721,-2,-1.7272240874262295,0.0,False
721,-1,-0.8772240874262293,0.0,False
721,0,-0.02722408742622924,0.0,False
721,1,0.8227759125737708,0.0,False
722,-2,-0.31870965184099387,0.0,False
722,-1,0.5312903481590061,0.0,False
722,0,1.3812903481590062,0.0,False
722,1,2.231290348159006,0.0,False
723,-2,-0.6305376153365722,0.0,False
723,-1,-0.33053761533657217,0.0,False
723,0,-0.030537615336572153,0.0,False
723,1,0.2694623846634278,0.0,False
724,-2,-2.378772154526196,0.0,False
724,-1,-1.528772154526196,0.0,False
724,0,-0.678772154526196,0.0,False
724,1,0.17122784547380404,0.0,False
725,-2,-1.9038006688166313,0.0,False
725,-1,-1.6038006688166313,0.0,False
725,0,-1.3038006688166313,0.0,False
725,1,-1.0038006688166312,0.0,False
726,-2,0.07750585767134044,0.0,False
726,-1,0.37750585767134043,0.0,False
726,0,0.6775058576713404,0.0,False
726,1,0.9775058576713405,0.0,False
727,-2,0.040558069337180536,0.0,False
727,-1,0.3405580693371805,0.0,False
727,0,0.6405580693371805,0.0,False
727,1,0.9405580693371804,0.0,False
728,-2,-3.2105247386221216,0.0,False
728,-1,-2.3605247386221215,0.0,False
728,0,-1.5105247386221214,0.0,False
728,1,-0.6605247386221214,0.0,False
729,-2,-0.24326402284402004,0.0,False
729,-1,0.056735977155979944,0.0,False
729,0,0.35673597715597993,0.0,False
729,1,0.65673597715598,0.0,False
730,-2,-1.099238432915778,0.0,False
730,-1,-0.24923843291577802,0.0,False
730,0,0.600761567084222,0.0,False
730,1,1.450761567084222,0.0,False
731,-2,-1.1283117588224039,0.0,False
731,-1,-0.27831175882240383,0.0,False
731,0,0.5716882411775962,0.0,False
731,1,1.4216882411775962,0.0,False
732,-2,0.2357649919286754,0.0,False
732,-1,0.5357649919286753,0.0,False
732,0,0.8357649919286754,0.0,False
732,1,1.1357649919286754,0.0,False
733,-2,0.8719492556370604,0.0,False
733,-1,1.1719492556370603,0.0,False
733,0,1.4719492556370604,0.0,False
733,1,1.7719492556370604,0.0,False
734,-2,0.13314137226587186,0.0,False
734,-1,0.43314137226587185,0.0,False
734,0,0.7331413722658718,0.0,False
734,1,1.0331413722658718,0.0,False
735,-2,-0.7673530160295993,0.0,False
735,-1,0.08264698397040071,0.0,False
735,0,0.9326469839704008,0.0,False
735,1,1.782646983970401,0.0,False
736,-2,-0.24591392623257524,0.0,False
736,-1,0.05408607376742475,0.0,False
736,0,0.35408607376742474,0.0,False
736,1,0.6540860737674248,0.0,False
737,-2,-0.5165732547056033,0.0,False
737,-1,0.33342674529439664,0.0,False
737,0,1.1834267452943967,0.0,False
737,1,2.033426745294397,0.0,False
738,-2,-2.2664083000156756,0.0,False
738,-1,-1.4164083000156757,0.0,False
738,0,-0.5664083000156758,0.0,False
738,1,0.28359169998432426,0.0,False
739,-2,-1.7158933030476615,0.0,False
739,-1,-0.8658933030476615,0.0,False
739,0,-0.01589330304766154,0.0,False
739,1,0.8341066969523385,0.0,False
740,-2,0.4074741100474556,0.0,False
740,-1,0.7074741100474555,0.0,False
740,0,1.0074741100474556,0.0,False
740,1,1.3074741100474556,0.0,False
741,-2,-1.4320395574564972,0.0,False
741,-1,-0.5820395574564973,0.0,False
741,0,0.26796044254350276,0.0,False
741,1,1.1179604425435028,0.0,False
742,-2,-1.7224955696782969,0.0,False
742,-1,-1.4224955696782968,0.0,False
742,0,-1.1224955696782968,0.0,False
742,1,-0.8224955696782967,0.0,False
743,-2,-0.9182434737415189,0.0,False
743,-1,-0.0682434737415189,0.0,False
743,0,0.7817565262584811,0.0,False
743,1,1.6317565262584812,0.0,False
744,-2,-0.9063917114888665,0.0,False
744,-1,-0.6063917114888666,0.0,False
744,0,-0.30639171148886657,0.0,False
744,1,-0.0063917114888665805,0.0,False
745,-2,-0.4131950529393561,0.0,False
745,-1,-0.11319505293935614,0.0,False
745,0,0.18680494706064385,0.0,False
745,1,0.4868049470606438,0.0,False
746,-2,-2.2090117065096155,0.0,False
746,-1,-1.3590117065096152,0.0,False
746,0,-0.5090117065096152,0.0,False
746,1,0.3409882934903848,0.0,False
747,-2,-0.6848055715093709,0.0,False
747,-1,-0.3848055715093709,0.0,False
747,0,-0.08480557150937092,0.0,False
747,1,0.21519442849062909,0.0,False
748,-2,-0.49871171034093076,0.0,False
748,-1,0.3512882896590692,0.0,False
748,0,1.2012882896590693,0.0,False
748,1,2.0512882896590696,0.0,False
749,-2,-1.7954209839934543,0.0,False
749,-1,-1.4954209839934545,0.0,False
749,0,-1.1954209839934544,0.0,False
749,1,-0.8954209839934544,0.0,False
750,-2,-1.7957328138802344,0.0,False
750,-1,-0.9457328138802343,0.0,False
750,0,-0.09573281388023437,0.0,False
750,1,0.7542671861197656,0.0,False
751,-2,-2.2238085316797367,0.0,False
751,-1,-1.3738085316797368,0.0,False
751,0,-0.5238085316797367,0.0,False
751,1,0.3261914683202633,0.0,False
752,-2,-1.6811209462577283,0.0,False
752,-1,-0.8311209462577283,0.0,False
752,0,0.01887905374227175,0.0,False
752,1,0.8688790537422718,0.0,False
753,-2,-0.7105267930275604,0.0,False
753,-1,-0.41052679302756045,0.0,False
753,0,-0.11052679302756045,0.0,False
753,1,0.18947320697243952,0.0,False
754,-2,-3.530482481986427,0.0,False
754,-1,-2.6804824819864272,0.0,False
754,0,-1.830482481986427,0.0,False
754,1,-0.9804824819864268,0.0,False
755,-2,-0.2630666590791672,0.0,False
755,-1,0.03693334092083278,0.0,False
755,0,0.33693334092083277,0.0,False
755,1,0.6369333409208328,0.0,False
756,-2,-2.621471892846737,0.0,False
756,-1,-1.771471892846737,0.0,False
756,0,-0.921471892846737,0.0,False
756,1,-0.07147189284673705,0.0,False
757,-2,-0.24075679932443284,0.0,False
757,-1,0.059243200675567154,0.0,False
757,0,0.35924320067556714,0.0,False
757,1,0.6592432006755671,0.0,False
758,-2,-2.1440265343221343,0.0,False
758,-1,-1.2940265343221342,0.0,False
758,0,-0.4440265343221342,0.0,False
758,1,0.40597346567786585,0.0,False
759,-2,-2.3657484323575133,0.0,False
759,-1,-1.5157484323575134,0.0,False
759,0,-0.6657484323575135,0.0,False
759,1,0.18425156764248657,0.0,False
760,-2,0.18520235871948432,0.0,False
760,-1,0.4852023587194843,0.0,False
760,0,0.7852023587194843,0.0,False
760,1,1.0852023587194843,0.0,False
761,-2,-0.5624962494346931,0.0,False
761,-1,0.28750375056530686,0.0,False
761,0,1.137503750565307,0.0,False
761,1,1.987503750565307,0.0,False
762,-2,-0.5946601901579401,0.0,False
762,-1,0.25533980984205984,0.0,False
762,0,1.10533980984206,0.0,False
762,1,1.95533980984206,0.0,False
763,-2,-2.4016227681769413,0.0,False
763,-1,-2.101622768176941,0.0,False
763,0,-1.8016227681769412,0.0,False
763,1,-1.5016227681769412,0.0,False
764,-2,0.5923611542020765,0.0,False
764,-1,0.8923611542020764,0.0,False
764,0,1.1923611542020764,0.0,False
764,1,1.4923611542020765,0.0,False
765,-2,-1.5626347128836244,0.0,False
765,-1,-0.7126347128836243,0.0,False
765,0,0.13736528711637563,0.0,False
765,1,0.9873652871163756,0.0,False
766,-2,-0.3814353766123467,0.0,False
766,-1,0.46856462338765326,0.0,False
766,0,1.3185646233876533,0.0,False
766,1,2.1685646233876534,0.0,False
767,-2,-0.6966793322640504,0.0,False
767,-1,0.15332066773594955,0.0,False
767,0,1.0033206677359496,0.0,False
767,1,1.8533206677359497,0.0,False
768,-2,-0.48748221311490203,0.0,False
768,-1,0.36251778688509795,0.0,False
768,0,1.212517786885098,0.0,False
768,1,2.062517786885098,0.0,False
769,-2,-1.388964493884059,0.0,False
769,-1,-0.538964493884059,0.0,False
769,0,0.311035506115941,0.0,False
769,1,1.161035506115941,0.0,False
770,-2,-0.2435727599046732,0.0,False
770,-1,0.6064272400953268,0.0,False
770,0,1.4564272400953269,0.0,False
770,1,2.306427240095327,0.0,False
771,-2,0.08806854359206717,0.0,False
771,-1,0.9380685435920673,0.0,False
771,0,1.7880685435920673,0.0,False
771,1,2.638068543592067,0.0,False
772,-2,-0.10219924309651912,0.0,False
772,-1,0.19780075690348087,0.0,False
772,0,0.49780075690348086,0.0,False
772,1,0.7978007569034808,0.0,False
773,-2,-2.7377369139679204,0.0,False
773,-1,-1.8877369139679203,0.0,False
773,0,-1.0377369139679202,0.0,False
773,1,-0.18773691396792014,0.0,False
774,-2,-0.2499786564747175,0.0,False
774,-1,0.05002134352528248,0.0,False
774,0,0.35002134352528247,0.0,False
774,1,0.6500213435252824,0.0,False
775,-2,-2.5294483371817384,0.0,False
775,-1,-1.6794483371817384,0.0,False
775,0,-0.8294483371817384,0.0,False
775,1,0.020551662818261596,0.0,False
776,-2,-1.6368697277991302,0.0,False
776,-1,-0.7868697277991302,0.0,False
776,0,0.06313027220086984,0.0,False
776,1,0.9131302722008698,0.0,False
777,-2,-0.6886506249426079,0.0,False
777,-1,-0.38865062494260794,0.0,False
777,0,-0.08865062494260795,0.0,False
777,1,0.21134937505739204,0.0,False
778,-2,-2.168895017116658,0.0,False
778,-1,-1.318895017116658,0.0,False
778,0,-0.46889501711665793,0.0,False
778,1,0.3811049828833421,0.0,False
779,-2,-1.7380364771611445,0.0,False
779,-1,-0.8880364771611446,0.0,False
779,0,-0.038036477161144604,0.0,False
779,1,0.8119635228388554,0.0,False
780,-2,0.0689964826184225,0.0,False
780,-1,0.3689964826184225,0.0,False
780,0,0.6689964826184225,0.0,False
780,1,0.9689964826184225,0.0,False
781,-2,-0.7012803195405293,0.0,False
781,-1,-0.4012803195405293,0.0,False
781,0,-0.1012803195405293,0.0,False
781,1,0.1987196804594707,0.0,False
782,-2,1.0678313517586155,0.0,False
782,-1,1.3678313517586154,0.0,False
782,0,1.6678313517586154,0.0,False
782,1,1.9678313517586155,0.0,False
783,-2,-1.2581576320030154,0.0,False
783,-1,-0.9581576320030154,0.0,False
783,0,-0.6581576320030155,0.0,False
783,1,-0.3581576320030155,0.0,False
784,-2,0.30052681605248033,0.0,False
784,-1,1.1505268160524804,0.0,False
784,0,2.0005268160524805,0.0,False
784,1,2.85052681605248,0.0,False
785,-2,-0.8704705088213673,0.0,False
785,-1,-0.5704705088213673,0.0,False
785,0,-0.27047050882136736,0.0,False
785,1,0.029529491178632628,0.0,False
786,-2,-0.49637664839322854,0.0,False
786,-1,-0.19637664839322855,0.0,False
786,0,0.10362335160677143,0.0,False
786,1,0.40362335160677143,0.0,False
787,-2,-2.7597502961742686,0.0,False
787,-1,-1.9097502961742687,0.0,False
787,0,-1.0597502961742686,0.0,False
787,1,-0.20975029617426855,0.0,False
788,-2,-3.0846658056420075,0.0,False
788,-1,-2.2346658056420075,0.0,False
788,0,-1.3846658056420074,0.0,False
788,1,-0.5346658056420073,0.0,False
789,-2,0.514228779713215,0.0,False
789,-1,1.364228779713215,0.0,False
789,0,2.214228779713215,0.0,False
789,1,3.064228779713215,0.0,False
790,-2,-1.5266001471439616,0.0,False
790,-1,-1.2266001471439618,0.0,False
790,0,-0.9266001471439618,0.0,False
790,1,-0.6266001471439617,0.0,False
791,-2,0.348752145565529,0.0,False
791,-1,0.648752145565529,0.0,False
791,0,0.948752145565529,0.0,False
791,1,1.248752145565529,0.0,False
792,-2,-0.8800653964313989,0.0,False
792,-1,-0.580065396431399,0.0,False
792,0,-0.280065396431399,0.0,False
792,1,0.019934603568600995,0.0,False
793,-2,-2.7902536031039675,0.0,False
793,-1,-1.9402536031039677,0.0,False
793,0,-1.0902536031039676,0.0,False
793,1,-0.24025360310396748,0.0,False
794,-2,-2.3584150084190236,0.0,False
794,-1,-1.5084150084190235,0.0,False
794,0,-0.6584150084190235,0.0,False
794,1,0.19158499158097658,0.0,False
795,-2,-2.207224466746814,0.0,False
795,-1,-1.9072244667468143,0.0,False
795,0,-1.6072244667468143,0.0,False
795,1,-1.3072244667468143,0.0,False
796,-2,-1.3247343239780007,0.0,False
796,-1,-0.4747343239780007,0.0,False
796,0,0.37526567602199934,0.0,False
796,1,1.2252656760219993,0.0,False
797,-2,0.17628445394977765,0.0,False
797,-1,0.47628445394977764,0.0,False
797,0,0.7762844539497776,0.0,False
797,1,1.0762844539497776,0.0,False
798,-2,-0.27053807885684605,0.0,False
798,-1,0.029461921143153935,0.0,False
798,0,0.3294619211431539,0.0,False
798,1,0.6294619211431539,0.0,False
799,-2,-0.3669785487835866,0.0,False
799,-1,-0.06697854878358658,0.0,False
799,0,0.2330214512164134,0.0,False
799,1,0.5330214512164134,0.0,False
800,-2,-0.4815733284962191,0.0,False
800,-1,-0.1815733284962191,0.0,False
800,0,0.11842667150378089,0.0,False
800,1,0.4184266715037809,0.0,False
