unit_id,time,treated_group,treated,y_outcome
1,0,1,0,-0.664027317277144
1,1,1,0,-0.08002793685503246
1,2,1,0,0.4679867682547785
1,3,1,1,-0.17134365295364795
1,4,1,1,1.1402466335201709
1,5,1,1,0.05457521825334544
2,0,1,0,2.9421182666875794
2,1,1,0,1.6091439828240037
2,2,1,0,2.4362316772054324
2,3,1,1,3.908825621588587
2,4,1,1,6.282331741905803
2,5,1,1,7.0337918213294115
3,0,1,0,3.042118848905003
3,1,1,0,0.8178202384687161
3,2,1,0,1.4719566881458326
3,3,1,1,2.8479349857189584
3,4,1,1,3.200308686368707
3,5,1,1,3.7240920220623934
4,0,1,0,0.3013353889047948
4,1,1,0,0.48854335633600177
4,2,1,0,1.4393395845555974
4,3,1,1,2.408750301696505
4,4,1,1,2.2300849711191404
4,5,1,1,3.485262534934911
5,0,0,0,-1.5503367961382684
5,1,0,0,-1.6819145625106486
5,2,0,0,-1.0845597241169964
5,3,0,0,-1.8718924040416867
5,4,0,0,0.2087750787529561
5,5,0,0,0.3384631005028367
6,0,0,0,-1.8173455655940978
6,1,0,0,0.47157959985270154
6,2,0,0,0.8423593362571582
6,3,0,0,0.8754081728307583
6,4,0,0,2.444329777734539
6,5,0,0,2.1198042345324692
7,0,0,0,-1.9743772552245462
7,1,0,0,-2.2107709662234325
7,2,0,0,0.4820138973376284
7,3,0,0,0.6389703911133828
7,4,0,0,2.5340037636637405
7,5,0,0,2.603448189678644
8,0,1,0,0.8321119376364873
8,1,1,0,0.7330914312335671
8,2,1,0,1.754024174681941
8,3,1,1,1.8466466198472404
8,4,1,1,3.259870153303739
8,5,1,1,2.9766965540176837
9,0,0,0,-0.10141712277248899
9,1,0,0,0.08590535239065732
9,2,0,0,1.4792464198208197
9,3,0,0,0.5471272072945734
9,4,0,0,2.548975720860448
9,5,0,0,1.177533699346227
10,0,1,0,1.3581940722811094
10,1,1,0,1.749322492379291
10,2,1,0,3.492055606684711
10,3,1,1,4.4783275472207515
10,4,1,1,3.792295334633925
10,5,1,1,4.128765838292034
11,0,1,0,-0.6421343830579044
11,1,1,0,-1.8227372011593366
11,2,1,0,0.568448625952577
11,3,1,1,1.435914409725418
11,4,1,1,2.909568233295003
11,5,1,1,4.272648176372435
12,0,0,0,0.5909398286217753
12,1,0,0,0.04433692870943484
12,2,0,0,0.18043522525325106
12,3,0,0,1.669554430567978
12,4,0,0,2.6497183200463055
12,5,0,0,2.6241704906333343
13,0,0,0,2.2486835501314997
13,1,0,0,2.655916521783871
13,2,0,0,3.3783714903808324
13,3,0,0,2.926763726094192
13,4,0,0,3.950464688914798
13,5,0,0,4.986287802795616
14,0,0,0,-0.26138764303927464
14,1,0,0,-1.3069894224349166
14,2,0,0,-0.8103586415975059
14,3,0,0,-0.4826816676131198
14,4,0,0,-1.8203800676901785
14,5,0,0,-1.0199668161382869
15,0,1,0,0.21808097124180925
15,1,1,0,0.4899040747595375
15,2,1,0,1.4041380349456656
15,3,1,1,2.382159370668812
15,4,1,1,3.224823993562633
15,5,1,1,2.6477071529807024
16,0,1,0,-0.08017374573447045
16,1,1,0,-0.633509677686976
16,2,1,0,0.3972286447489273
16,3,1,1,0.8122411374581487
16,4,1,1,1.1120985899447424
16,5,1,1,0.281022440106092
17,0,0,0,-0.914917194233148
17,1,0,0,-1.4604862489857748
17,2,0,0,1.2009087579983218
17,3,0,0,1.0355496953442855
17,4,0,0,0.616365091875732
17,5,0,0,3.5545707662911163
18,0,0,0,-0.5886230670158881
18,1,0,0,-1.5212437838036175
18,2,0,0,-1.0577913808071273
18,3,0,0,0.8986306152273745
18,4,0,0,-0.07593719028612145
18,5,0,0,-0.7107132122671042
19,0,1,0,1.3197101325902465
19,1,1,0,2.1926056322115675
19,2,1,0,1.7511539201885653
19,3,1,1,3.509116431984738
19,4,1,1,4.936978762341107
19,5,1,1,5.298567164191693
20,0,1,0,-1.7077206926740534
20,1,1,0,-0.5462427503059888
20,2,1,0,1.7284864800228132
20,3,1,1,2.424604741424907
20,4,1,1,4.572595645504463
20,5,1,1,5.238392093066995
21,0,1,0,1.0196809595931675
21,1,1,0,2.9000147422042457
21,2,1,0,2.80332083179317
21,3,1,1,2.7158103979318176
21,4,1,1,7.092141658795527
21,5,1,1,8.511405408918753
22,0,0,0,-1.318884067541453
22,1,0,0,0.6106379927744598
22,2,0,0,0.02469087223189048
22,3,0,0,0.659857816369794
22,4,0,0,2.272436906793286
22,5,0,0,0.8352693416842013
23,0,0,0,1.3715431490785333
23,1,0,0,-1.5989824522062563
23,2,0,0,-0.2894457546047198
23,3,0,0,-0.9399288423818506
23,4,0,0,-0.10814112995019715
23,5,0,0,-1.477229542385036
24,0,1,0,0.5968298094714825
24,1,1,0,-1.2794455168703285
24,2,1,0,0.8212925112501899
24,3,1,1,1.856390399291331
24,4,1,1,1.5978674736992433
24,5,1,1,2.6979596061499738
25,0,1,0,-0.8031501473584862
25,1,1,0,1.4515712714767635
25,2,1,0,1.2501129038451309
25,3,1,1,3.9645137394340004
25,4,1,1,3.7430400709284894
25,5,1,1,3.938711214122889
26,0,1,0,1.1781322348382832
26,1,1,0,-1.830472521690456
26,2,1,0,-0.9157374431737739
26,3,1,1,0.24727260533178586
26,4,1,1,0.3011136607454852
26,5,1,1,0.9791758089399238
27,0,1,0,0.5657621268554542
27,1,1,0,0.48541852278329833
27,2,1,0,3.445581206364019
27,3,1,1,3.8585122593521657
27,4,1,1,5.642682122418329
27,5,1,1,3.918459934702149
28,0,1,0,-0.7137792220096894
28,1,1,0,2.1952798449657314
28,2,1,0,1.3039751536014905
28,3,1,1,1.7332851625887504
28,4,1,1,0.7785203198057553
28,5,1,1,3.453312487875767
29,0,0,0,-1.5201467089666265
29,1,0,0,-2.231559310532109
29,2,0,0,-1.0260799421984288
29,3,0,0,-0.6023833042082778
29,4,0,0,-2.7889664648084738
29,5,0,0,-2.2541185046649703
30,0,1,0,-0.5194314052580489
30,1,1,0,1.3415268855006997
30,2,1,0,1.3643955107831125
30,3,1,1,2.991255922950109
30,4,1,1,3.145931826217269
30,5,1,1,2.8686413641431714
31,0,0,0,0.6071109647384099
31,1,0,0,1.4790039593613262
31,2,0,0,1.1113192609161215
31,3,0,0,1.0277598060308843
31,4,0,0,3.5316878820818607
31,5,0,0,3.5467722234466903
32,0,1,0,-1.5532757804823671
32,1,1,0,-0.9655626852098649
32,2,1,0,0.4843941020499282
32,3,1,1,1.5683125448375523
32,4,1,1,1.0674248630721164
32,5,1,1,1.8234566657160811
33,0,1,0,-0.24914048095839514
33,1,1,0,-0.9021205552870255
33,2,1,0,0.8329878942570264
33,3,1,1,1.0739625004465398
33,4,1,1,-0.28293467008112405
33,5,1,1,1.2723067637893553
34,0,0,0,-1.440995041708332
34,1,0,0,-1.2137290621309247
34,2,0,0,-0.4321404483203705
34,3,0,0,0.39672403438365417
34,4,0,0,1.5163041217044202
34,5,0,0,2.504914818137852
35,0,0,0,-2.4156304077406445
35,1,0,0,-1.5926598496591642
35,2,0,0,-1.304778348169835
35,3,0,0,-1.2176907001474766
35,4,0,0,0.11029269254595309
35,5,0,0,-0.1062677519340487
36,0,0,0,0.28632456224003056
36,1,0,0,1.7152902547132842
36,2,0,0,2.050589515909184
36,3,0,0,1.4162451604286699
36,4,0,0,1.1876276528656453
36,5,0,0,2.1478104782805967
37,0,0,0,-1.4125892929952837
37,1,0,0,-1.6630614372480919
37,2,0,0,-1.8543437494286898
37,3,0,0,-1.4745653492300284
37,4,0,0,-1.0441009096302625
37,5,0,0,-1.6744683587354303
38,0,0,0,-0.03250123276527339
38,1,0,0,-0.23724483079117875
38,2,0,0,0.8674972456090178
38,3,0,0,2.1303114188341388
38,4,0,0,1.470084562958362
38,5,0,0,2.7203118932198658
39,0,1,0,0.3424974572207551
39,1,1,0,-1.9165617079426625
39,2,1,0,-2.4996611345304887
39,3,1,1,-0.09690999876873518
39,4,1,1,1.0608013155866622
39,5,1,1,1.588841285619624
40,0,0,0,1.0373841487000872
40,1,0,0,-0.5144901779418429
40,2,0,0,0.967288434465614
40,3,0,0,0.32956518615747726
40,4,0,0,0.4725987438523016
40,5,0,0,-0.34937606207839333
41,0,1,0,-0.7636356788952283
41,1,1,0,0.9332912037254041
41,2,1,0,1.513155369232412
41,3,1,1,2.9249183537964223
41,4,1,1,4.649336419781295
41,5,1,1,5.811491594036629
42,0,0,0,1.0942657009137466
42,1,0,0,2.1386012108201515
42,2,0,0,2.164937796993049
42,3,0,0,3.0689967888010523
42,4,0,0,3.1093721026989125
42,5,0,0,3.2821019146224515
43,0,1,0,1.5178328796874407
43,1,1,0,3.1491188476386798
43,2,1,0,3.752740068373561
43,3,1,1,4.610047565522711
43,4,1,1,6.562122537283708
43,5,1,1,5.788875193801694
44,0,0,0,1.3405236644473768
44,1,0,0,2.8880085722367776
44,2,0,0,2.0338915573253824
44,3,0,0,2.0356380508207375
44,4,0,0,2.868451544129107
44,5,0,0,2.8003194724295173
45,0,0,0,0.8150172386816641
45,1,0,0,1.3239369856024559
45,2,0,0,1.5478702793811725
45,3,0,0,1.1243355745751715
45,4,0,0,2.754319450907421
45,5,0,0,2.1550707646945524
46,0,0,0,-1.163760221823223
46,1,0,0,-1.359617879921975
46,2,0,0,-0.6605924177944512
46,3,0,0,-0.505982601440623
46,4,0,0,-1.7946481167197514
46,5,0,0,-0.7867584400074095
47,0,1,0,-2.7550717102407463
47,1,1,0,-1.8789817959953756
47,2,1,0,-0.6493867824794579
47,3,1,1,1.8994230922833604
47,4,1,1,0.8662832508472669
47,5,1,1,1.4560686839327075
48,0,1,0,0.5252772236714047
48,1,1,0,1.138427201460889
48,2,1,0,0.48112731506737394
48,3,1,1,2.3356627586824104
48,4,1,1,3.302995392180989
48,5,1,1,3.1160741987254905
49,0,0,0,2.215881396208969
49,1,0,0,1.5930614905594596
49,2,0,0,2.529022781429164
49,3,0,0,2.078269810107505
49,4,0,0,3.2547936346309543
49,5,0,0,4.804790603264493
50,0,1,0,-2.484979137381134
50,1,1,0,-1.544643936617879
50,2,1,0,-1.4555309094706677
50,3,1,1,1.0525772641088327
50,4,1,1,0.09068968268166344
50,5,1,1,2.8641466653207575
51,0,1,0,-0.652006255120869
51,1,1,0,-1.2680846884393762
51,2,1,0,0.7800784868103106
51,3,1,1,2.3682542431497042
51,4,1,1,4.180647606174237
51,5,1,1,4.054643297972592
52,0,0,0,2.5985780913916594
52,1,0,0,3.6438653729647577
52,2,0,0,2.2608274600945326
52,3,0,0,3.6009060945569304
52,4,0,0,4.35890100418533
52,5,0,0,4.04945874778584
53,0,0,0,-1.1960034243341684
53,1,0,0,-2.36194193284375
53,2,0,0,-0.14487519279868122
53,3,0,0,0.8346803161103664
53,4,0,0,1.5128885211924148
53,5,0,0,1.490963940900801
54,0,1,0,0.5955766764534203
54,1,1,0,1.4109631878941244
54,2,1,0,2.685762757689391
54,3,1,1,2.5552451463379207
54,4,1,1,5.189089438061057
54,5,1,1,6.619322477900257
55,0,1,0,-0.8364115227803575
55,1,1,0,0.8662864075264807
55,2,1,0,2.5073639372323533
55,3,1,1,2.7755184636110855
55,4,1,1,4.8899841977372285
55,5,1,1,5.569010042118317
56,0,1,0,0.7661456449324832
56,1,1,0,1.4181229012233303
56,2,1,0,0.6586101453420908
56,3,1,1,2.37482161798028
56,4,1,1,4.450453949676672
56,5,1,1,6.072161605022696
57,0,1,0,0.21467486384796097
57,1,1,0,1.9553588781884097
57,2,1,0,2.233117130399228
57,3,1,1,3.5659533516657316
57,4,1,1,3.6359670548139205
57,5,1,1,4.926722224780532
58,0,0,0,-1.7692950437656405
58,1,0,0,-1.1852100256934741
58,2,0,0,-0.29507565362427146
58,3,0,0,0.28847705573230564
58,4,0,0,-0.2983909688827464
58,5,0,0,1.7376297428583665
59,0,0,0,0.08123864703445485
59,1,0,0,1.915169627602371
59,2,0,0,0.5603993057609938
59,3,0,0,2.0830055973926385
59,4,0,0,2.1591068178297403
59,5,0,0,3.224178635079485
60,0,0,0,0.9604969292703526
60,1,0,0,0.3991938309545038
60,2,0,0,0.35613707276147666
60,3,0,0,0.7610712311860253
60,4,0,0,-0.4070864134009796
60,5,0,0,-1.8531985728299971
61,0,1,0,0.24167143744893305
61,1,1,0,1.4994790895398677
61,2,1,0,2.5654033592205647
61,3,1,1,6.49862242310109
61,4,1,1,4.193143760636205
61,5,1,1,6.972002621256641
62,0,1,0,0.9975222666419563
62,1,1,0,2.433944467173824
62,2,1,0,2.4302535688849787
62,3,1,1,3.1584291331584726
62,4,1,1,3.130564836533245
62,5,1,1,5.353840765373121
63,0,1,0,-0.47612811660768956
63,1,1,0,-0.6376411989274323
63,2,1,0,0.3343667239136456
63,3,1,1,2.4236244653039565
63,4,1,1,1.89644864095288
63,5,1,1,2.751757590568833
64,0,1,0,1.5400141958055602
64,1,1,0,0.4088511262751833
64,2,1,0,2.772917372283489
64,3,1,1,3.291272028224899
64,4,1,1,4.779301548155621
64,5,1,1,5.225820223161404
65,0,1,0,1.3186039438879729
65,1,1,0,1.5797875042717124
65,2,1,0,0.7530273936337571
65,3,1,1,3.25763148270121
65,4,1,1,2.2336897537032487
65,5,1,1,3.538863509571418
66,0,1,0,-2.6969116415325436
66,1,1,0,-0.38124765588972714
66,2,1,0,1.6746705019682682
66,3,1,1,2.5622686924972484
66,4,1,1,1.269752019471376
66,5,1,1,2.0004144239236807
67,0,0,0,-1.1909482120593395
67,1,0,0,-0.58318218310318
67,2,0,0,-1.5169308144947067
67,3,0,0,-0.294095924621481
67,4,0,0,-0.6534645187403811
67,5,0,0,0.1629414146740655
68,0,0,0,-1.0041704925341592
68,1,0,0,0.6975972693726811
68,2,0,0,-0.9880247572641454
68,3,0,0,0.9845033759439107
68,4,0,0,-0.4053121486857074
68,5,0,0,0.1648071202149552
69,0,1,0,0.09587907397698212
69,1,1,0,-0.3864470960083224
69,2,1,0,-0.2761787421824025
69,3,1,1,1.3873043349126237
69,4,1,1,1.5644698823034893
69,5,1,1,1.1621095737831646
70,0,0,0,0.4576020187995167
70,1,0,0,1.7075765775967846
70,2,0,0,0.5157180372718398
70,3,0,0,0.6470044146790362
70,4,0,0,-0.33274282123158105
70,5,0,0,-0.4006503769695198
71,0,1,0,-0.8996727422259666
71,1,1,0,-0.2086197100535785
71,2,1,0,0.4539824752998417
71,3,1,1,-0.20543180765749436
71,4,1,1,2.4590559220382517
71,5,1,1,3.406175224243125
72,0,1,0,0.34463240566657327
72,1,1,0,0.7664365305809377
72,2,1,0,1.2788083485244188
72,3,1,1,2.278078560290535
72,4,1,1,0.9905921965389304
72,5,1,1,2.8089862239312615
73,0,0,0,2.009455341060331
73,1,0,0,1.9875757228536812
73,2,0,0,-0.61802559462213
73,3,0,0,1.4381627705247815
73,4,0,0,1.7886577400060553
73,5,0,0,3.5577937190939943
74,0,1,0,1.6458200150850457
74,1,1,0,1.9084275649707276
74,2,1,0,2.4527220754655152
74,3,1,1,3.0788209412111556
74,4,1,1,5.104557237719785
74,5,1,1,3.9738483530180897
75,0,0,0,0.6162183088281906
75,1,0,0,1.0140164023227682
75,2,0,0,1.316490256968055
75,3,0,0,-1.4000097720364524
75,4,0,0,-0.320125250970434
75,5,0,0,0.2799975038800706
76,0,0,0,1.0828485892549347
76,1,0,0,0.05119253936834918
76,2,0,0,0.6165557789585282
76,3,0,0,0.5049796266736639
76,4,0,0,2.1458435158685543
76,5,0,0,0.475068690095258
77,0,0,0,-1.5569292233603607
77,1,0,0,1.2471396188930897
77,2,0,0,1.7769847097191227
77,3,0,0,0.31857276729825046
77,4,0,0,0.9593255794671389
77,5,0,0,1.0630308034407692
78,0,1,0,1.7014818187978067
78,1,1,0,1.409001018127296
78,2,1,0,0.4308435642884514
78,3,1,1,3.1030207348512144
78,4,1,1,3.4151484547879054
78,5,1,1,4.810612414680499
79,0,0,0,-1.1012500049933027
79,1,0,0,1.0365718497844691
79,2,0,0,1.8896502655719059
79,3,0,0,1.9537846584373844
79,4,0,0,3.770007496579748
79,5,0,0,4.991686249790955
80,0,0,0,-1.3008223210730754
80,1,0,0,-1.9102986714353527
80,2,0,0,0.012687101404857015
80,3,0,0,0.8069131855975633
80,4,0,0,-0.20710662934092738
80,5,0,0,-0.16391653518714144
81,0,1,0,-0.5270540585085696
81,1,1,0,-1.06909059891121
81,2,1,0,0.3512447230343655
81,3,1,1,-0.0847150615431006
81,4,1,1,1.3690294551877404
81,5,1,1,-0.21274844294498152
82,0,1,0,-0.026283534065022374
82,1,1,0,1.9223746889741644
82,2,1,0,0.42293627474075823
82,3,1,1,4.935734606632388
82,4,1,1,2.2852605140891837
82,5,1,1,2.468817772404212
83,0,1,0,0.11066711066603196
83,1,1,0,2.4981426565419156
83,2,1,0,1.0863089428211474
83,3,1,1,3.267270084394764
83,4,1,1,2.23037567451618
83,5,1,1,2.393266162154741
84,0,0,0,0.5002671525346107
84,1,0,0,-0.1349046986913175
84,2,0,0,1.4062483559189904
84,3,0,0,1.8812097961416079
84,4,0,0,2.448153254895549
84,5,0,0,2.2348968924570736
85,0,1,0,-0.38248089535716
85,1,1,0,0.19418205809998657
85,2,1,0,2.028914377464371
85,3,1,1,2.307435176175943
85,4,1,1,3.720516986343325
85,5,1,1,2.222699226691823
86,0,1,0,-0.1870195148409874
86,1,1,0,0.3186617158713745
86,2,1,0,-0.9139097566347949
86,3,1,1,1.3536071114217367
86,4,1,1,1.2390716122051912
86,5,1,1,1.7724186862083489
87,0,1,0,0.8176744027230094
87,1,1,0,0.8566315678077295
87,2,1,0,3.488297536407763
87,3,1,1,2.976539461072891
87,4,1,1,5.68871148495045
87,5,1,1,5.166518928515924
88,0,1,0,1.213440294847912
88,1,1,0,1.2083892375118561
88,2,1,0,1.679466476860478
88,3,1,1,2.3640168275060827
88,4,1,1,1.8990839051124135
88,5,1,1,2.627786578795282
89,0,1,0,-0.47941098620853634
89,1,1,0,-1.088440892017426
89,2,1,0,-1.173187042697662
89,3,1,1,-0.21979711307827376
89,4,1,1,0.9524867755597081
89,5,1,1,-0.547593192043419
90,0,0,0,-0.957126698906205
90,1,0,0,-0.30214294226072025
90,2,0,0,-0.3090321069934244
90,3,0,0,-0.7827228419787062
90,4,0,0,1.28198294419343
90,5,0,0,0.7325427691409558
91,0,0,0,0.30235896510189697
91,1,0,0,-1.3704959338512626
91,2,0,0,1.6093422258216268
91,3,0,0,-0.07694904848281015
91,4,0,0,0.22510094444622508
91,5,0,0,2.3110940091427974
92,0,0,0,1.5149139479776013
92,1,0,0,1.3098670403293033
92,2,0,0,0.5832590689873962
92,3,0,0,2.0317109385603493
92,4,0,0,3.607014632633301
92,5,0,0,3.4326151093576867
93,0,1,0,1.9745424460257646
93,1,1,0,1.4168023760798132
93,2,1,0,-0.06212445006086642
93,3,1,1,1.8582222730542513
93,4,1,1,2.454550182679586
93,5,1,1,3.643862338221139
94,0,0,0,0.2349403937495068
94,1,0,0,2.0902210822005207
94,2,0,0,1.086341757606465
94,3,0,0,2.89966743970883
94,4,0,0,2.764925818205044
94,5,0,0,2.6743754888134466
95,0,0,0,1.7877062059419742
95,1,0,0,2.870972759552131
95,2,0,0,1.7875931572092951
95,3,0,0,0.8580442652248865
95,4,0,0,1.3556590045956662
95,5,0,0,1.9764181633867
96,0,0,0,-0.2916197984421982
96,1,0,0,-0.4002048832998109
96,2,0,0,0.5488109077253556
96,3,0,0,0.25202545687735467
96,4,0,0,0.9554329767969394
96,5,0,0,0.7435507089290994
97,0,1,0,-0.8183840894415757
97,1,1,0,-0.4254011263550681
97,2,1,0,0.2913733577741935
97,3,1,1,0.4191315824382069
97,4,1,1,1.1393277081000357
97,5,1,1,1.293037559535901
98,0,0,0,-1.7473186982976954
98,1,0,0,-1.2677129793024446
98,2,0,0,-1.8494130827149582
98,3,0,0,0.2690912710562229
98,4,0,0,1.3558038143213351
98,5,0,0,1.4842185892818873
99,0,1,0,-0.6022967114992043
99,1,1,0,0.15866390356541618
99,2,1,0,0.6257300334810065
99,3,1,1,2.0993155469414218
99,4,1,1,2.845098120740173
99,5,1,1,2.8429921257327675
100,0,0,0,0.22487500442799657
100,1,0,0,1.7704755551340852
100,2,0,0,-0.294375768742563
100,3,0,0,2.8378720188988433
100,4,0,0,2.900762041677265
100,5,0,0,3.7911077970940066
101,0,1,0,1.7916266841361201
101,1,1,0,1.7097388682391945
101,2,1,0,2.6576099344409116
101,3,1,1,3.738120026734549
101,4,1,1,3.109984432615327
101,5,1,1,2.509197011764378
102,0,0,0,-0.39487211214926804
102,1,0,0,-0.0021205652636313577
102,2,0,0,0.8366514934784511
102,3,0,0,-0.5898048245200432
102,4,0,0,1.1671914007659552
102,5,0,0,0.5247727572328026
103,0,1,0,-0.7826029033501205
103,1,1,0,0.08169250487904753
103,2,1,0,1.8199862974219196
103,3,1,1,2.821355559979957
103,4,1,1,2.0494758902228254
103,5,1,1,2.9576286888817194
104,0,1,0,-1.2055450869097681
104,1,1,0,-2.108856465450417
104,2,1,0,-1.4843956162000327
104,3,1,1,1.5412208182997809
104,4,1,1,-1.1670962040259925
104,5,1,1,0.6945560864661405
105,0,1,0,-1.6709967564152817
105,1,1,0,-2.017394443133094
105,2,1,0,-2.378910701701656
105,3,1,1,0.6958178324718063
105,4,1,1,-1.0545577929928673
105,5,1,1,0.7059596042782075
106,0,0,0,0.45873399771842527
106,1,0,0,1.0734524077005254
106,2,0,0,-0.7770959132872303
106,3,0,0,0.7383052398384289
106,4,0,0,1.315558807157144
106,5,0,0,0.4423802292414716
107,0,1,0,0.08184484617173651
107,1,1,0,0.8210718560807845
107,2,1,0,0.7631613767311326
107,3,1,1,1.7418458141111062
107,4,1,1,2.904188641513784
107,5,1,1,2.632940243562622
108,0,0,0,-0.8484262699863294
108,1,0,0,1.179897640310644
108,2,0,0,0.6719136204397138
108,3,0,0,1.288847563073972
108,4,0,0,2.1645014293393428
108,5,0,0,3.2389381650410987
109,0,1,0,1.3808207409292428
109,1,1,0,1.9931730291249625
109,2,1,0,1.8989062572808368
109,3,1,1,2.6538214787460825
109,4,1,1,4.398939754179238
109,5,1,1,2.388193297578729
110,0,1,0,1.6181854736626857
110,1,1,0,1.1383447817177355
110,2,1,0,1.4923399162964137
110,3,1,1,3.4353004227634414
110,4,1,1,6.466870899693083
110,5,1,1,6.11736422259947
111,0,1,0,-1.4881683365143692
111,1,1,0,-1.2423863717956287
111,2,1,0,-1.0435395135819119
111,3,1,1,0.9217869147381837
111,4,1,1,0.4314471316951495
111,5,1,1,2.1826457368682926
112,0,0,0,-0.7879982371866119
112,1,0,0,-0.47332618257537784
112,2,0,0,1.005869055411276
112,3,0,0,0.42146808274083636
112,4,0,0,0.2405420249284853
112,5,0,0,0.3702815341231025
113,0,0,0,-0.11648698757716816
113,1,0,0,-0.7853317039557565
113,2,0,0,-0.051967645740778834
113,3,0,0,-0.3858232464171679
113,4,0,0,0.1608384495383406
113,5,0,0,2.120675118978275
114,0,0,0,1.782638670666413
114,1,0,0,0.6130776026987022
114,2,0,0,-0.6681950319164565
114,3,0,0,2.0765356874216203
114,4,0,0,1.3557097434657979
114,5,0,0,3.3935784478997792
115,0,1,0,1.8313061238151558
115,1,1,0,1.5573874001287793
115,2,1,0,1.1865340238366089
115,3,1,1,1.8891704426331222
115,4,1,1,0.9778224660115196
115,5,1,1,1.8160786079643325
116,0,1,0,-1.1171919218091244
116,1,1,0,-0.30427675590175407
116,2,1,0,-0.0007768329373815108
116,3,1,1,2.395404743422504
116,4,1,1,4.242956980689294
116,5,1,1,2.1545143584286803
117,0,0,0,-0.2548906879238845
117,1,0,0,1.36575552317664
117,2,0,0,1.7196097176259295
117,3,0,0,2.468322130015215
117,4,0,0,4.648795509648675
117,5,0,0,4.067736003427905
118,0,0,0,-0.22171234745783566
118,1,0,0,0.7018712831559734
118,2,0,0,1.4964900252515354
118,3,0,0,1.5099125568791947
118,4,0,0,1.295964669946783
118,5,0,0,1.9944926776203449
119,0,1,0,-3.3679244156066233
119,1,1,0,-2.234635054844662
119,2,1,0,-2.29057488529045
119,3,1,1,-1.1616651033222047
119,4,1,1,-0.3143620888555796
119,5,1,1,0.049903225464029255
120,0,1,0,0.9742898875752891
120,1,1,0,0.6685706235740024
120,2,1,0,1.6903587817222014
120,3,1,1,2.6505957914935863
120,4,1,1,2.3818212273117076
120,5,1,1,3.246041834327734
121,0,0,0,-2.0590761806159392
121,1,0,0,-0.14168489057550537
121,2,0,0,-0.912820350501371
121,3,0,0,1.1877544647243243
121,4,0,0,0.14539834052528766
121,5,0,0,1.550867958128415
122,0,1,0,1.955322002648272
122,1,1,0,-0.21280946357965025
122,2,1,0,0.5516685622469842
122,3,1,1,2.794356116707978
122,4,1,1,3.4968234700339433
122,5,1,1,2.604549701995433
123,0,1,0,-0.4012483603612449
123,1,1,0,0.0191058148471569
123,2,1,0,-1.2706836714689178
123,3,1,1,1.9758192966620114
123,4,1,1,2.060097498521333
123,5,1,1,1.6215056781865875
124,0,1,0,1.6805449340501133
124,1,1,0,4.312098525006602
124,2,1,0,3.4692091500156184
124,3,1,1,3.9363092252702434
124,4,1,1,5.616555476974932
124,5,1,1,5.593355714752995
125,0,0,0,-0.8415120809818882
125,1,0,0,2.126462080495112
125,2,0,0,1.4856272343607047
125,3,0,0,0.8436404504501467
125,4,0,0,2.5863959298131634
125,5,0,0,1.4233509075191617
126,0,1,0,2.1422896802782803
126,1,1,0,0.12907482387146174
126,2,1,0,1.0985148689506827
126,3,1,1,1.9637718460304594
126,4,1,1,3.010729958869208
126,5,1,1,3.3444173190438593
127,0,0,0,-0.02748040864742282
127,1,0,0,0.04610582069757635
127,2,0,0,1.5440240277835153
127,3,0,0,2.4857527973888836
127,4,0,0,1.3695189778637322
127,5,0,0,2.9357211400292282
128,0,0,0,2.2621276300008866
128,1,0,0,1.8508975367553986
128,2,0,0,4.704452646701275
128,3,0,0,4.15134513530147
128,4,0,0,4.882989097818846
128,5,0,0,5.622722472869492
129,0,0,0,-1.0045163838956297
129,1,0,0,-0.6919572659208646
129,2,0,0,-1.1836268783103732
129,3,0,0,-1.6611586308398587
129,4,0,0,-0.6718283154640466
129,5,0,0,-0.09553579538811685
130,0,0,0,-2.3565359940391444
130,1,0,0,-1.04867469794073
130,2,0,0,0.8827036871374371
130,3,0,0,1.7780205967017937
130,4,0,0,-0.41476890135903366
130,5,0,0,2.2026292209009526
131,0,1,0,2.2120341778028823
131,1,1,0,-0.31446378139184206
131,2,1,0,2.2057530546866753
131,3,1,1,3.8280884213232667
131,4,1,1,5.492087221975009
131,5,1,1,5.395566655391891
132,0,1,0,0.8681252454102228
132,1,1,0,1.682012993149451
132,2,1,0,0.38428203141132233
132,3,1,1,2.3632592111436783
132,4,1,1,1.9840594380709793
132,5,1,1,0.30624663102587923
133,0,1,0,0.9683751494832942
133,1,1,0,1.2349525990297663
133,2,1,0,3.2832829411968563
133,3,1,1,2.3728971472060154
133,4,1,1,5.397241123608154
133,5,1,1,4.566975060355362
134,0,1,0,1.5656199675934652
134,1,1,0,0.9870737606257061
134,2,1,0,3.2663742500488206
134,3,1,1,2.408434259463996
134,4,1,1,5.145102671299766
134,5,1,1,4.659408692328719
135,0,0,0,-0.2832535760650695
135,1,0,0,0.10264740610026196
135,2,0,0,-0.6157785111393178
135,3,0,0,0.9823794841401634
135,4,0,0,0.3408164604167687
135,5,0,0,1.7462119834782954
136,0,0,0,-0.6465269402671434
136,1,0,0,0.3063970821639731
136,2,0,0,1.5034362475839491
136,3,0,0,2.075853659921396
136,4,0,0,2.999621692627319
136,5,0,0,0.5574016415372531
137,0,0,0,1.6851931914962126
137,1,0,0,1.873471021365841
137,2,0,0,2.5122543259356576
137,3,0,0,2.271920688201609
137,4,0,0,2.785757798976015
137,5,0,0,2.0658745003877184
138,0,1,0,-0.38876447986011453
138,1,1,0,-0.1223350882662621
138,2,1,0,0.052580809351406854
138,3,1,1,2.2212662258526192
138,4,1,1,1.3438697732794729
138,5,1,1,4.836073928480912
139,0,1,0,0.4418541839468616
139,1,1,0,1.9451419054488919
139,2,1,0,-0.5599157965493863
139,3,1,1,2.311171180217487
139,4,1,1,3.306086542867993
139,5,1,1,2.4344273119852073
140,0,0,0,1.6009549861444612
140,1,0,0,2.166276851232581
140,2,0,0,2.2659634554933166
140,3,0,0,1.340215437691833
140,4,0,0,3.317459346681943
140,5,0,0,2.480911513285493
141,0,0,0,-2.06095905554052
141,1,0,0,-1.7101652550488433
141,2,0,0,-0.43066845318989244
141,3,0,0,-0.9980295240317165
141,4,0,0,0.9870147317988739
141,5,0,0,-0.1040886262306514
142,0,1,0,0.46208586230263793
142,1,1,0,0.7707083083449717
142,2,1,0,0.717581583566584
142,3,1,1,2.902226790915986
142,4,1,1,3.3139573393609885
142,5,1,1,1.9623219658827096
143,0,1,0,-0.015503010929210914
143,1,1,0,-0.33899280967342105
143,2,1,0,0.18183525080257668
143,3,1,1,1.1050938322657404
143,4,1,1,1.706767521435666
143,5,1,1,0.6502953217941124
144,0,1,0,-1.124360902001498
144,1,1,0,-0.0948321183776584
144,2,1,0,-0.42898526396388986
144,3,1,1,2.3584227622581686
144,4,1,1,2.3947489183500363
144,5,1,1,2.6954468732329735
145,0,1,0,0.3060846319592545
145,1,1,0,0.5686821372398592
145,2,1,0,2.203513454473435
145,3,1,1,3.589296669798765
145,4,1,1,4.374548899244176
145,5,1,1,3.53569594103763
146,0,0,0,-1.209506834938093
146,1,0,0,-1.076546934925849
146,2,0,0,0.8962799370962826
146,3,0,0,0.4516990004617263
146,4,0,0,0.5919505275526762
146,5,0,0,1.9870705882342383
147,0,1,0,-2.3096993211458003
147,1,1,0,-1.0541999259002157
147,2,1,0,0.2528550022065008
147,3,1,1,3.1886579818574425
147,4,1,1,3.200234014544998
147,5,1,1,3.661779412452888
148,0,0,0,0.9432400723495246
148,1,0,0,1.7018085770035976
148,2,0,0,2.9264395610325336
148,3,0,0,0.11226972272325497
148,4,0,0,2.610422825549135
148,5,0,0,1.1830661117840306
149,0,1,0,0.47126597156069083
149,1,1,0,0.9147466254065421
149,2,1,0,2.359136576606396
149,3,1,1,2.8463164360188484
149,4,1,1,4.724055845327081
149,5,1,1,4.265002192423472
150,0,0,0,3.65486473963794
150,1,0,0,1.9974061343271314
150,2,0,0,1.0975786915523493
150,3,0,0,2.8489793873670486
150,4,0,0,3.771876408610155
150,5,0,0,2.5202334342039308
151,0,0,0,-1.8333026303529016
151,1,0,0,-1.5435020720843473
151,2,0,0,1.0536918447459849
151,3,0,0,0.3958734456472872
151,4,0,0,-0.5509996778694357
151,5,0,0,1.525472564791668
152,0,1,0,-1.3897300424299113
152,1,1,0,0.3500272880849605
152,2,1,0,1.0851482484057646
152,3,1,1,2.159552264953601
152,4,1,1,3.018778081284401
152,5,1,1,5.124107446562371
153,0,0,0,1.0564348336364944
153,1,0,0,3.4058452513613453
153,2,0,0,2.7703179303736487
153,3,0,0,2.114672434901927
153,4,0,0,2.9569289543859956
153,5,0,0,4.532554492752238
154,0,0,0,0.4225095986864686
154,1,0,0,0.23417343971330404
154,2,0,0,0.7997753259159703
154,3,0,0,-0.2832564321237454
154,4,0,0,-0.18964079948513934
154,5,0,0,1.7951991941896681
155,0,0,0,0.7697838983377712
155,1,0,0,0.3382973705474016
155,2,0,0,0.2846126374179173
155,3,0,0,0.8873511043518407
155,4,0,0,1.3557265854373002
155,5,0,0,2.137998194400296
156,0,0,0,0.6853269007287279
156,1,0,0,2.4974884475586623
156,2,0,0,2.1368420262938543
156,3,0,0,1.6481751919710812
156,4,0,0,3.912980394267791
156,5,0,0,4.475724785205164
157,0,0,0,0.9346832923968558
157,1,0,0,0.6626301445989983
157,2,0,0,-0.09563983131593057
157,3,0,0,1.4529300940738006
157,4,0,0,3.076642253707915
157,5,0,0,3.745799353064617
158,0,1,0,1.4460503616124194
158,1,1,0,1.9641320377597264
158,2,1,0,1.3750762959943752
158,3,1,1,3.2690441882049988
158,4,1,1,2.4694527718586032
158,5,1,1,5.262013985506302
159,0,0,0,0.7839867882534752
159,1,0,0,2.4269771700591507
159,2,0,0,1.8041189810631721
159,3,0,0,1.34157207624965
159,4,0,0,3.388438079381791
159,5,0,0,2.3541128450993307
160,0,1,0,-0.5409753020898236
160,1,1,0,-1.4066465504836534
160,2,1,0,0.36142175187445363
160,3,1,1,1.1181293886953791
160,4,1,1,2.481714387195548
160,5,1,1,1.0279476519553465
161,0,1,0,-1.705685433646394
161,1,1,0,-0.4582172947816059
161,2,1,0,-0.2314200730829028
161,3,1,1,-0.7675541519002596
161,4,1,1,-0.7724104908376064
161,5,1,1,1.3689851674710982
162,0,1,0,0.010529419164799658
162,1,1,0,1.4245152727592256
162,2,1,0,0.6739913774844691
162,3,1,1,1.9274225647513985
162,4,1,1,3.33932070015352
162,5,1,1,3.1932605528650146
163,0,0,0,0.8007710158235252
163,1,0,0,-0.9374800869219533
163,2,0,0,0.4550475616483609
163,3,0,0,-0.8540179822006293
163,4,0,0,1.5844626699798408
163,5,0,0,1.9925136419717546
164,0,1,0,-0.0432820610100888
164,1,1,0,1.144408425466149
164,2,1,0,0.741578598597139
164,3,1,1,3.1070530304119286
164,4,1,1,3.6493607162550035
164,5,1,1,5.462305933496742
165,0,1,0,1.456294075236777
165,1,1,0,0.6818963513834833
165,2,1,0,0.7044543174034457
165,3,1,1,2.4937893280569403
165,4,1,1,2.980799529091299
165,5,1,1,3.3193014571276134
166,0,1,0,0.8900884242674556
166,1,1,0,1.1174398492664523
166,2,1,0,0.9757158793316623
166,3,1,1,1.8070911010946924
166,4,1,1,2.637025839010232
166,5,1,1,0.810549363206525
167,0,1,0,1.3924993625941535
167,1,1,0,1.3131836391282805
167,2,1,0,0.7948243802274383
167,3,1,1,4.24077568866784
167,4,1,1,2.2304407935091595
167,5,1,1,3.9527503971946216
168,0,0,0,0.5248427457738912
168,1,0,0,-0.8637159481631325
168,2,0,0,0.20131636160098387
168,3,0,0,0.9333050401572502
168,4,0,0,2.675819708440897
168,5,0,0,3.7205981627150146
169,0,0,0,0.9863347089663914
169,1,0,0,1.3883849552237957
169,2,0,0,2.6865005298739235
169,3,0,0,1.7555596141354237
169,4,0,0,3.9843442448857394
169,5,0,0,3.7831009775438544
170,0,0,0,1.1299248709633278
170,1,0,0,2.5181840185438054
170,2,0,0,2.7985251579254866
170,3,0,0,1.8527831217803714
170,4,0,0,3.5796384493772666
170,5,0,0,3.1463217725581916
171,0,1,0,2.023467332136604
171,1,1,0,1.513389493812091
171,2,1,0,2.218912490730398
171,3,1,1,4.033700555653947
171,4,1,1,2.2219835875743534
171,5,1,1,3.6160350205378284
172,0,1,0,-0.030809180536418207
172,1,1,0,0.1489635593421071
172,2,1,0,-0.6271534189854786
172,3,1,1,0.4031312041747802
172,4,1,1,0.6577783095323344
172,5,1,1,-1.3116671010054806
173,0,0,0,0.5058783120099944
173,1,0,0,1.7819863515745762
173,2,0,0,-0.6583812034292904
173,3,0,0,0.1845934654430348
173,4,0,0,2.7808070585902604
173,5,0,0,2.589568470822732
174,0,1,0,-0.6783417978048059
174,1,1,0,0.5548676304763982
174,2,1,0,-0.739653953924905
174,3,1,1,0.865914048507936
174,4,1,1,1.6672014546664762
174,5,1,1,2.329896692447984
175,0,1,0,-1.1889814861127257
175,1,1,0,-0.8148465577305808
175,2,1,0,0.4738775112472461
175,3,1,1,1.8231741680979185
175,4,1,1,2.205475602187262
175,5,1,1,4.014765768448812
176,0,0,0,0.26028627853410824
176,1,0,0,1.8413289568077613
176,2,0,0,2.954165207982426
176,3,0,0,3.1910106128973
176,4,0,0,2.737388595802925
176,5,0,0,2.02266864958995
177,0,1,0,0.45687630288331627
177,1,1,0,-2.387814918179269
177,2,1,0,-1.8773135417257176
177,3,1,1,0.5730249674836083
177,4,1,1,-0.574701557781754
177,5,1,1,-1.207823245204436
178,0,0,0,-1.088858771332582
178,1,0,0,-0.9179775314917733
178,2,0,0,-0.2219714081639721
178,3,0,0,-0.5604705128001997
178,4,0,0,-0.9709483320160427
178,5,0,0,-1.6385579247382114
179,0,1,0,0.8267488622158521
179,1,1,0,1.3812959429104323
179,2,1,0,0.6121021158457741
179,3,1,1,2.4156603715033125
179,4,1,1,1.7271796346446164
179,5,1,1,3.149644257896405
180,0,0,0,0.4832969680262988
180,1,0,0,1.9491471029742136
180,2,0,0,1.1431206780602374
180,3,0,0,2.902959146970291
180,4,0,0,2.603176849429924
180,5,0,0,4.235581525815117
181,0,0,0,0.14654350560405527
181,1,0,0,1.566555768990854
181,2,0,0,1.3703298089331373
181,3,0,0,1.8304506256841249
181,4,0,0,4.026236697400391
181,5,0,0,3.9515967111280768
182,0,1,0,0.33030000581980457
182,1,1,0,0.3041810657690958
182,2,1,0,0.2952320388974028
182,3,1,1,2.9380940527571457
182,4,1,1,1.0820886491271702
182,5,1,1,1.810684359249945
183,0,0,0,-1.166525942450827
183,1,0,0,-1.9200033307494482
183,2,0,0,-0.1262447705093877
183,3,0,0,0.9159579698964878
183,4,0,0,0.4505145425620898
183,5,0,0,0.9908531666826025
184,0,1,0,-0.716913500129815
184,1,1,0,1.4773991615009718
184,2,1,0,0.16625621905893495
184,3,1,1,2.744615646857102
184,4,1,1,3.7315799281991473
184,5,1,1,5.061774912867161
185,0,1,0,0.6592362169778758
185,1,1,0,2.2746552795299584
185,2,1,0,0.6649682499880694
185,3,1,1,1.6875187419230882
185,4,1,1,2.9930670183669834
185,5,1,1,3.6655165031568027
186,0,1,0,-1.2604117611000762
186,1,1,0,-0.8353260077249063
186,2,1,0,-1.9592489614782571
186,3,1,1,-0.8703913124264829
186,4,1,1,-0.9212073504715735
186,5,1,1,-1.177447246316468
187,0,0,0,-0.11042820732524294
187,1,0,0,0.3402297056663081
187,2,0,0,1.2403248772395097
187,3,0,0,1.1461192542180316
187,4,0,0,0.5720032815765415
187,5,0,0,1.4033838484417462
188,0,0,0,1.3480605119017288
188,1,0,0,2.6908519873164685
188,2,0,0,-0.2785536423306212
188,3,0,0,1.9524185263553535
188,4,0,0,1.0170731244488276
188,5,0,0,4.241893058412918
189,0,1,0,0.8849806110670836
189,1,1,0,0.293703939178506
189,2,1,0,-0.11860423791887387
189,3,1,1,1.1696085392439093
189,4,1,1,2.856189131443399
189,5,1,1,2.181387541609059
190,0,0,0,-0.14085253294129718
190,1,0,0,1.8172832577849802
190,2,0,0,1.6056183937199573
190,3,0,0,3.1225765419996687
190,4,0,0,3.816814939294568
190,5,0,0,5.115064232484038
191,0,0,0,1.8358226070913999
191,1,0,0,2.0797419975419738
191,2,0,0,2.53586798124968
191,3,0,0,4.046162640934753
191,4,0,0,3.9951850237962145
191,5,0,0,4.145659705802474
192,0,0,0,1.2038860853266828
192,1,0,0,1.0855667794864738
192,2,0,0,2.066761937202836
192,3,0,0,3.0441784096222095
192,4,0,0,5.2232992980447035
192,5,0,0,5.9038391469023885
193,0,1,0,2.361933050946552
193,1,1,0,0.23003957264852493
193,2,1,0,2.8475180225896035
193,3,1,1,4.173773603543931
193,4,1,1,4.577284343614003
193,5,1,1,7.180180725427545
194,0,0,0,-1.3780158510532918
194,1,0,0,1.0694520452573144
194,2,0,0,0.9808166245126456
194,3,0,0,1.3529946566288047
194,4,0,0,3.0727939185435686
194,5,0,0,2.0346321816898083
195,0,0,0,1.0304929506314224
195,1,0,0,1.9804984281178182
195,2,0,0,1.1360820944249246
195,3,0,0,1.5535043597123257
195,4,0,0,1.6109004317457511
195,5,0,0,1.0072190523374922
196,0,1,0,0.5275538620825238
196,1,1,0,0.7243142285143225
196,2,1,0,1.566749168654403
196,3,1,1,2.6859028451674147
196,4,1,1,3.2192794453258795
196,5,1,1,2.963087973766312
197,0,1,0,-1.1483844095251305
197,1,1,0,-0.584705444939895
197,2,1,0,1.431862979928123
197,3,1,1,4.005347167231761
197,4,1,1,4.333591978690398
197,5,1,1,4.472612998371609
198,0,1,0,-0.8934535212786614
198,1,1,0,0.14781457795672787
198,2,1,0,1.7975048386400707
198,3,1,1,2.700982794770659
198,4,1,1,3.8532757112269973
198,5,1,1,2.534105905421347
199,0,1,0,-1.8708525634769084
199,1,1,0,-0.23199293318855052
199,2,1,0,-1.1393967920628794
199,3,1,1,0.3377328210919506
199,4,1,1,-0.6472159744704364
199,5,1,1,1.6846476812086886
200,0,0,0,-1.8037274657818083
200,1,0,0,-1.1147233862007035
200,2,0,0,-1.4196913165975997
200,3,0,0,-1.368520456712956
200,4,0,0,-2.787873261768492
200,5,0,0,-1.0299422134396743
201,0,1,0,0.017088724633155472
201,1,1,0,0.2252906137026467
201,2,1,0,0.21320234143195985
201,3,1,1,1.951713800096805
201,4,1,1,2.0661236216779386
201,5,1,1,2.7283386159621723
202,0,0,0,1.4937755855322723
202,1,0,0,-0.08183660373729285
202,2,0,0,1.0094531987250694
202,3,0,0,2.2842281183353843
202,4,0,0,2.031902307035659
202,5,0,0,2.550053865932055
203,0,0,0,-0.8204073382108861
203,1,0,0,-0.18355699961971284
203,2,0,0,-1.0287638454773114
203,3,0,0,0.18297817948274953
203,4,0,0,0.2614661941958917
203,5,0,0,-0.9759076303757312
204,0,0,0,-1.7105949998525078
204,1,0,0,0.17807820665931112
204,2,0,0,-1.1740756249113486
204,3,0,0,1.4325109578715705
204,4,0,0,2.3890980383557765
204,5,0,0,2.1672656119249565
205,0,1,0,0.3018739766653564
205,1,1,0,1.1636185318791736
205,2,1,0,0.8397979036705201
205,3,1,1,3.4502076929686836
205,4,1,1,2.8902632590498247
205,5,1,1,4.123387977115521
206,0,1,0,0.4292322026967319
206,1,1,0,0.08131081135120888
206,2,1,0,0.5009977511822333
206,3,1,1,0.8835551573663689
206,4,1,1,4.346784831769719
206,5,1,1,2.8617735279080083
207,0,1,0,0.05203005831297203
207,1,1,0,0.5676663328524836
207,2,1,0,0.38923001570060073
207,3,1,1,1.285574953383819
207,4,1,1,1.7286205074501377
207,5,1,1,3.463155890518931
208,0,0,0,-0.7452552419010435
208,1,0,0,-0.05880506962313581
208,2,0,0,1.2631402098613695
208,3,0,0,2.2341557231165847
208,4,0,0,3.266888333588374
208,5,0,0,1.2819504547089984
209,0,1,0,2.597912795282598
209,1,1,0,1.3422945025984712
209,2,1,0,1.0375427493508727
209,3,1,1,2.2506948411241843
209,4,1,1,2.387421733829083
209,5,1,1,2.3037116806010594
210,0,0,0,0.36848456437516375
210,1,0,0,-1.5067480250899676
210,2,0,0,-0.998424155720435
210,3,0,0,1.7269478338900024
210,4,0,0,1.7502618069544598
210,5,0,0,2.309395551472039
211,0,0,0,0.7605716179381009
211,1,0,0,0.04557241524147204
211,2,0,0,0.11729093579956029
211,3,0,0,1.191138169076541
211,4,0,0,0.31241232470677627
211,5,0,0,0.11186071933671449
212,0,0,0,0.9554285239227883
212,1,0,0,0.3792452797966126
212,2,0,0,3.2099508508297365
212,3,0,0,4.673224884246374
212,4,0,0,5.513674642879818
212,5,0,0,6.468079792554103
213,0,0,0,-1.4471725857183126
213,1,0,0,-0.5768204398355555
213,2,0,0,0.12568077939107336
213,3,0,0,0.7131735752582611
213,4,0,0,1.4649264572051401
213,5,0,0,1.3965426260267704
214,0,1,0,0.04571319704755078
214,1,1,0,1.5992079824287617
214,2,1,0,0.6472092547564388
214,3,1,1,1.5575571959914218
214,4,1,1,3.088865846361018
214,5,1,1,4.334573019850241
215,0,1,0,-0.2099782833292062
215,1,1,0,1.5135508307105634
215,2,1,0,1.1250615542962303
215,3,1,1,3.5288977846622944
215,4,1,1,2.315976314083845
215,5,1,1,3.211396148455385
216,0,1,0,1.806431643740167
216,1,1,0,-0.06154783889305137
216,2,1,0,-0.20413413148403764
216,3,1,1,-0.4362317632276541
216,4,1,1,0.6101824371853478
216,5,1,1,0.19685836716852145
217,0,1,0,2.0742634054718807
217,1,1,0,0.6777810765810716
217,2,1,0,2.9137077848982997
217,3,1,1,4.094765535008311
217,4,1,1,4.088099171144466
217,5,1,1,4.886995211056169
218,0,1,0,-0.10648428298765661
218,1,1,0,1.1357338121775604
218,2,1,0,2.003531057350806
218,3,1,1,4.664621837350041
218,4,1,1,5.2963889797890875
218,5,1,1,8.53928880463721
219,0,1,0,-0.23209757169748313
219,1,1,0,0.07176577203041357
219,2,1,0,1.751257799121984
219,3,1,1,2.8175610022236555
219,4,1,1,4.764161813906233
219,5,1,1,4.2615132770859585
220,0,0,0,-0.7293591681920637
220,1,0,0,-1.1669906827829608
220,2,0,0,-1.2505580854682985
220,3,0,0,1.0131832601616917
220,4,0,0,2.3049944866457746
220,5,0,0,3.889992217170604
221,0,1,0,-0.9209217429843659
221,1,1,0,-0.25936477459471696
221,2,1,0,0.4395395349114938
221,3,1,1,1.5502753546264076
221,4,1,1,2.2521684417885726
221,5,1,1,2.532786573254535
222,0,0,0,-1.2290240167137267
222,1,0,0,0.9738090959141175
222,2,0,0,1.6972475911911067
222,3,0,0,0.07445271995067071
222,4,0,0,1.6024106621479657
222,5,0,0,3.1306105262587884
223,0,0,0,-0.18217280184412932
223,1,0,0,-2.2965233903945914
223,2,0,0,-0.7162728903809331
223,3,0,0,-0.9109508775204185
223,4,0,0,1.522511786880561
223,5,0,0,1.634892702088989
224,0,0,0,0.913594173166649
224,1,0,0,0.1618570272546248
224,2,0,0,0.01956966680856964
224,3,0,0,2.096826537091971
224,4,0,0,0.5905809062067162
224,5,0,0,2.5900964320552538
225,0,0,0,-1.308318764312278
225,1,0,0,0.9458650798845458
225,2,0,0,1.8069708851206516
225,3,0,0,2.4046679696108537
225,4,0,0,0.9907555884796199
225,5,0,0,2.3648371299535538
226,0,1,0,1.601132087944425
226,1,1,0,-1.5658955837958821
226,2,1,0,1.3720334260004727
226,3,1,1,2.006871223247507
226,4,1,1,2.380760861327323
226,5,1,1,3.1189634870456677
227,0,0,0,-0.18970911137381902
227,1,0,0,-0.8935699202348915
227,2,0,0,0.7310424051990183
227,3,0,0,1.0530497621559374
227,4,0,0,1.2845147442373892
227,5,0,0,2.827681332689508
228,0,0,0,-0.22265750176045151
228,1,0,0,-0.49210576283925617
228,2,0,0,0.48078605541470654
228,3,0,0,2.7019219855320995
228,4,0,0,3.924768453392493
228,5,0,0,3.6720689134181175
229,0,0,0,-0.7734799244750792
229,1,0,0,-0.8364566255979933
229,2,0,0,-2.0047080312571075
229,3,0,0,-0.0543843257351756
229,4,0,0,-0.13036943744634988
229,5,0,0,-0.5492301925328863
230,0,1,0,-0.40966510668756395
230,1,1,0,1.4503904249465234
230,2,1,0,-0.19059943173588917
230,3,1,1,1.9054826859787903
230,4,1,1,0.19143021494965506
230,5,1,1,1.6839441371435055
231,0,1,0,-2.379727535554257
231,1,1,0,1.3939061018222574
231,2,1,0,0.02412911724335076
231,3,1,1,1.2000702080877352
231,4,1,1,0.24956815764722295
231,5,1,1,0.9227289823747717
232,0,0,0,-1.3139652712615915
232,1,0,0,0.8105460983633153
232,2,0,0,-0.035283964517620725
232,3,0,0,0.9646282946149769
232,4,0,0,2.7865368413236187
232,5,0,0,1.8894663712882904
233,0,0,0,0.7513401221092806
233,1,0,0,0.580898186551771
233,2,0,0,-0.7215390951980691
233,3,0,0,0.609342459259371
233,4,0,0,1.1096432613015272
233,5,0,0,0.40863003409758536
234,0,0,0,2.012286983540011
234,1,0,0,2.7001353401022006
234,2,0,0,3.5537513469903463
234,3,0,0,3.243691159949752
234,4,0,0,4.662885122591372
234,5,0,0,5.157771113985343
235,0,0,0,2.67053049533405
235,1,0,0,3.1323137118798585
235,2,0,0,4.145722554475393
235,3,0,0,2.71383881489418
235,4,0,0,3.6659047896443244
235,5,0,0,5.030470408150872
236,0,1,0,-0.1357631853714152
236,1,1,0,0.7615329608480939
236,2,1,0,0.22866932867584955
236,3,1,1,0.32156248411635824
236,4,1,1,2.543503757644408
236,5,1,1,3.667928433926911
237,0,1,0,-2.917221514414354
237,1,1,0,-2.6742168027441218
237,2,1,0,-1.4488282184117713
237,3,1,1,0.5780661377458522
237,4,1,1,0.905404060279585
237,5,1,1,1.388565368206707
238,0,0,0,0.6780912591250754
238,1,0,0,-0.009546958081285778
238,2,0,0,0.5749715549005731
238,3,0,0,-0.7846494013833384
238,4,0,0,0.8380259558223955
238,5,0,0,0.5915538327443137
239,0,1,0,-0.8777057252685445
239,1,1,0,0.8744718199993662
239,2,1,0,-1.2327789758821666
239,3,1,1,1.7370125490430857
239,4,1,1,0.6203512923177787
239,5,1,1,2.9055783089754232
240,0,1,0,-1.1335677380763105
240,1,1,0,-0.4638433228132071
240,2,1,0,-0.25069951800176404
240,3,1,1,2.946659164154651
240,4,1,1,3.450056069693086
240,5,1,1,4.1831327905531035
241,0,1,0,-0.30536661812421506
241,1,1,0,0.33792544079978537
241,2,1,0,1.908316270364119
241,3,1,1,2.9182506989235604
241,4,1,1,2.9527414968548182
241,5,1,1,3.6100354007710704
242,0,1,0,1.1004564541216642
242,1,1,0,0.3739088993727605
242,2,1,0,0.8196154868298784
242,3,1,1,2.4483808937629847
242,4,1,1,2.122824882205512
242,5,1,1,3.0222023803169638
243,0,0,0,2.7557778398460746
243,1,0,0,1.930755009740778
243,2,0,0,2.373524310833653
243,3,0,0,2.2835330276745167
243,4,0,0,2.4750608880917415
243,5,0,0,4.3039918612457155
244,0,0,0,0.753834777451846
244,1,0,0,0.9274206697815017
244,2,0,0,2.227585737242292
244,3,0,0,1.848571556913153
244,4,0,0,1.2551840475469627
244,5,0,0,2.442168471279536
245,0,0,0,-1.1915775466503906
245,1,0,0,-2.0441483287813447
245,2,0,0,-0.5193190229458595
245,3,0,0,2.135086025426768
245,4,0,0,2.806661549071195
245,5,0,0,3.0218790216726035
246,0,1,0,0.48303184861666804
246,1,1,0,1.4460377838070215
246,2,1,0,1.0736750782394746
246,3,1,1,3.0966912062370775
246,4,1,1,3.6132326610269945
246,5,1,1,4.412006317500851
247,0,1,0,2.4816136977111682
247,1,1,0,1.189346280502357
247,2,1,0,2.0114324650370654
247,3,1,1,2.9111737895933723
247,4,1,1,4.580186333118357
247,5,1,1,5.491239834449689
248,0,1,0,0.9063813417763743
248,1,1,0,1.5768180982876654
248,2,1,0,1.5721631590575316
248,3,1,1,2.8509244621288383
248,4,1,1,3.0055189398729274
248,5,1,1,4.042155788749731
249,0,1,0,-0.9045226473246747
249,1,1,0,-1.224773434120163
249,2,1,0,0.2464489800540398
249,3,1,1,0.4869691435557184
249,4,1,1,2.762651523371777
249,5,1,1,1.6369619126855188
250,0,1,0,0.02739755329568702
250,1,1,0,-0.4409721547946716
250,2,1,0,-0.5631365971388401
250,3,1,1,0.6445761416613813
250,4,1,1,0.19885398457440318
250,5,1,1,0.1545027546834148
251,0,1,0,-0.7705597818429776
251,1,1,0,-0.9566813323681991
251,2,1,0,0.400385428899667
251,3,1,1,1.0191089108869509
251,4,1,1,1.3107707155607407
251,5,1,1,1.3711544396049533
252,0,1,0,0.29960124258162607
252,1,1,0,2.699062753867269
252,2,1,0,4.487474259779127
252,3,1,1,4.57710297742888
252,4,1,1,5.919360179778304
252,5,1,1,4.998645423363593
253,0,0,0,-0.4151734732065895
253,1,0,0,-0.09920008367588964
253,2,0,0,-0.7950550770749829
253,3,0,0,0.6569186952303472
253,4,0,0,0.8301341493955265
253,5,0,0,0.032611175227755806
254,0,0,0,0.3261311980014737
254,1,0,0,0.48974715653139567
254,2,0,0,1.0533849385033216
254,3,0,0,0.21820674443837484
254,4,0,0,0.9554942694276936
254,5,0,0,1.3768074772580698
255,0,0,0,0.045677831083138776
255,1,0,0,-0.493150353522107
255,2,0,0,1.051610868641908
255,3,0,0,0.33348132115248363
255,4,0,0,0.3097986146024223
255,5,0,0,1.9235434901033517
256,0,1,0,0.05541904952784096
256,1,1,0,1.5077770640716546
256,2,1,0,0.9204400753716007
256,3,1,1,0.7886833633314347
256,4,1,1,4.149778438840713
256,5,1,1,3.433285280010876
257,0,0,0,-0.91016984842054
257,1,0,0,-1.5069120324298186
257,2,0,0,0.5272308117420218
257,3,0,0,2.310009838667094
257,4,0,0,2.286715813100121
257,5,0,0,3.7787951883087674
258,0,1,0,0.7447298950815631
258,1,1,0,1.5071707775015455
258,2,1,0,1.041213059364631
258,3,1,1,3.454402198579608
258,4,1,1,3.650664401518571
258,5,1,1,3.5745695855344115
259,0,1,0,0.48625651061599084
259,1,1,0,0.31621471612065255
259,2,1,0,1.408983877820475
259,3,1,1,0.526355156796964
259,4,1,1,2.6824519035425087
259,5,1,1,3.049173499435862
260,0,0,0,0.17053146061010138
260,1,0,0,1.8795410416632812
260,2,0,0,2.0607930622970754
260,3,0,0,2.662879562476933
260,4,0,0,3.2401288497266676
260,5,0,0,6.0796780200955896
261,0,1,0,0.1306536192386185
261,1,1,0,0.5243523632515518
261,2,1,0,2.282086875977586
261,3,1,1,3.318857060136497
261,4,1,1,2.1760890671097757
261,5,1,1,4.083338348774053
262,0,1,0,-3.100891277338869
262,1,1,0,-1.8786224914309617
262,2,1,0,-1.7353199620989022
262,3,1,1,1.9342081379891565
262,4,1,1,0.4679758710177937
262,5,1,1,2.619054406932484
263,0,0,0,0.03854845629835372
263,1,0,0,0.13382680310196216
263,2,0,0,0.44250427942093806
263,3,0,0,2.0050656775387177
263,4,0,0,2.53226423301098
263,5,0,0,2.524861209379176
264,0,0,0,-2.335894473795347
264,1,0,0,-1.2677868576670197
264,2,0,0,-1.3656176672441926
264,3,0,0,0.3910848950249277
264,4,0,0,-0.863203674972284
264,5,0,0,0.8686540583542984
265,0,0,0,1.5848592416394418
265,1,0,0,3.439202205858696
265,2,0,0,2.3285629292504813
265,3,0,0,2.3654108330828674
265,4,0,0,3.5192069344980657
265,5,0,0,4.200510904184122
266,0,1,0,-0.8567598991819996
266,1,1,0,-1.0641908106165479
266,2,1,0,0.5825885648728134
266,3,1,1,2.023762893506782
266,4,1,1,1.234742283811334
266,5,1,1,2.010996577968327
267,0,1,0,2.617372139717084
267,1,1,0,2.3010634155673304
267,2,1,0,2.841386219802293
267,3,1,1,5.565524399402449
267,4,1,1,5.844602259571344
267,5,1,1,5.2526876277366945
268,0,0,0,0.4868458764093413
268,1,0,0,0.03365310375763719
268,2,0,0,0.470156456432531
268,3,0,0,2.1150646753799833
268,4,0,0,1.4278629559232758
268,5,0,0,3.2338908829763486
269,0,1,0,-0.14264559946592326
269,1,1,0,-0.5920455861185806
269,2,1,0,0.3589283326711319
269,3,1,1,-0.16639801678259936
269,4,1,1,0.7548766760901238
269,5,1,1,1.8410692926373668
270,0,0,0,-0.28110273875077385
270,1,0,0,1.8896623549079474
270,2,0,0,2.0377953481409685
270,3,0,0,1.469552202260748
270,4,0,0,1.9247011475005997
270,5,0,0,5.044749447030249
271,0,1,0,0.4691127151829495
271,1,1,0,-1.4174042029506604
271,2,1,0,-1.5777953729540561
271,3,1,1,-1.059664194228089
271,4,1,1,-0.7306225655657157
271,5,1,1,-0.04493178124739494
272,0,0,0,0.1431707202783235
272,1,0,0,1.2841301700565677
272,2,0,0,1.3025318212594392
272,3,0,0,0.4193067909483725
272,4,0,0,0.6895013464539073
272,5,0,0,0.8818686502452768
273,0,0,0,-0.5528296168381348
273,1,0,0,1.532874244913013
273,2,0,0,1.7899368835523015
273,3,0,0,0.6711378778124697
273,4,0,0,0.6777138886172911
273,5,0,0,1.9623516377835275
274,0,0,0,1.1150994933652063
274,1,0,0,1.6943110133024901
274,2,0,0,2.312269778217323
274,3,0,0,2.0870885553130765
274,4,0,0,1.4898546531767436
274,5,0,0,3.141448121368291
275,0,0,0,-1.1468118387587074
275,1,0,0,0.8312280664878522
275,2,0,0,-0.11200570358251691
275,3,0,0,1.6242655532275028
275,4,0,0,0.23240496465064708
275,5,0,0,2.5421905104495046
276,0,0,0,2.3743422973377575
276,1,0,0,2.758856212856225
276,2,0,0,1.8293203100087592
276,3,0,0,2.13928359000888
276,4,0,0,4.549022204831039
276,5,0,0,2.0677839430570635
277,0,0,0,0.22139810531492254
277,1,0,0,2.806898072272393
277,2,0,0,1.2578318442663314
277,3,0,0,3.0475460557521727
277,4,0,0,4.280169397335989
277,5,0,0,4.7832573423691205
278,0,0,0,-0.047745472329996375
278,1,0,0,1.5330729431296457
278,2,0,0,1.986924485530626
278,3,0,0,2.8757046852111063
278,4,0,0,2.837410629692089
278,5,0,0,3.4752695821779276
279,0,0,0,0.05455196556572306
279,1,0,0,0.6934235883662383
279,2,0,0,-0.2744447184559
279,3,0,0,1.1830656972100277
279,4,0,0,0.7788319272720177
279,5,0,0,2.1140586545532845
280,0,0,0,0.4390169916581378
280,1,0,0,0.3612472229292607
280,2,0,0,1.0091422217411383
280,3,0,0,1.444478054908912
280,4,0,0,1.466698370495278
280,5,0,0,3.05711253041059
281,0,1,0,1.2694496639807635
281,1,1,0,1.7350991529596658
281,2,1,0,1.670054005260156
281,3,1,1,3.4470826663043486
281,4,1,1,3.401045278677123
281,5,1,1,4.905864196351113
282,0,1,0,-0.8347876219895325
282,1,1,0,-0.7843852861526803
282,2,1,0,1.3545522170324436
282,3,1,1,1.6667925324300115
282,4,1,1,2.213928001802579
282,5,1,1,2.2831247068044336
283,0,1,0,-0.9675325002723921
283,1,1,0,-1.0634255548067113
283,2,1,0,0.7143891148737395
283,3,1,1,1.4776878283143993
283,4,1,1,3.030842965068833
283,5,1,1,1.431713999925445
284,0,0,0,-3.514913579967333
284,1,0,0,-2.384100026457098
284,2,0,0,-3.1724927046431874
284,3,0,0,-2.4288888964104833
284,4,0,0,-1.250922554638082
284,5,0,0,-0.8246369814564268
285,0,0,0,-0.7670935825923697
285,1,0,0,-1.1957249812067248
285,2,0,0,-0.40339289284740515
285,3,0,0,0.568994191494673
285,4,0,0,1.5308758753872351
285,5,0,0,2.126293926262393
286,0,0,0,-1.165326672984051
286,1,0,0,-1.2537222945281337
286,2,0,0,-0.7449366818470481
286,3,0,0,-0.9503966340946575
286,4,0,0,0.4525149787734485
286,5,0,0,0.2715641538046434
287,0,0,0,1.2215790351856899
287,1,0,0,2.404374306915726
287,2,0,0,0.9758266704656033
287,3,0,0,1.9950230868131351
287,4,0,0,1.6476080985040593
287,5,0,0,0.8973708021931021
288,0,1,0,-1.6926222515180906
288,1,1,0,0.37601035450601306
288,2,1,0,0.35389798334566225
288,3,1,1,2.6075592515788997
288,4,1,1,2.802587712375301
288,5,1,1,2.3150463326700046
289,0,1,0,1.087299261195687
289,1,1,0,0.3197842192774341
289,2,1,0,0.43226361461526985
289,3,1,1,2.6332327361912586
289,4,1,1,3.04364491302349
289,5,1,1,4.00159130447329
290,0,0,0,1.4963104107325356
290,1,0,0,1.4933513042586384
290,2,0,0,2.628134227842878
290,3,0,0,3.306961091267947
290,4,0,0,5.070139617696785
290,5,0,0,3.8233419390667063
291,0,1,0,0.18934094507288923
291,1,1,0,1.7502935993562727
291,2,1,0,0.7385062187060372
291,3,1,1,2.1390899615919374
291,4,1,1,2.1604759995596257
291,5,1,1,3.631530623211236
292,0,0,0,0.73311886739946
292,1,0,0,-0.5208733261016205
292,2,0,0,1.9906381619779716
292,3,0,0,1.6600745409291562
292,4,0,0,3.0675078598575323
292,5,0,0,4.868875350982849
293,0,0,0,0.5404297090254859
293,1,0,0,1.4064306978196057
293,2,0,0,-0.09997893665945401
293,3,0,0,1.1775659069150095
293,4,0,0,0.7663772726948241
293,5,0,0,0.379781435186726
294,0,1,0,-1.6399728639604891
294,1,1,0,1.1551461958132014
294,2,1,0,-0.5534902966879175
294,3,1,1,2.707334061490207
294,4,1,1,3.1513197435021314
294,5,1,1,4.140238034849826
295,0,1,0,-1.4020511977061814
295,1,1,0,-2.190168614452649
295,2,1,0,-1.3813993590583276
295,3,1,1,-0.8478599130611905
295,4,1,1,-1.4276906063050023
295,5,1,1,-1.2344717064241508
296,0,0,0,0.34118174804933155
296,1,0,0,1.1263065590748247
296,2,0,0,2.482247996698905
296,3,0,0,2.5198930096191146
296,4,0,0,2.1229078115867535
296,5,0,0,3.904765201257648
297,0,0,0,-2.132886420912283
297,1,0,0,-0.30765030011921124
297,2,0,0,0.3178217822837186
297,3,0,0,-0.6691351078926647
297,4,0,0,-2.5221799103970124
297,5,0,0,-1.5479772693662084
298,0,1,0,-0.6507240940442289
298,1,1,0,1.3922465550916736
298,2,1,0,0.7943393082814127
298,3,1,1,2.341678400784543
298,4,1,1,4.348262483666645
298,5,1,1,3.2929936359926537
299,0,0,0,1.1030163693506105
299,1,0,0,1.5158789536771695
299,2,0,0,2.232947599863321
299,3,0,0,4.368402992751755
299,4,0,0,3.15474528870871
299,5,0,0,4.880654479341586
300,0,0,0,-0.11199918713360119
300,1,0,0,0.7330769822921415
300,2,0,0,-1.0931641380685915
300,3,0,0,0.5273357385144073
300,4,0,0,-1.0224578995722915
300,5,0,0,-1.5142975789862463
301,0,0,0,0.6316284368810032
301,1,0,0,-0.3440632766305526
301,2,0,0,-0.5423916690023417
301,3,0,0,-0.16588470633674723
301,4,0,0,1.4323353877321554
301,5,0,0,0.9840756708548288
302,0,0,0,0.35544171758493937
302,1,0,0,1.8960089925894685
302,2,0,0,0.9502581480903591
302,3,0,0,3.854513146159204
302,4,0,0,2.5920632794533027
302,5,0,0,5.515003416935963
303,0,0,0,-0.9903781100069111
303,1,0,0,1.451220587843733
303,2,0,0,0.47056773131940033
303,3,0,0,0.30191811985559863
303,4,0,0,0.9123418745355236
303,5,0,0,2.2721339864276695
304,0,1,0,-0.8844487648334374
304,1,1,0,1.0211730880057945
304,2,1,0,0.5518267938021969
304,3,1,1,0.7965096593404553
304,4,1,1,0.7550757244905635
304,5,1,1,2.0467120120846682
305,0,0,0,1.5249464977271767
305,1,0,0,2.737247961765691
305,2,0,0,4.842081926484901
305,3,0,0,3.6754545183350733
305,4,0,0,3.5519856966009677
305,5,0,0,4.822689227254495
306,0,1,0,-1.2204306745731248
306,1,1,0,0.09338020709471995
306,2,1,0,-0.24414401229495872
306,3,1,1,2.5032060976367507
306,4,1,1,1.1394717229787366
306,5,1,1,1.8397220872782334
307,0,1,0,-0.8842510244552197
307,1,1,0,-1.2606003982844838
307,2,1,0,-0.078877452037179
307,3,1,1,0.6391006018486606
307,4,1,1,1.0036412020923087
307,5,1,1,1.0932912106697996
308,0,0,0,-0.2364627877587278
308,1,0,0,0.7622569512363411
308,2,0,0,0.6849827558772377
308,3,0,0,0.9269365947350126
308,4,0,0,1.9495453181205016
308,5,0,0,1.9996479678256152
309,0,0,0,0.10243178587522328
309,1,0,0,-0.12973919805817435
309,2,0,0,0.8800563940450874
309,3,0,0,1.9616502487233012
309,4,0,0,2.3491243968851574
309,5,0,0,1.1909396592328272
310,0,0,0,0.4837110223536939
310,1,0,0,-0.29134843812939487
310,2,0,0,0.22357014179827117
310,3,0,0,0.43928043523386195
310,4,0,0,1.006095352562908
310,5,0,0,0.7841284730644185
311,0,1,0,-1.8378274623735482
311,1,1,0,-2.4259229331290206
311,2,1,0,-1.8687743347842398
311,3,1,1,-1.6201534590202844
311,4,1,1,-2.102931287448637
311,5,1,1,-1.412239896690559
312,0,0,0,0.6109097308972273
312,1,0,0,1.0345203826190303
312,2,0,0,0.060596449489227044
312,3,0,0,2.0992951921194347
312,4,0,0,1.1352552785919259
312,5,0,0,2.0294675385677143
313,0,0,0,0.08011228748105292
313,1,0,0,1.0120737132557251
313,2,0,0,0.2510599388079351
313,3,0,0,1.2666954787577507
313,4,0,0,1.59085023529303
313,5,0,0,0.5145266847440222
314,0,0,0,0.7142861712279431
314,1,0,0,0.5539988327471321
314,2,0,0,1.465583552568953
314,3,0,0,1.629795222589119
314,4,0,0,3.077989884331449
314,5,0,0,2.188373105795685
315,0,1,0,-1.0472608368122547
315,1,1,0,-0.5849608456545291
315,2,1,0,-0.17395901355033422
315,3,1,1,1.9151221131632987
315,4,1,1,3.82038407567168
315,5,1,1,2.789652650031007
316,0,0,0,-0.8112691093459845
316,1,0,0,0.8700508861974641
316,2,0,0,0.5319386897971937
316,3,0,0,2.1297113271201944
316,4,0,0,1.2146269942379049
316,5,0,0,2.2610914074419317
317,0,0,0,0.12336981646519242
317,1,0,0,1.720827518361364
317,2,0,0,0.631743980978346
317,3,0,0,0.748951431299001
317,4,0,0,-0.6767393551883052
317,5,0,0,1.0173127376369218
318,0,1,0,0.9724546622032533
318,1,1,0,0.6571509376965035
318,2,1,0,-0.015095687865656626
318,3,1,1,1.6316607811299657
318,4,1,1,2.1235973701423596
318,5,1,1,3.715007414195602
319,0,1,0,-0.2027847997748134
319,1,1,0,-1.0444059511181876
319,2,1,0,1.0253664735804173
319,3,1,1,1.5241205782547473
319,4,1,1,2.475519940001808
319,5,1,1,2.600278928494902
320,0,0,0,1.5896243673754151
320,1,0,0,1.2400750600084043
320,2,0,0,1.7851601423763492
320,3,0,0,3.0283209300163985
320,4,0,0,3.691974365320098
320,5,0,0,2.4778377006307926
321,0,0,0,1.1730019255029005
321,1,0,0,1.7528278436154792
321,2,0,0,3.7746216377202937
321,3,0,0,3.54635025895786
321,4,0,0,4.35725405337009
321,5,0,0,3.6844706991198746
322,0,0,0,-0.16565727381047268
322,1,0,0,1.1725455205200621
322,2,0,0,1.5394753567460202
322,3,0,0,1.2430438117004012
322,4,0,0,2.4082213948349724
322,5,0,0,3.022124125310631
323,0,0,0,-1.3049650653482223
323,1,0,0,-1.3905331588822087
323,2,0,0,-0.9227150345933411
323,3,0,0,0.6549652819817675
323,4,0,0,1.4585376145855702
323,5,0,0,2.275369399777979
324,0,1,0,-2.607844943787629
324,1,1,0,-1.917221420492403
324,2,1,0,-2.114255938877206
324,3,1,1,-1.3693501701446342
324,4,1,1,-0.7395015035656194
324,5,1,1,-0.429247626325989
325,0,0,0,-0.9940452209380191
325,1,0,0,-0.7190191696406216
325,2,0,0,2.903874745952594
325,3,0,0,1.8326991029765813
325,4,0,0,2.559268142380014
325,5,0,0,0.5442566947336313
326,0,1,0,-0.05784861517628659
326,1,1,0,1.1157906207323633
326,2,1,0,1.0882611284043306
326,3,1,1,2.302407146766533
326,4,1,1,1.588871141348168
326,5,1,1,3.586752552960391
327,0,0,0,-1.2781076809571075
327,1,0,0,-0.246146225330389
327,2,0,0,0.6974624306157725
327,3,0,0,1.5739429363954436
327,4,0,0,0.021452685632951107
327,5,0,0,1.8331715026804405
328,0,0,0,0.13660419302797577
328,1,0,0,0.0273024396879758
328,2,0,0,-0.9775739392122903
328,3,0,0,1.221644071170446
328,4,0,0,1.2658203858613328
328,5,0,0,0.9966223594350021
329,0,1,0,-1.573171069636944
329,1,1,0,-2.443286912361299
329,2,1,0,-0.027460480288216127
329,3,1,1,0.03317311075521623
329,4,1,1,0.5514249417271835
329,5,1,1,-0.330210091663347
330,0,1,0,-0.45809660340575836
330,1,1,0,1.0011296882560201
330,2,1,0,3.1479792307311145
330,3,1,1,2.770269629168296
330,4,1,1,5.665034956336676
330,5,1,1,6.915832506666316
331,0,0,0,-0.7027018591054071
331,1,0,0,-0.10395571524354158
331,2,0,0,0.5070870233861409
331,3,0,0,1.4071862514465012
331,4,0,0,2.6626630898250347
331,5,0,0,1.5821296770234947
332,0,0,0,0.6219170323932229
332,1,0,0,0.6379414136572478
332,2,0,0,1.6261643048050156
332,3,0,0,1.4968109469369262
332,4,0,0,1.647149083455464
332,5,0,0,2.726308182661562
333,0,0,0,0.8868645388397626
333,1,0,0,0.46502406645307753
333,2,0,0,1.0601383305222754
333,3,0,0,3.2328504747325892
333,4,0,0,3.751239576568717
333,5,0,0,2.4929162746292075
334,0,1,0,-0.5089674191001883
334,1,1,0,0.13934318144981944
334,2,1,0,0.46710909493450437
334,3,1,1,0.7365155364212683
334,4,1,1,2.4677101898864597
334,5,1,1,3.5011846967066136
335,0,0,0,0.04473218886490593
335,1,0,0,0.26488631383199795
335,2,0,0,1.8452561572673076
335,3,0,0,0.40114662493930076
335,4,0,0,2.0082360595256885
335,5,0,0,2.6328009589173105
336,0,0,0,0.2413910411752267
336,1,0,0,-0.054704285976870756
336,2,0,0,1.1483066709440652
336,3,0,0,1.533235875797463
336,4,0,0,0.8922579254105609
336,5,0,0,-0.2272734935862687
337,0,1,0,1.303148843398041
337,1,1,0,2.8108587023671596
337,2,1,0,2.352575511775695
337,3,1,1,3.6062521079552203
337,4,1,1,4.342358718970602
337,5,1,1,4.498470265581163
338,0,0,0,0.6222715568829138
338,1,0,0,1.5773659035385388
338,2,0,0,3.262582075766913
338,3,0,0,1.7676320501144889
338,4,0,0,2.6344118957808424
338,5,0,0,2.247597518788668
339,0,1,0,-0.1975297264908721
339,1,1,0,-0.15934342517679378
339,2,1,0,1.0527358455009879
339,3,1,1,2.8583181815955747
339,4,1,1,3.4054102541428115
339,5,1,1,4.570521883455719
340,0,1,0,0.73077794537069
340,1,1,0,3.1157243182321452
340,2,1,0,3.159236229303797
340,3,1,1,6.451216670614061
340,4,1,1,6.827040289460557
340,5,1,1,8.162349116215744
341,0,0,0,1.3895151182843788
341,1,0,0,1.6234439113847243
341,2,0,0,2.2939918987584837
341,3,0,0,5.053608933895042
341,4,0,0,3.7614849989955212
341,5,0,0,4.68801099441237
342,0,0,0,1.1370830912125518
342,1,0,0,2.6173882456261626
342,2,0,0,1.0927558340938883
342,3,0,0,2.562233971823948
342,4,0,0,2.608613300853722
342,5,0,0,5.017866900376639
343,0,1,0,2.973701111889999
343,1,1,0,1.6801445687480603
343,2,1,0,4.577804683903073
343,3,1,1,5.178160018027738
343,4,1,1,6.642270405366271
343,5,1,1,7.59761708245858
344,0,1,0,1.2147713081455223
344,1,1,0,0.5163611954174757
344,2,1,0,0.5967794610664147
344,3,1,1,2.2575276619861726
344,4,1,1,3.468357360258104
344,5,1,1,4.866407423655513
345,0,0,0,0.8494708257671953
345,1,0,0,1.2013034176235087
345,2,0,0,0.4660179689081112
345,3,0,0,1.7863651496720874
345,4,0,0,1.5944531003360116
345,5,0,0,1.1315204834091959
346,0,0,0,-2.4697694280158693
346,1,0,0,-1.09269218546795
346,2,0,0,-0.34815474167324506
346,3,0,0,-0.22354151349552298
346,4,0,0,0.968288041462397
346,5,0,0,0.5089415294233761
347,0,0,0,0.7796770274597663
347,1,0,0,0.02072906064860014
347,2,0,0,2.5967158865118414
347,3,0,0,2.6815624676136753
347,4,0,0,2.937961314785162
347,5,0,0,4.015769655004575
348,0,0,0,-1.3500097187338205
348,1,0,0,0.018193371934132063
348,2,0,0,-0.18420953971107204
348,3,0,0,-0.384254202228836
348,4,0,0,-0.3697588203915121
348,5,0,0,2.38054010052947
349,0,1,0,0.0418843847282232
349,1,1,0,1.9463075790075506
349,2,1,0,0.6630666796627152
349,3,1,1,1.5920550717351016
349,4,1,1,1.9516016303083703
349,5,1,1,3.634971761245005
350,0,0,0,1.6782474920923798
350,1,0,0,-0.29851061163897974
350,2,0,0,1.042223711953759
350,3,0,0,2.5920501812950425
350,4,0,0,2.848694074859202
350,5,0,0,4.060667884086388
351,0,0,0,2.3857925952165733
351,1,0,0,1.6022587334540976
351,2,0,0,2.530271151362912
351,3,0,0,2.1597338278989056
351,4,0,0,2.444158201250805
351,5,0,0,2.3258240383080486
352,0,0,0,-1.9786273098825327
352,1,0,0,-1.758317213843902
352,2,0,0,-0.5784645826689088
352,3,0,0,-1.1231843936065296
352,4,0,0,1.1854556315667333
352,5,0,0,1.0265487564546794
353,0,1,0,-0.7233399073659579
353,1,1,0,0.6913785377915231
353,2,1,0,-1.3438073875666943
353,3,1,1,0.1233342147173837
353,4,1,1,1.9284445205995817
353,5,1,1,1.8523362825137604
354,0,0,0,1.53110050695624
354,1,0,0,2.3634232036582596
354,2,0,0,3.142429248547566
354,3,0,0,3.540513496600113
354,4,0,0,3.9139219407243555
354,5,0,0,3.1720176154406747
355,0,1,0,-1.5353221036581342
355,1,1,0,-1.2024958807745436
355,2,1,0,-0.9760120468561675
355,3,1,1,-0.16588947191521297
355,4,1,1,1.0804162484782416
355,5,1,1,0.8713711649408092
356,0,0,0,1.7733239697473777
356,1,0,0,1.9401089017323128
356,2,0,0,0.928254072790442
356,3,0,0,3.0183901409704372
356,4,0,0,1.4964273339778484
356,5,0,0,2.4260892750315355
357,0,0,0,0.33992253405121453
357,1,0,0,1.0085422108388746
357,2,0,0,-1.2714516445368211
357,3,0,0,0.4123208819973785
357,4,0,0,1.9991666243210853
357,5,0,0,1.7223577783278587
358,0,0,0,2.1854732769754213
358,1,0,0,2.660055511308842
358,2,0,0,2.6756725566439328
358,3,0,0,1.5638013017959178
358,4,0,0,2.9587024528029127
358,5,0,0,2.810394572739996
359,0,1,0,-1.2730072973084663
359,1,1,0,-0.11085445474053846
359,2,1,0,0.305679932207553
359,3,1,1,0.7757629102333269
359,4,1,1,1.780143187053001
359,5,1,1,0.8959858759606578
360,0,0,0,-0.33959639972505673
360,1,0,0,-0.4231559886195825
360,2,0,0,0.38269250479970485
360,3,0,0,-0.1501382494243253
360,4,0,0,0.7311201737845807
360,5,0,0,2.862309658928614
361,0,1,0,-0.8856737160107203
361,1,1,0,-1.813405353800598
361,2,1,0,-0.9827718447107754
361,3,1,1,0.28315397373792717
361,4,1,1,0.14787150073046817
361,5,1,1,0.07149783681981825
362,0,0,0,-0.09596546423625918
362,1,0,0,1.969377209057035
362,2,0,0,2.92114303087154
362,3,0,0,2.861273566337535
362,4,0,0,4.705095557692234
362,5,0,0,3.935324864518339
363,0,0,0,-0.9959547968883823
363,1,0,0,-2.5031185175676103
363,2,0,0,0.044916085091161406
363,3,0,0,-0.681016538466495
363,4,0,0,-0.5532213432150188
363,5,0,0,-1.2989281993443875
364,0,0,0,1.3959272652519712
364,1,0,0,1.1100860885378243
364,2,0,0,3.114157228617626
364,3,0,0,3.5118249941699915
364,4,0,0,3.3908461095796483
364,5,0,0,3.3327968017601517
365,0,0,0,-0.48545722632791066
365,1,0,0,2.2801415992517016
365,2,0,0,2.3473652784263117
365,3,0,0,2.06756624285869
365,4,0,0,2.484064895042497
365,5,0,0,4.437491150717873
366,0,1,0,-0.3103799380579481
366,1,1,0,-1.755508898468484
366,2,1,0,-1.5929197349002773
366,3,1,1,0.6134055924736652
366,4,1,1,-0.40069497605155924
366,5,1,1,-1.1679183541796792
367,0,0,0,2.544705721586917
367,1,0,0,1.4426718596057047
367,2,0,0,2.47287500060102
367,3,0,0,3.3187174749908794
367,4,0,0,2.556535988023347
367,5,0,0,4.410353760078044
368,0,0,0,-0.17613736463616558
368,1,0,0,0.41124946151619435
368,2,0,0,2.2581730026313207
368,3,0,0,2.29301603192985
368,4,0,0,3.37803601625509
368,5,0,0,2.8894773978754476
369,0,0,0,0.5154668952229344
369,1,0,0,0.6720605162848727
369,2,0,0,0.7969627822137685
369,3,0,0,0.5665153817495842
369,4,0,0,-0.006582582658334557
369,5,0,0,2.3739920249209265
370,0,0,0,0.6655458114158612
370,1,0,0,1.724540885575924
370,2,0,0,1.860142143092745
370,3,0,0,0.7188906128411786
370,4,0,0,1.9577640891452268
370,5,0,0,1.0031762208341695
371,0,0,0,-1.024691446302673
371,1,0,0,0.020400850353728517
371,2,0,0,-0.49766879041641243
371,3,0,0,-1.3315774554167878
371,4,0,0,-1.860244422727139
371,5,0,0,0.24242603610168434
372,0,1,0,-0.8621960658223543
372,1,1,0,-0.5514723685635528
372,2,1,0,1.7982149522326254
372,3,1,1,2.322358055756368
372,4,1,1,3.7303509015493255
372,5,1,1,3.6291576020370986
373,0,0,0,-9.494893446482244e-05
373,1,0,0,-0.788819272239416
373,2,0,0,-0.4060780250475179
373,3,0,0,0.7665673946492987
373,4,0,0,-1.0092973900176911
373,5,0,0,-2.2266871866302047
374,0,0,0,-2.207124748769618
374,1,0,0,-0.6776300067623858
374,2,0,0,-1.719951549034532
374,3,0,0,-0.4859116643843049
374,4,0,0,-1.3216942245158025
374,5,0,0,-1.8232494585372987
375,0,1,0,0.2717207788640428
375,1,1,0,2.0943641344061126
375,2,1,0,3.1634249490620343
375,3,1,1,4.440737260269412
375,4,1,1,2.5512790742934364
375,5,1,1,5.072303827535007
376,0,0,0,-0.48851337044735943
376,1,0,0,0.7767276988183529
376,2,0,0,0.9636056215492119
376,3,0,0,1.4421145675451887
376,4,0,0,1.6583507712322492
376,5,0,0,1.9394287192637778
377,0,1,0,2.512721802098119
377,1,1,0,3.6051680428931747
377,2,1,0,2.978988487144295
377,3,1,1,2.845806241367513
377,4,1,1,4.917919775391148
377,5,1,1,3.6326335030192984
378,0,0,0,-0.34839297681977666
378,1,0,0,1.0233838985413992
378,2,0,0,-0.6357435813766088
378,3,0,0,-0.11994794619705229
378,4,0,0,-0.1995234659356217
378,5,0,0,-0.8483993100955217
379,0,0,0,0.4541162084370986
379,1,0,0,1.8198744824862687
379,2,0,0,-1.5324455939013957
379,3,0,0,-0.033100464382441075
379,4,0,0,0.6121346332955113
379,5,0,0,0.4554925571835168
380,0,1,0,0.6291546535593429
380,1,1,0,0.12827066108799834
380,2,1,0,0.35488008732389065
380,3,1,1,2.075598845898731
380,4,1,1,3.922490203580239
380,5,1,1,4.41536444571485
381,0,0,0,-1.4724372948423
381,1,0,0,-0.5980633585620345
381,2,0,0,0.7572951998263209
381,3,0,0,0.030808607464607105
381,4,0,0,-0.7220345254770059
381,5,0,0,1.0378908283082002
382,0,0,0,1.4718502922929615
382,1,0,0,1.6048580852290835
382,2,0,0,-0.1569342275667881
382,3,0,0,1.3074493211823417
382,4,0,0,0.7746298585615249
382,5,0,0,2.087588641466169
383,0,1,0,0.08476473280463381
383,1,1,0,-1.3010535720386638
383,2,1,0,-0.147377739313998
383,3,1,1,3.1876665289264885
383,4,1,1,3.075137875154634
383,5,1,1,3.4893368309772237
384,0,1,0,1.141235529940748
384,1,1,0,2.3114396292555437
384,2,1,0,2.82776946570218
384,3,1,1,4.900604117054793
384,4,1,1,4.729127900548455
384,5,1,1,5.333132104036266
385,0,0,0,-0.4833090394861301
385,1,0,0,0.83741511478085
385,2,0,0,-0.8940918282346968
385,3,0,0,0.19838889907542656
385,4,0,0,0.9832700903097822
385,5,0,0,1.8187149401753293
386,0,0,0,0.244013909155677
386,1,0,0,1.730503667057457
386,2,0,0,1.203075983050017
386,3,0,0,2.276940970443286
386,4,0,0,4.162845386116451
386,5,0,0,4.129320993160582
387,0,0,0,-1.9464306056572227
387,1,0,0,-1.3418287198635754
387,2,0,0,-0.1494346898958503
387,3,0,0,-0.6871077538811419
387,4,0,0,0.35486864262313444
387,5,0,0,0.8943240731533212
388,0,1,0,-0.5727693318624834
388,1,1,0,0.40344269862060134
388,2,1,0,0.9079452231073397
388,3,1,1,2.0765401382830255
388,4,1,1,3.7889542149999014
388,5,1,1,3.204272595675089
389,0,0,0,-1.307299958397694
389,1,0,0,0.7693345413142291
389,2,0,0,-0.34760571163237763
389,3,0,0,1.8981273729411454
389,4,0,0,2.627497017325764
389,5,0,0,1.8632264607143056
390,0,0,0,0.9576936751375777
390,1,0,0,1.4894949395582144
390,2,0,0,1.4874964405821025
390,3,0,0,1.0818497666644666
390,4,0,0,4.7398238671685
390,5,0,0,4.306850702960908
391,0,0,0,0.5501412794585387
391,1,0,0,0.14308917778403307
391,2,0,0,1.3602000026330254
391,3,0,0,2.371076888834131
391,4,0,0,3.0639498187649052
391,5,0,0,2.7216760891956837
392,0,1,0,-0.12567476357108714
392,1,1,0,2.0590174685609277
392,2,1,0,2.094234958381998
392,3,1,1,3.179794899444212
392,4,1,1,3.958721541275157
392,5,1,1,5.447737356473034
393,0,1,0,-1.5550744994368906
393,1,1,0,-2.3111929310139185
393,2,1,0,-0.07517833833319165
393,3,1,1,0.562597629781993
393,4,1,1,0.7312929906268284
393,5,1,1,-0.24429604670646898
394,0,1,0,-1.3031359381844467
394,1,1,0,-1.434272458358946
394,2,1,0,-0.7586746331339448
394,3,1,1,1.9198317314141895
394,4,1,1,1.5607037444526233
394,5,1,1,2.887390535100831
395,0,0,0,0.6087471154106512
395,1,0,0,-0.07752361505522609
395,2,0,0,0.5096716587406117
395,3,0,0,-1.3299272028223572
395,4,0,0,-0.6398884886512773
395,5,0,0,-1.0302992722190512
396,0,1,0,1.4037192458716548
396,1,1,0,0.9267287817688605
396,2,1,0,1.149086694766047
396,3,1,1,3.4504939863883295
396,4,1,1,3.052480149795041
396,5,1,1,4.101011352576043
397,0,1,0,-1.326220116089591
397,1,1,0,-1.1509258296173321
397,2,1,0,1.279567100557566
397,3,1,1,1.5898124781475658
397,4,1,1,2.01334692078359
397,5,1,1,1.6361344604185417
398,0,1,0,0.8456976219631172
398,1,1,0,0.5529519386910331
398,2,1,0,-1.3541992467354342
398,3,1,1,1.2080932066616021
398,4,1,1,0.621083974643053
398,5,1,1,1.245526859125693
399,0,1,0,-0.6796696516039065
399,1,1,0,0.5690282299943944
399,2,1,0,-0.9083895627175875
399,3,1,1,2.3878796207777224
399,4,1,1,1.2566067927759175
399,5,1,1,1.9787629534404279
400,0,0,0,-1.8068243732904157
400,1,0,0,0.07105289164613204
400,2,0,0,0.6310311400466386
400,3,0,0,1.1304764139391152
400,4,0,0,4.213859871016076
400,5,0,0,2.745899729675833
401,0,1,0,-0.7822396881346128
401,1,1,0,1.3546624402063798
401,2,1,0,1.5727329783166577
401,3,1,1,5.623842748857033
401,4,1,1,3.651560492355667
401,5,1,1,4.599851489080908
402,0,1,0,-0.5499788438244868
402,1,1,0,1.948384214207533
402,2,1,0,1.697003495750521
402,3,1,1,2.6386287879708066
402,4,1,1,2.6429544914263445
402,5,1,1,4.363790079411847
403,0,0,0,0.06550336448838556
403,1,0,0,0.04810669114911059
403,2,0,0,-1.3200753031323216
403,3,0,0,0.6211649430367627
403,4,0,0,-1.7188312629463236
403,5,0,0,-0.7976212737429573
404,0,0,0,1.7585891199048247
404,1,0,0,1.7035383004276023
404,2,0,0,3.1085597143102386
404,3,0,0,2.7011117298931446
404,4,0,0,4.2347518619655995
404,5,0,0,5.51435275700636
405,0,0,0,-3.4264653755849377
405,1,0,0,0.2796845033571853
405,2,0,0,-1.178656633076587
405,3,0,0,0.8232056167225921
405,4,0,0,1.692521919217552
405,5,0,0,0.8089025211740738
406,0,0,0,0.7178187802765065
406,1,0,0,-0.41668962007385324
406,2,0,0,0.09585394830131344
406,3,0,0,1.7766493041669016
406,4,0,0,1.1919998455449856
406,5,0,0,3.5371420958718174
407,0,1,0,1.495747665166646
407,1,1,0,2.008439410789731
407,2,1,0,2.7791257961299096
407,3,1,1,4.203609036392615
407,4,1,1,4.817516909512328
407,5,1,1,5.208105173836088
408,0,0,0,-2.1504365035592206
408,1,0,0,-1.2755618578577097
408,2,0,0,-1.7676623916563425
408,3,0,0,-1.2622105142131834
408,4,0,0,-2.0586844790134453
408,5,0,0,-0.7626704613706111
409,0,0,0,0.7586943519870859
409,1,0,0,-0.14413464518529073
409,2,0,0,0.6426907224141184
409,3,0,0,0.3222348964534601
409,4,0,0,1.707560312564673
409,5,0,0,0.12559778226780294
410,0,0,0,-1.2118939614885718
410,1,0,0,-1.010481244072024
410,2,0,0,0.2043406721993155
410,3,0,0,0.8456819811728106
410,4,0,0,2.2605787690946
410,5,0,0,0.4871479768146443
411,0,1,0,-1.6076000661297603
411,1,1,0,0.6682496211383593
411,2,1,0,-1.061184918458053
411,3,1,1,1.607707110777992
411,4,1,1,2.768055914198608
411,5,1,1,2.0154382495831524
412,0,1,0,0.43223473228826986
412,1,1,0,-0.6363648058495215
412,2,1,0,-1.4160727287602057
412,3,1,1,-0.41655785942639545
412,4,1,1,-1.897110402584822
412,5,1,1,-0.6297660851101614
413,0,0,0,-0.20310947005295188
413,1,0,0,-3.550008039746163
413,2,0,0,-0.7752813035028737
413,3,0,0,-0.8742023830689187
413,4,0,0,-0.7595698461359628
413,5,0,0,1.0601013603518057
414,0,0,0,2.20353279605199
414,1,0,0,0.4328411719900751
414,2,0,0,0.9765048718022553
414,3,0,0,2.6860057700031836
414,4,0,0,1.8893158576926972
414,5,0,0,3.3624403659003823
415,0,1,0,0.08638765263537274
415,1,1,0,0.5431501083904187
415,2,1,0,-0.30392208310127367
415,3,1,1,0.864150781706426
415,4,1,1,0.897814669592421
415,5,1,1,1.298012551751787
416,0,0,0,1.844968219266316
416,1,0,0,1.8733922630403623
416,2,0,0,0.7894103728238329
416,3,0,0,0.4720072901228005
416,4,0,0,3.6556404666232902
416,5,0,0,2.940259614469583
417,0,0,0,0.15376131758673212
417,1,0,0,-0.08545341516915794
417,2,0,0,0.8536587868876808
417,3,0,0,1.7002235739998242
417,4,0,0,2.198929576906616
417,5,0,0,3.2809376147700116
418,0,1,0,2.5544596040438785
418,1,1,0,1.6629979384556084
418,2,1,0,1.6964688212127061
418,3,1,1,1.9824149287969384
418,4,1,1,1.5449033888012838
418,5,1,1,2.1590870960454387
419,0,0,0,-0.4650168105160178
419,1,0,0,-1.2425410910151715
419,2,0,0,-0.12469239084504058
419,3,0,0,1.5120880014328906
419,4,0,0,0.7658399494174796
419,5,0,0,2.339594272675763
420,0,0,0,1.8104320321047271
420,1,0,0,0.8312430233860322
420,2,0,0,-0.045611482294869554
420,3,0,0,1.1978507238856022
420,4,0,0,1.7974884839716856
420,5,0,0,0.922251882080572
421,0,1,0,0.1671407420326816
421,1,1,0,-0.4750883515895783
421,2,1,0,1.8405211603978682
421,3,1,1,2.2213284068433077
421,4,1,1,4.048415014879622
421,5,1,1,3.1013789910450953
422,0,0,0,-0.289242712694868
422,1,0,0,1.2769063708967823
422,2,0,0,3.662057371681615
422,3,0,0,1.4045230222316585
422,4,0,0,2.078576792903288
422,5,0,0,2.8477071479359055
423,0,1,0,-1.5908993554708306
423,1,1,0,-1.291058522335966
423,2,1,0,-0.171576937187229
423,3,1,1,2.2480517645071525
423,4,1,1,3.564337275182261
423,5,1,1,4.847463691285869
424,0,0,0,0.3460442798555983
424,1,0,0,1.583518418751464
424,2,0,0,3.7395601460100725
424,3,0,0,3.0930590547025516
424,4,0,0,3.822861484643496
424,5,0,0,5.227902055383092
425,0,0,0,-0.9279890147470635
425,1,0,0,0.05511052161448937
425,2,0,0,-0.18075600875228606
425,3,0,0,0.13231596383884187
425,4,0,0,0.6139874622262804
425,5,0,0,1.3058752748308577
426,0,1,0,0.9384080406020687
426,1,1,0,1.395547536268853
426,2,1,0,2.2520505138562545
426,3,1,1,5.486800288683568
426,4,1,1,6.512608125594978
426,5,1,1,7.22598961791803
427,0,1,0,-0.16339874777491312
427,1,1,0,2.129005011822306
427,2,1,0,1.6233441635230834
427,3,1,1,2.790274733349869
427,4,1,1,3.876454263600743
427,5,1,1,3.8551308180884245
428,0,0,0,-1.0560888500823207
428,1,0,0,-0.22265323327348666
428,2,0,0,0.8156212406186784
428,3,0,0,0.7010784886338975
428,4,0,0,1.0988118944015461
428,5,0,0,0.5961612723415902
429,0,1,0,1.3038520631450767
429,1,1,0,3.101643857043928
429,2,1,0,3.172137910598787
429,3,1,1,5.062779482502196
429,4,1,1,6.118295930436696
429,5,1,1,6.286059481518897
430,0,0,0,-0.0201966689967491
430,1,0,0,0.18045138449941517
430,2,0,0,-0.46294448853511116
430,3,0,0,0.314947405529179
430,4,0,0,0.17187646541441193
430,5,0,0,0.014081963354314775
431,0,1,0,-0.4827289864735805
431,1,1,0,0.3429565139144886
431,2,1,0,1.2636818522380175
431,3,1,1,1.5184127662941913
431,4,1,1,-0.37719447892985447
431,5,1,1,1.0169244973884735
432,0,0,0,-0.6919623967213617
432,1,0,0,-0.8459667349213283
432,2,0,0,-0.42740427801048625
432,3,0,0,-1.4216691538745585
432,4,0,0,0.44338828336225655
432,5,0,0,2.200158293522147
433,0,1,0,-0.2574621893179463
433,1,1,0,-0.4159276806473927
433,2,1,0,1.1350530732129744
433,3,1,1,3.7929998065055135
433,4,1,1,1.8619250017164612
433,5,1,1,4.076606713311914
434,0,0,0,-0.027395364539499534
434,1,0,0,0.010376294355059157
434,2,0,0,2.187849902693302
434,3,0,0,2.858992438940173
434,4,0,0,2.659626285050694
434,5,0,0,2.7822378019254566
435,0,1,0,0.005998664802512987
435,1,1,0,0.38515823381927283
435,2,1,0,0.011652659860417525
435,3,1,1,1.2600186090900585
435,4,1,1,1.8032576331853813
435,5,1,1,2.242044783831
436,0,1,0,0.6576325480421835
436,1,1,0,2.7972381018482375
436,2,1,0,1.5760535882887428
436,3,1,1,3.729864190226345
436,4,1,1,5.34788365891154
436,5,1,1,5.999753018215312
437,0,0,0,-0.016262782209531146
437,1,0,0,2.0700171103170044
437,2,0,0,2.555010709886299
437,3,0,0,1.2011546856859292
437,4,0,0,0.5407715895620502
437,5,0,0,2.8201524546236674
438,0,0,0,-1.981252802669768
438,1,0,0,-1.5953723513813103
438,2,0,0,0.4077735403013626
438,3,0,0,0.20642463388907978
438,4,0,0,0.23714926567349415
438,5,0,0,1.2568411504917687
439,0,1,0,0.5157794062529085
439,1,1,0,-0.8822658013288278
439,2,1,0,0.5921606004058122
439,3,1,1,1.588476214846147
439,4,1,1,0.95319603077715
439,5,1,1,3.595610884790235
440,0,0,0,-0.4921051189390694
440,1,0,0,0.4843251722842185
440,2,0,0,2.483222122534766
440,3,0,0,1.0202139396400502
440,4,0,0,0.23777848309087313
440,5,0,0,2.673254536892026
441,0,1,0,1.5121493099747962
441,1,1,0,3.2660827812328455
441,2,1,0,1.850266200218757
441,3,1,1,3.6710560631376126
441,4,1,1,3.56510193005502
441,5,1,1,4.791892886005082
442,0,1,0,-1.517739587672924
442,1,1,0,-1.117252868449447
442,2,1,0,-0.7996620211436254
442,3,1,1,0.9067345795503474
442,4,1,1,0.6731169617404149
442,5,1,1,1.4856187419012472
443,0,0,0,-2.8162543109113822
443,1,0,0,-1.5788871698100377
443,2,0,0,-0.043398642330074066
443,3,0,0,-1.5746928322458191
443,4,0,0,-0.12237192898094618
443,5,0,0,-0.22917338946297178
444,0,1,0,0.11498442419918997
444,1,1,0,0.6352598005118122
444,2,1,0,-0.628148009380551
444,3,1,1,2.008215318798645
444,4,1,1,2.5911983712076623
444,5,1,1,3.2579587363376445
445,0,1,0,-0.8338009231971389
445,1,1,0,-0.3455167754078103
445,2,1,0,-0.34653821080111347
445,3,1,1,2.626073495323868
445,4,1,1,3.341192750369756
445,5,1,1,3.592825463213456
446,0,1,0,-1.3920424271335525
446,1,1,0,-0.6546784245842334
446,2,1,0,0.26099545333672075
446,3,1,1,3.0569866602649833
446,4,1,1,2.4633483040614523
446,5,1,1,4.8735210497325365
447,0,1,0,-1.9471793944375952
447,1,1,0,0.23113027320394774
447,2,1,0,-0.5629329867233555
447,3,1,1,0.5593860547166812
447,4,1,1,0.08617456842188242
447,5,1,1,2.2654365017733427
448,0,0,0,1.5976188690929858
448,1,0,0,2.3198559494128155
448,2,0,0,0.9329635480429301
448,3,0,0,2.874882210130615
448,4,0,0,3.4582160609282235
448,5,0,0,3.66044182683742
449,0,1,0,1.1481435635609714
449,1,1,0,0.43601057170720914
449,2,1,0,-0.28994278663457995
449,3,1,1,-1.0076011803272706
449,4,1,1,1.5095400786066726
449,5,1,1,-1.0021615543450162
450,0,1,0,-1.4548067232351207
450,1,1,0,-0.7551858718355544
450,2,1,0,0.6026849444807453
450,3,1,1,3.8608905423450164
450,4,1,1,3.861596289022728
450,5,1,1,4.755641858899296
451,0,0,0,-0.9193707611203107
451,1,0,0,1.0337961777100748
451,2,0,0,-0.6745840287134506
451,3,0,0,0.31582185986339006
451,4,0,0,-0.13032272907572973
451,5,0,0,0.26167872761823524
452,0,0,0,-0.39019721631847126
452,1,0,0,0.34305917033879957
452,2,0,0,-1.1025618684691092
452,3,0,0,0.2184221558951871
452,4,0,0,1.2575377123886367
452,5,0,0,1.132230034254504
453,0,0,0,-0.2888555087837756
453,1,0,0,0.6000514855288136
453,2,0,0,2.443696828455906
453,3,0,0,2.1429442914098984
453,4,0,0,2.655018357078834
453,5,0,0,3.61363785965242
454,0,0,0,-0.7091184630866414
454,1,0,0,-0.8155211240559382
454,2,0,0,-0.47367286824355337
454,3,0,0,-1.0002492873019242
454,4,0,0,-1.5377118424522727
454,5,0,0,-3.3921413807878653
455,0,0,0,0.2864949679561953
455,1,0,0,0.8677789067970001
455,2,0,0,1.1114367728396388
455,3,0,0,2.4853556998237822
455,4,0,0,2.7714578193574075
455,5,0,0,4.857929482661271
456,0,1,0,0.1015437015187576
456,1,1,0,-0.9776130593537167
456,2,1,0,-0.8564049923543102
456,3,1,1,3.774641573778521
456,4,1,1,2.196564270565502
456,5,1,1,0.6971850614881991
457,0,0,0,0.47898412198183915
457,1,0,0,0.6701524878621641
457,2,0,0,0.6749834591281976
457,3,0,0,1.467720363586735
457,4,0,0,1.3905522230543637
457,5,0,0,4.225329376309352
458,0,1,0,0.8515674911133486
458,1,1,0,0.7553394658029109
458,2,1,0,1.0960253114456866
458,3,1,1,1.9179058583808886
458,4,1,1,3.4294237590199828
458,5,1,1,4.123267117609227
459,0,1,0,-0.9351933620924937
459,1,1,0,-2.195366449271996
459,2,1,0,-1.8614681171233523
459,3,1,1,1.331101675822068
459,4,1,1,0.5631225267762426
459,5,1,1,1.6544765339641225
460,0,0,0,2.8378390241560743
460,1,0,0,0.2782220370113423
460,2,0,0,1.242487829046877
460,3,0,0,3.0798957011098076
460,4,0,0,3.746649151021321
460,5,0,0,3.480216415613642
461,0,0,0,-0.9877793766406089
461,1,0,0,-0.2585720594724625
461,2,0,0,-0.6044152549169743
461,3,0,0,-1.7376559240988394
461,4,0,0,-0.34023730335384345
461,5,0,0,0.14374079985026933
462,0,0,0,0.5166550837493413
462,1,0,0,0.3675391808992072
462,2,0,0,-0.97531042696931
462,3,0,0,0.5164015780946625
462,4,0,0,3.7231007047605886
462,5,0,0,4.9903539905424985
463,0,1,0,-1.3308792902472346
463,1,1,0,-0.837167785807529
463,2,1,0,-0.6757103685467489
463,3,1,1,-0.4841157612832958
463,4,1,1,0.33202197211917905
463,5,1,1,2.176131512376303
464,0,1,0,-0.38619769863059294
464,1,1,0,-0.08008709895943669
464,2,1,0,-0.17198238466544746
464,3,1,1,0.9502204807681612
464,4,1,1,2.972519668024292
464,5,1,1,3.088404141202025
465,0,0,0,0.0064649592997571
465,1,0,0,0.4614514899102862
465,2,0,0,0.1661919162338258
465,3,0,0,0.6154484047142272
465,4,0,0,1.1601533836274411
465,5,0,0,0.8900268021771464
466,0,1,0,-0.977524496122905
466,1,1,0,0.4531192420942072
466,2,1,0,0.46235825875916015
466,3,1,1,-0.7390943390640687
466,4,1,1,0.8863368527414329
466,5,1,1,0.9587121666509701
467,0,1,0,0.4398488678252585
467,1,1,0,-0.019432258436769045
467,2,1,0,-0.861938949002998
467,3,1,1,0.7800828132879747
467,4,1,1,2.6808119700916184
467,5,1,1,0.8980842624714457
468,0,0,0,-0.8430582285895241
468,1,0,0,-0.04979153375904723
468,2,0,0,0.019634038209005278
468,3,0,0,0.1466154813987
468,4,0,0,1.3372831366768017
468,5,0,0,0.07311724710763157
469,0,1,0,-1.201030904952412
469,1,1,0,0.6455154855463658
469,2,1,0,-0.23792075804508822
469,3,1,1,2.165916370971444
469,4,1,1,0.4982262663613103
469,5,1,1,2.196429387445598
470,0,0,0,-1.3636417526985283
470,1,0,0,1.0915731937235567
470,2,0,0,3.3619848907049206
470,3,0,0,2.321828161814742
470,4,0,0,3.6002332286000147
470,5,0,0,4.11754474968574
471,0,0,0,-1.4626887529194375
471,1,0,0,-0.4570250384271754
471,2,0,0,0.9675857252509912
471,3,0,0,0.4327340922500311
471,4,0,0,-0.8126084228974221
471,5,0,0,2.5855557851692605
472,0,1,0,1.0217068987697244
472,1,1,0,2.4470954371541005
472,2,1,0,3.323995974593956
472,3,1,1,4.120822438327721
472,4,1,1,5.115220931838941
472,5,1,1,3.3400100058394306
473,0,0,0,-0.9926610635558479
473,1,0,0,-0.13551009964209054
473,2,0,0,0.572441762563572
473,3,0,0,1.2482284123301488
473,4,0,0,0.9548142710528851
473,5,0,0,2.3588411977138053
474,0,0,0,0.7670886062703761
474,1,0,0,1.3185674893314687
474,2,0,0,-0.2438450489229167
474,3,0,0,0.6034245865384358
474,4,0,0,1.9674334995738876
474,5,0,0,2.299296532268072
475,0,1,0,-0.3323894457819587
475,1,1,0,-2.2882160780877716
475,2,1,0,-0.7618392903021747
475,3,1,1,-1.3101566354896075
475,4,1,1,0.48582682640992003
475,5,1,1,1.359119553254538
476,0,1,0,0.04958914638445555
476,1,1,0,-0.5941134361071443
476,2,1,0,0.029636100909480767
476,3,1,1,1.8521700725804497
476,4,1,1,3.097384027772156
476,5,1,1,3.048968077970687
477,0,0,0,0.5393123593433438
477,1,0,0,-0.14579722345976198
477,2,0,0,1.9222487765535896
477,3,0,0,0.8467251973373917
477,4,0,0,2.2388990718264346
477,5,0,0,-0.37049414826690685
478,0,0,0,-0.4777379388868372
478,1,0,0,1.0057157621949884
478,2,0,0,2.4291637092927134
478,3,0,0,2.239615199918859
478,4,0,0,2.726599422214937
478,5,0,0,2.5648828742499985
479,0,1,0,-2.3883893093034705
479,1,1,0,-1.100517975023947
479,2,1,0,-0.9626906622932339
479,3,1,1,-0.253840891457654
479,4,1,1,1.5345948330868502
479,5,1,1,1.32655657295386
480,0,1,0,-1.6093560858680591
480,1,1,0,-0.5299890767449495
480,2,1,0,1.3606011634565915
480,3,1,1,4.564192316789409
480,4,1,1,4.545745712619449
480,5,1,1,6.925783727733007
481,0,0,0,-1.0304330723337425
481,1,0,0,0.6185622799145247
481,2,0,0,0.1896273505436138
481,3,0,0,1.5048412225361052
481,4,0,0,2.4553043507113523
481,5,0,0,1.0542225747950837
482,0,0,0,1.7037223285831913
482,1,0,0,2.1572880671768897
482,2,0,0,2.891632306380113
482,3,0,0,2.7901911339425345
482,4,0,0,3.465566735375109
482,5,0,0,5.799488899841406
483,0,1,0,-1.3973836927686278
483,1,1,0,-1.0247409154627725
483,2,1,0,-0.5355950297196713
483,3,1,1,2.072036636067165
483,4,1,1,2.684931428771945
483,5,1,1,3.4266647312554364
484,0,0,0,-0.19307219351388366
484,1,0,0,0.2422824675595957
484,2,0,0,0.8265361643803706
484,3,0,0,1.3372978834194171
484,4,0,0,2.9915376588528004
484,5,0,0,5.2428635480387324
485,0,1,0,0.8041279155391493
485,1,1,0,0.7660771300514038
485,2,1,0,1.4685127726627887
485,3,1,1,2.6947595459132847
485,4,1,1,2.144637871524336
485,5,1,1,5.3021857955709315
486,0,1,0,-2.6682837984972725
486,1,1,0,-1.7590664535697824
486,2,1,0,-1.295009303387448
486,3,1,1,-0.7656031125722782
486,4,1,1,0.19396671914369001
486,5,1,1,0.7082478760860558
487,0,1,0,-1.0875395989073262
487,1,1,0,1.7913364932698244
487,2,1,0,2.097912526212828
487,3,1,1,2.7782798699117626
487,4,1,1,5.445872772743392
487,5,1,1,5.5084942906476755
488,0,0,0,1.0198195740331935
488,1,0,0,0.8192252715643957
488,2,0,0,1.3381623379543546
488,3,0,0,1.454828775520209
488,4,0,0,0.9482633217975917
488,5,0,0,2.5206295477188676
489,0,1,0,-1.3242235433130163
489,1,1,0,1.6902587838386278
489,2,1,0,1.7621366235477547
489,3,1,1,3.258017517390355
489,4,1,1,3.6395026451869494
489,5,1,1,5.009871319165396
490,0,1,0,-0.3425544729704919
490,1,1,0,0.8155923536450402
490,2,1,0,0.3158591252800893
490,3,1,1,2.265266993678299
490,4,1,1,1.279311921805698
490,5,1,1,0.5849816830182752
491,0,0,0,-0.5685222348773403
491,1,0,0,0.6283229191008344
491,2,0,0,1.7252553985406605
491,3,0,0,0.9632016340080398
491,4,0,0,2.5551370642269813
491,5,0,0,2.915106164502503
492,0,1,0,1.2839036734066978
492,1,1,0,0.6016450611993216
492,2,1,0,2.4110828801138826
492,3,1,1,3.9086313642849513
492,4,1,1,3.775058322503901
492,5,1,1,7.88154927253157
493,0,1,0,-2.15417441826754
493,1,1,0,-0.5318949829272815
493,2,1,0,0.19369524666861682
493,3,1,1,0.8337794676860616
493,4,1,1,0.08052426860470485
493,5,1,1,-0.41441431071237744
494,0,0,0,0.018971557687514906
494,1,0,0,-0.3878722386846229
494,2,0,0,0.8041076981900549
494,3,0,0,1.3204926464500666
494,4,0,0,1.7794293977172115
494,5,0,0,2.9509429780715903
495,0,1,0,-0.8149860188419354
495,1,1,0,-0.7531018909126987
495,2,1,0,0.45868474526761116
495,3,1,1,1.8138942781722895
495,4,1,1,2.8062468294714185
495,5,1,1,3.5588087118195633
496,0,1,0,-0.983172123465421
496,1,1,0,-0.059451982408660786
496,2,1,0,1.3172615890443642
496,3,1,1,2.1776639282432892
496,4,1,1,4.906327280563891
496,5,1,1,6.6590172909344965
497,0,0,0,2.585401131218677
497,1,0,0,1.5321691761215457
497,2,0,0,1.90029618988005
497,3,0,0,3.45598330704766
497,4,0,0,4.788936851861834
497,5,0,0,4.138330142790796
498,0,1,0,3.663471861081759
498,1,1,0,2.677824583080764
498,2,1,0,3.5150318416346336
498,3,1,1,4.181211955123057
498,4,1,1,4.160908456662299
498,5,1,1,5.412555169566434
499,0,1,0,0.22530900550116867
499,1,1,0,0.7304218956049578
499,2,1,0,-0.01167036882681416
499,3,1,1,2.347353015931356
499,4,1,1,2.4119536136112334
499,5,1,1,2.9415392156104474
500,0,1,0,-1.3867246997146676
500,1,1,0,-1.0465761145308807
500,2,1,0,-0.3566010473902268
500,3,1,1,1.403611267215601
500,4,1,1,1.3104502955774118
500,5,1,1,1.240677409746539
501,0,0,0,-1.9189728592323239
501,1,0,0,-0.8320848302504747
501,2,0,0,-1.7308758518866423
501,3,0,0,-0.4988877686625177
501,4,0,0,0.427989170397974
501,5,0,0,0.728162515762413
502,0,0,0,-0.11655895661370008
502,1,0,0,1.9928549511084102
502,2,0,0,0.3334005244509577
502,3,0,0,2.3369806357774525
502,4,0,0,1.4104302531187665
502,5,0,0,3.3120559658435624
503,0,1,0,-1.1842788360701122
503,1,1,0,0.45263979233695073
503,2,1,0,-1.4438445417859662
503,3,1,1,1.5196906077403103
503,4,1,1,1.3859835541772967
503,5,1,1,0.11956638594428481
504,0,1,0,0.20415221076522172
504,1,1,0,-0.5076755592350024
504,2,1,0,-0.5960314991622307
504,3,1,1,2.3144320965025207
504,4,1,1,1.7264497197458994
504,5,1,1,2.023246538528374
505,0,1,0,-0.3008162395491751
505,1,1,0,1.5980047625199256
505,2,1,0,1.5905195636023948
505,3,1,1,3.007747665298262
505,4,1,1,3.604954250560497
505,5,1,1,4.150307658595148
506,0,0,0,0.7738410906962028
506,1,0,0,2.3714130344131776
506,2,0,0,2.5187627421948657
506,3,0,0,2.240007254301836
506,4,0,0,4.111595634273791
506,5,0,0,2.77189011205026
507,0,0,0,-0.19306719334412328
507,1,0,0,1.383433903094446
507,2,0,0,2.8613859302685807
507,3,0,0,4.05739842061312
507,4,0,0,3.867114971443279
507,5,0,0,5.262267534152286
508,0,1,0,-0.018467565159777904
508,1,1,0,1.1941589825274586
508,2,1,0,0.8593471960010077
508,3,1,1,1.7324089311563233
508,4,1,1,2.3005780901542687
508,5,1,1,2.92078619173718
509,0,0,0,-1.1728826642615044
509,1,0,0,0.31664091935934874
509,2,0,0,1.374099424054354
509,3,0,0,2.5443349839931644
509,4,0,0,1.921249620207988
509,5,0,0,2.658558599870581
510,0,0,0,-0.6208677541575425
510,1,0,0,0.6289403048351219
510,2,0,0,-1.546935191995069
510,3,0,0,0.2981828406991553
510,4,0,0,2.160857827139221
510,5,0,0,1.125786963815607
511,0,1,0,-0.7905831290552643
511,1,1,0,-1.7958258918974035
511,2,1,0,-1.490019475104552
511,3,1,1,-0.12938760727814702
511,4,1,1,1.6938141754668203
511,5,1,1,1.1497892758962596
512,0,1,0,0.9534061995337509
512,1,1,0,0.7103930444196098
512,2,1,0,-0.4584706459603105
512,3,1,1,2.575773716740156
512,4,1,1,2.103176822394224
512,5,1,1,2.5194571713543725
513,0,1,0,0.0841560069351962
513,1,1,0,-0.9344616864313737
513,2,1,0,-1.9573537948019348
513,3,1,1,-0.7074904598589452
513,4,1,1,0.35196815106507917
513,5,1,1,0.2855051710200206
514,0,1,0,-1.3822207054794746
514,1,1,0,-1.6165848900094626
514,2,1,0,-0.01883512362747447
514,3,1,1,2.556648110715649
514,4,1,1,2.14956422398664
514,5,1,1,3.5939549519677993
515,0,1,0,0.2972926422649125
515,1,1,0,-0.8200303950964323
515,2,1,0,1.9660527754019141
515,3,1,1,0.7957763981306593
515,4,1,1,2.768217096831348
515,5,1,1,1.9553977136926848
516,0,0,0,-1.3937235874807627
516,1,0,0,0.13055312182471246
516,2,0,0,-0.7896041717190103
516,3,0,0,-1.4934415915507784
516,4,0,0,-0.3423670550203173
516,5,0,0,-0.14352038026540626
517,0,1,0,-1.948860358316266
517,1,1,0,-0.8578736305574474
517,2,1,0,-0.7204984326845272
517,3,1,1,0.052594915389961194
517,4,1,1,3.140181007404844
517,5,1,1,-0.23944085057286157
518,0,0,0,-0.09930026846783668
518,1,0,0,1.0051154302201786
518,2,0,0,0.3736494532505017
518,3,0,0,2.3915104474987574
518,4,0,0,2.830015505655576
518,5,0,0,3.858851107689422
519,0,0,0,-0.7038418049841118
519,1,0,0,0.5676179781407547
519,2,0,0,0.9871518807290667
519,3,0,0,0.5008846092710796
519,4,0,0,0.8081301436909059
519,5,0,0,1.554839698343415
520,0,0,0,1.6655203033689434
520,1,0,0,-0.281891137031123
520,2,0,0,2.4739617289321445
520,3,0,0,2.9272563092776296
520,4,0,0,2.656887166472404
520,5,0,0,6.3925047666712915
521,0,0,0,-0.6798778510898945
521,1,0,0,0.4669145984638804
521,2,0,0,0.2414309772790525
521,3,0,0,0.905436740332268
521,4,0,0,1.3136946679405632
521,5,0,0,1.981993364453277
522,0,0,0,1.0167263732771228
522,1,0,0,1.0290207850830275
522,2,0,0,1.1152667918393735
522,3,0,0,1.1130148267631292
522,4,0,0,1.0677279474245813
522,5,0,0,1.2337718217097242
523,0,0,0,-2.654088480309799
523,1,0,0,-1.2555124535911455
523,2,0,0,-0.5387177828501938
523,3,0,0,-0.19717651956744392
523,4,0,0,1.535628595196212
523,5,0,0,3.4959589458589435
524,0,1,0,-2.444293105765409
524,1,1,0,-1.0658105979920225
524,2,1,0,-1.7682568399991976
524,3,1,1,-0.8027105559368849
524,4,1,1,-1.0859516085354946
524,5,1,1,0.5007524716991644
525,0,1,0,0.24966149514163694
525,1,1,0,0.350095053875601
525,2,1,0,2.5181284966197817
525,3,1,1,2.864237427287491
525,4,1,1,5.592090967665826
525,5,1,1,3.473360882895959
526,0,0,0,-0.11332174732021784
526,1,0,0,0.4952041570741973
526,2,0,0,-0.09482871669954351
526,3,0,0,-0.7261613145479733
526,4,0,0,1.625599350093714
526,5,0,0,-0.7530003517592432
527,0,0,0,-0.755258080350588
527,1,0,0,-0.4989602516028853
527,2,0,0,0.18689964014449445
527,3,0,0,2.4834027114065997
527,4,0,0,2.3019147141658065
527,5,0,0,3.082788353363778
528,0,0,0,0.8913161653310786
528,1,0,0,1.277261667884044
528,2,0,0,2.1212091230368157
528,3,0,0,4.222379956733988
528,4,0,0,2.309014763303158
528,5,0,0,1.1079283072824746
529,0,1,0,-0.6525645284598769
529,1,1,0,-0.12062954153403616
529,2,1,0,1.8774047829677856
529,3,1,1,2.48085256298121
529,4,1,1,5.171504941083574
529,5,1,1,6.163646403828322
530,0,0,0,-0.014238473852042743
530,1,0,0,-1.0718267287692635
530,2,0,0,0.4831269601951693
530,3,0,0,2.330066436075279
530,4,0,0,3.154876723614927
530,5,0,0,3.3180327662488818
531,0,0,0,0.4816248225476321
531,1,0,0,-0.0629759848752911
531,2,0,0,-0.733491309649595
531,3,0,0,-0.4201494382904196
531,4,0,0,2.1748589579531874
531,5,0,0,1.267254955595046
532,0,1,0,1.6176288479701995
532,1,1,0,-0.05897847308524806
532,2,1,0,1.2585087631914187
532,3,1,1,3.59800509920896
532,4,1,1,2.447168088552826
532,5,1,1,1.7914723694186716
533,0,0,0,1.5323542808982866
533,1,0,0,1.2653925473189627
533,2,0,0,3.10978734641707
533,3,0,0,2.2366084278618823
533,4,0,0,2.426085512558914
533,5,0,0,3.4832045268228593
534,0,1,0,-0.5735654204017276
534,1,1,0,1.1631800569314816
534,2,1,0,1.3585353919652916
534,3,1,1,2.503114637033529
534,4,1,1,4.250911252951459
534,5,1,1,4.812987732014433
535,0,1,0,1.2938113487273153
535,1,1,0,1.6222729581051092
535,2,1,0,1.910164469883435
535,3,1,1,4.143828252458799
535,4,1,1,4.512277139008628
535,5,1,1,4.337371187909762
536,0,0,0,-0.7607044386642928
536,1,0,0,1.1513321081943322
536,2,0,0,1.2467972408699453
536,3,0,0,1.4440577518064996
536,4,0,0,2.2171445172275175
536,5,0,0,4.065057105741876
537,0,0,0,-1.2972723893011868
537,1,0,0,-1.3221823422718986
537,2,0,0,-0.8587527479207776
537,3,0,0,-0.5148939536025522
537,4,0,0,-1.135825086045343
537,5,0,0,0.4478325482621742
538,0,0,0,0.01888273597428057
538,1,0,0,-0.20456461507114188
538,2,0,0,0.5530378596709651
538,3,0,0,0.4667766476300663
538,4,0,0,2.695584626116614
538,5,0,0,2.5636802926393787
539,0,0,0,0.0646677290651716
539,1,0,0,0.09990025200712926
539,2,0,0,0.9637004635076212
539,3,0,0,2.4048948069434295
539,4,0,0,3.209454447610929
539,5,0,0,3.005519292452722
540,0,0,0,-0.06714523010027876
540,1,0,0,0.4990409632990809
540,2,0,0,-0.3906463585256259
540,3,0,0,2.4897272441126908
540,4,0,0,2.2547488874684207
540,5,0,0,3.8164935350883678
541,0,1,0,0.10760241515265268
541,1,1,0,0.31769019031888535
541,2,1,0,-0.396790349016528
541,3,1,1,1.1299925222285525
541,4,1,1,-0.1660863579037435
541,5,1,1,1.516355480955881
542,0,0,0,-0.044342100302045606
542,1,0,0,0.05418138584799496
542,2,0,0,-0.5912007216015851
542,3,0,0,0.5095109989657414
542,4,0,0,0.9639471251001456
542,5,0,0,-0.16379511296684973
543,0,1,0,-0.384290872219229
543,1,1,0,1.06875932851813
543,2,1,0,1.0017643050275709
543,3,1,1,2.2547612770553997
543,4,1,1,1.321572401867771
543,5,1,1,1.8081926212477133
544,0,1,0,-0.827216022173805
544,1,1,0,1.0921359415738352
544,2,1,0,0.10598259588008618
544,3,1,1,1.6502302036609118
544,4,1,1,1.8534020620650185
544,5,1,1,3.0954716712868375
545,0,1,0,1.8574402293382513
545,1,1,0,2.34268419744276
545,2,1,0,3.7039728321246495
545,3,1,1,4.710990048758047
545,4,1,1,7.369198294268834
545,5,1,1,8.88904894656841
546,0,0,0,-0.8694046468913468
546,1,0,0,-0.1260246228464154
546,2,0,0,0.25945604342493606
546,3,0,0,0.4084713658854605
546,4,0,0,-0.10026777870630088
546,5,0,0,0.736580881828174
547,0,1,0,0.644067082683623
547,1,1,0,0.9974235000600336
547,2,1,0,0.7007034663100979
547,3,1,1,1.3339708018365193
547,4,1,1,3.6847707135632985
547,5,1,1,1.9383332127482105
548,0,0,0,1.1150189962006962
548,1,0,0,1.930494304918835
548,2,0,0,1.128596091272911
548,3,0,0,1.7365237620879235
548,4,0,0,3.9407927137238916
548,5,0,0,3.15799906228638
549,0,1,0,0.5208527225540271
549,1,1,0,1.603544352760641
549,2,1,0,2.0017191168606914
549,3,1,1,4.392920302373712
549,4,1,1,4.111417479249585
549,5,1,1,2.8729583883274366
550,0,1,0,0.7982976913519334
550,1,1,0,-0.20143409570806947
550,2,1,0,-1.370074035977134
550,3,1,1,-0.7189289380496244
550,4,1,1,2.335475925619119
550,5,1,1,0.5102953669271937
551,0,1,0,-2.4704010324908934
551,1,1,0,-2.034874113128658
551,2,1,0,-0.29856102421154485
551,3,1,1,0.49617704387922523
551,4,1,1,-0.055388977502094816
551,5,1,1,0.37572583354317635
552,0,0,0,1.3880156056851043
552,1,0,0,0.7767196181726994
552,2,0,0,0.07691959242783897
552,3,0,0,1.1964132513942083
552,4,0,0,-1.386231153903535
552,5,0,0,0.18693994270031172
553,0,0,0,0.9044787210971885
553,1,0,0,1.5844017629518734
553,2,0,0,2.1306738351260606
553,3,0,0,3.290549273547172
553,4,0,0,2.724251027114507
553,5,0,0,3.1845267328266966
554,0,1,0,-0.18149965626844622
554,1,1,0,-0.5755660548513457
554,2,1,0,-1.0638673413563493
554,3,1,1,3.456415214597997
554,4,1,1,2.0880168131038586
554,5,1,1,3.738904964277925
555,0,0,0,0.7527022695339498
555,1,0,0,1.892081898373092
555,2,0,0,2.1431666651898795
555,3,0,0,2.3203662707539223
555,4,0,0,3.532655040868061
555,5,0,0,4.6441003897969475
556,0,0,0,1.085038218888689
556,1,0,0,0.9591180453034622
556,2,0,0,0.8056708198232735
556,3,0,0,0.3185397239716366
556,4,0,0,0.29081471733143305
556,5,0,0,0.1961972906121625
557,0,0,0,-2.305761464787762
557,1,0,0,0.8714228118911038
557,2,0,0,0.010353906188813516
557,3,0,0,1.601615758901154
557,4,0,0,0.15019261035892717
557,5,0,0,-0.8751705817168585
558,0,1,0,-2.1164374463155156
558,1,1,0,-1.4779637447519733
558,2,1,0,-0.16272696830758462
558,3,1,1,1.236747557177478
558,4,1,1,2.942596416469551
558,5,1,1,3.1065100665106957
559,0,0,0,1.2996090270563743
559,1,0,0,1.7018075886155917
559,2,0,0,2.2522920551916155
559,3,0,0,0.5827427866608201
559,4,0,0,3.9133211096537117
559,5,0,0,0.7188395610061398
560,0,1,0,-1.2328181134980323
560,1,1,0,-1.311170564959514
560,2,1,0,-0.5850870668971433
560,3,1,1,0.1882777249151496
560,4,1,1,-0.5429465133965589
560,5,1,1,0.2666497567125786
561,0,0,0,0.38877117207750345
561,1,0,0,2.4207097695119004
561,2,0,0,1.5694861063208536
561,3,0,0,1.8158922131865793
561,4,0,0,2.440949469384804
561,5,0,0,4.198848965550592
562,0,0,0,-0.910805632658524
562,1,0,0,-0.7121110760570286
562,2,0,0,-0.21517956551564144
562,3,0,0,-1.6721233477968107
562,4,0,0,-1.0550354676882132
562,5,0,0,-0.03881281873378006
563,0,0,0,0.8586509180789864
563,1,0,0,1.671386399590828
563,2,0,0,2.328620435620657
563,3,0,0,1.7333694930419714
563,4,0,0,2.9864356197102304
563,5,0,0,3.283725181229931
564,0,0,0,0.4577932828035596
564,1,0,0,0.4934792836787515
564,2,0,0,2.281832553836995
564,3,0,0,2.238956871817985
564,4,0,0,3.680281619255486
564,5,0,0,3.2572733874034006
565,0,0,0,0.053141614508276314
565,1,0,0,-1.4757711269660534
565,2,0,0,0.2960395404935982
565,3,0,0,1.4427917135341075
565,4,0,0,0.3454636992551891
565,5,0,0,0.12191964440845166
566,0,0,0,-0.5229797074043032
566,1,0,0,-1.3733237442874766
566,2,0,0,-0.6116262381505538
566,3,0,0,-0.16288605105610443
566,4,0,0,0.6460413404240811
566,5,0,0,-2.2214974886388967
567,0,1,0,-1.0827256098556506
567,1,1,0,-1.1283429621880885
567,2,1,0,-0.901577533945989
567,3,1,1,0.1834789955219276
567,4,1,1,-0.3120814984763134
567,5,1,1,1.665349037261608
568,0,1,0,-0.0005510862237483316
568,1,1,0,-0.18446821096574728
568,2,1,0,0.051444260591464785
568,3,1,1,1.7886906823795643
568,4,1,1,2.4971838324977145
568,5,1,1,3.3163163445760895
569,0,0,0,-0.6524594296491422
569,1,0,0,-0.397356767868596
569,2,0,0,-1.2033815773097154
569,3,0,0,-0.7671103232193571
569,4,0,0,0.37301356000828817
569,5,0,0,0.3798795964501325
570,0,0,0,0.03356913024441155
570,1,0,0,1.354740000063717
570,2,0,0,0.4350636538405578
570,3,0,0,0.206138823639471
570,4,0,0,2.2846733852676824
570,5,0,0,3.99213319422682
571,0,0,0,-0.9634791747960252
571,1,0,0,-0.3028099552432577
571,2,0,0,-0.5470192486609585
571,3,0,0,-0.5374226271132103
571,4,0,0,-0.6942703925499011
571,5,0,0,1.0125816681917938
572,0,0,0,0.4218713661231851
572,1,0,0,0.5210186178211097
572,2,0,0,-0.16734244585466918
572,3,0,0,0.41931917407966607
572,4,0,0,1.556547379793097
572,5,0,0,-0.8434720239747342
573,0,1,0,-0.3435838544794385
573,1,1,0,1.448632380037071
573,2,1,0,1.2734906207966323
573,3,1,1,3.2753938622002234
573,4,1,1,3.2895756973623445
573,5,1,1,4.713147873097423
574,0,1,0,-0.5406188854626788
574,1,1,0,0.3953056367061506
574,2,1,0,2.0930469143644355
574,3,1,1,1.9267512054469491
574,4,1,1,2.052240772526572
574,5,1,1,3.0249591401577396
575,0,1,0,0.7919875656206425
575,1,1,0,-0.4965723278393295
575,2,1,0,1.0938707597173478
575,3,1,1,0.331877172784772
575,4,1,1,-0.3541496675681366
575,5,1,1,0.7149591290735283
576,0,1,0,-0.26010677769928703
576,1,1,0,-0.8502340603495677
576,2,1,0,-0.3345779852046368
576,3,1,1,1.5380866369327397
576,4,1,1,2.2216297027207332
576,5,1,1,2.366631547749833
577,0,1,0,-0.7096715876067544
577,1,1,0,-0.09717791551314892
577,2,1,0,1.0311456285268732
577,3,1,1,2.022253985899716
577,4,1,1,0.40525830938030005
577,5,1,1,0.9378924267546841
578,0,1,0,1.2048493558183657
578,1,1,0,0.8738687488184088
578,2,1,0,-0.42851935623464343
578,3,1,1,2.608047822331989
578,4,1,1,2.7240022427125257
578,5,1,1,4.928472075559859
579,0,1,0,-0.6031009821375197
579,1,1,0,0.7624795773067479
579,2,1,0,0.13743118165040236
579,3,1,1,3.477354524558425
579,4,1,1,3.593562490630115
579,5,1,1,4.914775095212734
580,0,1,0,0.880188443930149
580,1,1,0,2.0323237145069313
580,2,1,0,1.4288719441104463
580,3,1,1,2.3684288570237313
580,4,1,1,2.961357708471035
580,5,1,1,3.9062851242765575
581,0,0,0,-0.580879301783574
581,1,0,0,-0.15127922811051087
581,2,0,0,1.1927758678956715
581,3,0,0,-0.5689950063380208
581,4,0,0,-1.5806830289383813
581,5,0,0,-1.0354873775324467
582,0,1,0,0.12381709026513782
582,1,1,0,2.7236650066416797
582,2,1,0,2.025587228004339
582,3,1,1,2.874810953839166
582,4,1,1,4.445752413168739
582,5,1,1,5.932535772737407
583,0,0,0,0.7044289788643956
583,1,0,0,1.0244333858887078
583,2,0,0,1.064750127009064
583,3,0,0,1.3406878995966411
583,4,0,0,2.6420740621585344
583,5,0,0,1.349651057160043
584,0,1,0,0.47237207275423243
584,1,1,0,-0.43472227098305327
584,2,1,0,1.082465015341915
584,3,1,1,1.9390721229460106
584,4,1,1,2.1205588623060327
584,5,1,1,3.1880657545860283
585,0,1,0,-0.07704512431433959
585,1,1,0,1.0157290033959099
585,2,1,0,0.37910094034879815
585,3,1,1,1.8218131120913768
585,4,1,1,2.974273640178881
585,5,1,1,3.312660188286936
586,0,0,0,1.3903995847564874
586,1,0,0,1.176926307336927
586,2,0,0,1.4348660556732649
586,3,0,0,3.082078757004644
586,4,0,0,1.8176522256707583
586,5,0,0,1.9996024045816934
587,0,1,0,2.3345785594357555
587,1,1,0,2.8150106269593085
587,2,1,0,2.8579284833148972
587,3,1,1,2.4506217911621624
587,4,1,1,5.113150521851867
587,5,1,1,5.159403087741445
588,0,0,0,0.7227985039628538
588,1,0,0,-0.4764452646342425
588,2,0,0,0.6543185401371425
588,3,0,0,1.043880292952632
588,4,0,0,0.3567141913609381
588,5,0,0,-0.4215593003423532
589,0,0,0,0.3380384063363122
589,1,0,0,1.2839957068606642
589,2,0,0,2.5515063881658424
589,3,0,0,3.379757595367365
589,4,0,0,3.6688758938529586
589,5,0,0,4.236502083624784
590,0,1,0,0.967924095112112
590,1,1,0,0.03057697985734742
590,2,1,0,1.6704270249933346
590,3,1,1,3.0566758917755306
590,4,1,1,3.8665704409378923
590,5,1,1,5.495492521927083
591,0,0,0,0.22803957595864638
591,1,0,0,1.223314944251571
591,2,0,0,1.2285869224137878
591,3,0,0,-0.4027411664872833
591,4,0,0,0.5657303133213945
591,5,0,0,2.7179169915458576
592,0,1,0,0.7685559096465717
592,1,1,0,1.1683018489315418
592,2,1,0,1.258761475004972
592,3,1,1,5.299683955360356
592,4,1,1,6.024162931804604
592,5,1,1,4.935110928800377
593,0,1,0,-0.1636840590690285
593,1,1,0,2.145285166250762
593,2,1,0,2.019371623039205
593,3,1,1,4.740362182277479
593,4,1,1,5.083302414803182
593,5,1,1,5.731974872140187
594,0,0,0,0.8154782859500795
594,1,0,0,-0.08115460191867052
594,2,0,0,1.822656493981749
594,3,0,0,1.477353507226817
594,4,0,0,2.768980162306566
594,5,0,0,3.6850795203489137
595,0,0,0,-0.628234502323299
595,1,0,0,-0.2503582558892836
595,2,0,0,2.0835554430886876
595,3,0,0,1.7832690298069598
595,4,0,0,1.5384984524868088
595,5,0,0,2.2637054921822513
596,0,1,0,0.586987743123088
596,1,1,0,-1.3352235227129614
596,2,1,0,0.9092156578064735
596,3,1,1,1.8414381383901026
596,4,1,1,2.326278552038022
596,5,1,1,2.9458919874097
597,0,0,0,0.763294518804768
597,1,0,0,-0.1223328663870974
597,2,0,0,0.9656169465445346
597,3,0,0,1.510362590835025
597,4,0,0,2.5916172415788217
597,5,0,0,3.745338952190548
598,0,1,0,-0.7474130347409752
598,1,1,0,-1.831462044668645
598,2,1,0,-0.4185969387812793
598,3,1,1,0.41417238506801
598,4,1,1,2.4322414387580453
598,5,1,1,-0.32859893217938163
599,0,0,0,-0.7016065248717365
599,1,0,0,-2.118391800821064
599,2,0,0,-0.06292164349770357
599,3,0,0,-1.2487659224484438
599,4,0,0,1.5727676814221367
599,5,0,0,1.0594648585060429
600,0,1,0,-2.449876852397001
600,1,1,0,-0.5609703508911624
600,2,1,0,1.8584806004993637
600,3,1,1,3.454218679680842
600,4,1,1,2.820472475912239
600,5,1,1,2.5673789233268254
