id,d_treated,x1,x2,y_outcome
1,0,-0.20103085678617374,1,1.3111228538312791
2,1,-0.020036530526833893,1,1.4532128754956268
3,0,0.36946705689571574,1,0.3947056256298984
4,1,0.6910585973907999,1,2.747822677049502
5,1,0.5748742195025421,1,5.170221666986217
6,1,0.4669696030590764,0,4.242654110143178
7,0,0.9577066580900059,0,0.9171311732341404
8,0,0.0024128674447177613,1,2.9249755719149584
9,1,-0.6970388573889189,0,3.69085289197498
10,0,-0.42272534419383473,1,1.136813958406147
11,0,-0.7829911046040519,1,0.4055599690048838
12,0,-2.1923526737225063,0,0.18014677449178085
13,0,0.8650746131074305,0,0.07094451959865178
14,0,-0.5473917806143737,0,0.6610183346019276
15,1,0.6436905323641641,0,3.064442769828999
16,1,0.7009372169187873,1,5.128944774228109
17,0,0.13250489343265845,0,-0.6720560354127135
18,0,0.7302658288642606,0,-0.7841550626805474
19,0,1.8426279430147572,0,2.7297297756652954
20,0,-0.0676093966342621,0,-0.7594406378350764
21,1,-0.03832805098936894,0,1.380024657380629
22,0,0.00992948636072325,1,0.5011136330711754
23,0,-0.6623622886017657,0,2.8855385852005555
24,0,-1.6151359213357166,1,-0.4207461503638409
25,1,1.0421989675947545,1,2.5935018799306717
26,0,1.3504874796912134,1,2.7856852087359707
27,0,-0.3197157422842211,1,0.3623003298825094
28,1,2.117330749257275,1,3.444656881173998
29,1,1.100072979981996,0,4.291152146178959
30,1,1.1425893250144592,1,7.0111553033934015
31,1,-0.5650985927779046,0,4.263907952721766
32,0,-1.4362585970584398,0,-2.569143385703213
33,1,1.680819301093249,1,4.306171291191033
34,1,1.9415680828780546,0,5.957543080454835
35,0,-1.406588306139941,1,-1.3044061280351786
36,1,-1.001679039253179,1,3.866535632037538
37,0,0.7407829678883795,0,0.7690677525010918
38,0,1.5529642652487368,0,0.975546532802782
39,1,0.8640953585320118,0,2.038722001468063
40,1,-0.8018763700394043,0,3.0771567475802364
41,1,0.6415490253241999,0,5.1838687387061935
42,1,1.8880622055234022,0,5.568799817854084
43,0,-0.8896909314464074,1,2.0969606984300864
44,1,0.6276828531142059,1,4.719186807782243
45,1,1.3730337989288919,1,2.9910536719861627
46,1,0.20840752247201677,0,0.22366817758059643
47,1,-1.1115054382790528,0,1.5690838339990991
48,0,-1.402945968300484,0,3.3067258700068947
49,1,2.126819736921563,1,3.171788112270237
50,0,-0.9383169535196085,0,1.7097667331794464
51,0,-0.36941574542351535,1,1.243514770457108
52,0,0.8202283453637699,0,-0.40333801001450903
53,0,1.5838224585441973,0,0.04228290269577961
54,0,1.7728541489279508,0,2.606078300424928
55,0,-0.39681266571278506,1,3.2183430130906108
56,1,2.7198221909577445,1,5.453620541056588
57,0,0.1157153980778149,0,-0.2070331061942462
58,1,1.4239511714617377,0,1.2734322214821965
59,0,-0.82067840651209,0,-2.0348111945245977
60,1,-1.0791374969177312,0,3.3132440934417677
61,1,0.7181534375617539,0,2.444885542338562
62,1,-0.3305687764742172,1,0.6880123485710761
63,0,-0.07524805721515564,0,-0.4973352293204926
64,0,-0.5176452356865684,1,3.412141676078423
65,0,2.8052614390659922,0,1.083732765568429
66,1,-0.18340671784246465,1,3.0503242520926843
67,1,-0.8188814610901285,0,1.1066784817147877
68,0,-0.8092705949382093,0,2.5690857028812677
69,1,0.8777059622761002,0,1.3984073620957551
70,1,0.27034441729658476,0,1.9576819138122794
71,1,1.54994897963574,1,3.738808743005496
72,0,-1.465564038702324,0,0.3716146421745974
73,1,1.0956983019093316,1,4.502169637989181
74,1,0.8688102386522248,0,1.9059773760288243
75,1,0.18503674785255875,1,5.235736787802774
76,0,-1.1545051602580503,1,0.31405892496754234
77,0,-0.6250521417610825,0,0.19510776788461348
78,0,-1.8455259595827216,0,0.4451720501033618
79,1,2.464823813423008,0,3.7739183812574
80,0,1.4286597172920001,0,1.4124387211315528
81,0,-1.4516046607771738,1,-1.2882506885474911
82,1,1.2974657966769823,1,2.2986399281449654
83,1,0.49933602299178176,1,4.634726084891049
84,0,-0.17136260952403645,1,1.9269414827194802
85,0,0.971512862589396,1,-0.464252834937807
86,1,-0.577570144593734,1,0.62159547400653
87,1,-0.39669352200046304,0,1.187562073919918
88,0,-0.6852100063396341,1,-0.7449907727554554
89,0,-1.2408747255630554,0,-1.2671193726438896
90,1,-0.4689993018177797,0,2.1016705337083392
91,1,1.056624144017664,0,4.531638689162189
92,0,-0.24222298095763078,1,-0.03017102232451685
93,0,-0.8187361554015196,1,1.2115158417059173
94,1,1.4978803615095553,1,4.68415990135547
95,0,1.0430305885775126,0,0.6797606330048969
96,1,-0.8454874925107941,0,4.2952379648503305
97,0,-0.08850807628795035,0,1.8792198204926112
98,1,0.6335798221395114,1,4.454082451387559
99,1,-0.21310377307920886,0,2.8085495269138576
100,0,-0.6558839453874468,0,2.826045273392545
101,0,-1.1344749796233466,0,-1.4246212212123166
102,0,-0.2758620683058042,1,1.8538426181817624
103,0,0.09492411080304128,0,-2.6747112152250825
104,1,0.15516842305776285,1,6.545721172833145
105,0,0.21574875616226624,1,-0.6089010251438083
106,1,0.45275352989499223,0,4.511750902957555
107,1,0.3511853510383872,0,2.981686731819531
108,0,0.37623846186083526,0,3.345386195676166
109,1,0.6840087642983709,0,1.637669528549214
110,0,1.446238984708716,0,1.4789986866777913
111,0,1.1867183959514152,1,0.11074606680135615
112,1,1.2154238497469736,0,3.7546819463381347
113,0,-1.0109214659442878,0,-0.40941418491415305
114,0,0.041505736057434114,0,2.0546134336251756
115,0,-1.2728887302380762,1,1.1779878453015504
116,1,0.1849450086411982,0,3.9792530850288275
117,1,0.7694548787467568,0,0.12611509074381544
118,1,0.5016464654298057,1,4.492151574410392
119,0,-0.1306658836107502,0,1.0214313900933227
120,0,-2.6745900495945945,0,-1.1859845007700205
121,1,1.231737330278536,0,1.0281139218911453
122,0,-2.3650029656512905,1,-1.6831914613267853
123,1,1.0347653435095803,1,2.6911432923793215
124,1,0.04370427180492059,0,5.385882398933176
125,0,0.73270656138441,1,-0.005780603365798775
126,0,-1.856966318173156,0,-0.7222090121176334
127,0,-1.211757301013172,1,1.8142351192591764
128,0,0.4365094267918935,0,4.034269011820734
129,0,0.6046977330746122,1,2.5213005660214582
130,1,-0.4905572247921442,0,2.1252353262318753
131,1,0.38914475464168546,0,2.095837645926734
132,1,0.23537246140461027,1,3.7041263673505136
133,1,-0.904935356139968,0,1.731291773863985
134,1,-0.03360919077852377,0,0.13754930387777153
135,1,-1.3301469010940679,0,-1.1663832174069588
136,0,-0.35161926067658517,0,-0.5663125380513253
137,0,0.3645290783984471,0,1.2356229187013823
138,1,0.9885973556513685,0,3.773479400104389
139,1,0.1119139420156107,1,4.471537979581632
140,0,-0.109946382905128,0,0.34978391372460554
141,1,-0.9831011937762997,1,1.362340368780266
142,0,1.3288527571635904,1,1.8487768354645024
143,1,-0.17677642198064117,1,2.130294439186928
144,0,-1.8296603250770511,0,-2.503579149731654
145,1,0.9897552943371155,0,1.2027213796750087
146,1,-0.6185632108790796,1,2.546115383195019
147,0,-0.0914267439342812,1,1.7857390556803736
148,1,-0.2174601002330783,1,3.620894585567146
149,1,-1.8652810833028046,0,1.3910010270240474
150,1,0.11266786917742211,1,-0.9603282556881376
151,0,-2.4055331376384466,1,-1.7321936282011414
152,0,-1.753818272179845,0,-0.44314171526792295
153,1,0.7047991570336043,0,2.939472204764888
154,1,0.692256421856715,1,3.6906340822541823
155,0,0.1478752357854813,1,-1.9095723343290634
156,1,-0.9915025473176893,1,3.374566386388725
157,1,0.8696367493644349,0,6.33160524466744
158,0,0.20773014841185208,0,0.43363016518681485
159,0,0.03650257447067411,1,0.5344524078555231
160,1,0.4694463830725014,1,6.544922957574922
161,0,0.14451421687485463,0,2.116884571812404
162,1,-0.3768008206964653,1,1.3314433819308222
163,0,0.04548681830710402,0,3.3698049628188884
164,1,-0.7891269866595128,0,3.1740936796163863
165,0,-0.5477457639012105,0,-0.07671829069475256
166,0,-2.0043099643070077,1,1.1671508712553729
167,0,0.4939733171304703,0,-2.541984744370934
168,0,-1.0235354118204087,0,2.906559939321637
169,1,-0.3061837734364609,1,3.859347578765799
170,1,2.7477933879543626,0,6.992107275435054
171,0,0.8834337280093759,0,1.8704716176311653
172,1,-0.6023801081591066,0,2.045143382485775
173,1,-0.30602497963562686,1,1.4882107580240498
174,0,-0.4808173481046937,0,2.8573906175687274
175,1,0.4654608955964592,1,3.568100282452193
176,1,0.18019967497814887,1,2.5588554523828106
177,0,0.23012084356723334,1,-0.5315809629877233
178,0,0.29362030864702987,0,-2.636719989162372
179,0,0.973745547472471,0,1.8305210824457068
180,1,0.45633063217083425,1,0.5779957555854519
181,0,-0.7086310447753938,1,-0.6543124548995605
182,1,0.9492129633995507,0,6.372786870057582
183,0,-0.7744832934863468,0,-0.654067788544132
184,0,-0.019869029699552707,1,2.4973721332083305
185,1,1.4170544225860562,1,3.0287636915371587
186,1,0.9412500649372696,0,1.97283361261887
187,0,0.11549731668967102,1,0.09873447604352203
188,1,-0.9461912686077618,0,1.9549271421226289
189,1,-1.5349866615706373,0,-0.20602411203107485
190,1,1.1358204144366553,1,4.632912430144046
191,0,-1.2317474919330642,0,-1.4076843473147953
192,0,-1.3693278281850603,0,-1.9761124611201684
193,0,0.7248877510539149,1,1.9945644393020745
194,1,-0.32063078195450284,0,5.167151888465885
195,1,0.9104356024819912,1,4.923629884756817
196,0,0.5368941633810458,0,2.7664512633058393
197,1,0.022376161039085955,0,0.9492313672234187
198,1,0.9111190625712827,0,2.8078710114859766
199,0,-1.2426977655969198,1,0.8556170637120463
200,0,-0.626335229499921,1,0.4286348508604111
201,0,0.4159155380824673,0,-0.013629313433310308
202,0,0.14762753371238022,0,0.2669848078518666
203,0,-0.3135726116223833,0,3.30085430887154
204,0,0.5526178395310504,0,1.9827738609302537
205,0,-2.500922568684305,0,-3.451286855472113
206,1,0.7977490592792319,0,3.396978168177543
207,0,-0.9298624303186658,0,-0.5200188073738081
208,0,-1.1074778964251384,0,0.8623001342721646
209,1,-0.16912483385040372,1,1.633371960844008
210,0,-1.1208772807658907,1,-2.4961441648774323
211,1,0.17433260619068702,0,1.2875760389612785
212,0,-1.7016580747652608,0,-2.2775933940162174
213,0,-0.4015736563070336,0,1.2935188301965534
214,1,1.3102173252068385,0,1.6141942438586747
215,1,-1.4104079945604933,1,0.422667318233959
216,0,-2.4630721541971976,0,-0.13305392765816615
217,1,0.34510869499098557,0,2.2576959432973727
218,1,0.37918185038338914,0,3.850385427497994
219,1,-0.7314569591895148,0,0.26765971323127347
220,1,0.7782031117891528,1,3.526256008980047
221,1,1.1076548099310948,0,5.048889209985635
222,0,-0.22134812986009675,0,4.143083268319868
223,1,0.9187168318006023,1,5.2997023621232415
224,1,-1.1402277030645294,0,2.1754193886825135
225,0,1.4377067159308594,0,-0.15709168322961475
226,0,-1.0705074928029201,0,-0.430927036942109
227,1,0.8492433135518571,1,4.109809998317177
228,0,0.9251489674280299,0,1.2068874047158493
229,1,1.2060960308832493,0,2.85826417512415
230,1,0.4168046022212973,0,2.7521547650457387
231,0,1.6976891765763162,0,3.336004932793649
232,0,0.41298332247050407,0,3.7463323194177667
233,1,0.16988160434195543,0,3.2935628805279253
234,1,1.2096310878917986,0,2.6296855552536584
235,0,-0.0583892445845871,0,0.7343624330201012
236,1,-0.23975121714654998,1,2.7117058360912507
237,0,1.2465038512635942,0,2.031581157873161
238,1,-0.5331790706079969,0,0.7918254585269313
239,0,-1.6498622218082328,1,-0.5956196856836171
240,1,-0.4234797678010348,0,2.55485420117924
241,0,-1.6437149956575832,1,-0.6242939317034384
242,1,-1.0941528894600212,0,2.2979080501816735
243,0,-1.7313312682123783,1,2.291751848751481
244,1,0.2764244211850197,0,4.2565581911605825
245,1,-0.24073062300492842,1,4.339815955930922
246,0,-0.6285654063408398,0,-1.484095750597281
247,0,-2.1202689464348268,0,-0.9677643180451785
248,0,-2.309160100099443,0,-0.7315044689412737
249,0,-1.923117927903709,1,0.21772659743086953
250,0,-0.5287052175358471,1,1.1480729949480828
251,0,-1.3372414567305309,1,-0.947148284666612
252,0,-0.20319453424774517,1,0.5864516399862102
253,1,1.0644074333827975,0,1.87797419420256
254,0,-0.6761321278803054,1,-0.7925430127095934
255,0,-1.2154061706309298,0,0.32423748294087995
256,0,0.4638820390169194,0,1.473504357885578
257,0,-0.34600676512666945,1,1.6778598524355761
258,0,1.2543343786905232,0,3.728846686873983
259,1,-0.17084120235422595,1,5.694446030224833
260,0,0.6679409131762337,0,0.41004596106793456
261,0,-1.4889296035102406,0,-1.7196732280942464
262,1,0.37345754381871926,0,3.6736902002427456
263,1,-0.3490328272323224,1,3.0331689328284206
264,1,0.8568611187761257,0,3.6163647446121283
265,0,-0.01486482338912624,1,0.020813842105986913
266,1,-0.1945607226361972,1,1.845126892548144
267,1,0.890295104431217,0,-0.3903846441953813
268,1,-0.5330418033871398,0,3.1963935937589882
269,1,1.2502385074189095,1,3.694975665343908
270,1,-0.14572618444759156,1,1.7572268111643607
271,1,0.4799140832571339,0,2.4152979716174343
272,0,-1.5368330505922854,1,-1.9670952041032033
273,1,-0.5583593648612333,0,1.307043694501167
274,0,1.4877910036794477,0,1.8801312925974172
275,0,0.4652261268325498,1,-2.130931949368832
276,1,1.9729426082436576,0,4.479210280158587
277,1,-0.483977158238406,1,3.3832336131489797
278,1,-0.3156114583642025,1,2.3743927066550525
279,0,-1.037805126293531,0,1.4859189016342194
280,1,0.40615281942327935,0,3.8752631850004495
281,0,-2.655512249450631,1,-1.3224675134713793
282,0,-0.3580884660802516,1,2.423494705834619
283,1,1.2785103786709167,1,2.0766901181067112
284,1,0.25539503362523974,1,2.3440176356618307
285,0,-0.7657337768658633,1,4.641987075320414
286,0,-0.4227187294959304,0,-1.2896328843524671
287,0,0.2655757977434832,1,0.6090379006234083
288,1,0.29816189523771003,1,3.5179942066656675
289,1,-0.1956939147988996,1,6.248470781411996
290,0,-0.6565442117119816,1,2.0895281305312023
291,1,1.456718995494983,1,2.5696593342966487
292,1,0.2951430622194691,0,2.76430541178499
293,0,0.28220148948392115,1,3.3456274169863223
294,1,0.0814472616034888,1,3.993323355888382
295,1,-0.6898299331908333,1,1.0700703880204068
296,1,1.5615590274275324,0,5.070718932796852
297,0,0.3156884743810817,1,1.74697754942314
298,1,1.7590620899204374,0,3.144652959146983
299,0,-1.7650778589570566,0,-1.2204212770536802
300,1,-0.825895577180124,1,1.3848700360500448
301,0,1.075523103020172,0,2.9143256773765644
302,0,-0.7850114864040985,0,-5.455530587355683
303,1,-0.7503892416571672,0,4.099530979108389
304,1,1.2605696301733385,0,1.4391355368400758
305,1,2.8197209251568154,0,6.139063697417267
306,0,0.5171070452644522,0,1.2205226470771913
307,1,0.26365395995076923,0,4.081498591142386
308,1,2.2749750883444717,0,5.3095770777194256
309,1,1.732458417588562,1,2.26484470880592
310,1,0.189053894432178,1,4.992318739564105
311,0,-1.894750520144751,0,-3.0109460067969525
312,1,0.8046242623349176,0,2.44594760080936
313,1,0.1320077320384177,0,4.43817316762786
314,0,-1.073639146208221,0,-4.506137563105819
315,1,-0.6500645623324911,1,4.046165423286741
316,1,1.2276848190188205,1,6.053388077311933
317,0,0.27973252535178017,0,0.13537197388048716
318,1,1.5217135434355031,0,2.9352394949065657
319,0,-1.7976146564663071,0,-2.167587658076079
320,0,0.5356784836212319,0,-1.188851990087091
321,1,-0.42219174067628695,0,2.062831448156448
322,0,-0.7843009892091807,0,2.4821627554953603
323,0,-0.8333221159278058,0,-2.6536166595408073
324,0,0.9261985262925911,0,-0.2861519916857167
325,1,1.1448933455146546,1,2.2809080023394825
326,1,1.1931245809290392,1,2.631833781509296
327,0,-0.015279710465115837,1,1.6513058283725908
328,1,0.6048335207404776,0,6.327585469499352
329,0,-1.535819157483115,1,-0.997947174201099
330,1,0.7252439179558914,0,4.567035846571193
331,1,0.13060328877479294,0,1.6507859038416193
332,1,0.38180535168372165,0,4.08638590109508
333,1,0.39128152869440025,0,0.8715578002314306
334,0,-1.4179027885987066,0,-1.3296691837882588
335,0,-0.34304310887708495,0,-1.466086284525999
336,1,0.010402343897952911,1,0.6972714827398576
337,1,1.4743910421379778,0,5.449576715169973
338,1,0.32060300781107315,1,5.0511442461994704
339,0,2.3208372486798163,0,2.3907534924543996
340,1,0.629360443264096,1,3.211368677416247
341,0,0.850752617858779,1,1.718912769470542
342,1,-0.8235196915038103,0,1.590999280789367
343,0,-0.870418949534873,1,0.18127912479287545
344,1,0.2682771858911289,1,2.867769132016107
345,1,-0.38624622162693895,1,2.4623116930502666
346,1,-0.7303689451997593,1,4.224778032605727
347,0,-1.6667951612181169,0,4.364710739467323
348,0,0.20163332710691617,0,1.358203550107731
349,0,-1.6934926831457182,1,0.5480961139200788
350,0,-1.8085201478631703,1,-3.60130037840841
351,0,-0.8003803084566923,1,2.0616353725374506
352,1,-0.8504516019426731,1,1.1897185144237525
353,1,0.15995997641973161,1,2.6166885491115712
354,0,0.9056648266755967,0,2.4894795568162813
355,0,-0.7182437362459643,0,1.9472309515357724
356,0,-0.6462411063955229,0,0.36129874174229293
357,0,-1.5548707510794335,1,-1.1327686259239385
358,1,0.18629258468128063,0,2.6852924356054917
359,0,-0.6877179949887816,0,0.01936431384453674
360,1,0.4490264360999613,0,5.894957903330133
361,1,0.42851816746902793,1,3.6940395880665386
362,1,0.47561887593499275,1,4.157097044057931
363,0,0.9648726628560237,0,-0.19777443757952096
364,1,0.12951057625940654,0,2.462981956868309
365,0,-1.3254503370221855,1,-0.8381018549475424
366,0,-0.4778558910165043,1,0.12510426458726598
367,1,0.21856523192577876,1,1.922084354193794
368,0,-1.386963634579784,1,-0.2108190133991904
369,0,-0.8826280725659921,1,3.883867190587374
370,1,-0.29429928231097197,0,1.0420650450447586
371,0,0.32846806345741525,0,-0.16079583789439345
372,0,-1.2350858592305853,0,1.497380167851664
373,1,-0.6338786346532191,0,0.9120087396890323
374,1,-1.0503782740817504,1,4.375454222952877
375,1,0.9295916877294399,0,3.052523795487828
376,0,-0.2759896955630972,0,-1.1401806995136752
377,1,1.4909612474651814,0,2.6604134751560164
378,0,-0.8119281001264804,0,0.3284537944482039
379,0,0.42269838672655335,0,0.8294894697989976
380,1,0.07443452222563121,0,4.951915738372828
381,0,-0.029357845712193405,0,-1.248385512526938
382,0,-1.1056193513413552,0,-1.7036057173581265
383,0,-0.585485958527185,1,2.1096650709496756
384,1,0.7042176946277668,0,-0.5511059967289174
385,0,-1.1720855481483607,0,-1.1630145071812068
386,1,1.2523873435385537,1,4.486356805505112
387,1,0.22466175660816148,0,3.420291474751901
388,0,-0.9286824492120603,0,3.0481400936354834
389,1,0.09318934948913288,0,2.9976291600462863
390,0,-0.4785890934731678,0,4.018966556961626
391,1,1.189311122000348,1,0.5573581316328171
392,1,0.09720119475787602,1,4.799636776400979
393,0,0.42069757251113005,0,0.5063277129661768
394,1,-0.7081300610175244,1,1.569539263590988
395,1,1.6747380445416542,0,3.340030510772669
396,0,-2.39338677604171,0,-0.017351848235803713
397,0,0.5790227431128525,0,-0.25300174700129807
398,0,-0.8159945658643051,1,1.9112408138582586
399,0,-2.2524308721694632,0,-1.3379136584787024
400,0,-0.5061704755101001,1,-0.06910311711607811
401,1,-1.4254175814560517,1,1.6241183188973574
402,0,0.016879335905213958,1,0.5757453753662327
403,0,-0.8494770376762936,0,-0.5845896418350008
404,0,-0.39473426882108026,1,0.9235058387073609
405,1,0.8807329792968012,0,0.7436262089104968
406,0,-0.4273893953653777,1,3.9267404294269284
407,1,1.0451444154720329,1,3.632101421027158
408,0,0.22281733994433967,0,0.4407682130120161
409,1,1.5177642099834816,0,3.6890347573673887
410,0,0.17967330873241524,1,1.5882911715690953
411,0,-0.7387950060983037,0,-2.080578180457084
412,0,-0.7524767529478591,0,-1.1103354068058449
413,1,1.3492975812382846,0,3.986980549200208
414,0,-1.1424286343678773,0,0.32484553182655507
415,1,-1.331865733242469,1,4.946565222000165
416,0,-0.3207393676604785,1,3.2513102049185445
417,0,1.0560339634610125,0,3.0147597818451857
418,1,0.6125638090633712,0,2.1883965835880983
419,1,-0.036920573137978016,1,4.256721482535958
420,0,-0.22917177433915228,0,-1.8890809344851167
421,1,0.7881355949255311,0,2.992766714745965
422,0,-2.2622331602123484,0,0.955334008968673
423,1,0.38883305072366714,1,3.2702808548863844
424,0,0.2593880086392911,0,-0.022132191864959072
425,0,-2.2056314626692797,1,0.7035514556171274
426,1,0.9316851427630525,0,2.1899149049287265
427,1,0.016587766756869664,1,1.0026005597012495
428,1,-0.2566987786057466,1,1.207894926336233
429,1,1.2082541798704127,1,5.43191148418639
430,1,-1.0545089325183008,0,0.8177142959271435
431,0,0.026957966898138713,1,1.3980139817605532
432,0,0.22124553900034133,1,2.37625797066643
433,1,-0.678969973247895,0,3.895118879495159
434,1,-0.25787913719479777,0,2.5968307425483643
435,0,0.6278818172835768,0,1.7026872634890782
436,0,-1.1620859962833234,0,-1.7925269655383933
437,1,0.43853903786231224,0,3.623672940306717
438,1,-0.0762031815617766,1,3.1410869125526677
439,1,0.04311100441565083,0,4.08166332571512
440,0,-0.840780591197703,0,-1.122238526017635
441,1,-0.28840292481714225,0,2.981499674874833
442,0,-1.2886225478595494,1,-1.8378718425545026
443,0,-0.014465122531714098,0,-0.7085115849174648
444,0,-0.7014609339664727,1,-1.0466394603302949
445,0,-0.913366308446863,0,-1.0813274842171046
446,0,0.3641085703718115,0,-0.3307484147336597
447,1,-0.9104660287663049,0,3.41273134885652
448,0,-0.1868224656766261,0,1.0764179400969605
449,1,-0.27089379317921225,0,3.4774627126530535
450,1,0.8078103563039407,0,1.910851710160195
451,1,0.898299018349315,0,2.627242384126415
452,0,-0.20189005276044722,0,0.0428606124056109
453,0,-1.151408857056384,0,-0.805487121239649
454,0,0.7584848356794563,1,-0.02117070155866041
455,0,-0.6714687283124623,0,0.2373750490986548
456,0,1.5221122677737806,0,1.9380843294280838
457,0,0.8195055745212578,0,-1.288223821638303
458,1,0.6103072553892565,0,2.065047756601943
459,0,-1.115036342897534,0,-0.16939360719398955
460,0,-0.203054150686799,0,-1.976923141265757
461,0,-0.7033960159538375,0,0.48346954570061507
462,1,-0.38195345664264846,1,1.9449255323737424
463,0,-0.5536280322783388,0,0.8831879706760606
464,1,-1.1577195376110778,1,1.937081382843351
465,0,-0.16534173629690227,0,-2.521196192214698
466,1,0.4055073064654767,0,4.9454432864527345
467,1,-0.030721640911243655,1,1.1340933732955096
468,0,-0.25035269016612827,1,1.7298765189716234
469,0,-1.2733688787822486,0,2.413071187498078
470,0,-2.1274515961016527,1,0.38032848901410576
471,0,1.5230508830380267,0,1.3466146866159123
472,0,0.2309274509628898,0,0.2542104068770246
473,0,-0.7455214400978835,0,1.9826972925888788
474,1,-0.7787104648691198,0,2.1690413883825004
475,0,-1.089562976553977,1,-3.3076749767503415
476,0,-1.7203168562629878,0,-3.052860384682136
477,0,-0.14365803499712254,0,0.6574135009301485
478,1,1.9949475733190114,0,2.3557446511574396
479,0,0.3364333707246543,0,2.254349214830462
480,1,0.12842327605970988,1,0.9161142883361453
481,1,0.2998974812957331,1,0.7507795621316533
482,0,1.023945012086235,0,-1.8482681010472843
483,1,-0.4329434620178225,1,-1.413168932304079
484,1,-0.08687401520334904,1,5.171296190220964
485,0,1.6304538185226458,0,3.7860913812608814
486,1,1.2427034167937678,0,2.078374314689185
487,1,0.24851844893995578,0,2.2748931604908638
488,1,-1.1838780991481848,1,3.480731732345297
489,0,0.99715414565042,0,1.0367280669639158
490,0,-0.23579294929009692,0,0.09021783133914518
491,0,-1.5191006103356623,1,-0.045852782172073864
492,1,-0.5505728266200505,0,3.7856208626766916
493,1,-0.31527816310165324,1,4.424475460281433
494,1,0.6266463995269835,0,3.8000303798209525
495,0,0.04428225417834073,1,-0.5307087842699545
496,1,0.02359443549319339,1,4.682348465866961
497,1,-0.1559890965023298,0,4.1008208351057664
498,0,0.15089363521605273,1,1.20962511141893
499,1,-0.13209509089781163,0,3.964534153454599
500,0,0.9288043901618741,1,1.768780897247839
501,0,-0.34317662657398007,0,1.5433763518593355
502,1,0.18939970859092442,0,-1.1558186650315045
503,0,-0.23667332205340605,0,1.240157531727128
504,1,-0.24583016998638976,1,4.391485669010082
505,0,-1.1357653839997226,0,-0.6245039202567092
506,1,-1.5185295436714439,1,2.2050035498491782
507,1,0.8120958416633822,0,2.716490845850836
508,0,0.44697382200238256,1,-0.5883607602410168
509,0,1.07472664793964,0,2.8811454013552202
510,1,-1.3232605636046637,0,2.2777853295065897
511,0,-0.10134819819753577,0,1.1620345180449156
512,1,1.6307068502833113,0,6.068074518359007
513,1,0.5740156084017705,0,6.066129407449495
514,1,1.2256447103821864,1,1.9155494271176745
515,1,-1.023778651395694,0,1.4257367446795632
516,1,-0.5019126892539791,0,0.371699994049313
517,0,-0.16697380868250847,0,0.3346944832670272
518,1,1.989483051548737,0,3.289226290241329
519,0,-1.2649641177509874,0,2.2738419231228666
520,0,-1.0620740090811709,0,0.2489133190644658
521,1,0.09762100582096181,1,5.61714607547604
522,1,-1.7482483309850414,1,1.2860408695056684
523,0,-1.3268683364451974,1,2.396034554155786
524,1,0.24863029449883697,0,2.42178282736266
525,0,-1.043775325203154,0,0.23503930661100447
526,1,-0.4762467851596212,1,3.158928620796013
527,1,0.21427973040514664,1,3.8503755618063567
528,1,1.7574847211563869,0,4.404442897172412
529,0,-1.1915701688566789,1,1.3156825434922754
530,1,-1.4043923602857156,0,0.10991336289119136
531,1,-0.21740011615903773,1,4.095514571288925
532,0,-0.5986195191075935,1,0.45639157397673236
533,0,-1.5600876408399855,1,-1.0245913288074977
534,0,1.5190420552496908,0,2.836130097532474
535,1,-0.19418577846875648,0,1.2101471378730437
536,1,-0.7174255992825204,1,-0.030665023294843108
537,1,-0.5485246894073327,1,1.914637792238968
538,1,0.6659243771449233,1,1.1279442834418139
539,1,0.05188156354128119,0,2.6789981035231025
540,1,0.46148714290105286,1,1.5953832835595056
541,0,-0.7314753125417672,1,-0.7307480558211913
542,0,-0.5056774074122636,0,-2.6730558046323276
543,1,-1.0207355481739246,1,1.8610548002939673
544,0,-0.43242765307040165,0,-2.878840422105177
545,0,-1.82848567492403,0,-2.440566155256538
546,0,-0.09178463646210591,1,2.71313023677165
547,1,1.2648943420321643,1,1.0903408005026578
548,0,-0.2708819077307496,1,-1.3618183066671856
549,1,0.21575050575500068,0,1.662526513849019
550,0,1.2883585785270897,1,5.500388169897336
551,0,-0.7113898166004992,1,-2.327494837627226
552,1,2.0437288553895168,1,3.02410767835164
553,1,1.050113607620606,1,2.446984285331532
554,0,-0.16837503299762804,0,-2.001168852950846
555,0,0.1687012512995924,0,0.9159978940138288
556,0,0.24959049161507704,1,0.9720016689149265
557,0,1.3210159141696245,1,0.05949318182541996
558,1,-0.6954889138215844,1,-0.06264496565755628
559,0,-0.0922268039619417,1,3.6912575455053505
560,1,1.2723738755901828,0,3.8886438604814684
561,0,1.0700284377016958,1,4.783440905132348
562,0,-1.806785924400809,0,-2.4322208885538164
563,1,-0.14068232954224583,0,1.788945855670295
564,1,-2.1166394518152756,0,0.27856119791911826
565,0,1.1977107506540217,0,1.5924808753687978
566,1,1.33190861131637,0,1.9637403778282827
567,1,-1.6897195301223917,1,1.1842391570279984
568,1,-0.3320797760609867,0,2.084995094711073
569,0,-1.035870943606723,0,-2.9313289976308328
570,1,1.4182588137304526,0,2.6329767891785263
571,1,1.559162640967924,1,4.439675438048981
572,1,-0.2718929282137071,1,3.261578299077514
573,0,-0.8859072897088102,0,-1.7269414223541206
574,0,1.5431646286262624,0,1.4146798161887275
575,0,0.6764007880397219,1,3.437207610986478
576,0,-1.3398371463422813,0,-0.9054333258082994
577,0,0.1962456167935836,0,2.5968484315982727
578,1,1.5138115575153779,0,3.239953588509974
579,0,-0.08342470977306442,0,1.0095978336206508
580,0,0.12483197441258924,1,0.10500466724335711
581,0,-0.8871510736356621,0,-1.104787754208559
582,0,-0.23337289893708282,1,-0.8526683542182606
583,1,-1.3046989147240664,0,1.9008897651006145
584,1,0.7435415394038445,1,4.635904688222833
585,1,-0.9663205448251853,0,1.3070746677398932
586,1,1.8337802698759613,0,1.6724386536548683
587,1,2.0333352387836525,0,3.2624185295890027
588,0,-1.1423415480517156,0,-0.34228609207830885
589,1,1.3930496370061691,1,3.2292166545654637
590,1,2.052513525792792,1,4.797195135740929
591,1,-0.6616487237943839,0,1.7859507464849815
592,0,-0.26695519502496123,1,0.2896460061150012
593,0,-0.095540265408727,1,-0.3352294893108714
594,1,0.05843006557421955,1,2.0422889835992852
595,1,-0.18457484240661007,0,3.208284768121284
596,1,0.8491084516345488,1,4.137515384115083
597,1,-0.15798358895047834,1,1.3388946001897173
598,0,-0.7921584472138273,0,-2.013992604675854
599,0,-0.5742033744347539,1,0.7073703078494173
600,0,-1.7914164470167362,0,-0.8587503569039185
601,0,-0.2193639716712726,1,-0.1273914329683128
602,0,0.20001798661965572,0,0.4288936820178223
603,1,0.20628080937289728,1,1.3167157390399022
604,1,-0.44962698467655754,1,1.560537419953267
605,1,2.042616010888596,1,6.181790966592655
606,0,-0.26923627715043286,1,1.4475905937600784
607,1,0.13976067412658577,1,0.23645891404130803
608,0,-0.4821355555075966,1,1.0453451966676763
609,0,-1.2540772574347867,0,1.2747154281597393
610,0,0.13339730935961647,0,1.1549472275819377
611,1,-0.27848410451313954,0,5.465295036910858
612,0,-0.36142228941087823,1,2.451094370624989
613,1,0.056953944007942015,1,1.4648561894408465
614,0,0.5463080074920971,0,-1.10042672122399
615,1,0.44512849980577074,0,2.0093913627090445
616,0,1.1444287153194932,1,1.1601402727106411
617,0,-0.7365696826825551,1,2.5436092267590102
618,1,1.3634031295728268,0,3.3646600974985983
619,1,2.3484164859624204,1,4.807391835873716
620,1,-0.5258258821817328,1,1.9671591140548828
621,1,0.042135207302997094,1,2.410766238650919
622,0,-1.3068896242073134,1,1.3595056359466378
623,1,0.8468605434781603,0,4.1530973040002355
624,0,-0.18206792408864714,0,2.033790338813185
625,1,0.9828963233596512,1,4.514339488178815
626,1,1.2625927498561762,1,1.55663268748749
627,0,0.37935857704871373,1,-1.3573878916014133
628,1,-0.6916166735740706,1,5.318926283031995
629,0,1.2235771420289003,0,2.0274547450724874
630,1,0.43109276572353267,0,4.051658883709546
631,0,-0.9549478795236164,1,0.592452472848472
632,0,1.338962286149103,1,1.4510606804294148
633,1,-0.08341280782450838,0,0.9773719834093371
634,0,-0.30339807799145807,0,-0.6530092519533595
635,0,0.09134677373122929,1,0.8921443640737987
636,1,0.16157925215351077,0,0.6301781591323674
637,1,0.8993096580920992,0,2.807914487325326
638,0,-1.8708781086616093,1,-1.3903085108153879
639,1,1.3330733451792085,1,2.748732078033659
640,0,-0.26020974215985193,1,1.4372026194763463
641,1,0.27063039348133794,1,2.352659851302729
642,1,0.04030689349916303,0,1.042407728299185
643,1,-0.18202696326001694,0,2.914887693817303
644,0,0.625211092099418,1,2.6361906606443086
645,1,-0.5097987525525782,0,2.8827050833645638
646,1,1.1690964895299258,1,3.255156682744996
647,1,-1.363024937983015,0,-0.45133213223135815
648,0,-0.5265934981450272,0,1.2219542470077236
649,1,0.4347679462264684,0,2.1822744370979326
650,1,3.161179605977586,1,4.878204007647797
651,1,-1.369272267057028,1,2.4326395103306657
652,1,-0.41277426825315167,0,1.0352968505760851
653,1,-0.8024137964416035,1,0.24096468983580654
654,0,-1.4163893029146974,0,0.7773879983858607
655,0,-2.1629990012100624,1,-0.580235337699518
656,1,-1.1692896536948982,0,0.5032779645949488
657,1,0.29501403178651187,1,1.0059710033035423
658,0,-0.3361852695638337,0,-1.7020488511498009
659,1,0.12535365711114674,1,3.376400248917874
660,1,2.18268403356361,1,2.707705108718172
661,1,0.976592797594087,1,2.6538662097807593
662,1,0.5380273437988081,1,3.869531793505458
663,1,0.03507105617372447,1,5.684096986525627
664,1,1.0316613879639014,1,2.2738161434748583
665,1,0.20582150546265895,1,3.93706312365846
666,1,1.1935704980491946,0,4.47022965951205
667,1,0.8616179040657804,0,3.2579822650240415
668,0,-1.1972082307074439,0,0.38327124127547796
669,1,-0.2520046246205024,0,2.564380016914254
670,1,0.8864664770602688,1,1.612161981043926
671,1,0.3955516426008016,1,4.530789248167983
672,1,0.06781695089854019,1,6.28081072659222
673,1,0.5272437078908048,1,4.372346207400732
674,0,-0.4098025510170516,0,-1.7415435577387604
675,1,1.3391678312181796,0,3.6826597481604146
676,1,0.17125853288433346,1,1.96624684554083
677,1,-1.1046345482906692,0,-0.21017911997137229
678,1,-0.9852053107855223,0,2.071068248976184
679,0,-0.8587822958539625,0,-1.9256854036392457
680,0,-1.0562509319440343,1,-0.30578967298224013
681,0,0.42644687964566375,0,0.8640031862168323
682,0,2.2086281680561455,0,3.3272629361054276
683,0,-0.33215837335171716,0,2.0822591838223503
684,0,-1.2480175238249347,0,0.30687526237896356
685,1,-0.011867106692637994,0,2.928419177260979
686,1,0.20391434200394062,0,0.12634426171620583
687,1,0.5409479709937298,1,4.432939169310284
688,0,0.011934409648102155,0,0.42873328161415714
689,1,-0.27758896831193125,1,4.466671015430434
690,0,-0.36388068808515295,0,1.1038782181236608
691,0,-0.903299041113277,0,0.17184507528013515
692,1,-0.5347630388495834,1,1.1660509194732005
693,1,1.4261985751314346,1,0.3034025177561641
694,1,-1.1674820371354035,0,4.255232584763874
695,1,1.8878716032572354,1,4.48072558427133
696,1,-0.03347565761120434,0,0.2788132521535731
697,1,0.7307059076097024,0,2.5308173823857163
698,0,0.4363334915928181,0,-1.260329919297353
699,1,1.2722125118442769,1,2.6412838960971774
700,1,-1.5806149545394113,0,1.878140306555812
701,0,1.3044281732993706,0,0.1352872516102883
702,1,0.6055221144514478,0,4.3069169919534716
703,1,-0.2303996220345618,1,6.172603944369589
704,1,1.7306015135235382,1,3.208960791269316
705,0,0.15496708970588202,1,-0.18066795061499508
706,1,0.37317360230236596,0,4.343086694525651
707,1,2.8577278853894876,0,4.58198789563249
708,0,-0.3865985097910704,1,-1.2333697039771105
709,0,-0.6570537626907069,0,-0.42881217848016506
710,0,0.98096355910626,0,2.433943144441555
711,1,-0.784018617110921,1,4.257436183802427
712,1,-0.15018742221556758,1,1.2697171897561241
713,1,0.7891933238016628,0,6.055951892460286
714,1,0.2576097013439551,1,6.256053359182521
715,1,0.3430905291390726,1,1.8663543601539454
716,1,1.010620794410294,0,2.556730946167652
717,1,-1.437637752368868,1,3.7019565613089496
718,1,1.2318270154768725,1,4.768837700496733
719,0,-1.4159399784578022,0,0.3361872057983709
720,0,-0.2232950917573024,0,1.0400047608073995
721,1,0.8807750912592435,0,3.0735035455355013
722,0,0.21182431768397353,0,-0.8061036366905079
723,1,-0.5941938864463486,1,1.337886143539825
724,0,-0.5981224989036887,1,-0.013390639774865543
725,1,-0.6119256211597695,0,3.0455689993505857
726,0,0.40824159129828846,0,0.8464471592438686
727,0,-0.44516667153328116,1,-0.5699001084750325
728,1,0.8847316675991729,1,2.8976295945048856
729,1,0.9247689838342865,0,2.6050255159185403
730,1,1.3203387338156953,1,2.72244024699493
731,0,-0.8256242781769896,1,-1.4820679930093097
732,1,-1.0129435008882073,1,3.7190185073378625
733,1,1.4236465254903006,1,6.621299841637385
734,0,0.6028296538704376,0,-0.2151621498795443
735,1,-1.1611035700725942,1,3.6388338971620335
736,1,-0.8717378068031867,0,2.8132427460281173
737,1,-0.8552328901008075,1,2.514696752498566
738,0,-0.8439472341228318,0,-0.7613418191324313
739,1,0.6527146310137781,0,3.200917212375884
740,0,-0.5795734005927574,0,0.8833946060498208
741,1,-0.6871186748118472,0,2.7363038198203546
742,1,-0.2698622569605944,1,5.08088200572258
743,0,-0.633239528783947,0,0.20016151897895607
744,1,-0.3636721799289846,0,1.581763997826427
745,0,-0.32158300894782754,0,3.8198434814860467
746,0,0.4024294556406914,0,-0.2592945854188946
747,1,0.801244556535425,0,-0.1841100310549335
748,1,1.79275127622824,0,6.28715695823659
749,1,0.578861042912233,1,3.6652815304295485
750,0,-1.1118028434617018,0,-2.4594973384099332
751,0,0.222016426633034,1,-0.5777405731440902
752,0,-1.7785161730207488,1,0.4134684534634631
753,0,-1.7304807816065282,0,-2.2040864905330397
754,0,0.38578554443435437,0,1.2520938370365877
755,0,-1.1879366498220498,1,-0.56314405612373
756,0,-0.2305681049334458,0,-0.20971990616243624
757,0,-2.2856032132036486,1,-0.4873678472780221
758,1,-0.46846791910495844,1,-1.9713459323759195
759,0,-2.0161362087604866,1,-0.6643864135607751
760,1,0.3395980477487579,0,4.052715261026656
761,0,-0.17986223287987993,1,-0.4997608573829574
762,0,0.13116520727407166,1,-0.03078073000190429
763,1,1.4021424785870809,0,1.7070755045756756
764,0,0.6206130209730252,1,0.9180755113316785
765,0,1.8941724417331287,0,-0.16513176404756358
766,1,0.09812459575388419,0,3.5120390931975862
767,0,0.858076297952801,1,2.5908486015498844
768,0,0.15217887184207404,0,1.80817985221767
769,1,0.34076509097037655,0,4.390929912014921
770,0,0.7118359577455812,1,-0.06906718251358501
771,1,-0.07342112949789484,0,3.9047899564102155
772,1,1.652106480979619,0,3.9216482408546796
773,0,0.38189337461225753,0,1.1866955663922458
774,0,-0.5398582475047324,1,3.3964283758428486
775,1,-0.06961651331065727,0,2.0420881712730634
776,1,1.7458696903582847,0,4.247709762691295
777,0,-0.5374099617269744,1,2.0633062455272357
778,1,2.1398446564692764,0,2.262300626892934
779,0,0.31443769428851337,0,0.7890801353157153
780,1,0.92000240302374,0,4.844279393366081
781,0,-0.2841514521446655,1,2.229956565707934
782,1,0.36620959311675566,0,3.0476240450626144
783,1,-0.8892638756426862,0,2.2557040358874345
784,1,0.969697398719005,1,4.139523179948976
785,1,-0.29771603719606243,0,2.7591715996174657
786,0,0.5745305391774396,1,0.2809327119328311
787,0,-0.6255622186267662,1,-1.0738827952187437
788,1,-0.06853679320561057,0,0.8271611092533745
789,1,1.1592443027562875,0,2.636123840152617
790,0,-0.2257623040003921,1,-0.1659905724245594
791,0,0.08758548086183061,0,1.3466491718014733
792,0,-1.1370289022252018,0,-1.2071165648177247
793,1,2.3387791504971283,0,4.743995793249894
794,0,-0.09742879102329052,0,1.2314423409809145
795,1,0.6002186263311817,1,2.6210824643488726
796,1,-0.23854820410463787,1,2.943613707511675
797,0,-1.2079642416460112,0,1.0515070617318591
798,0,-1.5861047155103294,0,0.6373967218213673
799,1,-0.6652524231817518,1,3.010346088177889
800,1,1.0548568369166191,0,2.2644134402077802
801,0,0.615610638062861,0,1.179557108413717
802,0,-0.2935551738184341,0,-0.07363851296450519
803,1,0.7557770924120855,1,2.7478093707648767
804,1,1.6288935965747915,0,5.138649365732127
805,0,0.5267475187256481,0,2.8097428415941916
806,1,-0.6187871901365938,0,5.3384212922142185
807,1,0.5722738238572176,1,0.8976840747151649
808,1,0.735868612604028,1,5.983750923490876
809,0,1.1389962401576597,0,-1.7251159705088988
810,1,0.17677762944431527,1,4.573198703000608
811,0,0.37650991558067,1,-0.0735045498767623
812,0,0.04574259602741094,1,1.032855189099065
813,0,-0.27325836888537497,0,3.124635108603215
814,1,-0.2208402180376733,1,1.9840394821180123
815,1,0.6694835254356248,1,0.5014803678426836
816,1,0.7136091438904971,0,4.255455403220687
817,1,0.6364073754628693,1,0.6544395506631695
818,1,0.995652018297473,0,4.290348815952384
819,0,-1.3210162153286185,1,-0.43732388867503624
820,1,0.2633118670945016,1,6.073185205688249
821,1,1.152274958855555,0,4.3981580963761555
822,0,0.6810215217418589,0,4.123347657632134
823,1,-0.279466268523756,1,1.8645959738062179
824,0,-1.7930038422693633,0,-2.473537658719762
825,0,-0.3028912239921895,0,3.5874494570390785
826,1,0.33937267914977076,0,0.20673131066599426
827,1,-1.0904746172837554,1,-0.5612583304629744
828,0,-1.4328748439487655,1,1.5489556213739992
829,1,0.8485147411374806,1,2.9717459774439607
830,0,-0.1936666474848758,0,-1.555963914086704
831,0,-0.8002502639191088,1,-0.25200174633040456
832,0,-0.3194767931177928,1,1.6072225299328078
833,1,-1.124459544790897,1,1.0425506848429777
834,0,-0.7656053628571152,1,1.0249651251956893
835,0,-0.3597655426405749,1,-0.19469693210626937
836,1,-0.7207045138050319,1,4.681669919559045
837,1,0.5096425402555513,1,1.2096563117605506
838,0,1.5681468508121092,0,3.6719056300020547
839,0,0.13052770388091087,1,0.8601969555359615
840,0,-1.2590070945204133,0,0.7263750175836869
841,0,0.4950302038270149,0,-0.0892373306386065
842,1,0.10198155257316639,0,3.103874752701623
843,1,1.5895318520402055,1,4.03602572243155
844,0,-1.4408392827377523,0,-2.9228972265548845
845,1,1.6960301197996615,0,4.43807294519182
846,0,0.7108000954707864,1,2.4511523161164024
847,1,0.24354428322681898,1,1.2764458828510168
848,1,-0.03340220798115873,0,1.9221387856089986
849,1,0.8706946690368216,0,2.7268909513137496
850,0,1.2201467878101748,1,4.106149747215505
851,1,0.3627008215125137,0,2.6447335142539607
852,0,0.06517986163512333,0,-0.13334629958033267
853,1,0.38396845471528146,1,1.0781679857312323
854,0,-0.1835550811145541,0,-2.6606529314313736
855,0,-0.5295996180753396,1,0.9088759972217826
856,1,0.7080051742582144,0,4.1513159658045895
857,0,0.3819332853521152,0,0.29697040599490065
858,0,0.618957209960388,0,1.7222956966971814
859,0,-2.383153612891036,1,-0.8265765792048113
860,0,-0.21800123620551667,0,4.865617414059127
861,0,0.19513894365874362,0,-3.697335220404341
862,1,0.5061425844316715,1,5.699278005407367
863,1,-0.5850987474511835,0,2.3499716308432994
864,1,-0.22855937324814501,1,4.346059816152433
865,1,0.25704228674815555,0,2.7017547064020526
866,1,0.9050740094940095,0,2.548077223428283
867,0,-0.21315946679957284,0,0.9071673253363159
868,0,1.41603431022005,0,3.8850394902410397
869,1,1.126725605231107,0,0.9570571307617963
870,1,1.3326571511333027,1,0.6043389017380881
871,1,-1.214491795898475,0,3.1786823409885088
872,0,1.2653961770351563,0,1.9817675671039794
873,0,-1.3956620668012942,0,-0.4928808005614145
874,0,-0.8769657595587026,0,-1.4960156918450944
875,0,-0.5152749358079368,0,-0.3631016028768119
876,0,-0.15316875084570045,0,-2.016884144436977
877,1,2.317406626505988,0,6.412895273221807
878,0,0.7337866578997929,0,1.2048365712003961
879,0,-0.5763191482512275,1,0.01662731743865986
880,0,1.610044389204306,1,2.1110721702799005
881,1,0.22628803387748506,1,3.906239295129538
882,1,0.7926099315289804,1,1.1747271557605687
883,1,3.3209311344851464,0,1.386008794820249
884,1,1.5023813938469548,0,4.720955745809192
885,0,-0.05473232911128812,0,-1.0740537059958615
886,1,0.4306399627278354,0,3.7278393318108334
887,1,-1.0661513469727,0,3.017442672686994
888,1,0.6722769194411843,0,2.389328268550606
889,0,-1.3221837561711582,1,-0.1367680446995052
890,0,-1.0312460478700647,1,0.6113309157233684
891,1,0.4282411160829179,0,0.7661991038020063
892,1,0.7967759633015977,1,-1.1026669263413238
893,1,1.1886803246161235,0,1.2154215063033689
894,0,-2.2813976230343833,1,0.8345205306632263
895,1,-0.41817066515317325,1,-1.151885063992145
896,0,-0.2745002216585775,1,1.3919085440343741
897,0,0.4974823425411222,1,2.711973315470578
898,1,-0.8221571457413711,0,1.7127155694335439
899,1,-1.364697010456611,1,2.949621102834339
900,1,0.6551948509174198,1,4.312876255435398
901,0,-0.47592647076004096,1,-0.07836423934721037
902,1,1.625425032924341,1,3.75559717567161
903,1,-0.25006752504933216,0,1.7906074457322123
904,1,1.104056464544068,0,2.449392914041937
905,1,0.5264195621769981,0,3.7910105960358766
906,1,2.3731199698381347,1,2.2231993895859024
907,0,-1.4612099273642898,1,-3.7523994383920716
908,1,0.26147028262430666,1,4.563516009216867
909,0,-0.7558292892804346,0,2.2747652950501642
910,0,-0.13775877890687593,0,1.8179650392927706
911,1,0.48331217754811606,1,1.3311984782380972
912,0,-0.7915333688405211,1,-2.2085933254568793
913,1,-0.4374727344099295,1,4.811661112538572
914,1,0.3997037534574262,0,3.5192150799751825
915,1,-1.0498676055234584,1,0.40341841846527116
916,0,1.2774913819667015,1,1.8596429877708642
917,0,0.030365406910592026,0,0.08878074208045394
918,1,-1.0318233110557007,1,0.5445254706227499
919,1,-0.8757891993574403,0,0.23564333403268123
920,0,-0.09869962259673405,0,-0.33235022101236134
921,0,-0.5378383184861778,0,-0.8072443510285214
922,0,-1.3135036911134101,0,-0.15267967034607421
923,1,0.07924722219295188,0,2.2813429674465757
924,1,-0.35973948660342503,1,2.7236317869000093
925,0,-1.4825422245346553,0,-0.5360987647443549
926,1,1.9377742298094314,1,2.3271386737431645
927,1,-0.30768479034029456,1,2.650218459278138
928,1,0.4269427855673894,1,2.529959702802898
929,1,-0.535149653625507,1,2.8241784482763843
930,1,-0.1388585329805859,1,2.9861856814185606
931,1,0.9337822234304147,1,1.9183592269467153
932,1,-1.3040553909962855,1,3.8308557927042064
933,0,-0.24324250762483612,0,1.283764346801994
934,1,-0.053216165057621924,1,5.530785589714254
935,0,-1.8778075676199875,1,0.20639929719831263
936,1,1.4363070799394295,1,6.157355658001101
937,1,-0.3499262262825413,0,-0.5611889317255805
938,0,-1.2640993195490469,0,0.16216246566113574
939,0,0.06556552511176708,0,1.4112198056172685
940,0,-1.5475932623080535,0,-0.5088827450059381
941,1,0.4704667661216291,1,4.3951429857115185
942,1,0.5166155069994158,0,3.7844837159437685
943,1,-1.1997265690034435,0,4.6450455865143585
944,1,1.5141443019973964,0,6.737047799970927
945,1,-0.6819806990010443,0,1.8562709208077017
946,1,0.43323507421945473,0,3.261649563377918
947,0,0.7299289732273958,0,0.49207555384037427
948,0,-0.765612582931457,0,2.719862619797471
949,0,-0.4917751830375804,0,-1.4592295840965646
950,0,0.42089516434566293,1,3.230028964663891
951,0,-1.2632755538395624,1,0.8502677147485671
952,0,-1.0512705070811923,0,-0.6835772673715368
953,1,0.9346204045467434,0,5.674374940375303
954,1,1.3584253395193902,1,3.275115403782039
955,0,0.4619063019671881,1,2.3602516579699504
956,0,1.8203888041597192,0,-1.989012299217009
957,0,1.5505115695375085,0,1.1608002180515904
958,0,0.047728507520847105,1,-2.0491611725939087
959,1,0.5986262685905881,1,4.108000574760064
960,0,-1.1861754687884736,0,1.3819663774497535
961,0,-0.04701553383792981,0,-4.001445428502128
962,0,-0.038080282201284246,1,2.281119301784481
963,0,1.1096589805750865,1,-1.2162421739984395
964,1,-0.38330989086345363,1,1.2315077976049265
965,1,-2.5634373621922557,1,0.8643282480538219
966,1,0.656148206932628,0,3.0854843637990097
967,0,-0.17192791701795995,1,1.5167469646386669
968,1,0.31360014900486655,1,1.3171780399296162
969,1,-1.1217893303502935,0,0.7036062699811025
970,0,1.0505455971304327,0,0.5505967556913639
971,1,0.41935265153413503,0,4.119333590071315
972,0,-2.008763905298976,0,-2.2094751656118827
973,0,-1.1383520970259704,0,1.5048587372060915
974,1,-0.013977567220310239,1,3.784956942842646
975,1,-0.9694975056375518,1,3.2528564471569945
976,0,-1.252405699730723,0,-2.3833751443489106
977,0,-1.6151043033975478,1,2.3939046756728612
978,1,0.1205863610644869,1,3.432190087532736
979,1,1.2428929401561988,0,2.442289930136539
980,1,0.8964109123101806,0,0.6070824911825616
981,0,0.4386726324582004,0,2.7520230168672217
982,0,-0.6419721125411226,0,1.5304216144713898
983,0,2.4612881337771233,0,2.473960710034334
984,0,-1.3287617794986557,0,-1.7276194406821053
985,1,0.9249544795915193,0,3.309647895428163
986,1,0.159062595814739,1,5.651795197254632
987,0,-0.13771609168922883,0,1.5221698473588754
988,0,1.8056880084672529,0,2.5235063964274977
989,1,-0.16402763341192356,0,1.7329050567697424
990,1,1.3743066051114432,1,4.475484479924441
991,0,-0.0665340430860798,0,2.4610346299540886
992,1,0.3650084352001141,1,2.544109870613168
993,0,-0.46468040239000097,1,0.9319083317855139
994,1,1.2224458239891411,0,4.295532840053185
995,1,1.672765245200565,1,2.7043895521882684
996,1,-0.7183515713770998,0,1.629469535093207
997,1,1.030250283117432,0,5.088424189637772
998,1,-0.0275452170021847,0,3.0322143528469305
999,1,0.6856187372395635,0,3.0536667948582457
1000,1,-0.5089357761394642,1,3.5868455740859577
1001,1,-1.2630876546635317,1,3.0073363869090985
1002,0,0.94503838016393,0,1.811335067557261
1003,1,0.9457130454239896,0,4.266791414820123
1004,1,-0.32179454740117075,1,2.1784077430603146
1005,0,-0.8651210260020552,0,-2.762847479382731
1006,1,-0.597925560670267,0,3.7401677921792933
1007,1,0.7096013715182258,0,4.2384023307609
1008,1,-1.000625264351156,1,2.027759528446046
1009,0,-1.0973936716459114,1,1.6711911285252414
1010,0,-1.0660784453124854,0,2.365942432799557
1011,1,0.1526925432749403,0,0.758823006548345
1012,1,0.07327189317678366,1,4.392714105145173
1013,1,0.3664608172190966,0,1.9208832590755378
1014,0,-0.72653269441154,0,-1.0163663813004897
1015,0,1.9706173172471877,0,2.479417879970889
1016,1,-1.0214835527890278,1,1.3320137968979062
1017,1,-0.7953358874558497,0,1.831912930073792
1018,0,-1.255625049109726,0,0.8994386396099896
1019,0,-0.23032406267473474,0,0.7952255404801287
1020,1,-0.0304104131738471,1,3.9854462763648772
1021,1,-0.5273317961803028,1,2.122017567077896
1022,0,-0.295277917651179,0,-1.303033293759443
1023,0,0.9021811315742511,1,3.027478912252205
1024,0,0.11900667237675679,0,1.021093806521438
1025,0,-0.795531554504752,1,1.1888484792291263
1026,1,0.8370496781158785,1,3.177376334709794
1027,0,-0.6397940519156982,1,-0.6528189407475837
1028,0,-0.8732300497159823,1,2.4305809176528803
1029,0,-1.0543688197750067,0,-1.4525173081756855
1030,0,-0.43795811735461293,0,-1.7956003074310434
1031,1,-0.18231592636787783,0,3.361616426910437
1032,0,2.013685164865963,0,2.5305066371211176
1033,1,-0.06808653411253554,1,2.8755393679584182
1034,1,2.6110049762432253,0,1.9415992929665409
1035,0,-1.3888088947067705,0,0.737953997276151
1036,0,-0.41251046556471843,0,1.1415248875896444
1037,0,-2.700451080960388,0,-1.86841467695558
1038,1,0.9258364590535204,0,4.123556215962458
1039,1,0.25594025518158753,1,5.093936781323464
1040,1,2.8770924163312865,1,4.625345705814333
1041,1,-1.4670632108910584,0,1.6614474230581506
1042,1,0.263309016126757,1,1.5471083439052575
1043,1,-0.5114568883462919,1,2.8645206541392
1044,0,0.4833338892188196,1,-2.0514433482883705
1045,1,-1.337438906858482,0,-1.6679846494897577
1046,0,-0.2849592090866126,0,1.422327630704649
1047,0,-0.07174978621519228,0,-1.3660060059271113
1048,0,-0.3137020275552772,1,-0.037609693933253606
1049,1,0.5645934604961971,0,3.7229155241031187
1050,1,0.4652606202092782,0,1.4490730322025904
1051,1,-0.23598052800434766,1,4.157661953887302
1052,1,0.23913407453534435,0,2.834479197769755
1053,1,-0.30261574884802084,0,0.5620307852100963
1054,1,0.23129036973383063,0,1.698760068304524
1055,0,-0.8529022056352094,0,-0.17088272151166572
1056,0,0.09722598662646706,1,2.3480551757984074
1057,0,0.6652921364127038,0,0.7544572709961743
1058,1,-0.7692294684926463,1,1.4319997225117724
1059,1,0.5826094464885127,0,3.7894116897415286
1060,0,0.08615275563306558,0,1.0818914117680798
1061,0,0.503261383694133,1,5.7846921748208775
1062,0,-0.19119277073730173,0,4.286484029287359
1063,0,-0.48737291103424296,0,2.775016242622852
1064,1,-0.01891025923212221,1,2.2496870127930966
1065,0,0.4049839609319332,0,0.7328041430835338
1066,0,2.262113119980813,0,3.1156634254215625
1067,0,-0.5545808934353283,0,-0.348233171912953
1068,1,0.8462280639118969,0,4.972219719160405
1069,0,0.039185072414246964,1,1.6610266071734947
1070,1,0.6446171085194131,1,4.429003229276587
1071,0,-0.1363577625018123,0,-0.14905484106673184
1072,1,-1.0875794111061154,1,0.7953946924466315
1073,1,-0.27637453471548395,1,1.8067803836443022
1074,1,0.6176770815033019,1,3.01819277835558
1075,1,1.0104457552119432,1,7.703252291383549
1076,0,0.11745929513180282,1,0.8881605745211898
1077,0,-1.191204835484372,1,0.3135578299147599
1078,0,-1.0568763056404733,0,-1.268219601218402
1079,1,-1.0208371990167069,0,4.497851508191477
1080,1,2.536024968077406,0,5.154273945040141
1081,1,0.9965086382442996,0,-0.22011162190821132
1082,1,-1.7671844097828027,1,1.3886287078009691
1083,1,0.32222591172743914,1,-0.06248281013933443
1084,0,-0.4711908475944851,0,1.0659075893176497
1085,0,-0.706698275746682,0,-0.7468124842780952
1086,0,0.2311864969411845,0,2.061300954481942
1087,0,-1.446660572012719,0,2.1788618871067267
1088,0,1.179932835292774,1,3.2088232884368484
1089,1,0.9795172303453359,0,4.9655287718762064
1090,0,-0.44148089551704217,0,2.786812716338275
1091,0,-0.3876936268142076,0,-1.8728667086824597
1092,0,0.01605148667257312,0,1.2558713764751552
1093,1,0.5642873972368423,1,2.072034565786309
1094,1,0.6312349325088147,0,3.4931856413345566
1095,0,1.2016007706786342,0,-0.3368155067408091
1096,0,-0.9790226284654431,1,-0.40276744475662685
1097,1,0.2777908619058571,1,6.24359037316723
1098,1,-0.3834199589204523,1,2.13714615767908
1099,1,0.37702403510853366,0,5.574601462144083
1100,1,-1.0591953340479316,0,1.2671009276575724
1101,0,-1.3184095956139505,1,0.33849822082225534
1102,1,1.2558197092650476,1,3.4657450012640925
1103,0,-0.1482640176699582,0,1.857815337685625
1104,1,1.7126124383400134,0,3.9812257314898085
1105,0,-0.9585388574599675,0,-4.2295332487968
1106,1,0.5297167218961634,1,1.271228183600011
1107,1,0.2632085262894308,0,1.6595474487377375
1108,0,-0.46044297703976633,1,0.8875528441062487
1109,1,0.2705460125582018,1,2.42166569409948
1110,0,0.40638608812134847,1,1.4355558274318272
1111,1,0.45976586030964967,1,4.337852438492271
1112,1,0.3638787464596643,1,1.8787688081179699
1113,0,-1.3032276412331034,1,-2.7990915930328537
1114,1,-0.7192296151878957,0,1.1150780493091128
1115,1,0.8060503841878257,1,5.3867195107943475
1116,0,-0.122669898393621,0,-1.066950017768233
1117,1,0.7768810622589079,1,2.6116552540773954
1118,0,-0.8718248491048272,0,0.23043640261736956
1119,1,2.091584591606639,1,7.87928286454647
1120,1,-0.9790798588545245,1,1.3943586502966006
1121,1,1.1447184406700097,1,0.930851059205095
1122,0,-0.772671746300439,1,-0.13124924079836775
1123,1,-1.0669036382226083,1,3.282804696371861
1124,1,0.2443722587528656,1,2.5997480506581065
1125,1,0.9242883517027083,0,4.6330665369861155
1126,1,0.2419861741126899,0,3.108993912162741
1127,1,-0.08053946872270866,0,5.987924761820989
1128,0,-1.3427523893987354,1,-1.5656596922943837
1129,0,1.0185407400273485,1,1.1256016329506107
1130,1,0.7053007222196218,0,4.908331954940349
1131,1,-1.5563632177086815,0,2.0630261431729133
1132,0,0.4391080803380122,0,-1.881373381866472
1133,1,0.39016588654978224,0,-0.646524426715217
1134,1,0.07080513826526628,1,3.0694264385992747
1135,0,-1.13374220658665,0,2.5089457463387523
1136,0,-1.1756071875840752,0,-1.3419700008084123
1137,0,-0.2452796176434968,0,2.7904698558538805
1138,0,-0.5765478458084635,1,1.2216033153187709
1139,1,0.4421578337568112,1,3.2316696029410594
1140,1,-0.5161555668079386,1,1.6609522445217764
1141,1,-0.11918197050604645,0,4.275337855299007
1142,1,-0.13493212203299548,0,2.0702725463858282
1143,1,0.30065664597700154,1,4.320230134728631
1144,1,0.24672360665495272,1,0.9590523746544974
1145,1,0.8840316605916977,1,6.424614243735014
1146,0,-2.0944882616937535,0,-0.9871138298136382
1147,0,0.11685879974077415,0,-0.14642545952945463
1148,0,-1.5096080275416444,1,-0.1864979013535929
1149,1,0.9627938128991932,1,5.1782450935373205
1150,1,0.6968843942330915,1,2.817793181202634
1151,0,0.3567581283671476,0,3.3979338730032804
1152,1,0.700330868409531,1,2.278063030505418
1153,1,0.5120127741711028,0,4.820358526102924
1154,0,0.8816695047375963,0,2.4625635607295693
1155,0,1.835378461975109,0,0.10868364846139089
1156,0,0.5506182625961306,0,1.7585894356363254
1157,0,-0.8548908770641952,1,-3.1525685711175626
1158,0,-0.7601462291101595,1,-0.24650567777413412
1159,1,-1.2143515638381197,1,3.7909619318976744
1160,0,0.020010523360482892,1,-1.0607935997481628
1161,0,0.06827701848783133,1,-0.14514093282986762
1162,1,0.5800448465661759,0,2.4928820990768674
1163,0,-0.5569612825257574,0,1.8207202625737982
1164,1,-0.9338267080449645,0,0.9388023793352832
1165,1,-1.4306431205532093,1,3.923048190973397
1166,0,-0.904023124594434,0,0.08126629512174449
1167,1,-0.36654168728700776,0,2.6739607584036165
1168,1,0.15534290271881673,1,6.3966670965146
1169,0,-0.9174677405450752,0,1.178324263090739
1170,0,-0.23117016881163205,0,-1.955266600222188
1171,0,-1.4359262218210844,0,-2.1616822180338326
1172,1,-0.664985810196469,1,4.738784026132865
1173,0,-0.5943925739856372,0,0.548767168274121
1174,1,0.15252591618308903,0,2.493504326030198
1175,1,0.3206252870588935,1,3.8211270565973234
1176,1,1.7859584061611589,0,3.048968332053444
1177,1,0.2588439514109935,1,0.4907984037888228
1178,1,1.7796987949499732,0,2.7279256432159356
1179,1,0.6975833907096177,1,6.292352578191692
1180,1,-1.1791621480588845,0,1.9623588579057363
1181,1,-0.6897311383462978,1,3.2744972130360535
1182,0,-0.6006157602987794,0,2.0872142540186265
1183,1,0.01430519618763747,1,1.6950371237769437
1184,0,-1.335049649860304,0,-1.0890035458002993
1185,1,-0.22420848172070024,0,4.668535070577554
1186,0,-0.9917989768284019,0,0.4924938012866974
1187,0,-0.5765101751681753,1,-0.701276096993644
1188,1,1.3025695750826718,0,6.2626764545881315
1189,0,-0.7067139780619269,0,-2.159783904283856
1190,0,0.8441046753977295,0,2.359155930013469
1191,0,-0.24654235577208725,0,0.9130821398286109
1192,0,0.9594343865335899,1,4.169504992007897
1193,1,0.9640140062341219,1,2.8376868992396043
1194,1,-0.35098929026513526,1,3.7181136893316724
1195,1,0.5905468323463321,0,2.0517938364145887
1196,1,-0.016466962729271863,0,1.6890852266954626
1197,0,-1.439882937269087,1,-2.5596276609813655
1198,1,1.238938901364139,1,5.5985819941437835
1199,1,0.741788204779187,1,2.828392660511108
1200,0,-0.4562759854353105,1,0.0815551888604964
1201,0,0.46014528553281275,0,0.9296767157506272
1202,1,-0.8541651813322693,1,2.0842293547635826
1203,1,0.16345317014090543,1,5.102144341563284
1204,1,1.0183098107779835,0,3.0224914625811676
1205,1,-0.660343582514126,0,4.298862532788222
1206,1,0.4558139072764364,1,3.684673282425078
1207,1,-0.15503156135376456,0,0.5806452044854518
1208,1,-0.4963856159241911,1,5.387515261147329
1209,1,-0.4728279932580783,1,-0.8301844063474562
1210,1,-0.19894678031109128,0,4.875372736045292
1211,0,-1.3662156368278908,1,2.4836233646784556
1212,0,-2.2728090550575355,0,0.34282202697636366
1213,1,-1.2453841384126565,0,1.7313316247311046
1214,1,0.014994008487083526,0,4.7305637799630915
1215,1,-0.4088529879446813,1,1.687985979830957
1216,1,-0.9358486825537699,1,2.2391600633186415
1217,1,0.24866332852082162,0,4.8895958467795175
1218,1,2.328830879964875,1,3.479519965657382
1219,1,1.5223896864672666,0,3.1420129001084653
1220,0,0.18768166974645356,1,1.4731100074666361
1221,0,1.9145564472435885,0,-1.9400342644098316
1222,1,1.8541275056239122,0,4.6531362295831595
1223,1,2.3652924299304527,1,4.244010264323645
1224,0,-1.2330270782844437,0,-4.681301026134144
1225,0,-0.7530726554970103,1,-2.0345446769441113
1226,0,0.07201586717208307,1,0.28988345105791025
1227,0,-1.1479724974426535,0,1.2394005813987206
1228,0,0.28942926080493153,0,-0.8280033105635555
1229,0,-0.7476421822062062,0,1.0858427891981597
1230,1,0.34622960404032216,0,0.8530103674162195
1231,0,-0.6679222614329411,1,0.49518947027995797
1232,0,-1.3392357815948208,0,-1.1218409474974047
1233,1,-1.5740777473235121,1,3.8075160085262203
1234,1,0.12539582404984506,0,2.3506631748224676
1235,0,-0.13631355458101518,1,1.7064242088863582
1236,0,-0.8671817740290011,0,1.3411291341836808
1237,1,-0.804385285323083,1,0.1655485628220149
1238,1,-0.6645725602167486,1,3.1290676866488485
1239,0,-1.114042625561672,0,-0.46645842569724455
1240,1,1.63942367284963,0,7.3993718639528
1241,1,1.0018628110213563,0,2.623381186143795
1242,1,1.3822333507679023,0,2.60341636129463
1243,0,-0.6214066775632853,1,-1.7754304870841497
1244,0,0.7599846366709495,0,-0.21240783177919764
1245,0,-0.3314915495001818,0,-1.3176363520676153
1246,1,0.7459332814614902,1,3.443478663033973
1247,0,-1.7830466955559865,1,0.977513359410483
1248,1,-0.4084606736268366,0,0.8650387797492798
1249,1,-0.8852578324678086,0,1.9059849657580985
1250,0,-1.290553602934632,0,-1.5573598600168637
1251,0,1.4909128460915122,1,1.6949000856590386
1252,1,0.597851183572161,1,2.944655754478104
1253,0,-0.6303644132651434,0,3.4336060130553103
1254,0,-0.17965366322157286,0,0.3440235722593663
1255,0,-0.036320440237875645,1,1.1557313802333646
1256,0,0.20417510741527936,1,0.2830656668670669
1257,1,1.4159851893713098,1,6.17879821272492
1258,0,-0.5543529438005136,0,0.3087918026104117
1259,0,0.9077318397778577,0,1.4359838675461565
1260,0,0.7566793868900861,0,1.7026185715409219
1261,1,0.20880664425689244,0,3.9126070195532554
1262,0,-1.954750661207843,1,-0.7751588753420635
1263,0,0.1586312952395752,0,-1.733122598323681
1264,1,1.1430760757798308,0,4.069790297916894
1265,0,-1.03618333732027,0,-1.0822039495220814
1266,0,-0.06042503799161603,0,0.5643889775392223
1267,0,0.1751044632405885,0,-0.5600070049226101
1268,0,0.8736911311922898,1,3.6691650299737497
1269,1,2.2328500530645465,0,5.444159869235209
1270,0,-1.13924981252923,0,0.13433274454115707
1271,1,-0.8317432973296507,0,0.03407793727203445
1272,1,2.4217807367298545,1,3.8672060622122433
1273,0,-1.0118028134648265,1,2.2929231143585422
1274,0,0.3353141519153807,1,1.695691455086196
1275,0,-0.9215701070099608,0,0.40958005563411515
1276,1,-1.412912340194456,1,3.456059385894601
1277,1,0.3604366747115808,1,2.3048811084581136
1278,0,0.45588009257424855,0,0.4037976474552135
1279,1,0.9736637392588352,0,1.665802670795396
1280,0,-0.3203155075704069,1,1.7763719295120592
1281,1,2.0670389151965054,0,2.2956022024835727
1282,0,1.618744738687096,0,2.6223606477116146
1283,0,-0.31962840156517724,0,1.1744404339253807
1284,0,-1.2188882950414692,1,-0.9207032977469578
1285,0,-0.45992647825111527,0,0.39396605353013414
1286,1,-1.5439558104804625,1,0.9664344325156881
1287,1,0.5371611825852292,0,2.264834121569064
1288,0,1.1149788583801523,0,-1.9666192877277024
1289,0,-0.5630982147781598,0,0.3663880632982468
1290,0,0.6859764759338257,0,0.7043005917209909
1291,1,1.99360310693811,0,8.263485444996027
1292,1,0.5440681960401128,1,4.8646461044020946
1293,1,-1.3395187277349587,1,3.025797672578455
1294,0,-1.113993567555228,0,-1.772538888531003
1295,0,-2.4604190546891114,1,-1.544260514760285
1296,0,-0.08909289327831553,0,0.3763556186665872
1297,1,-0.8044953647062876,1,1.1243460949869433
1298,0,-0.0069163532973210255,0,0.6217895076437372
1299,0,-2.5596788609407364,0,-1.8335178340449425
1300,0,-0.2024732409028237,0,0.9067821009793648
1301,1,-0.30693859195560097,0,0.6694359210738852
1302,1,-0.8236294070147754,1,1.9142010311036632
1303,0,-0.09740955861135608,1,0.4014604998789621
1304,1,1.0080601114871128,1,0.12655624015697242
1305,1,0.05650729347840626,0,3.9686151373603833
1306,1,1.9001085063343837,1,5.516655241021876
1307,0,0.019329935886247547,0,-0.19223780867757667
1308,0,0.21474028433026918,1,1.1246591723291217
1309,1,0.8148907098445689,0,3.0790409500883564
1310,0,-1.1927643734842233,0,-1.1966063120146002
1311,1,-1.0449764568335163,0,2.368721105488896
1312,1,0.5178724745451434,0,4.99897745079417
1313,1,-0.1371696195453575,0,1.8367139176035994
1314,0,-1.5259180819144522,1,0.2549927834121104
1315,1,2.4093236324485248,1,3.446012804889798
1316,0,0.6097234642855932,0,0.9552348437998699
1317,1,0.8379011628461464,1,1.7193932019805684
1318,1,0.6967343571752573,1,2.8384091836235505
1319,1,1.5105677030138978,0,4.181159687862328
1320,1,1.2874638612342217,0,4.638907063175563
1321,1,0.09218506253099813,1,2.8991087620566036
1322,1,0.3929620200326733,1,2.8520512331935084
1323,0,-0.1660768828010779,1,0.41550209332218624
1324,1,-1.2067417714118216,0,1.6736379213445374
1325,1,-1.2978604202537576,0,3.047771030988971
1326,1,0.9395704292317815,0,2.2472099336404154
1327,0,1.1863488000087081,0,2.168735144758943
1328,1,-0.9523877601515073,0,1.4872660260191066
1329,1,2.864132095221751,1,6.009775436314906
1330,0,-1.363166183547793,0,-4.236624574399877
1331,0,-2.3842094275528862,0,-1.3451737227819538
1332,0,-0.5440355394760885,1,1.5931081887877023
1333,1,-0.7003869599090746,0,0.30058907406353286
1334,0,0.38620633689794603,0,1.746122299914906
1335,1,1.771625616854382,1,6.807791230344346
1336,1,-1.0403220833532103,0,1.4405788415340905
1337,0,-0.1448330741814557,0,-0.3820247965576332
1338,0,-1.476785075357288,0,-0.22889101103209714
1339,1,0.8493060207881719,1,6.281218087703712
1340,0,0.12488220458663271,0,0.3968390297918575
1341,1,0.33434661143444055,0,3.243452957010168
1342,0,1.0830351907479556,0,2.465510855491437
1343,1,-1.6406831711762455,1,0.5424648746681286
1344,1,0.16623311642763888,0,2.7435135639927766
1345,1,1.0229981970640578,0,1.9239907489907244
1346,1,0.501893371285094,1,4.824543370067437
1347,1,0.8759841811398492,0,5.13690780686946
1348,1,-0.16747445623604257,1,3.4881836987012247
1349,0,-1.0023914094838622,0,2.563847911620363
1350,1,-1.0456508742739017,1,3.5017025373408863
1351,0,-0.11410199571634955,1,1.3679263167470237
1352,0,-0.04463596940910132,1,-1.3681282940666866
1353,1,1.8013527697617775,1,1.2813661046476215
1354,0,-1.1070026143737552,0,0.7642627560730999
1355,0,-0.4088271533799794,0,0.6315893235118639
1356,0,-1.3032914738785826,1,2.0588133997772484
1357,0,-0.07030869939873262,0,0.2513788892527806
1358,0,-0.8976116449335444,1,1.8066898574967123
1359,1,0.5847430150518078,1,2.9655906973159327
1360,1,1.0798165039082572,1,5.721261830454148
1361,1,0.6952460996728075,0,1.605039674699901
1362,1,0.2527581114591823,0,4.296382474297033
1363,1,-0.8087321991659292,0,1.3280175788962714
1364,0,-3.3599116122555066,0,-1.8167083451679082
1365,0,0.008884344884130603,0,-1.4403924123684069
1366,0,0.8384531515250828,0,3.047084788108932
1367,0,0.9296710031640351,0,-0.34535186038641635
1368,1,0.7138948331715154,0,2.4227975534490227
1369,1,1.139927248182352,1,2.424554047603303
1370,1,2.4746948212466124,1,1.7033186810799128
1371,0,1.5665068657077024,1,1.7188942243449499
1372,1,-0.8330008114364211,0,2.3647358726114565
1373,0,1.1377518758336023,0,1.3181356902671266
1374,1,1.1217514128810673,1,2.4597923339903334
1375,1,0.293527918758952,1,3.7539558651669354
1376,0,-0.16188505099043926,0,-0.2721646612255222
1377,1,0.08479744214144343,1,2.3162940263301173
1378,0,0.37655259646030176,0,0.2540200025745598
1379,1,-0.043009331938794505,0,2.9807864561637
1380,1,-0.7948506610572258,0,3.3448811099015407
1381,0,-0.1955913178630392,0,2.113164656494714
1382,1,0.07683069860880763,1,0.8971071278311549
1383,1,1.0277282245937083,0,2.786067515752084
1384,1,-1.0891607124429672,1,-1.2546047202588615
1385,1,0.06131431420577842,0,1.953679564086322
1386,1,0.10103916216111818,1,3.9098832932206373
1387,1,0.822790089244477,0,6.29036017879376
1388,0,-0.58177378467846,1,1.8523755398858488
1389,1,0.09002665342008055,0,1.1461749729505146
1390,1,1.8539719940055652,0,8.479418275828928
1391,0,-1.9975263085539243,1,0.8513826188577257
1392,1,-1.4510254910001381,0,2.4774014415797327
1393,0,0.3113217193265136,0,0.7690499747115815
1394,1,1.4257342794360404,1,4.318428978615663
1395,1,0.005841635224347741,0,2.8849657069163093
1396,1,0.8025332168913318,0,1.782304601451671
1397,1,-0.051930765600981074,1,3.4289356214350883
1398,1,0.09821397369546597,1,1.898738581087109
1399,1,2.1870346289377895,1,2.535243903114344
1400,1,-0.818508962507068,1,0.5977143834005718
1401,0,-0.8084434428844816,0,0.9973096962130708
1402,0,0.7657045468023549,1,0.5552837298951107
1403,0,1.952669467640996,1,3.282000528844108
1404,0,-0.27662646241019617,1,-2.5181502656186474
1405,0,-1.25801138083343,0,-3.2246167031080173
1406,0,-0.1802438101074749,1,-0.7642108609807365
1407,1,1.629052833914878,1,6.444601696083407
1408,1,0.7737236034856114,1,3.391848114488964
1409,1,1.4080740162549163,0,4.066020021438227
1410,0,-0.7740693596398082,1,-3.4598333855756227
1411,0,-0.19654922363027524,0,0.08640906968411921
1412,0,-0.3526649637180456,1,1.5389724735448205
1413,0,-1.1521318120266495,0,-0.3889141002144969
1414,1,-0.43628886886379376,0,4.737426755404039
1415,1,-1.3451558249739117,0,-1.782873208449351
1416,1,-0.16433509909130875,0,3.175532976221973
1417,0,-0.612043177348113,0,0.2521111147089068
1418,0,0.4773781766681065,1,1.9020058286600783
1419,0,0.4495837466044352,0,0.9851560966214064
1420,0,-1.6261444505260256,1,-0.4100022267589613
1421,1,-2.065447066901984,1,-0.8491639265381146
1422,0,0.06839124642513575,0,-3.379663647237792
1423,1,1.3145230553950311,0,3.682415040784039
1424,1,0.22075827003552195,0,2.4251219021425987
1425,0,-0.1841765274961824,1,-0.10022075004243367
1426,0,-0.005455074146326401,0,3.120608147529449
1427,0,0.27476002853273257,0,2.6056786893537427
1428,0,-1.79244363788983,0,0.018091855106279642
1429,0,-0.2556606193224519,0,1.068772642198399
1430,1,0.5117521407655045,1,3.381238084816717
1431,1,-0.13627688616561137,0,2.4320828537104355
1432,1,0.49573330798099524,0,5.2701557489535125
1433,1,0.2138839475441668,0,0.062364686177480255
1434,1,-0.39264563853860235,1,2.089549345557356
1435,1,-0.20605782151254606,0,2.0831254973893802
1436,1,0.5750212088434385,1,0.69025350733923
1437,0,-0.9446823763118822,1,2.04010809896654
1438,1,2.193132621664072,1,4.01303419808811
1439,0,-0.09700631952026201,0,2.3797128422809095
1440,1,-0.2575987237047977,0,0.04087099431012642
1441,1,-1.3071960318726141,1,1.543455753808313
1442,1,-0.8157479022548864,1,0.1982416670587861
1443,0,-1.4292507901602733,1,1.3302893392586794
1444,1,2.207840924786312,1,2.4350774317692423
1445,1,0.4002863203183275,1,1.7299311525187377
1446,0,-0.7424096800251437,0,1.360559662721388
1447,0,-0.7900056104559646,0,-0.032164630665384
1448,0,-0.5574605654301186,1,2.4691406046173054
1449,1,0.7423344303057114,1,3.119830109244864
1450,0,0.03053051392855567,0,-0.9014205176390055
1451,1,-0.12564780017702362,1,3.8478837964050627
1452,1,1.1098720659712242,0,1.2504651083959737
1453,1,-0.1376763028869781,0,2.2052967311645633
1454,1,1.4787818700323045,1,3.9248262405990104
1455,1,0.41705478228932963,1,4.662147832399835
1456,1,1.2579198075089462,1,4.1720935989349925
1457,0,-0.04186119395262822,0,-0.008712092896797197
1458,0,-0.6875153348789298,0,1.2491314343778193
1459,0,-0.32261793891157675,0,0.9780365543775675
1460,1,-0.3646353021929537,1,2.6154511117266557
1461,0,-0.24593168536897392,0,-0.23312410963439567
1462,1,0.842027568368056,1,0.6220234246269898
1463,1,2.651543687515897,1,4.223102559551128
1464,0,-0.23138441576657842,1,1.519923528822376
1465,1,0.46787628647729995,1,5.656198432397868
1466,1,0.6391656007271739,1,2.3456979685921038
1467,0,0.8226500513097619,1,1.0479199010513667
1468,0,-0.7815087615680186,0,-0.10516744623367513
1469,0,0.26203541976444794,0,2.2710757276219997
1470,1,0.44944150429634405,0,1.8588353352818119
1471,1,0.3059178967074679,0,3.034233171723489
1472,1,-0.9682485925622201,0,1.0861202257009177
1473,0,-1.0958926070843635,0,2.0774951683680465
1474,0,-1.6521909219935456,0,-1.7759345342474924
1475,1,-0.49512721598001924,0,1.0769959343351179
1476,1,1.5184378246512948,1,4.308532878812357
1477,1,-0.8192046413247241,0,1.889208990041463
1478,0,0.09871203537192728,1,1.1253777164671137
1479,1,-0.003110498000397343,0,-0.5721953802168176
1480,1,-0.1330826444214989,0,0.649322524022035
1481,0,-1.722503417329702,1,-4.369523216218495
1482,0,-0.501797424961703,0,1.93708225238484
1483,0,-0.5184868165331766,1,2.09853343795592
1484,1,-0.6082721389867426,1,0.8673839766442923
1485,0,-2.526619752612471,1,-1.5446122320874816
1486,1,1.079212074261946,1,6.293636810585614
1487,0,-1.0344711668326287,0,0.9419147946257803
1488,1,-0.1592042745649354,0,3.922495802442686
1489,0,-0.7808903827189342,1,-1.6009600543125235
1490,1,-0.996464720195241,0,4.156061387713052
1491,0,1.0968452366534016,1,-2.5062323683042123
1492,1,-0.28641112096618315,0,1.1928940344512193
1493,1,0.1152075686914769,1,3.863628109111639
1494,0,0.731913326830444,1,2.9890131892495932
1495,1,-0.04523680586926511,0,1.9351050114814359
1496,1,1.2308282596206532,1,0.8847600657269616
1497,1,0.9201304572322342,0,2.707269266052718
1498,1,0.14109036561217989,0,6.094115772418832
1499,0,-1.5853463524816125,1,1.265650393482702
1500,1,-0.14240015424760627,1,2.446366249660301
1501,1,0.9443451808845097,1,1.2515984409063619
1502,1,-0.3453569448135091,0,2.0820467575361765
1503,0,0.26682519406451394,0,-0.11809883712637836
1504,0,0.9432559863777848,1,1.659737630527982
1505,0,0.003079089055272237,0,3.941895869380912
1506,0,-1.9285088687685108,1,-1.1688439370872488
1507,1,-0.21231217994304638,1,3.908603307582713
1508,1,0.4010053825072843,0,8.255873944473047
1509,1,0.2779159189563704,0,4.046182342266533
1510,0,-0.08339319451314849,0,1.4194808627557793
1511,1,-0.4460829516940575,1,4.499747674705231
1512,0,-0.2956632712049573,0,-1.1864110147522244
1513,1,0.553106673346337,1,4.629508801240468
1514,1,1.1965301988145476,1,4.190999825038684
1515,0,-0.10655926446353813,0,-0.5878407449413638
1516,0,-0.5491180420895103,0,0.06339224813010448
1517,0,-1.0467167589507167,1,0.9189420115383492
1518,0,0.6522417522979146,0,0.22811715711682679
1519,0,-0.9212096434080254,1,-0.1433584270033741
1520,1,0.30904837651011724,1,4.343487267784746
1521,1,0.5204485447442745,1,4.725393471290466
1522,1,-0.22184899628581511,0,1.4161406496435036
1523,1,-0.03858676938103419,0,2.71952702668481
1524,1,1.174152886966069,1,4.011094372314408
1525,0,-0.2703274143996388,1,0.9228203808878968
1526,1,0.5424982549585017,1,3.0038263418027094
1527,0,-0.36572647066124675,0,-1.1304744677512217
1528,0,1.6986861815114538,1,3.184273908060371
1529,1,0.9396136093105346,1,4.303941937717653
1530,0,0.7380264774092964,0,1.3177634079700045
1531,0,-0.07971997705640199,1,-0.9110475130208333
1532,0,-0.5171966134432703,0,0.3945424607222393
1533,0,0.6890363939709652,0,3.177334681916163
1534,1,0.7032516010999487,0,4.390407399842408
1535,0,-1.4653845153316494,0,-0.6318803510541322
1536,1,-0.6052610848040425,0,3.6666882729705583
1537,1,-0.49866462140944096,0,3.4884186352875206
1538,0,-1.3977603434295085,0,1.4059848809132698
1539,0,-1.3091337411644985,0,0.5142159686133856
1540,0,1.0167204409086195,1,4.2666784199751095
1541,1,1.5431303045531182,0,2.7262532879725265
1542,0,-1.1026137517335237,1,2.3770358496702473
1543,0,1.2669197513878292,0,1.6864326727047343
1544,0,2.105437865941239,1,1.8752694621444816
1545,0,-1.0587692402589421,1,1.0042535062245648
1546,1,0.7764890562986007,0,4.281285431018613
1547,0,0.7122580920181684,0,-0.24727031015027817
1548,0,-0.272779409655748,0,-1.1439425779289818
1549,1,0.46940291823336605,0,1.8344152410519106
1550,1,0.7289188868435085,1,4.785367603400045
1551,1,-0.3358301749198571,0,0.9785002924210254
1552,1,0.2525556008715758,1,3.102763276919841
1553,1,0.8681609409633797,0,3.741633370307813
1554,1,0.4450193598033562,0,4.173655683326718
1555,0,-0.7150000493311696,1,2.064799958409461
1556,0,-1.1471886117798868,1,-2.0854473912865785
1557,0,0.13369688481278763,1,-0.34620784118759146
1558,1,1.020787822405119,1,1.1075809910378063
1559,0,0.41199657598220857,1,1.7692738361895621
1560,0,-1.4345225443302347,1,-2.761862786289098
1561,1,-0.4582428627109957,0,4.396408412993348
1562,1,0.712173317841264,1,3.7509568711141696
1563,1,-1.004717042557686,1,6.211757212689558
1564,1,0.2594164588996605,0,1.715861285777323
1565,1,-0.1935652682899114,0,0.370732412373469
1566,1,-0.21114918713236155,1,6.284597636675726
1567,1,0.10728443389862531,1,0.5228782704698546
1568,1,-0.549019757440289,1,3.7875336320074617
1569,1,0.8327546959353549,0,2.7158297120055113
1570,0,-1.0944922837373339,1,0.9628388029880185
1571,0,-0.44552622294384026,1,-0.07172718447809379
1572,1,0.5547908419049039,1,2.1674009478987437
1573,1,0.8467945679266324,1,2.8194018561024103
1574,1,0.4072285229792799,1,-0.06228084865810457
1575,0,-1.8180320349464818,1,-2.02507183064603
1576,0,-1.2396131025985535,0,2.7584035983139943
1577,0,-1.0810319497247036,0,1.6811063411970033
1578,0,-0.3107409706002894,0,-1.6651639785154364
1579,1,1.3473932565881834,1,4.743836763886133
1580,0,0.4837123845709119,0,1.5479455181265696
1581,0,0.647159729343364,0,0.3150960802793863
1582,0,0.5584763742320346,0,3.6964214043549326
1583,0,-2.4429486888493095,0,-1.0488640325941252
1584,1,0.1826556236793194,0,1.153134541343179
1585,1,-1.0074400025870303,1,2.2055162393867
1586,1,1.7888626578282416,1,3.5528614085833183
1587,0,-1.3776046803945696,0,-0.840300401647424
1588,1,-0.5207547792410268,0,2.3505252423709675
1589,1,0.21742487233214441,1,4.179439597937967
1590,1,0.6926730019442868,0,2.26833610547816
1591,1,1.1161073245037845,0,3.9647656353801772
1592,0,-0.6419915079264155,1,-1.8989017381144353
1593,0,-0.6640866416661663,0,1.9590071171498395
1594,0,-0.274886724392694,0,-1.5922956879232497
1595,1,-0.31323277695434576,0,1.5912545776553055
1596,0,-1.9740705207628624,0,0.04652222487641239
1597,1,0.5071422969529015,0,1.4689776596973316
1598,0,-0.03265619477304464,0,0.5459500286166875
1599,1,1.079589989579133,1,4.497428253169894
1600,1,1.4704572785403518,0,3.6365022658329234
1601,1,1.3857924391787804,0,2.7022452001558195
1602,0,1.0769105964184789,0,2.794549419861874
1603,0,0.5187415086100512,0,1.8666558836711316
1604,0,-0.26193920882698835,0,-1.4492146842055573
1605,0,0.2739640519547335,0,0.4041778664582139
1606,0,0.0649429456065655,0,-0.7533595425315393
1607,0,1.219637950373195,0,1.2421144041906944
1608,1,0.9050910292687988,0,2.9295388471573043
1609,0,-0.0036498421412181985,1,0.409936835697154
1610,0,1.1058806048600973,0,2.726944920468009
1611,1,2.927874565089992,0,5.972332634469774
1612,0,0.3842183575765225,1,-1.6360316493787943
1613,1,2.342302544409846,1,3.5477069978728033
1614,0,0.5470623715030837,0,-0.6399790960128455
1615,0,-0.8752914643333685,0,-0.13042597010987647
1616,1,-2.074513959130657,1,-0.3981951394042549
1617,1,0.14636436716470716,1,3.1955408960627736
1618,0,-0.049728918254665855,0,4.316048774682934
1619,0,-0.19281895395486298,1,0.5316683279715803
1620,1,-2.401384171261349,0,0.8688561397854941
1621,0,1.2539060245698566,0,1.978264191120254
1622,0,0.7577824286711421,0,1.8199932425982734
1623,1,-0.13367986641014162,0,-2.08015609791369
1624,0,-0.5893374890150727,0,-0.5528554281982963
1625,0,-0.10723054237931438,0,0.2105574370469407
1626,0,-0.6786694739981621,0,1.0574394805050198
1627,1,0.4710994683273423,0,4.723499210975165
1628,0,-0.6449198556216605,0,3.9792615167622065
1629,0,-0.13542184330379678,0,2.2599526489060118
1630,1,1.5123096484769425,1,5.398393016014539
1631,0,0.2054834232740537,0,-0.11849967505487496
1632,0,0.42389287200935677,0,-1.651886595138517
1633,0,-0.23657824371452416,1,0.7689830270540764
1634,1,0.834061650894008,0,5.370665262815057
1635,1,2.1516425393337295,0,2.3830390892485585
1636,0,-0.34323435519367523,1,0.10134115840788094
1637,1,-0.30381810025510514,1,3.9801506321871534
1638,0,-0.47548529129817596,0,-1.4591577058969243
1639,1,0.4267729516529622,1,4.657440403589957
1640,0,-0.5428649443383543,1,2.340438502299054
1641,1,0.6960715596141581,1,4.506658387366708
1642,0,-0.0894840402516436,1,3.3439231630735065
1643,1,-0.6412907887367503,0,2.7015472214830183
1644,0,-0.09223210169791658,0,-0.4430956927906524
1645,0,-0.43500297358897544,0,0.7553066577213305
1646,1,1.6145647305653217,1,4.80398073640581
1647,1,0.8621033218360633,1,3.6961765759508696
1648,0,1.7936901639665692,0,-0.17362165413556807
1649,1,1.3245960613977263,0,3.573598713551082
1650,0,0.09045801838599225,1,2.3629653052996265
1651,1,1.3044723967609786,1,0.768194119934845
1652,0,0.11829807193775144,1,0.29991009944756625
1653,0,-1.2063001354314316,0,1.5766484507912146
1654,1,2.256777518718915,0,1.9396406389696033
1655,0,-2.0112832521474107,1,-1.4983740106502266
1656,1,0.09298750350281432,1,5.553644537001606
1657,0,0.11388848351065238,1,0.15592163294465808
1658,1,-0.6634589817363106,1,5.364323454030748
1659,0,0.6368199627681467,0,-2.0925571815642647
1660,0,1.4025147046087594,0,0.3103273834031139
1661,1,-1.102803528935179,0,4.053298823706193
1662,1,0.10778854252382251,1,2.2017803508188085
1663,0,0.8264319143541645,0,1.4383245371356188
1664,1,0.4138289014084466,1,5.831317333461782
1665,0,-0.3133762201098898,1,0.6719523603812497
1666,0,0.38870024565864775,0,2.0889364886802393
1667,1,1.023038522267063,1,3.0113042448626097
1668,0,0.6969078948615266,1,1.1785675157257882
1669,1,0.37475395919455157,1,3.486906688158416
1670,0,-0.44599896641039194,1,-0.3248585356516483
1671,1,1.6274912305713771,0,3.3857670787052974
1672,0,0.7864098932723711,0,-2.2704077185961595
1673,1,0.36230634617698293,0,1.2984202665836475
1674,1,0.9788971300958484,0,3.8357600948602375
1675,1,-0.09010334848114321,0,3.3323415251520814
1676,1,2.5622630909042154,1,7.63989429874837
1677,1,0.30587248231143516,0,1.6164976020369832
1678,1,-0.048651954464008745,0,2.8653171115353584
1679,1,0.921286424528866,0,2.6846885109171903
1680,1,-0.12071736549001444,1,4.014516980897179
1681,1,-0.5632533557419384,0,2.0485242547731723
1682,0,0.04982492491901706,0,2.1230816285048486
1683,0,0.8552700583318094,1,0.5211672752344843
1684,0,-0.17193247583482307,0,-0.25424141156831453
1685,1,0.39377800577280614,1,1.5807682954490443
1686,0,-0.5969998072561544,0,-0.2328853869096753
1687,1,0.8044429459734035,0,0.7302015713558105
1688,1,1.1554164705161978,1,5.615042213515787
1689,1,0.18257996691874415,1,0.9091414521258215
1690,0,0.15246061690500493,0,-0.4414675526465317
1691,0,1.1363436625794132,0,1.9193547338790973
1692,0,0.22701585896160925,1,-0.7578002225638475
1693,1,-0.8651523549944394,1,2.8871685698169034
1694,1,0.04722261670410749,0,3.6228701725187973
1695,0,-0.24476510530558163,0,-0.9739163189816932
1696,0,-0.21708230828929104,0,0.8227135325309091
1697,1,0.23391452692658574,0,3.6002593990908847
1698,0,1.5995842077929607,0,1.1420350127993442
1699,0,-0.6307235403869954,1,-0.6895257148508495
1700,0,0.30248982227473403,0,1.4565214492070429
1701,0,-0.08501041357953332,0,-0.5044919665399563
1702,0,-2.5280435620934254,0,-2.8298009236495854
1703,1,-2.6216476600064444,1,3.104177085936895
1704,0,-1.3287872708765347,1,-0.34324030697368113
1705,1,-0.16149417251132164,0,0.5996737852743852
1706,0,-1.0360263587021932,1,-2.401968194815697
1707,0,0.007466155779364158,0,0.9841031966975906
1708,0,-1.7582151650167586,1,1.4032472642917084
1709,0,-1.0652069746913186,1,1.341511096493877
1710,0,-1.346830561143024,1,-2.6677160435832987
1711,0,-0.7953076325791736,0,4.163123438959211
1712,0,-1.3469907887424755,0,1.150216419699042
1713,1,-0.8247128568600576,0,1.9289859641197602
1714,0,-1.0670022634779206,1,-1.9985340588369316
1715,1,-0.7550682642686394,1,2.7141709829051557
1716,1,1.2509068493070827,0,2.8609142305962156
1717,0,-1.3090138208789692,0,1.8447504352525241
1718,0,-0.6533628824594229,0,1.2209442214072928
1719,0,-1.058509486587453,0,-2.2466017977088057
1720,1,-0.4557675335590764,0,3.2357423156367364
1721,0,-0.8702620332285899,0,1.8809548904995044
1722,1,-1.2128095093592364,1,2.6833907309838927
1723,0,1.6461894978991094,1,2.416660576306797
1724,0,-2.119904376417233,1,-0.96050213766445
1725,0,-1.9341311918622608,0,-0.10274842340445389
1726,0,-0.037665607594770646,1,1.608932571357152
1727,0,-1.6818862351946207,1,1.8084937126273004
1728,1,-1.377836316472651,1,2.239595427051195
1729,0,-0.32636227785806576,0,1.0456269734754255
1730,1,0.2083817693207033,0,1.9942445641788116
1731,1,1.9076393909830456,1,3.1252029234826306
1732,1,-0.04012575137988555,0,3.7576303502851034
1733,1,1.3496895309856285,0,0.923888276424543
1734,0,-0.8742176864212947,1,2.3854569912472257
1735,0,-1.5125239126029306,1,-0.0015782718994831121
1736,1,0.772521914108085,1,1.3063731428395322
1737,0,-2.1970286631009173,0,-1.2063725786902575
1738,0,0.3475733462095895,1,-0.6908357051569536
1739,0,-0.39332041118640726,0,1.0500764164766276
1740,1,-1.1634189245205042,0,1.4860913770967425
1741,0,0.6198530948896326,0,-0.5592622681165745
1742,0,0.8404272091125262,0,1.4599866491505447
1743,0,0.24462711638556703,0,-0.23915949261678293
1744,0,-0.540778137120473,1,0.7938989019238951
1745,1,-0.575399671885981,1,4.867066720247768
1746,0,-0.9935768709125543,1,3.4256819449702447
1747,1,-0.28826179281941505,1,6.303041283198299
1748,0,0.7870293218110906,0,-0.5944395672042389
1749,1,0.5370521663245884,1,3.9617783461193437
1750,0,-1.1760105699754875,0,-1.5151792551719903
1751,0,-1.2290251568077042,0,0.36371370803061187
1752,1,1.2259056060002556,1,2.043471865817944
1753,0,-1.553826940907266,0,0.7946853138985654
1754,0,-0.6292803230242501,0,2.280400130663128
1755,1,-1.6113757613878124,0,-0.42608804615538864
1756,1,0.11605021179958329,1,2.2907354082147906
1757,0,-0.6610288428639151,0,-0.964211287468187
1758,1,-0.8118605915521667,0,1.3892753860249605
1759,0,0.2474632962574573,1,2.4912511192171953
1760,1,3.398429552849163,0,4.944718505895223
1761,0,-0.24707934344179286,0,1.7487579202438601
1762,0,-1.1866962693426988,0,-3.129843005314087
1763,0,-0.03651086492588832,0,-0.008653735204477223
1764,0,1.0902552597274027,1,3.1316181132091994
1765,0,0.16199302813689426,0,0.14704692260658148
1766,1,0.5993597844838998,1,6.737330998378696
1767,1,-0.8002324453401846,1,3.379982500824244
1768,0,-0.47631451381414897,0,-0.29099689414737173
1769,1,1.59606294609375,1,2.9127690847406846
1770,1,2.20208336859166,0,5.1945898918190005
1771,1,0.7090480326182727,0,4.390464730338724
1772,0,-1.1168170017897188,1,-1.3788844545585421
1773,0,-2.141781124985272,1,1.4953255021744787
1774,0,-0.8431057041931518,1,-2.9124978698180453
1775,1,1.1116327428294657,1,2.5637318188056746
1776,0,0.1009647614935095,0,-0.5201001275430672
1777,1,-1.1269420432081638,1,4.0932004485893545
1778,1,1.1050604006901166,1,3.1738806941909123
1779,1,0.406316335416611,1,4.505599024414799
1780,0,0.15618080501917883,0,-0.015607996850792331
1781,0,0.6339674924278457,0,0.681628176982497
1782,1,1.5182229947853227,0,1.9673744948209992
1783,0,-0.7904575047746579,0,0.7887932636454802
1784,0,-1.2520226742635108,1,-2.856337811823274
1785,0,-0.12435648108150607,0,1.8174378846925805
1786,0,-0.6759429681586505,1,1.616182248846323
1787,0,-1.1304668169123566,0,1.0002932727973741
1788,0,-1.0198991591946927,1,0.9199654916321343
1789,1,-0.2504848698836602,0,1.7510119345010606
1790,0,-2.029843030884496,0,1.8613642939066324
1791,1,2.188317397334044,0,5.177444241514255
1792,0,-0.24821587353712246,0,0.18683355140403612
1793,0,-0.022961003155911416,1,2.3421660755097773
1794,1,1.0513668552471676,1,1.309153706205883
1795,1,-0.6109236022711423,1,4.098304395037518
1796,1,1.270917292756661,0,1.775246078363827
1797,0,-0.40382461317364426,0,0.2570221482995346
1798,0,-1.9840973497620291,0,0.7065154472761265
1799,1,0.578083177802683,0,0.6454724791569795
1800,0,-0.8967904451865334,0,1.873066123193028
1801,1,-0.5214295267193757,1,4.569377276262465
1802,1,-1.777761317855664,1,4.428610991757887
1803,1,1.0388562833420563,0,1.3401305407754516
1804,1,0.9014197810866925,0,5.247015230759768
1805,0,-1.1407727681612962,0,2.8331523802133467
1806,1,0.8052740912145634,1,6.490037435074829
1807,0,-0.9408385613035499,0,0.47168173269741565
1808,0,0.1446361091141956,0,-1.0306957691648284
1809,1,-1.6045698639441934,1,1.8063224127196456
1810,0,-1.5715496295417761,0,-0.9763301252813359
1811,0,-0.034535928097820974,0,-0.7000036788244258
1812,0,0.777737295206988,1,1.82001056874513
1813,1,1.0962679576007521,0,3.4559369403041122
1814,0,-0.7412361486492908,0,0.20338041636007076
1815,0,-0.42696581844706577,1,2.3939065968573217
1816,0,1.2202723201994854,0,0.7515973766516015
1817,1,1.3198744921925731,0,3.722597696202002
1818,0,1.810359923610909,1,2.440000089780976
1819,1,0.7841404320691145,1,3.9934842062487674
1820,0,-1.7399647813081949,0,0.2959562632240136
1821,0,-0.5509962052388919,1,1.90222713133115
1822,0,-0.2224418309842108,0,-0.11872643633973512
1823,1,1.143840613197427,0,4.002969102746503
1824,0,-0.4779419461078862,0,-1.0095961105439053
1825,0,-0.21646232583343206,0,1.0189156624769193
1826,1,-0.014849621100762983,0,3.0261425936466058
1827,0,-2.9210999860419915,0,-1.6951265071239288
1828,0,-0.5971734571475141,0,-1.4796670155118208
1829,1,2.651111208130897,1,5.170352636710052
1830,0,0.6684099359173137,0,0.901275160048643
1831,0,1.1860930063584945,1,2.5893482984191754
1832,0,0.7311551608793527,0,3.6883034447516647
1833,1,0.02067550018983811,0,3.4575037752232034
1834,0,0.5283183870096757,1,-3.0644855392128374
1835,0,-1.5698042472782272,0,-0.38265883104483317
1836,0,0.5434638354594337,0,1.9787557507621867
1837,1,-0.23997798124165914,0,0.04558541639492231
1838,1,0.26272573911036107,1,5.039216895527008
1839,1,-1.3641442427774275,0,2.8884793349063766
1840,0,0.30681558249154145,0,0.20499796872699294
1841,0,0.5707490594855894,0,3.139676196461561
1842,1,-0.02097984587425323,1,3.456708751021256
1843,0,-1.351497085354999,0,2.459135905362154
1844,1,-0.7209169404348658,0,2.505376345550907
1845,0,-2.212133115807365,0,-1.3804530702638176
1846,1,0.6970492813974629,1,2.6435288548284532
1847,1,1.1606679099890336,1,3.149187881515761
1848,1,2.5942240610357503,0,3.731104547174907
1849,0,-0.6853454858751103,0,-2.6779347106089313
1850,0,0.3132156896805369,1,0.5458767348191264
1851,1,-0.037687447100978246,1,6.013545465270691
1852,1,-1.885162803266552,1,1.7619553875990812
1853,1,-0.4220859902807995,1,3.6124350989845375
1854,0,-1.6981366443614527,0,-1.3390564689453544
1855,0,-1.1255301734277061,0,-2.173144405157748
1856,1,-0.559244227277861,1,5.186647828967307
1857,1,0.2677939306394144,1,3.3044047088547734
1858,1,1.117834908604863,0,5.004663809706555
1859,1,0.28830384176481,0,4.187482426395774
1860,1,-1.010695514920501,0,3.810774220233819
1861,0,0.3290455448041227,1,0.4742963349555085
1862,0,0.7920165902589515,1,2.126379798652148
1863,1,1.6001044067612455,0,4.447298934493799
1864,0,0.3005277126359238,0,0.11570887064959035
1865,1,-0.1044250697541091,0,4.210748553250092
1866,1,2.9103397609470405,0,2.0569979639176657
1867,0,0.5666005766836841,0,1.271004889974441
1868,1,-0.25789571358068564,0,6.0030297303853954
1869,1,-0.45084801007158193,0,1.8457372644464602
1870,0,0.13010929406212188,0,1.7746481968086136
1871,1,0.5322847193775999,1,5.50766743623803
1872,1,-0.6236326927669019,1,1.8579812456475757
1873,1,0.6174962323041442,0,5.548416632314696
1874,0,-0.08417404641177494,1,2.126078148220578
1875,0,0.16817473658146334,1,2.9138899969779306
1876,0,-0.45787711987883095,0,-0.5944753590077974
1877,0,-1.312411588780724,1,2.048396546140433
1878,1,0.6595976070987878,1,4.710088758642614
1879,0,-1.4016779301768063,1,-2.7727730076535533
1880,0,-0.032847002632864594,0,0.2755903237317632
1881,0,0.05857119806857857,1,3.203167234311899
1882,1,0.5205478498332488,1,3.3265536832090747
1883,1,-0.5130489846327126,1,3.647777248035811
1884,0,-2.6667173652187404,0,-1.779616401281701
1885,0,-0.3681713831218978,0,-2.3680838170860072
1886,0,-1.3888225745991756,0,0.19817813405853474
1887,1,-0.7915633300049818,0,2.3883571055963775
1888,0,-0.7296835595408201,1,0.31520871011985296
1889,0,-0.5528361674086602,1,2.0548593484397606
1890,1,-0.24588512411538568,0,0.6359868982824487
1891,0,-0.8452068876128587,0,1.6395981634971395
1892,0,1.1280937195796594,0,-1.9210007807626395
1893,1,1.1822901017587395,0,2.8371660865181734
1894,0,-1.4847866820109639,0,-0.7776011086568951
1895,1,0.19416281055954132,0,5.729736178746262
1896,0,-0.37082534895154046,0,-1.2180903115933244
1897,0,-1.9259415360471328,1,3.0732262076388874
1898,0,0.417914748243102,1,-1.7619818215242522
1899,1,0.6452631881461605,0,4.19931322353375
1900,0,0.13800302578860477,1,3.2363945082090035
1901,0,-2.0784665827914726,0,-0.3743087814845403
1902,1,-0.3102216106284522,1,3.6979485114924313
1903,0,-1.4797872339726328,1,-0.07195519515698201
1904,1,1.7763012431769358,1,3.3001054610286635
1905,1,0.9466592136679124,1,6.933530621111182
1906,0,0.2843740838881032,1,2.880490419336145
1907,1,1.683801847606031,1,5.446597437767889
1908,0,-1.3457785231627275,1,1.9358541138099683
1909,0,0.9641670989464148,1,1.4410224912014318
1910,1,0.8220675077805503,0,1.5324631693509132
1911,0,-0.33326753697604744,0,1.3185518312406188
1912,0,-0.63979455499838,1,0.612355928503044
1913,1,1.8764287910091806,0,5.4272581684253405
1914,0,-1.0471307482987444,0,-1.2176197660245704
1915,1,0.6493121872346405,0,3.126893852586832
1916,1,-0.3400005650415951,0,-0.4246745328924546
1917,0,-1.0475728134325126,1,-0.9370753451992598
1918,0,0.5192255961275059,0,-1.2635513116943509
1919,0,-2.175050224591658,0,-3.542245975606579
1920,0,0.14742935350596337,1,1.165971375084993
1921,0,-0.3976346486700499,0,0.8827476722003308
1922,1,0.439938120028251,1,0.6233420536158755
1923,0,0.5159644182337111,1,-1.8898421285704028
1924,0,0.43150816156402577,1,1.4689723294503458
1925,0,-0.046571929174355924,0,-0.16761980199183563
1926,1,1.1253638530255148,0,2.004766368112707
1927,1,-0.17807115446594465,1,2.298316541933708
1928,1,-1.0471285601322278,1,5.194680788819522
1929,1,-1.5897743305365046,0,-1.1966181590901588
1930,1,0.5528783060627165,0,2.3668219609079904
1931,1,-0.8377939162472012,1,6.582420679655888
1932,1,-1.745066633680744,1,2.858219947367987
1933,1,-0.533602560312604,1,3.4031104531341647
1934,0,0.09275498400850662,1,1.4403331246568611
1935,0,0.25981890186386297,0,2.1254827555245246
1936,0,0.395792184666501,0,1.882645472240804
1937,1,-0.5356794464270442,1,3.155563780275671
1938,1,0.30041195129772,1,2.4813316154416114
1939,0,0.9803335523314982,0,3.415577922803363
1940,1,0.25728234227348007,0,4.599723131032217
1941,1,1.2809062215308102,0,0.8074660644979972
1942,1,0.47155359977781824,1,4.410254072003215
1943,0,0.4115021885594611,0,-0.539590895727937
1944,0,0.5235628063306956,0,-0.8308819015113424
1945,1,0.2923432157177519,0,1.294703118879317
1946,0,-1.6578793244822232,0,-0.9004430981895427
1947,1,1.0443779497919128,1,3.428955089441244
1948,0,-0.714112371139991,1,0.4969546575565986
1949,0,0.4375652231827624,0,1.0727334614149793
1950,1,-0.6734260796187117,1,1.3141380057082213
1951,0,0.16416037637473366,0,0.04437076098840964
1952,0,-0.3176742342203891,1,0.07258677424621585
1953,1,1.0199267559484395,1,3.4235440590879724
1954,0,-0.5614139317846976,0,-0.9843043880165738
1955,0,-0.29996940312500403,1,1.1472019468660166
1956,0,-1.382779827445203,0,3.201241155251532
1957,0,-0.9939140744075454,1,-1.3219289658505229
1958,1,-0.5307515283010601,1,2.6213656605070628
1959,0,-1.216249334462637,1,-0.908448066439898
1960,0,-0.9778217502110214,1,1.3207372497626162
1961,0,-2.06906798568754,1,-1.0414165838414815
1962,1,-0.41932391213714415,0,0.13590542648895987
1963,0,-0.8675278308169518,1,0.5818273636424892
1964,1,0.05029888378204645,0,2.335776115723719
1965,1,1.4223312177113805,0,0.8109749589627105
1966,0,-1.1511118961652411,0,2.067250613617957
1967,0,-0.22978262369581026,1,4.458293470221718
1968,1,0.434456867419115,0,2.5692335191767874
1969,1,0.2405341839211307,1,2.4812998862543383
1970,0,-0.8017912626400026,0,1.1478671147616186
1971,0,-0.03575956297564202,0,-1.0518938086170442
1972,1,0.16674177519230443,1,2.6529904893021277
1973,1,1.1425850506083968,1,4.379973027415259
1974,0,0.9721872354713257,0,2.4357311898451277
1975,1,0.28321239486964445,1,6.986552095460104
1976,0,0.7488421657418162,1,-0.3520921719950385
1977,0,-0.5582303072165856,1,0.47761120415865504
1978,1,0.39856705020565486,1,5.166292904280232
1979,1,-0.13881332802377,1,1.02599937117777
1980,1,0.9743619827910959,0,3.491758616419342
1981,0,-0.7000881863078693,0,2.244548177570611
1982,0,-1.4161800066769006,1,0.9789558492558221
1983,1,0.5979808516602765,0,0.7058354973629168
1984,0,-0.3421406379914501,0,1.1286268230054632
1985,1,1.2069799342015923,0,4.625641801401122
1986,0,-0.748026778358789,1,1.8057379393413044
1987,0,-0.5837035492520214,1,-3.300966792613565
1988,0,-0.27922838057995925,0,-0.4295762919756603
1989,0,2.6961574792910663,1,3.5274780590477945
1990,0,0.8045346261823088,1,2.0856536190483133
1991,0,-1.4737976310790755,0,-1.5040890278220944
1992,1,-0.15377727079750117,1,3.575580546185023
1993,1,-1.2580345892679068,1,5.0708956294564
1994,1,-0.7418626304260014,1,3.538483003377376
1995,1,1.8320399628558506,1,2.9086524916766336
1996,0,-0.5077953504370118,1,1.8293803496221765
1997,1,1.4854302102675845,0,2.575675425786016
1998,1,-0.12817293483756342,1,2.1820364800827194
1999,1,0.03217969736067445,0,6.0975596063441895
2000,0,-0.40496719655586694,1,-0.763264520644783
2001,1,-0.2886330020762576,1,2.019603785676126
2002,0,-3.253266038662345,0,-1.3347013408564954
2003,0,0.12340762182101485,0,1.503988532346361
2004,0,1.2050603361781465,0,5.953806707303212
2005,1,0.834341339105652,1,2.849505458591241
2006,1,-0.3590675205169491,1,2.2331270690074927
2007,0,-2.364591899638438,0,-1.0064072582196952
2008,0,-0.6855750779933212,0,3.0998266108024164
2009,0,0.6599124217918295,1,-0.36488026319571565
2010,0,-0.3149944410763264,0,-1.4089328168214392
2011,0,-1.8317452540837635,0,-0.5081437674540519
2012,1,-0.34816653494553446,0,1.6921649031065276
2013,0,0.7640893645339001,0,2.3683080044948857
2014,0,-0.4287846188354061,0,0.5713845387140374
2015,1,-1.7123906212212134,1,2.474560390803429
2016,1,-1.3924620505968552,1,1.6609077694798637
2017,1,-0.7096959657675413,1,1.9546203758085472
2018,1,0.5670593613415346,0,4.753622790064831
2019,0,-1.4553457919616297,1,1.5704377079546372
2020,0,-1.5182623856839605,0,1.4844908635685883
2021,0,-0.7008539990413148,0,1.3206708037981782
2022,1,1.343971782537327,1,6.431303133958364
2023,1,1.470441707954612,1,4.573178530131308
2024,0,0.8468244609748761,0,0.09297990745073553
2025,1,0.10147579757707119,1,4.920924009540586
2026,0,0.2878029855905378,0,-2.467280205889611
2027,0,-0.048406766865262664,0,0.1726315983340344
2028,1,0.4217081701094222,0,5.047749121676075
2029,1,1.4002518491735498,1,3.4910577854028917
2030,0,-1.0991834945040442,0,-2.0606432213560004
2031,1,-0.804878182128271,1,3.1327735998984827
2032,0,-0.519919114787039,0,2.346805984095505
2033,1,-0.3128818229992262,0,1.2265414176226153
2034,0,-0.6779822652460499,1,0.6122244801175938
2035,0,0.7432765652691526,0,1.9007157360188267
2036,1,1.5707659103425755,1,2.4452199281048874
2037,0,-1.9625517796850485,0,-1.3503198570718937
2038,0,-0.6535954010751999,1,-5.039451744264641
2039,1,-0.4238374104176404,0,0.6032428591358816
2040,1,0.24995321797861303,0,0.3993671794270163
2041,0,1.4205518569727424,1,0.26322909204559586
2042,1,-0.044925991293650214,0,1.2777931645297103
2043,0,-1.3262349977719567,0,0.2611302848718932
2044,0,-0.1752038815388387,0,0.023809658656678834
2045,0,-2.0778714074723785,1,-2.329209556902571
2046,1,0.6861753559604105,1,1.622231191309932
2047,1,-0.5617554919969485,1,2.1772661117060723
2048,1,0.839594326581527,0,1.0599709923446015
2049,1,2.1407531693316773,0,3.1029963433744405
2050,0,-0.2550745227076036,1,1.560359504950741
2051,1,0.7256380946630432,1,3.8229763655036346
2052,1,0.5740546470629185,0,0.9293217802072271
2053,0,0.9127302167080268,1,-1.281781758546956
2054,0,-0.212860795855864,0,-2.608615201641924
2055,1,0.6711217919841723,1,5.261417907947594
2056,1,-1.8532938691020955,0,1.5066194529849215
2057,0,0.40357637473388275,1,1.3268915509714594
2058,0,-0.33839636730582573,1,0.6686091773386966
2059,1,-0.7346042396761533,0,-1.2184197252454365
2060,1,0.22039313439729202,1,4.032505136595675
2061,0,-0.4750765038338876,0,0.41602764994252595
2062,1,-1.2133844419975228,1,0.5963894708164352
2063,0,0.6158155144832228,0,0.3249753846561013
2064,0,-0.3324720554247605,1,2.5016552399397813
2065,0,-0.5536091798438644,0,2.090118772081913
2066,1,-1.1409310746249794,1,1.9786499561002253
2067,1,-0.44621574486431886,0,3.295298288426756
2068,1,0.36508898642568116,1,3.0441767806910582
2069,1,-1.895570485122903,1,2.9266964433749862
2070,1,0.133910858221791,1,2.7933469531024255
2071,0,0.2083063201917119,1,0.2274191778824568
2072,1,-0.1937072711385584,1,1.681455949706781
2073,1,0.02409925811701077,1,2.0219859427875697
2074,1,-1.499523066407047,1,1.2717360048300306
2075,0,0.598245616360157,0,0.18092228967812196
2076,1,0.2516051063997807,0,4.563882347117671
2077,0,0.3452451148245231,0,0.04558183906205915
2078,0,-1.2486484491747953,1,1.4534002516608924
2079,1,-0.18689081412320036,0,2.125504057665927
2080,1,0.5120878752786892,0,3.0181779036312633
2081,0,0.19105584917069038,1,-1.081756285698321
2082,0,0.7585323507723956,0,4.407770997889267
2083,0,0.1629755321674374,0,1.0489133069277292
2084,1,0.6192590508129162,0,3.984076358689594
2085,0,-1.3075927272623713,1,-1.3181149365478162
2086,1,0.210511774484364,1,0.6013798345059529
2087,1,1.112177716418655,0,4.830780765667448
2088,0,0.7903484495876055,1,-0.8405103183000024
2089,1,1.1195794496572913,1,1.807171266399819
2090,0,0.5614056390802519,0,1.993790859519159
2091,1,-1.4060444550053295,0,-0.17228617409691305
2092,0,-0.5408058352283613,1,-1.1174541877658557
2093,0,-0.9321813361363186,0,0.04070094478814784
2094,1,-0.41813657898317375,0,2.1415922443108513
2095,1,-0.26713454273266074,0,0.17957899411355316
2096,1,0.12752275451644193,0,3.394243895190399
2097,0,-0.7281703868103192,0,1.579986452376189
2098,0,-0.42473409255537414,1,0.8033455261195035
2099,1,-0.1065780034347727,1,-0.09623114554309065
2100,1,-0.4388096150759593,0,1.7095289894190768
2101,0,-0.554058613395518,0,-1.0101913045297712
2102,0,-0.5310955787312069,1,1.2371177171891419
2103,1,1.641793994647236,0,6.019399056684095
2104,1,1.3020368888396412,0,3.5556765336317655
2105,0,-0.7817616187144454,1,-0.40727608715542823
2106,0,-1.07179960969401,0,-1.9244158582257327
2107,1,1.346359044287921,1,2.9081230585083953
2108,1,2.38781783545754,1,4.653556159947473
2109,1,0.04990604679107268,1,4.561542784360907
2110,1,-0.2618285970261857,0,2.142441396013825
2111,0,0.1728897490846175,1,1.8790685047981355
2112,0,-0.7561951459193564,1,0.8141316995692148
2113,1,-1.1621358046422592,1,2.6162945757101226
2114,1,-0.1498439681145842,0,2.514579576120604
2115,0,0.3597688719538347,1,1.8888751831753643
2116,1,-1.3313704536938602,1,3.0342797846242395
2117,1,0.7929732066387757,1,3.4131409282737355
2118,1,0.3908666800633024,0,2.7082437238086357
2119,1,-0.2938235570672567,1,1.973663591125793
2120,1,-0.18695347589134914,0,2.1620892909679092
2121,0,1.227748951661588,0,-4.692920074036161
2122,1,1.3470626590285757,0,4.158908862637925
2123,1,1.4091348258934762,1,2.5445004985964386
2124,0,-0.7882865958424988,0,2.180742930113782
2125,1,-0.657360533250326,1,5.3340096374017625
2126,0,-0.44698323936141016,0,0.5922276013017487
2127,0,0.5529606854539435,1,2.2147313627559084
2128,1,-0.9599391428719312,1,3.13008899102418
2129,0,-1.229580577598447,0,-1.126801342139335
2130,0,0.9250630563860072,1,1.8737285836660011
2131,1,0.9126800197183953,0,3.7158043983713016
2132,0,0.7180611690440882,0,-1.7829507503105324
2133,0,0.6318993467079427,1,0.9372499638822802
2134,1,0.7865221210639485,1,-0.5137805934552073
2135,1,-1.1661935530166614,0,1.6022674125290937
2136,1,0.5216879385703108,0,1.0330711319777146
2137,0,-0.04199806027449905,1,-1.3100502522112034
2138,1,1.0191979930641566,0,2.45650275505324
2139,1,-0.06122155876012814,1,3.4636712015384488
2140,1,1.7784006841286917,0,2.7688303014895714
2141,0,0.15886589235640128,1,1.5062260822754416
2142,0,-0.8256702777789523,1,1.2380765721563693
2143,1,1.9381286383593481,0,5.153372606245586
2144,1,2.479295831846135,0,7.491643925411832
2145,1,1.1794931282420986,0,3.6989757266116836
2146,1,1.2269289048818,0,5.309206795838933
2147,0,-1.4227705440406169,0,-1.665281429932823
2148,0,-2.8208795409193166,0,-2.2036125933905466
2149,1,-0.6866034177091352,1,2.732259158122469
2150,1,-0.1763173753605541,0,3.1608066072737833
2151,0,0.2706475115291693,1,2.6525491960337293
2152,1,-0.9198077547900924,0,6.393119917756776
2153,1,-0.8181410135889461,0,0.3249821991940446
2154,0,-0.26539552984058085,0,-2.1761080507311004
2155,1,1.316592467123761,1,4.715111678756008
2156,0,0.11865756779225915,0,2.3462892032063785
2157,0,-0.14005957810939196,1,0.2806189335724887
2158,0,-1.0269514117598517,0,-1.286866932483378
2159,0,1.035706172390369,0,-0.11704670596611
2160,0,1.2085595761573615,0,0.40623928585698565
2161,1,-0.47365703252871943,0,4.041348732571083
2162,1,0.8267096588405944,1,5.02288147535549
2163,1,-1.3422972554890682,1,3.8482654629977064
2164,1,-1.565664062416794,0,3.3289595552815507
2165,1,1.610901726019007,1,7.25462072262266
2166,0,-0.3924104933756845,0,-1.426054725462702
2167,0,0.3710056291509584,1,0.42946374757805744
2168,0,-0.17258958832141827,0,3.410109203103618
2169,0,-0.87871912227524,0,-0.9032686121551958
2170,1,-0.04835807833134185,1,3.9012373324030327
2171,0,-0.4733566543121928,0,-0.5308391712492158
2172,1,1.0813672222594244,0,2.1316672573965434
2173,1,0.46231866049688103,0,3.5399128265979165
2174,1,-1.028783834682692,0,2.799647922579279
2175,0,0.4750223974377931,0,0.8543912565294529
2176,0,-0.9271006149038652,1,-0.22496633912902853
2177,1,0.8104285729716885,1,3.630415613509324
2178,0,0.4015914288896249,0,-1.9204421380127072
2179,1,-0.2618920529764833,1,1.2238815956197875
2180,0,0.3998356525683194,1,0.6843745644265036
2181,1,-0.8176594682941853,1,4.96880170295366
2182,0,-1.1493179914388167,0,0.3849046550505071
2183,0,-0.12535876371840077,0,1.2457713911198107
2184,1,0.4894393936448455,1,2.1872071853363964
2185,0,-1.784935404221612,1,-2.551414289608225
2186,0,-1.0983266249882653,0,1.6323853290981554
2187,0,2.249143793016785,1,4.374905820743766
2188,1,-0.29831309640124326,1,3.6588385785065216
2189,0,-0.8608951951230974,0,-2.138487643837416
2190,0,0.1828123834744301,0,-1.03084270931632
2191,0,-0.2735220189824381,0,0.8961044635378598
2192,1,2.1588519451909574,1,6.073591073040133
2193,0,-1.5841242796188344,1,1.1493415964683285
2194,1,1.098327720696096,1,2.6537824463487047
2195,1,-0.8543077803790646,1,1.5256125635904616
2196,0,-0.7565946596430252,0,-1.8255313305892718
2197,0,0.10781438503450592,0,1.6743176251698157
2198,1,-0.17460192250009687,1,2.646839524324313
2199,0,-1.384804531195818,1,-0.8356298299810582
2200,0,-0.846329176547844,1,-1.378937878557743
2201,1,2.2864147083812405,0,5.592643604699249
2202,0,0.6181592562438342,1,3.2762528917385065
2203,1,0.00026811043330850215,0,5.4061397982544115
2204,0,0.08380525550661717,1,2.0751855171698974
2205,1,1.1521896493293668,0,3.43134492811666
2206,0,-1.0264576332342972,0,-0.0726724323882798
2207,0,-1.5062822089906025,1,1.8266975341751355
2208,0,-1.6705300677114374,0,2.7514548897905775
2209,1,-0.033864125718896444,1,4.9221276532445515
2210,1,1.9509068740699633,0,6.732990593891925
2211,0,-1.3237987544571368,1,0.0532538700892729
2212,0,-0.7997101169238472,1,-3.096715292318561
2213,1,-1.0525857871468225,1,3.051315892274099
2214,1,1.7663708168444467,0,3.945854705446975
2215,1,0.9619406667109324,0,0.9924614819538875
2216,1,-1.0415270144707518,1,5.572565685157046
2217,1,1.208732108809257,0,3.6650883274778323
2218,0,-0.19388210681662443,0,-0.2802913270459881
2219,1,0.4790490158157718,1,3.084905341228023
2220,0,0.29684249497082804,0,0.8594989693294989
2221,0,-0.8979872334755546,0,1.0437770535809385
2222,1,0.3095425181571726,0,3.590414345018408
2223,1,1.5277504890052767,0,3.8711536233682478
2224,0,0.03534027357015192,0,2.9501809199461855
2225,0,-0.8598171035348071,0,-1.486510276563685
2226,1,-0.5457661476364863,1,2.7939501880256636
2227,0,-0.8349778670779946,0,-0.012108329793218436
2228,0,-0.27241035742964337,1,1.042121019809778
2229,1,-1.1311547304591494,0,1.6212867101717823
2230,0,1.7919303104988005,0,6.1065296232870265
2231,1,0.35354181950338986,1,2.3379218307860814
2232,0,-0.4334342243588392,0,0.6655686875330571
2233,1,-0.5263942814027663,1,0.5272121814849725
2234,1,0.21701471226765015,1,1.1159512742362017
2235,1,0.3087714483070353,1,1.2237786436736298
2236,0,-1.730988452181947,0,1.496858546553426
2237,0,-0.2027697517426526,0,0.019626527141755834
2238,0,-0.14341190368965226,0,0.30820489816140473
2239,1,-0.5052636293185491,1,6.898535801797001
2240,1,1.2111917616918206,0,8.015388802824969
2241,0,-0.892658526755939,1,2.475148469220296
2242,0,-0.2775025167559488,0,-0.44458364412021356
2243,0,0.3183958722187288,0,-0.3214370617448693
2244,1,0.8962562793112071,0,4.031065840242567
2245,0,-0.5568857564594477,0,1.4435879669556215
2246,0,-1.352506592195357,0,-0.465919320595647
2247,1,-1.164434594449433,1,1.177515756563214
2248,0,-0.1258004119221176,0,-0.04446218302734589
2249,0,1.067754982353336,0,0.508960471195338
2250,1,-1.5318621755665052,0,2.6799060709659726
2251,0,0.7885094973392205,0,-0.19591616296997372
2252,1,0.9431424724284088,0,4.208366869053476
2253,1,-0.7564001478895703,1,0.9923932971473304
2254,1,0.49676478855745004,1,2.751699498651117
2255,0,-1.8444261814378573,0,-1.158815562750815
2256,0,-0.8788794649871962,1,0.7475531074074603
2257,1,-0.048314616413025896,0,4.1737170038233
2258,0,-0.8439188602502771,0,2.140365626836881
2259,1,0.9252496280780956,0,4.84974119764745
2260,1,-0.5514700528714964,0,-0.597577343390026
2261,1,0.552971577596958,1,5.557868837937411
2262,1,2.2574276349078364,1,4.342591900098819
2263,1,2.207886856749482,1,5.800430185666393
2264,1,-0.19478655792870161,1,1.0212140628614161
2265,1,-0.41051722985523825,0,-0.48542794596955385
2266,0,-0.5902657342556412,0,-0.1691930052522016
2267,1,1.2802982087445656,0,0.7212409253656467
2268,0,0.016802733046203968,1,-0.43781934612741313
2269,0,0.5702262696067302,0,0.660295785295966
2270,1,0.18631861779246697,1,0.4306691685050915
2271,0,-1.3696571505341144,0,-4.409278913115717
2272,0,-0.9300096593126072,0,-1.7239604060184757
2273,0,-0.6404857905394095,0,2.0113448255661313
2274,1,0.512470379368945,1,3.6005234471940937
2275,0,-1.743143905434355,0,0.054650466619481586
2276,0,0.33045412074670066,1,1.1268361003152505
2277,1,0.9996916703175304,1,5.940299240330408
2278,1,1.900977133152294,0,6.091321744218252
2279,0,-0.045389973305327486,1,-1.7661490138676743
2280,0,1.0024159936736068,0,1.1902501475502383
2281,1,1.2177377561797997,0,6.651101810989005
2282,0,-0.09905097319671911,0,2.365854765373469
2283,0,-1.6718066838028784,1,0.18896354901513046
2284,0,-1.2533314018501007,0,3.4014631878338095
2285,0,0.30594847947073417,1,0.2765370535674627
2286,1,0.09426251555830123,0,4.826983274796521
2287,0,0.12952313391610265,0,1.7258160129828068
2288,1,1.2877586745586733,0,2.361073964089394
2289,1,0.6865037070764952,1,2.56924957843393
2290,1,1.0669618280044277,1,4.293524576156718
2291,0,0.3071321977294322,1,-0.5697771364380773
2292,0,-0.46558125482515733,1,0.8520313385117639
2293,0,-2.418994837814323,1,-2.032405418379459
2294,1,0.5950405888093961,1,6.3682544702745245
2295,0,-0.4065808052083918,0,0.8001186102154056
2296,0,0.7944259214192184,0,-1.7000115645764187
2297,0,-1.1390063701744002,0,2.1415038181712114
2298,0,-1.2104629490646768,1,-2.2798758200712608
2299,1,2.4180260686421873,1,7.072141584595213
2300,0,-0.025493593143133552,0,-0.6752853213943255
2301,1,-0.8602639275638981,1,0.5200742216286871
2302,1,0.17211154653591001,1,0.24707143528816022
2303,1,0.196258043823829,0,0.08077914599535951
2304,0,0.05351560069281572,0,-0.40775992865944355
2305,1,-0.8654425024100592,0,3.5465931268640274
2306,1,-0.7917033567937725,0,-2.1600705645084703
2307,1,0.127472514542305,1,4.307210568052184
2308,0,0.11895196415666309,1,2.3652627219491547
2309,1,1.0706831479383805,0,2.3673929433516285
2310,1,-0.1155259542038695,1,3.5211575680409712
2311,0,0.06917112390276312,0,-1.3767687228207128
2312,0,0.6237491764319176,1,1.1004592421778154
2313,1,-0.352886554929609,0,1.4739260370989888
2314,0,1.2044980929899838,1,-3.5383872751853764
2315,1,0.0054562590283942095,1,4.160292439736875
2316,0,0.20909419036073187,0,3.0370497656316684
2317,1,-2.234867001893169,1,0.5372516748480904
2318,0,-0.6149754512970154,0,3.3350410789472327
2319,1,0.289370217360705,0,3.4959740446948215
2320,0,0.46479810753535594,0,1.9600950714453858
2321,1,0.7026758332691833,1,5.990532570915201
2322,0,-0.5920207452420749,0,1.0576622858751417
2323,0,-0.7153014560050084,1,0.5068391686461329
2324,1,0.3485786140400892,1,2.771750254804286
2325,1,-0.2629464256663707,1,2.3934245419735474
2326,1,-0.5913887333085307,0,0.6926488390787804
2327,0,-0.6056873936581105,0,0.6562793611789736
2328,1,1.2959512391947738,1,2.3216912618643444
2329,0,-0.29521168970004275,1,0.2698557455617254
2330,1,0.2967914096584518,0,4.473977212055246
2331,1,-0.4923021443895025,1,0.7632653006589118
2332,1,1.9192015930217892,0,3.3015001830076227
2333,0,-0.9062635852917255,1,1.9257486377498039
2334,1,-2.353780395449825,1,2.1168190609713653
2335,1,0.6533809740111961,1,4.160643681613904
2336,1,2.119182467921178,0,4.005746983525847
2337,1,-0.11445017682475782,0,4.144746080472055
2338,1,-0.3339571207130016,0,1.2291925474127394
2339,0,0.22331909482898704,1,-2.275694832580788
2340,0,0.48768806143285426,0,1.037015264936993
2341,0,0.36194014499590915,0,0.8140544217913797
2342,1,0.012746429099979592,1,3.3612101068959346
2343,1,0.1041651369540989,1,0.2833448942134653
2344,1,-0.4722272600167139,1,2.5381506951780333
2345,1,1.5022086522638778,1,5.39356126166763
2346,0,-0.8044361859964534,0,0.23047823833470335
2347,0,-0.6332742870078558,0,0.5492796646806908
2348,0,0.8222731665152905,1,0.3042339223691042
2349,0,-1.763843257848393,1,1.0019029193877333
2350,0,-1.227525155272622,1,1.5063690377357823
2351,0,-1.0281510396131093,0,2.35286321320425
2352,1,0.1824720971203176,0,4.304674168090495
2353,0,-0.07940949759296527,1,0.12264755864453947
2354,1,-0.29616118758298265,1,4.01068512803919
2355,1,0.45363663209608274,1,4.051469764675204
2356,1,-0.2767703064575291,1,4.187169789716079
2357,1,1.6268439646620982,1,5.713186765360062
2358,0,0.5338036867702388,1,1.5939304831994798
2359,0,0.044460759541617635,1,1.8782313141760973
2360,1,-1.2128239089698423,1,1.6355771032085862
2361,1,0.44945419857129165,1,3.442227661957402
2362,1,1.4530501979115575,1,3.51156250432392
2363,0,-0.573130993420708,0,-2.8778556940284377
2364,0,-0.555995916800746,0,0.17309643822331755
2365,0,-0.9372418463891723,0,-1.7964500781558121
2366,1,0.20162184406853897,0,2.2361817147365515
2367,1,-0.007833418456069361,0,5.248692060870964
2368,1,0.22310244490187117,1,4.898571339547044
2369,1,0.6333951147495092,0,3.354876163548271
2370,1,1.0430369516841096,1,3.77238443188735
2371,0,1.018666945406202,0,1.4733057884673895
2372,1,-0.5401494841136442,0,4.94160744490501
2373,1,0.5984898594719287,0,3.9329014968589284
2374,1,2.0263882228232575,1,4.5020209766669055
2375,0,-1.457650425744827,0,2.969903644565864
2376,0,-0.47399539156555015,1,0.8658620818046632
2377,1,1.8857633510989176,0,4.080828163590592
2378,0,-0.32205558732415995,0,1.2577784745651148
2379,1,0.565421579840349,0,0.3690977723102875
2380,0,-0.44777940055121307,0,-1.1860647630854086
2381,1,0.26555502509932893,0,1.380933488913624
2382,1,-0.4849789933157775,1,3.3794947983079933
2383,1,-0.7526759552939989,1,3.7194371432271702
2384,0,-1.1000643124353233,0,1.9534205483558509
2385,0,-0.1000840623899357,1,1.4385566648070103
2386,1,-0.07383683175816098,0,3.5512275935946125
2387,1,0.4035726032456344,1,1.0979413628243182
2388,1,0.685128631959911,1,2.2544501630264477
2389,0,-0.6582573865138273,0,-0.8730911563480902
2390,1,-0.8894686643590202,1,2.8311416848784683
2391,1,1.5514861812123668,0,2.8523591148517706
2392,0,0.643795411847469,0,0.8068550655816973
2393,0,-0.6944663185958164,0,-1.967481564838803
2394,1,0.7654868755909581,0,2.5729026959124637
2395,0,-0.48094733108569615,1,0.12707672224985778
2396,1,-0.9599735264813285,1,1.9125906426336974
2397,0,-1.4805339926304932,1,-3.1467533193077135
2398,0,-1.9548098918198424,0,-0.24792670127275906
2399,1,1.489506518295342,1,4.740803165459743
2400,1,-1.0059713530639365,0,1.29522800989454
2401,0,-1.5913465891125749,1,-3.0055063670406956
2402,1,-0.36510600054380493,1,2.694717309504316
2403,1,0.8326214456472052,1,3.9663147356246595
2404,1,-0.5938928810083999,0,2.0046691439364066
2405,0,-1.13272516599928,0,-0.622075970234104
2406,0,0.5021872654855822,1,-0.23603665289275838
2407,1,1.6986140916661323,0,3.3280764989142426
2408,1,0.3353700567439671,1,3.2614803187010306
2409,0,1.3791904262447934,1,3.0092599473362207
2410,1,-0.1357647419831199,1,4.2820211410815885
2411,1,-0.8779488242799633,0,3.7278292904563015
2412,1,1.2234769412953435,0,1.8074799030587596
2413,0,-1.7366201740008165,1,1.5861485452461692
2414,1,1.0925586573116164,0,0.40694922136756984
2415,0,0.12049966926950799,0,-0.8257305523943493
2416,0,0.10598430616548463,1,-0.23644044870692882
2417,0,-0.9836584581127732,0,-1.7743537939427085
2418,0,-0.5958162469269488,0,1.4670654773631118
2419,0,-0.9282461559440135,0,-0.7856082322261593
2420,1,-0.49442122428831675,0,4.872407978677838
2421,0,0.2583717442116364,1,-0.24315224717377137
2422,1,0.08183771564570684,1,0.947814119280847
2423,1,0.9001204882449808,0,-0.4786426271398101
2424,1,0.37022792088793266,0,0.34454103598193253
2425,1,-0.1609611418907635,0,3.3949673676455294
2426,1,-0.022485881963530886,1,3.2680854920565796
2427,0,-0.5251257068721242,0,1.2282173243217704
2428,1,1.1968812509139748,0,3.5232285236673886
2429,0,-0.8401878511544094,0,2.6043422903954196
2430,0,0.6498055280966367,0,2.135725444828025
2431,0,-0.269590621304874,0,1.2122563582563493
2432,0,-1.3548970858877003,0,-1.8541762329273621
2433,1,-1.1231318011286442,0,0.6359326637213445
2434,1,0.29956084982750186,0,2.290211681729507
2435,1,-0.27554736868867086,1,0.14745103311418817
2436,0,0.20496336539002802,1,-1.4820072681275138
2437,0,0.5061205019818411,1,-1.5023638243134698
2438,0,-0.2893453688140843,0,-0.09294732281292761
2439,0,-1.3261381924482927,0,-0.6776667525733086
2440,1,0.6068202318418539,1,5.754180602955634
2441,1,0.49418185549425087,0,1.4305528225771433
2442,1,-0.14931656757278133,1,5.0906094187385245
2443,1,-0.25754929712078534,0,3.398987225951993
2444,0,-2.341873880702651,1,2.4751732856934305
2445,0,-0.8071066166343354,1,1.058135972775034
2446,1,-0.7946058794858961,0,3.693991113340516
2447,0,-0.7882172991377498,0,0.29143915370470674
2448,1,-0.34720527761732817,1,2.838017144148619
2449,1,-1.5044239523929284,1,1.3377565799844504
2450,1,1.4166769953971237,0,1.8261723253516267
2451,0,0.9540633591691601,1,1.725678957532541
2452,1,0.8579197308998927,1,4.522718524434772
2453,1,-1.0465391082809978,0,2.0601260461792634
2454,1,1.13191580145702,0,4.362496649043343
2455,1,1.8161963363243248,0,4.937973453257342
2456,0,-0.21072419982172613,0,-4.440843088320433
2457,1,-0.4397790177426963,1,0.9709136025778882
2458,1,0.5989555783960964,0,2.2725485144513238
2459,1,0.1656210778089759,0,2.27531088955357
2460,0,-1.6811857620975592,0,-2.125396827336294
2461,0,-0.6755907743113478,0,-0.15004699127952437
2462,1,1.3955725138087482,1,1.967417431526316
2463,0,-0.2939297449692387,1,1.277822597273498
2464,1,-1.1792900974333709,1,2.3177836548214663
2465,0,-1.4997710771181658,1,-0.2979125676781288
2466,1,1.1673912749314321,0,5.816958388917842
2467,0,0.16737951655656458,0,0.49143271852383696
2468,0,-0.7360137649922663,1,2.8057521594897983
2469,1,-0.227023465281749,0,1.2196019448206648
2470,0,-1.7184701200544155,0,-3.528801017831314
2471,0,0.5192856449756539,0,0.0033338846094973507
2472,1,-1.2346823825438293,1,2.112111501894746
2473,0,-0.37127583436961176,0,2.5983039619714843
2474,0,-0.3512205407432511,1,0.0065001838256351085
2475,0,-0.04890412484469818,0,-0.546993525395619
2476,1,0.9745926681992325,1,6.464084951921895
2477,1,0.855631456421276,0,4.598327188045112
2478,0,1.1548889006170333,0,0.7719713638867935
2479,0,-0.9750626480680048,0,-0.2972937997612637
2480,1,0.3896032004267637,1,3.0786515316771794
2481,0,-0.10816708863746659,0,1.716685893586739
2482,1,-1.3652083232677084,0,2.8414796708776313
2483,1,1.1494584683114764,0,1.6893160729750296
2484,0,-1.8193730123516232,0,-1.2542873029249857
2485,1,0.3392801200952066,1,2.7439904357669413
2486,1,0.9298480567610435,1,1.093478561604979
2487,1,-0.6819096661359724,1,3.3342974790982356
2488,1,1.2484908190827706,1,5.567593086453053
2489,0,0.22374575843590214,0,3.464546739394663
2490,1,1.4503980374343732,1,3.3359129082104673
2491,0,0.5378185378180771,1,-1.7263945336477189
2492,1,-0.13451912161476393,1,3.008718374622869
2493,1,0.5506535790023961,1,3.2660199332089257
2494,0,-2.2984679705069677,1,-0.6742538164011274
2495,1,-0.4326136036426993,1,2.0642627053171814
2496,1,0.14618060654864548,0,3.1098488495328223
2497,0,-2.4296091206834114,0,-1.7642083135337847
2498,0,-0.6050392362830149,1,2.134338857993818
2499,0,-2.0288142355108527,0,0.8453540820372507
2500,1,0.6875413380853114,0,3.2908945529743514
2501,1,-0.7858624532656876,0,2.6644311351874377
2502,1,3.3111592482823435,0,2.2518868820083076
2503,0,-1.1100467606476512,1,-0.7371217609855716
2504,0,0.15679375424471062,0,2.238876516605992
2505,0,1.6974238210167905,1,0.2525446776705509
2506,1,-0.5852403066243961,1,3.994847567212013
2507,1,-1.0715439241735196,1,1.1904051074629955
2508,1,0.2676427658883553,1,2.949412251072235
2509,1,-1.5630770316567173,0,1.4408038951347486
2510,1,1.6752495435385413,0,5.590682853206005
2511,1,0.16056390314332258,1,3.8994692260307273
2512,1,0.8725436719068203,1,2.649179359527973
2513,0,-0.7647707324629754,0,-0.5198405217059043
2514,1,0.1007771640407099,0,1.658295830594737
2515,0,-0.21976293240337014,1,1.02012990684881
2516,1,1.0295262493465172,1,4.4792786252619035
2517,1,0.34177246852221765,0,2.119185602719158
2518,0,-0.022104175473020838,0,1.5495527340890418
2519,0,-1.234606673756441,0,0.4643721915652884
2520,0,0.22838707441253242,1,2.094355652346657
2521,1,0.47559788904287903,1,4.625935636650141
2522,1,0.9931609923138213,1,1.8077949934396615
2523,1,1.380391896497457,0,4.152228566905922
2524,0,-1.3560402175917863,1,1.25357935866053
2525,1,1.9763877099804181,0,3.229087951014088
2526,0,-1.2480784204790933,1,2.332240099024086
2527,0,1.800054741127936,0,3.586444350636694
2528,1,0.589412517723996,0,2.4973146047472303
2529,1,-1.2036908673940228,1,3.4563254130638685
2530,0,0.3845018531342033,0,0.40650563683812163
2531,0,0.43914066233898424,0,-1.3896282578354673
2532,0,0.2460842257665867,1,1.2932882859647468
2533,0,1.1288401608344718,0,3.1803744975969286
2534,1,0.8569794098289332,0,2.932110325959536
2535,1,-0.22985510898399278,1,2.3319548712367717
2536,1,-1.5917232874789353,0,0.46494459620429684
2537,1,2.2908168494713266,1,2.958033694800197
2538,1,-0.36290125324561545,1,4.6215209466464975
2539,1,-0.6886597028384467,0,2.988481600486348
2540,1,1.2923967698998975,0,7.106406232954821
2541,1,-0.23072652696539406,1,1.7910170666974863
2542,1,1.0194075129991773,1,1.6437896358369577
2543,0,-1.2585393808328331,0,2.7605974971759766
2544,1,-0.38595751834504805,0,0.8000798044405997
2545,0,1.9764812961756861,0,2.518545486108527
2546,0,-0.3123662996321154,0,0.8585371216465082
2547,1,0.05001781659612897,1,2.3698582310693537
2548,0,-1.1618363848006197,0,-0.8378658117352681
2549,0,-0.06092212321124975,0,0.7071691150245004
2550,1,1.0090241635239041,0,3.809221651360841
2551,0,-0.45947698336776055,0,-0.40036505160790004
2552,1,0.8574499921879438,1,1.2471548275784943
2553,1,0.526195994694464,1,5.5201239964967375
2554,1,0.6714370055873622,1,2.8586192115026323
2555,1,0.16909116252555434,0,3.414228847109764
2556,1,0.07344473627648146,1,3.608043994770952
2557,1,-0.971217742341249,0,-2.5809800425088314
2558,1,-0.6599989644858919,1,3.1224681221775996
2559,0,-1.3038061982214162,1,-0.5843961801504116
2560,1,0.420508643616954,1,1.5818962269130588
2561,0,-1.317669499006983,0,-0.16326355646594892
2562,1,2.100658940512345,1,4.607296781469444
2563,1,0.9766766799093891,0,2.6802019306734035
2564,1,1.2881345263308197,1,4.640945714416143
2565,1,0.4005589199203709,1,4.4969045577964
2566,1,0.04848548843793444,1,4.547136553467547
2567,1,-0.4090418701900375,0,3.424382348930032
2568,0,-1.4387569959940603,0,-3.6182558678080254
2569,1,0.8857935679436945,1,3.219513446764373
2570,0,-1.4986075393812168,1,-4.757634859832367
2571,1,-0.30440254661902694,0,1.7928802186934432
2572,1,0.0581375164537542,0,3.4815597943257868
2573,0,0.39016190551726865,0,0.5914833509326207
2574,1,-1.1966443682146786,1,0.05199019143344619
2575,0,-1.239236688904566,1,0.8497026543716386
2576,1,0.4322877132862112,0,2.0665411452749045
2577,0,-0.7358367306120179,0,-1.0184069667325317
2578,1,0.09383279457940623,0,6.221334848721962
2579,0,-0.5274463127541819,1,-0.015479180499414158
2580,1,-0.5923189822345714,1,2.773945195463834
2581,1,-0.5266828407033338,0,1.3695174526920084
2582,0,-0.1322510377074956,0,1.4252593503040036
2583,0,-0.17178218712314808,1,0.6182823875710004
2584,0,0.8904098996675616,0,1.1785496884300872
2585,0,-0.7701207537472758,0,0.21712153830778913
2586,1,1.226584765211949,0,4.618313762343265
2587,1,0.6461199078441806,1,3.2389971322982882
2588,0,0.5145720091431016,1,0.568484242810434
2589,0,-0.6092164103527288,1,-0.21381276699342588
2590,0,-0.5555233359969627,1,0.8397672999249219
2591,1,-0.5385770782244502,1,0.7942766625648229
2592,0,0.035330708213515735,0,1.5973668469171594
2593,1,0.2835002997761032,0,4.677736470857135
2594,0,0.1881575319558162,1,-0.47542807703037704
2595,0,0.3110104670033618,0,-2.9587951308252194
2596,0,-0.4249736385403721,0,-0.6588614289085728
2597,0,-0.9324330809117548,0,-0.05846564902549434
2598,1,0.6521512436407004,1,5.493078419493037
2599,0,-0.7300350117036795,0,0.7741894805690221
2600,1,0.3048506967993723,1,4.708766460434159
2601,1,-1.7509556589887776,1,-0.36447416997428883
2602,0,-1.6811610204040879,1,-1.5602383973771456
2603,0,-0.39923661498272756,1,0.4454226059161602
2604,1,-0.29410154190914595,1,0.9047004637012196
2605,0,-1.0779142964681716,1,-0.3661651478517288
2606,1,-0.14382917076065935,1,3.1021439976837177
2607,1,-0.8388170870479233,0,2.0015678013666705
2608,0,-0.3970797644173048,1,3.151534108187038
2609,1,0.5392282794730962,0,1.3758059815613626
2610,0,-0.11529023110209327,1,-0.46487339042071785
2611,1,1.3480100571948088,1,2.1330541632196907
2612,1,0.3451992493784088,1,1.5831007648863604
2613,1,-1.5792784641389364,1,2.062897881441595
2614,0,0.5030339563648645,0,-2.6576218446143063
2615,1,1.8232877047457217,0,3.9010120245456275
2616,1,-0.4727071014236043,1,5.127240042039887
2617,1,-0.06289937509438448,0,1.5287791152860268
2618,0,-0.9058072422770004,1,-0.6129654497118877
2619,1,0.3867297123123224,0,-0.22888156458916997
2620,1,1.7180888888096906,0,3.346021380726907
2621,1,-0.27243746778780525,1,3.406658207264501
2622,0,-0.6399124211892275,0,0.641463409074937
2623,0,1.469883095920256,1,1.3673534527289266
2624,0,-2.0854830498065273,0,-0.37267643012468094
2625,0,-0.34227590895900845,1,1.7331216381256316
2626,0,1.036580737887762,0,0.501868448621128
2627,0,-0.027257905381244032,1,-0.7084182493013752
2628,1,0.7700385189621097,0,3.6322659596897835
2629,1,-0.2744482849622487,0,6.844643511281653
2630,1,0.0054436076808821385,0,3.213688665094045
2631,0,1.4709738530758971,1,-2.100933446037005
2632,1,0.7403069562389112,0,4.7048409230328065
2633,0,-0.9308956584286279,1,-0.9490926966183024
2634,0,-0.5235224053187183,1,0.9350955592708922
2635,0,-0.7164142557438506,0,3.0748058965782286
2636,0,-0.791648308833189,1,-0.614932884936116
2637,1,0.39041951118667845,1,0.5754202916735143
2638,0,0.11746307421795979,0,0.13426124366310987
2639,1,0.09262643550223605,1,2.539915516813489
2640,0,-0.6083306275764238,0,2.189058466855436
2641,1,0.4941330978257769,1,3.2638514811873347
2642,1,-0.35107376478664243,1,1.1304066414218927
2643,0,0.3262618977485093,0,0.013569266229904009
2644,1,-1.714253002071906,1,1.4161962703021005
2645,0,-2.9099441105659896,0,-0.933074700313851
2646,1,1.2853999724708038,1,4.647652420636744
2647,0,0.2261084735524801,0,1.8791676444403813
2648,0,-0.5353844532630226,0,3.855254701610362
2649,1,0.8202768810005,0,2.114941716693295
2650,0,-0.4240258800405475,1,0.3077475061227694
2651,0,-0.05972638902880611,0,-1.002071678518859
2652,0,-0.4736832267635958,0,-3.1631843126569037
2653,1,3.606830726634073,0,3.041779720592448
2654,1,-1.4662132919884008,1,3.907606826696071
2655,0,-1.1663253424911046,0,1.9186171616140564
2656,1,-0.6373280939234847,1,2.0208137647851157
2657,1,-0.1421601816011684,0,2.5352199280099295
2658,0,0.4842657819190679,0,-0.9492952598410287
2659,0,-0.13455533047979465,0,0.44740806179650183
2660,1,1.422684890833785,0,4.483431872573648
2661,0,1.0703830898119084,1,2.179488620213077
2662,0,-1.4827289474656757,0,-1.318233337214548
2663,1,0.25247292238753555,0,3.9834283705312825
2664,0,1.4006434614524592,0,1.875196987016955
2665,0,0.10225754703386626,0,0.467799816177375
2666,0,-0.6060073884664177,1,-0.26771907932421124
2667,1,0.5472732706781844,0,2.7994916766568165
2668,0,-0.8460692890978148,1,-1.540250265338389
2669,1,0.04731089954042243,1,3.2786412684416337
2670,0,0.35576776062970045,1,-0.8985567740390643
2671,1,1.1572292832157234,0,4.78854478027439
2672,0,-0.03716256965084353,0,-1.7215498442294683
2673,1,0.2617439312825187,0,1.0763506748049572
2674,1,0.47228635290961496,1,3.5964370700211092
2675,1,-0.5756347841076214,1,0.9257974173411463
2676,0,-0.8181371084837343,1,2.3768744944249334
2677,1,-0.6213075807117187,0,4.5761737275787215
2678,0,0.49564271432711154,1,3.3981616515765243
2679,0,-1.4615055544045668,1,0.28449517767359006
2680,0,-0.8311162682685947,1,-2.1066321384378996
2681,1,0.658014673367286,1,0.9370428285220704
2682,1,2.0036293677849284,0,5.5077077044943135
2683,0,-0.8744606112936157,1,-1.8947720768022054
2684,1,0.881467961323351,0,2.5510027571270806
2685,1,1.3896856483599083,1,3.5560720346635883
2686,1,0.31330649964639384,0,2.583327219150079
2687,0,0.4555233730518373,0,-0.4009560985816436
2688,1,-0.9213229107862808,0,1.2706015132234079
2689,1,-0.06279306021855867,0,6.818689868182583
2690,1,-0.03878671962491995,0,2.326605690166508
2691,0,-0.4887703560368238,1,-0.8563473387504963
2692,1,1.001146422827238,1,3.6805584281715467
2693,0,-1.3598844375160752,0,1.024846124727582
2694,0,0.47880182668275567,1,0.9637181614098353
2695,0,0.5920207865042154,0,-0.682095509972995
2696,1,0.41428635968353533,1,2.5726903162120776
2697,1,-0.6977875560473097,0,3.2111365889907018
2698,1,1.723019078713841,0,7.00543110637935
2699,0,-1.1680587749832918,1,-1.3990822029978676
2700,0,-1.7388297084803053,1,-1.5154323930576703
2701,1,0.5807970029600376,0,2.617618635545715
2702,0,0.400127823766061,0,1.0987824442097798
2703,1,2.7659998918010245,1,5.859102044239606
2704,1,0.1876060451181802,0,2.755302969173571
2705,0,-1.3849994401395607,0,1.5935580733679946
2706,0,-1.4708838235394237,1,1.0593882305069615
2707,1,-0.8651980986360188,1,2.2854294473622576
2708,1,1.1434595304867052,0,4.347504642594512
2709,0,1.3567319252692105,0,-0.8500100843403535
2710,1,1.3209249005735475,1,1.352676908696767
2711,1,0.731950444759783,0,5.448676450636267
2712,0,-1.8907807170786823,1,1.0970045140393385
2713,1,1.2372546495821481,1,3.101609896810147
2714,1,-1.3029044908980492,1,4.51852840564218
2715,0,-3.042219169397575,0,-2.0000360817273846
2716,0,1.1997498665713813,0,1.6128149494011812
2717,1,-1.8460593140568762,1,3.035258843936988
2718,1,0.759358917414624,0,2.519565319448322
2719,1,0.707824765936852,0,4.131121295151806
2720,1,0.9100840665858175,0,3.3873418301325837
2721,0,-1.3297015133713324,0,0.733264730274704
2722,1,0.256907193730657,1,2.9039792388958574
2723,1,-0.06450966306351845,0,2.0240377581176388
2724,0,-0.9582575583021044,0,0.4996101610288306
2725,0,-1.0451010312197027,1,-2.0631944527153574
2726,1,0.16716255179851366,0,-0.655935395058951
2727,1,1.1719743476544762,0,2.1209101536353683
2728,0,-0.11482483145101618,1,-0.32417252086360415
2729,1,0.33358612922073205,0,2.751494452004107
2730,1,0.3173141122254141,0,1.7381411557091777
2731,0,-0.02830413936414442,0,0.3996269935755139
2732,0,-1.3298089673144715,0,3.2943997655121153
2733,1,-0.03656550127620541,1,1.2502392879533812
2734,0,-1.5229325927011645,1,-0.9764472297808107
2735,1,1.8542618475787287,1,2.4247974325586927
2736,0,-0.6207732565198654,1,-0.1159193364815766
2737,0,0.48265645826871095,0,4.47537519093207
2738,0,-0.19072385454839663,0,1.3429838971823087
2739,0,1.2004403195949012,0,0.10195480596760359
2740,0,-0.37166706761362245,1,0.9444570550761247
2741,1,-0.5262423064301727,0,5.013278673858482
2742,1,-0.05408184071926976,0,3.120850312721862
2743,1,-0.5698226320849169,1,0.6357264647112727
2744,0,-0.7211994990011389,0,-0.3738673153893386
2745,0,-1.3948155343200472,0,0.011370750497010862
2746,0,-0.4107322808294051,1,0.3110258662030706
2747,1,-0.24935022100635026,0,2.12425325606811
2748,1,-0.7052792455138598,0,1.2637560011133842
2749,1,-0.008211500999467485,0,3.1951109975649397
2750,0,1.1273635023512572,0,1.4662597117488199
2751,1,-0.03196425399422855,0,1.435319981507741
2752,0,-1.4808770230717794,1,0.7213083885556767
2753,1,0.6174604803357615,1,0.9748280559611955
2754,1,2.497670463939808,0,5.282070363154142
2755,0,1.7288275439143401,0,-0.7812699309642853
2756,0,-0.24408430303060646,0,-0.10274380667321378
2757,0,0.14989260071435606,0,-0.8942555848731237
2758,1,0.12600253611242385,0,0.7829208349860058
2759,1,-0.0987267658306139,0,2.639940872766556
2760,1,-0.12346118384174296,1,1.3512999988686407
2761,1,-0.19031673015251258,1,1.0392454342747892
2762,0,-0.8041080267041044,0,0.4045663649620719
2763,1,0.5291090702385891,1,1.6775187404118368
2764,0,-0.20372426582613504,1,0.5107296803581889
2765,1,0.014837052467815033,1,0.3033713339757148
2766,0,-0.548237063331356,0,1.7651299638881743
2767,0,-1.8611009165647492,0,-0.34242937445990806
2768,0,-1.132435724169509,1,1.0410174112246298
2769,1,-0.27837235044716424,0,-0.16168374476263336
2770,1,0.10048670139820669,1,0.5346580943961088
2771,0,-0.6495968521049102,0,1.1586910125379324
2772,1,0.8778628824037887,0,2.7723858847616443
2773,1,-0.27531779263511735,0,3.8070231118332787
2774,1,0.2797688051179727,0,4.249633087281084
2775,1,1.1547914122289538,1,3.6803490194495287
2776,0,-0.0764035206536589,1,-1.8029349491856905
2777,1,-0.08312938188279699,0,0.32088838980827017
2778,1,0.5134522898691171,1,-0.13684435239662163
2779,1,0.33897483704363973,0,2.4083586815890365
2780,0,-1.6395306652051087,0,0.1723747230949011
2781,1,0.8623272037380556,1,2.6429939148694053
2782,1,-0.7495189819161087,0,1.473430203336334
2783,1,-0.16033937782744712,0,4.833111413716018
2784,1,0.5967073757590827,0,3.204310217986504
2785,1,-1.375267620304358,1,-0.9606404122202696
2786,0,0.30309109534435275,0,-1.1649073161711794
2787,0,-1.1109506263839417,0,-1.7371206538314217
2788,0,1.056159971074255,0,-1.095542855072945
2789,1,1.3806278886444454,1,4.030329081843859
2790,1,0.7099667262658316,0,2.63091306903351
2791,0,-1.1563409049379303,0,-1.39771529143098
2792,1,-0.21216594364376604,1,3.6194873754905164
2793,0,1.6421734955787823,0,2.9853811421184844
2794,0,-1.3135361847186486,1,-1.8517417919915167
2795,1,0.3553619802403216,0,4.788893976310286
2796,1,-0.6374736742424261,1,1.7732045121487854
2797,1,0.49887213660093455,0,2.439418795694799
2798,1,0.8939027832934308,1,2.9098849646555403
2799,0,-0.6021834787140882,0,1.6101910225050913
2800,0,-0.3988753707360235,1,-2.7976174135258596
2801,1,-0.5981565016251226,0,0.9953419010084188
2802,1,0.7277484867393519,1,3.5724408165286423
2803,1,1.601514197277933,0,1.3633497555789864
2804,0,0.5777373318173535,0,2.5664748269960973
2805,1,0.044530668290874986,0,2.4934948048033645
2806,0,-1.745782077220702,0,0.535128876208933
2807,0,-1.7481137829916138,0,0.2859839631053642
2808,0,-1.8465239638614963,0,-0.028977533505937847
2809,1,0.1643522836939236,0,0.9287379971106903
2810,0,-0.2059352470389932,1,1.0705388157775915
2811,1,1.9253810658645882,1,3.74152670169702
2812,1,1.7173478015176122,0,3.688073781971316
2813,0,0.6835847473134287,0,1.0615027948244953
2814,0,-0.4523086304578509,0,1.6673619071112862
2815,1,-0.6170271758338255,1,2.6057043492729197
2816,1,-1.330822869700065,1,0.9300816603556592
2817,0,-0.8020834377418242,0,3.4169111794001266
2818,1,0.6247142643742795,0,2.3436104099412955
2819,1,-1.0094041771338171,0,0.5403781383845065
2820,1,0.10535883328121305,0,5.506711593289719
2821,0,0.2599790009407154,0,4.075186584531876
2822,1,-0.38442453389348363,0,3.553587990989569
2823,1,1.8731761085285776,1,5.952489165913229
2824,1,1.8918302192139322,0,7.495046336947247
2825,0,-0.24689650131012883,0,-1.2255543233507364
2826,1,0.31545178700866927,1,5.8667426440756625
2827,0,-0.6686116182594681,0,3.0326111434226055
2828,0,0.3173118964455531,0,-0.5436236523948281
2829,1,-0.06315130879293832,0,1.0997269036178585
2830,0,-0.7286595072280426,1,-2.3370890812156127
2831,1,0.2783876561310894,0,0.31837335789246834
2832,1,1.0854665923450055,1,3.3457146309661634
2833,1,1.1475905989704906,1,4.2042375839157256
2834,0,-0.8883218782809501,1,-1.9410002468301242
2835,0,0.23702314055052828,0,-0.36282077319963363
2836,0,0.7424418806818615,1,1.2532688327454047
2837,0,0.0060066169397204015,1,2.2574330734596653
2838,1,0.2809364806688643,1,0.7640122194354767
2839,0,-0.936772106038701,1,1.1901559258287437
2840,1,2.4804928114048486,0,6.258959289487863
2841,1,-1.147318881102852,0,-0.17631530724862987
2842,1,-0.33727577712959067,1,1.544775100515001
2843,0,-0.9885662952372747,1,-1.7706212681673315
2844,0,0.846625742918967,0,3.432784946626644
2845,0,2.4925872966686082,1,2.2167443092191776
2846,1,-0.9680523714467464,0,1.2048245460240936
2847,1,1.837630091391623,0,3.0302471581461976
2848,0,-0.7955375971206322,1,2.4639207647543024
2849,1,0.7961112956038853,0,3.4897964025139667
2850,0,-0.5312778801132476,1,-0.019094183511530693
2851,1,1.064987711550874,0,1.1584388877424594
2852,0,-0.22357136684655982,0,1.5045727550071484
2853,0,0.40468773027725136,1,2.9419307460856388
2854,0,-0.14382242619447805,0,4.964338688150903
2855,0,0.15098643415444532,0,-0.3456704778508016
2856,0,-2.3185122385790535,0,-0.17533523595672534
2857,0,1.4442146912881573,1,-1.8192550607111513
2858,0,0.29516942979791794,0,0.6093536282559705
2859,0,-0.12789727709685209,0,1.3398210021050272
2860,1,0.5568091231943323,0,3.0947480293532155
2861,0,-2.060424362503277,0,0.29230105551387275
2862,1,1.7371131134461746,0,3.7651152160486934
2863,0,-0.8878960676295106,1,-0.5227731324218582
2864,0,1.5404077220175016,0,-0.4103075045563336
2865,1,0.3988415136588065,0,6.162634021233822
2866,0,-0.09788116254750664,0,-1.882546607785994
2867,1,1.719630993940212,0,4.763984251308122
2868,1,0.7144649037255764,0,0.9496992305610701
2869,1,2.5147249422346527,1,3.463785330347724
2870,0,-0.08854372228692785,1,-3.0350010182151186
2871,0,0.2830619317835874,1,0.7674754046009105
2872,1,1.2038176427102303,1,3.049906270374497
2873,1,0.06554659229871969,1,0.46937617085369276
2874,0,-1.6789936630242486,0,1.99928769400249
2875,0,0.06931766981409698,0,-2.979503524108208
2876,1,0.47310872626375405,1,6.092801657106448
2877,0,-0.8769014805312647,1,-2.468269405962254
2878,0,0.30045375924904266,0,-0.9507217779086381
2879,0,-1.4260799499635468,0,2.714527971912036
2880,1,1.5092075526524051,0,3.9846066675669727
2881,0,-2.2743229018141635,0,-0.8814056718114245
2882,0,-0.32544369381934457,0,-3.5618897938586485
2883,0,-0.717552645070057,0,1.0952088333672507
2884,0,-1.4581523742661133,0,-2.4171741413382115
2885,0,-0.831925594388107,1,2.401650324128536
2886,1,0.9321772737944546,1,2.9475475294284794
2887,0,-1.0394297369008065,1,-0.5063763634154689
2888,1,0.810487901558439,1,3.6227070439142173
2889,0,-0.8699932616315317,0,-0.19892437577502164
2890,0,0.014198468453948478,0,1.5754788618043722
2891,1,0.13678578210621273,1,2.6720823932313014
2892,1,2.170512063411995,1,3.947818011127297
2893,1,0.0017034845399746142,1,4.376969574552741
2894,0,0.07566420412190247,0,0.7598687394839774
2895,1,2.1740874200678677,0,0.4795159128859088
2896,0,0.2411687491660104,0,-0.754578383152313
2897,1,0.7167381911274819,1,0.7064956493073464
2898,1,-0.041021874819510175,0,3.146366729826587
2899,0,-0.6857582705930071,0,-0.2619100107485575
2900,0,-1.1951915394579076,1,0.1778345051309911
2901,0,-1.1642550266543428,0,-1.1982107241443636
2902,1,1.8076111517412037,0,2.2713470472062642
2903,1,-0.9985094546750102,1,2.452407543495824
2904,0,-1.8445113681109364,1,1.0165387546942164
2905,1,-1.6530476816447282,1,1.5113961048534714
2906,1,0.8968125443600056,1,2.869479503337069
2907,0,0.5034261672755779,1,-2.083838317769967
2908,0,1.4026948804290236,0,3.1798423113969756
2909,0,-0.8199764513491696,0,0.9818368459549136
2910,0,-0.009532869725142739,0,-0.5829292698136161
2911,0,-1.8429633762555033,0,0.10804998516684
2912,0,-0.18044972615516602,0,-0.0781732873127855
2913,0,0.09768142082865161,0,-1.338389791051373
2914,1,-1.3582060054318235,0,1.5220119353132613
2915,1,-0.1841849839676825,1,0.442990327338854
2916,1,1.6614796760592758,1,1.7925509196467142
2917,0,-1.8180990830186283,0,1.80745154680062
2918,0,0.20651763883812058,0,0.5301032247028583
2919,1,0.8697493112800596,0,0.804000849105809
2920,1,-1.7579835418308236,1,1.746046305967248
2921,1,1.076642676914689,0,2.32448908123789
2922,0,0.8901944990482662,0,-1.7890453144097054
2923,0,1.2970484034213545,0,0.10528815873511799
2924,1,-0.1304872401220122,1,3.1891928978320534
2925,0,-0.8465913586104526,0,-0.8231704200389498
2926,1,-0.04163199797659406,0,1.6514802329551879
2927,1,1.5001114410086414,1,6.637304033308321
2928,1,-0.5998939617331257,1,1.8211176040876875
2929,1,1.1106623966673828,0,2.6243682618450626
2930,0,-2.09181215518532,0,-4.037002538816768
2931,0,-0.9475412489213236,1,-1.622791778033235
2932,0,0.7228417859209391,1,0.6170184869576594
2933,1,-1.1935032517319266,0,0.6613519789814157
2934,1,1.1129453097379682,1,1.2706493932868863
2935,1,0.7548380190364852,0,3.546484107837128
2936,1,0.7698705257050846,1,2.4699781868539494
2937,0,-2.31352429336138,1,0.6065701683571771
2938,1,2.0564573550625993,0,1.6724526778896265
2939,0,0.31591462393696473,0,-2.230030451257514
2940,0,0.2313063913836559,0,3.4803011504885184
2941,0,-0.6020643133602527,1,0.09227831669421416
2942,0,-1.844710983716119,0,0.4313438890963606
2943,0,-0.8820239573226312,0,-0.780893996525069
2944,0,-0.29413373422550554,1,3.230287939541548
2945,1,-0.21490876928158378,1,4.025985671636703
2946,0,0.7358747020547893,0,0.1645711526101048
2947,1,-0.08000192475211527,1,-0.4294995257302583
2948,1,-0.14262004457941796,1,4.202476386097175
2949,0,0.28351362532911933,0,3.1478915840945625
2950,0,0.5253767376387324,0,0.5840984946096136
2951,1,0.418631611236482,0,3.4621966781879054
2952,0,0.6377070750445328,0,-0.6480005639599726
2953,0,0.5428668447176467,1,0.4600836620100382
2954,0,0.26515305039251963,1,2.335844103415371
2955,1,1.7653791580122586,0,6.196336468400126
2956,1,-0.7612460937909086,0,2.1831590497214615
2957,1,-0.7323403595998845,0,-2.925785674166999
2958,1,0.9433228806936983,0,3.725030081216499
2959,0,-1.6196690828372455,1,0.00010098771458139089
2960,1,-0.01403710256782672,0,0.57626197509555
2961,1,2.1871870675540745,1,2.558522435239163
2962,1,1.019372282983797,1,5.1536586237303
2963,1,2.2031699064130446,0,4.854130798969583
2964,1,-0.6034411121401465,0,3.9396095194510248
2965,0,-1.220308096677876,1,-1.9176511822401539
2966,1,0.0031063191059011587,0,1.7829205606702399
2967,0,-0.43464350480707037,1,0.10220437436870355
2968,1,1.2510451231019402,1,0.8896421546346545
2969,0,0.061129901632705215,0,0.709396279867174
2970,0,0.6034046103743494,1,-0.730175356597095
2971,0,-0.1394341310122648,1,0.18854779345357187
2972,0,-0.627050741074024,1,-0.5316259848253475
2973,0,-1.3495205948593074,1,2.0040523312189875
2974,0,0.43757012637085657,0,-0.15105734797754655
2975,0,-0.42517052383552895,0,0.2388045664770102
2976,0,0.6564476965375037,1,-1.801212747407279
2977,0,-0.47234682521604493,0,0.8642913421765949
2978,0,0.2684484435144391,0,1.8809012040232127
2979,0,-1.4266328560494486,0,-1.5655731641588582
2980,0,-0.9356884749248823,0,0.9101724282995859
2981,0,0.23826511702714107,0,-1.8875942268796821
2982,1,0.4397497265446269,0,3.810396722263221
2983,0,-1.6195416812689039,1,-1.1067559178525193
2984,0,1.7678347773535383,0,0.35455786235428116
2985,0,-1.0244011314911377,1,2.2808099201998298
2986,0,-0.24002513727693361,1,2.7940498536327194
2987,1,-0.9677806590445461,0,-0.24455732684466214
2988,0,0.32524516457715774,0,1.4520591780046943
2989,0,0.538273963238899,0,-0.06666561237264967
2990,0,-1.0703353138238836,1,3.7426465928283843
2991,1,0.26149948544551543,1,4.503802618164645
2992,1,-0.37867513188256524,1,-0.3546844507766429
2993,0,1.4219920037027336,0,1.7931280218121735
2994,1,-0.06007742843317483,0,3.355829798786117
2995,1,1.2195859707741752,0,3.610904538718718
2996,1,0.23676631341274618,1,3.2409724051646895
2997,1,0.2886821779613729,1,4.669393866841773
2998,1,0.10710605745140286,1,2.5162188573265976
2999,0,-1.220530120061132,1,0.43950287766117946
3000,0,-0.6549624203134375,0,4.818724869598938
3001,1,-0.5502381353780819,0,4.304574746344954
3002,0,-1.1411894116592827,0,-0.1072290087569231
3003,0,-0.9122667625257673,1,0.9835715964191792
3004,0,-0.8048505022600468,1,2.8798009056211957
3005,1,-0.5533003072636076,0,1.1418899494979784
3006,1,0.012159980291275184,0,3.92747629491872
3007,0,-1.35033513186524,1,-0.025922936008425657
3008,1,-0.1964127069759885,1,2.379201432628342
3009,1,0.3069194228274847,0,1.6566406413284753
3010,1,1.4299836144109306,0,5.061809865673713
3011,1,0.1294699404372414,0,3.439397724244296
3012,1,-0.5165708400123866,1,3.4268546410062886
3013,1,0.7638376976635343,1,5.557039047039855
3014,0,-0.13930286575345052,0,1.9613933112743742
3015,0,-1.6186866640109918,1,-0.3082472892947472
3016,0,0.3483830255051229,0,1.2133902661095561
3017,1,2.490994045526958,1,3.987457427117853
3018,1,1.305463524326423,0,5.792956927073993
3019,1,1.3640295898822796,1,5.478450332538949
3020,1,1.9575026415847758,0,2.357482106764028
3021,0,-0.9449936291076897,0,-2.9086534728832945
3022,0,-0.3903112477236637,1,-0.4761827723834369
3023,1,0.7976269501120742,0,5.680440383890469
3024,0,-0.2570426603350053,0,0.4163275829566484
3025,1,0.1011903275079808,1,0.6926032346009208
3026,1,0.3963695331776785,0,1.0704842557591112
3027,0,-1.2433021303368386,1,-0.8740967856315516
3028,1,-0.7226116103585168,0,0.4283403716002332
3029,0,-1.5239602990716938,0,-2.9031636982940796
3030,1,-1.124575405083106,0,1.402346514927113
3031,1,1.0134488292064574,1,3.1975363034619804
3032,1,1.7678245260425622,1,7.1861500238608995
3033,1,-0.0661478422304639,0,1.8180880537637316
3034,0,0.7004411715428569,1,-0.9204417953755244
3035,1,2.201536516340097,0,2.9840606347608634
3036,0,0.4972389325063505,0,1.2318172322003451
3037,0,-1.4300012409986018,0,1.5561657919653085
3038,0,-2.502311343750991,0,-2.9251879358211816
3039,1,0.7085038327081267,1,2.647781786274179
3040,1,0.30542671431999013,1,6.2592699670392555
3041,1,0.6277640689801933,0,1.3152914707823327
3042,1,0.7590898261473232,1,6.242137036549996
3043,0,-1.3808472139667547,1,-0.04478327148053246
3044,0,-0.9448816329958672,0,0.6502282015155807
3045,0,-0.8051130277575194,1,-2.8537765698192734
3046,0,-1.4708674069628758,0,-2.230889175751362
3047,1,-1.100954487637169,0,3.13764466613335
3048,1,0.8529977749001345,1,3.5098600406352607
3049,0,-1.9394302550451317,0,-3.0904421876307806
3050,1,0.35068659391268414,0,3.62408573264657
3051,0,0.5238669065237282,1,0.4254561827196352
3052,1,1.1225028943176472,1,5.5419450574652505
3053,0,0.07054741632842798,0,0.6593920856992833
3054,1,0.592435372353348,1,3.0874131760880266
3055,0,-1.453051438725313,0,0.44578180395426004
3056,1,-0.8195732212622456,0,-0.3383788396036931
3057,1,-0.7474339289420375,1,0.3271357076847883
3058,1,-2.1830630908842754,1,2.29398011572692
3059,0,0.3206260147584025,0,-0.33154438456012725
3060,0,-0.9148529682409104,1,-1.4136612962093704
3061,0,-1.1235505094251959,0,-0.9804284111023917
3062,1,1.081954662884001,0,3.2336390027485864
3063,1,1.7832764117621414,1,3.8166317369869263
3064,0,0.11579565060275245,1,2.668393901304437
3065,0,0.6134626859575913,1,1.1251244886026734
3066,0,-1.1454029834358592,1,-0.6624121769516217
3067,1,-2.164846565919956,1,1.468000498981615
3068,0,0.6266867743059762,1,-1.1269416424983616
3069,0,-2.0035203288014922,0,-0.13412419838055856
3070,1,0.8675502836256122,1,3.081066040158694
3071,0,-0.07839928212143787,0,0.193295746867846
3072,1,-0.9616016144822609,0,2.8604392278179955
3073,0,-0.14402442576915683,0,-0.5723908593491844
3074,0,-0.6811861298872149,1,4.222484612697504
3075,0,0.12302461790661053,0,0.28046359539391724
3076,0,-0.6946088609844425,0,0.6960430989590047
3077,1,0.13700617946128257,1,1.8177360518616088
3078,0,-0.5100283230930683,1,-0.6659135684008808
3079,0,-0.3602701883199254,1,3.299893269318103
3080,0,0.8186501858969902,1,1.7401671136355006
3081,1,-0.2524905385587552,1,3.65153707751995
3082,1,-0.38057368192498636,1,1.5292055013016697
3083,0,-0.706258746444612,0,0.681770535576391
3084,1,-0.22061119590607797,0,0.21558879006061482
3085,0,-0.692714074643435,1,2.752858098759769
3086,1,1.3997382888273326,0,-0.6646504591676758
3087,1,0.6659614237528919,0,2.0957408932789288
3088,1,1.0055515571195712,1,2.997800407111274
3089,0,-0.23256962939686504,1,0.24768224742653572
3090,0,-1.1881191146049563,1,0.43831206187900007
3091,0,0.05935378741791006,0,1.2950933861232612
3092,0,-1.7385556307661791,1,-2.5081227036727833
3093,1,-0.31115401819614164,1,2.068007377256148
3094,0,0.9248696964342965,0,2.039807407909659
3095,0,0.06789902787592186,0,-0.1570098837212257
3096,1,1.7120881739550722,1,6.157951643552648
3097,1,1.2133814827905756,0,5.985826878808145
3098,1,-0.3526608494729832,1,5.27693088141313
3099,1,-0.9874250185495639,0,-0.10242584204902316
3100,0,-1.8617598405097142,1,-0.6847814767317019
3101,0,0.13016365035445446,0,-2.0798681448120595
3102,1,-0.7295529233418951,1,-0.2523247283959309
3103,1,1.1601223062432275,1,3.9929541639822803
3104,1,0.16868647612049847,0,2.5530656635500986
3105,0,-0.9860056823204952,0,-1.3809143194750015
3106,1,0.0660862004668172,0,6.450180658019456
3107,0,0.09027428352169699,1,0.205983696923734
3108,0,-0.14332122313905185,1,1.1686934115146332
3109,1,1.3617823909514815,0,3.7964237798264007
3110,0,1.3543632127829712,1,2.1562626498203183
3111,0,-2.6276434437199447,0,1.4562861555749058
3112,1,0.25841537410693693,1,1.1030721541214656
3113,1,0.4644773186753073,0,3.7032721620069475
3114,0,-0.14665897696354543,0,2.769292494579905
3115,1,0.30626598273616296,1,1.2205273918955395
3116,1,-0.3118117177092822,1,2.295949060772552
3117,0,-0.29118782549351674,0,2.200484684350914
3118,0,-0.4999503447958735,1,0.17333769831684948
3119,1,-0.18783685603122915,0,1.5803207524349279
3120,0,-0.19165069356503278,1,1.423466625586554
3121,0,0.28682945109400393,1,0.3560420187072115
3122,1,-0.16017823376465343,0,1.9096591710212407
3123,1,-0.3709616559642886,0,5.115899272896737
3124,1,-0.5418206471025561,1,2.034363022258155
3125,1,0.9452210470067535,1,3.2354935813281487
3126,1,0.2657505040661674,1,0.7153181349255171
3127,0,0.908954810374775,1,4.279714757561308
3128,1,0.08028896284439296,0,0.34870485208305113
3129,0,-0.7700087979691209,0,-1.3788752208791777
3130,0,-0.24323023150406445,1,2.6221959617814763
3131,1,-1.2154407430295395,0,3.6213771851273533
3132,0,-0.5194676881724856,0,-0.3869890336311466
3133,1,-1.4603119088651226,0,5.717363602965936
3134,0,-0.40504503147216675,1,2.370520616648582
3135,0,0.9239381392304687,1,3.7732195642418316
3136,0,-1.6920115644508624,0,-0.050919005747405786
3137,0,-0.3300149745291696,1,2.020270672256192
3138,1,2.0814370261668964,1,5.900395594759033
3139,0,-1.5295269677634924,0,1.7635367894576126
3140,1,0.700671096751283,0,4.376364035129907
3141,1,0.9578546318329729,0,1.754433587588461
3142,0,0.8825470266984121,1,4.562679851990916
3143,1,-0.22072367176153307,0,1.9463474133958256
3144,0,-2.033194777906858,1,-0.4977137249583111
3145,1,-0.034046265616649224,1,4.529237358224652
3146,1,0.35307104060317346,1,2.773237417365838
3147,0,0.7889605694019964,0,3.743774166087025
3148,0,0.39719518368514645,0,-0.823528031519921
3149,1,0.4443006792377144,0,3.762663605563577
3150,1,1.1013225677534237,1,5.428437517409156
3151,1,1.4425996191452253,0,6.727242627607399
3152,0,0.7318907796180254,0,-1.0595080170396607
3153,0,0.07057310329127918,0,-2.108301875781044
3154,0,-0.16686611614899657,0,-0.8044476609205892
3155,1,-0.6163466360212789,0,3.357039305177077
3156,1,0.3185903322228168,0,2.0906662338413735
3157,0,-0.9641933873029179,0,2.290159493169253
3158,0,0.4757992805343355,0,-0.49822821704998527
3159,0,-0.10779029721883206,0,2.409990579842683
3160,0,-0.9527134218153154,1,0.01705481342651738
3161,1,1.0582586156711944,0,1.071532643600937
3162,1,-0.44752391357729043,1,4.62635567275838
3163,1,-0.5589412914534532,1,5.134394862313599
3164,0,-0.4443423879869534,0,1.736995522964041
3165,1,-0.681852980398447,0,1.5307326972628874
3166,0,-1.1433532323384166,0,-2.336255407436509
3167,0,-1.0359711750733138,1,-0.059863768984875144
3168,0,-0.0011812518400390645,0,-1.459732425942676
3169,0,0.2306807471438607,1,2.867174638204336
3170,1,-0.6760119215773892,0,-1.0692680600084246
3171,0,1.0524869172281046,0,1.0484567343129203
3172,0,-0.17817401119686552,0,-0.951705822315161
3173,1,0.7217618507608917,0,0.6134298645698738
3174,1,1.151070819910444,1,1.8535942631290219
3175,1,1.8793048620042874,1,5.22632599743926
3176,1,2.033152136682566,1,6.733364006409414
3177,0,-1.6256664616907612,1,0.5559638934016025
3178,0,0.4256066917482799,0,-1.9766316703296205
3179,0,-2.3834226122586966,1,-0.8133484572824539
3180,0,-0.4217253738393678,1,2.5047890599214164
3181,1,1.9228910177998981,1,3.8519817534835066
3182,0,-0.951364922010734,1,-1.96011799332925
3183,1,1.0689229756860128,1,4.287533186113286
3184,1,0.5242721656406024,1,3.5451344699817997
3185,0,-0.0039595691211204345,1,3.0107031526678116
3186,1,1.0388834962902351,1,4.42806365680573
3187,1,0.5556427259535629,0,1.827701408509217
3188,0,-0.4745317733460703,1,0.8398180138325293
3189,0,0.3428453260068034,1,0.46288640705274714
3190,1,0.14608247318504014,0,3.6007778981599787
3191,1,-0.21717318783418305,0,2.477680564491845
3192,1,2.076605964434337,0,2.5634860627345124
3193,0,0.03428301207979214,1,0.43097753405531963
3194,1,-1.5429385226782755,0,3.7540512616780637
3195,0,-0.48433414236299765,0,0.028616971832254152
3196,0,0.3108810955386991,0,1.5715464874647163
3197,0,-0.09599727404121058,1,1.5422106601461698
3198,0,0.03945908122628942,0,0.07284329264781486
3199,0,-1.6041747529400041,1,-0.10683006272646861
3200,1,-0.6182370556417026,0,0.7256255908616697
3201,1,0.9417738953975341,1,4.44840742856197
3202,1,1.909533859217981,1,2.9703186035206333
3203,1,0.35096297564615325,1,1.8340638349282035
3204,0,-0.4124154081014689,1,-0.690397214505702
3205,0,-0.5448030051182055,0,-0.6984961215275943
3206,1,-0.6739764861754254,1,4.175668145526898
3207,1,-0.5915628866172906,0,1.554150064670431
3208,1,0.8730501871601624,0,4.12301757414882
3209,0,0.021197157519389817,0,0.5775191452944836
3210,1,1.1462923356383123,1,4.143566188470823
3211,0,-0.4255266662897659,1,3.195383713562385
3212,1,-0.0991175673708502,0,1.8067539430045367
3213,1,1.298137007347702,1,0.5872056672898223
3214,1,1.2979962476968492,1,3.997027656696086
3215,1,0.4711285080655039,0,1.2547623835397494
3216,0,-0.9432068588856204,0,1.617073493859174
3217,0,-0.38567167700007104,0,-1.1316805239455068
3218,0,-1.487343035548731,0,1.654893159610887
3219,1,3.2846418723036983,0,8.612159983430162
3220,0,0.2060920719569964,0,3.5855321223591643
3221,0,-2.319221549280223,1,0.3000409011631902
3222,1,0.8312483525991671,1,5.149230419854212
3223,0,0.9053391057300454,1,2.3284419283487425
3224,0,0.2440390992924299,0,2.459864977151256
3225,1,-1.1644104946785472,1,2.5728762927962943
3226,1,0.10216596846308218,1,3.7556262599667174
3227,1,1.9235688097515464,0,3.8616809009048136
3228,0,-0.9788581564158072,0,-2.706873720655591
3229,1,0.7968380649759262,1,-0.02411216317063536
3230,1,1.5126384218369742,0,5.860207215196703
3231,0,0.3083542257038716,1,0.012264005469268757
3232,1,0.3698867625280023,0,4.819726165003052
3233,1,0.19676255656650637,0,3.8025016278134878
3234,1,1.4704858839042527,1,4.179777190137502
3235,0,-0.2988546834666868,0,1.446436091727724
3236,1,0.4214428438749192,1,3.689200500811963
3237,1,0.6449810091952074,1,5.583678130920754
3238,0,-1.4175784135974425,0,-2.6470231691331287
3239,0,0.38678409601100616,0,-0.737311033716163
3240,1,0.07410861629252943,0,3.9916355090853632
3241,1,0.5076677447868654,0,5.641214728082037
3242,0,-0.7183163382409209,0,0.6396966653011502
3243,1,0.835771908202074,0,6.281952585026298
3244,1,1.804136039483205,1,2.9314599436219906
3245,1,1.3984795929713172,0,5.6740891177500945
3246,0,1.144686385809135,1,-0.38153499611399977
3247,1,1.9863703157439987,1,4.546827645933529
3248,0,0.7039206061925979,0,2.443789650055372
3249,0,-0.35633151372574806,0,-0.3549832969657908
3250,1,0.7603998259814342,1,2.6062684891042087
3251,1,0.003986865831856225,1,1.8257331592620034
3252,1,-0.3875742078058949,0,3.7176202784614483
3253,0,-0.49020435703118886,1,0.3729699743103435
3254,1,-0.06360094599026074,1,4.264266412820068
3255,1,-0.9622985079991132,1,2.293579331758224
3256,1,0.6562729110686312,0,3.3715775510905166
3257,1,1.6842985146864073,0,3.3703785338425045
3258,1,1.4586893780734873,0,4.149203006755293
3259,0,1.0776390793311572,0,-2.845941135000907
3260,1,1.0309745984485388,0,2.4407980683886477
3261,1,2.2606328983567305,0,-0.8319788658317542
3262,0,-0.05952483006878704,1,2.1851576637306196
3263,1,0.3261220622257242,0,3.7261854615516405
3264,0,0.6121458560735786,0,0.3185918621749232
3265,1,0.5575938991280198,1,6.051872041948992
3266,1,-0.2942925033779395,0,1.4881775961786678
3267,0,1.8664374265875954,1,1.4775160951014146
3268,1,-0.16015433578580698,1,1.9397695294741377
3269,1,1.0226148459832418,0,0.36369032731224094
3270,0,-1.4547508751322713,0,1.3045865323937935
3271,0,-0.6835730855159006,0,-0.2395830969267168
3272,1,-1.7692653236444462,1,1.2268412924495775
3273,1,-1.317920478850463,1,0.8619283152399917
3274,1,-0.27450177077169124,0,3.126048476668421
3275,1,-0.010755141263335223,1,2.03807209628583
3276,1,-0.49106605287450544,1,1.5921102428694558
3277,0,-0.2278525192785895,0,-1.1180255619317523
3278,1,0.01270351394512985,1,5.225808516347768
3279,1,2.0962513827768725,1,6.332230703923814
3280,1,0.25411697321903304,0,3.7658938148854446
3281,0,0.19205309911453772,0,2.1517819887777323
3282,0,0.7436424371736958,0,1.275264487809458
3283,0,-1.6366822958880836,1,2.0217994575065923
3284,0,0.6440342608653596,0,-0.7415239956927713
3285,1,0.4214781357006142,0,1.8200537585539562
3286,0,-0.5384389406319912,0,2.092180096599949
3287,1,1.3840538672690355,0,6.077462275160828
3288,0,-0.7502050661963728,0,1.7026506620694453
3289,1,0.2627725711647923,0,2.6801105510053533
3290,0,-0.03627109340155624,1,1.1342403814888007
3291,1,0.5773546495096276,0,2.405252107104555
3292,0,0.5006023663122556,1,0.17930361031697506
3293,1,0.024862290350786145,0,2.9964799550698
3294,1,2.353287305239712,1,4.995164774857906
3295,1,-0.18896665915995806,1,1.627054676837357
3296,0,-0.217827499920307,0,-0.8060245513933896
3297,0,-0.5683191847527785,0,0.41741944988061924
3298,1,-0.2763161544589518,1,1.6051092771088409
3299,1,-0.47123748825627293,1,2.831174596724061
3300,1,-0.537489833921493,1,5.145467149576469
3301,0,-1.029697637845448,0,0.7585889473331103
3302,0,2.0150874373220558,0,2.125161857679917
3303,1,-0.7519620334443743,0,3.1904470676504673
3304,1,-0.11647309418957591,0,3.9520740310557256
3305,0,-0.14090297199066704,0,2.276679734094422
3306,0,-1.1407019451318627,0,-0.0004758377596787433
3307,1,-0.22279545467634396,0,3.9229631618471896
3308,0,-0.7065364275404303,1,-0.7961814369304372
3309,1,0.12914040581887057,0,3.8659526131983073
3310,0,-0.8802834626701129,1,-1.4834725004553002
3311,0,0.501726077337373,0,-0.2628151137445469
3312,1,-1.4110410207163198,1,1.7213532875911428
3313,1,1.183426368356464,0,0.7429684022831635
3314,1,0.10025652406107301,0,3.957861124494778
3315,1,-0.7779476534800637,0,2.2915372257812416
3316,0,-0.5338475648390353,0,-0.10261150571742628
3317,0,1.8456752658124171,0,2.4140990067572456
3318,1,0.5875107224463486,0,2.48846086567579
3319,1,-0.6891036321741836,1,3.399225835307308
3320,0,-0.7202083851630712,1,-0.3560008017590445
3321,1,0.591709911892362,0,0.8122007297509104
3322,0,-0.044350220253051784,0,1.0588957549905198
3323,0,-0.33025508703168377,1,-0.5758521854055514
3324,0,1.217097906771578,0,-0.582182174464084
3325,0,-0.00932657105023534,0,-3.014353657260829
3326,0,0.18411594192008426,0,-0.05966877338425691
3327,0,0.21834487941926586,0,-1.8616081152663282
3328,0,0.7665211521179647,0,0.6890612835604375
3329,0,-0.017360894038825,1,-0.2793856829813651
3330,1,-1.4532567224104584,1,0.9477673751268947
3331,0,-0.2432456647005586,0,0.4050138044212432
3332,0,0.02121673061328893,0,3.1760776613188417
3333,0,-0.7757646154599654,1,1.9006251933696947
3334,0,-0.4076817851695709,0,1.8870258548417622
3335,0,0.132612271558096,1,2.2709774132335934
3336,0,-1.9510442585422363,0,-2.412675662640865
3337,1,0.7582093932113235,0,3.6873664682618235
3338,0,-0.18840480391370967,0,1.8932094623235503
3339,0,-0.2020838109776363,0,-0.4757064720814357
3340,0,-0.12878556617682685,0,-2.4448950744251174
3341,0,-0.5894430301282353,1,-0.5869453881701183
3342,1,1.531720820970753,0,4.419700285188685
3343,1,0.33015334903640553,1,2.5333308336086975
3344,1,0.6932753292623429,1,2.8594582099327432
3345,1,-2.002815381672622,0,0.6354488308497266
3346,0,-2.001702320685303,0,-0.4608844391545057
3347,0,-0.7540473729043808,0,0.6993921798734786
3348,1,0.6619800185582667,1,5.962672926343053
3349,1,1.583318103624383,0,2.747701140477523
3350,0,-0.06578613642777216,1,-0.16313133783735867
3351,1,0.7524417581613797,1,6.352420465493624
3352,1,-0.4869510392573938,0,2.9484974106910085
3353,0,0.915330958689015,0,1.4337497113461835
3354,0,-0.2703434900063519,0,0.38398411913072583
3355,0,0.24317046596206213,1,2.3639936471032663
3356,1,0.4425479715379107,0,3.928266052053093
3357,1,2.319399549370782,1,4.874025087468269
3358,1,0.6678707614036987,0,3.896625757374389
3359,1,0.7417527228726394,0,2.711784105598535
3360,0,-0.5909728422922527,1,2.8501760631216744
3361,0,-0.9153835153917435,0,-1.6245796569688105
3362,0,0.07221989833141425,0,0.4695112697006292
3363,0,-0.10822994690524393,1,2.010140163782803
3364,0,0.2871645547211792,0,0.1314034935690278
3365,1,-0.8014498460171537,0,1.5786233456163423
3366,0,-0.7596468229870419,0,1.6948400733006062
3367,1,1.500757497414271,1,3.5932833631372447
3368,1,0.7385041418766081,0,3.186331709412573
3369,1,0.9063609587439978,1,2.173990133312998
3370,0,-0.2729891122522689,0,-1.6541371982715996
3371,0,-1.7830551284987561,0,-0.8969612577611488
3372,1,0.818037276823926,0,2.2076173917141837
3373,1,0.13254159794579917,1,4.019770095424381
3374,0,-0.6333635539581249,0,-0.16470928512855976
3375,0,0.651663264707169,0,1.635127510496654
3376,0,-0.002941461822615079,1,1.6163727299145965
3377,0,-3.317770492039813,0,-1.4804604646436017
3378,1,-1.0405194752460603,1,5.010999636765116
3379,0,0.06913503604674498,0,0.040708883421276966
3380,1,-1.2090225287585747,0,-0.2513606131444617
3381,0,0.14475298503987877,1,-0.27697430313482385
3382,1,0.15109238817013415,1,3.2194561513192013
3383,1,1.617707172191098,1,4.032996106612201
3384,0,-0.7246062563450506,0,-0.5657884685577033
3385,0,0.008483506721191315,0,-0.8383478056764555
3386,1,-0.4325596550107991,0,3.136264001889738
3387,1,1.085222462501776,0,3.700660676531366
3388,0,-0.7608450228619653,0,-1.0455176457482334
3389,0,1.275738226795994,0,0.823750683219683
3390,1,0.21452445753236715,0,3.451648008004634
3391,0,0.09790925302041091,0,-1.2741750177456503
3392,1,-0.12102041407665916,1,1.0322749382030603
3393,1,2.4808217465366535,1,7.320658400902747
3394,1,-1.1926846492553416,0,1.8273486570841773
3395,1,0.5899631192316768,0,3.7478373197283257
3396,0,-1.7180853037098478,0,0.005026980759184951
3397,1,-0.05896960453715123,0,0.4232348333212601
3398,0,-0.5824990164254411,0,0.37879070371140616
3399,0,1.036494612753716,1,1.1271828091750744
3400,1,0.6322970307421516,1,3.421531970048597
3401,0,-0.5934668345965914,0,-0.29659973659019356
3402,0,-0.3233994677296346,0,-0.0020323511967087066
3403,1,0.7221401035983677,0,1.83917637549734
3404,0,-1.2901860196186892,0,-1.259338924389375
3405,0,0.19915607074689176,0,-0.9576067132665151
3406,1,0.2672867010559093,1,3.9819381011896176
3407,1,-1.112553958385727,1,2.622089926884886
3408,1,0.9408465398550578,1,3.529309091721145
3409,1,-0.7467679433843486,0,3.2798797671922855
3410,0,-0.5386756331986152,1,-1.68270396114941
3411,1,-0.1302227429327037,1,5.651597303163132
3412,0,-1.256768588457336,1,3.1466197050146594
3413,1,-0.42657361980818637,1,5.218997350444607
3414,0,-1.0941628345782757,1,-1.3332223267886416
3415,0,-1.7149433866011514,0,-1.7691228466088202
3416,1,-0.9117128342959037,0,2.525224382893605
3417,1,0.3176097905228342,1,2.8993247168337155
3418,0,1.308889933467221,0,-0.713379467519774
3419,1,-0.610420782649486,0,-1.2126672317737626
3420,0,-0.2726263000507109,1,-0.5243802146486695
3421,0,-0.30083319723146884,1,1.358596639646386
3422,0,1.8418087708634132,0,1.195716791029694
3423,0,-1.745002805240837,0,0.6172542590352195
3424,1,0.2235579366310921,1,1.9856173399041004
3425,0,-0.649394377074201,0,0.6131376072666352
3426,1,1.5785105831672193,1,5.071959447607941
3427,0,0.19438881553523368,1,2.031771668842473
3428,0,0.9464594235487852,1,4.522065995100537
3429,0,-2.544294436956525,0,0.33277177732895225
3430,0,-0.35479554255484647,0,0.6868809205719318
3431,0,0.0772798583699755,1,1.4600692379211684
3432,1,-0.24990553108742058,0,2.254778372944023
3433,0,-0.09825552394215656,0,1.2511158439933274
3434,1,-1.1053558604945588,1,1.2143591137948873
3435,0,0.33576928035453923,0,2.2300373935378235
3436,0,0.38440182216486846,1,0.7928983479925247
3437,0,1.0514589097980003,1,2.2304933372719913
3438,1,-0.7704108721344424,1,4.369948209629921
3439,1,0.7458636158966115,1,1.0501121643684865
3440,1,0.6970868577832381,0,3.157261871952899
3441,1,2.7336866371574993,1,5.707970689869796
3442,0,1.6667348815100278,0,1.3566357078578035
3443,1,0.7610457373451326,0,2.8032377389286722
3444,0,0.6125299221591444,1,0.3532729679987946
3445,1,0.3752974635544669,0,1.0629387932201249
3446,1,1.683663220823055,0,4.502434301643517
3447,0,-1.363568035409876,1,-0.31931261690906537
3448,1,-0.957777885470787,0,-1.7705000157755202
3449,1,0.7884728104233333,0,1.5605798959556179
3450,0,-0.19848126793564022,0,-0.9928976275202461
3451,0,-1.6612743267612697,1,-1.2894287514044023
3452,0,-0.7055172686732376,0,0.4733360820876067
3453,1,-1.7453294081594248,1,0.19815839778211608
3454,0,0.13103220031681614,1,1.0764273690179866
3455,0,-1.2652403101075806,1,-0.6429378358812948
3456,1,1.7388630547214967,0,4.9828604840804775
3457,0,-1.833606920594639,1,-1.0240044754914328
3458,0,-0.7225693127593049,0,-0.16153303014205095
3459,0,-0.06072412003259847,0,1.4001761858983341
3460,0,-0.481152158547318,0,-0.12082616887713715
3461,0,-0.7633114575758069,1,-1.5995207222732275
3462,1,0.774488391000804,0,1.7741833580628679
3463,0,-0.13494501017004235,0,0.7913895928474709
3464,1,0.3539716739806819,0,2.573504164730346
3465,1,0.3783044653474868,0,3.189816221453265
3466,0,0.06702986700146138,0,0.8349652761963645
3467,1,-0.694836704127833,1,3.8703662319032572
3468,1,0.7025441391878924,0,2.734655904818895
3469,1,0.7714511271950708,0,1.075274667480496
3470,1,0.4666998701848183,0,-1.0080920442433934
3471,1,-1.1295378724850356,1,3.9799291620031
3472,0,-1.1022467898431505,0,0.8330988446708147
3473,1,-0.09234375018100525,0,0.556510892750311
3474,0,0.06159772148173702,0,0.8793439551060953
3475,1,0.75469464759578,1,4.028979834224621
3476,1,-0.13441468246877042,0,4.318236885070547
3477,1,0.8477887293359408,1,4.505116820115281
3478,1,0.24575000937707073,0,0.060296285793626336
3479,0,-1.791200085345381,0,-0.21838692857940978
3480,1,-0.699277361558058,0,2.846760416853592
3481,1,-0.5058170279951402,1,2.146089659729675
3482,0,-0.7064515220064492,1,-0.25641037190776367
3483,1,-1.2309511062880683,1,2.890020933141666
3484,1,0.045875587096821595,0,1.3885398412044694
3485,1,0.6895344195233285,0,1.358773503173081
3486,1,0.880829537471313,0,3.60227995016751
3487,1,1.9498531364269909,1,2.933993913549304
3488,1,-0.8008294777188375,1,3.0945872799688825
3489,1,1.6388132821182058,0,3.2428538095681443
3490,0,1.439371343554473,0,3.643202358839055
3491,0,-0.7222581535216793,0,-1.1664831459753744
3492,0,-0.6016427491302115,0,-2.680448682343644
3493,1,-0.9125305377964049,1,1.8580058388454492
3494,0,-2.245067784389821,0,-2.8335844347304615
3495,1,-0.07922065150849354,1,-1.1227627367610005
3496,0,-0.29847725038430867,1,0.5010879534881113
3497,1,0.3938148440465815,1,1.219225894793682
3498,0,-2.339133838930948,0,-2.755089920199279
3499,0,0.11223266498834733,1,-1.9093976690692762
3500,1,0.8517614145993307,1,2.0297943487813344
3501,1,0.7068998867034677,0,1.1110125641459987
3502,1,0.42945305750661056,1,2.0970799128230277
3503,1,0.6232628090222717,1,1.0586195226420467
3504,0,-1.313474180650427,1,-0.2323803490147965
3505,0,0.1789197414156871,0,1.7797127776387267
3506,1,0.8079464173833312,1,5.077957038608088
3507,1,0.4508278023621585,0,4.107275748708756
3508,1,0.8743080237340494,0,3.7499282322832634
3509,0,1.4275558025396744,1,0.8320704731125591
3510,1,1.1187697350818744,0,3.8139214435973603
3511,1,-0.003262722511273405,0,4.867422786004395
3512,1,0.43001659561139394,1,4.234185702221774
3513,0,-0.3056439338853583,1,0.5600615006994597
3514,0,-0.09747479287880739,0,-0.5182535475699269
3515,1,0.3973551824965915,1,5.5632255286718
3516,1,0.6681093597185793,0,2.9825172232155204
3517,0,0.1260075650580253,0,-0.44510635243980884
3518,1,2.466798165112067,1,4.260356372533
3519,0,-0.5742548268514741,0,0.4229322370184614
3520,1,0.19465873526626684,0,1.9042038477573904
3521,1,2.1521214812156924,1,3.151148095432117
3522,0,1.2971158808711745,0,-2.631342019954647
3523,1,1.714170978506648,0,3.7938397177118652
3524,1,1.5368582024986306,0,4.305248256531527
3525,1,0.7233322101918133,0,-0.23209071606967946
3526,0,0.8531394019598663,1,3.7529652400479656
3527,0,-1.5936118177553906,1,-3.0141883931170885
3528,0,-0.8641435386811893,0,0.17206327446094172
3529,0,0.7089566066089462,0,2.6452203599413115
3530,0,0.15743388951042872,0,0.9401992656995499
3531,1,0.7608165927596438,0,1.9545995375838796
3532,0,0.9866548495642441,1,2.173723970208554
3533,0,-1.1705402561938145,0,0.5493759099616714
3534,0,-0.3319495961797045,0,2.0806549228065174
3535,0,0.622288308685709,0,1.6815716859898395
3536,1,0.2697442019850432,0,4.16408001580439
3537,1,-1.3300734408423285,1,-0.6994135768308047
3538,1,1.0241132605398302,1,5.460034215775906
3539,0,-2.6451585540000093,0,-2.103522578927941
3540,1,-0.09347000949247473,1,3.5863010270761073
3541,0,-0.7558991612354012,0,-2.448188726601112
3542,1,-0.3672617039012296,0,2.7519015344552678
3543,0,0.3228811979594332,0,-2.6504369305139903
3544,1,-0.5696816473493075,1,0.6816766793046738
3545,1,0.8650467887174103,0,-0.07259408539480972
3546,0,-0.22918158881222012,1,2.305042458395701
3547,1,0.3830204077520145,0,6.743274336257193
3548,1,2.3493209059283586,0,1.022722460441216
3549,1,2.0115398876768036,0,1.4673764582337272
3550,1,-0.2529775451492676,0,1.4184335184388417
3551,1,1.4307886606238067,0,4.525222526311871
3552,0,-0.0727774680037127,1,0.7729467950272627
3553,1,2.045595613885328,0,2.8315050890406566
3554,1,0.7617322598650866,1,4.4598248031910686
3555,1,0.7987413322233319,1,5.660807434791554
3556,1,0.8932004486746001,1,2.866721840765396
3557,0,-1.2336747331357418,0,-0.6084845331172815
3558,1,-0.5006543502091723,1,0.15849927019860544
3559,1,-0.039038826769675586,1,1.9238289338316952
3560,1,0.5158669858906553,1,4.06780220476465
3561,0,0.5103041683529447,1,3.3155822828353565
3562,1,0.08511560539133443,1,3.8022004302629173
3563,0,0.565446611738649,0,2.684460519441867
3564,0,0.5659844617430148,0,0.978064437605075
3565,0,-1.1341830734545986,0,1.743813197584194
3566,0,0.6959765942126344,1,1.0348895891092802
3567,0,-3.3449633207457787,1,-3.5051575321722996
3568,1,0.6383278803628218,1,2.8999128189268655
3569,0,-0.21596070412349042,0,1.0341262222856815
3570,0,0.3172678233025154,1,0.8863808847424539
3571,1,1.183718025261276,0,6.054683779166358
3572,1,-0.5898149422789182,0,1.0086173609200295
3573,0,-1.4799715129729243,0,0.061394289770692584
3574,0,-1.0271467507201952,0,-1.1702246335526314
3575,1,-0.3484013424012514,1,-0.2579310317547907
3576,1,-0.3029039747948749,1,1.441244409227783
3577,0,0.1472691793817615,0,3.2364850538756254
3578,1,0.7064230885708445,1,7.116018194465909
3579,0,-0.9865086663980122,0,2.2426426126994063
3580,1,0.3020516622267461,0,2.0110532289440854
3581,1,0.003995984063254591,1,2.873969685230227
3582,0,0.7829188945298161,0,0.12095640368526497
3583,1,-0.8751745080645167,1,0.41349365298443974
3584,0,1.2781733113312994,0,1.9966888680293322
3585,0,-1.3459791433036394,0,-1.9059798877530933
3586,1,1.6459739953326733,1,4.982522502359192
3587,0,-0.035480316778280584,0,0.6776983497289635
3588,0,0.35524274550234913,0,1.826134629226143
3589,0,0.1922743156860187,1,1.109779737254148
3590,1,-0.1043270260416723,0,4.257409861616904
3591,1,0.31879673018371585,1,3.0627703176404246
3592,1,-0.22917681415957245,1,1.817656480932623
3593,0,0.1267430740085963,0,1.7400505015220338
3594,1,0.34330408555810854,1,4.908876538910292
3595,0,1.7026045784211794,0,-0.33601105488949623
3596,0,-0.2393403509094758,0,4.014635026753038
3597,1,0.42714913789764863,0,3.4010027592838004
3598,1,1.1009199363501874,1,2.6015955430037234
3599,0,0.09325357484664251,0,0.6999744196630708
3600,0,0.025169862075510783,1,0.21424531024122342
3601,0,-0.8801871470071713,0,-1.912541946978822
3602,0,-0.0619207366645239,1,4.126171621854022
3603,0,-2.11026098482501,0,0.395335415286251
3604,0,-1.0125553840684736,1,1.9302423575830319
3605,1,-1.2545917052127384,1,2.940015242237611
3606,1,0.3233002844305085,0,5.5007888116918915
3607,1,-1.6748664875154142,0,2.642621129837939
3608,0,-0.2593474993668284,1,2.02145184490807
3609,1,-0.158962988993724,0,2.307349777155781
3610,1,1.4706968749087144,0,3.7228624201180476
3611,1,-0.3181639349561697,0,2.07827233889182
3612,0,-3.644339185789602,1,-0.20439379049387196
3613,0,1.7032741228492874,0,-1.2914477833439222
3614,0,-1.2035297610696516,0,0.8212420064015041
3615,1,0.8688128936834442,0,4.1191164120348365
3616,0,0.10787122529331812,1,-0.37403271063326893
3617,1,1.8672662387622496,0,3.146804132399051
3618,1,-0.4695816116497607,1,3.116287351891952
3619,1,0.6906576763604184,1,3.554094863935732
3620,1,-0.2482020541968934,1,4.768357430535666
3621,1,0.8980418521360365,0,4.661268533181298
3622,0,-2.2217972384616917,0,0.9895754177605277
3623,1,-0.3177656574571856,1,5.519969183195137
3624,1,-0.5858908428082653,1,3.2759293832608325
3625,0,-0.010231888094338995,0,1.6298425385140534
3626,0,0.5143763504542875,1,0.046232732547851096
3627,1,0.9033751076294807,1,0.9013234337051104
3628,0,1.364243602706127,0,4.5396549893895175
3629,1,-0.9232628941842622,1,6.079235396010903
3630,1,-0.07802158992225118,1,3.770998787134596
3631,1,-0.28699475248152967,1,5.868042080108813
3632,1,-0.7149550794047626,0,3.7067424548409402
3633,1,-0.24387857625315124,1,3.887297089705133
3634,0,0.02314373614270309,0,0.6582782225219519
3635,0,-2.2293934310878267,0,-0.559478728336777
3636,0,0.5364887682662455,1,0.10982381956607745
3637,1,1.1953264158365615,1,4.814485589649879
3638,0,-0.8129120915098098,0,2.0168488353232266
3639,1,0.1480966986333578,1,3.109293750026681
3640,1,-0.5830282319737826,0,1.8942968397832076
3641,1,1.0093244286881877,1,5.332449354080467
3642,0,0.8950517153989681,1,3.088040366575488
3643,1,2.3083135428376393,1,7.2195772514878
3644,0,-0.41824743693054817,0,-1.4719204366393153
3645,1,0.8546330647214133,0,4.721776729111001
3646,1,-1.4684603959233369,1,1.652618004736346
3647,1,2.1913306994101522,0,5.510499435162537
3648,1,0.5646382336097203,1,1.4457658037301264
3649,1,-0.12366259363942193,0,-0.5038533943506658
3650,0,-0.40316440995821134,1,0.7129309324759631
3651,0,-0.9489899053179244,0,1.1922999566430086
3652,1,0.035657581674464714,1,2.234553541312497
3653,0,-0.36304676374419814,1,0.2723841570987335
3654,1,1.2691960065779802,1,0.45009285217923356
3655,1,-0.12547252698459518,1,0.9294962733322547
3656,0,-2.5172850131130486,1,-4.727311682137306
3657,0,-0.7945300601586303,0,-1.3636412502408461
3658,1,0.008546544282845093,0,3.995074222452445
3659,0,0.07024109572613797,0,1.0053641129793736
3660,0,1.2248232378389114,0,-0.8767845088531434
3661,0,-1.6182167496022435,0,-3.359943720796445
3662,1,-0.30978869457941427,1,1.1531138981289986
3663,0,0.26354815328348613,0,0.4753722956245552
3664,0,-1.092578948664873,0,-2.6467751136178554
3665,0,-0.5031893759029165,0,-0.34390301836843395
3666,0,-0.38838505861795164,1,-0.8201277107564017
3667,1,-0.28813106950461437,0,1.0815898056204427
3668,0,-1.3063604894766385,0,-0.6268610515702571
3669,0,-0.831275310656756,1,-0.8565111206383378
3670,1,1.4382340603040185,1,4.471694207796578
3671,1,-0.2599999368139032,1,2.711043432852223
3672,1,0.5683991872596007,1,5.849932007290819
3673,1,0.06792644385383835,1,3.1164023135179417
3674,1,1.1387545604513625,0,2.4802038863184888
3675,1,-1.1648987328051073,1,1.002031889973698
3676,1,0.7985314909618759,1,5.35863946733407
3677,0,-1.2633235170689492,0,2.061356777114218
3678,1,0.24928735124032356,1,-0.19461023168989788
3679,1,0.17993879608556784,0,1.5947942871580556
3680,1,-0.9904907145568382,0,4.370260695402871
3681,1,0.4418694290686865,1,2.0567475193172307
3682,1,0.9781245749823002,1,6.6269289899702075
3683,1,-0.6257982979737903,1,3.2716545512792337
3684,0,0.3605466152682766,1,1.6716138901377247
3685,0,-0.6828858352344621,1,3.2903481664385525
3686,0,1.0840915786109817,0,2.0033919837343146
3687,1,0.491966746130375,0,3.5064839157454584
3688,0,0.5178674344977329,1,2.721931459538595
3689,1,-1.1362666873124876,0,0.004086915291885429
3690,1,2.329015142977208,0,2.842359441856214
3691,0,-1.307071706590507,1,1.6536780147426975
3692,0,-0.57545598553915,0,1.8046590624279295
3693,1,-0.30110583370226474,1,6.263292944417226
3694,0,-1.5613108637303905,0,0.6199307697922584
3695,1,0.6262387767997324,0,3.5475042204705485
3696,1,0.48269420420384257,1,4.847488850777333
3697,0,-0.5446551118081051,0,1.6330693236817653
3698,1,2.554135070613401,1,3.948771017612655
3699,1,-0.3049495466489555,1,2.9450338783511416
3700,0,-1.472343535581554,0,-4.19612195252143
3701,0,1.137382741803144,0,3.9013789424578538
3702,0,-0.42587790349734406,0,1.2584419014639887
3703,0,0.09369909112536969,0,0.17952873103011247
3704,1,0.8307448856365011,1,2.5360714639111634
3705,0,0.44477634556126466,1,0.7297134121697167
3706,0,-0.3506343510102909,1,-0.6172167820658431
3707,1,-0.17291413574761347,0,1.856303500513191
3708,1,-0.009020877876028881,1,4.846835598841466
3709,1,0.24927981529002555,1,4.301627956564201
3710,0,-0.02770828258054469,0,0.838043051662303
3711,1,-1.904329613690362,0,1.625727025979627
3712,0,-2.1009634458479227,1,-1.0735186373126504
3713,0,-0.5383575776589361,1,2.284527579366397
3714,1,0.22615703832727407,1,6.602122936879285
3715,1,0.6992407658558821,0,2.182392672069076
3716,1,-0.3636457351714833,1,3.3626768299220666
3717,0,-0.5106941745349118,0,2.2811194575520353
3718,0,-0.37967677032409175,0,1.4519100129531115
3719,0,-1.6332423889812189,0,0.9979159779712943
3720,1,0.07159786553611934,1,0.006771117255423009
3721,1,2.081394970666046,1,2.860278776132084
3722,0,0.04708710524723524,0,-0.6838116991379404
3723,0,-1.1227133492592207,1,-0.7999545569509998
3724,0,1.1316895956907829,0,-0.8588968835173989
3725,1,0.02077363716641394,0,4.531496863770345
3726,0,-1.0244505757885651,0,1.4975558693915665
3727,1,-0.01275659092878703,0,5.425274520021185
3728,0,-1.6364081802779664,0,1.2461136352981406
3729,1,1.2814676825884124,1,3.4940913341969106
3730,0,-1.0298293892066432,1,-1.2654448347128153
3731,0,-0.22016273951612284,0,2.688952267221559
3732,1,0.10762270378716689,1,2.4749802484407035
3733,0,0.5206651255152258,0,3.0612064060820185
3734,0,-1.2672575348869812,1,-1.410661190952152
3735,1,-0.558364084640337,0,4.936673989108225
3736,0,-0.16511535010148617,1,1.4459226757041608
3737,1,0.6768804892875634,1,6.265982467725811
3738,1,-1.809629316155738,0,-0.12157116462812123
3739,0,-0.027173015413128918,1,-0.045300759114525524
3740,1,0.9153911595271417,0,1.7801067872852374
3741,0,-0.7864076536953628,1,-2.6283858000985916
3742,1,0.7192720161911198,1,1.9080293196661626
3743,0,0.8235591014931497,0,0.9143589465901985
3744,1,1.8557254681537898,1,4.511478841982852
3745,1,0.9918763980808144,1,-0.18422541494088884
3746,0,1.9571224325392673,0,0.2885091844680636
3747,1,0.10668161168135724,1,5.387847415385494
3748,0,-0.909709669095792,1,1.0681351567828512
3749,0,0.8572204645271473,0,2.150018454643401
3750,1,-0.9763195750769009,0,2.450241456692904
3751,0,0.1333215515219223,0,-1.6653493011855112
3752,0,1.1765772872355351,0,1.4895057034894172
3753,1,-0.2183683837013141,1,0.9403295806317709
3754,0,-2.806585854482396,1,-1.2430574898437565
3755,0,-0.17672415340988773,0,0.8865420261665915
3756,1,0.04220825050088086,0,0.9432733810258918
3757,0,-0.012492042240064024,1,0.04143128870263185
3758,1,0.07744403675986758,1,2.6309165878430925
3759,0,-0.9553984272495666,0,-2.749384975982484
3760,0,-1.4097342754644437,1,0.39239479917105924
3761,0,-0.0369134789616064,0,-1.215150514297319
3762,0,-0.5108786943958152,1,-0.042146482010334496
3763,1,-0.0666714213789369,0,3.811025898699618
3764,0,0.881971741535008,0,-3.868733451200794
3765,1,-1.0524121338798553,0,1.3021033202843837
3766,0,0.6375033580512129,0,2.094356402708272
3767,0,0.34117054818006987,0,1.6158936364398413
3768,0,0.5843650378024804,0,1.694860970238787
3769,1,0.9977395000671951,0,4.181552974283187
3770,0,-1.4926219087364179,1,-2.4018795496718335
3771,0,-1.2259740846290763,1,2.8273480447948285
3772,1,-0.10884612221707382,1,3.5025416412874044
3773,1,0.5865713839647467,1,0.7041149396009854
3774,1,1.029377572283609,1,4.504420727827837
3775,1,-1.0575023936012826,0,1.604588049213555
3776,0,0.4054218775992397,0,1.0057515735623659
3777,1,0.9229994065915446,1,6.162010785831432
3778,1,-0.6309848527974466,1,3.3292107897397174
3779,1,0.6158869309849387,1,6.252423122256944
3780,1,-0.25778638550318755,1,2.3896681673473448
3781,0,0.6712857878491286,0,0.9488218164209163
3782,0,0.5733922763469584,1,1.9829102171572177
3783,1,1.2219274180850728,0,3.753509315907571
3784,0,-0.4844245471736413,1,1.1247988335385855
3785,1,-1.1507924315788232,1,4.563650739622202
3786,1,2.009851903286441,0,3.252682104763962
3787,1,0.31515071823551855,1,4.916643922716582
3788,1,2.2445815485184752,0,2.8299069983431635
3789,0,0.36563966211085464,0,0.9025499191230427
3790,0,-1.365969356206948,0,-0.9160221225858539
3791,1,-1.2657341404416114,0,-0.18291653839385225
3792,0,-0.7899073393088708,1,-1.535831693486561
3793,1,0.279222725128417,1,1.157400736886752
3794,1,0.26077311265158226,1,3.7532550623308394
3795,1,0.41392080301808687,0,2.8435434455367687
3796,1,0.6343836119957712,1,3.891189639247559
3797,0,-0.6352949002852322,1,-4.134489375946566
3798,0,1.2518445231714173,1,1.597382867419313
3799,1,0.18145592180134132,0,1.9666665791027373
3800,0,-0.6593740182919661,0,-0.4944376245166517
3801,0,-0.6207962237717847,1,-1.912195279991212
3802,1,1.230043141853647,0,2.4699912845135277
3803,1,1.6406696296910521,1,3.6344124218367226
3804,0,-0.5680513150038016,1,-1.122805354809098
3805,1,0.3895213259950224,0,1.2768279551825605
3806,0,1.137998787618636,1,2.6683676002943613
3807,0,0.2949249418345984,0,3.9480872358196804
3808,0,-0.9645026282773148,0,-0.7684807820261355
3809,1,1.9634607913521962,0,3.5489078038875856
3810,0,-0.10341983775838746,0,-0.21735116210694838
3811,1,0.36461237836578836,0,1.2422654423160533
3812,1,1.8902756235562383,0,0.39654878082593026
3813,1,0.5930747829468527,0,1.5973147053271077
3814,0,1.7272984627750896,1,0.0926227003024368
3815,0,0.038668683221605445,0,1.5506823455667762
3816,1,-0.14492656478361868,0,3.978712857511035
3817,0,-0.6641962055299745,1,0.004940788168871224
3818,1,1.1516927104142036,1,4.582292502742575
3819,1,1.0345902838604901,1,2.0211140832750907
3820,1,0.4629634787655764,1,3.724423052386154
3821,0,-0.07571791942099257,0,0.6878797267560562
3822,0,-0.6771722597742799,0,-2.8056409960522974
3823,0,0.1144853709561181,0,-2.326755978726404
3824,0,-0.07223531336127181,1,-0.23010994789937753
3825,0,0.01679386107722081,0,-1.1375946179140373
3826,1,-1.5162349380380336,0,2.1951904769739836
3827,0,1.2657932172608246,1,0.5897759126738623
3828,1,0.5350223414327089,0,3.078160829694009
3829,1,0.01252509099456393,1,2.0500314488697855
3830,1,0.7440110729543638,1,3.691516596911184
3831,1,-0.5791879355869683,0,4.388771421547224
3832,1,1.09784512457482,1,0.480973451945244
3833,1,-0.4191576296011476,0,3.696523855700564
3834,0,-0.6553007944106887,1,-1.3276315539295378
3835,1,2.289022603793702,0,4.679558138030041
3836,0,-0.740218045840313,0,0.3766141377362252
3837,1,1.0228017797442879,0,3.048158500669409
3838,0,1.7963603725240007,0,-0.3851272066399183
3839,1,0.8708458499896509,1,3.9358210217594585
3840,0,-0.23742510153295832,0,-1.1132022529124956
3841,1,0.3756398869507639,1,0.7540613176016333
3842,0,0.06409991083388611,1,1.2416364196388028
3843,1,0.29373898088167416,0,2.097539229697079
3844,0,-0.24320793831661872,0,-0.09599503917430696
3845,1,0.34280911150991517,0,4.069870672993094
3846,1,0.5150469921970203,0,1.8742207010783636
3847,1,2.0514621685400107,1,3.6558556698475284
3848,1,-0.36542727314816564,0,3.438898620114646
3849,1,1.8036771185681049,1,5.1239987639543205
3850,0,-0.43630512379817615,1,0.7914811498202273
3851,1,0.2849286435525778,0,1.911358908316774
3852,1,0.7239177178004759,0,4.617096004265665
3853,1,1.045277948758007,1,7.368303500861662
3854,0,-0.49619014101179865,0,-1.520679328718089
3855,1,-1.8208032017396996,1,3.0180688828118907
3856,1,0.8848707126265789,0,2.255681090134604
3857,0,-0.1968648288198594,1,1.0693799802296753
3858,1,0.8820970353387058,0,2.1824359495849515
3859,1,0.20746841751707468,0,0.7281828308139808
3860,1,0.8313864088682511,1,2.315131841082691
3861,0,0.36616384258742474,1,-0.14736260515019695
3862,0,-0.7787058208961571,0,1.7733207192407185
3863,0,0.1147585503763419,0,-0.36128141264867336
3864,0,-1.8680569857079796,0,-0.05627982685652899
3865,1,0.7620838531243883,0,3.1367421370882145
3866,1,-0.030721908349275132,1,2.093152174767119
3867,1,-1.153118264651548,1,0.36257989346137887
3868,0,-1.1108972249868767,0,-0.4511765957472764
3869,0,-0.18970953158396292,0,0.027396696586152514
3870,1,0.6285594559042673,1,1.471018054585402
3871,0,-0.8970731451679397,0,0.21305653183586606
3872,0,-1.1745654043810907,1,-2.123310926238782
3873,1,-0.3283264340570237,0,1.924362635462383
3874,1,-1.1384442148516711,1,2.482421717322436
3875,0,0.6192752632174173,0,3.034512831487706
3876,1,0.39608219855389853,1,4.624718171774478
3877,1,0.5988993431366602,0,2.3545676268816615
3878,1,0.09804315674366652,1,1.9422264019480648
3879,0,0.5799518830542567,0,0.6573638273826639
3880,1,0.6078160743281366,1,-0.41536271886042897
3881,1,0.48336790044504757,0,3.9416236133240092
3882,1,1.2791240441754328,0,-0.17989178837864217
3883,1,-0.24248242160499378,0,3.711068203021346
3884,0,-0.9867040644815047,1,-0.06346443995307316
3885,1,-0.01799551123691668,1,3.8282063913821323
3886,1,-0.5458655462968799,0,2.767055752228276
3887,0,0.2804302614667613,0,0.5319127769021514
3888,1,0.9878704489759901,0,4.200659867346124
3889,1,-0.2744033966536204,1,2.5619998069777354
3890,0,-1.6550835276556863,0,-2.896671544501025
3891,0,-1.0915997760740652,0,1.8320055601777505
3892,0,0.627660845967145,0,0.9642598461876212
3893,1,-1.2063090938945993,0,-0.08278845606856589
3894,1,2.055896559423482,0,1.9846679148739212
3895,0,-0.09779402642459362,0,2.0665692139510448
3896,1,1.707825465632836,0,3.6896389417153994
3897,0,-0.9703517471398576,1,-2.3497775635106555
3898,1,-0.24414708484035663,0,3.822626428342157
3899,0,0.10815109352596937,0,2.0331649497049913
3900,1,-0.3775832313258978,1,0.6323046965761963
3901,1,-0.9790162306352558,1,4.369192405972658
3902,1,0.32099209069806905,1,5.175686950993119
3903,0,-1.2847524726216104,0,0.7618996256762167
3904,0,0.9955789504444233,1,0.0556894323003263
3905,1,2.2245218955300965,1,2.0200852477873834
3906,0,-0.1759470781361033,0,-1.8158228677271595
3907,0,-0.44970213581123536,1,-0.14963446450705942
3908,0,0.440340477132556,0,-0.056376233624995165
3909,1,0.3987080982466202,1,3.4560305243911484
3910,0,-0.585869512033418,0,0.20048087800273573
3911,0,0.48979922778382523,0,3.456737777293254
3912,1,1.2606207390029567,1,5.3771062587496115
3913,1,1.3097139482441225,0,1.4130190930079265
3914,0,-1.395754635392216,1,3.5842567891343218
3915,0,-1.3549226577660431,0,1.3479444376396628
3916,0,1.4279127485537169,1,-1.6693862420570156
3917,1,0.20286114882592415,1,2.057491005825253
3918,0,0.668291366008933,0,1.08764558429107
3919,0,1.0277203808230793,0,2.810812774954712
3920,0,-0.19806965191003748,1,1.9864764198876812
3921,0,0.44304662816319407,0,0.7654368780227607
3922,1,0.9645829769559318,0,5.946010658364709
3923,0,2.3643316750964294,0,5.071668037229477
3924,1,-1.0288712058416958,1,3.0844265684089995
3925,0,-1.4434618770807242,0,1.8906805820099306
3926,1,0.882148709204974,1,0.2558850816031326
3927,0,0.3099748224825414,1,0.7777162144734336
3928,1,1.1127479252900196,0,2.0984228299706134
3929,0,-0.5884020933634624,1,-0.09401566599906053
3930,0,-0.8694182001599942,0,0.4749218133053985
3931,1,0.4959242481894687,1,2.1403928037986413
3932,1,0.6812830057613426,1,4.153363029436898
3933,1,0.5820351162343258,0,1.4642474229100921
3934,1,-0.1266880162561374,1,1.2209395691031988
3935,1,1.7455083737681125,1,4.884368536719656
3936,1,-1.5229875604062795,0,0.9289559380913818
3937,1,0.20543040884981692,1,2.3413547382031856
3938,1,1.4568526347511,0,3.423468448618996
3939,1,0.15582056199767397,1,1.529003784355207
3940,0,-1.75006191043081,1,0.07350680070150384
3941,1,-1.1385881815900012,1,1.9314121025963602
3942,0,0.22152170420130643,0,-0.08675572606993931
3943,1,3.0076087352028775,0,6.296698224055558
3944,1,0.7776615146807828,0,4.590370354967846
3945,1,-1.56147139860606,1,4.7399762572460356
3946,1,0.734532457577834,1,3.3288295521515656
3947,1,0.767225223570932,1,2.4073828987650656
3948,0,-0.9655881054551204,0,0.04145565932265849
3949,1,0.009628625273461876,1,6.128529876339385
3950,1,0.18029220843746677,1,1.7266075671620844
3951,1,-0.13808080646695406,1,1.3551602239647198
3952,0,0.6163209542434639,1,1.1126644975447004
3953,1,-1.6091563016561914,1,0.7549059907843806
3954,0,-0.32240541467400996,1,-2.2249107560619903
3955,0,0.11604798569129075,0,2.960428203400367
3956,1,0.16965930755264605,0,5.887547913786769
3957,0,1.117853339531574,1,0.40393457656055587
3958,0,0.8520808214630428,0,2.509638199316849
3959,0,0.6703298815108185,0,-1.8690463597703086
3960,1,1.1357097955504398,1,4.997689195165158
3961,1,-0.8492525063889765,1,1.9806886830189452
3962,0,-1.5741629840614226,1,2.5853647899264587
3963,0,-0.7599678817658007,1,-0.48867745439266064
3964,0,0.06652679076427294,0,0.8655157344870333
3965,0,-1.116199507180061,0,0.30015805653559713
3966,0,-0.5763923007979612,0,-1.6740975838759264
3967,1,1.1586107947736448,0,3.4726142297328675
3968,1,-0.5850984510491323,1,2.1473659598575052
3969,1,0.34166484310552053,0,3.354315730010215
3970,0,-0.020296655081962045,0,3.12476697823921
3971,0,0.019834281069199742,0,0.251802017059648
3972,1,-3.5862772175110997,1,-0.6170084494920287
3973,0,1.6385840763167305,1,0.10633540071745856
3974,1,1.1997625572890689,1,2.107863598544853
3975,1,0.25509200369998725,1,0.24864713552826023
3976,0,0.9967502111409826,1,4.650914086052209
3977,0,1.26683346409971,1,4.996660738130841
3978,0,-0.09844761767815405,0,-1.4940006089866937
3979,1,0.3270795305534241,0,4.102705518742247
3980,0,-0.028516866365500878,0,0.14753471462194867
3981,1,0.3710611128077801,1,3.8502235803141533
3982,1,-2.4750392442464304,1,3.166981048532402
3983,0,0.15432929172682958,0,2.2208418103619794
3984,0,0.04514980911106082,0,-0.7122546557630848
3985,0,-0.4993063722665117,1,0.40991686645358383
3986,1,-0.4860765954695182,0,2.247797518098124
3987,1,-1.8331770597909691,0,-1.915441021189503
3988,1,1.5746188263338767,1,6.301226182075672
3989,0,-1.023970311026638,0,-0.40858784305450097
3990,1,0.4778321946447616,1,2.878135152010996
3991,0,0.06488415973871704,1,2.5246291875001736
3992,1,1.040751761019085,0,2.356211056317483
3993,1,0.3611953916279758,1,0.6336606617777936
3994,0,-0.314011675916533,1,0.12295053822296699
3995,1,1.1452975233834268,1,1.5876843328809307
3996,0,-0.05996259683066531,0,3.21397146792843
3997,1,-0.4183510996923136,1,5.481466438785274
3998,0,0.05651149033887566,1,0.01463779777411639
3999,1,1.2558075014858265,1,-0.45440029794477566
4000,1,-0.019450763783735742,1,4.409015915651203
