id,running,above_cutoff,d_treated,y_outcome
1,1.1661146834120224,1,1,5.309189835522961
2,-1.0138471272664327,0,0,0.05649646943911829
3,0.2525838653474701,1,1,5.631361491546691
4,0.044263246266520895,1,1,3.8579063683374453
5,-1.9837327866830026,0,0,-4.292649392791086
6,-0.6325548928751399,0,0,1.956357762749625
7,-1.2969229002211198,0,0,0.23156497329398518
8,0.7033838009256157,1,1,3.340830618890882
9,0.516880120808414,1,0,1.8749135925679639
10,1.6676980058058155,1,1,2.9530793427690107
11,-1.527898713463801,0,0,0.439669148097932
12,1.8525850933042753,1,1,3.778649101115187
13,0.425470633524065,1,1,3.106743891962323
14,-0.8552240544687311,0,1,2.8318101489202165
15,-1.4341225391960681,0,1,0.41021544839397506
16,1.281340252156825,1,1,4.903743806500996
17,0.11327070566913955,1,1,4.081736991917304
18,1.2118195241291088,1,1,2.6675853556189626
19,-1.68500577656925,0,0,-1.4444405767434376
20,0.6106954427437321,1,1,3.3706717049021386
21,-1.3951447179112804,0,0,-1.6912391515477636
22,0.13284058729621862,1,1,5.685066013564574
23,-0.12459850555618557,0,0,1.9509947273828168
24,-0.3536286697530544,0,0,-0.5304035316358582
25,-0.28561576067857963,0,1,4.141273350523934
26,0.5903327568385359,1,1,1.8348964360215754
27,1.44001395816601,1,1,3.10837754946883
28,-1.6459943046733918,0,0,-4.938311890380785
29,0.31478231302523385,1,1,3.974211983173373
30,1.6338137791822405,1,0,1.0210380960530392
31,-1.8560038505915526,0,0,-1.243419345264377
32,1.7777772336764879,1,1,3.1789780660937366
33,-1.8847156888519998,0,0,-1.8274278694490165
34,-0.676621974876058,0,0,3.530322666290342
35,-1.7713987634616206,0,0,-2.2342475471844083
36,-0.2723021020316567,0,0,2.6059108152519785
37,0.6950953901812658,1,1,3.966551133380768
38,-0.7731167118771927,0,0,0.38075953351524766
39,1.4228723987347967,1,1,3.238195596629766
40,1.773171438303105,1,0,-0.24423243801123062
41,-0.3752861855646481,0,0,1.4793658375948415
42,0.9338898115092173,1,1,4.583350276356224
43,1.5610027480166204,1,0,0.39795287663873813
44,1.3505252095794051,1,1,3.806145334715892
45,-1.198601266928729,0,0,-1.4337739141181653
46,-1.0865253304460714,0,1,1.2893865183906978
47,1.0314473237764865,1,1,4.1981673262522206
48,-0.1311723328957508,0,1,2.213585382426304
49,0.8578717352376022,1,1,5.948636146705958
50,0.4123937937428508,1,1,4.35338561914079
51,0.11661624902503576,1,0,-0.31908723380156023
52,-1.6934001887022716,0,0,-4.334728388461941
53,1.8141740096255412,1,1,2.682279155310278
54,0.6886639066637712,1,1,5.89528204992618
55,1.482229809819113,1,1,5.371472143368325
56,-1.032651628246266,0,0,-1.7223431376752385
57,0.5842222094975269,1,0,2.550894939894187
58,-0.34879600326068116,0,0,1.12140633918484
59,-1.1197454085870922,0,0,-1.8074978241474042
60,-1.7179138875113633,0,0,-3.578294720557399
61,0.6398457172329977,1,1,4.774447272859829
62,0.4304558839042758,1,1,6.980408041709917
63,1.1427475718823472,1,1,4.647220697493419
64,0.2480623381080429,1,0,1.50316974784484
65,-1.9652510458137646,0,0,-3.8155758539279714
66,0.9596794507900404,1,1,5.189898317418821
67,-0.5489983562283527,0,0,0.6108934019974153
68,-1.74543566596533,0,1,2.006468098660893
69,0.9700065907618858,1,0,0.1940513071634784
70,0.5427508642926662,1,0,1.1815562744456427
71,1.9447022729579184,1,1,3.5350360294217396
72,0.3284301800048124,1,0,0.763812888684203
73,1.9223308742738854,1,1,3.3311626057038755
74,1.8268482879504795,1,1,4.529940020852317
75,0.7507826725095303,1,1,2.8253220362089944
76,-0.030782392606739428,0,1,2.9420778369782763
77,1.92699587629436,1,1,3.2726721500972435
78,-1.4852837827412277,0,0,-3.1605810879421323
79,1.4181119621354044,1,1,2.124176472057404
80,0.89631236856364,1,0,2.338395912285589
81,0.5607777564998133,1,1,4.392563413967071
82,-1.3451963503429258,0,0,0.9415199890648742
83,1.7324699939818644,1,1,2.8480954179351112
84,-0.2488758251262806,0,0,1.7036501412815679
85,-1.685481084182289,0,0,-1.177864655420411
86,0.21015656235412727,1,1,2.442516047373415
87,-0.14028217504632812,0,1,2.878011409382843
88,-0.42774669137958066,0,1,2.790406681628351
89,1.0846233157875993,1,1,5.656372332348958
90,0.17079477971977752,1,1,4.898365572272944
91,1.9541017228746869,1,0,1.1752261341301236
92,0.34861262622329026,1,0,2.6206497868432783
93,0.4512310923758571,1,1,5.055260353311711
94,-1.5876307971886905,0,0,-4.923921319428768
95,0.9773042361857431,1,0,1.500016159362983
96,1.194369500482134,1,1,3.450244285647397
97,-1.7456811175105718,0,0,-3.691270697848125
98,0.6122956253199172,1,1,4.417923524473515
99,0.5897263529337589,1,1,3.7632074637282416
100,-1.2491130476211856,0,1,0.2804197421795642
101,-1.7854113004400047,0,0,-4.747916018676187
102,1.1547258483185292,1,1,3.949420487231442
103,1.9959395509956428,1,1,1.3783903018746837
104,-1.7718583132221313,0,0,-1.985371292304046
105,0.4465481703170253,1,1,4.164170842242867
106,1.896748508092216,1,1,1.3909181767492602
107,-1.5591509982891174,0,0,-1.2844554294119737
108,1.0403915668628638,1,1,4.9194204439234746
109,-0.7912714471161029,0,1,2.718529054391298
110,0.7844668732332596,1,1,3.1729847208611197
111,-0.3103055299997046,0,0,3.1336337746667544
112,-1.5784063744098025,0,0,-1.7375349897934347
113,-1.7178038487198086,0,0,-3.5416753085144905
114,-0.3367476245718857,0,0,0.1150910132434477
115,0.5243952132128964,1,1,3.9756980658104
116,-0.8320356670843614,0,0,2.6023251625853976
117,-1.2393724608126515,0,0,0.26114968482708334
118,1.3950394014920584,1,0,3.660593563007056
119,-0.45611428473236026,0,0,2.4070985329856165
120,1.201645466600239,1,1,4.0784246732973655
121,-0.5892422375424218,0,0,1.1618279423574642
122,0.4894382649375144,1,1,3.7611107519435323
123,0.7461644035396349,1,1,7.0704776784154735
124,-0.5856947851317948,0,0,-0.3364680222777796
125,-0.9278691230253364,0,1,3.9512090579033208
126,0.9988849185249014,1,1,2.050822545764195
127,0.2586496140288851,1,1,3.9162137996048387
128,0.8039670624991762,1,0,1.1446940090876385
129,-1.8940381680464027,0,0,-3.5053712195135533
130,-1.784863295646622,0,0,-4.512253501647487
131,-1.692117339829783,0,0,-2.683527597302904
132,-0.32690363928514543,0,0,-0.40667852725403053
133,1.6643257343813112,1,1,2.6469926507655033
134,-0.6221580406938698,0,0,0.5864369292473401
135,0.7354674931546037,1,1,7.250182772426831
136,-1.3825631370475455,0,0,0.1622365168433466
137,0.1568993012436124,1,0,-0.2987726998028478
138,-1.6274448401937285,0,0,-2.155528059807568
139,-1.4269509778082168,0,1,-0.33628011892665266
140,0.6655428808902997,1,0,1.4622248911053777
141,-1.9858628724145824,0,1,-3.0061634062500353
142,1.804308573945371,1,1,2.206670466635837
143,-1.767311095072623,0,0,-0.859135463368409
144,1.179733041353865,1,1,3.965473529653324
145,-0.6650501856740703,0,0,1.8621480046350416
146,1.8340058035082842,1,1,3.7543959152225725
147,1.6556040178959606,1,1,3.6399468691044214
148,1.5944390940739668,1,1,1.528896452670558
149,0.5798466063094536,1,0,2.823460639496843
150,0.905198989211693,1,0,2.677564675750483
151,1.8231021928825273,1,0,0.6338346937610063
152,1.7756975936863677,1,0,1.747491558980816
153,-1.0410312820805365,0,0,2.260669864507763
154,-0.48772927992189175,0,0,2.8955426597036724
155,-1.2160026673086817,0,0,-1.619926289970484
156,-0.15592490091973366,0,1,2.808893803921188
157,-1.1321409672750198,0,0,-1.1649405329602833
158,0.06906006060724001,1,1,3.4908797077286033
159,-0.2896669322174512,0,0,3.435505652349893
160,-0.8055574104451444,0,0,-0.17439685296076757
161,-0.8143317895738029,0,0,-2.1220009768114134
162,0.8209492368425271,1,0,2.117512235475383
163,-1.7841374049115668,0,0,-0.46003284450550264
164,-1.3263262345630098,0,0,-0.021003596367252547
165,-1.1525878161134582,0,0,-1.8363853528095966
166,-0.8095306716671837,0,0,-1.383041347383759
167,-1.8546540768278206,0,1,0.07317165392682057
168,0.4626878112346371,1,1,2.802673997235188
169,-0.38277318241968583,0,0,1.647143026890229
170,1.4656538825431182,1,1,2.393757447022295
171,1.9839522408147583,1,1,1.8359377520298454
172,-0.24617067351889643,0,1,2.342555830833397
173,1.420204435832963,1,1,2.8077195418802465
174,-0.255409010145383,0,1,2.6315068120553446
175,-1.2031446408548732,0,1,2.8943128417742914
176,-1.9744574767758976,0,0,-7.404126980360239
177,-0.45956657892087005,0,0,1.5592286681054115
178,-0.9449039808240363,0,0,3.6250596254000587
179,1.0606248498685091,1,0,3.0641647664755425
180,0.3578217135141415,1,1,5.364174720381591
181,-1.3322110228512614,0,0,-2.1399375820730797
182,1.0585318584917265,1,1,3.793643826445757
183,0.02586091162560633,1,1,4.635575902879394
184,0.9230978205514218,1,1,3.8477926841895207
185,-1.6897290521954935,0,0,-3.774152798554817
186,1.119985288913441,1,1,4.489457479971669
187,1.5929363956770137,1,1,7.046991575633439
188,-1.506134049688491,0,0,-1.8369022207349468
189,-1.3306036999590645,0,0,1.2801138845072648
190,-1.7475154247924793,0,1,-1.6031842079878302
191,-0.35483024932371876,0,0,-0.030277199286523393
192,-0.4495666523873667,0,0,-1.5298122524448825
193,1.5850022579983687,1,1,1.944068465482695
194,1.6127738656826063,1,1,1.6948069078480095
195,-1.6197104021359565,0,1,-0.1341917576253313
196,-0.519834876590298,0,0,3.949258964457928
197,1.4559070976048143,1,1,2.2548322611618503
198,-1.6160897068995688,0,0,-2.4988277156987877
199,0.42490149574318536,1,1,3.644003488624703
200,-0.8887631520105184,0,0,-0.6801807120198087
201,1.6628760378173753,1,1,3.5671090183494236
202,-1.1382507202191765,0,0,-5.061704996093151
203,1.4710044406717095,1,1,5.013503011066501
204,-1.4255621746956324,0,1,-0.4650146452043791
205,-1.0683218372860077,0,0,-1.003652652459197
206,-0.9683317725403917,0,0,2.425972474020491
207,-0.8110477706045236,0,0,-2.1483736304892984
208,-0.18637863153230327,0,0,-0.7595687217687883
209,0.7954872899204304,1,1,3.596631871629121
210,-0.43344191168837565,0,0,3.611495745843462
211,-1.0366181991163765,0,0,-0.16224636769321554
212,-1.801408486245629,0,1,-1.114783031694865
213,-0.7469416556128508,0,0,4.143161753643911
214,0.20870073881228057,1,1,3.29693870723462
215,1.6973220478851334,1,1,2.0602350504323503
216,0.4723693303785921,1,1,3.130113018783063
217,-1.873512935220789,0,1,-0.9409725768773969
218,0.6463197820453281,1,0,0.7050376123410165
219,0.3700247672445083,1,0,4.209081433622214
220,0.3063858050244792,1,1,6.373158526562273
221,-1.8590320892519125,0,0,-4.056780254015187
222,-0.35165418847316543,0,0,3.6876335114834418
223,-1.7920957903297423,0,0,-0.8659539330495918
224,1.9376976938019328,1,1,4.873756997214453
225,1.2185616526305325,1,1,5.180818968413806
226,0.6086690992401222,1,1,7.238374784799998
227,0.9689907392796435,1,1,3.9415883989822063
228,0.7182997580210793,1,1,3.70299296206159
229,-0.41326058964460755,0,1,0.9653064193417713
230,-0.2931713907909379,0,0,1.9258165151808893
231,0.024623937636195414,1,1,3.011198380695531
232,-1.6838827969496117,0,0,-2.80866330988565
233,1.122652282489847,1,1,4.2872385938282385
234,0.9533096604625215,1,1,1.8799472139633473
235,-1.3922693331321536,0,0,0.6566073651793012
236,-0.877371353284865,0,0,-2.240957528528406
237,-1.1096731619339764,0,0,-1.9223539983924602
238,-1.397892728074042,0,0,-1.9875242172666434
239,-1.4442072529701884,0,1,-0.3028904280987663
240,0.9980188474022254,1,1,6.7125148259894925
241,0.05007014797033138,1,1,3.3391855213106387
242,-0.9443191097437276,0,0,-0.871372964611175
243,-1.0890251692497879,0,0,0.4470888370207494
244,1.4710873540463645,1,1,3.8171470468660487
245,0.7552526895888017,1,1,3.0985677732729684
246,-1.76147806553309,0,0,-1.4400753052252082
247,1.089267923595299,1,1,2.648424757568467
248,-0.9043230875549115,0,0,0.3434782060410009
249,1.905394720466452,1,1,3.9492979019306578
250,-1.261902931103967,0,0,0.5965423060175574
251,-0.6259510072161882,0,1,3.67472091894229
252,-1.8219948769922114,0,0,-1.8188197888641282
253,0.6067565330418381,1,0,5.467776144409444
254,0.627863200697325,1,1,5.640201569890792
255,0.12148875466108988,1,1,5.111870308211635
256,0.7324032507386815,1,1,2.059027529325059
257,0.09656439584961207,1,1,3.0111898114222058
258,1.7361197140285372,1,1,0.44112448749107624
259,-0.9259977027953128,0,1,0.39855736539976094
260,-1.8053208680702526,0,0,-0.8663600181494768
261,1.3932594921393928,1,1,2.3975147156019982
262,-1.5294742009740636,0,0,-2.143339374772772
263,0.9026954350701728,1,1,4.349656508142315
264,-0.10609708124463602,0,0,0.9102904731747884
265,-1.1619012500593349,0,0,0.8152101828324019
266,0.4560417064835849,1,1,4.18018720670962
267,-1.828590402213996,0,0,-3.019695829191029
268,-0.35484433913969493,0,0,-0.9033516619413312
269,0.11723701479099269,1,1,4.527864430123001
270,-0.9241748641850056,0,1,-0.028580725054358602
271,0.3745672010718488,1,1,4.763469187636162
272,0.976065393763291,1,0,2.823810747015487
273,-1.8272736617959229,0,1,-0.5450864833446452
274,-1.5903697550257943,0,0,-4.214189188974715
275,-1.5169473596413288,0,1,-1.1025387645858435
276,-1.2930897464230546,0,0,0.35308801074541085
277,1.5409552790943475,1,0,1.5303251631977393
278,0.64894083056878,1,1,3.786601204036152
279,-0.5878773142945617,0,0,0.9621337268834038
280,0.5367311933214887,1,0,5.622819487214647
281,1.4639855356714566,1,1,3.8331993871229537
282,-1.9930224880129095,0,0,-4.101618515656279
283,1.6975083973010303,1,1,1.522865115412106
284,-0.05490223053925414,0,0,0.6321278252358975
285,-1.2184235278226874,0,1,1.1433529650515948
286,-0.4368961204791044,0,1,4.074886903589645
287,-0.3210090815185844,0,0,2.8977429926873874
288,0.9152071454676434,1,1,6.5230575054388265
289,0.4364541737580403,1,0,1.6102125710255026
290,-0.024008562838341074,0,0,1.6574804695547176
291,1.253786330012772,1,1,4.026798226800316
292,1.6300850041135875,1,1,3.6875718231397467
293,1.8660205774078205,1,1,3.4813322574450214
294,-1.9694759229622956,0,0,-1.8841150061980338
295,0.6753361904038173,1,0,0.7271274044224829
296,1.3829860824199165,1,1,2.7622681243056757
297,1.2382048280568756,1,0,2.370412358833716
298,-1.6162995502237152,0,0,-1.572238731025186
299,1.9983352533020504,1,1,1.9415466186404777
300,1.589664243067355,1,1,2.974682557505222
301,-1.077054686929774,0,0,-1.8556671059415368
302,1.2041294457834582,1,0,0.5791968995725325
303,1.802383099468151,1,0,0.2897696202876646
304,-1.8186885146128007,0,1,-0.5156480336890525
305,-0.5515720019468082,0,1,0.5938123264815258
306,-0.7571156591617427,0,0,-0.5606751672754373
307,-0.929867828293045,0,0,0.45723237772699565
308,0.6998790047486221,1,1,2.6865960562951887
309,0.8093741196920821,1,1,3.6635060713838845
310,1.3577321317115767,1,1,4.997260239107705
311,-1.122591643965698,0,0,-0.11686161440290849
312,-0.8609823960851397,0,0,1.2062911855764082
313,0.928570258986456,1,1,3.7171053734046082
314,0.7567809302609056,1,1,4.205097152231589
315,1.9015920369897068,1,1,4.502129710856593
316,0.35912053656432974,1,0,0.21809305380303323
317,1.0681971046993528,1,1,3.056687752513328
318,-1.4974764786206136,0,1,-1.486161128912007
319,-1.944347830842494,0,0,-4.023791062609302
320,0.13270819620842456,1,1,4.371165504251613
321,1.7108130684626843,1,1,4.218060504356859
322,-0.2628339354381084,0,0,1.0222890305453376
323,0.6286590222308819,1,1,3.8803637475644415
324,-1.8408554753960198,0,1,-0.14133280250122038
325,1.2887409077454786,1,1,4.571483340305201
326,-1.2124354833090023,0,1,0.19237149207897963
327,-0.4977492703822519,0,0,2.1077592659692534
328,1.3474761959955361,1,1,3.3747664494082237
329,-1.6944883226368854,0,0,-2.102961566121193
330,-0.19567967867417524,0,0,0.23623363302040112
331,-0.38643787352430214,0,1,3.8793787142012204
332,0.9535921576193336,1,1,2.5951435168688
333,1.7543111847717805,1,1,3.4891291402207267
334,-0.7297136772222541,0,0,1.1838120767074458
335,-1.676343561797983,0,1,0.3110268097054949
336,-1.559930189975855,0,1,-0.7447786188144652
337,-1.9509327028608991,0,0,-3.0572754421094013
338,0.14142348266725913,1,1,0.627523865524144
339,1.772499417578361,1,1,4.939969465001969
340,1.485129268440271,1,0,1.95230212058151
341,1.6636066737959565,1,1,0.1605566189912222
342,1.473913371261376,1,1,2.945329581936493
343,-1.570817825884534,0,0,-2.0360379326146996
344,0.4215207193724475,1,1,3.2007386241735296
345,-1.691114275070079,0,1,-1.6797444619087085
346,0.9817117422553219,1,1,3.6442494003969346
347,-1.3661113573964259,0,0,-1.237607725004751
348,1.8721720278429292,1,0,0.9825762918014399
349,-0.34488238094969015,0,0,-0.7230550920679153
350,0.18184777435549115,1,1,3.5352618656441486
351,0.5470199522236543,1,1,3.8125938161996324
352,-1.8289093518757413,0,1,-1.007486164127343
353,-1.4113415867835561,0,0,-4.511551795885239
354,-1.1066293204008053,0,0,-0.6927125317670297
355,-1.0674479908068264,0,0,0.37512490600064374
356,-0.37803719711498074,0,0,2.335325947995166
357,-1.3865262625855888,0,0,-0.08982299550136175
358,-1.1772383137680378,0,1,0.7171048879037472
359,-0.14812101724927862,0,0,2.675445421244611
360,0.8177905002794774,1,0,1.65301947749805
361,0.9842441706172491,1,0,1.4272271357651738
362,-0.9107469190307946,0,0,1.9674126177665572
363,-1.311768654693119,0,1,-0.3586829993520091
364,-1.2164974566125575,0,0,-0.07700231117011641
365,0.23926739648302453,1,1,2.1137058447561374
366,0.5134980900480413,1,1,6.461117759615339
367,-0.6054416480323073,0,0,0.10793615694858083
368,0.15741341285402566,1,1,5.68270600229725
369,-1.8205059816464457,0,0,-2.167386502804011
370,-1.246360697901534,0,0,-1.7454909535946592
371,-1.597743372370814,0,0,-2.585330435239945
372,0.26218354378585795,1,1,3.383204626013266
373,1.392061297732528,1,0,4.420564699348843
374,-1.1815270175705512,0,0,2.4705005952676578
375,-0.5083309454070144,0,0,1.2711443788442498
376,0.35043199961104676,1,1,4.8444380949491395
377,-1.956787019328741,0,0,-3.7276356085359743
378,0.5069656299424059,1,1,1.605782670459416
379,-0.5515700501312897,0,0,-0.5622011332814363
380,1.812284607114285,1,1,2.108484348886856
381,1.8330310823406712,1,1,3.1065788461444273
382,1.5482135441874023,1,1,3.2750183756121234
383,-1.9214161937173238,0,0,-4.160546308903126
384,1.0707803250623993,1,1,2.3019251922275674
385,-1.01842970566438,0,0,-0.8665021684554742
386,0.43746895880559267,1,1,3.4521537657072647
387,1.7446403601249973,1,1,0.6850423200532609
388,0.7889694626179762,1,1,6.67503451717473
389,-0.857019411713162,0,0,0.42539412325433956
390,-1.3969468851225209,0,0,-2.7322337015807157
391,-0.16274307463546966,0,0,1.3696033382345647
392,-0.83758398540974,0,0,1.6604129954337021
393,-1.0628019252545111,0,0,0.18405485154730705
394,0.46662141070584795,1,1,4.5514080513666535
395,-1.4212511964634942,0,0,-3.8177955620061876
396,-0.032190700411673934,0,0,2.536968144810083
397,-0.8063429906038002,0,0,-0.8738252658818625
398,0.9363875058551474,1,1,8.302933561733138
399,0.22021888569200643,1,1,2.5382940156701275
400,1.6424590677379483,1,1,2.9058145984723893
401,0.07575537232616547,1,0,3.3155755943772536
402,1.1779988153895138,1,1,3.8386310787461486
403,1.1938916692447692,1,0,2.598818650976601
404,0.5946498944276195,1,0,1.4490488041349687
405,1.28323923910192,1,1,3.668695015472405
406,0.950145555358342,1,1,5.033963447494203
407,0.7105433163583013,1,1,5.17207043164502
408,-1.6730270134655574,0,1,-1.4579410582637649
409,-0.10947660498242673,0,0,0.2353865390961211
410,-0.48294839485057217,0,0,1.5804677317325193
411,0.7882211401824075,1,1,3.5131365626531825
412,-1.630318649289098,0,0,-2.057920644572577
413,0.3305921507115386,1,1,4.02819764044067
414,1.3084161679376116,1,1,4.626547247643738
415,-1.7659778083337891,0,0,-4.123042847474883
416,1.8729011050166569,1,1,3.4394248322956935
417,0.6787481847326386,1,1,5.832468505281427
418,-1.353147320886658,0,0,-1.6654360868373077
419,-0.28782374831922475,0,0,1.7872160848914413
420,-0.5196693635404785,0,1,3.6579950962657835
421,1.1802776123636578,1,1,4.3095946778821865
422,0.09040665312919938,1,1,1.5229864499555745
423,1.4119405933364328,1,1,2.5809274395909507
424,-0.43149948090767065,0,0,3.657801230084692
425,1.1207542573861327,1,0,1.3655684338801424
426,-1.9898598481577618,0,1,-0.9873210882352863
427,-0.9395444471971035,0,1,3.2710629253814973
428,0.6966835485424046,1,1,2.51456445017087
429,-1.5520650385471786,0,0,-2.290856595079195
430,-0.9726687401986593,0,0,-0.0979265344872982
431,0.28841912080712484,1,1,5.061930156773935
432,0.2915982406555937,1,1,1.5156656295185895
433,1.3192996610974173,1,0,2.7685911340791334
434,0.8955908413214742,1,1,3.028700003050915
435,1.123423603324314,1,1,2.2525626688395954
436,-0.9972798146268738,0,0,-0.2363305721850354
437,-1.0131055202240802,0,0,-1.3942321622200573
438,0.49529232673101653,1,1,3.4381877940322583
439,-1.653371003274191,0,0,-1.3901699820903488
440,-0.6325190209667029,0,0,0.9015381490912726
441,0.07509973525298719,1,1,1.5769850488210555
442,0.05127265371691214,1,0,1.8731921720356994
443,1.3318739386268215,1,1,3.025444715691901
444,0.04138047787055976,1,1,4.735612153349516
445,-1.333192012141708,0,1,-1.1750732881492447
446,-0.24704465480841886,0,0,2.323301913017256
447,-0.2647935623512119,0,0,3.259233105376353
448,-0.58790757756254,0,0,-0.8892927638377879
449,-0.7986927896622582,0,0,0.5116707711703937
450,0.45244117906115733,1,1,3.292508722501937
451,1.485755465316576,1,0,1.6110295554593592
452,0.3994178453561119,1,1,4.5239995429012945
453,-0.6942971856399489,0,0,0.7473993427110736
454,1.468829293804879,1,1,6.0793890284707075
455,-1.4835795908252694,0,0,-1.5968382560351129
456,-1.4161575409369456,0,0,-3.4938868471379285
457,-0.7264416710935522,0,0,-0.15371186097527892
458,-0.2201474601323823,0,0,-0.5045855716003544
459,1.5165800281680442,1,1,3.131681404349336
460,1.999133391940576,1,1,0.8964395520461401
461,0.5752512461792403,1,1,4.609653765689181
462,-0.2875476700858708,0,1,1.8207672628810065
463,1.6789128006269038,1,1,4.560979939396095
464,1.0986729934967694,1,1,3.8173895432301617
465,1.8102436692736315,1,0,0.6121961822213319
466,-1.423955608293372,0,0,-1.1701222031503373
467,1.3552228366770431,1,1,3.5792580514026078
468,0.544561213455391,1,0,1.591880826588958
469,-0.30807058787626174,0,0,2.7939922753220117
470,1.7308531685305484,1,1,2.2309849313651933
471,0.48524232977868875,1,1,5.4306751584946
472,0.7888534612162945,1,1,4.377822359246251
473,-1.1741786374515102,0,0,-2.9193258413227445
474,-0.30591512357444905,0,0,1.0236672065055814
475,0.34864989750786046,1,0,1.518922212967522
476,1.2096387921748857,1,1,6.68424707013115
477,-1.501759532037004,0,0,1.2053621280483529
478,0.632650251793585,1,0,3.200609337119415
479,-0.41458429458907897,0,0,0.418243112277981
480,0.22504843064189517,1,1,4.377761860498175
481,0.2044380325776185,1,1,4.334734671636378
482,-1.8973624211398121,0,0,-2.4914539760921453
483,-0.9199996579250409,0,0,3.8153404997712794
484,1.8885662317141052,1,1,4.475028647976247
485,1.4214679025508024,1,0,1.6856689865913201
486,-1.732747987717318,0,0,-3.779709582591735
487,1.3621400515510698,1,1,5.01575586827285
488,0.012043958288843637,1,1,4.808910130653651
489,1.6558055700483219,1,0,3.840749416983027
490,0.8675230645366176,1,1,3.859591010963129
491,0.3821991405980225,1,1,5.4592263920007085
492,0.7909638907316112,1,1,3.7085878236485783
493,0.9685128999203201,1,1,3.960175300778469
494,-0.9901770450349803,0,0,-0.6967645828887008
495,1.7705136243294755,1,1,3.0062259057252954
496,-1.8086905274589813,0,0,-3.588104975101005
497,-0.5166650055583304,0,0,2.164905203177136
498,-1.5829595716773448,0,0,-1.3528970116512644
499,0.5114069226797775,1,1,3.9774081902264546
500,0.5688646725973907,1,1,5.267985945967327
501,-0.38073127880651425,0,0,1.262255801343961
502,0.7744311591861845,1,0,0.4125940856085162
503,-0.8405368279178664,0,0,-0.06378606730727487
504,-1.851432422498962,0,0,-1.6052452522751373
505,1.9054118820987056,1,1,1.6867943850711322
506,-0.7355026059375942,0,1,4.109583923794575
507,0.9969707974129833,1,0,1.621264374646565
508,-0.9653255514409946,0,0,-0.1051494019864711
509,-0.8676391846098683,0,0,0.720987666111623
510,-1.2474536576552797,0,0,-1.8957851037921891
511,0.8402727391977352,1,1,3.4486396307391898
512,1.6993323963780589,1,1,4.605373035538359
513,-1.3747032259882008,0,0,-0.44979560517394124
514,1.3829632392889781,1,1,1.9484259662984673
515,1.8536943074308496,1,1,2.902582859320477
516,0.45576891413831033,1,1,3.805063293290119
517,1.779318581508858,1,1,4.949744074779883
518,-1.3447366744968923,0,0,0.14654135696756854
519,-0.74401614925485,0,0,2.8664366376477655
520,-0.10558925536740338,0,0,3.539525737805013
521,1.9426672172476338,1,1,1.359768154108345
522,0.43789948538579715,1,0,1.184548210574396
523,0.8875761284205179,1,0,1.6186777245959827
524,0.8580193351049368,1,1,2.7369445590999657
525,-1.9150485969622681,0,1,-1.8804605772547025
526,-0.42431027317314385,0,0,1.3909397116434397
527,-1.5633820406050742,0,0,-2.787829157931292
528,0.8573468047073578,1,0,1.770549561628373
529,-1.8424139275965024,0,1,-1.7556698606815577
530,-0.7974818631094709,0,0,-0.03030232890020773
531,-0.8750278311441346,0,1,0.453233724561491
532,0.3388065674578207,1,1,6.015805512803697
533,-1.3118832146964419,0,0,0.7651107582414038
534,1.4896970268166783,1,1,5.247100043124079
535,-0.06061962348417671,0,0,3.1891876484705124
536,1.1439112416656245,1,1,3.970502152745513
537,1.7765115651829655,1,1,3.214011329671808
538,-1.0882995896379541,0,0,-0.42361936090932595
539,-1.7385329897347046,0,1,-0.5261845277923491
540,0.7406658494625296,1,1,3.0630424406773433
541,-1.33166980282838,0,0,-0.7471264853191325
542,0.009456218520371706,1,0,1.6503322223129966
543,0.03204977744697013,1,1,4.74187135295347
544,1.0961292678306473,1,0,2.2569745090867652
545,-1.088111669154721,0,0,0.015515604704170571
546,1.7537725506131832,1,0,2.831100467668692
547,0.6538936682460803,1,1,3.0919983936382183
548,0.1540954957076307,1,1,4.9743628038955325
549,0.3156450447202096,1,1,4.110964683625968
550,0.8972060340957513,1,1,3.1354884561488374
551,-1.9797144287622226,0,0,-4.483594373131938
552,-0.5858750805287114,0,0,0.3847233591390935
553,1.870820053740037,1,1,2.266573005959436
554,0.3727982664210461,1,0,1.0552509895218212
555,0.8469374879649125,1,0,3.3542459049508917
556,1.5166310977458246,1,0,1.5337026471328934
557,1.165769271691072,1,0,3.3025483240466147
558,0.8605207833937394,1,1,6.8275250470836095
559,-1.740769434227568,0,0,-2.37908166551817
560,-1.928567222317299,0,0,-2.4752367652791145
561,-1.8342810111238688,0,0,-1.6647447099852537
562,1.6986032809434168,1,1,5.834460546956386
563,1.758501665110955,1,0,1.5778180372402768
564,0.398479070257062,1,0,0.41442477747949635
565,1.8697409521485024,1,1,2.763324333295128
566,0.2485880982069898,1,1,5.853133990599084
567,0.2791235406021597,1,1,3.075676869583945
568,-0.8857550382990391,0,0,-2.6696089571146198
569,-0.6406560011663474,0,0,-1.677083508928914
570,-1.3927399698782734,0,0,1.082312838739997
571,-0.6924298014388293,0,0,0.3697515788048408
572,1.3067841153085622,1,1,3.8850872288898417
573,-1.3666361205681836,0,0,-3.6804154261820923
574,-0.4482003029156174,0,0,-0.29206636458825885
575,1.3361991957919446,1,1,2.349888349945452
576,0.5693534175671786,1,0,3.223637751225437
577,0.23908813608816804,1,1,4.8847250855921605
578,0.7723186806754234,1,1,3.670045834395242
579,1.5467679025106533,1,1,5.959296259626508
580,-1.6426981308802104,0,1,-0.21430250362248726
581,1.8654603514553831,1,1,1.158093926862004
582,0.2252286779360717,1,0,3.7679379873243892
583,-1.060339078520649,0,0,-1.4674321964629875
584,0.9948749581048895,1,1,3.102209297223003
585,0.10087808097921869,1,1,1.191889052758682
586,-1.8398055009865457,0,0,-3.9000536596777424
587,-1.7428431694136641,0,0,-3.3354075866512454
588,-0.36567104498125325,0,0,-0.19188142774740768
589,-0.16004599487441018,0,0,0.8092525752161399
590,0.6467403046086462,1,1,5.02744938805859
591,1.5130670472035739,1,1,2.680800700494932
592,-1.0198116558613748,0,0,-1.149260738647829
593,1.4089512512544466,1,1,1.4754540611362457
594,-0.0654270411765121,0,0,1.7502194084927416
595,-1.2225738482365465,0,0,-3.3461580661427957
596,-1.2142053855120083,0,0,0.42345362306031675
597,-0.29298191621816194,0,0,0.5840149383149589
598,0.30312832921783384,1,1,3.614541098533372
599,1.1403125150180893,1,1,2.1916594403253042
600,-1.3239121974368424,0,1,1.9392896335144794
601,0.15527506113428735,1,1,5.698439683867557
602,1.1600588057048231,1,1,6.595817953146721
603,1.1847552874927652,1,1,4.516750522601535
604,-1.9927066811863123,0,0,-0.546976293269892
605,1.5429938050274918,1,1,4.1754624228292165
606,-0.6145050336725757,0,0,1.5396118518346082
607,-0.8279065171848536,0,0,0.6230962477239992
608,1.3163996210269957,1,1,4.709263594530674
609,-1.4177531245776551,0,0,-1.205204659814219
610,0.6502780642114616,1,1,3.594472378321988
611,0.4999270790125223,1,0,2.56520590798585
612,-1.1897931693117583,0,0,-0.830017210312857
613,0.113018752294066,1,1,5.224873832334357
614,0.8916636806095166,1,1,2.779322362489789
615,-0.5457219332169911,0,0,-0.8024274887156595
616,-1.6254129121332497,0,0,-3.2664176678539514
617,-1.6932866790965853,0,0,-2.9292479372098734
618,-0.5164258048904746,0,0,2.576122623630045
619,0.6959051041952566,1,0,3.462447114328053
620,-1.2856156438293609,0,0,-1.516800793416253
621,-0.14184683308153234,0,0,0.6952490847092708
622,-0.4563053246939264,0,0,0.8926629286513764
623,-0.32634055716958743,0,0,2.3279794558143614
624,-1.7270252563821793,0,1,-1.0980100593239497
625,-0.2860029196762417,0,0,0.2177673799558537
626,0.4202649210578291,1,1,4.402373703820695
627,-1.8604022492871342,0,0,-3.257558106067072
628,-1.4456326859017654,0,0,-1.2622883590261387
629,0.30845998576856903,1,1,6.529908875000283
630,-1.7542062275709616,0,0,-1.9630696949661892
631,-0.9401748862845607,0,0,-1.1252839948290274
632,-1.7269995797000481,0,0,-4.275810916239346
633,-1.3778468443492655,0,0,2.1122359531200825
634,-0.260366770950597,0,0,1.5110502295983805
635,-0.188383155437172,0,1,3.323256400036626
636,-1.6146912257163613,0,1,-0.2568266140052491
637,-0.8636809037497613,0,0,0.8276111561102362
638,0.3866536285057518,1,1,3.6429717106201895
639,1.522164615212097,1,1,4.279725330334907
640,0.9860646745015895,1,0,0.6513137411852227
641,0.26511827847201674,1,0,4.755189045563883
642,1.3932323836395444,1,1,4.6473211677634625
643,-1.6934710753376856,0,0,-1.4814535879150634
644,-0.6424654299566726,0,0,2.0591137246068456
645,0.5019573368813557,1,1,5.107263424092536
646,-0.9608678384531295,0,1,1.3006954322026898
647,0.30859058364088454,1,1,5.175890966613995
648,1.947666029507662,1,0,-0.413664642312507
649,-0.47656459348062574,0,0,3.187953630082499
650,1.4343951302499756,1,1,6.422819666824547
651,0.948861007302912,1,1,2.4458396162116784
652,0.03451397213008134,1,1,4.414088907829028
653,0.33936180448814657,1,1,3.355286410027658
654,0.9373286640555825,1,1,2.355343997919576
655,1.1906139188338818,1,1,5.2333609272986745
656,-1.8011405729217018,0,0,-1.369643821510203
657,-1.8613341809321788,0,1,-0.23525447156303914
658,0.5992316090163374,1,1,3.3319201042178994
659,1.8845938569713208,1,1,1.692006919680523
660,0.803091987425991,1,1,1.4510851175744564
661,-1.429884932103286,0,0,-0.6542980517665863
662,-1.818489523751175,0,0,-3.857301352028002
663,-1.1674225640607743,0,0,1.3264564552050244
664,-1.0758278329010023,0,0,-0.2634329671124376
665,0.6548449816185333,1,1,3.3787632836104597
666,1.5311708877237789,1,1,5.687814104013978
667,1.4657855683691081,1,0,0.4035684988265851
668,0.22580663752878793,1,1,3.004280162467612
669,-1.070288114441933,0,0,2.0058479809589027
670,-1.2223790964078791,0,0,1.3944711437598507
671,-0.3983067287415363,0,0,1.156247445664359
672,1.9311477447191074,1,0,0.41968751595555165
673,0.44850078103361435,1,1,6.335655782970884
674,-1.5614977378019028,0,0,-3.1392627244427733
675,1.8038301221652198,1,1,4.668802670753529
676,-1.2631349968928522,0,0,-2.1331973230055596
677,1.4346444409852177,1,0,1.9169679558420263
678,-0.43650712442016726,0,0,-0.25831821201326965
679,1.713569292091404,1,1,2.833967409487307
680,-0.8010448797238472,0,0,2.0253931198871187
681,-0.8913201479453732,0,0,0.34981611470321483
682,0.4051216787556191,1,0,2.9857763696044355
683,1.4957825812619294,1,1,3.355386799537608
684,-1.1955643380714425,0,1,1.3005092329966428
685,1.7389346860141979,1,1,4.821309739490017
686,1.0651593927563088,1,1,4.027098281805019
687,-1.553564185767836,0,1,0.3400987455183233
688,-0.3333449003649158,0,0,2.193315049192061
689,1.5586591625519075,1,1,3.3139287430575823
690,-1.579696714657553,0,0,-4.1523213649883255
691,0.4056589717318366,1,1,4.7159623050674835
692,-1.6067670186820044,0,1,-0.8991621230532099
693,-1.6782276659460034,0,0,-2.628563413110045
694,-1.5536440752282865,0,0,-3.0051326076831892
695,-1.6550082821428327,0,0,-5.491454040518409
696,1.5575096608638028,1,0,-0.166256131595174
697,1.9925035584797635,1,1,2.8730233578051965
698,-1.4780287292607133,0,0,-2.469937320726018
699,-0.48868001525769555,0,1,0.2991659268431488
700,0.48951971767877867,1,1,4.923160406626686
701,0.13931779159690283,1,1,3.371675443999557
702,-1.1295738251175722,0,1,2.775901237005291
703,-1.297840274401179,0,1,1.3058156498993339
704,-0.8945340602992209,0,0,0.011896499294427987
705,1.4743065146230565,1,0,2.2510496538945186
706,-1.4224376541711146,0,0,-0.8824610073278607
707,1.8503254201076684,1,1,3.1009244372910683
708,0.5316562100304729,1,1,3.486170883937131
709,0.46035033637470324,1,0,-0.5630141948918317
710,0.5508649760452204,1,0,4.151531287364038
711,-1.5589786165988997,0,0,-3.2350858617489626
712,-0.6083145686746376,0,0,-0.8632300298425635
713,-1.1304504512280271,0,0,-1.4535583917149066
714,1.072510308197133,1,1,4.321798150008833
715,-0.3598839567382224,0,0,1.734315492375778
716,1.4057883346969944,1,1,1.5846570191663296
717,0.4856774156967485,1,0,0.7899202855884202
718,0.08951649973533682,1,1,4.463643910659786
719,-1.545052372004982,0,0,-1.2362982896059587
720,1.5521029170357328,1,1,5.898179781528429
721,-0.3311864697912128,0,0,1.6853789667731727
722,0.2620778802308328,1,1,2.9077134438874666
723,-1.6739479410629232,0,0,-2.2872959075982853
724,-1.2948302202223898,0,0,0.21824513972217513
725,1.3163999724598376,1,0,3.0253722669460683
726,1.1140495717697503,1,1,2.1245571913056636
727,1.3121392515210446,1,1,3.534433464184252
728,-0.33606339075629554,0,0,0.03262720094326402
729,1.6986936661631495,1,1,4.458694553376727
730,1.6641487355195963,1,0,0.5900561705714633
731,-1.5011461399042734,0,0,-1.7529187995660476
732,0.5672865339949342,1,0,-0.6358519264341069
733,-1.13886383861578,0,0,0.4825347592206647
734,1.9667020464702842,1,1,2.6290284825075902
735,1.731835823655667,1,0,1.4532286716180882
736,1.446983863660221,1,1,3.741826469137349
737,0.13390747358389055,1,1,1.9554551134492177
738,-1.623791986848504,0,0,-2.6994489511647646
739,1.5264747195736845,1,1,1.5907294696211345
740,0.45066644905011843,1,1,4.2118435147962385
741,-0.34495130290622145,0,0,-0.12420046257977714
742,1.8045638337229741,1,1,3.954258834099491
743,-1.3380991141254772,0,0,-0.29243591073382424
744,1.896381326308946,1,1,2.3320450298656468
745,1.8562802637411822,1,1,0.841464846097034
746,-1.194087993896856,0,0,-1.2557470318046577
747,1.7216161359940125,1,0,1.975143244043403
748,-0.36636570352638964,0,0,1.2213052271277651
749,1.0985511059348525,1,1,3.6319036818980557
750,1.25979678868597,1,1,2.1055090742387037
751,0.6481262565694288,1,1,4.958555066350375
752,-0.4244046671889645,0,0,1.2808537280004073
753,1.8949863944798988,1,1,3.891700132615473
754,-1.1351135751659296,0,1,2.938660143783569
755,1.2236114291554085,1,1,1.8446722333375254
756,1.4949851805552639,1,1,2.5129751462855308
757,0.7689082190463927,1,1,2.696810186004367
758,0.1368212178573618,1,1,4.9624458999900725
759,1.7737116120193264,1,1,3.5902482248401837
760,0.15713081223245373,1,0,2.0686257400804378
761,0.6812524519304515,1,1,2.639409523437184
762,-1.0929725765861176,0,1,2.342278095017371
763,0.5633440872114033,1,0,3.3381582253824744
764,1.8366372784714033,1,1,5.630337394628503
765,0.0530588011835289,1,1,4.388720344350724
766,0.980998979683831,1,1,1.7968822478917281
767,-1.198965790944719,0,0,-3.150523669106892
768,1.126648323152743,1,1,3.0906437940003695
769,-0.5466095418821602,0,1,3.8685610416953042
770,-1.580503867636533,0,0,-3.389739112224083
771,-0.9278399004812434,0,0,0.9070468413836621
772,-0.6992480942690613,0,0,3.550251211822057
773,0.18235427339031662,1,1,5.0543940373408835
774,-0.5032430267307983,0,0,1.503637241778618
775,-0.5737741956057762,0,0,1.4543615648255974
776,0.8327599516908029,1,1,3.265740295866266
777,1.193707647730549,1,1,2.85202701960781
778,1.9564073873347163,1,1,6.558435000403154
779,-0.13557606070932016,0,1,2.1282942428868523
780,1.8303243752829248,1,1,2.920255719895999
781,1.550524144748513,1,1,3.435525943423367
782,-0.024924863330856528,0,0,2.6515478594796003
783,0.5054655261083734,1,1,4.476707591772467
784,0.14203129102744727,1,1,2.638226256363076
785,0.24626400790339875,1,1,6.085782848276512
786,-0.4362729441262818,0,0,0.17706595921160206
787,-1.9926238662711033,0,1,-3.3017840231130995
788,1.884915046222325,1,0,2.509839813595203
789,-0.9585245003809253,0,0,-0.5962806809390478
790,1.5924918705940367,1,0,0.858754823342099
791,-0.9493059637107186,0,1,1.2873903254549477
792,1.1701040251698003,1,1,5.558334777359619
793,-0.07375842353526085,0,0,-0.8333709346706897
794,-1.714641754920577,0,0,-1.1842826712861594
795,1.0649251023551627,1,1,4.056238718839871
796,0.08021443264530781,1,0,-0.5914288297597324
797,0.24981825632581778,1,1,2.7914116509097227
798,-0.2295714556478945,0,0,0.1871356820973904
799,1.4369333546502525,1,1,3.8689045040646004
800,-1.7932476309949927,0,0,-1.741000252897089
801,-1.900503643193574,0,1,-3.0330798793194464
802,0.20334190807457098,1,1,4.138821390144333
803,1.1697847554219498,1,1,4.566406703167826
804,-1.7918914315992938,0,1,-0.8421135127973245
805,1.4526989167118964,1,1,2.6336627086999265
806,0.39123298674614126,1,0,-0.4523410136517613
807,1.6278655124281105,1,1,1.4610309653738458
808,0.5834204519378234,1,0,1.8552429289186088
809,-1.9810995641081202,0,0,-3.6041517480715317
810,0.9563359835427043,1,1,4.971987546507526
811,-1.6580781329197554,0,0,-1.484859137825917
812,-1.2525727657356076,0,0,-2.323418129953475
813,-0.5186889092143647,0,0,1.9730594391107255
814,-0.030090983453812115,0,1,4.05245229996521
815,1.0373667090109082,1,1,4.8132848461416975
816,-0.12746671314684788,0,0,0.40833829576770886
817,1.0589925971437468,1,1,-0.3660307890975574
818,1.6525760312270492,1,1,4.060961646863181
819,1.1460283109201561,1,1,4.055117819602829
820,-0.9476762857205991,0,0,1.2890485690469569
821,0.9379286515461605,1,1,4.735134960234844
822,0.7680743912905146,1,1,5.254441103439845
823,-0.8647753017833262,0,0,0.5193395077255991
824,-0.4600380185026589,0,0,-0.6881583206425528
825,0.7086030263846652,1,1,3.554190379210465
826,1.9643840496256577,1,0,1.0618693841896052
827,0.28350274419041765,1,1,3.9353720430167587
828,-1.6424165537600715,0,1,-0.39008361277900705
829,0.14370812417521373,1,1,5.50579660754416
830,0.3181637983277277,1,1,1.5592236430254571
831,-1.051164913014548,0,0,-0.1671908424112174
832,0.939629486023553,1,0,3.7714841869971547
833,1.0412966951629508,1,1,6.4397872659390245
834,1.4417018324730915,1,1,1.7041376468977263
835,-1.0664677217008447,0,0,-3.139804446603238
836,-1.7255512618756979,0,0,-1.936930355102399
837,1.0531903513160983,1,1,3.260659910809867
838,1.930293852148616,1,0,2.061279368265326
839,1.0667211619341659,1,0,3.6715135521553415
840,0.7994610989858795,1,1,5.425528997673773
841,1.474898348437422,1,1,2.0178526235410432
842,-0.8156520420369318,0,0,3.6355616459323867
843,-1.2543873559395062,0,0,-0.03852302435037369
844,-1.3841960259736732,0,0,-0.47717792201938947
845,0.23334114043911913,1,0,3.8740226657052577
846,0.46392496296422836,1,1,2.0150990317912694
847,1.6249495648357217,1,0,0.6696722105260252
848,1.6075420073974684,1,1,6.002843735992018
849,-0.17399257416950764,0,1,2.546064490399961
850,0.6096660029853607,1,0,1.8945798961729552
851,-0.24429133712184692,0,0,0.10976300354533786
852,1.6977230660891172,1,1,2.2976584769468182
853,1.2892917120599146,1,1,5.492810404474684
854,1.113789013191143,1,0,4.177029845141935
855,-1.7119283175612292,0,1,-1.1776537993490876
856,0.30830389330326113,1,1,5.845765752689733
857,1.3948613348175294,1,1,4.232619216050564
858,0.7801321431699524,1,1,1.9741707935776647
859,0.5819583622716884,1,1,3.3025902540995045
860,-1.8345795643508467,0,0,-2.4065687140876184
861,-0.8507896172675338,0,0,-0.4647773189970219
862,0.43543193748225395,1,1,3.171471332746904
863,0.11445388240756971,1,1,3.585735138787567
864,-1.4578989263312137,0,0,-0.8588030550878991
865,-0.27637897309125714,0,0,1.614852138674578
866,-1.109653679045461,0,1,0.46949331085345536
867,-0.23331357497840743,0,0,0.8451363611646253
868,-1.9009472089085073,0,0,-3.480708353222642
869,0.4920363508486494,1,1,3.5372643020698593
870,-1.7258259070109405,0,0,-1.5235051961500594
871,-0.08376556945585589,0,1,2.198996671846186
872,0.732198754691018,1,1,2.346381047765517
873,0.5399774618103867,1,1,3.1693317714455427
874,-1.3375410366019684,0,0,1.3456467713141458
875,-0.33689786062752214,0,0,0.9004328285152887
876,0.38466240708967847,1,1,3.889502862328451
877,1.3363449961471425,1,1,3.6107851986685224
878,0.796033810650008,1,1,5.640279569347325
879,1.533973676595569,1,1,4.752545132769542
880,-0.07219381062741581,0,0,-0.057887668255693026
881,-1.4339139829187948,0,0,-3.0408810899718857
882,0.6422332044181505,1,0,0.30515760199194386
883,-0.8537349119308857,0,0,0.3780084010719249
884,1.6076394739839763,1,1,4.175118970022858
885,0.31249810345466233,1,0,3.1048544745410833
886,-0.18102208663925,0,0,0.2844897733850065
887,0.21331553905802192,1,1,2.78603334149474
888,-1.3947419459393693,0,0,-0.8410482885290196
889,-0.10392239326284836,0,0,2.0249178804728403
890,-1.3209649620187478,0,0,2.0997470564435208
891,-0.5819727895328044,0,0,-1.3030297706541714
892,-0.34674009672343153,0,1,1.4304868607162324
893,-0.7629408581646122,0,0,-0.9593086294108172
894,0.12875394078544566,1,1,6.786689560829281
895,-1.347986344431773,0,1,-0.8631873184088263
896,1.6227086367660966,1,1,3.7796213810793575
897,-0.8582381895947924,0,1,4.587763695887688
898,1.0752408419102806,1,1,2.7224403348500257
899,0.0002957153684910452,1,1,2.4125244866415656
900,-1.71982047122119,0,1,-1.4688846171988734
901,-1.46002172443513,0,0,-1.029370953519789
902,1.9443124146893926,1,0,0.31945570212699675
903,0.7174169556552821,1,1,0.6495413234045444
904,-0.44941608128896604,0,0,0.10716329483930107
905,1.5964613729755825,1,0,4.764279635661704
906,-1.5116525995034533,0,0,-1.8196676090495378
907,-0.1172986995137042,0,0,2.082060550916882
908,1.56768275530986,1,1,1.5339343948813209
909,-0.3644321284961589,0,0,0.6493459071600597
910,0.3495362067716705,1,0,2.3524831177504755
911,0.16046410252989585,1,1,5.149843264774202
912,-1.049731562403461,0,1,2.2668552585633868
913,0.5362995532320696,1,0,2.8224032625417648
914,1.4957779081550062,1,1,4.404312764614538
915,-0.9598115819283284,0,0,-0.006578908660358762
916,-1.155281360364068,0,0,-1.7246375064116921
917,-0.31526118725750507,0,1,1.94063934483342
918,-1.169710859542846,0,0,-0.8551306231364986
919,0.14631940836084434,1,1,1.3537511615340405
920,1.3625635314064204,1,1,4.9103720031134355
921,-1.626291793328484,0,0,-2.0771010562787966
922,1.9320361132978991,1,1,2.5287780597166227
923,-1.3189987609511333,0,0,-2.1784939552724225
924,0.8877498822980248,1,1,2.1496144563329227
925,1.2347225230974113,1,0,2.665057402889411
926,-0.5513993294535622,0,1,4.690557098940694
927,1.1599583071153567,1,1,3.3876851331685565
928,-1.1869533730574884,0,0,-0.18068192432194197
929,-0.7456797216932682,0,0,0.9444448301445376
930,-1.9893534984778554,0,0,-3.3424564180849576
931,0.5420259560092795,1,1,2.8051758492464938
932,-1.0503499213198801,0,0,-2.4005543288059643
933,1.9127875481936063,1,1,3.7993390507715006
934,-1.6383984009860604,0,0,-0.7151860636905119
935,-0.5815677944445503,0,0,0.8151018493675517
936,-0.4297545283821109,0,0,-0.6964269584253172
937,-1.9092065354054046,0,0,-3.532365505560522
938,-0.4204335380667419,0,0,-1.0915307315190705
939,1.0116601429056118,1,1,5.115760183254095
940,1.8362131818190393,1,1,4.588760711641785
941,0.8590468836007705,1,1,3.292670556611426
942,0.5090410338758913,1,1,6.509571882116303
943,0.07270406126726492,1,0,1.9616760186155466
944,-1.8631936780390665,0,0,-4.374050238346228
945,0.40318394094116794,1,0,1.3998501697134262
946,0.7189611313142477,1,0,4.544171224612818
947,1.2522722697396054,1,1,3.1069100507691845
948,0.7366324047408961,1,1,2.6000532890772647
949,-1.2941897924488193,0,0,-1.3394107795572467
950,1.067048097729741,1,1,4.89096506919503
951,-1.7135874138929568,0,0,-4.471901133921898
952,-1.3567967543480202,0,1,0.9456997481504057
953,-0.9036018027104871,0,0,-0.8745635930057936
954,1.2699038638304474,1,1,4.2850834609279325
955,1.2557191635275102,1,1,5.2606555329268385
956,-1.3133937249107848,0,1,0.29451118460802395
957,1.157103033438763,1,1,3.985845804336276
958,-0.6685730759296131,0,0,0.2917497082335384
959,1.842535190083097,1,0,0.7277998684245651
960,-1.744355515343825,0,1,-0.6626114244848504
961,0.15827702159204804,1,1,3.657567247300408
962,1.3418451645360374,1,1,2.7654739134042163
963,-1.2608692734104796,0,0,-0.43389929455673937
964,-0.1230718966597859,0,0,1.082953898676995
965,-0.4166716990941066,0,0,0.7948552254207093
966,0.5749089249988879,1,0,3.320864992126733
967,-0.6248113148253238,0,0,0.16969710043521746
968,1.4751413936676747,1,1,6.105749221018122
969,0.5456571089868896,1,1,3.7368779484947563
970,-1.318394051919825,0,0,-1.4668377231621164
971,1.4877412493554325,1,0,-0.14781766801442053
972,-0.4809324966827626,0,0,0.7293207521869027
973,0.5114509891225345,1,1,5.353776208293212
974,0.897970091615695,1,0,1.2654034901703435
975,0.7761269312884083,1,1,3.814954731797783
976,-0.14051786557782497,0,1,3.785230230280636
977,-1.096418977910993,0,0,-1.9104415739016927
978,-1.2167549697493545,0,0,-2.069528352105069
979,0.44935434997769486,1,1,4.8153794041835205
980,-1.9782758934365572,0,0,-5.438941179475601
981,-0.009842759666796042,0,0,0.24226772792978257
982,0.0826366211366456,1,1,0.09566616589391908
983,1.1463036960321955,1,1,4.406688700227132
984,0.3114666048789889,1,1,5.071352142250272
985,-0.34379967013664725,0,0,1.7711282348444761
986,-1.2826549308759585,0,0,-1.3808556889621049
987,-0.8036029139871319,0,1,3.789237656923937
988,-1.0804533173748783,0,0,0.5619154177441731
989,1.6558184331919263,1,1,2.4843284050155074
990,0.32446842761695205,1,1,5.03438835175001
991,1.5874167141699864,1,0,0.2328578861203341
992,-1.8730174357853193,0,0,-1.145864473842812
993,-1.7387301276416278,0,0,-1.5438358776578824
994,-0.7536150204322385,0,0,0.32854127909492525
995,1.1385453192923642,1,0,2.1357209590625352
996,1.3522707136872185,1,1,2.673252332620945
997,-0.5776831753708267,0,0,1.7490410471840976
998,-0.8170058568313019,0,0,2.1211092116644847
999,0.4513091211469029,1,1,4.7287365766257325
1000,1.8287766711765183,1,0,-0.9235757958256023
1001,-1.576507807350548,0,1,-3.483164805856048
1002,0.3887896826392754,1,0,4.682579475675793
1003,-1.6954072620229224,0,1,-0.9833342864241934
1004,1.2650095924003866,1,1,3.1640524896715942
1005,1.339670848756414,1,1,5.646059573315446
1006,1.7292800918974787,1,1,2.3408441853965813
1007,0.37707873383176826,1,0,0.6669129869654058
1008,1.8603789414190635,1,1,2.84212722790008
1009,-0.8107631712010961,0,0,-1.4812939029979253
1010,1.1323200387216548,1,1,6.398731163403886
1011,-0.5022005525947604,0,1,1.21879739432487
1012,0.7795508644843228,1,1,0.9548304085696215
1013,-0.28248077352669787,0,1,2.098286833240563
1014,0.1100059538611502,1,1,-0.42477757882970923
1015,0.6847528680360941,1,1,4.213052900375211
1016,1.875258248717735,1,1,2.9284638557622737
1017,-1.3907079786091203,0,0,-0.8336989128689696
1018,-0.3046465438624737,0,1,1.7494109129165816
1019,0.0659273048200375,1,1,4.411200913218038
1020,-0.37528097799228277,0,0,2.7317909773007187
1021,0.7477428765903658,1,1,4.164025156226122
1022,-1.421302839100786,0,0,-3.328703984840276
1023,0.1908539743008033,1,1,2.6673762992050545
1024,0.13841172827355708,1,1,3.0002282009395973
1025,-1.1392984073422054,0,1,0.3360043555145207
1026,-1.2586055891145804,0,0,-0.7982548061239856
1027,0.28858027608613357,1,1,2.8035373569467033
1028,0.2855697455971007,1,1,4.852653812628837
1029,0.696670318253628,1,1,4.653231757173624
1030,1.4507336686659373,1,1,3.082355298442992
1031,0.7553774581174375,1,1,2.29880441695712
1032,-0.9915881985907697,0,0,3.598967915209659
1033,0.5318209136957521,1,1,3.2943147220084255
1034,-1.3594900448918459,0,0,-1.3443082610389274
1035,-0.678897090214321,0,1,-2.5763948538297203
1036,-0.4218923183205896,0,1,3.646374790802482
1037,0.9947150397316458,1,0,1.4150238068687406
1038,-0.9229643460370136,0,0,-0.09101142976513285
1039,-0.5482538338896834,0,0,-0.23955481738708473
1040,0.868524170473973,1,1,6.89431286409569
1041,-1.1536338562858375,0,0,0.1546683759197981
1042,-0.6816065659402106,0,1,4.104318070307061
1043,-1.5253858484920624,0,1,0.17204442404439857
1044,-0.9778757478750295,0,0,-0.23160809089903123
1045,-0.4479357700817026,0,0,-0.357798271899885
1046,0.2856146373571602,1,0,5.648753520402093
1047,1.7744403041414678,1,1,3.3833341296742967
1048,0.127694876898218,1,1,2.3502616730005963
1049,1.397099412442551,1,0,2.109871606480083
1050,-0.7143096539636922,0,0,-1.894029952619208
1051,1.485555397788945,1,1,3.921064087662963
1052,0.05189961887006378,1,1,3.026702237531497
1053,-0.4214549905787366,0,0,2.6988491383955653
1054,1.3641260581139787,1,1,3.1103929107307007
1055,0.33457878620606074,1,1,3.641529356180498
1056,1.3204168315295912,1,1,2.440107123707043
1057,0.0992198310559016,1,1,3.207260449304067
1058,0.1364016916889459,1,1,5.090052042354765
1059,-0.24794615127059316,0,0,-0.6172778410436361
1060,0.9073102928145937,1,0,0.23460070220913654
1061,1.773625705966929,1,1,2.1735429095273915
1062,0.8148004515405427,1,1,4.023594438308091
1063,1.3001307836475569,1,0,3.1981036457907357
1064,1.397746451865609,1,1,4.454523053559461
1065,0.0831077762033634,1,0,0.999237856086431
1066,0.9973810410260975,1,1,5.249212546292162
1067,-1.5746951883725742,0,0,-3.4202796032815224
1068,1.92509544581457,1,1,1.9936865732279223
1069,-0.6871827991606119,0,1,0.2281248823585098
1070,-1.0884150016854663,0,1,3.945863382516295
1071,1.9213017498581197,1,1,2.6076118937605184
1072,1.7217027862892924,1,1,2.0679477718813755
1073,1.977558074133361,1,1,2.422153029498018
1074,0.02753493515592842,1,0,-0.6135791929198717
1075,1.829183703157383,1,0,1.7360262618765219
1076,-1.4094044467369011,0,0,-2.077300788477953
1077,-0.5825173477904055,0,1,1.1380637508469746
1078,-1.2392696147737694,0,0,-0.017105907650598995
1079,0.16225631599568524,1,1,5.312879837933618
1080,1.9627151757336114,1,1,5.579351354751386
1081,0.3251261193559145,1,1,2.1908346292372656
1082,1.094170725107908,1,1,5.2056633370141565
1083,1.4890232621832094,1,0,3.0048661657121616
1084,1.1599400446443626,1,1,1.4004589388661208
1085,0.4632776784851007,1,1,3.982397850212416
1086,1.9023132839458183,1,1,5.081540622558587
1087,0.7805730036455567,1,1,2.656016734996713
1088,1.3035608486885817,1,0,1.4177073575674453
1089,-1.8797043982521262,0,0,-4.551076316601547
1090,-1.3515873505800986,0,1,1.2099627421082935
1091,-0.7310036481592594,0,1,1.9449974418079417
1092,-1.237727103365144,0,0,-1.656562984262905
1093,-0.07973593641965904,0,0,0.9175538179681028
1094,1.2498108805316068,1,1,3.690547788361968
1095,-1.0856044197478067,0,0,2.5805147197410094
1096,0.12395050185141043,1,1,2.3164678354929276
1097,-0.2189220096851372,0,0,0.8882276709634459
1098,0.12684907292741876,1,0,0.9494956473538532
1099,1.5087987997716956,1,1,3.103586496433035
1100,-0.8846058150885807,0,0,-0.5051055491500478
1101,1.5291112720706068,1,1,2.388356387188808
1102,-0.020941551742760023,0,0,1.2753186378241967
1103,-1.475222293348632,0,0,3.285808960409844
1104,1.7945086275614863,1,1,4.526160521848281
1105,0.12885766462066595,1,1,3.545587301679301
1106,0.5194725691146802,1,1,2.610878214625836
1107,0.3516042785954534,1,1,4.399562818582316
1108,1.8338622028396263,1,1,1.4726492137984988
1109,1.4935757210163714,1,1,3.0303471849536012
1110,-1.1358655641193942,0,0,-0.6391396354746376
1111,0.62949293943944,1,1,4.325731487730476
1112,0.8142836864265388,1,1,2.43861484686319
1113,0.22649641071016724,1,1,4.965595529679295
1114,-0.7590273349672048,0,0,2.628453562627975
1115,-0.7999727583484804,0,0,1.2201891770651592
1116,-1.0207202761241323,0,0,-1.1884373013560856
1117,-1.2521805129279482,0,1,-0.6526958093872177
1118,-1.1371078154360532,0,0,1.4263983721841766
1119,1.6992763618167133,1,0,2.2959002255893743
1120,1.1358175406773374,1,0,0.4989122917110399
1121,0.9774874260330488,1,1,2.7625021997544046
1122,0.3698975152666004,1,1,2.610697029158999
1123,-0.9232241962579537,0,0,0.282661765147483
1124,1.2246161330090448,1,1,4.794910062595623
1125,0.27834686255801877,1,1,4.203520797167598
1126,0.601881560109605,1,1,2.010803768838591
1127,1.6524678141031575,1,1,1.597110734024579
1128,-1.1137480988462372,0,0,-1.1027240808102967
1129,-0.5208497073794391,0,0,1.5877867889657775
1130,-1.6478956237832305,0,1,-2.3233833621665547
1131,-1.022497783034939,0,0,0.3566060918666232
1132,-0.15481722648178176,0,0,3.38760019255714
1133,-0.09240068240786226,0,0,3.5765863775125126
1134,-0.8486849675669998,0,0,1.6532352742001764
1135,-1.795018609893305,0,0,-1.383034477090998
1136,-0.27751339966976074,0,0,2.2889836056445505
1137,0.17330101532973963,1,1,2.6666135712413963
1138,-1.0755753324358452,0,0,-0.29038299163397296
1139,1.7032721732196747,1,1,4.904268490142613
1140,-0.21637466042260245,0,1,1.3833258258432801
1141,0.033534306299397354,1,1,3.686485393866559
1142,-1.3854197981734844,0,0,-0.9973957013317126
1143,-1.485049135991399,0,0,-1.6336627383641331
1144,1.9701049192077713,1,1,0.016435066196433423
1145,-0.6835794871556784,0,1,2.1058322755258247
1146,-0.05230766596309877,0,0,-0.5534658161217285
1147,-0.26496183239572213,0,0,0.9306971804100672
1148,1.5077562479287634,1,1,5.426889303433089
1149,1.283768133501967,1,1,5.199046826633403
1150,1.316651293630962,1,1,4.03716597962778
1151,0.6711975804086219,1,1,0.928142340718684
1152,1.6366873851991213,1,1,4.529012522039933
1153,-1.1124454216457482,0,0,-0.8902680261887629
1154,-1.99958531859001,0,0,-3.5382386989373433
1155,0.9127380453706264,1,1,6.298106058584441
1156,-0.9152490477345445,0,0,1.4014427829934235
1157,-1.6181517511725882,0,0,-0.811187269255926
1158,-0.2149707799368179,0,1,2.536856044380827
1159,-0.4721269797151879,0,1,2.3980840846851263
1160,-1.8648205895068592,0,1,-2.2515097747252346
1161,1.6060507260729855,1,1,3.389585376903936
1162,-1.8840953216799576,0,0,-3.259945032070057
1163,0.36409641313518293,1,1,2.6403846072081434
1164,0.9387499862152051,1,1,4.3009265169732664
1165,1.3138973444768727,1,1,3.0607783478301203
1166,-1.8075880273014873,0,0,-1.7423775631950376
1167,1.7168166131475737,1,1,4.086860734407292
1168,0.3195456594854664,1,1,2.7768088884607702
1169,1.2108352256300852,1,0,0.8720896688134503
1170,0.41346166920183336,1,1,2.1736974923539427
1171,-0.9866228939892023,0,0,-0.675876789031562
1172,-1.1336840605057001,0,0,-1.6949724359242617
1173,1.2992122663636074,1,0,0.821431517423037
1174,1.6048048187380806,1,0,2.8019144842466672
1175,1.4613145798484877,1,1,3.508517954657477
1176,0.524750423130532,1,1,6.00510755165173
1177,-1.8716456759888902,0,0,-3.589346928924021
1178,-0.669217389880814,0,0,2.142805528824064
1179,-1.2876481830490505,0,0,-0.10478884660407894
1180,-1.2050261544338619,0,0,0.6557488525178402
1181,-1.1802144508916408,0,0,0.7285363282548841
1182,1.5628139392142373,1,1,1.7674632110680744
1183,1.4181571712700745,1,1,3.560406281765969
1184,-0.17387835332780055,0,0,0.5308599846134098
1185,-0.7101336074238933,0,1,0.803592604717035
1186,0.4248523745546895,1,1,4.2407081552526575
1187,0.2925199202406512,1,0,2.30720773057477
1188,-0.839714524851126,0,0,-0.40149908362409187
1189,-1.3754787132032766,0,1,3.6890072059527057
1190,0.1254666754693483,1,1,1.4148328438671993
1191,1.9781180434145842,1,1,1.1358909647757787
1192,-1.1671606197684494,0,0,-0.05990821918302158
1193,0.1632470612127328,1,1,2.551666939073593
1194,-1.9961223043757106,0,0,-2.5060610008020596
1195,-0.4989376650131243,0,0,1.3460401323248996
1196,-0.5129691673540755,0,1,4.998531421374156
1197,-0.644802933361794,0,0,0.6683953996089402
1198,0.9618563897724344,1,0,1.6429098788648013
1199,0.018546117349927727,1,1,4.18661558073434
1200,0.8110773001689364,1,1,3.3554708229258448
1201,0.186064793958169,1,1,2.710396147850511
1202,-0.7068420398517934,0,0,-0.46874782332376586
1203,0.9965224103599133,1,0,3.0085298643720826
1204,0.14966945557666722,1,1,4.247402741437169
1205,-1.5606184310523146,0,0,-3.2485137532652777
1206,1.5700313776862882,1,0,1.3890636431923373
1207,-0.09782604028704789,0,0,-1.0897280287635267
1208,-1.2527082907230067,0,0,-2.0624390723623183
1209,0.9974857716010792,1,1,3.7803908485763786
1210,-1.3559726441481321,0,0,-0.41275727857883304
1211,-0.3753062051933145,0,0,0.7201655934503071
1212,-1.3926685489891741,0,0,-0.9326229093045015
1213,-0.230002526378684,0,0,-0.5883755749946626
1214,-0.8736329792457087,0,0,0.09606826622922027
1215,0.7647384037222484,1,1,2.1062728180178327
1216,1.7060164805738407,1,1,3.8774187846467347
1217,-1.2215154805363437,0,0,-0.08292742525212035
1218,-1.5498219383281864,0,0,-1.6043108909208428
1219,1.510045252283335,1,1,4.7092322429482465
1220,1.96276826725635,1,0,0.25473093990153267
1221,-1.1626698068476293,0,1,0.1417539435095636
1222,1.0884795425078528,1,0,1.4214625767509528
1223,0.6442957571269923,1,1,1.1327051898305074
1224,-1.6907141694076162,0,0,-3.8958442815430816
1225,1.3586370011140088,1,0,-1.0609566370861083
1226,-1.4365556310537002,0,0,-0.6279115467184975
1227,1.420304012178406,1,0,2.4031953997382773
1228,0.4247480434552515,1,1,1.9720299417903508
1229,-1.2148484971770688,0,0,-3.1093115441403345
1230,-1.8224415342414324,0,0,-2.0785983676323836
1231,1.4290114062178696,1,1,5.328859330433631
1232,1.3636471142701745,1,1,1.5396679331611778
1233,1.230400749401276,1,1,2.9352132486763662
1234,1.5849795938988294,1,0,2.0107386968375605
1235,-0.26710792196985134,0,0,2.633512640227699
1236,1.147791859000327,1,0,2.161293151192493
1237,1.3408822974507681,1,1,2.9639418243139075
1238,-0.985559903863853,0,0,0.4840832677099983
1239,1.6162774779528148,1,0,1.929333198897503
1240,1.305385162766227,1,1,6.0428255415181304
1241,1.8037974217210961,1,1,4.250571545724201
1242,-1.4707868769956267,0,1,-2.4390783233816222
1243,0.5721441058078578,1,1,6.233571295540866
1244,-0.19460906651505328,0,0,2.135161982209414
1245,1.491841849030024,1,0,3.1448561295533457
1246,0.7402180340336479,1,1,4.253453341019702
1247,-0.11006644679865518,0,0,2.821041386503885
1248,1.5629963054782254,1,0,2.1193167799617925
1249,-0.29896232599266837,0,0,0.34542643408287543
1250,0.16658572998851884,1,0,2.741491480242323
1251,1.6260328384657972,1,0,-0.304537578675133
1252,-1.3202598962415766,0,0,-0.14159649326796486
1253,-0.5812059124390117,0,0,1.3280633372253734
1254,-1.2434492476755836,0,0,0.29425725734081265
1255,-1.4234308763885029,0,0,-0.3323657518406562
1256,-1.0878614139086387,0,0,-0.7342494473615001
1257,1.4223418145753466,1,1,3.026359874108394
1258,-1.7783696085396583,0,1,-2.2226078669090565
1259,-1.5123005554128701,0,1,-0.32901387323641806
1260,1.4176544386421819,1,1,3.6493250819613383
1261,0.2186924639281944,1,1,5.582972970539905
1262,-1.0888684655290781,0,0,-1.3639338218681858
1263,-0.7012301758355206,0,0,1.489206700150481
1264,-0.2597029384390632,0,1,5.428928634381954
1265,-1.6759345519476025,0,0,-0.3626095934047249
1266,-1.6920179810528584,0,1,1.451843875881854
1267,-0.8523981524505926,0,0,0.2785386885893908
1268,-0.2598844892583463,0,0,-1.3084193327012246
1269,0.316070710312244,1,1,4.408789709180625
1270,0.5980557310502896,1,1,3.4467399973782817
1271,0.5885197502334982,1,1,5.076124280125782
1272,0.6459652659525301,1,1,2.52355388010235
1273,-0.8068902578974462,0,0,-0.8521619419856755
1274,0.28652031446542325,1,1,4.853209910231786
1275,0.47197159014917034,1,1,2.3114402127320384
1276,-0.7633104210001318,0,0,2.2505068129457895
1277,1.0870726781629703,1,0,1.9831612204788553
1278,1.4996579029330683,1,1,3.2222269992713715
1279,1.3206471506427975,1,1,1.5631906998167544
1280,-0.830210518600059,0,0,1.3918795615499746
1281,0.5728450267113674,1,1,1.011963180548355
1282,0.6729183651650237,1,1,5.642438177058115
1283,-0.6955400658160404,0,0,2.0916111452276582
1284,-0.0586685724168019,0,0,1.7589102773919367
1285,1.568898561641495,1,0,0.764419831752628
1286,-1.224210532577108,0,0,-0.11028833020828266
1287,1.793207982330547,1,0,-0.4426754935176931
1288,0.7292997550418039,1,1,2.235789920177102
1289,-1.2688504496012527,0,1,0.575794495360179
1290,0.9388816592193674,1,1,4.684769356301839
1291,0.4037188179274578,1,1,5.878125498012334
1292,0.8784008478887997,1,1,2.189084010792125
1293,0.8043040306410134,1,1,4.033120526502223
1294,-0.5354458331287741,0,1,3.434565559814459
1295,0.9346830335291316,1,0,0.5039536674026989
1296,-0.6277539928842146,0,1,5.100133865983071
1297,0.3375162910486482,1,1,3.159423592172116
1298,0.15174294634310925,1,1,2.7367005907663766
1299,0.2755897956975506,1,1,2.7391283067270367
1300,1.130983892580923,1,0,3.0345292181956243
1301,0.4299958974712368,1,1,4.69058350625481
1302,-0.981702161117171,0,0,-0.2812225753502081
1303,1.956342244507431,1,0,-1.6620022577767963
1304,-0.5690613715191448,0,0,-1.002489735885638
1305,-0.35353865843225707,0,0,1.321286948328706
1306,0.5437642528862079,1,1,2.991410168478202
1307,-1.3226786785521463,0,1,-0.6434410778608961
1308,0.12878358981531424,1,0,3.9417661788746416
1309,-1.7480382349383579,0,0,-2.2057635042558235
1310,0.8993181329596887,1,1,3.7089517790460986
1311,-0.9559817290534842,0,0,-1.055789813206069
1312,-1.5245482655757931,0,0,0.9719628644333456
1313,0.28305704193444736,1,0,2.4577807498880286
1314,1.757469608726102,1,0,3.795841968884762
1315,0.69532774352865,1,1,3.6861057342103054
1316,0.6320289399634134,1,1,8.087461126875592
1317,1.9304207222717795,1,1,5.37108960837274
1318,-0.9847604167934239,0,0,1.452337393937639
1319,-0.4082127863950209,0,0,1.629888451646868
1320,-1.344524268867462,0,0,-1.2651121670274013
1321,0.04285385465844849,1,1,1.7844863404191238
1322,1.4408097391791967,1,0,0.9191818648337697
1323,0.8415149213297668,1,0,5.215180545357657
1324,-0.24069336355050597,0,0,0.5200552572554066
1325,0.9230411060146553,1,1,4.695526515713393
1326,-0.5248494146022558,0,0,3.4406450999321874
1327,0.18747722770698638,1,1,4.022577867348038
1328,0.25339104439423776,1,1,3.6042618279615963
1329,1.284012348566773,1,0,4.660375977038747
1330,-1.5808497568596063,0,0,0.025543285380489777
1331,0.3691688738630252,1,1,2.2910975352747673
1332,0.9772436912617106,1,1,5.67554545458203
1333,-1.5526453214179385,0,0,-0.6893107072420556
1334,1.4489681654092768,1,1,2.1645194461207327
1335,-0.64440775571682,0,0,0.4457702094531263
1336,-0.6613882271350864,0,0,1.0422581216516527
1337,-1.9566567164569206,0,1,-1.703388486415847
1338,-1.2078350110892253,0,0,0.8985410358838775
1339,-1.9569827902420456,0,0,-3.9527950785329553
1340,-0.9674437369749556,0,1,1.983567019508855
1341,1.2456649960903028,1,1,4.283355971851471
1342,0.11862350151549339,1,1,5.089712103742109
1343,0.37518684719679607,1,1,4.353574887827644
1344,-0.5706137074995747,0,1,3.626029195091844
1345,-0.31895802092727177,0,0,0.2513664295412672
1346,1.54525687721762,1,1,4.956025371889108
1347,-1.1686501931719322,0,0,-3.3821607351163987
1348,-0.8929248223643436,0,0,0.5370641379466469
1349,0.07577371764001795,1,1,2.7368224934915455
1350,-0.577842053946787,0,1,4.137915778016397
1351,1.1346339439440922,1,1,5.867844936767715
1352,-1.4174930370324947,0,1,1.1157987410576933
1353,0.243786058666847,1,0,2.1638150109474146
1354,1.0582509452683846,1,1,4.6244456791626725
1355,1.6154991654961508,1,0,-0.06426154149914909
1356,0.5626240484396452,1,0,2.7139225721099116
1357,-1.3507980181944346,0,0,-2.8556940058024662
1358,1.1733309155961105,1,0,0.9577973864978016
1359,-0.4506765183273549,0,1,3.014479466530379
1360,-1.0749118583096946,0,0,0.35198797455199615
1361,-1.2405090594631263,0,0,-1.0660626061443068
1362,-0.5877216660367708,0,0,2.7130382493794407
1363,-0.6561416526570363,0,1,4.396663913574297
1364,0.12899694444905707,1,1,3.4486502803588674
1365,0.28833269920144167,1,1,3.8143014229073646
1366,1.5792511319060898,1,1,2.918408964111884
1367,-0.46362642539374876,0,1,3.667174891840354
1368,1.9296545334030895,1,1,4.934227394290502
1369,0.4739090281391496,1,1,2.698581197141535
1370,-0.8854108349303651,0,0,-0.9366242704974106
1371,-0.7922326570792237,0,0,1.220978783604595
1372,0.47350180325782043,1,1,5.03205225439397
1373,1.8477997050450705,1,1,2.8513295549604214
1374,-0.13171458728449004,0,0,1.7255920280848414
1375,0.09672501029831926,1,1,3.07419353882734
1376,-0.3289502288184014,0,1,3.211229226839918
1377,1.3438904575326203,1,1,5.129973047728721
1378,-1.0165248837795704,0,0,0.23621985232642018
1379,-1.4615308940917973,0,1,1.1867022171634938
1380,-1.5692143957307456,0,0,-1.8239284706266212
1381,0.9156999607862346,1,1,2.189044397722081
1382,-1.7882680073364448,0,0,-3.998910627961733
1383,-1.2131662698035268,0,1,0.43841665051482503
1384,0.16706231265498805,1,1,4.773165485711711
1385,0.4307824943788363,1,1,3.7957571769951564
1386,1.2384703978396696,1,1,3.775711485079161
1387,1.7223810554410384,1,0,1.1560043746175914
1388,0.2212224440263153,1,1,2.534134785427121
1389,0.65400502392743,1,1,2.161390240025743
1390,0.1117285976933724,1,1,4.4060271822160475
1391,0.873283275041917,1,1,3.878302830542899
1392,-0.730170650828168,0,0,-0.4096793610499212
1393,-1.7971851525026814,0,0,-3.599526193747003
1394,0.12059236286192687,1,0,2.7454570312635322
1395,-1.3233256027928824,0,1,2.350017829408782
1396,-1.1221008050257226,0,0,-0.8760012386545462
1397,-0.04866909105632722,0,0,1.6495656820642082
1398,0.7751120363177879,1,1,4.997221848718458
1399,-0.5573091083454083,0,0,0.7734182038619517
1400,0.23655891320910616,1,0,1.1603511348557323
1401,-0.8969483204302335,0,0,-2.239634371094791
1402,1.7410441464992443,1,1,2.2286810323611594
1403,0.40787421695843395,1,1,4.102092789424743
1404,1.7148455369026308,1,1,2.0289498989113364
1405,0.6703721768852509,1,0,2.2116262274162795
1406,1.7085145147906555,1,1,1.5193077221412372
1407,-1.567568311145997,0,1,-3.5984969529754576
1408,-0.7124838455947562,0,0,0.32113008885116856
1409,-0.5236010022721742,0,0,0.38675122931500294
1410,0.22229071054039728,1,1,4.067827674273493
1411,0.011808279715089132,1,1,4.966755506228747
1412,-1.0678750152965546,0,0,1.1826545215478492
1413,1.1802059766930246,1,1,4.157854097640403
1414,-1.155340185732896,0,0,-0.4465336226927089
1415,-1.0842418032125272,0,1,4.278086445021284
1416,0.15843823084088937,1,1,5.345959962052365
1417,0.030311556815294516,1,1,1.6256749298654523
1418,-1.7038166178659848,0,0,-0.26562490661984617
1419,1.191138531061259,1,1,4.1358307367097815
1420,0.8500442044266556,1,1,4.719800315975348
1421,0.7861264718134158,1,1,4.786322117064991
1422,0.9501066846916477,1,1,2.949189622710003
1423,0.5785115567192918,1,1,5.3380986598176605
1424,1.6464815330705718,1,0,3.3386733762756546
1425,-0.14463198178053416,0,0,1.5018045011779395
1426,0.12776495620408657,1,1,5.085768837333285
1427,0.438104877690189,1,1,3.6530120246557756
1428,-1.9072197847808705,0,0,-2.9490719542043813
1429,-1.8057016774997532,0,0,-3.7105516925235387
1430,-0.7484640444538746,0,0,3.715025722038996
1431,-1.6643507511567002,0,0,-1.0430096318490714
1432,-1.2286837123680363,0,0,-0.9720381566279727
1433,0.8764358086360762,1,0,2.0602419809933643
1434,-1.464302584059185,0,0,-1.221120585999163
1435,-0.45232121413450077,0,0,2.1366918070206173
1436,0.7227089344608357,1,1,4.837024049590606
1437,-1.9778630343678283,0,0,-3.814837572136725
1438,1.5064170109016204,1,1,5.17626706314567
1439,-1.8148815586977283,0,1,-2.1932027827962988
1440,-1.4831821084716217,0,0,-0.8215655128687209
1441,1.2699034736063357,1,1,2.2479544901200934
1442,0.9053865911311378,1,1,4.0795920839420745
1443,0.5294315319895038,1,0,2.371958449903899
1444,1.641703696972658,1,1,3.9526522719368744
1445,-1.085787540257075,0,0,0.24100859975637812
1446,1.7132382429679578,1,0,-0.13668733663488386
1447,0.08346852572572416,1,1,4.478067869304205
1448,-0.7537947356549735,0,1,0.8955254332304041
1449,1.0872055975300023,1,0,4.076271798799017
1450,-0.9848721249272478,0,1,0.8185858519972397
1451,0.5285824119412008,1,0,1.7093897376607652
1452,-0.23786787355468508,0,1,3.0677831050383686
1453,0.06056793021337947,1,1,1.0443050727155083
1454,0.529287020615647,1,1,3.605389559980385
1455,-1.3291728506553335,0,1,1.084378270940963
1456,1.6485194579696074,1,1,2.5143751176525195
1457,0.7017980324925528,1,1,3.376342382502405
1458,0.4879658226902106,1,1,4.454354761637686
1459,-1.9575674020605192,0,0,-3.5106439720016978
1460,1.7382374447223774,1,0,3.3285933427139858
1461,-0.289666360654103,0,1,2.278188029605246
1462,-0.14658063387454234,0,0,2.0707701949608253
1463,1.3539847341546047,1,1,3.4943808975699264
1464,0.3356451360882774,1,1,5.750278724424021
1465,-1.8465601936408764,0,0,-2.0410884485985012
1466,-1.1626060046021713,0,0,2.2984450322771206
1467,1.2187747777816513,1,1,3.4900629344483396
1468,0.2548973825490387,1,1,5.2753157493906855
1469,1.4017601573691767,1,0,0.8725068318170668
1470,1.5386299127140561,1,0,1.3696084129749182
1471,-1.420401142288148,0,1,-0.4429973098798152
1472,-1.9825860148552086,0,0,-1.3168108037218422
1473,-0.5599031148416622,0,0,2.060246289116436
1474,1.4292773685133415,1,1,4.020642469500012
1475,-1.4343827022254696,0,0,-3.6640929397595596
1476,1.176729218741126,1,1,0.7572538539803069
1477,0.7879884249245981,1,0,2.248610603790635
1478,0.0014972513186259917,1,1,5.6357895191820555
1479,1.4563683714638942,1,1,3.516257772454827
1480,-1.8171227363356817,0,0,-3.0364536520137984
1481,-1.0962016251283884,0,0,1.1761444397630434
1482,0.5087654971607778,1,1,4.137629072207487
1483,0.27517153548188356,1,1,3.0545519707513664
1484,-1.793143955787727,0,0,-3.574508591398236
1485,-0.1288568374764596,0,1,3.844177253322819
1486,0.28060359429405723,1,0,-0.842982459217231
1487,-0.23751762931444365,0,0,2.125751105697688
1488,-0.27390527950727783,0,1,5.436321635438811
1489,0.7720024399384346,1,1,3.316582349565874
1490,1.4176327493830918,1,0,1.9122698670479474
1491,-1.9183106268947547,0,0,-1.9410195839988267
1492,0.5574326219851509,1,1,4.492955297878204
1493,1.2043289981587506,1,1,5.200150239216539
1494,0.45057017988055303,1,1,4.00497716879398
1495,-1.1093516833645274,0,1,1.6606545742690613
1496,1.8083199647024677,1,0,-0.6559759758864091
1497,-1.7786964011587334,0,0,-4.353616683397164
1498,0.029504593000156287,1,1,1.8694800132840268
1499,-0.5693896860073688,0,0,1.3681153564572957
1500,1.835881530983524,1,1,4.420675907510925
1501,1.7491002073228121,1,1,2.8537363812885976
1502,0.4856634879849411,1,1,3.243746348876176
1503,0.1597700392574728,1,1,3.2630577337568627
1504,-0.8995540956565549,0,0,0.870166625978429
1505,0.23372398713622555,1,1,3.1775134024114413
1506,-0.8801000504753604,0,0,-1.2892170718615183
1507,-0.0722324931572964,0,0,2.991303108022075
1508,1.5430699663953464,1,1,4.021115875048729
1509,1.8421788533123418,1,1,4.11059761340875
1510,-1.369509206482165,0,0,-1.1913522755296282
1511,-1.4926564080007476,0,0,-3.676171024930082
1512,1.0507548524193746,1,0,3.111035066488025
1513,-1.4669629425234372,0,1,0.048258174938710985
1514,-1.7851556309121799,0,0,-4.60300018501981
1515,-1.0677756867308585,0,0,-2.8166854571363213
1516,0.04473082577116205,1,1,5.657535210056619
1517,1.7368159508060628,1,1,3.185311242408536
1518,0.41337696131034196,1,1,4.93296736073892
1519,1.4641196181159493,1,1,4.123851568581074
1520,-0.8921170521195827,0,1,1.8745888144500393
1521,-1.83527293850449,0,0,-4.492527119564764
1522,1.9149946559199593,1,1,3.053713112978496
1523,-0.27224249975913084,0,0,1.5584117896983196
1524,-1.1777150564669787,0,0,-2.799953590805808
1525,0.30627453324811293,1,1,4.576518810665503
1526,-0.6504768602348494,0,0,0.9965473915469348
1527,0.31363780729116,1,0,2.776671776423857
1528,-1.6745145845711806,0,0,-3.4843660194471937
1529,-0.6545649442656418,0,0,-1.7191271819669147
1530,-1.7852310818864927,0,1,-0.9945500542923544
1531,1.2844482551495333,1,0,2.1514759762173314
1532,1.9295688548905279,1,1,2.4246094584435625
1533,-1.7793802636068992,0,1,0.16626516138339786
1534,1.9012434384078047,1,1,-0.334860550912786
1535,1.557211374126462,1,0,0.32388108313743724
1536,0.0888793937454464,1,1,3.8759560501300534
1537,1.8912146067755762,1,0,1.758862275742005
1538,-1.9243856015465903,0,0,-3.7848980253642868
1539,0.2816057625778624,1,1,4.644294760936901
1540,0.21289983791238098,1,1,4.425156094392108
1541,-0.6149809023770851,0,0,1.1752889644046867
1542,0.5639749182913754,1,1,4.028265364496129
1543,-0.5494473534857507,0,0,1.860152848424562
1544,-1.38948689687615,0,0,-0.09663814430097495
1545,1.3851794056744389,1,1,3.196841425378675
1546,-1.7270849491879283,0,0,0.24448347837375883
1547,1.3163101824441967,1,1,3.9796933698289085
1548,-0.5324200609078837,0,0,2.769490378702665
1549,-0.5866152650081142,0,0,1.0733456431691835
1550,-0.5970971048418958,0,0,2.4397671074813414
1551,0.9446580315913367,1,1,2.783854831975763
1552,-1.2881042769084505,0,1,0.1506285362523747
1553,-0.718588346520538,0,1,1.2044791274372773
1554,-0.7585169627016533,0,0,-1.0457374672696074
1555,-0.3659994964179387,0,0,1.5985325686126262
1556,1.8402665490144186,1,1,1.6054999610269471
1557,-0.5825345136364861,0,0,-0.12972563592252045
1558,-1.2337966848248358,0,1,1.6001741225131678
1559,-0.7432008400749495,0,0,0.16512955415704733
1560,1.3577360201575028,1,1,4.925995426328349
1561,1.5464406759633254,1,1,2.8766384244255008
1562,-1.304513051536722,0,0,-1.7486644358667993
1563,1.7871770004124379,1,0,1.7296722077712419
1564,0.6501581011261273,1,0,1.2220646431896356
1565,1.190118463370096,1,1,4.340565171023844
1566,-0.89475412120365,0,1,1.525042923476605
1567,-0.9589221903866685,0,1,3.3830900228155167
1568,-0.8122389732159006,0,1,0.5529715874501278
1569,0.6591781981151117,1,1,5.900346090198567
1570,1.9577593630968746,1,1,4.295328908287123
1571,0.6000319581734952,1,1,3.9638488148156674
1572,1.7067001793351593,1,1,1.9936169868447684
1573,0.3940357328132813,1,1,3.583684513271894
1574,-1.936586634513136,0,0,-3.513794192728111
1575,1.417640203027159,1,1,6.748187686616355
1576,1.5514346617000703,1,1,2.517866024888688
1577,-1.4430109729392853,0,0,-1.4589249123283916
1578,1.7985333590123913,1,1,3.444660890420887
1579,1.9118400057502418,1,1,0.18894546642492394
1580,1.1242600323146599,1,1,5.179870365032546
1581,0.5792156547833534,1,1,3.120741261971668
1582,-0.30791273617289194,0,0,2.445247760003559
1583,-1.7108771990581593,0,0,-1.4236724176716031
1584,-0.6867477458955249,0,0,1.4022545160303086
1585,1.0245602886713532,1,1,5.479573562297219
1586,-0.9376615379686779,0,0,0.34284916552044015
1587,1.065170140157297,1,1,4.461669458431992
1588,1.2259228973386787,1,1,6.099949036688351
1589,-0.9553422317204037,0,0,0.31413507674733554
1590,1.3718696801238326,1,1,4.6316361139273665
1591,-1.465290702279789,0,0,-1.8683034162574006
1592,0.6384589329099151,1,1,5.827108503946937
1593,-1.6281771129665228,0,0,-0.26901992705146005
1594,-0.5191435515343139,0,0,-0.9168906387400941
1595,1.29433703516683,1,1,5.804619826862042
1596,1.1925717248512355,1,1,0.913427548354826
1597,-1.8045257006541893,0,1,-4.137129627644788
1598,1.746061865860809,1,0,1.413977867736426
1599,0.5261189971533953,1,1,2.3887692390943034
1600,-1.8296874329099095,0,0,-2.4480768058578324
1601,-1.004063623116695,0,1,1.5511723013899925
1602,1.6257657200330007,1,1,3.850791580255124
1603,1.1947089996391442,1,1,2.197813799628289
1604,0.7875877201530583,1,1,3.3798875086064983
1605,-0.0878136781146206,0,0,-0.8379638011127639
1606,1.1907964655847074,1,1,2.580721910309028
1607,0.12780342206694595,1,1,3.878901820527297
1608,1.5297722650295986,1,1,4.246932915296062
1609,-1.6204704449729643,0,0,-2.1483969954331235
1610,-0.17951011571802766,0,0,0.875618643684314
1611,-1.0670756692765364,0,0,0.20186726399053878
1612,-1.3755901312593202,0,0,0.32029939387746087
1613,-1.5316330087601933,0,0,0.698420949543447
1614,1.9720717645190202,1,1,3.5144276233996923
1615,-1.5539557620926883,0,0,-3.544638363660578
1616,-1.4063981244237707,0,0,-1.7605854711730098
1617,-0.47504871758740075,0,0,2.770281911971192
1618,-0.1571332145224904,0,0,1.6919437072966377
1619,-1.909563326930777,0,0,-3.3595941747947697
1620,1.1308101546653329,1,1,2.04827868666626
1621,-1.5692580776371217,0,0,-1.7731808141643
1622,-0.738918129749647,0,1,2.0762552189527175
1623,-0.7248578142712065,0,0,-1.025633491790427
1624,1.3133763093003807,1,0,1.6459006993525995
1625,-0.7961712541522568,0,1,3.433324974512273
1626,-1.3578494507726506,0,0,-0.8028552955312671
1627,1.5514496855958964,1,1,6.545872984909832
1628,0.27352428995471223,1,1,7.5330550266802465
1629,-1.3576660497595547,0,0,-1.552198714585549
1630,-0.8325519221058122,0,0,-2.498180743523193
1631,-0.19961979239425887,0,1,3.918071053220527
1632,1.0503305895216415,1,0,3.3133208375713576
1633,-1.6130749588151754,0,1,-1.708955866941599
1634,0.2103261945023086,1,1,2.9029773464825706
1635,-1.4799453782730576,0,1,0.7368358291489714
1636,0.32569914682911927,1,1,4.029057324006509
1637,-1.3809328580940168,0,1,-1.4170549715113863
1638,-0.4333771457801814,0,0,0.7109997728981707
1639,0.3445087360538004,1,1,5.292308149997908
1640,0.7088114804580865,1,0,0.4681403185637082
1641,0.6854023800752951,1,1,5.210692545104509
1642,-0.49808895484268856,0,0,0.7537450325920565
1643,-1.718674791887246,0,0,-3.3637063685706616
1644,-0.6406027050145768,0,0,0.9467421035243379
1645,-0.6449554133789106,0,0,0.7255060306220311
1646,0.33525884368738357,1,1,3.4818745188917792
1647,-1.4229332835140118,0,1,-0.4779916034759246
1648,1.0780152617039827,1,0,2.5545347020309923
1649,-1.253112677951294,0,0,1.1571545619125359
1650,-1.6200175044178233,0,0,-5.640535005224043
1651,-1.9024523826150377,0,0,-3.3023532100590374
1652,-1.6889225721630945,0,1,0.9726679664437693
1653,1.3850776053611744,1,1,1.9918169672440964
1654,-0.7649394686410242,0,1,4.616734413971695
1655,1.9869968834800504,1,1,5.75467381700849
1656,0.46502607045775424,1,1,5.611783628064153
1657,-0.6144043955742982,0,1,3.1524480753101782
1658,-0.4891266257361915,0,0,0.25282425394573516
1659,0.529897621856394,1,1,2.669074830626321
1660,-0.037067491957742504,0,0,2.3525289610861178
1661,-0.08370201152592349,0,0,1.1625533591233692
1662,0.14642164544687608,1,0,1.7179268921578736
1663,1.5573161770940414,1,1,5.000414971326995
1664,-0.8821173837027327,0,0,0.2562746389533316
1665,-1.664884808430016,0,0,-1.880224784143749
1666,-0.4775840529734725,0,0,1.6010923480051895
1667,1.5527239043863008,1,1,2.221657870199779
1668,-0.5882692090932529,0,0,3.9206623547685733
1669,-0.39816719475258466,0,0,0.35611450305609615
1670,1.430443390166762,1,1,5.718825129157522
1671,0.40836406697647387,1,0,3.501843740934388
1672,-0.025348788946203182,0,1,1.9055768833576736
1673,1.7351389019895813,1,1,1.4302001559503663
1674,1.3610394687584657,1,1,3.9190115381703037
1675,1.5450045791733036,1,1,2.7700740845323253
1676,-1.3397891858170152,0,0,-1.5159187634424678
1677,-1.4678505386883844,0,0,-2.763700540578957
1678,1.2580558442621768,1,1,2.821623476323637
1679,-1.3268943502273802,0,0,-2.0695515430323157
1680,0.8562244391187059,1,0,0.3551185801591419
1681,0.1897772107108393,1,1,3.158087295232889
1682,-1.6758315649460354,0,0,-2.5354732203349446
1683,-1.2556845447549851,0,0,-0.07417595229322421
1684,0.6754454052354477,1,0,-0.26115225113533524
1685,-1.3117539710120063,0,1,-0.1091439216914365
1686,0.460434730103763,1,1,2.048926664235036
1687,0.9901895731022932,1,1,5.1077272062775965
1688,0.9440650726484914,1,0,2.5192544020947283
1689,-0.8558892578051256,0,0,0.6300221936018953
1690,-0.9500205455699966,0,0,1.5072226356287453
1691,1.9704601332338072,1,0,-1.6168770951369935
1692,-0.9620071946018371,0,0,-0.8781903274791021
1693,-1.6685565647922167,0,0,-2.909551426728317
1694,-0.12581328119470214,0,0,0.2791509381410482
1695,-0.9475901398612909,0,0,-2.7899245590238646
1696,-1.9932664069436958,0,0,-5.257944901490793
1697,1.1745632983223961,1,0,2.004346367791563
1698,1.3680209237334613,1,1,2.133954600454522
1699,-0.6435097401409773,0,0,2.8816921540851044
1700,0.9557804194761261,1,1,4.664490904377148
1701,0.28284644905370593,1,0,-0.07956572048898458
1702,-1.3455852580486232,0,0,0.8534788451062157
1703,1.3836839038564492,1,1,0.8425109668738148
1704,1.8729348703019517,1,1,4.27806172434843
1705,-1.1061658414115563,0,0,-0.3346949179448499
1706,0.5653611980426545,1,1,3.3951744957035617
1707,-1.6582176657125953,0,0,-2.7560260404605743
1708,-0.6615875705667231,0,0,-0.02631389106088794
1709,-1.9591933444934835,0,1,-0.9375315248170302
1710,0.5797358463810762,1,1,5.675857193585403
1711,-1.0588187243492202,0,0,0.8746016328322701
1712,-1.481617034267261,0,0,-2.1733134329597834
1713,1.3255250895547088,1,1,1.6521332092804641
1714,1.4731860441349038,1,0,1.6620869918839047
1715,0.47341624179493413,1,0,0.7785756650216215
1716,-1.6110435566296966,0,0,1.7207289589417774
1717,1.0027534558421385,1,0,3.550528943284341
1718,-1.9395749783008602,0,1,1.9188119596386204
1719,-0.002059417179020251,0,0,2.5662047135275348
1720,-1.4684125596315707,0,0,-1.041446239280044
1721,1.2676894033513708,1,1,4.333090309132287
1722,-0.8005306566176973,0,0,-0.06831029174879
1723,-0.022961508625857885,0,0,0.502103306470001
1724,0.2878605724585843,1,1,1.51545436819494
1725,0.9544434267264266,1,1,3.6334256605268562
1726,-1.2849694412316492,0,0,1.9629452756213723
1727,0.40196865004741245,1,1,5.046567470684586
1728,0.9242851995763521,1,1,4.449436824189057
1729,1.1802511766799242,1,1,4.812485883197024
1730,-0.7210691207022291,0,1,2.1751233812554682
1731,1.4280469005991803,1,1,6.459902694930532
1732,0.1436290376968694,1,1,4.9830563991947585
1733,0.5706166012741591,1,1,1.7031200889644231
1734,0.21735184754457793,1,0,2.222198581016303
1735,-0.41096436533570513,0,0,-0.26965679249341645
1736,-1.7102416320902059,0,1,-2.4377175612144093
1737,0.891229309141365,1,1,4.0019663482951975
1738,-1.300140113979586,0,0,-1.3487607704141675
1739,-1.225042435324065,0,1,1.4636395599077066
1740,-0.23106911589882984,0,0,3.102062963206989
1741,0.0305515939276364,1,1,2.824356233260449
1742,-1.8045566709586929,0,0,-2.9747525454684416
1743,-0.30931373907350723,0,0,2.5618405654676675
1744,-0.6595072265569364,0,0,2.1999390578694964
1745,-0.5940121665288447,0,0,0.2767099636781311
1746,0.05888486573444407,1,1,3.6655624329771306
1747,1.5960490738553914,1,1,5.356560578501375
1748,-0.26532745852582273,0,1,4.879923199946167
1749,-1.5362121382779836,0,0,-4.464966285773598
1750,0.24802478972386055,1,0,0.35668757537716855
1751,-0.040426591543856194,0,0,1.6667424014838814
1752,-1.1296474973231687,0,0,0.3483221541295752
1753,-1.0443904459904418,0,1,3.0774142001566545
1754,-0.27219704453279503,0,0,-2.1977371993297203
1755,-1.4427738345148784,0,0,-1.129690764762235
1756,0.34248956751487647,1,1,5.984194338436648
1757,-1.415025923152189,0,1,1.2976658815061466
1758,0.8655170417545515,1,1,5.582497280976216
1759,-1.772788190819496,0,0,-3.4043267395406094
1760,1.6750999085672427,1,1,3.3618853045693124
1761,-0.5884682064691722,0,0,1.3646631718385032
1762,-0.9185900849348392,0,0,0.9429067202574505
1763,-0.32211120505498636,0,0,0.7534189322646022
1764,0.05149531507270133,1,0,1.940563183887159
1765,0.07475124695162805,1,1,2.955001872617213
1766,0.6749001371921994,1,0,1.2968679438717168
1767,-1.0064966293943298,0,0,4.523792161651427
1768,1.4198410370052863,1,1,1.8963190739520992
1769,1.422490799088247,1,1,4.772581006724111
1770,1.6718990130357123,1,1,3.321799673270418
1771,-1.626484053207101,0,1,-0.9533615105360589
1772,-1.2061360437973927,0,1,2.118624096163315
1773,-0.6281705632794856,0,0,1.6353615961605228
1774,-0.012698531450048733,0,0,2.5671948259383526
1775,-0.7500549097912339,0,0,2.4912524609143687
1776,1.3924588951928634,1,1,1.1866898390917753
1777,-1.2707069332844991,0,0,-1.6070155499206833
1778,1.851415595924478,1,1,2.0515018649053847
1779,-0.9987532778424355,0,0,-2.476572868201954
1780,-0.18453044492917048,0,0,0.002972123293522033
1781,0.09458466320108405,1,0,1.1129421105056705
1782,0.8517946133271317,1,1,4.918500173122907
1783,-0.060297532548032606,0,0,0.9020906997443074
1784,1.95701456458344,1,1,4.223254868531633
1785,0.4990827749851725,1,1,2.779138253442575
1786,-1.9740125851349681,0,1,-1.1625373598594106
1787,-0.7349990628650751,0,0,0.4674220715145343
1788,0.022954020853988233,1,0,2.5982002294956112
1789,-0.7876613797611594,0,0,-1.5989867369874702
1790,0.7686439463319767,1,1,4.3248655676913845
1791,1.6386860015327378,1,1,5.889970749626734
1792,1.2137209321635942,1,1,3.7467093593509158
1793,-0.7501718515144216,0,0,1.2466728459686511
1794,1.664318625072918,1,1,4.248810690401475
1795,0.617809918103438,1,0,0.09898672662984653
1796,-1.6737984638617198,0,1,-0.1855304066656822
1797,0.6096924824034846,1,0,0.873014963325536
1798,0.5674281747591894,1,0,2.295417683308179
1799,-0.9286636285256651,0,0,1.6503354009863997
1800,1.2782400017422488,1,1,3.3618183918349294
1801,0.255520761834223,1,1,-0.30513618160490674
1802,1.7856784749029644,1,0,2.550302134881383
1803,1.6883361158086,1,1,2.4961526832497967
1804,1.9697436827971093,1,1,3.593726454214878
1805,-0.9216012641316329,0,1,-3.667445117431665
1806,0.04681176325997516,1,1,6.622500406749574
1807,1.1105310976326335,1,0,0.9302947041677709
1808,-0.5014441063195427,0,0,-0.28630922517165636
1809,1.4977765442997288,1,1,1.7584578238113848
1810,1.9457436742089822,1,0,0.20953977345509323
1811,0.3261535496973287,1,1,1.8632984440456735
1812,0.035024729149409684,1,1,2.7912960776228437
1813,-1.278360221856412,0,0,0.10982695066470372
1814,1.1512461583069156,1,0,3.1362915570638794
1815,-0.00748723558369635,0,0,1.7233303936617974
1816,-0.0017329189656543065,0,0,2.4400846540451164
1817,1.8389734401344628,1,0,0.023771300766666448
1818,1.1405587690064527,1,1,2.302616111170004
1819,-1.3254240279749463,0,0,-2.278925149399481
1820,1.168502138271017,1,1,4.345385304625322
1821,1.9389413244241696,1,1,2.638455776222023
1822,-0.4395084778706373,0,0,0.6769616109144974
1823,0.9159561049898421,1,1,4.567295359713555
1824,0.9906839824862641,1,1,4.728504836393226
1825,-0.5629849924262218,0,0,1.3113064045038616
1826,-1.9260692184322479,0,1,-3.493235025693407
1827,1.4339046189184161,1,1,1.2623755756731245
1828,-0.3286062718708087,0,1,1.1377056541991104
1829,-1.2057154339252225,0,1,0.8124550728362201
1830,1.4895847068345027,1,1,0.9521351840218399
1831,-1.0271961060586796,0,0,-0.20431147876476746
1832,-1.7623725152998402,0,1,-1.3940304112790818
1833,1.8967186108370373,1,1,2.9147916103880305
1834,-1.3658839494032753,0,0,-2.041582414575542
1835,0.584852120552291,1,1,2.9037510144902123
1836,0.7573767790738439,1,1,2.431387023645621
1837,-1.5698692528159914,0,0,-0.691639050914196
1838,1.8062302378031965,1,1,0.25800318917674847
1839,0.18423663519570077,1,1,4.910893712475528
1840,1.3759473859806448,1,1,1.4234657346663044
1841,-1.245292559891042,0,0,-2.3026230709618276
1842,0.4603919083574892,1,1,3.941323762442135
1843,-0.47238140833067854,0,0,1.750737565390394
1844,1.7123458306374375,1,0,1.877297731806666
1845,-1.8078099279206428,0,0,-2.1140659695827138
1846,-1.9355725479857036,0,0,-1.6508923642890567
1847,-1.8092745687120333,0,1,0.678316136583536
1848,0.6644232252603417,1,1,4.959197888975682
1849,1.3151166112854686,1,1,4.697717462918984
1850,-1.4607710074419478,0,0,-2.0830928083140385
1851,-1.0766973091986571,0,0,-1.0207636728125842
1852,0.27928266193652984,1,1,3.339723791376657
1853,0.861716578755122,1,1,3.8315022299482058
1854,1.7384778848017746,1,1,4.857985696730831
1855,-1.9823044362539783,0,0,-3.5328990894897907
1856,0.07143882125110457,1,1,3.9128515922345963
1857,1.8971992686845724,1,1,3.3720193892216708
1858,-0.2357250052068478,0,0,3.32203658480406
1859,0.5226469087475083,1,0,2.4830500736500842
1860,-0.8735181852132645,0,0,-0.5368740091075956
1861,-0.23896575919938945,0,0,2.0829635651411946
1862,-1.493423555690669,0,0,-4.599083297173681
1863,-0.2704904149018832,0,0,0.2621587742693575
1864,-1.9306511890756681,0,0,-4.294482551706034
1865,-0.357971033644624,0,0,0.0704245400390845
1866,-0.5979662872687901,0,0,3.8172046565779447
1867,-1.4876209058225651,0,0,-3.0550483680782863
1868,0.05438771590217106,1,0,2.46392166218114
1869,-1.1390459847485648,0,1,3.0598335013096216
1870,1.974999628310544,1,1,5.795649865476118
1871,-0.5958491621516795,0,0,2.1770729356046514
1872,1.5776388048543835,1,0,0.655273043847636
1873,0.4785727213503135,1,1,1.163587950138582
1874,-0.10326303887510413,0,0,1.9659872066251556
1875,-1.9823866987312315,0,0,-4.244654838077653
1876,0.990305390909413,1,1,5.49171809325034
1877,-0.2543231669202801,0,0,1.7246091201229161
1878,1.1365799994512775,1,0,1.4620412669650176
1879,0.6708899452469348,1,0,0.07692205406808617
1880,1.522828967208981,1,1,1.6390191363494637
1881,1.8569677990663296,1,1,5.988578259924173
1882,-1.6897737313105377,0,0,-2.818067173343982
1883,1.8285061144727273,1,0,-0.6405596860908909
1884,1.8183244855399328,1,0,1.399761351477324
1885,0.9192390084224717,1,0,3.7911586489791347
1886,1.1800481326295875,1,1,7.6065998592219835
1887,-0.16906551308756868,0,0,1.6876224031298115
1888,0.6511058750967997,1,1,1.2034897247484648
1889,-0.9785938822780054,0,0,1.4238424053989185
1890,0.6673883649049581,1,1,4.1103148450501905
1891,-1.2690314223074748,0,0,-1.51976056677796
1892,1.3706931134029832,1,1,3.079236846042798
1893,-1.7843837824842046,0,0,-3.1885335930146494
1894,0.25656927407208663,1,0,0.78737729255471
1895,-0.6034545509183902,0,0,0.558982110139085
1896,0.8534265734506641,1,1,4.62478871105328
1897,0.6503535740967328,1,1,2.9451007691941546
1898,-1.0928747227504054,0,0,-1.2668199641378324
1899,0.32993978068760343,1,1,2.922758794061118
1900,0.777489608270272,1,0,3.536047934995826
1901,0.3374944324535254,1,1,3.526218981457371
1902,0.11575253379767847,1,1,4.165406969934846
1903,-1.3621747618801292,0,1,1.1499437270829358
1904,-0.4902646860990192,0,0,0.39819486427185075
1905,0.04509134131895465,1,1,4.765663238822594
1906,-0.02196782499211336,0,0,1.0515737302626587
1907,-0.440378364028684,0,0,-0.5499805279988477
1908,-0.769703072035794,0,0,0.07241543505484571
1909,1.0463858741338323,1,1,3.039417969190601
1910,-1.5328263092386472,0,0,-3.9914112600978373
1911,1.6298205341770489,1,1,5.539710925714494
1912,0.08195130382547688,1,0,3.922266260438723
1913,0.34044903564583606,1,1,3.4604011790685845
1914,-0.4981586619330365,0,1,3.190620812208243
1915,-1.1518928859873507,0,1,1.5324323541906588
1916,-0.46570572002051813,0,1,2.737002091726104
1917,-1.632158937425689,0,0,-1.5868497392839207
1918,0.856527557458667,1,1,5.002610780189006
1919,0.27371906467444695,1,1,2.3464152630761816
1920,-0.8311378647113097,0,0,1.834759517910134
1921,1.3725683082270894,1,0,0.9917358539120789
1922,1.5029580587250306,1,0,2.6367079424199615
1923,-0.43257708248214,0,0,-0.2668977080615975
1924,1.115984806690086,1,1,5.809252339669591
1925,1.2569547155859802,1,1,5.216441886180552
1926,1.6821841397380095,1,1,4.9515357392204855
1927,-0.8530312792797781,0,0,1.4366044409052128
1928,1.6830721695566613,1,0,2.600216381345907
1929,1.6969955139159825,1,1,4.086531724729307
1930,-1.7932005489192968,0,0,-2.141932421216964
1931,1.6788991121353543,1,0,1.3241989581598022
1932,1.2560013588481422,1,0,1.6640126270293598
1933,1.7004578711089828,1,1,5.748678497798343
1934,0.1704957123388997,1,1,2.6631794446804102
1935,1.604687519568635,1,1,3.8627520451989783
1936,0.27591302973592047,1,1,4.394872636118295
1937,1.7989685297908178,1,1,5.16695155700174
1938,-0.49429446190698867,0,0,2.5462477177505285
1939,0.6669100188462398,1,1,4.502553376044223
1940,-0.16010090086381945,0,0,0.8281321792974676
1941,-0.48596369345443735,0,0,-0.03887069825241829
1942,-0.04658248588858038,0,0,0.3921304079275102
1943,1.6662053692536132,1,1,4.231920714727786
1944,1.3375526889576048,1,1,4.2241172410845325
1945,0.532891074029834,1,1,2.4349537411993882
1946,0.2902910206705367,1,1,3.8690758789087303
1947,0.03258661457562395,1,1,2.8292984934724554
1948,1.4884602394335809,1,0,1.9359540855867527
1949,0.7229080934839449,1,1,4.597671411211911
1950,-1.432100701608562,0,0,-1.9368739193574558
1951,1.2141001641383902,1,1,4.545282362668183
1952,0.8720766664667434,1,1,4.752024184968375
1953,-0.7341690599047603,0,0,1.1711741791355306
1954,1.5273907332604009,1,0,2.7787813498949454
1955,-0.208437430919044,0,0,-0.20281750314482272
1956,-0.7662205110899003,0,0,1.3620713420315602
1957,0.9337624371617093,1,1,5.5732385266697015
1958,0.9903185448447802,1,1,3.247971572711645
1959,-1.6709480068066447,0,0,-3.4122188443614885
1960,0.2625799600529892,1,1,4.009642394236302
1961,1.1640481898504835,1,1,3.13718220982586
1962,1.5045925312777748,1,1,3.4454269149967445
1963,1.5117786225025949,1,1,2.2959925588898944
1964,-0.29832109506807347,0,0,0.7960881874033289
1965,0.4008559514660197,1,1,4.400862468839417
1966,1.3567745872972243,1,1,4.625051888081916
1967,1.5171758923799104,1,1,3.888755756417945
1968,0.703088643095136,1,1,2.9890809887884027
1969,-1.4320371963934924,0,0,-1.325545888566399
1970,0.8869284031469182,1,1,5.980918564945048
1971,-1.5470514090459466,0,0,-3.2809692934319394
1972,0.3396623213051977,1,1,3.042550798927854
1973,-0.5259303253108674,0,0,-1.3217203765632952
1974,0.7658081462197974,1,1,1.8337101253538064
1975,1.0374733397562355,1,1,4.916963451879626
1976,-0.3271565862919368,0,0,0.04887797020212997
1977,-1.3806508516924847,0,0,-1.7259820385089835
1978,0.766540463027074,1,1,2.2557488285721656
1979,1.4422180060554424,1,1,4.016480130363076
1980,1.1008261059672657,1,1,3.0032293156521837
1981,0.8658249723924976,1,0,2.2633198959497287
1982,-1.2412175586498657,0,0,1.801887145960679
1983,-1.8247002684153295,0,0,-2.498568936962213
1984,1.8046332871083552,1,1,4.241389312564749
1985,1.6626877493490073,1,1,5.817967748043723
1986,0.4438956691832665,1,1,2.6071622798832017
1987,0.9103365097579754,1,0,2.7811884354232554
1988,-1.5879202695478294,0,0,-4.130905639279074
1989,-1.708103273801704,0,0,-4.544587989953505
1990,-0.20936402397715836,0,0,0.734902022746739
1991,1.5821804383211964,1,1,2.073328153191464
1992,0.6931426699467189,1,1,4.514568965221148
1993,-0.5856562466131421,0,0,2.169162565850142
1994,1.9857467594522094,1,1,2.670353257397982
1995,1.6975323214276443,1,1,2.9775234753573194
1996,-1.209928532173246,0,0,0.5546768398613175
1997,-1.6415952587143474,0,0,0.10603696061705836
1998,-0.5298453995197598,0,1,5.495112590442574
1999,1.1230400535150848,1,1,4.38255414085322
2000,-0.2749836759734787,0,0,0.3002518336146449
2001,-0.02930233315850783,0,0,2.074624434760315
2002,-0.642990454299428,0,0,1.840198572271456
2003,1.223763152672971,1,1,3.5674104545801337
2004,-0.617974044140642,0,0,0.5641355146194516
2005,0.551678190366764,1,1,4.76853557413445
2006,-1.4372899470532947,0,0,-1.044872630530105
2007,0.49998053809432097,1,0,1.143362575293693
2008,-1.7782328440800628,0,0,-0.1059483161949557
2009,0.9166781784589868,1,1,3.6200062009069365
2010,0.33018112051221093,1,1,3.875141268787112
2011,1.9756014783545734,1,1,2.938510766708548
2012,-0.6314812372201324,0,0,0.9896453228926443
2013,-0.4030825767238846,0,0,3.4067159632040553
2014,-0.47813929537133326,0,0,-1.3485231851692507
2015,0.4087569251988583,1,1,4.459053466131582
2016,-1.2332422476842386,0,0,-0.9911414707775681
2017,-1.2904204372033412,0,0,2.4835505941766898
2018,-0.020313882197834143,0,0,1.7468673438004536
2019,1.4508001037647866,1,1,4.177238906159437
2020,1.607396800835359,1,0,2.9014252135707572
2021,0.5546600367653793,1,1,6.464369052333893
2022,0.3022729805671801,1,0,2.556751361670247
2023,1.5087254589030246,1,1,1.6782642985554261
2024,0.2890256691998059,1,1,3.904495585725038
2025,-1.217327749705317,0,0,-2.0439757017735825
2026,-1.7813901291347647,0,0,-3.952228030784733
2027,0.3650298374198879,1,1,5.502634244358514
2028,-1.2218430632525639,0,1,3.6246601942398247
2029,1.5497738715308746,1,1,5.382331502000541
2030,-1.930239051704974,0,0,-2.3450138045371967
2031,0.36313921576111996,1,0,1.2774010833638227
2032,1.241964128343668,1,0,2.772093005963253
2033,-0.4106348072439232,0,0,3.9461511905786693
2034,-1.4495690398482415,0,0,-2.4593568406930353
2035,0.4887194570422113,1,1,2.0553433462903405
2036,1.293666380414888,1,1,1.5676666703518969
2037,1.9542124029909758,1,1,1.6098711378427983
2038,-1.162629230906996,0,1,1.5569524547788727
2039,1.466698243853334,1,1,4.989744172560271
2040,0.6864962688794272,1,1,4.1376320749493765
2041,1.1647347192254904,1,1,4.437092996204449
2042,1.4709237823308499,1,0,2.5836920499901934
2043,-0.5692758975901602,0,1,2.0458633577198446
2044,-1.3661027480737173,0,0,-0.8437869092470625
2045,0.6119292687735283,1,1,3.7087476464197295
2046,0.8123315666792408,1,1,5.844204040755286
2047,-1.2102403227685548,0,0,0.8137299808651028
2048,1.0030560280284209,1,1,7.922884372643694
2049,-1.933037795900494,0,0,-1.810255447617751
2050,1.216390126293144,1,1,3.7366217830697326
2051,-1.8406494938596185,0,0,-3.4763273199955846
2052,-1.356525691532858,0,1,0.19950802283029723
2053,0.32143987067448476,1,1,3.384452488409151
2054,-1.4399652230120261,0,0,-2.1552542674641555
2055,0.47944692690036383,1,1,1.811380817053723
2056,0.17767714348564034,1,1,4.328984401400481
2057,-1.3238220480125458,0,0,-1.4907600047543816
2058,-1.990601696320478,0,0,-4.073975874341098
2059,-1.6071520850581864,0,1,-3.704065723340351
2060,-0.7259503418073199,0,1,1.242830048896912
2061,-1.0675407022437442,0,0,-0.9438455811629247
2062,1.0539200276822314,1,1,5.217671853701626
2063,1.3332243036076443,1,0,0.793182264331505
2064,-0.3949304117321635,0,0,0.24233659539752272
2065,-0.5774172269407214,0,1,4.122242714713852
2066,1.9593705808265804,1,1,2.242032395709911
2067,1.5092438886163366,1,1,3.094113309779254
2068,-0.5460984262927306,0,0,1.352992855387106
2069,0.9775372334216859,1,1,6.091348162570615
2070,1.6780199430089073,1,1,3.1216637137417265
2071,0.9937406549096202,1,1,2.5430330031064963
2072,0.8574964030771199,1,1,1.6893783557073356
2073,-1.1289834474108393,0,0,0.04593785814843915
2074,-1.0798289366649994,0,1,1.335434535235557
2075,0.04808721646224434,1,1,2.050774904363341
2076,-1.232991690313162,0,1,0.7751209613818912
2077,-0.6007191438003061,0,0,-0.5639953031222378
2078,-1.2796317487313984,0,0,-1.3850578421014224
2079,1.2258290330223156,1,1,2.980282859202803
2080,1.2561667832808863,1,1,3.921391361929862
2081,-0.009450772039802047,0,0,1.9303406652115718
2082,0.8284756207934287,1,0,2.5820913373050867
2083,1.1196126584742334,1,0,1.2974218236216122
2084,-1.4768580618672735,0,0,-2.1131752208324324
2085,1.6624442303254847,1,1,1.5108783270120294
2086,0.24730856306094573,1,1,3.618157835015471
2087,1.5707911974839708,1,0,2.4670784367468883
2088,-0.8157875411520332,0,0,0.21408633857921533
2089,-0.3926180667540886,0,0,2.8854212743088867
2090,1.3688849428312566,1,1,3.1137000492253417
2091,-1.8847276165562308,0,1,-2.2135298337576077
2092,1.2075947483142917,1,1,2.70152722456775
2093,-0.38490872666175635,0,0,1.1297339752118185
2094,-0.5610570831478561,0,0,0.6097897245012328
2095,-1.3186889198128067,0,0,-0.268847420385142
2096,1.090356231654249,1,0,3.4124756244325187
2097,-0.33175733021997145,0,0,-0.651022174503226
2098,0.3636184673695251,1,1,1.8443713261399752
2099,-0.26940052461192154,0,0,1.9580596631412575
2100,-1.1716624713514285,0,1,3.1703860678829585
2101,0.29167248316694294,1,1,4.397119708656188
2102,-0.7140034014896695,0,1,1.8867287906450314
2103,-0.8227779825096353,0,1,2.8616884913676577
2104,1.9311430139977488,1,1,1.9491883339942315
2105,-1.4996437547856751,0,0,1.1492670215337348
2106,-1.5916249555937938,0,0,-3.838055255574746
2107,-0.38331199977235064,0,0,1.6622873107285898
2108,-1.38594266177566,0,1,1.0771529170278016
2109,-1.7326997191302285,0,0,-1.9871936445251142
2110,-0.5958699358858808,0,1,0.8646557998670994
2111,-0.24021901759879372,0,1,1.3827836826867304
2112,1.6040170035423822,1,1,4.662205476098181
2113,-1.0179023255951267,0,0,0.12288803263180326
2114,-0.9232179527900968,0,0,1.1756678951046085
2115,1.6987620400300258,1,1,1.607669213527343
2116,-1.6774332398489098,0,0,-5.407562477843955
2117,1.7746461857305134,1,1,1.4695141693714984
2118,-1.0084665484787743,0,1,1.8753125167726779
2119,1.6007658921620314,1,1,3.6619903542776706
2120,0.044682568984296456,1,1,6.161726609249149
2121,-0.4230437745850777,0,1,4.303062309922576
2122,1.9341118176987746,1,0,-0.35390704136972684
2123,-1.5588026989633197,0,0,-1.6425274726100534
2124,1.0924762560981298,1,1,4.656057903463228
2125,-0.7416176934783185,0,1,2.4971931573109405
2126,-1.666058393476661,0,0,-1.2582735166704864
2127,0.8444130605282889,1,1,2.4021559879741616
2128,-0.4850102930902551,0,0,0.4895868402439897
2129,0.6564328287417909,1,1,2.9627167497679805
2130,-0.9392170915998452,0,0,-0.06404848185223841
2131,-1.6804574973121462,0,0,-2.7960296296572333
2132,-0.759926690266258,0,0,-0.011655506699937535
2133,-1.4772306487523275,0,1,-0.05702365756428973
2134,-1.587757598521455,0,0,-3.346717665015228
2135,0.13682635632377316,1,1,4.484618471637756
2136,-0.3049568088256809,0,1,2.4371555935612115
2137,-0.8415674709966887,0,0,0.22222407904648167
2138,1.0029550886719627,1,0,0.9779268128114866
2139,-1.8118124993003444,0,0,-4.04119824027923
2140,-1.6646797681147905,0,1,-0.46684365584276444
2141,-0.5300278042351945,0,0,2.798378355053016
2142,-0.4467294428671913,0,1,2.9093490164797364
2143,0.08189464187985651,1,1,4.205099202270027
2144,0.8524552500797271,1,1,3.884574723579434
2145,0.16428619528505717,1,1,4.410267301467295
2146,0.7213726483756235,1,1,4.418025752743062
2147,-1.0121297686518167,0,0,1.3518510092297233
2148,-0.4079736244800669,0,0,1.1514685357234677
2149,0.8131163262926666,1,1,3.8772931888468327
2150,1.9505245849444557,1,1,1.096109818174146
2151,1.9488328323483,1,1,2.439976350149633
2152,0.6725204811532066,1,1,4.727779824285559
2153,0.6722632596160865,1,1,5.609241031247609
2154,0.5845954557366739,1,1,0.8450826731853027
2155,-1.3025321924982092,0,0,1.546408519885996
2156,-1.1370008187639056,0,0,-0.49987678278248765
2157,1.3575499621595952,1,0,1.3912695386470284
2158,0.7981070633268357,1,1,6.182901467344834
2159,0.5257927608006936,1,0,1.4395728013473283
2160,-1.5409454423417523,0,0,-3.0381998359512528
2161,0.605425598274496,1,1,5.693241424719778
2162,-0.11171820214902173,0,0,1.6727560930503258
2163,-1.5546818437439724,0,0,-1.6361136614945333
2164,0.5930528897232579,1,0,3.1821389082217673
2165,0.9392180584418814,1,1,4.7742437406156535
2166,0.8176363130765183,1,1,4.826898622548269
2167,-0.8345217878523927,0,1,2.4782938226702065
2168,-1.58675766167392,0,0,-1.3051055451560467
2169,0.39437636288752254,1,1,5.539279153867823
2170,1.9205418337990006,1,1,6.0995483416423575
2171,-1.0403982247889938,0,1,4.384202380240836
2172,-0.5996198892160813,0,0,2.070807038682974
2173,0.582761482196315,1,1,5.072083180961332
2174,-1.7629053939404717,0,0,-3.6959818324115394
2175,-1.926259871469127,0,0,-2.76842892710921
2176,-0.6989995362606365,0,1,4.592373072949425
2177,0.813228483387066,1,1,3.638777942871205
2178,-0.13058096283867826,0,0,1.6833415046822482
2179,0.27533717300857363,1,0,1.716564072325115
2180,1.135476078020285,1,1,6.096548866720301
2181,-1.1119226573333085,0,0,-1.2197872130758456
2182,-1.473229523035008,0,0,-1.4426025508538294
2183,-0.7528116177337107,0,0,4.2855779979800035
2184,0.9294393155532732,1,1,4.89750548815971
2185,0.1664930302652179,1,1,2.7152234830061293
2186,1.7339851878965944,1,0,1.3733735938930414
2187,0.42109690539628364,1,0,2.8050276553154703
2188,0.14781980397464078,1,1,4.259857646714486
2189,-1.3520868439639773,0,1,1.5195056216028497
2190,1.1815422846733057,1,1,2.979795970801147
2191,0.8510967803011722,1,1,1.7474434231172713
2192,-1.1612026757698168,0,0,-0.5245726662164532
2193,-1.1979092131723297,0,1,-1.467899372048635
2194,-1.428727634345961,0,0,-3.1260765655169123
2195,1.874388618051297,1,1,5.4204500060537
2196,1.3920135757210783,1,1,4.606466065043086
2197,1.1530877153716577,1,0,2.259610939445017
2198,-1.2541001567109382,0,0,1.7835374158699961
2199,-1.1231161313312774,0,1,1.0592488649267358
2200,-1.9987649770590692,0,0,-4.048015307374424
2201,-1.1988432343324638,0,0,-1.1196902471989816
2202,1.8501965896875032,1,1,5.604275026989516
2203,0.5658232485531909,1,1,3.7586587771827373
2204,-1.643207786846033,0,0,0.6058685957204736
2205,-0.44774424966576865,0,0,1.7779451101429002
2206,1.3496910451536324,1,1,4.992774368430623
2207,-1.6825210778057569,0,0,-1.5650782579481164
2208,-0.1385884108570239,0,0,3.0115009809831985
2209,-1.7643772597984264,0,0,-1.1559317625466226
2210,-0.05959228078352696,0,0,2.8894046918361354
2211,1.957933217314169,1,1,2.7565582810254528
2212,-0.4583271338516801,0,0,-0.5489015268492409
2213,1.9810270949084199,1,0,1.774242957116345
2214,1.9483974596394629,1,1,2.125668902288294
2215,-1.945937032479553,0,0,-3.782535365976234
2216,0.41146451606808787,1,1,2.7513825724123944
2217,0.13012280297209677,1,1,4.821600706671048
2218,0.9528926932307726,1,1,5.110618781980187
2219,-0.12432564647787103,0,1,0.7704303504665715
2220,1.9128036944461138,1,1,0.12289266701253965
2221,1.626343026941285,1,1,7.6547676067596875
2222,0.0018423140518604164,1,1,3.5708092227517727
2223,-0.37779527842405836,0,0,2.1104140828507676
2224,-1.479181600706739,0,0,-1.8805002283254697
2225,1.02260981270241,1,1,4.789729037310114
2226,1.522945538294207,1,1,4.685855620794362
2227,0.5556311623155334,1,0,-0.38370111945045915
2228,-0.44210231589972215,0,1,3.952602438900806
2229,-1.3245611550270198,0,1,1.6809014200162578
2230,-1.3337253844338104,0,0,-1.934183101523591
2231,-0.12309901350789199,0,0,3.662747932334064
2232,-0.7758760492727004,0,0,-1.9899739411774373
2233,-0.6753014103907304,0,0,-0.12533731719474325
2234,1.2181038359346075,1,0,0.7706754813734753
2235,-0.2182000435190914,0,0,0.475909248186255
2236,-0.4301251166749953,0,1,2.1494396918103615
2237,1.9655592824960308,1,0,2.9803860718225192
2238,-0.6070859458468223,0,0,-0.8476193755670178
2239,-0.6103023371177354,0,1,2.5507245000230454
2240,1.59874802092126,1,1,3.2093127919999054
2241,-1.8503196719401571,0,0,-6.492141932051812
2242,0.05816864042327996,1,1,3.427087003489172
2243,1.4493217896682031,1,0,3.5949328946042334
2244,0.22438745601795596,1,0,1.303867120644468
2245,0.10029383319632013,1,1,2.583668605797183
2246,0.7363777172176373,1,1,3.0451927000643497
2247,1.2002023619528477,1,0,2.256703882720177
2248,-0.006017386565712268,0,0,3.2724367402480126
2249,1.3735953027738819,1,0,3.107323639908569
2250,0.7592138952329321,1,1,1.0189375599038761
2251,-1.811827931769121,0,1,2.3921129944667756
2252,0.17607292748727188,1,1,2.680988395214485
2253,-1.5989413756296007,0,0,-6.257200559827126
2254,-1.600020662307391,0,1,-0.4848632379339535
2255,0.5385372103594603,1,0,5.752947521663433
2256,0.12875463612260452,1,1,4.836677666709157
2257,0.8078041161700917,1,1,4.115840074212274
2258,1.3388030517823855,1,1,5.8705116604681695
2259,0.7585595655116433,1,1,2.720673650773005
2260,1.122448322793696,1,1,3.3335542745196305
2261,-0.6610015752523593,0,0,0.42493642782495605
2262,-1.7982562753640798,0,1,0.9010375573415883
2263,-1.7012631413400223,0,0,-4.94446947865076
2264,0.08239521922214843,1,1,3.182090081852093
2265,1.7990629749037268,1,0,-1.403511217105601
2266,-0.84129168843122,0,0,0.7262711287320198
2267,1.404905997680518,1,1,1.250664250162944
2268,-1.9346116328218272,0,0,-2.18022581940512
2269,-0.3206531481720285,0,0,1.53740642562915
2270,1.3672883759673864,1,1,4.634389280465376
2271,-1.7112875031458192,0,0,-1.2254041395495336
2272,-0.41807218982239336,0,0,1.6230862473853218
2273,1.8455674174182493,1,1,3.314892389377327
2274,-1.5615482360550592,0,0,1.3987929882324766
2275,0.39106633920627054,1,1,2.739106490211009
2276,-0.8832992356879044,0,0,3.2142213621466453
2277,-1.825914010930438,0,0,-4.598064131146385
2278,1.1828849047231698,1,0,4.291751920371702
2279,-1.717730687975997,0,1,0.07214682124001714
2280,-0.06648141667540752,0,0,1.9310123358761122
2281,1.976449321953444,1,0,0.24282303748637507
2282,-0.02654746298236521,0,0,0.04390123800877954
2283,0.7892064222603761,1,1,6.367234494186181
2284,0.1706143024872655,1,0,-0.06343570215332328
2285,1.4286698990794542,1,0,3.4429573685295667
2286,-0.6222550980688353,0,0,0.2109612998156007
2287,0.30726415006405183,1,1,1.9230460635573854
2288,-1.5605306817432032,0,0,-3.7117219714585064
2289,-1.9428920661798204,0,1,-0.17271920623286796
2290,1.5985765707817703,1,0,2.0779308203885725
2291,-1.8660212455216056,0,0,-5.411970321613777
2292,-0.9212930875988614,0,1,1.4045777883871313
2293,1.8986628569902804,1,1,0.17757929255629112
2294,-1.0413081188803197,0,1,1.724412748676843
2295,1.5706288706511367,1,1,3.8073177368652154
2296,-1.9347271874904686,0,0,-5.732263911426055
2297,-0.8036973935668001,0,0,-0.5587751253240948
2298,-1.9960281866334184,0,0,-2.9420640150861095
2299,0.47322605165851606,1,0,2.5289564057269343
2300,1.4181269463533654,1,1,3.9546083884708096
2301,-1.118229228566081,0,0,-1.7508946772682799
2302,-0.8515046861716096,0,0,-1.2864609565998781
2303,-1.4797015113582046,0,1,-0.13055770807254308
2304,-0.931626915050809,0,0,-0.7506381054623747
2305,-1.0426684140679305,0,0,0.6737235902880687
2306,0.3751271587333034,1,1,4.252560394054254
2307,1.5869061518966627,1,1,2.84721515367031
2308,-0.5993835296060159,0,0,0.2875423171418121
2309,0.1415045659253482,1,0,3.8944119602491525
2310,1.3929857927374316,1,1,2.2251835332411045
2311,0.12651162904323865,1,1,2.6358462951882258
2312,1.5839977825147398,1,1,4.048220311604544
2313,-1.2775364931119637,0,0,0.41950774905960186
2314,-0.019455431051618177,0,0,1.091867370125783
2315,1.1764421592846754,1,1,3.314686500750114
2316,-1.13168930384479,0,1,1.9924403294719601
2317,-0.41442649824646205,0,0,-0.18952746543719634
2318,-0.9545583971537783,0,0,2.486701321992097
2319,-0.679034153252625,0,0,1.788351354556728
2320,-0.7340584885477011,0,1,3.3201113465038943
2321,1.4919529711662922,1,1,2.7609708226959233
2322,0.8426922572559321,1,1,2.302470791066329
2323,1.6823077871138765,1,1,0.771781507261371
2324,1.1359144441214717,1,1,2.5571148937879182
2325,0.9835628354170867,1,1,5.131861609413928
2326,-0.6185345579744341,0,0,1.897521898759635
2327,1.4584259484540207,1,1,3.359548036033563
2328,-1.5002724888444012,0,0,-0.42695867064051785
2329,1.303756624915437,1,0,2.3449619858238813
2330,-1.9583189674206882,0,0,-3.229152134561954
2331,-1.0027810334270373,0,0,0.02277730714801285
2332,-1.0928963751111662,0,1,4.8056628729462165
2333,1.419804513552946,1,1,4.1005358481917575
2334,-0.8066466547200619,0,1,1.0421998040959655
2335,-1.1856793022897305,0,0,0.4382442025917475
2336,-0.9737766080305099,0,1,2.4884384302109646
2337,0.40349020022343174,1,1,4.4037689931626325
2338,1.3186891062893022,1,1,2.0196681520325033
2339,0.9157099427570539,1,1,4.926924321568896
2340,-1.1867675096559323,0,0,-0.3796227147092507
2341,1.6821254650619917,1,1,0.04390003723103342
2342,-0.3129587566991452,0,0,4.450257966823701
2343,-1.3544495766037583,0,1,1.331967678696412
2344,-0.31160129753135646,0,0,0.34550702447926124
2345,1.8843615843996142,1,1,4.365713020746579
2346,-1.4335519313986325,0,0,-2.0487979128098943
2347,0.08826389660376632,1,1,0.7238975740367322
2348,0.7687118375961739,1,1,3.013916799522056
2349,0.15464845668094496,1,1,3.8263821467506505
2350,0.9788582065560925,1,1,2.552407981989851
2351,0.4769963861751272,1,0,1.5856522230604844
2352,-0.4418449374946469,0,0,0.0022332931165203185
2353,0.34536115394252587,1,1,6.287392457082813
2354,1.8883251071000213,1,1,-0.95688643806049
2355,-1.9119448250999658,0,0,-3.4041320802049273
2356,1.7253186572582333,1,1,1.8362476132653522
2357,1.1244714292953502,1,1,2.316837750835609
2358,1.9164689794939456,1,1,2.491313428807242
2359,0.4971974548574911,1,1,2.16049494980127
2360,-0.016554678196595507,0,0,2.21658304804947
2361,0.9559942485508945,1,0,4.004130646761239
2362,-1.5414018518842156,0,1,2.865518042870516
2363,1.3461196914150766,1,1,3.2265375175783877
2364,0.9738376711738019,1,1,6.3974885853096435
2365,0.03150374735357264,1,1,5.510750827117516
2366,0.18468970221107428,1,1,4.136357047071201
2367,-1.0010283923217638,0,0,1.6069966871519643
2368,-1.811255397999862,0,0,-1.673851246494814
2369,1.7638927244776412,1,1,6.344356021183554
2370,1.64470418154272,1,0,0.2139856102646776
2371,1.0467063209085223,1,1,5.465886656460135
2372,-1.0473688265207937,0,0,-1.9472620436768713
2373,0.24085001855242083,1,0,2.5988122169670085
2374,-0.151938637702989,0,0,2.6962586551811736
2375,1.0273785297396456,1,0,3.631701998801384
2376,-1.316379824833262,0,0,0.2645281256702917
2377,-0.7627923386721154,0,0,0.9951842901387815
2378,-0.585313249739094,0,0,3.2100882997877833
2379,0.8748450335171469,1,1,6.066646295046885
2380,-0.3583568898946843,0,0,3.981789457342355
2381,-1.7188924717710834,0,0,-2.035516641409043
2382,0.6253006871729063,1,1,3.278566833895721
2383,0.013953709762815958,1,1,4.71719860419635
2384,-1.3725862370511477,0,0,-0.25362441139887626
2385,-0.42101620008462826,0,0,2.332480471510989
2386,0.7164130565345093,1,1,3.9401190476509793
2387,0.6885551184809899,1,1,3.6957374501031737
2388,1.7077145254819972,1,1,3.008892356579979
2389,0.09288191997596185,1,1,3.94417938417671
2390,1.5849619495399714,1,1,4.876860658883565
2391,1.6206463292596305,1,1,1.091344906244739
2392,-1.8254524471568727,0,0,-3.2213624389277355
2393,0.0809069000727618,1,1,2.0576893299445205
2394,-1.3284325777770003,0,0,-2.715194754243604
2395,0.5395770230038037,1,1,2.5987762121348377
2396,0.14441505024643453,1,1,3.2920377608888702
2397,0.4206136847156907,1,1,5.926674878749527
2398,1.3685542717601997,1,1,4.436094329363789
2399,0.27654949903130444,1,0,2.029543000506546
2400,-1.8407559736541814,0,1,-0.18796837714465542
2401,1.4311833803417584,1,1,2.860849020352158
2402,0.191045476786031,1,0,2.783061404586533
2403,-1.6896553811323618,0,1,1.2019966433206266
2404,0.2890207908476974,1,1,1.7885322493515818
2405,1.6763665851388119,1,1,4.226697946510367
2406,1.601527358364509,1,1,6.429762315116547
2407,-1.9252950566757403,0,0,-1.1136049916659672
2408,0.2928867268076387,1,1,3.7270329330530214
2409,1.0309533829332356,1,1,5.04314908784158
2410,-1.9177396162571445,0,0,-5.430033399998299
2411,1.2647433444321083,1,1,3.9444195444043846
2412,-1.3552137338985921,0,0,0.20033702025155675
2413,-1.8555091758121307,0,1,-3.264082450016942
2414,-0.6939689127838404,0,0,0.1490698793577212
2415,-0.8030362330081497,0,0,4.2893244978181375
2416,1.7989149961997684,1,0,2.274826403765175
2417,-0.6597173422469984,0,0,-1.9681135809022756
2418,1.5368297822958934,1,1,4.634051666278345
2419,-1.9358731063903294,0,1,-0.9711710932074222
2420,1.3147635574988996,1,1,2.458823617999335
2421,-0.12783002339611604,0,0,1.3838776240857464
2422,1.5411537549454493,1,1,3.4465585713639424
2423,-1.3112495085182605,0,0,-0.9372553605556502
2424,1.1569658374581508,1,1,4.320678558195229
2425,-1.716351832439837,0,1,-1.4564803937670536
2426,0.5539335579220448,1,0,2.8095266231544724
2427,-1.9670566059904058,0,1,-2.9667515262039448
2428,-1.420355445283679,0,1,0.013744601931765743
2429,1.222504381874041,1,1,2.400981178491155
2430,-0.5025913151998305,0,0,-2.4725660199195305
2431,-0.36354482966390567,0,1,-0.5073959310422085
2432,-1.9844282928833676,0,0,-3.476451582911417
2433,1.0808127692229017,1,1,5.878257000194134
2434,-1.4011798905159818,0,0,-1.7299609560011304
2435,0.07427793583291376,1,1,2.7188492370964186
2436,0.7212056962084499,1,1,3.7338245762556355
2437,1.6394026819388579,1,1,6.652805947904543
2438,-0.545180762587143,0,0,0.5238869147494869
2439,-1.158361677831095,0,0,-2.52647627644516
2440,-1.2352695940198055,0,0,-0.7441741445682516
2441,1.4493942077425213,1,1,0.8793809613593997
2442,1.7388720466876908,1,0,1.0809914826885876
2443,0.8068811761283103,1,1,2.5715005089621243
2444,0.6787577164472953,1,1,4.830077531844595
2445,-1.5277111830698606,0,0,-1.6373342091514662
2446,1.1041582776099865,1,1,2.3306788583539575
2447,0.5103324987049072,1,1,2.8385134474012075
2448,0.22371056923735066,1,0,1.9835511492287239
2449,1.5592986379089595,1,0,-0.26169840848089326
2450,1.0433506029709116,1,1,5.7892708386980605
2451,0.22474414312696345,1,0,3.2520696770019892
2452,0.26917124978068463,1,1,4.5878148462585235
2453,-1.3255755035227255,0,0,-1.5553216128196765
2454,0.2722304099008559,1,1,6.643497397949843
2455,-0.9531532701590879,0,0,1.977292316412999
2456,-1.6417970101924766,0,0,-0.7059933302002214
2457,-0.3762635572210895,0,0,-1.5277606403784902
2458,-1.6798033400371746,0,0,-0.5954196930962199
2459,0.4501676955421994,1,0,5.462025077814843
2460,-0.00368904616144361,0,0,-0.17893905340281205
2461,-0.7330682465068441,0,1,4.5684802980036325
2462,1.1219578596219102,1,0,5.192962212021799
2463,1.834122265675794,1,1,2.1714603021813916
2464,-0.4324788211096693,0,0,1.8549445333651604
2465,1.3146294563071783,1,1,4.658905568008023
2466,1.8902934252782657,1,1,2.3560614073803903
2467,-1.7556670632212437,0,0,-3.716498185836917
2468,-0.04145447113223044,0,0,0.9787739055690899
2469,0.43792683652460385,1,1,1.8810340630602806
2470,-1.4925933261304158,0,0,-3.875865383700099
2471,1.1790684766914161,1,1,3.9946079382628796
2472,0.9661186399279358,1,0,2.5392306814675125
2473,1.7819941517319844,1,1,3.8756046814255583
2474,1.9377583129940485,1,0,1.9926398256873066
2475,-0.43850500614931365,0,0,1.1379594532241881
2476,0.21349621419394849,1,1,4.602164445335733
2477,1.562031225855534,1,0,2.1195025317939873
2478,0.816825937410631,1,1,3.4656833611206945
2479,-1.533484967042615,0,0,0.1749620314159155
2480,-1.5601250049254927,0,0,-2.8696626254253648
2481,-1.1487164511183385,0,1,1.0482014707213105
2482,-0.4243942527859259,0,1,1.2774859540388444
2483,0.72957397225673,1,1,2.5905981626685
2484,-0.6463564002571149,0,1,3.4212084399559597
2485,1.0814345526896667,1,1,4.024140294279608
2486,-1.7152011167965746,0,0,-0.27265974224164635
2487,0.9297854338158222,1,0,1.3794427285615907
2488,-0.5026440398829775,0,1,2.6022638183955036
2489,-0.9967263922141729,0,0,-0.029265959485635262
2490,0.1500742747344973,1,1,5.619191759426154
2491,0.20753603068885695,1,0,1.4272232929501656
2492,-1.294391049842555,0,0,-0.7335239556130435
2493,0.2947057354571663,1,1,1.2492652659834704
2494,-1.6733190902532136,0,0,-3.2892564988807167
2495,-1.7548231007391655,0,0,-2.000331559514488
2496,-0.3979694862494032,0,0,-0.25370519103285244
2497,-0.07189877219996754,0,0,2.90534302172453
2498,0.561360887211535,1,1,3.271005369825928
2499,-1.2607968635923803,0,0,-4.69804857585548
2500,-0.890059568935647,0,0,0.33300630269215975
2501,-0.8665280441942271,0,0,-1.2222244036622842
2502,0.743067725545588,1,0,2.240340451755765
2503,1.1759084552138384,1,1,5.901103007216198
2504,0.7947628514451828,1,1,3.9236517066867114
2505,-0.6918037130987762,0,0,-0.7432815178140469
2506,-1.839135219238469,0,1,-1.9081295356133627
2507,0.9516218888408821,1,1,7.582879282181919
2508,-1.6787194086629755,0,0,-2.518780679325777
2509,0.6357847245689996,1,1,2.8861928755425117
2510,1.1678786068721498,1,1,3.771937939644617
2511,0.22856868000003328,1,1,1.1456879054119202
2512,-1.3248312219680245,0,0,-1.1929961078402866
2513,-1.7047252981901249,0,0,-0.7571087997867216
2514,1.8262549826702168,1,1,2.6773315315725266
2515,0.37152930552253594,1,1,3.9198815749823153
2516,-0.3025607056461781,0,0,2.6467257046647665
2517,0.0076023079084639456,1,1,5.735056144020972
2518,0.9378361829884336,1,1,4.343517774990684
2519,-1.7248512678578227,0,1,0.8345677766667319
2520,-0.8039560939316814,0,0,0.198377679659121
2521,-1.2975413347915574,0,0,-1.4149888480676818
2522,-1.5957061102703403,0,1,1.2388982793864014
2523,1.5633530504950586,1,1,4.367239670239901
2524,1.0132001822572803,1,1,2.901345916210281
2525,-0.46354099986657715,0,0,2.25274101629112
2526,1.533868036813812,1,0,4.541871181874311
2527,0.6981842757223329,1,1,5.869627768997955
2528,-0.9651137170115955,0,0,-1.048028948179366
2529,1.2343823366903228,1,0,4.759995270195482
2530,-0.9818526434019472,0,0,-1.3382649314173485
2531,-1.9275522816385644,0,0,-4.841169278982108
2532,1.3013440339919078,1,1,3.2766730164179076
2533,-1.4698717377568835,0,0,-2.6881123432947813
2534,0.5911108657314013,1,1,2.9921462967450676
2535,-0.5260855377413005,0,1,-0.4482172045188402
2536,-1.6373307654344158,0,0,-2.0222748500744943
2537,1.5995462559414002,1,1,1.8253167502930348
2538,1.8302835306350138,1,1,4.199691660623856
2539,-1.1807996060136872,0,0,-2.8597099975609854
2540,0.5432060038610578,1,1,4.11684183885974
2541,0.18585045029090663,1,1,2.61237981078971
2542,1.2595985594793273,1,1,3.0771297563345987
2543,-0.84576970060023,0,1,0.8512883664555686
2544,-1.3276651304468623,0,0,-0.7643830816597917
2545,-1.5293815654599077,0,0,-3.468544478753298
2546,1.0060057762825911,1,1,6.3338187834945305
2547,-1.5851418899073635,0,0,-2.2595916923725414
2548,0.11971474504657553,1,1,4.20622117657857
2549,-0.588646363356391,0,0,-1.75565047898979
2550,0.9111139606840335,1,1,4.292427716095129
2551,-0.6220288786487096,0,0,0.9255249886222259
2552,-0.2992231276226507,0,1,1.2045977333923927
2553,0.979571218879896,1,0,0.8899841105496289
2554,-1.670562830097702,0,0,0.1888028735859948
2555,-1.7696552594773398,0,0,-4.342647433494945
2556,1.2025066028950584,1,1,2.4008824734405083
2557,-0.06775409057955573,0,0,0.9390533535571262
2558,0.334902563839226,1,0,3.4779080714884127
2559,-1.1281726593742056,0,0,-1.27677530640196
2560,-1.644626658672491,0,0,-2.3184729000670594
2561,1.5056740559762867,1,1,4.585015816061245
2562,-0.32818881184559556,0,0,-0.8010013305336896
2563,0.27673628243799797,1,1,2.8695978263126216
2564,-0.6013735593198715,0,0,0.11029603167457935
2565,0.48736927755226755,1,1,2.9004571489468383
2566,-1.644115028473728,0,0,-3.2208405630457606
2567,-1.2507200044287576,0,0,1.2976438239200019
2568,0.2734183769490066,1,1,2.7838621230007012
2569,-1.211564093912545,0,1,0.6819103862175871
2570,-0.5302328761468824,0,0,-1.203331550556923
2571,0.709210510070589,1,1,3.012135991797636
2572,0.43136585903295854,1,1,5.583180571989081
2573,-1.1449994095117817,0,0,-0.37373488097905294
2574,-1.2067299570745393,0,0,-1.2037700485209772
2575,-1.4354634641340946,0,0,-0.7680348475294791
2576,-0.5776163891416592,0,0,1.3818510939971433
2577,0.06253425689058423,1,0,1.073372261410249
2578,-0.9588615718189635,0,0,0.15570438523609842
2579,1.3991201846142016,1,1,2.794253287874158
2580,-1.9298494314685133,0,1,-3.597157442265602
2581,-1.569308257964586,0,1,-2.6167019892551426
2582,0.34396130683109183,1,1,6.217356633698968
2583,-1.7157312672883522,0,0,-4.4347093082263305
2584,1.3175296976700648,1,1,3.7326201959054943
2585,-1.7889210403865898,0,0,-2.136137329915502
2586,0.40398770028432107,1,1,5.051248559634141
2587,-1.7388528998781352,0,0,-1.0671786101538774
2588,1.5268225435606975,1,0,0.9472164019103392
2589,0.45410864296048636,1,0,2.895668043465434
2590,0.14527813074360862,1,1,4.236208691048384
2591,-0.21111865867775537,0,0,-0.07395818931823461
2592,-1.8319272453098976,0,0,-2.098569302756033
2593,0.19763377028942253,1,1,4.1424121647667125
2594,1.056441180522782,1,1,3.109544072845999
2595,0.4214294272079644,1,1,2.7896715246142625
2596,-1.4845572901231279,0,1,-0.46659074434424985
2597,0.9907362300367306,1,1,3.0338113399363174
2598,1.0532675980168014,1,1,5.292992743975486
2599,-0.058629146176282454,0,0,-0.12242707087695726
2600,0.9275877186160186,1,1,4.692769475187038
2601,-0.6924931827927332,0,1,1.3793793753628738
2602,-1.308189587395311,0,0,-1.4570285499107571
2603,-0.437373390048295,0,1,2.6840506891004856
2604,0.5667303740246363,1,1,2.5756765754512765
2605,0.34294819388818976,1,1,4.946169244568582
2606,1.2881459740370773,1,1,3.9202422376656485
2607,1.4723074532032907,1,0,2.3326919171035723
2608,-0.6736598929105959,0,1,2.6843361607025766
2609,0.7907115088403169,1,1,3.8570755294408166
2610,1.8584113680672742,1,1,2.5559762098499768
2611,1.1447244209563912,1,1,3.780534884171768
2612,1.1691570458172302,1,0,2.259585931914506
2613,-0.8617141397038619,0,0,-0.5619824100398371
2614,0.14624702214431728,1,1,4.196774135646365
2615,1.7733959686082237,1,0,1.8819139366742583
2616,0.06885890445310183,1,0,1.584819098168872
2617,0.8760395782440611,1,1,2.8526679512933955
2618,-0.3710090075325798,0,0,2.193814156683385
2619,-1.9311107713344269,0,1,-2.613932344200066
2620,-1.3738814040699165,0,0,-0.7831856308473231
2621,0.42578300181156825,1,1,5.067521530468325
2622,0.16093383006103545,1,0,1.6913404951933995
2623,0.7860321259635237,1,1,4.922603445149587
2624,-0.5185110880751771,0,0,1.399850066930784
2625,1.1857461596538479,1,1,4.181361162769404
2626,0.9808743255856798,1,1,1.970132036457517
2627,-1.2706815359813421,0,0,-0.10918098221547856
2628,-1.8550492998589259,0,0,-2.5185580893828785
2629,-0.6214731404512572,0,1,3.157589141486735
2630,-1.8685751648512765,0,0,-1.708455547615287
2631,1.7596961203412187,1,1,4.373724813208412
2632,1.7701041460119837,1,1,3.8533461258740602
2633,0.5496747617790372,1,0,1.9064998544432128
2634,1.6013484213135243,1,1,5.18390006702424
2635,0.5357233265841548,1,1,3.2836698494777954
2636,-1.8737362433734766,0,0,-2.961722783804458
2637,1.2677582325607664,1,1,2.2657083796532365
2638,0.20846944188619598,1,0,3.2724151879243397
2639,-0.22389792666459218,0,0,1.7771013219126983
2640,-1.1416545526463788,0,0,0.6397710951123871
2641,1.708732199566127,1,1,3.395883491082408
2642,1.6007199845798343,1,1,4.216669673209766
2643,-0.16036662539475754,0,0,2.0897511480984043
2644,-1.7912605286250565,0,0,-3.2730089132074127
2645,1.4546722890551256,1,1,6.151807635040251
2646,1.8784523674169638,1,1,1.9875036939343915
2647,-1.9076102409739395,0,1,-2.4498172199000052
2648,1.5996380151446492,1,1,4.166934247918386
2649,-1.7651011481623677,0,1,-0.7062563187759441
2650,-1.8760373653063036,0,0,-6.616533768681436
2651,-0.9951689347550259,0,0,-0.30632113635223895
2652,1.2069737384007975,1,1,6.296890831451841
2653,0.16827869463329437,1,1,1.5363238268477322
2654,-1.093821172445376,0,0,1.5167737277105355
2655,-1.4542252982591184,0,0,0.15836719336157096
2656,-1.6887434775668155,0,0,-3.2603707790781504
2657,0.024334688374460622,1,1,2.7081081926775075
2658,0.3368959023794367,1,0,3.808357013092054
2659,-1.0283090936960448,0,0,-0.9357311875354593
2660,0.14732044751028617,1,1,5.291043357508946
2661,-1.8895783107983286,0,0,0.010962541381197233
2662,-1.0941529314870029,0,0,-1.0572508008578425
2663,-1.371924496559139,0,1,0.32315730844006096
2664,-0.8754383646515254,0,1,2.356441798051483
2665,-0.2364497152018652,0,0,-0.8676656983480584
2666,1.7968910982915127,1,1,1.8617945846553132
2667,-0.5506222772268772,0,1,3.0701346900326936
2668,-0.4231573792008225,0,1,1.4528976777531808
2669,-0.07208018072842037,0,0,0.9511966265846747
2670,-1.1431063548999907,0,0,0.06841689671107243
2671,1.4074572440006432,1,0,1.5233556239435966
2672,-1.170947565981256,0,0,0.9888447817304094
2673,-1.7083421056049914,0,1,-1.3589402180586587
2674,-1.7133052344883546,0,0,-2.1510761212638303
2675,-0.6341855390212561,0,0,1.4659075959747736
2676,0.7514186326520669,1,1,4.772586677559124
2677,-1.7512917610925713,0,0,-2.4524916873683678
2678,1.9610821317362586,1,1,3.965647875771836
2679,-1.7731541765254994,0,0,-2.636203905186733
2680,-1.4967379877134044,0,0,-3.5469417332862174
2681,1.6807416963198167,1,1,2.9444042426430452
2682,0.15942822596037542,1,1,6.768935535503557
2683,-0.11906950084762613,0,0,2.393172697487709
2684,-0.6289587326281016,0,0,-0.04442967997752212
2685,-1.9623758553573238,0,1,-2.174011171784983
2686,-1.201811867034475,0,0,1.6000197810337147
2687,-1.9046588380673382,0,0,-3.8128369335864036
2688,-1.6369009343452103,0,1,0.5341463772852354
2689,0.3746044522707299,1,1,4.526311421278239
2690,1.8501485000187028,1,1,1.7286456079613628
2691,-1.7314083673850367,0,0,-4.076346274212858
2692,1.1098577100096767,1,1,5.037595218234898
2693,0.4214207628958291,1,1,3.853279913044412
2694,1.896863797156993,1,1,-0.4004459412877024
2695,1.6528556582855574,1,1,1.4141270010820923
2696,0.760912592025524,1,1,4.4383608170088635
2697,0.0543078418334324,1,1,2.060237014291978
2698,-0.30960818429998227,0,0,2.133318762982472
2699,1.7772196852586037,1,1,4.631267846040913
2700,-0.9804301516936764,0,0,-1.833634295142709
2701,-0.3572500276098465,0,0,0.7506864831280736
2702,1.9453685997205303,1,1,0.3216634893117103
2703,0.9465440230813034,1,1,4.842018177481092
2704,0.13031503136061484,1,1,4.472992124281175
2705,0.8023598575973381,1,1,4.927845953711303
2706,1.433954904070772,1,1,6.2242388893353375
2707,1.3766484908596515,1,1,5.562616872522359
2708,-1.2718228773363158,0,0,-2.410795630296716
2709,-0.11369395015981842,0,1,-0.45292106702463664
2710,-0.9753386988377901,0,0,0.2724501618529014
2711,1.8677145873705427,1,1,1.6099791264325563
2712,1.0266043032603682,1,1,3.228394803106811
2713,1.4326925235548167,1,1,3.8246725676151856
2714,1.4917866810497187,1,1,3.6078946397143707
2715,-0.8193811988168012,0,1,0.1593143097819305
2716,-0.7718868072537064,0,0,-1.0468223552131477
2717,-1.3556268170841732,0,0,2.775426842595465
2718,0.518143453780656,1,1,3.2863483204865283
2719,0.7222481909887146,1,0,1.2365436715387121
2720,1.2574944712276537,1,1,2.6303103751351715
2721,-1.6185273942885248,0,0,-1.6173930641849612
2722,-1.4773875176241393,0,1,0.33379223926033696
2723,-1.564085750459269,0,0,-2.7234980695458066
2724,-1.2318780112190173,0,0,-0.7834054043252427
2725,0.23186098056490856,1,1,3.3246636247628265
2726,1.129775716653036,1,1,1.1905771477710951
2727,1.0849222985719083,1,1,2.756502841213627
2728,-1.5157939910468499,0,0,-1.8749443195982338
2729,0.4385629185216593,1,1,2.732058703202371
2730,-0.21646472302195896,0,0,1.3910636149646134
2731,1.0439159151699866,1,1,3.5708572121338618
2732,-1.3294166583814926,0,0,-1.7317397966008043
2733,-0.6021157159254638,0,1,1.5358846928817989
2734,1.4256490067322218,1,1,7.002651442194393
2735,-1.3392981786257123,0,0,-0.49985197063640485
2736,0.9330641107748319,1,1,2.8192495388714445
2737,-1.0821778609780086,0,0,0.6040328518950236
2738,0.6803523034483767,1,1,1.611364363209513
2739,0.1153651470795154,1,1,4.549396143749426
2740,-1.9339628178164712,0,0,-3.8603009819816823
2741,0.9541228027801116,1,1,4.191494948297999
2742,-0.20676676231923485,0,0,2.732163324745332
2743,-0.2995773749879853,0,1,3.8534348862995995
2744,0.6157090922682258,1,1,5.266615887201919
2745,-0.20832556501795407,0,0,0.16328847778448963
2746,1.7435232309164097,1,1,0.3406500278567024
2747,0.02449755984155022,1,0,-0.832026255461285
2748,-1.9688687314243674,0,1,-2.321300839137968
2749,-0.7851872142565202,0,0,0.6389381450990467
2750,1.3478705063948988,1,1,6.9621321492289265
2751,-0.4485965208014582,0,0,4.615287885218782
2752,0.6116940399215696,1,0,0.8386085287304323
2753,1.2466396864312466,1,1,3.7408972179597546
2754,-1.0277915237517519,0,1,2.232787738947596
2755,0.014449499748128591,1,1,1.4491361578934603
2756,-0.21305296113530092,0,0,1.171637522136656
2757,-1.6866810951011413,0,1,-0.9903520105116819
2758,0.045239976943088234,1,1,2.0998245659177353
2759,0.5583088833950964,1,1,3.650351464233334
2760,-1.4731690186387727,0,0,-3.614829475716695
2761,-1.4379767820344598,0,0,-3.4845894519032448
2762,1.5887649562436188,1,0,2.8522362197189746
2763,0.8454588501172764,1,1,5.459957065591434
2764,-0.4787777805649651,0,1,4.906519860925036
2765,0.9061280049761882,1,0,1.5167221845944376
2766,1.793767732293475,1,0,2.849453651024974
2767,-1.7099847400027266,0,0,-2.210390029696703
2768,-1.0295207014578063,0,0,1.4989451680826307
2769,-0.13720428593034661,0,0,1.5551373552488177
2770,1.9721829985596027,1,1,4.305052965559151
2771,1.220647437838906,1,0,0.8468021401227588
2772,0.9512777437750368,1,1,7.99353105673703
2773,1.0021521449548096,1,1,4.941800156415524
2774,-0.10074403963216083,0,1,3.5849682347588545
2775,0.5958987162647271,1,0,3.210327986866191
2776,-1.3423376850958366,0,0,0.5355385484619465
2777,-1.9798639752309297,0,0,-3.3182480543326407
2778,-1.6069687037849376,0,0,-0.9803001974312412
2779,-0.6716236565050986,0,0,1.1196186741063476
2780,0.6511452792656707,1,1,4.745877462557618
2781,0.6682317374459861,1,0,4.577844791232062
2782,1.2636371258175467,1,1,3.6008017432914943
2783,1.5711273078158121,1,1,4.552786601091258
2784,-0.8630474867532909,0,0,-2.636192702566727
2785,-0.4404395985019507,0,0,0.8531657181153819
2786,-0.8372414006000577,0,0,2.0238264530042644
2787,1.9050562350371143,1,1,3.435089838832602
2788,0.5083096162457497,1,1,2.2123687202874947
2789,-1.5036790349594202,0,0,-1.4763728515463277
2790,1.795053152076322,1,1,2.955880085175537
2791,-0.46070960096380276,0,0,1.02442358273439
2792,0.2256989683359789,1,0,2.028985205694559
2793,-1.9520121180205456,0,0,-1.892643145374115
2794,-1.9334755113510838,0,0,-3.2173496214415396
2795,-0.9539597666306951,0,0,1.1118689831153625
2796,-0.06030473192917274,0,0,2.479474775208897
2797,-1.4319637770271205,0,0,-3.460594287808045
2798,-1.035415466120443,0,0,0.1964691455659973
2799,-1.355949360415336,0,0,-2.0639464012648676
2800,-1.2634288360859451,0,0,-0.20734137773239936
2801,0.7805872328805648,1,1,3.783120478385942
2802,1.8033087755861978,1,1,6.3547309684444055
2803,-1.7066790533311993,0,0,-2.288672094400238
2804,-0.6575129400970825,0,1,3.197551880461903
2805,0.8836119999207646,1,1,3.6450240567833814
2806,1.8756880932003717,1,1,1.1696736812080035
2807,-0.43888658545945836,0,0,2.3880124899613437
2808,-0.8761453335426479,0,0,0.38948767050550004
2809,0.23966482521657717,1,0,1.2183521133219712
2810,1.9997957808899813,1,1,4.392606885710511
2811,0.8108852360386667,1,1,5.293605042661627
2812,1.7477713200371459,1,1,2.746288561183518
2813,-0.9349573137722738,0,0,-0.8062384431246075
2814,-1.0123030854523298,0,0,0.38058442161183437
2815,-1.0030772461050215,0,0,-0.7164603607586646
2816,-1.8165426008378325,0,0,-2.44071130449331
2817,0.0971854159843617,1,1,4.147177065999732
2818,-1.1819762118258685,0,1,1.3293661346004606
2819,-0.3486411877470492,0,0,3.9898724657709206
2820,-1.766221349335222,0,1,-2.839287923379967
2821,-1.9532051602255622,0,1,-0.2622468119585806
2822,-1.6940151672010262,0,0,-2.047931051878461
2823,-0.20157493343883637,0,0,0.4310566692796377
2824,1.032668015692186,1,1,4.8015881479581255
2825,0.6452833588250702,1,1,2.087742665486503
2826,0.8323604042036954,1,1,5.55710620540189
2827,-0.39538591901696174,0,0,3.5316961801262883
2828,0.8442992753029754,1,1,4.890916215687893
2829,0.9731274779788319,1,1,3.0794321625537826
2830,-1.7259166963613048,0,0,-0.6103211160469029
2831,-1.2757790723238465,0,0,-1.4845829959962822
2832,-0.3230462178765636,0,0,0.5454613671521851
2833,1.38698432717218,1,1,3.0960536060904404
2834,-1.9976785110473556,0,0,-3.2599206142662602
2835,-1.9613355276517952,0,1,-0.45851287833834986
2836,0.2018062186711299,1,1,7.49822871674423
2837,1.824214126929765,1,1,1.0561733347085485
2838,-0.719966809866694,0,1,1.6452364605441478
2839,1.4309845212248584,1,1,1.1523476799370613
2840,-1.9643653842666065,0,0,-4.792854562407323
2841,-1.358623549588124,0,1,-0.7351248372534309
2842,0.8794461233613426,1,1,2.371116642568035
2843,1.0814776696287351,1,1,4.410430589540844
2844,0.11359710889418029,1,1,6.397021339133492
2845,1.0270942029534549,1,0,2.2613999138653975
2846,-0.13883647940972743,0,0,3.5402662676753494
2847,-0.7942519562493837,0,0,-0.6259180831489912
2848,-1.5132467222574695,0,0,-2.342842395883147
2849,1.8447784873221855,1,1,4.085590966048424
2850,-1.4236071404496062,0,0,-1.970911841649631
2851,-1.1334736452847358,0,0,2.925244693472067
2852,-1.9814090412292673,0,0,-2.086569593318736
2853,1.1065249816080245,1,1,3.4852274149652125
2854,1.7176191198173107,1,0,-0.9089250937312341
2855,1.5870061861912368,1,0,3.6066273342913044
2856,-1.0021836167978115,0,1,-1.2078584840048268
2857,0.3518915296627738,1,1,1.3896754914802218
2858,0.36059959062520175,1,1,2.7505676942888106
2859,-0.7781316302396339,0,0,-2.980942991142418
2860,0.046625970380971715,1,1,1.9352438123495894
2861,-1.0179277442555161,0,0,1.0938057334773887
2862,-0.7963998716509626,0,0,1.193224311943006
2863,-0.5745180175459046,0,1,0.6655897480365278
2864,0.8501314374086948,1,1,6.230024895750465
2865,-1.7244581805095116,0,0,-1.8954451831139565
2866,1.9086854933958572,1,1,3.1288093276958726
2867,0.5204876848392095,1,1,1.3293260844338712
2868,1.0170676596738213,1,0,2.151222336210795
2869,-1.9621677169849336,0,1,-3.274118100550867
2870,0.6397310826815081,1,1,5.94572014085052
2871,-0.6247753485198113,0,0,1.900434615821458
2872,1.0280846471691873,1,0,1.0828049835199771
2873,-1.150838961509912,0,1,1.336219438214454
2874,-1.476918892960203,0,0,-0.18520313973198957
2875,0.5441286738965303,1,0,1.5997292111541865
2876,-0.29616333934324546,0,1,3.312759618082749
2877,-0.013163189730676983,0,0,1.7222258269579416
2878,0.6383526616601096,1,1,4.330838039298921
2879,-0.5310006482049623,0,0,1.5583418600865797
2880,1.4935552671727241,1,1,2.7717404451838026
2881,1.325298075536037,1,1,4.351081007537918
2882,-1.9548282608722918,0,0,-3.887778619455406
2883,0.7584045897385745,1,1,5.5437674123194896
2884,-1.106937343677839,0,0,-1.190230284970334
2885,-1.5731306386763793,0,1,-0.5140786339562862
2886,0.9361485478009537,1,1,3.1963550317076264
2887,1.767145560779562,1,1,1.8604064798810493
2888,1.0689810412657592,1,1,4.022606897366585
2889,-0.6703938798375901,0,0,0.49620280631080327
2890,0.9125601565347834,1,1,1.3696367633979896
2891,0.8642381567356945,1,1,3.587181986088214
2892,0.28283365254498305,1,1,2.829065411818365
2893,0.046198454635075326,1,1,4.731549941644085
2894,0.1422259531438992,1,1,3.036590302751571
2895,0.7651431434839537,1,1,3.853173955777366
2896,-0.5301332343203979,0,1,3.3867771330104643
2897,-0.5463408325721173,0,1,3.9462128045617466
2898,-1.8925242642481517,0,0,-2.3954204568332154
2899,-1.8342709603486913,0,0,-3.5298270109202035
2900,-0.570355924073549,0,1,1.9388616038618904
2901,-1.6732698352092878,0,1,-0.671247394532231
2902,-1.4205081780191287,0,0,-0.30001142609202064
2903,0.41555698845204514,1,1,4.488493647088779
2904,-0.9443149631706742,0,0,1.4269561578689736
2905,-1.1764541801605009,0,1,-0.833641162199346
2906,-1.4148621090262323,0,0,-1.4208777991598935
2907,-1.365064924834027,0,0,-0.14684780920159823
2908,-0.733856316114109,0,0,-2.9227493470826897
2909,0.637218819381268,1,1,2.2106456808940336
2910,-1.6505743223272868,0,0,-1.2096578910596296
2911,-1.4393222158343848,0,0,-3.3876185672028702
2912,1.4409295976190584,1,1,1.569853775894956
2913,-1.3867327154148268,0,1,0.0013846973365141402
2914,-1.883113112981107,0,1,0.01832705124325873
2915,0.31509709284362,1,1,7.686991800513258
2916,-0.5912372384099851,0,0,0.6302844461706268
2917,0.23925793126415673,1,1,5.034250811689405
2918,-0.4395494090464993,0,0,2.577070313264127
2919,-1.1791583620451989,0,0,-0.6181212994640223
2920,0.054027369772786216,1,0,5.067044364149163
2921,-1.6442545278727105,0,0,-1.9761772710915781
2922,1.635226819741392,1,1,1.658149361595933
2923,1.2915455047698616,1,1,4.642434932649097
2924,-0.2736573681479588,0,1,2.695001693884477
2925,-0.4898264833367665,0,0,0.7514324181128363
2926,-1.6542544386286342,0,1,0.03976077464615679
2927,-0.6529013106473052,0,0,-0.9221163885473765
2928,-1.5488204539664294,0,1,2.099994913092679
2929,0.009332948488424364,1,1,1.3041311559477653
2930,0.7752381614310124,1,1,5.014354269568118
2931,-1.7604570088455556,0,0,-4.406613519824592
2932,1.8824311688242714,1,1,3.8651867161246605
2933,-0.7234875958093836,0,1,2.7693573945497594
2934,-0.9873381459909139,0,0,0.3742308442470126
2935,1.3050083566604362,1,1,4.459312862824831
2936,1.875450424159578,1,1,3.4864210607774617
2937,1.4569869989853101,1,1,1.2852205989584398
2938,1.4587147004984518,1,1,4.134989627491311
2939,-1.764705917955769,0,1,2.067066406643467
2940,-1.6912424579419438,0,0,1.3013557817478911
2941,0.8026566019800496,1,0,2.536008501991585
2942,-1.7879718596258725,0,1,0.47696176767374165
2943,-0.4837347444253419,0,1,3.6760946717131846
2944,-0.24529402016411872,0,0,1.1151770612373952
2945,1.5805486571795133,1,1,5.185392298842557
2946,-1.333669573340217,0,0,-0.8303796218070129
2947,-0.08455350419110008,0,0,0.5138460208822937
2948,-1.9873050104301355,0,0,-4.28943639256808
2949,0.5194990841280713,1,0,3.641699516012675
2950,-0.6568117625450016,0,0,0.9228551091764914
2951,-1.9259403516432716,0,0,-2.8932025644241275
2952,1.325512008509675,1,1,6.100707833462686
2953,-0.2647062918270455,0,1,3.293064024226299
2954,1.4716819607662583,1,0,-0.8909103056847734
2955,-0.11293804887070724,0,1,3.5925463694454494
2956,-0.913866721564633,0,0,-1.8554026833625965
2957,-0.9992799880368293,0,0,0.619931739023325
2958,-1.7426950296793695,0,0,-2.1835778043100222
2959,-1.8080525254954254,0,0,-3.392858541842977
2960,-1.7478543282475165,0,0,-2.5905582881908513
2961,-0.3271364046406937,0,0,2.717798406222152
2962,-1.346003287814098,0,0,-1.4671496450174848
2963,0.24795353147913213,1,1,4.475877460724638
2964,-0.9590775121693813,0,0,1.6956307556503993
2965,-1.7027687660729574,0,1,0.2385075914448227
2966,1.3762866117010941,1,1,2.6257031313108605
2967,0.2217963582958674,1,1,4.5762989659249715
2968,0.557916525036652,1,1,4.376286483231072
2969,-0.9075092675422081,0,0,0.9477443459042997
2970,0.2264529513458231,1,1,5.894556682905521
2971,0.312145905573168,1,1,4.0403695813748834
2972,-1.922813148903097,0,0,-3.7958082851672055
2973,0.31066389132798233,1,1,7.316571228678358
2974,0.005733697776165059,1,0,3.383447270280628
2975,0.9053605963596709,1,1,3.0468159394168866
2976,-1.0846164248376433,0,0,2.080753690000606
2977,-0.3737138873380168,0,0,1.6326588302409322
2978,1.9678819333674675,1,0,-0.5391732630557575
2979,-1.0497995826033057,0,0,0.4442259658121817
2980,-0.7960486088875238,0,0,-1.5226189013283447
2981,1.7945935181295112,1,0,1.5888208066361873
2982,0.08469196324043127,1,0,1.6549138761419133
2983,1.2201309709957706,1,0,2.632330594058975
2984,0.18169677540852103,1,1,3.1365642015997457
2985,-1.7337381311496234,0,0,-0.8345266984495929
2986,0.8319705561818878,1,1,1.3982514702888067
2987,-0.010609728225858817,0,0,1.558211926973463
2988,1.1963298811073702,1,0,0.6766874511208596
2989,-1.1821933798605815,0,1,1.5038277254360537
2990,-1.4188891588870671,0,0,-0.1876792520482824
2991,0.9747869965149407,1,1,2.5661737232826773
2992,0.5203339895055676,1,0,3.2435427801468495
2993,-0.015738510501425385,0,0,2.5456802525543623
2994,-0.7019553165230894,0,1,-0.1791686554400993
2995,1.373530023613196,1,1,4.450108576846383
2996,0.8764516523368213,1,1,5.058748015607508
2997,-0.4711145830503103,0,0,0.7252465180824499
2998,-0.5188111179074948,0,0,2.7089309332113594
2999,0.20667144189652598,1,1,3.3367526256970805
3000,1.8500915322366254,1,0,1.5434372692647313
3001,-0.5330156313394827,0,0,1.5886167121926296
3002,-1.9836289002088225,0,0,-6.351281912370643
3003,-1.0674094923570827,0,0,-0.7399764196505285
3004,1.254365574903344,1,1,1.5678925409038476
3005,-1.5674940747975135,0,1,-0.22230321175436485
3006,0.16258091407930575,1,1,3.329329787315949
3007,0.9644702378510188,1,1,2.8120167622646237
3008,-0.9983356249591773,0,0,1.2304128154555332
3009,-1.3411731318298834,0,1,0.7935932027765649
3010,-0.6727408063457241,0,0,-0.2157694157659049
3011,1.4285354232305214,1,1,3.1291607734692515
3012,-1.181310235841977,0,0,-1.3134086152132232
3013,-0.5027129031298352,0,0,-0.13718158575976572
3014,1.1373169503346845,1,0,1.5674819418534884
3015,-1.1495504388260223,0,0,-1.8391105880640959
3016,-0.9389211254904697,0,0,1.4439854916891954
3017,0.29699607573136744,1,1,3.4223293486902673
3018,1.4716300465402488,1,1,2.4051349688183845
3019,-1.2019322954169103,0,0,-2.991526585136419
3020,-0.21215412624743424,0,0,1.1304014550832795
3021,1.96031184124453,1,1,4.181268198932766
3022,0.16925160917876259,1,1,2.9669404939453234
3023,-0.10072923839266767,0,1,1.9224018323591354
3024,-0.04893784727801087,0,1,3.638997806016146
3025,1.6573398430997641,1,1,4.422911067877962
3026,0.1826987362849053,1,1,1.9116135127848506
3027,1.88787572005495,1,1,4.6023532375917915
3028,-0.7887894430491733,0,0,0.9373600400102475
3029,-0.92033750392799,0,0,-0.2562574551081117
3030,1.6450661977357055,1,0,0.9793111839986386
3031,0.9159560567478455,1,1,2.297196914931237
3032,1.6073501402552188,1,1,2.7092114042524003
3033,-1.4402924255512586,0,0,-3.084978043247058
3034,0.1583443315613331,1,1,4.6219013636752635
3035,1.2418990529565739,1,1,3.0504575618681833
3036,1.375104435075945,1,1,3.650605334083454
3037,-0.8383087583577744,0,0,2.5321162348954824
3038,0.6136848765356708,1,1,1.7751918653018646
3039,-0.7374189242549991,0,0,0.5328656585394862
3040,-0.8683082460955971,0,0,1.0607956124911193
3041,0.2553107292988259,1,0,0.24816350985388957
3042,-1.929479288046045,0,0,-2.932970353126371
3043,-0.2628543171635158,0,0,0.2287134805504305
3044,-1.7299198116700092,0,0,-1.931985651879495
3045,0.6178635949378211,1,1,3.919546723817999
3046,-0.19060663929025967,0,0,1.3563774727203275
3047,0.9479933266294363,1,1,4.028790010642378
3048,-1.51512980762512,0,0,-4.536571014249179
3049,-0.23483897908644957,0,0,2.388383059348169
3050,-1.5787937658832156,0,0,-2.2598514420838987
3051,1.6005534979393659,1,0,-0.22798387783654994
3052,-1.3964597601944098,0,1,1.6540202883372765
3053,1.0499310765902528,1,1,5.192794400031641
3054,-0.5889100444526281,0,0,0.47846058651463086
3055,-0.05958493990882996,0,0,3.78863236304169
3056,0.34384380586884555,1,1,4.534142796678413
3057,0.5054819397170545,1,1,2.286192352439649
3058,-0.7565615439055868,0,1,4.323856439301791
3059,-1.1665023666725403,0,0,-6.001544312128153
3060,0.1821532224529312,1,0,3.6310335493019728
3061,0.32925179287000894,1,1,1.7795591665070045
3062,-1.452864591416862,0,0,-1.4514748417623757
3063,-1.7497418691256281,0,0,-0.8866717130864934
3064,1.7181433502624013,1,1,3.049424068943474
3065,-1.1305126059170858,0,1,2.5253388297497965
3066,-0.7197620907684819,0,0,2.4313961102119706
3067,-0.9844001451668971,0,0,1.2608521090960128
3068,-1.1041791829132697,0,0,-0.4952206649935716
3069,1.0764849155389786,1,1,4.262104611053665
3070,-0.9566568565911977,0,0,-1.9975893727951552
3071,-1.9182291337964705,0,0,-2.9245423241166515
3072,-1.030341904636733,0,0,0.04513332859772823
3073,-1.9854710815171845,0,0,-3.691503947484441
3074,1.611763447965417,1,1,0.8758335735679266
3075,1.0639980095504877,1,1,3.4672530702539435
3076,-0.6665833572758455,0,0,0.7003587263986546
3077,0.7680840089203262,1,1,1.7128866502267854
3078,-0.8553463489040696,0,0,0.5266876006330796
3079,0.7897605059378159,1,1,4.105435223013696
3080,-1.3453199645595144,0,0,-2.1876561775561374
3081,0.6630243779713392,1,1,-0.1532183343732143
3082,-0.6014559950620479,0,0,1.2785234266846177
3083,-0.5468773084153282,0,0,0.8194248333183368
3084,-1.5002164962053297,0,0,-1.331815903362381
3085,0.12346429010604254,1,1,3.161964598051464
3086,1.5831099870736534,1,1,6.0384334033439
3087,1.5482079668248305,1,0,1.3459444361190815
3088,1.7750495821955834,1,1,4.371218104183906
3089,-0.43990685847211086,0,1,3.0923057950732735
3090,-0.3934718806685882,0,0,0.7807007983289921
3091,-1.5992207965859953,0,0,-2.127772233125356
3092,-0.13077483554031133,0,0,3.243722861201694
3093,1.4815164055976764,1,0,2.5909304574821093
3094,-1.033238127583434,0,1,0.7720359155333228
3095,0.14292291533129786,1,1,5.207137863535538
3096,-0.7962661045795447,0,0,1.7808306139251935
3097,0.6942167590715749,1,1,2.8731251231557393
3098,0.06516950493154905,1,1,5.047932852185384
3099,0.10920942700062264,1,0,1.8073204420362987
3100,1.713419991258546,1,1,1.996768389948996
3101,0.037423741767371954,1,1,1.944420114701994
3102,0.40069000217932915,1,1,4.246245055735995
3103,0.8531995098907501,1,1,2.975027208088272
3104,-1.809895070708916,0,1,-1.4330423611340257
3105,0.7272343380172153,1,0,4.07878277693117
3106,1.1471572432114057,1,1,1.9009190639941411
3107,-1.6448011532741353,0,0,-2.8425908354100184
3108,-0.8007343793328907,0,0,1.5386277810379303
3109,0.7697607401388198,1,1,5.42357986323911
3110,1.6296771178594498,1,1,2.709009801684713
3111,1.9831229993331232,1,0,-0.6907628398538156
3112,-0.4074503239275322,0,0,0.2561055174829665
3113,-0.3358983658789523,0,0,1.560306701361526
3114,0.0005885678481258871,1,1,2.880009174894874
3115,0.4452743851022336,1,0,2.0760772504888823
3116,-1.5333397031248484,0,0,-3.7632176527215773
3117,0.03273827171737542,1,1,2.86459133748765
3118,0.9507572988099819,1,1,5.00264081484158
3119,-0.28693758406942305,0,0,0.8233239493451041
3120,0.34310137751223957,1,1,4.624581949568419
3121,0.5034808449479025,1,1,5.556297816750583
3122,1.926000250585174,1,1,1.9469213854239888
3123,0.7306019807118509,1,1,4.0929251039195655
3124,0.9562255785178686,1,1,5.70720689078379
3125,0.1119642229048643,1,0,-1.0475940592457642
3126,-0.38499041327732364,0,1,1.3407452714408095
3127,-0.20841585767870985,0,1,1.8819423443225607
3128,1.4311212080532352,1,0,3.7215139055251423
3129,0.5901534010317744,1,1,1.9070594265018797
3130,0.8301524666123825,1,1,5.30258255969399
3131,-1.2007968484806835,0,0,-2.754403598143883
3132,1.0681502297509349,1,1,4.48740142894763
3133,1.5419897258031505,1,1,4.44945092854787
3134,-0.3708506568601342,0,0,2.8891297063918917
3135,0.4097748784622315,1,1,4.00027892875349
3136,0.25670796693420783,1,1,2.2619814426768245
3137,-0.5435757848164515,0,1,0.1972455406565814
3138,1.9670625049106247,1,0,1.258704611740688
3139,-1.0112414036920714,0,0,-1.1233302081145708
3140,-0.788924597139034,0,0,0.9954641016631793
3141,-1.1477565641645548,0,0,0.7816886558698631
3142,-0.2736116732309468,0,0,4.1725978386151
3143,0.8192802424026873,1,1,3.7278137791378425
3144,-1.6085435569085895,0,0,-0.5089478904007414
3145,-1.9420418794528778,0,1,-1.891724489547289
3146,0.2988680922720003,1,0,4.83756540067108
3147,-0.9812044391356385,0,0,-1.8980775603453792
3148,-0.8356233356762091,0,0,-0.08794575444133867
3149,-0.2692761776437753,0,0,0.7442195749061209
3150,1.1715764200074679,1,1,2.4619521897888688
3151,0.9481365426777146,1,0,0.5672806159680396
3152,-1.0184738236014685,0,0,0.2102350558305469
3153,1.27506713494338,1,0,0.5087014590573018
3154,0.8701912058708468,1,1,6.711335854372785
3155,1.3455271267757638,1,0,4.729391816248841
3156,-1.235788812585786,0,0,-1.7450760185440728
3157,1.1547922124461771,1,1,6.035088538817713
3158,1.463478901671337,1,1,4.975675714005824
3159,-1.5633426542872813,0,0,-1.5624780211188423
3160,-1.6604053861313948,0,0,-3.0131575894710165
3161,-0.5560257122675805,0,0,1.4177159001858106
3162,0.6460398336617144,1,1,2.8213003813881947
3163,1.6816098522153595,1,1,3.7043347408135903
3164,1.4247536948305903,1,0,1.4834954693883202
3165,1.7509341607307745,1,1,2.843321420728389
3166,1.9544541627434149,1,1,1.7466478727688006
3167,0.036149122873902595,1,0,3.395150493913245
3168,0.5192261811367853,1,1,5.803398130972957
3169,-1.3456700926086,0,0,-0.4938375194340632
3170,0.4709943731684989,1,1,4.000139961095938
3171,0.6324023679166029,1,1,4.702173919293076
3172,-0.2825654432514155,0,0,2.814692798466086
3173,-0.9233400935778149,0,1,2.049113515849117
3174,-1.6658217605727113,0,0,-5.2237321431929
3175,-0.7429134373691832,0,0,-3.1926294368815666
3176,-0.2538922176356695,0,1,3.6029414901547083
3177,-0.5572989532420038,0,0,1.726404886938697
3178,1.2371696280076017,1,1,2.5547900494751032
3179,-1.4942075740248213,0,0,-1.849171694614268
3180,-0.36950005519003204,0,0,0.6221980424103382
3181,0.031264124688975325,1,0,2.0493394457900935
3182,-0.9683591042522153,0,0,-1.2798859535527904
3183,0.8397498410955566,1,0,2.5768056937526413
3184,-1.7124480746356552,0,1,2.530687305031067
3185,-1.5933504770111733,0,0,-2.226315451359148
3186,1.7984327132283076,1,0,0.24200252981436754
3187,1.2795062389616825,1,1,3.38147856738551
3188,-1.267652066682024,0,0,-1.4154198249768024
3189,-1.433925022536584,0,0,-0.360421486583443
3190,1.0768831270436108,1,1,3.1693698134069113
3191,0.5323344275437591,1,1,2.814924121252642
3192,0.4297476969801517,1,1,5.889533583220864
3193,0.297173003878207,1,0,2.651849086790461
3194,-1.2991753054379602,0,0,-1.7169968205746473
3195,1.7342084227975487,1,0,2.7510183064434175
3196,-0.9974861213020518,0,1,2.7433522158652837
3197,-1.9267170907857234,0,0,-7.31547686430823
3198,-0.7158945909727299,0,0,2.083815574703565
3199,-0.4561615790100748,0,0,-0.45515201118740434
3200,-1.890206901672188,0,0,-2.532301546484045
3201,-1.4591097578703685,0,0,-0.4601229072196076
3202,1.0734964539872358,1,1,4.957677833785133
3203,0.8300947320763026,1,1,3.1072182774793378
3204,-1.3508794006158986,0,1,1.0752383473531169
3205,-0.9050750325952204,0,0,2.238308951164747
3206,-0.3555292817241278,0,0,3.3333944349696667
3207,1.0037066871364146,1,0,1.9935787479340497
3208,-1.5442001706784896,0,0,-1.7935341879440754
3209,-0.8225798098086172,0,0,-0.9900299977424538
3210,-1.2340904630261633,0,0,-2.0936739591960607
3211,-0.24291654856021605,0,0,1.0945111257941056
3212,-0.4696071098487211,0,1,4.266639852571744
3213,0.4008717147504224,1,1,0.8797190672623245
3214,-0.28239374383625826,0,0,0.2654497518603802
3215,1.1195115630518977,1,1,2.6232191842483785
3216,-1.034391306655746,0,0,-0.5460472982483142
3217,1.9268968257935302,1,1,2.407384076015604
3218,0.8143119897535365,1,1,4.956261725871389
3219,1.1151833062152088,1,1,5.597799044012769
3220,0.40344462700401706,1,0,2.1757530083803593
3221,1.1303869794751549,1,1,2.118747484405575
3222,-1.4594944483167365,0,1,-2.595224703475454
3223,1.3939261785759443,1,1,5.085364248349839
3224,1.306124707635644,1,1,5.152278811454732
3225,-1.7601202842531656,0,0,-3.2331562910827554
3226,-1.4611709190737754,0,0,3.311457734615577
3227,1.088806699606149,1,1,5.194145181281998
3228,1.545521983666497,1,1,3.0083924220025917
3229,0.8335054006542197,1,1,5.864810117061842
3230,1.7741596543867644,1,0,1.6899056230290803
3231,-1.790408909277304,0,0,-4.5758115463400335
3232,0.8759154362933286,1,1,4.846869115875082
3233,-0.4621587019486566,0,0,1.8552674362103065
3234,0.06257110643228314,1,1,2.1084729763514316
3235,-0.4652855962478646,0,0,1.2514442855817378
3236,-1.0352096262427373,0,0,0.2634921365453391
3237,0.7170963538118458,1,0,1.3192290317521211
3238,-0.5922689880239509,0,0,0.8498836853801381
3239,-1.5045801262306382,0,0,-0.039622930185757355
3240,-0.3383078154048311,0,0,2.0118911185350887
3241,1.8999166574339248,1,1,4.013233033060637
3242,-1.3725373233788685,0,0,-1.2354327018818991
3243,0.7073507645993198,1,1,3.462653733487192
3244,-1.0812746500051165,0,0,1.3911981812207856
3245,0.3168970276554983,1,0,2.0162090275684985
3246,0.7577920003642857,1,1,4.585991615937523
3247,1.8108212922568567,1,1,3.35529009333888
3248,0.4118150189695684,1,1,4.238188565323836
3249,-0.36512383402221715,0,1,4.200503249132979
3250,0.2266119897088914,1,1,4.833167140794866
3251,0.9446639578452758,1,1,5.445189525817723
3252,-1.079681433686409,0,0,0.8427529760262995
3253,0.016878225232464406,1,1,2.626227550036009
3254,1.687197657971113,1,0,3.155251534027146
3255,0.9867161233918127,1,0,2.959545138426096
3256,0.07291079595546446,1,1,4.064206005895519
3257,0.1753634591332619,1,0,2.370336025880425
3258,-1.7219966968961606,0,0,-4.093718456818111
3259,1.5198253455333353,1,0,3.9890097637473083
3260,-1.5302189965871826,0,1,-0.6541389028437283
3261,0.6605829648315718,1,0,2.6025664390858756
3262,1.4502363354771988,1,1,4.057911370709023
3263,-1.1912206422270897,0,0,-0.9425421184036646
3264,0.7927559313486765,1,1,4.508676234938634
3265,0.4049229555148375,1,1,4.124832156019442
3266,-0.74591926987324,0,1,2.3201731286919056
3267,-1.0184132829857915,0,0,-3.8582430300335457
3268,-0.5612988255471638,0,0,3.018859216823783
3269,1.6790343718037484,1,0,2.335449515526573
3270,1.800003433960832,1,1,3.7666027203070254
3271,-1.1231377898276933,0,1,3.6345153696336268
3272,-1.7654233147061218,0,0,-2.753878603305659
3273,-0.6039162259407398,0,1,3.225604854793315
3274,-1.1276120770239673,0,0,-1.3728330801096211
3275,1.6699728068142936,1,1,3.13103006477592
3276,-0.8443401435550357,0,0,1.1682588313276903
3277,-1.2468607357556651,0,1,0.7961156056267529
3278,-1.1666662118860858,0,1,1.549808899409422
3279,-1.4589159498019018,0,0,-3.2502871984612085
3280,-0.3101319370311284,0,0,0.5326612612605179
3281,0.7172664468079568,1,1,0.4779954180135093
3282,-0.43119938819697357,0,0,2.8334101490273915
3283,0.612241461585699,1,0,1.550049366224998
3284,0.22826260122701703,1,0,3.1645801253180252
3285,0.17147537869755147,1,1,4.779466044014425
3286,-0.25832628657628876,0,0,4.839910656698754
3287,1.2375169695572898,1,0,1.119942199485331
3288,1.3218306849957293,1,1,1.6823529891855928
3289,-1.5142539439193103,0,0,-0.6749643336528441
3290,1.4703912951419458,1,1,5.1437259305913425
3291,-1.0714550945771384,0,0,1.8012881018264064
3292,-1.2919739352494974,0,0,0.32206443304013777
3293,-0.38265544315231015,0,0,3.691006005465471
3294,-0.9776454555741632,0,1,0.8781481778514785
3295,-0.10075393820472689,0,0,2.1328246362824475
3296,-1.51702639724243,0,1,2.3738336469229027
3297,0.8865424481904842,1,1,4.927152188425861
3298,-1.0692002329013008,0,0,0.5871186749478311
3299,-0.42654960162661704,0,0,0.11207765955736798
3300,0.9595877043413208,1,1,3.129080816803122
3301,-1.2632892622202885,0,0,-2.9189518627985667
3302,0.8382879844765334,1,0,1.9636371715775778
3303,0.72556086396437,1,1,3.6887912076713527
3304,0.21016751455486915,1,1,4.272946066079628
3305,0.6610032765539051,1,1,3.8934791325478946
3306,-0.5657315940722958,0,0,2.846800336230243
3307,1.5900042822151481,1,1,1.6661112402423683
3308,-1.906111921696183,0,0,-3.0995427933992787
3309,-0.9807705374196902,0,0,0.8794053903417436
3310,-0.4611966871137274,0,0,-0.16398589499604754
3311,-1.4003990131838808,0,0,-0.9937198912727434
3312,0.6688235464506493,1,1,5.977109079322011
3313,-1.425126435574366,0,1,2.3840813132783945
3314,0.02364314567763426,1,1,5.402651097754827
3315,-0.0868561293629706,0,0,1.5790508215749515
3316,1.4982069003675584,1,1,5.0523339668649925
3317,0.09724189805240346,1,1,4.283424272163622
3318,0.04362429216874375,1,0,2.66329638343989
3319,0.6976760427031579,1,0,3.812673682496203
3320,-1.1420730722796004,0,0,-1.5951885868155613
3321,-1.4954154218335636,0,0,-2.2732091853587684
3322,1.3119006093829877,1,1,4.845830442112694
3323,-1.1446803273136146,0,0,-3.33407642206239
3324,-0.1832953155956365,0,1,2.6477253306319835
3325,1.8284584792829808,1,1,3.1699653831562467
3326,-0.8394189815904887,0,0,1.9785770293873624
3327,1.550066876245161,1,1,3.6878637312663676
3328,-1.5948261271108888,0,0,-2.604713994724921
3329,-1.393603602615999,0,1,0.8318587339898914
3330,1.3976584656208222,1,1,2.2439558300976854
3331,-1.5661505726347285,0,0,-2.523467476622127
3332,0.7252631466416339,1,1,4.679261364303367
3333,-1.2814937980732144,0,0,-1.3819599630611052
3334,-0.3632080659525765,0,0,5.337825895323997
3335,-0.7138154221147532,0,0,0.299740141070839
3336,1.729136050185987,1,1,4.65906947196204
3337,-0.6649936817474624,0,0,1.1719800145868282
3338,-1.9793994197546176,0,0,-2.515703005702027
3339,0.511944283567201,1,1,4.807160309006166
3340,1.5144941132554952,1,1,3.8123545087357913
3341,-0.8436766141579972,0,0,-1.421879437085592
3342,-0.663736731252424,0,1,3.4501778220183867
3343,1.9180207507630636,1,1,2.66419499679
3344,-1.0661203591516668,0,0,-0.9058993042389496
3345,-1.8491675448074854,0,0,-4.492094007947345
3346,1.982686716094924,1,1,1.8902813639896014
3347,0.17010743208477208,1,1,6.118032378587076
3348,1.228427179738122,1,0,4.068336201970386
3349,-0.8610795869294465,0,0,-0.6592983002026431
3350,-0.47926554906685404,0,0,2.9396952835525516
3351,-1.1595687256611247,0,0,-0.6350305977502605
3352,-1.0232042036641835,0,0,2.5843985986051243
3353,1.5046674887078781,1,1,3.8347270927432846
3354,-1.1883219474474496,0,0,-0.42121241831331846
3355,-0.2190443452035784,0,0,1.5343014543261675
3356,-1.4345905419722742,0,0,-1.6885066020412607
3357,0.04387587593770226,1,1,3.2655035785684348
3358,-0.4952831714393753,0,1,2.584134395251115
3359,0.22395673072610067,1,1,6.4677433775086
3360,0.9376073909793101,1,1,4.20183925412659
3361,-0.48686949349978637,0,0,-1.3915489262651932
3362,1.4506589646830617,1,1,3.707997463807967
3363,0.11428956807134272,1,1,4.786313425685617
3364,1.5892870456211798,1,1,3.0490562608219642
3365,-1.3126034971063487,0,1,0.166697027708542
3366,-0.9081272901347504,0,0,0.3435927612088513
3367,-1.1527312160357108,0,0,0.7453085013491537
3368,-0.911355266572401,0,0,0.6050070696423484
3369,-0.49802923280078826,0,1,0.370773879407009
3370,-0.9858373367131401,0,1,0.7714282424863882
3371,-1.9271325782523485,0,1,-1.581993719679828
3372,-0.9815689645305623,0,0,-0.48056310434801186
3373,-0.16037496541033702,0,0,2.109877262234936
3374,-0.8196632278890723,0,0,-2.0643976617051
3375,1.1559539745439373,1,1,4.236208395084942
3376,1.7035262668424265,1,1,5.554082102713778
3377,-1.781637068134545,0,1,-3.642089610463149
3378,0.8085735476716751,1,1,1.2101355095684023
3379,-0.7620842542579669,0,0,1.2859928328600954
3380,0.13362977635696938,1,1,5.744702747288634
3381,1.1618043954998156,1,0,1.7561867342728636
3382,-1.204978298217569,0,0,-1.7433098508069786
3383,1.1236356477826162,1,1,3.4599027298415077
3384,0.06637901352812481,1,1,3.9939150040191644
3385,-0.6262853369841843,0,0,3.494090359123496
3386,-0.3076214250354492,0,1,4.072087581573159
3387,-0.6092017646676262,0,0,0.827729067546506
3388,0.0842260071866554,1,1,3.0993870868653888
3389,0.3435881340496616,1,1,5.494091106079404
3390,-1.6343220498048674,0,0,-0.5958962613318612
3391,0.6177326327230355,1,1,4.2102695291034395
3392,1.7654478542316805,1,1,1.9974094120888535
3393,-0.6979888826295721,0,0,0.9436101984638048
3394,-1.0348367762909545,0,1,2.227340324238223
3395,-0.2411145961822565,0,1,4.355044837091662
3396,-1.4305777388026635,0,0,1.089542631325585
3397,0.017275220529033408,1,0,2.270666592068412
3398,0.04534040397749761,1,1,5.40899428173897
3399,-0.1451041507095856,0,0,2.357765699454043
3400,-0.39071565997996816,0,1,4.496004951011275
3401,0.23226273446190326,1,1,2.1679894812694434
3402,0.529480636223636,1,1,4.960077345896867
3403,-1.966625935223822,0,0,-2.34506804720369
3404,-1.004831945331452,0,0,-3.073786032916179
3405,-0.5060712023007725,0,0,-0.7114725659463252
3406,-1.558434689526225,0,0,0.5619493164081897
3407,0.5855418531694854,1,1,2.277429228353436
3408,0.2688656399011222,1,0,-0.6622702226840356
3409,-1.8577824035178407,0,0,-3.2401480339371376
3410,-0.852028080366181,0,0,2.3579207923734575
3411,-1.1659791615012969,0,0,1.3856414256205878
3412,1.7539362608746658,1,0,1.741966448712111
3413,0.05756714192761514,1,1,1.244564401925563
3414,-0.3248273626097964,0,0,3.2363565639990792
3415,0.39449402964134084,1,1,4.55428933509719
3416,-1.010910041847576,0,1,1.2671409556186828
3417,0.1400985326526406,1,1,4.219239733881921
3418,1.5182528386733347,1,0,1.9680745595644265
3419,0.3124417582495188,1,1,6.444991250014768
3420,0.8283134986054597,1,1,6.2095933582432785
3421,0.6848956666759909,1,1,1.9952189345858051
3422,1.7349915172125678,1,1,3.8084108837404442
3423,1.0087924940120159,1,0,-0.7021686299135668
3424,-1.0826812071500593,0,0,-1.0274232065172235
3425,-1.125770279231598,0,0,-1.3461951832017633
3426,-1.018410653541002,0,1,1.3384472795555509
3427,-1.28722824762843,0,1,0.4441749989782251
3428,0.28442870655276964,1,1,4.462951670997059
3429,-1.0950904389037204,0,1,-1.1811239843891146
3430,-1.2112318204437305,0,0,0.560250869117621
3431,-0.6320326457794563,0,0,-0.02111389619007692
3432,-1.422360476623083,0,0,-2.174359302865631
3433,-1.9328978922398314,0,0,-3.322205661686147
3434,1.9426490657291375,1,1,1.1374924389832803
3435,-0.3863563872151601,0,0,1.5691684690786627
3436,-1.8120961755535379,0,0,-1.9605177725355165
3437,0.0892468318380466,1,0,0.25897473649643976
3438,-0.6667461782290558,0,1,1.9998693540082093
3439,-1.291601356396224,0,0,-0.6347933124799081
3440,-1.8698018806393941,0,0,-5.366962268774174
3441,-0.21181535473406354,0,0,3.2953892675917404
3442,0.9513756159517519,1,1,3.126340442384863
3443,1.7854459946245038,1,1,-0.7354381636125806
3444,-0.5303336489753461,0,0,0.859390580281636
3445,0.5693704292610557,1,1,6.967190177650904
3446,-1.256268883581153,0,0,-1.381867647560546
3447,-0.853602475239899,0,0,-0.1845303367532771
3448,-0.6656251208983561,0,0,0.8231802311054619
3449,0.3973421360851508,1,1,3.3835018990278627
3450,-1.2271598603656417,0,0,-0.2361189200239161
3451,-1.1071137209257063,0,0,-1.655557114620124
3452,1.0113402221024557,1,0,2.70033230020468
3453,-0.5016289898479478,0,0,1.99583563428371
3454,-1.3082546140855693,0,0,-0.06634644187684258
3455,1.825941037140033,1,1,3.3691122497129093
3456,-0.6149037343301798,0,1,2.818418459680379
3457,-1.494415613309787,0,0,-1.8267603306893627
3458,-1.5162716019845823,0,0,-0.2708661027457859
3459,-1.7974238559663975,0,0,-0.35304239390711867
3460,-1.0908501265146282,0,0,-1.6212477967120635
3461,-1.3669195930773808,0,0,-2.391151234903029
3462,0.5324802655602179,1,1,3.334249985285468
3463,-1.2338704012164086,0,0,-0.2978255767037783
3464,1.8809764426032411,1,1,2.9490666498169844
3465,-0.4552655218289714,0,0,1.2910182646180186
3466,1.5817540702141262,1,0,3.0916228376753008
3467,1.0723848061330963,1,1,5.5137196519521146
3468,0.003377190383090145,1,0,0.9129410123220596
3469,1.3170882152007328,1,1,2.7882668286121555
3470,-1.174820508016944,0,1,2.7432888469042145
3471,0.8433445995037694,1,1,3.7392866555206883
3472,1.5332876046913917,1,0,2.0521858879340407
3473,1.7341618896997129,1,1,2.7579394065710696
3474,0.4460326020598373,1,0,2.8408402343264783
3475,1.9958109865703864,1,1,0.8098439501236998
3476,0.35165321833715657,1,1,4.202069715399102
3477,1.5642345696600803,1,1,4.879748193025348
3478,-1.368289955289503,0,0,-2.5684726831450986
3479,-0.928220345311928,0,0,1.750795124958871
3480,-0.6239869073045123,0,0,0.616371243257573
3481,1.9484340010582621,1,1,2.4720766236159526
3482,-1.647214046098345,0,0,-2.6087150818159444
3483,1.8187965525265621,1,0,4.979019422608571
3484,-1.2574785312496202,0,0,-0.3763113085909664
3485,1.238811263396971,1,1,3.304838476527221
3486,-1.1072256836576688,0,0,-3.303834909670991
3487,0.427483977447499,1,1,3.9391527021430006
3488,-1.393812651499971,0,1,1.2319096201750575
3489,0.3498542053323166,1,0,2.471026238895349
3490,1.4045502855644219,1,1,3.9750270682739277
3491,-0.6507965681961569,0,0,1.779100998784358
3492,0.7240832590425619,1,1,0.9783730635386023
3493,-1.8794981183499004,0,0,-1.210577815813761
3494,-0.680226725777132,0,0,3.067107826564467
3495,-0.34494741106685645,0,0,-0.03999491817587131
3496,1.2122490825077339,1,1,4.638158579775599
3497,0.3834241027568366,1,1,2.789081362272846
3498,0.37450408615179365,1,1,3.54851870300392
3499,0.6908878297133261,1,1,4.255915248043337
3500,0.9430316308520674,1,1,4.1197242726243095
3501,1.8559392298544193,1,1,1.4580477482508238
3502,0.7687160018278467,1,1,5.188947763188176
3503,-0.6655165979478843,0,0,1.5994918449401518
3504,0.5268805158730592,1,1,3.5126252611007427
3505,-0.8337073309026581,0,0,-0.5108928596759477
3506,0.5584082783590776,1,1,4.928003844577679
3507,-0.7224312956857513,0,0,0.294294086444827
3508,0.3021204824552468,1,0,0.3513796217042424
3509,-0.0010017943327635948,0,0,-0.29049211265324104
3510,-1.0599114432824388,0,0,0.349534398998817
3511,-1.5375525208864356,0,0,-1.483480542893957
3512,-1.2979179447684723,0,0,-1.728532285624226
3513,-1.87685048499675,0,0,-4.383308529112113
3514,-1.9970057184690204,0,0,-4.24154629405148
3515,1.8417182073549858,1,1,3.6708912001657734
3516,-1.5385763261337742,0,0,-0.6411821223709473
3517,-1.495619191910396,0,0,0.33218173876601614
3518,0.6993097589327557,1,1,3.578910463935439
3519,-0.34933813132342717,0,0,-0.869059096237903
3520,1.8593207396155167,1,1,3.271572267737019
3521,-1.0281031115023982,0,0,-0.5256693174039578
3522,1.3512959101599327,1,1,5.311301265434798
3523,1.2202772782278255,1,1,3.703631937240163
3524,1.8991189318209631,1,1,3.989373821060051
3525,0.6699645873023425,1,0,1.0620840376824288
3526,-0.17172186340954898,0,0,1.8960901207438694
3527,0.6616738538553881,1,1,4.84827512161586
3528,1.6768148632917912,1,0,-0.6627712639362859
3529,-0.34093206766342155,0,0,2.644209279097942
3530,1.7965114681537604,1,1,0.46637928640509907
3531,0.43038715594767396,1,1,4.680219154304934
3532,-1.8826564711946268,0,1,0.3217159115409496
3533,1.1962452218709836,1,0,3.441395643481135
3534,-1.9381453978881256,0,0,-2.4549360413298484
3535,0.33552949096984663,1,1,5.232846097622465
3536,-1.379155250342392,0,0,-1.1611269922799716
3537,1.1327154355141356,1,1,4.541663419999178
3538,-1.9323735225454501,0,0,-3.407135760386417
3539,-1.6920062080367457,0,1,-1.3726155888699267
3540,-1.18330601869211,0,0,1.2122497804084635
3541,0.8827594630565785,1,1,4.521844127428783
3542,-1.068175479312246,0,0,0.5739254861683917
3543,-1.399809460126514,0,0,-1.4229657629327461
3544,-1.627097227379438,0,0,-4.501412420766469
3545,0.8379204508485647,1,1,2.166672243119497
3546,-1.682298935417756,0,0,0.44696819233394014
3547,-1.9910486269104424,0,1,-2.2343092348297664
3548,-1.0768804796630258,0,0,-1.2537433274616492
3549,1.1881346349225432,1,1,3.0998673109685333
3550,1.4632006375817266,1,1,5.076963698060764
3551,1.5242768882019662,1,1,4.456362118023175
3552,1.0312161531803676,1,0,0.7336726050884324
3553,1.2345877424748837,1,1,2.929823746831303
3554,1.2028155596484131,1,0,2.277676092738469
3555,-0.6380900132770764,0,0,-1.6762135921936263
3556,-1.4377955916427236,0,0,-1.3536301978710386
3557,1.2012052466638732,1,1,2.7576230579794254
3558,-1.106732102484393,0,0,-0.2156052663277429
3559,0.882659138092432,1,1,3.8858548645174014
3560,0.7051990971461879,1,1,4.011918166218854
3561,0.20281111462410006,1,1,3.604561726990117
3562,-0.09613916936793077,0,0,3.271155728358974
3563,-1.6141329504583481,0,0,-1.3986523073298232
3564,-0.79925768414989,0,0,0.6416392877400204
3565,-0.10202639418138792,0,0,1.4605407648050437
3566,-1.631907060247288,0,1,-1.5845579041356341
3567,-1.4072086143408447,0,0,0.28336554521843266
3568,0.9729559910299859,1,1,5.791600780467833
3569,-1.873568560163469,0,0,-5.281270687785759
3570,0.33629121112061966,1,1,3.812818981051454
3571,0.6834032685803884,1,1,3.487879571599747
3572,-0.8229548428855558,0,0,1.1804869733564816
3573,-0.8868500619672872,0,0,1.1289687427959143
3574,0.4599393116182755,1,1,4.843452849866658
3575,1.7841124402123305,1,1,1.6095341497507265
3576,-0.7722726084011349,0,0,-1.1593524780278486
3577,1.4644532466379063,1,1,1.3281014210494806
3578,-1.2432262346310488,0,0,-1.1333083228886893
3579,-1.7008545034032752,0,0,-1.6335273123674374
3580,0.1947370589656967,1,1,3.4913857955659386
3581,-1.25407109913363,0,0,-0.7430937968628692
3582,0.464071653824615,1,1,3.434652281986219
3583,-1.324297046663789,0,0,-1.7661825520426753
3584,-0.5552534787761592,0,0,0.5320722901589416
3585,1.5978405472544974,1,1,4.194289135190805
3586,0.6555430556106088,1,0,-0.2057984914361768
3587,-1.9821175172802286,0,0,-3.8925737159634215
3588,0.2254237116807074,1,1,3.4677401554034075
3589,1.2774276755365621,1,0,2.1578358065553993
3590,-0.1252632919525647,0,0,1.2621462439586313
3591,-0.9565848233272143,0,0,2.154021628394506
3592,-1.479507485511165,0,1,1.263369274834305
3593,-0.013751435808882384,0,0,0.02639825761475667
3594,0.5656637933516215,1,1,5.684858614837569
3595,-1.673986316421042,0,0,-1.8920155221066808
3596,-0.16098463693430487,0,0,2.020229927208187
3597,0.6015796661032105,1,1,5.4054312062744625
3598,-0.811288134189315,0,0,0.32661241419080445
3599,1.5094584947816458,1,1,4.638470495455422
3600,-0.38689432479653085,0,0,2.5424110964654885
3601,-1.2836873013265389,0,0,0.5172440080359717
3602,1.531146729754239,1,1,3.9550580182854653
3603,0.82475771394807,1,1,4.103680277062126
3604,0.3174288913272627,1,1,2.9853090141141005
3605,-1.0550056766013984,0,0,2.1766558558933173
3606,-1.8299804748081114,0,0,-1.2576616226241137
3607,0.49863855538453805,1,1,6.559321742354397
3608,-1.2288071989734326,0,0,0.09602069397491009
3609,-0.39311926282341947,0,0,1.2465857401102458
3610,0.682742259497005,1,0,2.072895851033441
3611,-1.5182301695400482,0,0,-3.408276708472761
3612,-0.2768743151232278,0,0,1.8886378720318264
3613,-0.47486519826399975,0,0,-0.986707279392862
3614,0.23218935606023816,1,1,3.6070168675960086
3615,-1.900732896786241,0,1,-2.038494908414985
3616,-0.41047694213803476,0,0,-0.25058295973809963
3617,1.8951231908270896,1,0,1.1937017015132065
3618,0.02743522305538182,1,0,3.525897619569175
3619,0.23129992752023565,1,1,1.7263228212753534
3620,1.3550027396097235,1,0,3.620255612953211
3621,-0.5088988978308495,0,1,2.4841655724081297
3622,1.9880004848249149,1,1,2.104558526591833
3623,-0.15141097210290022,0,0,2.929140461626889
3624,-1.1310202765178121,0,0,0.4704666004266892
3625,-0.6686967702359006,0,0,-1.093978550463663
3626,0.06046782853059618,1,1,3.5618968321346975
3627,-0.9857442133720133,0,0,1.329794101975429
3628,0.4676832585925492,1,1,4.419468766108057
3629,0.6349486744661821,1,0,0.43490116987777605
3630,0.873264656821735,1,1,4.702925158687633
3631,1.0816353477129441,1,1,4.2469872211966955
3632,-0.4094084760799599,0,0,1.1425766869477598
3633,-1.0949178886228075,0,0,2.45822469102325
3634,-1.9047976876821258,0,0,-2.1747403456571455
3635,1.2205573468927255,1,1,3.3899149454778055
3636,-1.4756299883264243,0,0,-1.7258600490066631
3637,1.6401259495664728,1,1,3.5393078474481348
3638,1.876003195695589,1,1,3.584404485001556
3639,1.7473001270522257,1,1,4.277137962066291
3640,-0.6890596627047731,0,0,0.7070262399887977
3641,1.6372399505390969,1,1,2.5636252384268197
3642,0.10917601755095818,1,1,4.951185822184064
3643,0.7636178755544591,1,1,2.594896067250681
3644,0.5644629441558382,1,1,3.0144585473791485
3645,1.596641619087027,1,1,3.72791950262163
3646,-1.436647918576638,0,0,-2.1498699147160787
3647,-1.6229627080171727,0,0,-1.199050610068683
3648,0.24713908426696474,1,1,5.0326033898423965
3649,0.3225780161773497,1,1,3.369415533957943
3650,0.8286619562053965,1,0,2.5233574668570613
3651,-0.549050313419178,0,1,3.807761905227309
3652,-1.3844695659964414,0,0,0.5335500127855992
3653,1.929591906411317,1,1,5.27793754020468
3654,-1.9823747667890856,0,0,-5.338664146531783
3655,1.7602324302330468,1,1,4.670411106802293
3656,1.7155973735608199,1,1,4.599935930320152
3657,1.9816379444760206,1,1,4.950851053031908
3658,0.6890085555207093,1,1,4.511236110564381
3659,0.29151238042163063,1,1,3.634364673775196
3660,1.5363506665547426,1,1,3.3946981584673317
3661,0.2569241090120937,1,1,2.025396368365286
3662,1.2079391873292833,1,1,2.257107321325245
3663,1.5777862752649634,1,1,2.3018646087070858
3664,-0.20753649342321356,0,0,0.3689197409504411
3665,-1.644930265200946,0,0,-0.3582636431034769
3666,-0.29908754490739353,0,0,2.5348004641967314
3667,0.5494707926277234,1,1,-1.127245098744789
3668,0.014511375261971882,1,1,3.884667351901775
3669,1.4989606661757184,1,1,3.3267333372630032
3670,0.2850901932386818,1,1,2.2638239639927535
3671,-1.93439014217179,0,0,-3.1965582125040815
3672,1.9335607755957254,1,1,2.3676048470272937
3673,0.40682917711984334,1,1,5.463956538338521
3674,-1.3058947915561903,0,0,0.4869070027072555
3675,0.08101054082123893,1,1,2.1729323142810966
3676,-1.441891155871855,0,0,-2.05729806180702
3677,1.2408670049486594,1,1,4.058906485008357
3678,0.4000422963167196,1,1,3.046999668740095
3679,-1.6837242428241312,0,0,-3.0813783604223373
3680,0.2532883408201867,1,1,3.3323758882666867
3681,0.8201569970189344,1,0,2.981748583067844
3682,-0.21398128725923815,0,0,1.368205861437496
3683,-1.7676799755039334,0,1,-1.2993322225373403
3684,-1.9817963741058628,0,0,-1.7342214226648056
3685,-1.9283152862168618,0,0,-5.881016031106821
3686,1.9507161571897358,1,1,4.68168840337157
3687,0.35545722951045144,1,1,3.2594402782181695
3688,1.6882362472702286,1,1,3.5072390178290287
3689,-0.563675999532383,0,0,-0.7721077398541347
3690,0.23254236558318686,1,1,5.241647732679215
3691,-0.6992070711245093,0,0,1.032142639930118
3692,0.22014563487163796,1,1,4.365844932134252
3693,0.22274266920120223,1,1,2.8110333683629207
3694,1.4433922823314767,1,1,3.8132521153865415
3695,0.5828631631869157,1,0,2.4029279828035346
3696,0.48625383146220935,1,0,2.960966831134443
3697,0.1626234387724983,1,1,2.0191109536121865
3698,1.9826954465004851,1,0,1.4779926523813194
3699,-0.8779124347232634,0,0,-0.9884919291859611
3700,-0.5588234208503411,0,0,-0.2524515408915363
3701,-0.5849219062509126,0,0,0.19359916247507558
3702,-1.4871020715995305,0,0,-2.0499492788112272
3703,0.8252991695154392,1,1,2.2710393393341555
3704,-1.482100677200847,0,0,-3.1295806988677493
3705,-1.1306124235979444,0,0,0.8181102993010537
3706,-1.255670633266457,0,1,2.778084265677146
3707,-0.4069250549952139,0,0,3.131456384429022
3708,-1.5779131812726686,0,0,-1.6884671100807271
3709,1.6688463715074864,1,1,3.807071369091
3710,1.835789885937443,1,1,1.3806179526562024
3711,1.4630885182898843,1,1,4.0612892231056685
3712,0.7311249392989332,1,1,3.8082156652676207
3713,1.2329243217053834,1,1,2.9124189459869374
3714,-0.3523084983485911,0,0,0.38715064471151794
3715,0.1519314913514962,1,1,1.6517539175602554
3716,-0.7175443541420665,0,0,0.26718272460250003
3717,-1.7454833630456283,0,1,0.35513949823838287
3718,-1.6132375206086906,0,0,-2.7496339490079773
3719,0.33698879772081236,1,1,3.073905254577936
3720,-0.04876552571616699,0,0,1.4618587294284995
3721,1.5176837187112326,1,1,2.6677118323950872
3722,-1.1612119620023256,0,0,-1.2368806043559926
3723,0.044372407410459225,1,1,4.038801495751793
3724,0.048469466154353213,1,0,4.031970266606762
3725,-0.1834824759498348,0,0,2.7073151123715764
3726,0.8811914825238611,1,1,2.7144328910339595
3727,0.5835610054155667,1,1,4.1957883236283955
3728,1.76196444735054,1,1,4.007534022982561
3729,-1.8835349829774404,0,0,-2.4852804546894727
3730,1.1795902347012417,1,1,3.691380122143733
3731,-0.2161590486240037,0,1,5.044925630466862
3732,0.8134693437687446,1,1,2.3466153100528535
3733,-1.7114227262287098,0,0,-5.104008790683201
3734,-1.1141886781775656,0,0,-0.8400767144679779
3735,0.8336364580484528,1,1,0.6189489400383641
3736,-1.3526617633458282,0,0,-1.3666037688672095
3737,-1.205577439977882,0,0,-0.5258754465847122
3738,0.8254980975150579,1,1,1.1834319131392235
3739,1.0426611678420303,1,1,5.311166721675704
3740,1.4209547034499947,1,0,5.5587010297721156
3741,1.785690056248916,1,0,0.3143357284943016
3742,-1.1206681335820963,0,0,-1.2782841418090691
3743,-1.5388908443434568,0,0,-2.737972705911335
3744,0.6887329352345821,1,1,6.129031960907646
3745,0.4149492150383862,1,1,1.6731111351561747
3746,-1.0949935222387963,0,0,-0.7214511486587052
3747,-0.737287010392921,0,0,-1.421900917176232
3748,0.38523092699920713,1,1,5.467522662647228
3749,0.19808533506318682,1,1,4.0013329437708345
3750,-0.5282755219849293,0,0,0.595737545322179
3751,-1.0666674623427799,0,0,-0.49758444704145766
3752,0.2469896649398282,1,1,3.141137913822596
3753,0.22757515034883535,1,0,4.526495468639138
3754,-1.7476946693357722,0,1,-0.3332221335701673
3755,0.09550380835758343,1,1,2.9975982964726278
3756,-1.4690854445924768,0,0,-4.140353487146756
3757,-1.5465371965984858,0,0,-1.7509718887503578
3758,0.3815428556663232,1,0,2.358172942296471
3759,-1.1877093847016713,0,0,3.122178097553691
3760,-0.3420009938555095,0,0,1.3545554833273814
3761,1.867001847122458,1,1,5.007637562044977
3762,1.821347197446547,1,1,0.6870049370893878
3763,1.596044695710844,1,1,4.673914246831112
3764,-1.9387898870723688,0,1,-1.2041035515104923
3765,-0.224765763188834,0,1,3.2133344824158696
3766,-0.7459793498021949,0,1,1.6636875546825896
3767,-0.7008455461231611,0,0,1.238088310923584
3768,1.197755067371041,1,0,2.665135182910724
3769,-1.8608743630307139,0,0,-3.114286509329931
3770,1.4433418831836256,1,1,4.091742167301969
3771,-0.9043140747115301,0,0,1.0943192219651388
3772,1.3036413171072367,1,0,2.8873467738905303
3773,-0.5399884665706183,0,1,3.399544091302239
3774,1.2521579389324087,1,1,3.7866301766761565
3775,-0.19171271938699297,0,0,2.094186860739119
3776,-1.7743284689709955,0,0,-4.66443221644357
3777,0.7589185239551899,1,0,1.1774491523008197
3778,-1.2704954432801476,0,1,1.1308988679570218
3779,1.5378825633886124,1,1,2.9609751549490726
3780,0.7643638410162619,1,0,1.662963690003381
3781,-1.5106761483192952,0,0,-2.4491745481123752
3782,-0.6318358268157267,0,0,1.1983162596209689
3783,-1.8789856707164723,0,1,-0.6852205329940166
3784,-0.0866173112685118,0,1,6.344957755819886
3785,1.661709989893851,1,0,1.8663184003788762
3786,0.3728662708293551,1,1,2.2603918292444316
3787,-0.21511943644172327,0,0,-0.1772133717384099
3788,-0.6969418930723177,0,0,0.42313828202926895
3789,-0.3349538064545192,0,0,2.23665376226713
3790,1.9412915856224995,1,0,1.2262606026138285
3791,-1.295518266234922,0,0,1.9952822131578332
3792,-0.4676575720377212,0,0,-1.0410090253296127
3793,-1.177941832650085,0,0,-2.2426619499551004
3794,-1.4908019215112058,0,0,-2.1921393792408277
3795,0.5724349215663027,1,0,1.3185794049054875
3796,1.27777198160216,1,1,2.39705719714191
3797,0.21774482227453973,1,1,3.5474619915454313
3798,-1.905140813198237,0,1,0.07278179556900666
3799,1.582242187414853,1,1,7.659402089750234
3800,-0.9311908817331003,0,0,2.155086462623364
3801,0.030146859457409025,1,1,5.752045477449418
3802,-0.8616254294245991,0,0,0.6682385316622912
3803,0.43449677169998324,1,0,-0.37207521882642736
3804,1.7614087316447686,1,1,3.4031468187571794
3805,1.8699791439494482,1,1,5.294268937082803
3806,-0.7548882980100999,0,0,-0.035546356606012575
3807,0.8333158188112919,1,1,3.000653307746422
3808,1.9486020948801221,1,1,3.1546594489377577
3809,-0.034087090462139535,0,0,0.6996014305730007
3810,1.1917748230776248,1,1,3.9854598917836874
3811,-0.2528990893453167,0,0,1.2828631136368076
3812,-0.7750444081821097,0,1,0.29605036308374144
3813,0.3707612720232527,1,0,2.6525354602182922
3814,1.272038322114457,1,1,0.32006983675487133
3815,0.6497589807907778,1,1,3.7268106788298745
3816,1.6533422569916385,1,0,2.206033069942946
3817,1.7150701517414846,1,0,0.24549287759366228
3818,0.371676798305447,1,0,2.8517333505264233
3819,-0.2764830954831683,0,0,2.8557434809835187
3820,0.7074274085688037,1,1,4.448921489456021
3821,-0.7066099534754091,0,0,-1.4784189594290793
3822,1.5459750462448913,1,1,3.350556644585037
3823,0.5275325480268389,1,1,6.827912556367234
3824,0.6976014450554544,1,1,4.724873194857182
3825,1.5971386128385432,1,1,4.254618454535926
3826,-0.9440109249007862,0,0,-0.39445899823768593
3827,1.535011861587769,1,1,2.8520439030562352
3828,-0.6864062411484233,0,0,-0.3231390086404465
3829,0.4608950050755727,1,1,2.1592369945104495
3830,-0.6880006852486846,0,0,1.2634302971236888
3831,0.7329369589040007,1,1,5.69702964540851
3832,-1.935471628212115,0,0,-2.920516687853398
3833,-0.27909362786922687,0,1,0.3958651411360996
3834,1.7032015006534214,1,1,3.1175432407706403
3835,0.08887977975826988,1,1,3.8513165159319023
3836,1.5266604233959282,1,1,2.0543464259505884
3837,1.6427112029464648,1,1,3.9975503484512758
3838,-1.5988178855433888,0,0,-2.341827719447088
3839,-1.5149638213968863,0,0,0.032425389877848376
3840,-0.9999187012766542,0,0,0.0948527176714638
3841,-1.4151795811097743,0,0,-1.977945889315252
3842,1.791041986067813,1,0,1.066358645731064
3843,0.18147754246800263,1,1,0.4627660411154777
3844,-1.425044132668769,0,1,0.45774456831871246
3845,-0.25818596319680065,0,0,2.2636866756816407
3846,-1.6697607824828307,0,0,-1.5448743699932503
3847,0.5034738854152736,1,1,6.559799977224254
3848,0.25252508319176536,1,1,6.462524733396719
3849,1.843310626777758,1,1,4.824388552227863
3850,-0.28869556596798507,0,1,3.4680774844355127
3851,0.5456928472069746,1,1,2.111067506109975
3852,-1.7015495970181789,0,0,-2.0191638750729135
3853,1.0919583317676618,1,1,4.0431169639016735
3854,1.6007676547237035,1,1,4.853689528703454
3855,-0.7562175570608063,0,0,-1.7969515912112184
3856,-1.3495766471440311,0,0,-2.7583368783166344
3857,0.4692826371518173,1,1,2.9454836008307943
3858,1.976610369648503,1,1,1.0465565614283474
3859,-0.7646467959225576,0,0,1.4485032704495373
3860,0.2445033553419962,1,1,1.6596589843983618
3861,-1.2417804879381862,0,0,0.0622967502156721
3862,-1.961118600038453,0,0,-3.212561392167739
3863,-0.0721272268369959,0,0,1.3206378579949472
3864,-0.4647394547963586,0,0,1.5988034714313843
3865,1.1633529476491575,1,0,0.7959354328967524
3866,1.6655399396392383,1,1,3.3664733044250097
3867,-0.5131308597270698,0,1,2.247793790231559
3868,1.3925487832319718,1,1,2.679191666807577
3869,-0.2805668682008071,0,0,0.4033411341805011
3870,-0.47090197780887166,0,0,1.143363966217638
3871,0.9955813647021015,1,0,2.0210764581601683
3872,-1.5511559381900364,0,0,-1.2586281144708549
3873,-0.03303841889583303,0,0,1.2753288147262807
3874,0.9874743062039948,1,1,6.4466012863353015
3875,1.8894025743002079,1,1,2.6966853386171277
3876,-1.0820288860072758,0,0,-2.5054804227747836
3877,-0.000434669643700758,0,0,1.8892736372346488
3878,1.611681530887222,1,1,2.6271512088426254
3879,-1.0072477820710808,0,1,0.18686150318809114
3880,-1.7580455114980076,0,0,-4.493557507651032
3881,-1.2017181288815406,0,0,-1.5098584184924724
3882,-1.163715984643713,0,0,-1.4924031118130197
3883,1.5750603570035295,1,1,5.682509784456822
3884,-0.5674302131204514,0,0,0.7811908095960666
3885,-0.340977908788203,0,0,1.6706020490942959
3886,-0.1734645658652596,0,1,1.7728994032362424
3887,-1.064688451159618,0,0,1.0619906326891568
3888,-0.10238967789487718,0,0,3.0833884494036132
3889,-0.6504857502503203,0,0,1.4633277820556727
3890,0.8239959214915635,1,1,4.410053324057787
3891,1.6872200767674244,1,1,3.327010322791918
3892,-0.7659924157396043,0,0,1.7677485697585382
3893,1.8784664117692906,1,1,3.9533442207767786
3894,0.013548750075145666,1,1,5.0721719078125584
3895,1.8827288045698252,1,1,0.66996194595189
3896,0.2516560152911187,1,1,5.424115256820811
3897,1.788343812208541,1,1,3.2465508471913003
3898,-0.24047330936148592,0,1,1.8595197960431638
3899,-0.8144819092463775,0,1,4.388711258175451
3900,0.2477365471733708,1,1,3.2291585220447585
3901,-1.6455398222255493,0,1,0.6494478343403941
3902,0.9411670166370665,1,1,4.267173777856604
3903,-0.21100478463399508,0,0,-0.026539770817732178
3904,0.4408785028308544,1,1,4.845802566166871
3905,1.2362659842660628,1,1,3.9296873008634354
3906,-1.0219885019385844,0,0,-3.1009729077901635
3907,0.09685211793609305,1,0,0.20519615673634206
3908,-0.995278662418777,0,1,2.8446044348850514
3909,-1.8391892959052725,0,0,-0.5030158039508492
3910,0.9828157051476176,1,1,3.178032271206829
3911,-1.5898354476664815,0,0,-1.1450493166724498
3912,-0.7121104781378063,0,1,3.0040094843703784
3913,1.5737599017283488,1,1,2.9190047575344966
3914,-0.6996337301869913,0,1,4.763280354597326
3915,1.7753979861792666,1,1,2.4384401485734415
3916,1.7177905737911883,1,1,2.4585625709885432
3917,1.3529257680385025,1,0,4.588735801723178
3918,1.8228113701484965,1,1,3.8790109213832946
3919,-1.0052429433713095,0,0,-0.8771134339791333
3920,0.5057648608976151,1,1,6.095702240420699
3921,0.36078357209814227,1,0,3.796417398311245
3922,-1.7510872550234846,0,0,-2.208280394635177
3923,0.2722698864859082,1,1,5.116309568955594
3924,0.14254465912798242,1,0,0.5734446938029385
3925,0.21231423682716677,1,1,5.2879923554234445
3926,0.5790989982322028,1,1,1.2133792633451377
3927,1.9042912183336016,1,1,7.19565409001717
3928,1.4924425292131982,1,1,1.577519193934931
3929,0.2577024411347657,1,1,2.3309528956834367
3930,-0.408595945798524,0,0,1.6711418089811
3931,-1.7890129468223108,0,1,-0.30359242958914123
3932,-0.23604448034144232,0,0,0.015002451742090472
3933,-1.9924852362838315,0,1,-6.004015547518198
3934,1.568569173609653,1,1,7.210571996623193
3935,-0.22438845628356274,0,0,0.028114791324782007
3936,1.1851398538344835,1,1,3.762496173532728
3937,0.6062358645900119,1,1,4.633475865874761
3938,0.04986303955872895,1,1,2.04471343168647
3939,-1.8692636677938808,0,0,-4.116449137932202
3940,1.8201227080034488,1,1,3.431618931376466
3941,-0.560777526706866,0,0,0.1871152588390339
3942,0.5861626070787542,1,1,5.5812127673128655
3943,0.4115398596595896,1,0,-1.9243377400964752
3944,0.11562749321223853,1,1,4.05562920796574
3945,1.9963024323621053,1,1,1.9291248198230584
3946,0.21819997195651275,1,1,4.984484544965653
3947,1.587652275154202,1,1,1.9210169421655854
3948,1.8308516867053917,1,1,2.348288610722634
3949,-0.5386291107524257,0,0,2.3069425828928916
3950,-0.6125467071122968,0,0,-1.2602491453600684
3951,-1.8001964550383067,0,1,-2.28980317034518
3952,0.9096777589124874,1,0,2.538497164218078
3953,-0.4145648228408576,0,0,1.474441808326528
3954,-1.9702747597788681,0,1,-1.547659624757205
3955,0.595802843998027,1,1,3.682780404968318
3956,-1.5633158829590825,0,0,-3.545831542424106
3957,-0.6347527932574839,0,0,-1.2157688104729734
3958,-1.8455678012187784,0,1,-1.8262400389317701
3959,-1.235661371169539,0,0,0.3327075257839687
3960,0.6084352995527289,1,1,2.1863577347673906
3961,1.1544213673900927,1,1,5.263787786867752
3962,1.26678375095254,1,1,3.8760555698201498
3963,-0.5586249872620721,0,0,3.8264859667667026
3964,-0.681823750895131,0,1,2.81131045534305
3965,-1.9966957441790454,0,0,-4.597156021291549
3966,1.6379633094677692,1,1,3.12111985629448
3967,1.820724371131373,1,1,4.058412732827757
3968,-1.9679329981653564,0,0,-5.069789603341945
3969,1.7086849163652214,1,1,4.451799646407592
3970,0.7354580738766225,1,0,4.506134971313682
3971,0.04393971578143985,1,0,0.3009814638005248
3972,0.6601340536951144,1,1,2.775422828636408
3973,1.2610779495045858,1,1,1.4535282350714311
3974,1.4895013859092536,1,1,2.956968062367814
3975,-1.7980515853542647,0,1,1.94974367592846
3976,-1.5043833745679773,0,0,-2.6301567768356944
3977,-1.4740567499160409,0,0,-2.6459732427316456
3978,0.5212011245765611,1,0,2.6757733108972825
3979,1.6422971935788655,1,1,2.4394973100819577
3980,-1.3048529960500166,0,0,-2.6528642521100565
3981,-0.5717419472275433,0,1,1.96426806872039
3982,-0.5617106127664839,0,0,1.1856855431955506
3983,0.7548595524983455,1,0,1.848625984470861
3984,-1.215312312049822,0,0,1.3500039919458793
3985,1.6150285460509806,1,0,0.5808484872560205
3986,1.8143273680803298,1,1,2.031701840824094
3987,-0.5955165988913182,0,0,-2.8065485068804525
3988,0.2006887378125466,1,1,2.7945042637247828
3989,-0.2356040860908113,0,0,1.9388161896148826
3990,-0.1736856296982836,0,0,-0.8972034260698989
3991,-1.250843453607959,0,0,0.9095940894201686
3992,1.1708510530069383,1,1,4.963766687791589
3993,1.7210759376710882,1,1,1.02206709232614
3994,0.041503522376252544,1,1,3.1058169952139556
3995,1.2956391246052688,1,1,4.390777976338308
3996,0.877845614148796,1,0,1.393482526172657
3997,0.5944733940035554,1,1,5.866471231157451
3998,1.2309107887911215,1,1,3.8214166126800504
3999,-0.5215110498126108,0,1,1.0251709435989511
4000,-0.8672575788280361,0,0,-0.17549287784892986
4001,-0.7058477414008344,0,1,1.0069270971022937
4002,-1.559277859514284,0,0,-2.5155796205607452
4003,0.9216703063619938,1,1,2.6370033149518193
4004,-0.1159092476602952,0,1,1.3594310104346887
4005,1.5794821181601026,1,1,3.3600707074182647
4006,0.414080869068155,1,1,0.7663635582340012
4007,-1.224337382660467,0,1,-0.019619867124931023
4008,-0.08669862052781108,0,0,1.4863572395349123
4009,1.902011836176864,1,1,2.8358284253588244
4010,0.030126145413318373,1,1,3.1434678629902635
4011,1.911444621482068,1,1,4.327249837574918
4012,-0.9762978935774327,0,1,-0.101265650210419
4013,-0.2777707220414438,0,0,1.31639251621382
4014,1.0149817203478362,1,0,1.8242517703491807
4015,-0.18999508296723855,0,1,3.2644417417872678
4016,-1.8914089489503647,0,1,-0.9231642813344276
4017,-1.684190409961115,0,0,-2.6594039613930627
4018,1.0619097643978503,1,1,3.374931806087785
4019,0.9259346482090036,1,1,2.664212273987564
4020,-0.36170021886550296,0,0,-1.6602390556561442
4021,-1.044337842869826,0,0,-0.85013933478126
4022,0.465893162942836,1,1,4.909824802480001
4023,-0.7992193208863512,0,0,1.0919204173015231
4024,-1.7217556138842487,0,0,-3.6712497076534247
4025,0.796626939953927,1,1,2.7890465261305213
4026,0.18336498482872576,1,1,4.795771583464487
4027,1.4974476732036455,1,0,0.9879520205403555
4028,-1.442533069886787,0,1,2.032176226439533
4029,0.08954930780152504,1,0,1.6290401128314218
4030,-0.952115943936644,0,0,2.383263535267201
4031,-0.9585082958260922,0,0,-0.43182441590423126
4032,-1.7917151882294329,0,0,-3.2737643519509967
4033,0.06829102637637652,1,1,3.0631260337682273
4034,1.9726098412807707,1,1,4.925818354902578
4035,1.8241284830054667,1,1,1.3289689663754753
4036,-0.9332137613043794,0,0,-0.017605098064781388
4037,-0.177178252603853,0,0,0.4194527158234065
4038,1.457270526707359,1,1,5.440831868276982
4039,1.3415699964411392,1,1,3.4838144991715616
4040,-0.6472193250571774,0,0,-1.4600706229771099
4041,0.9161622276609878,1,1,1.6050527244122441
4042,-1.147434758962921,0,0,-0.7434880896225232
4043,1.1064178184526057,1,1,5.339064862902367
4044,-1.3324552020584535,0,1,-1.6209696782622496
4045,0.828761448336262,1,0,2.8463257703784923
4046,0.04226960016284087,1,0,3.3099180783449205
4047,1.2517834185428458,1,1,4.958877717679761
4048,0.5021825343593043,1,0,3.9416721529732843
4049,-0.6247536891373464,0,0,1.4283927350800087
4050,-0.42277961056001967,0,0,-0.7148410403859506
4051,-0.5558749235091418,0,0,2.5888357983675245
4052,-0.19955268566090556,0,0,0.8545783051241225
4053,-1.3114931793717122,0,1,-0.9602552669865942
4054,-0.367191564296542,0,0,-0.8733869267194961
4055,1.8029204209788134,1,1,2.140340975730163
4056,-0.748279832521213,0,0,-0.20007300060570188
4057,1.9048634608184765,1,1,4.131355801352892
4058,-0.6159544606758107,0,0,4.592785818970069
4059,-0.08538720504310993,0,0,1.8038700279753002
4060,0.1513265901005756,1,0,1.5987188425509313
4061,-1.2322086686500673,0,0,0.6404825759085667
4062,0.12722572940786847,1,0,-0.49610174619211833
4063,-0.4079705029308802,0,0,-0.25417690847809626
4064,1.0907081217128192,1,1,4.1145808804463435
4065,0.55907788280313,1,1,3.4123472516133537
4066,0.128771807130712,1,1,3.1826019503548775
4067,1.284611541769772,1,1,4.950297384206469
4068,-1.2907322730085267,0,0,-1.2659802529612996
4069,0.10597732577255004,1,1,5.541103289793851
4070,1.2039369316176023,1,1,4.872658684012432
4071,1.774491775119658,1,1,2.73357097853147
4072,1.8169363265591678,1,1,2.9009545611202485
4073,-0.5674065727435966,0,1,3.355624939126171
4074,0.38323610828297205,1,1,4.096449362752217
4075,1.7409232618279211,1,0,-0.6833584710713834
4076,-1.6668153509351402,0,0,-2.95254844683467
4077,0.15819366682231495,1,1,3.195455260471493
4078,1.0735938014747175,1,1,2.0017731019227347
4079,-0.7821231861138052,0,0,1.4322123049020423
4080,0.22378411656184927,1,1,4.362075937360773
4081,0.8443079945478238,1,1,5.763271477736742
4082,0.7822151162134716,1,1,2.7867211084123324
4083,-0.5355791788724393,0,0,3.512516135522424
4084,1.402540856178577,1,1,5.055715501593763
4085,-0.5801707450269129,0,0,0.9163352154741963
4086,1.1648493118718997,1,0,3.9257236102908752
4087,-1.6339351487282125,0,0,-3.047193320177213
4088,-0.8266245713863043,0,1,1.593970992963983
4089,1.9262119485572629,1,1,2.0747377907661066
4090,-0.5046877604954565,0,0,-0.7571091325421174
4091,0.8660519488477285,1,0,2.5983983616925044
4092,-1.7467537173367504,0,0,-1.3395137320815413
4093,-1.2512958807728785,0,1,0.08997643797211019
4094,0.771901365591551,1,1,5.662435424921454
4095,0.6546858073718447,1,1,1.9641334636577528
4096,-0.3942525093445628,0,1,0.36978061336862056
4097,1.065500636832256,1,1,4.448580840590963
4098,-0.7379237511851477,0,0,-1.088966614696613
4099,0.9968953372502174,1,1,2.9805282680437
4100,1.4016139406031418,1,0,1.0176523202332386
4101,1.00703863682152,1,1,3.8195124341136335
4102,0.7720884860180393,1,1,2.5138485932786594
4103,1.1150107429615987,1,1,4.771908585058512
4104,1.2469802923867506,1,1,1.7782711901452564
4105,-1.1093652651429942,0,1,0.20395798435359813
4106,1.7909544248494962,1,1,2.89061763750368
4107,1.871900491450715,1,1,2.9100879047619728
4108,1.0503718478182842,1,0,2.3139423492118345
4109,-0.29179664988576404,0,0,2.76601021199506
4110,-0.5272110819049618,0,0,0.7931383326519208
4111,-0.4853389369373189,0,0,0.23002631489799008
4112,-1.8380490014829247,0,0,-2.16087801099687
4113,-1.2814829988735799,0,0,-2.317931307592977
4114,-1.4019527979735367,0,0,-1.757438106690266
4115,0.7474333189812934,1,0,2.1646057849638405
4116,-0.28187089466907933,0,0,2.0326408897473685
4117,1.7934160257861484,1,1,3.5816797678833234
4118,1.620457058214106,1,1,4.3518058417983205
4119,-0.7225246329430006,0,0,3.4934251551397293
4120,-1.168140660081273,0,1,1.0940833185962964
4121,1.4442700471082102,1,1,2.087157549286589
4122,1.316606264782386,1,0,0.932844248860929
4123,1.6842490501114384,1,0,-0.9086838903904348
4124,-0.6158335412343683,0,0,2.784670240439417
4125,-1.6776160429659104,0,0,-3.5870031392030945
4126,1.5086410371684074,1,0,1.4431573618159603
4127,-0.3644877593987488,0,1,1.637100389027653
4128,-0.9770138462957485,0,0,1.784622958787131
4129,-0.3205682301929591,0,0,-0.14384850086138123
4130,-0.8268685995691589,0,0,0.49072416114304473
4131,-0.9083011369577578,0,0,0.9727379340549871
4132,-0.6825315581075517,0,0,-1.7903158322962587
4133,1.5711512328695614,1,0,-1.117130488463557
4134,0.6013675689449411,1,1,1.8137298557640291
4135,0.7554536613392666,1,0,1.0965336082390065
4136,1.468373417757697,1,0,0.2847760521337417
4137,-1.4771113445043058,0,0,0.471026878704897
4138,1.7358536737587547,1,0,2.2162910609791826
4139,0.6911288022934707,1,0,2.3566463049298068
4140,0.07655348798312067,1,0,2.1350122217153897
4141,-1.0349757715170274,0,0,-0.7415408077304775
4142,0.29795666070976823,1,1,7.0953692037409635
4143,0.6493567204480954,1,1,4.500711044087426
4144,0.6647788034207442,1,1,4.5173174461810355
4145,1.1837675539828352,1,0,1.0367432022441656
4146,0.31664322776656517,1,1,3.239994015148469
4147,0.03413293224598357,1,1,2.16815737584371
4148,-1.14507978772538,0,1,2.2652634858481937
4149,1.9863314487489472,1,1,4.063906717888747
4150,0.6966040298712075,1,1,5.17808631448057
4151,-1.3332637217351335,0,0,-0.12307561814803725
4152,0.6064727654669291,1,1,3.243607566759719
4153,0.15330687922277964,1,1,3.5266544571791525
4154,1.184592705912129,1,0,1.7190245751727071
4155,1.741217842047813,1,1,3.727821100530752
4156,-0.5779050534624921,0,0,0.7580241234702226
4157,0.2615406437308092,1,1,1.4741239482362765
4158,-0.5907955791368589,0,1,0.6156046682197565
4159,0.8132718022452301,1,1,3.9561414628681866
4160,-0.5795364016550186,0,0,0.13585769832014244
4161,-1.9529422980003797,0,0,-5.235312899778344
4162,-1.570808131928425,0,1,0.028613437764159366
4163,-0.4587782342680695,0,0,1.2019988074891397
4164,1.9151012609903,1,1,2.6575055548097066
4165,0.5462730567365166,1,1,0.9624774261688365
4166,0.0026462758901635297,1,1,3.673318301914227
4167,-0.9742355824104956,0,0,0.0013269346123727654
4168,1.8962644179214467,1,1,4.774236895606986
4169,0.4448268457019777,1,1,2.9044250850284805
4170,1.7774976014754365,1,1,4.390777546657076
4171,-0.5223041969349764,0,0,-0.2754306648261359
4172,-1.3361397982968977,0,0,-0.14976046975587243
4173,1.8221699849862274,1,1,3.8624662972376367
4174,0.19482474987597298,1,1,3.9511579844943263
4175,0.7688320372277251,1,1,3.0866115114118937
4176,1.1095264881140983,1,0,1.5496963090979685
4177,-0.2537262772051463,0,0,1.1715893473483814
4178,-1.1306482421021502,0,0,0.04511952286747603
4179,1.627800316354226,1,1,3.1915373282688835
4180,0.8082370228437759,1,1,5.115643017548393
4181,-0.860826041954188,0,1,4.575818083370612
4182,-1.9859150891934023,0,0,-3.379585060004278
4183,1.7606204210695426,1,1,4.349187062458102
4184,-1.9853032206418924,0,0,-3.56821697666613
4185,-1.3795510253033823,0,0,-0.006758287233784355
4186,1.1490253216715534,1,1,3.4542723653718874
4187,1.2254277912366276,1,1,5.523983069834492
4188,-0.48423145767294207,0,0,0.733377130830853
4189,0.6370444102306929,1,1,3.243911134755141
4190,-1.5071048939003129,0,0,-0.10671193189936812
4191,0.48842032010994085,1,0,0.6383923345960779
4192,0.5047117446169893,1,0,2.237483873681077
4193,0.7387159092066846,1,0,1.1653608325172922
4194,-1.575545167182463,0,0,-0.2258222087952017
4195,1.065735470249285,1,0,1.8872386493792572
4196,1.6352857321300394,1,0,0.6956052956891225
4197,1.054360388902253,1,1,3.5099254719266826
4198,-1.7817318072224668,0,1,0.7261053217662573
4199,-1.6277394660300586,0,0,-3.478086927231225
4200,-1.7462082621929218,0,1,-2.888708791136234
4201,0.33237273995709893,1,1,7.261702896152277
4202,0.03985048015010628,1,1,4.766477055260998
4203,1.3740106017031124,1,1,2.88227512697634
4204,-0.4678389662873079,0,0,2.850451425077255
4205,-0.6861308057729718,0,0,0.2717704461841708
4206,1.7985024509635292,1,0,-0.1520518077471289
4207,-0.8623186632292552,0,0,-0.6844843972034541
4208,1.1419418360329439,1,0,2.1172309882109674
4209,-0.8980195463951617,0,0,-1.7618012344749276
4210,-1.775647961322374,0,0,-3.433054079775051
4211,0.8579725299496408,1,1,6.07867688972002
4212,-0.4694374787861535,0,0,-1.0848061640673659
4213,-0.08648065856509701,0,0,1.2718886080078986
4214,1.7091217092729765,1,0,-2.1280348053610623
4215,-1.924443196543597,0,0,-3.9453669138992655
4216,-1.760813624550838,0,0,-2.536246887126133
4217,-1.6125815771958032,0,0,-0.5917974519696438
4218,0.9533077160014525,1,1,6.124562920770244
4219,1.0129618393925912,1,0,0.8561775159897705
4220,1.995536033030302,1,1,4.329015821286774
4221,-0.2502869555286735,0,0,2.931434918044441
4222,0.2066851319730585,1,1,4.040007645762567
4223,0.2814640615458116,1,1,4.721426772790101
4224,1.9839211724085466,1,1,5.651676509148974
4225,-0.3026722480676818,0,1,4.014976427527703
4226,1.5630399245174287,1,1,2.206159159721233
4227,1.9738369430228846,1,1,1.894256930502932
4228,0.5819967766380278,1,0,3.9732314419059254
4229,1.1376709499096171,1,1,5.091409180255372
4230,0.8760677443469169,1,1,1.4190876566716606
4231,-1.6955342338292754,0,1,-1.7168401975699186
4232,0.09837513398939679,1,1,4.257635125062901
4233,1.5285516966021042,1,0,1.9148154159568243
4234,0.9152718344306683,1,1,3.2200748694304346
4235,-0.2014230961987229,0,0,0.009104957282629944
4236,-1.6304968438427907,0,1,0.4727550269477574
4237,1.1884010971326848,1,0,1.2662440350479058
4238,1.2715066441599547,1,1,4.559734579243849
4239,-1.2531488488341131,0,0,-1.9648263124847194
4240,-0.6432077627736907,0,0,2.368009419945861
4241,0.35429082291928227,1,1,6.163629528359977
4242,1.185533956069027,1,1,2.994622017620241
4243,-1.8352018803675185,0,0,-3.0198110773738804
4244,1.0315609082554547,1,1,3.9263387054391092
4245,-1.8920525712510758,0,0,-1.2634832299603809
4246,-1.1291727909163622,0,0,-1.6909480892773758
4247,-0.9287498731086004,0,0,0.8919916536386361
4248,1.7166805886905618,1,0,2.5168174421199305
4249,0.4452982782338011,1,1,2.8851479450842086
4250,1.126643561570004,1,1,3.4839248655782074
4251,0.9084051667666988,1,0,1.8912602389428135
4252,0.6833127706431843,1,1,4.835151089473432
4253,1.7857508450182467,1,1,1.8076028872275032
4254,-0.11201047197788627,0,0,0.7547761995133604
4255,1.809324469247965,1,1,2.3237219457352642
4256,1.4715836787784387,1,1,4.004184911783747
4257,1.8536245887739518,1,1,1.985261206428401
4258,1.8565893853386015,1,1,3.767536689398236
4259,0.5693102396952581,1,1,4.739579963685156
4260,0.38293764923906926,1,1,6.405398951184573
4261,-0.04880809571276057,0,1,4.200711136644223
4262,1.1953903818306677,1,0,4.688617580141078
4263,0.8836323447411134,1,0,-0.3764425281110968
4264,-0.8503408862263409,0,0,0.7807201122752097
4265,-1.0121025192187134,0,0,0.9540853682608846
4266,0.580059855698634,1,1,3.243098628485357
4267,1.2392348454423248,1,1,2.687048514247966
4268,1.95234406338415,1,1,3.015052057319699
4269,0.9364543718984208,1,1,6.466186450108709
4270,-1.5165503172044437,0,0,0.07616800780141827
4271,-0.23935203929277193,0,1,2.4917814791358737
4272,1.220718050312989,1,1,2.7031131601823986
4273,-0.35571750765850574,0,0,2.242490816502502
4274,1.6829827276762845,1,0,2.5802965067691614
4275,-1.5560441280209774,0,0,-0.638646641555609
4276,0.9048668825667838,1,0,0.44686679365625903
4277,-0.58095219304262,0,0,1.0916068913299257
4278,1.5654859557053733,1,1,5.808474763335523
4279,-1.3553185501687737,0,0,-2.5774125012292064
4280,1.8165741389877779,1,1,1.8372555572288238
4281,1.5928437883726367,1,1,2.920124369093878
4282,0.32191753460401884,1,0,3.1359188252263377
4283,0.15919480222069893,1,1,4.477077334009017
4284,1.3863572358499754,1,1,3.037310664205114
4285,-1.6003480623791289,0,0,-1.2996235656667094
4286,1.1791713501602916,1,0,1.8225104607784064
4287,0.016188784012185486,1,0,0.7386039340567248
4288,-0.5373722212332463,0,0,4.153293392888308
4289,-0.9396284038731695,0,0,-0.7027538534291584
4290,-0.2790169110885592,0,0,2.6872432693029515
4291,1.8993000294771294,1,1,1.1620089359652732
4292,0.9677153295686818,1,1,3.256518608218925
4293,-1.6339992581847116,0,0,-1.7816016039389746
4294,1.3121407470229118,1,1,1.5399327558957538
4295,0.4897739785988322,1,1,5.948924444762617
4296,-0.9809956518103693,0,0,1.4306027334976625
4297,0.8191189841780275,1,1,2.4844921197561316
4298,-0.3691579712596482,0,0,4.722223213739458
4299,1.7837982021506025,1,1,3.4205385941186264
4300,0.12401676630373659,1,1,5.328796071592225
4301,1.5275543062137698,1,0,-0.658888420456299
4302,1.5223671361020594,1,1,5.356578243299499
4303,-0.0086533534666966,0,0,3.9461279170324506
4304,-1.3676264462177339,0,0,-0.26464712641056143
4305,1.8644820352964855,1,1,2.417250188875691
4306,1.9400042163866278,1,1,4.422699541371324
4307,-0.3145039444760087,0,1,4.151017260926474
4308,0.5171909757355695,1,0,3.7548466149188626
4309,1.889936886109115,1,1,3.1257646986868175
4310,-0.6107206549772499,0,0,1.016451136646101
4311,-1.2352806844848687,0,0,0.8895414495829785
4312,1.7638234541877398,1,1,4.142322390409766
4313,-0.5454573116607215,0,0,1.9100088644644986
4314,-1.535242486134777,0,1,-0.2508355188917881
4315,0.664380785041442,1,1,3.7081244423452113
4316,-0.2856124239395994,0,0,2.511126793202115
4317,-1.9254675976444418,0,0,1.2765145804643159
4318,0.37935929417190906,1,0,0.5884306329792106
4319,-0.8806943843168682,0,0,0.6400455845793026
4320,-0.6445041293391718,0,0,-1.3866961710304784
4321,-1.7166749831424601,0,0,-1.6447713872892482
4322,1.404800804630555,1,1,6.027958269844979
4323,1.1701715357380853,1,0,1.9954243989464069
4324,-0.19425655904452732,0,1,4.156265711203671
4325,-0.9544586268372903,0,0,0.5635413312871725
4326,1.7336777940498846,1,1,3.0228168585725985
4327,-0.1316150012420434,0,0,2.297098884935842
4328,-1.6798019924354683,0,1,-2.492872592969353
4329,1.0495037921847201,1,1,6.98172118588435
4330,-0.9772120530347279,0,0,-2.4178239666372163
4331,-1.3916452450030632,0,0,-2.7909431387069206
4332,-1.2276002853643404,0,0,-2.0438165114867886
4333,-0.5547623262038286,0,0,-0.7711667967804079
4334,1.4846352774903715,1,1,3.233721377602993
4335,0.3497889706159931,1,1,6.154958239990075
4336,0.5526922542889183,1,1,4.313428855718673
4337,-0.6660065894303568,0,0,0.7472045314377761
4338,0.27705997595888654,1,0,1.3753059014453695
4339,-1.8825292311563437,0,0,-3.1595225561026634
4340,1.294409772428128,1,1,2.22318614161733
4341,-0.8184074966586743,0,0,-1.0734122412354243
4342,1.255821419548763,1,1,2.9131466744006342
4343,-1.9696610379276427,0,0,-3.590967827157597
4344,-0.9200584975460506,0,0,-1.469847155838231
4345,0.8758141345567885,1,0,2.3658808319152023
4346,1.549867676843503,1,1,4.029674033808719
4347,0.8924051802365365,1,1,4.236097329325588
4348,1.0567217101247182,1,1,4.407016355220318
4349,0.33599141337042304,1,1,3.915731661086017
4350,0.32813268884055213,1,1,2.3892040286769043
4351,-0.6089645820898428,0,0,0.929261869921306
4352,0.9874002602280405,1,1,4.639022987284549
4353,-0.6988834312600378,0,1,5.04157962519465
4354,1.3015885622653713,1,1,2.796906326816897
4355,1.8862010013933679,1,1,2.0561183034818233
4356,-0.9383284999986024,0,0,-0.3605035789053168
4357,1.7449039862198794,1,0,1.7494990256744247
4358,-0.06284418905737876,0,0,0.2911134989350501
4359,-0.4390900914932234,0,1,1.0463324383506913
4360,1.4286050517261741,1,0,1.0603729766533794
4361,1.9301134248889422,1,1,-0.28785111059369584
4362,0.28361894306901947,1,1,4.4441857563081575
4363,0.33356700949668383,1,1,5.045389389888194
4364,1.6449390401675172,1,1,2.3231835410667916
4365,-1.8996431508432061,0,0,-0.8041603215699613
4366,1.5339193341355806,1,1,4.073836232769189
4367,-0.6310305877841387,0,1,3.38789485775154
4368,-0.4992923246378682,0,1,3.749954187116892
4369,-1.8588292852260797,0,0,-3.358040776169293
4370,-0.5581530867254734,0,0,0.5078080486999708
4371,1.1266780280555668,1,1,5.284513629332793
4372,-0.11153387306963225,0,0,1.0578705092329441
4373,-1.8499626176386479,0,0,-0.4731538988553423
4374,0.008327973952991563,1,1,2.7609727849644448
4375,1.7108301181536296,1,0,1.7184331005340354
4376,0.12088784179873846,1,1,6.212658860644282
4377,-0.9387011414086519,0,0,1.0619388625695103
4378,-0.7713359191944735,0,0,1.1849064610369437
4379,-1.2616390455054969,0,0,-3.3646204160616504
4380,0.8193589567315569,1,1,2.204439139601375
4381,-1.72533135385717,0,0,-3.0350520571658572
4382,-1.1311677849271042,0,1,-0.019677773278500732
4383,-1.212593116733934,0,0,0.5606248861341618
4384,-0.810586354613235,0,1,3.657054249183581
4385,1.9919245343005647,1,1,2.5971379082966
4386,-1.1651407485521998,0,0,-1.580702715496734
4387,0.010363802195693772,1,1,4.950762122752069
4388,1.3150039609298751,1,1,4.861713647016892
4389,-0.014096420339128723,0,1,1.5691222176894595
4390,-1.2702197553612664,0,0,1.258280363778971
4391,0.048416732017194875,1,1,7.070043615346728
4392,0.18466786173113414,1,0,1.649954253450163
4393,-1.5066920329502373,0,0,-1.9645122396827748
4394,1.4088955919607473,1,1,6.063171700229188
4395,0.3091677001900197,1,1,3.8048568410214214
4396,-1.5613761204806638,0,1,0.06854705156230678
4397,-0.9318413947783828,0,0,1.8293519086105334
4398,0.8639487416796516,1,1,4.9689911758404675
4399,-0.7538711744084909,0,0,0.4947148483821499
4400,-0.48366418010992707,0,0,0.7432069406251127
4401,-0.1635797437251285,0,0,2.583642065879897
4402,0.578224048245163,1,1,2.186200346070955
4403,1.8298082391949317,1,0,-0.15562970133454562
4404,0.1243223121888305,1,1,5.356374647026736
4405,-1.134152851032049,0,0,0.12456516428256278
4406,0.8581221798052234,1,1,4.212002755043463
4407,1.9201567158869435,1,0,3.0592516055168586
4408,1.7537133469603,1,1,2.171509990294794
4409,-1.7654088039007254,0,0,-1.5277225386692335
4410,0.17249128348427112,1,0,3.458777928193417
4411,-1.8296291330808159,0,0,-4.765011412718145
4412,-0.9552931172694104,0,0,0.8238020794044704
4413,1.819333809137452,1,1,4.298534097077231
4414,0.15641727652948134,1,1,2.7181564263822713
4415,0.0005835352346101885,1,1,2.856721381738098
4416,-0.7807240442303356,0,0,-2.0831753006189304
4417,0.7769392319282042,1,0,-0.3624892947263787
4418,-1.87108048024194,0,0,-4.538595858578144
4419,1.7950749065419442,1,0,0.7248404039932796
4420,1.9883365271924545,1,1,4.099448596736986
4421,-0.8339261829638667,0,0,1.3952019229608381
4422,1.6288897741417996,1,1,5.5157669573813815
4423,1.6214901269470499,1,1,3.896669899765174
4424,-0.3683092594009789,0,1,3.213792296973842
4425,-0.27834382846703765,0,0,1.6470920577074541
4426,1.8596051596619811,1,0,2.728664239972047
4427,-0.8056966343716052,0,1,4.4337562906161825
4428,-1.891689961445548,0,1,-0.9928065667213843
4429,1.5535672428320746,1,1,-0.11938653556633994
4430,-1.9727536624112174,0,0,-4.639175477869578
4431,1.6430032652171436,1,1,4.493912344888829
4432,0.9668264291528894,1,1,5.225341075577292
4433,-1.8191842050342064,0,0,-0.8352517877243013
4434,1.5079107136647134,1,1,3.5263287836741455
4435,-0.8065875525936042,0,0,-1.7947340583793234
4436,0.30157729780612685,1,1,5.0486647849253075
4437,-0.3451982377233289,0,0,1.8091384886154018
4438,-1.9432650739997714,0,0,-3.838394837480172
4439,0.39163043697949496,1,1,4.456015039770012
4440,0.4661739814790473,1,1,3.82617188368761
4441,-0.6115219922026953,0,0,2.047713048789376
4442,0.45774142692585773,1,0,2.034687234724626
4443,1.1166539126662895,1,1,4.901096198900836
4444,-0.6938074255023667,0,0,-0.3850593238088318
4445,1.3401535661374684,1,1,4.516570316973425
4446,1.4109603286639785,1,0,0.21812495108510177
4447,-1.901191311957413,0,1,-0.06440367123310287
4448,-1.0218909960180658,0,0,-2.020597975681486
4449,-1.2594625736627343,0,0,-0.1149571442328352
4450,-0.6158237588607176,0,0,2.656744986353584
4451,1.7749678011541148,1,1,1.8197969323929437
4452,1.5089626023174123,1,1,2.164542489610434
4453,1.8675624601566159,1,1,5.50175159905344
4454,1.1455479952798253,1,1,4.031299072880504
4455,1.3888390192048394,1,1,3.866582253928211
4456,-0.20205771930813654,0,0,0.8903770695798858
4457,-0.5552196697525726,0,0,1.8357888512759237
4458,-1.416367970875989,0,0,-0.155108695525491
4459,1.4686200197123997,1,1,3.3857729950869704
4460,-0.4549329672322804,0,0,1.0592298539662504
4461,-0.8141335493127762,0,0,0.6610686083209789
4462,0.43319807136094646,1,1,1.898418947297518
4463,-0.6866133181579581,0,0,-2.4883165283387267
4464,-0.15058158238377173,0,0,0.7361577087216993
4465,-1.965353880739308,0,0,-4.8735534682207895
4466,-1.845869680491321,0,1,0.9203578493363263
4467,-0.5780041870435948,0,0,-0.2709885202869542
4468,-1.3840103816757185,0,0,0.21975520675897448
4469,-1.441833299722636,0,1,1.1231934261690937
4470,-1.4914260807368667,0,1,1.0061301575850248
4471,1.7860633057298685,1,1,4.223774243490892
4472,-1.8459357153251625,0,0,-2.34943685984611
4473,-0.23095860512738664,0,0,1.6539268751202743
4474,0.1304429452525353,1,1,4.486221100676303
4475,-0.877803614534356,0,1,-1.16782372638741
4476,1.0953140999616573,1,1,5.090511971433518
4477,0.0412514158008932,1,0,1.2701336980982647
4478,-0.09377757611922632,0,0,0.8406776815656265
4479,-1.8492745490090363,0,0,-3.5484306541508692
4480,0.2812059567957479,1,1,3.5254067473215587
4481,-1.9204655792390626,0,1,-0.4990449894601532
4482,0.24937686338117215,1,1,1.949694787835096
4483,0.22154222434180015,1,1,3.8751905928288166
4484,-0.3571444337973628,0,0,0.6134914661890293
4485,1.0362080865333536,1,1,3.441499296906165
4486,0.4043476049329655,1,1,5.19696147213272
4487,1.320807035551221,1,1,3.5069082045726816
4488,-1.7336358446959617,0,0,-2.654654782484276
4489,-1.4508502319351022,0,0,-2.82957159313731
4490,0.00984416488249451,1,0,4.675856903184108
4491,1.8939625112546699,1,0,1.6781168880067532
4492,1.6558385040886279,1,1,5.313276258393755
4493,0.21253041962932684,1,1,3.613056512253697
4494,0.7416413424466843,1,1,5.293013264485085
4495,0.9820950165586142,1,1,2.9280370545957792
4496,-1.1559475870726192,0,1,-0.039176589835733244
4497,-0.11245247404267866,0,0,2.1074174719898755
4498,-0.8038883973103861,0,0,1.5716503378065125
4499,0.9076112302449992,1,1,4.815017078824425
4500,-1.3177044577517059,0,1,0.13877882430031363
4501,0.47924721170343165,1,1,5.220423368580168
4502,-0.0654470261041058,0,0,2.2184831065389807
4503,1.4327364344622735,1,0,4.398794141648903
4504,-0.1487111210439389,0,0,-1.1698181983473281
4505,0.6161546377435596,1,1,6.7710506578603775
4506,0.8078706578437842,1,1,4.045285223270039
4507,0.08615136663231127,1,1,2.446595853382768
4508,-1.7186353698959436,0,0,-3.225774445186228
4509,0.4461456656438134,1,1,5.8060119644304145
4510,1.742256120702295,1,1,2.6037138235527255
4511,1.7715846761792897,1,1,4.034706525989511
4512,1.915708703768273,1,1,1.9401975319722897
4513,-0.06171398561666663,0,0,0.5859917076133274
4514,1.4006670948020785,1,0,2.2891793557533235
4515,1.3396831582853626,1,1,4.738256408919095
4516,-1.4118904596273145,0,0,0.6941869223378349
4517,-1.5703415131100837,0,1,0.7711197329936472
4518,-1.45596296933522,0,0,-2.7539252421069387
4519,0.5922196122460459,1,1,3.692797584553817
4520,-1.055076573238658,0,0,-1.0464073129167537
4521,1.7932835399301625,1,0,0.5870637569278003
4522,-0.06851273177949091,0,1,3.741300108891822
4523,1.4764097962051435,1,1,3.871129285854872
4524,1.3401364067621984,1,1,6.212065634090912
4525,1.2447920267897281,1,1,3.017666128995388
4526,1.2028242017211066,1,1,-0.17039729627780553
4527,-0.22255638200439032,0,0,-0.2122424483052091
4528,1.830141734812408,1,1,3.3678152202528353
4529,-0.1404568036701268,0,0,1.2181198661274237
4530,-0.3357016127849497,0,0,-0.3575970831083073
4531,-1.5977875119349103,0,0,-2.7013091609207316
4532,-1.9092312851025652,0,0,-2.154409867096069
4533,1.9418002500077205,1,1,2.153972546186056
4534,1.691406882848311,1,1,2.6318404038983934
4535,0.19186036690297925,1,0,1.7435396598525712
4536,1.0359132636382085,1,1,3.001654594243477
4537,0.1892700744138165,1,1,5.171920204981468
4538,1.6647291494151752,1,1,3.2722618333506297
4539,1.4988643189412914,1,0,1.827652412338262
4540,-1.6160966453098657,0,0,-1.405517879044151
4541,0.974294999245803,1,0,1.7639094022504767
4542,0.4253635447071864,1,1,2.5907717924436975
4543,-1.997681679368823,0,0,-3.4544111295079545
4544,-0.6942544047672672,0,0,-1.1202723828282837
4545,1.3967193632822092,1,0,1.6396045678418638
4546,1.2148355531780215,1,1,4.505620830946312
4547,0.27772708147371183,1,0,2.7229937074701613
4548,-0.20878294817524523,0,0,1.7248754312744685
4549,-1.504313501057926,0,0,-1.6943596189713261
4550,-0.3345965359416394,0,0,1.2314611319734379
4551,-0.35855562761880355,0,0,-0.6314402658421321
4552,-1.417835565814543,0,0,-0.7892166264077882
4553,1.294250121803354,1,1,4.43984474488205
4554,0.9184120341334503,1,0,1.454933503327238
4555,1.4164117730678174,1,1,3.5786951828513582
4556,-0.7343369675713425,0,0,1.7397953564341857
4557,1.2139115605035178,1,0,1.9811703301510182
4558,0.6929332135630868,1,1,4.480468603391143
4559,-1.826268881521711,0,0,-6.170056278526713
4560,1.3968681192902936,1,1,3.114779929143308
4561,-0.8886876855915151,0,0,-0.49392182317620864
4562,0.08809390651747151,1,1,4.259228213365967
4563,0.10400499018436582,1,0,0.7050486385918702
4564,0.7693432568749983,1,1,3.1789586411932387
4565,-0.38331344606519924,0,0,0.4524459781887645
4566,1.4353757443264321,1,1,3.65586973491179
4567,-1.5366401498573126,0,0,-2.047197008550307
4568,0.02738988226073724,1,1,4.299034870079198
4569,-1.9747651556529617,0,0,-3.2843405341722907
4570,-0.5366311240209147,0,0,4.549492921327847
4571,0.8022316952196675,1,0,-0.30121126132306864
4572,-1.587901088286805,0,0,-2.6038252607148733
4573,-1.3363582029371988,0,0,-3.6374801766741793
4574,0.1745033651735599,1,1,2.5962995851317894
4575,0.043327970603451504,1,1,3.302888816430384
4576,-1.6745613650842452,0,0,-2.9706386709294037
4577,-1.8711395346973037,0,0,-4.670574218184475
4578,0.105819809888128,1,1,1.0339037346212319
4579,1.501739290520312,1,1,4.378489142901966
4580,0.7221931421626753,1,1,2.3027259280968195
4581,-1.525508016353462,0,0,-2.2808096547467436
4582,-1.1483927367886588,0,0,-0.5742389041737815
4583,-1.989719107513809,0,0,-3.5718284472766264
4584,-0.4929288454984424,0,0,2.2198074727500097
4585,-1.4236372890656637,0,0,-1.2817536151745381
4586,1.8164248797333604,1,0,0.4262230861906424
4587,-1.8680129200277675,0,0,-1.9366456378468968
4588,1.5018365305496704,1,0,2.4483896823738487
4589,-1.3622156710123545,0,0,0.4076165757855333
4590,0.41769306093285863,1,1,2.02719791205432
4591,0.9021805034917612,1,1,2.2774382614589275
4592,1.56793135011069,1,1,3.541315536075274
4593,-0.39432193889522216,0,1,3.4110238182463934
4594,0.8971601658675472,1,1,5.000866022073556
4595,0.49120455843328603,1,0,2.651710167770375
4596,-1.5224788151058148,0,0,-0.5417667022585687
4597,-0.7142449734828009,0,0,-0.4764568279694328
4598,-0.22685037377253003,0,0,0.5441063683282279
4599,-0.16016977406794153,0,0,2.433943968563952
4600,-0.10765230811838356,0,0,0.20409450534648466
4601,1.579339427357409,1,1,2.5995942933589844
4602,1.256506261529907,1,1,3.2512792728396285
4603,1.99104606481274,1,0,0.2684757467851188
4604,-1.168934288602482,0,0,-2.090107179104202
4605,1.2377451057680293,1,0,3.6610613261314313
4606,-1.9113476285846867,0,1,-1.447885892073967
4607,-0.27807865097803663,0,1,3.051143120345879
4608,1.5247152174505882,1,1,4.321524720773741
4609,0.6072516510826054,1,1,4.43601321627535
4610,0.799551300397042,1,1,4.552585283186373
4611,0.584636699975003,1,1,4.612884921908102
4612,0.6020642422753397,1,1,4.615421508414366
4613,1.2940837191060628,1,1,2.6859682059721717
4614,-1.4848894117149367,0,0,-3.2634862777433615
4615,0.3735146565578833,1,1,2.4439099523566097
4616,0.0398446970814077,1,1,4.39550140260082
4617,-1.875873351642606,0,0,-2.7907067161817882
4618,0.8198993477248968,1,1,5.182209700823206
4619,1.137136768360628,1,1,2.92181545195665
4620,1.2203817918671018,1,1,4.849612348523776
4621,1.197335111980228,1,1,3.6965124955444724
4622,-0.792436073367611,0,0,-1.3517934640465632
4623,0.28662592714609525,1,1,4.227586706591234
4624,-1.1370465272429477,0,1,1.1285311485097584
4625,0.4563180642838853,1,1,2.4709960673984823
4626,-0.4395358724103784,0,0,2.286960839477783
4627,-0.7044708006693168,0,0,0.8756091423497483
4628,1.9517698688116818,1,1,0.8574489325979507
4629,-0.7942193174486607,0,0,-1.0192237587650788
4630,-0.2909928696819235,0,0,0.09090428149567058
4631,-0.04423619490078279,0,0,0.9237153229268537
4632,1.127395077697999,1,1,4.494928676655661
4633,-1.937633477096103,0,0,-2.5531266336290366
4634,1.2557985239303062,1,1,1.9504048962848632
4635,1.4433754390481206,1,1,2.4741259425849567
4636,-0.3427190610570583,0,0,2.620251575583693
4637,0.3939753801958501,1,1,3.57199026479657
4638,-1.7177653119250098,0,0,-2.31279918413898
4639,-0.141740965598804,0,0,3.305624497019583
4640,-1.640002716699136,0,0,-1.3946845871365496
4641,0.7476470414541199,1,0,0.13661383851674302
4642,0.8444810444598452,1,1,4.8246324769924795
4643,0.19731457163860622,1,0,0.03765270651886583
4644,1.2734405703020162,1,1,3.871714558520343
4645,-0.6809695695521123,0,0,0.8411410038014766
4646,-0.5590211896761166,0,1,2.8933129310863412
4647,1.412683995934168,1,1,5.092865012443073
4648,0.6362863802532872,1,1,1.625883343051692
4649,0.1177159620984849,1,1,5.775855742098628
4650,-1.3286352623739783,0,0,-0.12170305069268184
4651,-1.5286450447814257,0,0,-1.4303714912796757
4652,-0.23759358680509868,0,0,2.380480514288771
4653,1.6421821801834442,1,1,1.1125701210183705
4654,0.8682024885989588,1,0,3.8832050607236717
4655,1.2804432470512759,1,0,2.696810297889598
4656,-0.9099775189768611,0,0,0.8791094079921457
4657,-0.4414294112117849,0,0,5.322585797107586
4658,-0.30695823614263196,0,1,3.339609441847962
4659,0.07771869085970406,1,1,3.8796100723769857
4660,1.1608973003045078,1,1,2.7249262227591764
4661,0.9097258658594036,1,1,4.298653155880846
4662,-1.8211967037659478,0,1,0.36794396968145326
4663,1.5026754209061495,1,1,1.9811416978892589
4664,-1.8699857228510885,0,0,-4.316876507979857
4665,-0.8008251317669317,0,1,3.87635791116639
4666,-0.4018390622583792,0,0,3.1142224126417535
4667,1.6101851293053477,1,1,3.4007869548219305
4668,1.3501862407915373,1,0,1.6727199937819501
4669,-0.812288546931434,0,0,0.20728279335523475
4670,-1.236804511072537,0,1,0.8631817996261592
4671,1.3836241209671751,1,1,4.479006525523305
4672,0.7829842684698991,1,1,5.651600735827694
4673,1.3574384446870225,1,1,4.856192268573882
4674,0.8419468655055802,1,1,4.156293363214473
4675,1.3060822906411214,1,1,4.529580409506942
4676,-0.045659125739142326,0,0,1.2578858114311051
4677,-0.9013433422314145,0,0,1.4377101636424239
4678,0.3640163325326906,1,1,0.9865869449915292
4679,-0.6769857681844598,0,1,0.12434103724809198
4680,0.0026526749003408234,1,1,2.475854650906654
4681,1.9461001523343242,1,0,2.8583178154395177
4682,1.2447245458202012,1,1,3.72590858828238
4683,1.2628588309849067,1,1,4.905777390619155
4684,1.1322821067089635,1,1,5.5487094255552725
4685,-0.5799485263317634,0,0,-1.041578661710695
4686,-0.803720352318285,0,0,-1.4955496263042132
4687,0.28848395066151067,1,1,5.2497673337501265
4688,0.12195591864876221,1,1,5.33757530145977
4689,0.29976514430898227,1,1,5.3266686344476915
4690,0.14524303439143516,1,1,4.407188352920373
4691,-1.3289183430637608,0,1,2.5244501264792083
4692,1.6013752372874546,1,1,2.328129012106108
4693,-1.8938945306944408,0,0,-3.388547375599499
4694,-1.4885124490977795,0,0,-0.6791906397011721
4695,-0.4697550647238189,0,0,2.0089927262351175
4696,1.954163165688711,1,0,0.6882365082489151
4697,1.0161743608549165,1,1,2.5964364992770985
4698,0.38058265888900333,1,1,3.2153939795808997
4699,0.39128972098996107,1,1,5.326551222972766
4700,1.6486726461016654,1,1,4.4072367130908905
4701,0.5299488817228744,1,0,0.11398914914465007
4702,0.07364323091679248,1,1,1.6875599488541402
4703,1.9649318492577184,1,0,1.5176629464512281
4704,-0.8157011206514126,0,0,1.7279109241667912
4705,-0.5149903903831605,0,1,3.373310835972906
4706,1.4990032330591312,1,1,4.639301260070637
4707,-1.6180972760249608,0,0,-1.290615929944933
4708,-0.39173980998650526,0,0,4.486706475988072
4709,1.4884549798287496,1,1,3.366038024142365
4710,-1.864654319971061,0,1,-4.141437763498922
4711,1.0152464099815708,1,1,4.256253901941857
4712,1.8643948945196915,1,1,2.3093070740249986
4713,-1.67621949107011,0,0,-1.2912088963518542
4714,0.8091674607550279,1,1,4.873389802915824
4715,-0.3112692473552836,0,0,0.20914612879733663
4716,0.47583214346009006,1,1,6.131268462103892
4717,0.41354237059507737,1,1,4.925092288348399
4718,-1.6379960942699237,0,0,-2.610082766618995
4719,1.3923140688454638,1,1,3.7489667985335062
4720,0.3882314310950621,1,1,4.322114757188837
4721,-0.7191025521482257,0,0,0.6729676048047176
4722,1.1771540191075127,1,1,3.5453420678894405
4723,-1.9570820275236942,0,0,-4.225708875889133
4724,1.1564342546221567,1,1,6.08270079433856
4725,-1.5198157639455134,0,0,-0.17058632557818476
4726,-0.9529152962962959,0,1,0.7800141527980772
4727,-0.15509061243275646,0,0,0.6080830328522335
4728,1.8621821254560524,1,1,1.6374434147755499
4729,0.1119473806425656,1,1,3.407003503174971
4730,-0.7605901713068319,0,0,-2.8048824377200465
4731,1.0937711475528062,1,1,5.558197042824708
4732,-0.4691292851018338,0,0,-0.4901901049629107
4733,-1.542088051773633,0,0,-3.2689796060426675
4734,1.8698046079179274,1,1,-0.5884795740850164
4735,1.0631780760339193,1,1,4.361777171227387
4736,0.48108924548253107,1,1,2.016375732621311
4737,-1.2231048663661843,0,1,-0.6206144999031111
4738,-0.4477449423172062,0,0,-0.050021115102178236
4739,0.1736239831714913,1,1,5.956904850565439
4740,1.9348081865404327,1,1,2.2239890461606033
4741,0.21342010112818632,1,0,1.363475920364508
4742,-0.3042330067782406,0,0,0.7271670993176678
4743,-1.1906055548775023,0,1,-2.7040603387738855
4744,-1.3247177790949975,0,1,0.8003230305078027
4745,-1.3605330587808484,0,0,-0.4253493716738561
4746,-1.005298928098783,0,0,-1.1432238531251087
4747,0.9686464712123417,1,1,6.078446105382747
4748,-0.27457968071975225,0,0,0.7696957834319649
4749,1.6744447744906186,1,1,2.3626174747614814
4750,-0.47791358331452516,0,0,0.9024863838100768
4751,-1.6541287826665796,0,0,-3.7766481332219075
4752,-1.615249152652916,0,0,-1.7204022541916049
4753,-0.7773990124738455,0,0,3.3232482930735623
4754,-0.0742350327674286,0,0,0.3432079812173789
4755,0.6525883170205451,1,1,7.158756539879823
4756,0.9900624943175269,1,1,2.1920494478166015
4757,-1.6609589430288305,0,0,-1.2242729703290764
4758,1.2638267510363321,1,1,2.5130645526543907
4759,-0.8601897241418661,0,0,-1.1889832468910084
4760,0.8926283003816842,1,0,3.9580632087913474
4761,0.3265137157393879,1,1,4.63571650605005
4762,-0.5331950541390698,0,0,0.4737223308420786
4763,-0.876467211504909,0,0,1.8540199859246873
4764,-1.112042696174473,0,0,-1.8757117226416828
4765,0.5919305325380364,1,1,4.452890938796039
4766,0.26780407095293324,1,1,1.378928950053426
4767,-1.730442319056129,0,0,-3.726218435907527
4768,0.46090106487199867,1,0,2.0992298347553078
4769,1.6051434580703257,1,1,2.786071156118585
4770,1.4537052178953176,1,1,1.9513553042190581
4771,1.06460011260896,1,1,2.764989550360064
4772,1.2360702459577273,1,1,3.590982913630045
4773,-0.4291687320261266,0,0,1.0921461468839517
4774,1.717541751533128,1,1,1.9565753817371723
4775,1.6390822830727223,1,1,2.7388742875027496
4776,1.6043300381250574,1,1,1.8749441978844565
4777,-1.4181068697080779,0,0,-1.706391739693074
4778,0.9062240638808099,1,1,2.9555128367545445
4779,0.7450958075825964,1,1,6.45561503855671
4780,-0.6193201563527233,0,0,2.0741460890958394
4781,-1.6106091383155987,0,0,-0.7091605621930454
4782,-1.4596057831978708,0,0,-2.5517827095510612
4783,0.24471225474750424,1,1,3.669471881025576
4784,0.827136829673293,1,1,6.4476720108755785
4785,-1.1610937505785288,0,0,-2.303244987791413
4786,1.4575607498407464,1,1,4.6620977497793765
4787,-0.746842617050242,0,0,1.4409993281488573
4788,-1.227761599452268,0,1,-1.355989957903537
4789,1.0599809265104905,1,0,4.930716834666538
4790,0.9810367725124562,1,1,4.969219954501518
4791,1.3624367048006811,1,1,3.440716266754987
4792,-0.1126520911091804,0,1,2.686910063945729
4793,0.9478482876522114,1,0,2.627290404369695
4794,1.7927957961632663,1,1,2.8144366931556104
4795,0.9012860445143285,1,0,2.0988592358987908
4796,-0.26864580538296234,0,0,3.164865404732759
4797,-0.44625143403057166,0,0,2.2423534549402646
4798,0.644254603112973,1,1,3.296996717715202
4799,1.5317936980970441,1,1,2.7416973889550325
4800,0.47158431465451534,1,1,3.5773046671250945
4801,-1.4277897004531708,0,0,0.29875704488744503
4802,-0.5211407304432711,0,1,2.5031970455819588
4803,-0.9151723302443151,0,0,1.45764522037233
4804,-0.43046141882245603,0,0,-0.7607353934657208
4805,-0.17897931420799162,0,0,1.8184093594886472
4806,-1.6651721969608673,0,0,-1.6277611413085968
4807,-1.489009123482894,0,0,0.8170732295036608
4808,-1.8698549582993667,0,0,-4.666016730317409
4809,1.8975434940486684,1,0,3.0601601758937083
4810,0.9429088626558548,1,1,4.006792551712896
4811,0.19018458517385595,1,0,3.196938401910625
4812,1.4050158941768336,1,0,0.76895551522149
4813,-1.7274788056990733,0,0,-2.4220956346919107
4814,1.0349098752973314,1,1,2.10478872389311
4815,-0.012851012913520865,0,0,1.9183777576957506
4816,-1.5279508650554026,0,0,-3.674751337984791
4817,1.3165001784958705,1,1,7.466852433839497
4818,-1.5158648956422263,0,0,-2.7179897671601436
4819,0.1423930385671115,1,1,4.181891877607183
4820,0.7758690268937878,1,1,6.762431242909722
4821,0.7618879880944154,1,0,4.1020018052985305
4822,1.2797686350359068,1,0,2.3061444020641026
4823,-0.6486791804504821,0,0,2.1386217812226085
4824,1.662643195830797,1,1,1.8303890392466058
4825,-1.8627025791267964,0,0,-3.006580476706899
4826,-1.8139353769952695,0,0,0.37285571936755346
4827,1.3798139141011894,1,1,6.0892834588468085
4828,-0.4455938150621179,0,0,1.6813451234126249
4829,-0.005302560797210809,0,0,2.4145082356975176
4830,-0.83882686560659,0,0,-1.7022995006213604
4831,0.6920896499442311,1,1,1.1370192596242896
4832,1.5524751591282713,1,1,1.6013226871335193
4833,0.22498253158207193,1,1,2.4755274689824147
4834,-0.1728074933529289,0,0,0.5900208637313101
4835,1.504650469603669,1,1,4.230708475941489
4836,-1.7605241097602304,0,0,-3.6842912696196812
4837,0.6754938992779271,1,1,3.5598147006894494
4838,0.7962214147414066,1,0,1.6846129649592525
4839,-1.0285534464943944,0,0,-1.153672400666342
4840,-0.4055072536635165,0,0,2.3274164891769527
4841,-1.4845470547086275,0,0,-2.46451268582107
4842,-1.833253888278616,0,0,-6.229228703833078
4843,-1.2315053175025539,0,0,-1.0531158718775493
4844,1.7307713667392899,1,1,3.8135810651469377
4845,-1.8458239308653925,0,0,-5.766748327951514
4846,0.34822185280851903,1,1,5.582024873528894
4847,-1.8647965351937112,0,0,-3.4212478639134014
4848,-0.3294578452226853,0,0,1.3757242637079243
4849,1.8604608314692799,1,1,2.9365452583831284
4850,-0.9602705026720475,0,1,4.3152696032649205
4851,1.414366113693367,1,1,3.3452492011615864
4852,0.5465716498044615,1,1,3.666977726999842
4853,-0.7162325128399094,0,0,2.3842622157693296
4854,1.7362803024127889,1,0,3.286152218564243
4855,1.1536852613810429,1,1,3.8802587737534098
4856,1.5976164865161429,1,1,2.9282792899050802
4857,-0.9862020456934681,0,0,-1.3694901227799774
4858,-1.5904235122482788,0,0,-0.767649699963982
4859,-0.9118970526775017,0,1,4.191616034809237
4860,-1.7720727017378093,0,0,-2.019620570638896
4861,-0.1688143684617165,0,0,-1.2966538015630618
4862,1.1338052231178577,1,1,2.8930328504434044
4863,-1.8749263136952141,0,1,-1.4343330085479358
4864,-1.5379697712178109,0,0,-0.9534949467827414
4865,0.9671954888896108,1,1,4.659292569262419
4866,-0.7574342830537804,0,0,2.270506006742212
4867,0.24543777081308926,1,0,1.545173338883714
4868,-1.5996927255348319,0,1,-1.0002169407637291
4869,-0.05276781344121906,0,1,2.4380058219541167
4870,0.5404137298367311,1,1,3.8970714660677754
4871,0.9421842121555182,1,1,5.216031086129823
4872,-1.9769768582481793,0,0,-4.076580865588944
4873,0.4111898578964759,1,1,2.3970719454897274
4874,-0.3651685541798355,0,0,0.5055561007804567
4875,0.22309760824673475,1,1,5.217328521154218
4876,-0.7286407694172978,0,0,2.0498712819668725
4877,1.2270857325447064,1,1,4.445145245431114
4878,1.7506964543366346,1,1,7.271395646384148
4879,0.29820620334148984,1,1,3.8865025497262393
4880,-0.8609998385796604,0,0,-1.0925202194126191
4881,0.2982800131330281,1,1,4.5397463541173995
4882,-0.7497965675723486,0,0,1.9434226361828026
4883,0.9540739143647246,1,0,5.27471304458508
4884,-0.7852204230249038,0,0,-3.7237413403976736
4885,0.2511438311834908,1,1,3.9746472806053195
4886,0.7424424301688921,1,1,3.498569116702284
4887,-0.6843557843381478,0,0,-0.49109622983437085
4888,-1.3947170821828765,0,0,-0.3895358964426225
4889,0.4786029237887619,1,1,2.9764185281816014
4890,-1.1909705061815647,0,0,0.9544319555035584
4891,-0.7512519391035926,0,0,-0.890696263678663
4892,1.6682782726676906,1,1,4.080621512982583
4893,0.4815534627367888,1,0,1.8975385085013412
4894,-0.7384716099532169,0,0,1.780118724612737
4895,0.12219087203872503,1,1,0.5044401970576665
4896,-0.8932536011026562,0,0,0.14158494777378705
4897,-0.5378113944376262,0,1,3.284745428434348
4898,0.3972886205667452,1,1,3.19061809038989
4899,1.2110439354652054,1,0,1.2576144552339168
4900,1.320738830054407,1,1,5.117001476153122
4901,-0.7558444085057663,0,0,-0.8906625919685645
4902,0.9276829341763211,1,1,3.325874514932103
4903,0.9221268959116657,1,1,0.3782875296523385
4904,1.2620312205679438,1,1,1.9147735925457263
4905,-0.4246963618073267,0,1,3.9770269218704746
4906,-1.5924500210169938,0,1,1.1085021335108303
4907,-0.40150151446828763,0,0,-0.3077664024454134
4908,-1.4028313760710711,0,1,-0.35315472133059034
4909,-1.1163247501913576,0,1,0.7529214158778588
4910,1.2952667517252445,1,1,2.3298179534510703
4911,-1.2097541826217202,0,0,-1.341103908743649
4912,1.4816477091088354,1,1,7.429107180462288
4913,-0.3394148383154447,0,0,0.9282954420652763
4914,0.7577585625598511,1,1,2.3495210147102523
4915,1.132648114939672,1,1,2.0230982634934813
4916,-1.8763183655253113,0,1,-2.041862821326764
4917,-0.8580964048776969,0,0,-0.990405033030396
4918,0.3188257245764712,1,1,3.735381999732706
4919,1.5015970510508239,1,1,5.014899844966054
4920,0.08217591519501877,1,1,4.0501274863417125
4921,1.5687673487361398,1,1,7.834155231330764
4922,-0.7803040090651701,0,0,0.5320793672376892
4923,1.813309811911176,1,1,3.0050954883373078
4924,-0.6492562013616978,0,1,2.498617136081421
4925,1.880820288162007,1,1,1.8737264205727224
4926,0.258971480748722,1,0,2.4573238672566116
4927,0.08096784090412701,1,0,1.9113451777234953
4928,1.8477082885394336,1,1,2.6708466739546495
4929,1.7105385186989541,1,1,4.679386085741496
4930,-0.7802296146710597,0,0,0.1551842040350324
4931,-0.7047642145124873,0,1,2.286013686901477
4932,-0.4761723207474513,0,0,1.0832232732915494
4933,-0.28864010268548146,0,0,2.4432931451830937
4934,-1.8890191344215719,0,0,-2.6841147972753845
4935,-0.4807684978669471,0,1,4.145369740808795
4936,1.268311732863507,1,1,3.751556132319087
4937,-0.15611053797592644,0,0,-1.0498121356091368
4938,0.6721845612240767,1,1,2.8451767714292053
4939,-0.03713826092302153,0,0,2.4670690967889763
4940,0.07928313485253558,1,1,1.7067184019973713
4941,0.6233481713498841,1,1,4.407856729453028
4942,1.5789821359060419,1,1,3.157559707364892
4943,1.8134295698995802,1,1,3.8568996143554166
4944,-1.4636031706480095,0,0,-0.9261374053221123
4945,0.6369669295613423,1,1,5.496185088568785
4946,1.2737156154629994,1,0,2.8531867677989142
4947,-1.5363288220419373,0,0,-1.2698043649655897
4948,-1.8517577548237933,0,0,-4.786001385114146
4949,1.8584342710917072,1,1,1.2509275695863749
4950,0.5989998809169119,1,1,4.679359088240611
4951,-1.0467164696545734,0,0,2.135609528312893
4952,-1.9761432339529734,0,0,-4.7148529100071395
4953,-1.314928631340273,0,0,-2.502049212199972
4954,-0.7751738249455311,0,0,0.02435322587050992
4955,-1.9062456049681327,0,1,-0.2727317319431519
4956,-1.253528275655441,0,0,0.5190111529762369
4957,-0.531624421233861,0,0,1.729115755888271
4958,0.2965883398343435,1,1,4.741346518117165
4959,-1.2349593127964797,0,0,-2.363131577508102
4960,-0.9509784710334221,0,0,-1.6949758302047504
4961,0.2849820854911078,1,0,4.230223178973755
4962,-0.19855225786549058,0,0,2.804361804541699
4963,1.8328663904339235,1,0,-0.8237009509805934
4964,1.715359938318314,1,1,5.117959967757413
4965,0.179962603803145,1,1,2.8152007556981995
4966,-1.5666431304744064,0,0,-0.6681425133650218
4967,-0.6095485879118918,0,0,0.05098747498708356
4968,-1.7169125903854576,0,0,0.27708844181079295
4969,0.04195603016014493,1,1,2.7345830063634695
4970,-0.6598175559105455,0,1,4.832948761183843
4971,-0.8542755770927735,0,0,0.05879108455767801
4972,0.2475176887267877,1,1,5.27480050904922
4973,-0.5081238522620057,0,0,0.16799237366545483
4974,-0.5069286040245333,0,0,4.537943155249945
4975,0.985679788459306,1,1,3.7851058886371427
4976,0.29772255255921554,1,0,-1.4321350691540684
4977,-0.6791414936036699,0,0,3.884683291009692
4978,0.18903132558504288,1,1,2.4197157221501726
4979,-1.266617336588311,0,0,-1.0786629479046121
4980,0.446108671215959,1,1,4.549687086881518
4981,0.0063502534659414245,1,0,3.3368670264615115
4982,0.10492125888908266,1,0,3.152171373182138
4983,-1.0981833814469342,0,0,1.3211260802113791
4984,1.026618698010115,1,1,2.7283233658893677
4985,0.8220156413450233,1,1,2.0757369932684324
4986,1.6946357634537361,1,1,4.456901583481468
4987,1.7061318487477535,1,0,1.217600923340333
4988,0.8439342272764323,1,0,2.28454072574427
4989,-0.24196184595208647,0,0,1.8923361720270486
4990,0.44214094783041036,1,1,4.786482477469928
4991,-0.5286927126689931,0,0,2.5877884474174886
4992,0.16988436521800665,1,1,3.7001857390041133
4993,0.42203725125034763,1,0,2.81833926680818
4994,0.5084105529712697,1,1,3.722112265788333
4995,-0.6021664975454541,0,1,3.480465455068977
4996,1.0912397026300726,1,1,5.365421775493115
4997,0.3453316206845538,1,1,4.667899866880639
4998,1.3479617797262495,1,0,2.1479675680896597
4999,-0.3678886496177447,0,1,3.4821150007426604
5000,1.0945210156639589,1,1,2.6375808692586453
