true_tau,y0_truth,y1_truth,y_full_truth,p_observed_truth
1.0,-0.9965126830071975,0.0034873169928024694,0.0034873169928024694,0.6218034816092779
1.0,0.32191138327639934,1.3219113832763993,0.32191138327639934,0.5603224719590552
1.0,-0.9163641353016988,0.0836358646983012,0.0836358646983012,0.6066116021910627
1.0,-0.6185454845944146,0.3814545154055854,-0.6185454845944146,0.7300421403774598
1.0,-0.41541958880447494,0.5845804111955251,0.5845804111955251,0.5080832134587849
1.0,-0.29129780899384383,0.7087021910061562,0.7087021910061562,0.48326581416652853
1.0,0.2378632651548988,1.2378632651548989,1.2378632651548989,0.37982510925711377
1.0,-0.3942905591672031,0.6057094408327969,-0.3942905591672031,0.6932659161950154
1.0,-0.1612946019480055,0.8387053980519945,0.8387053980519945,0.45736272286382595
1.0,-0.7153438963587371,0.2846561036412629,0.2846561036412629,0.5676513574080038
1.0,1.777837847874428,2.777837847874428,2.777837847874428,0.15157896854043584
1.0,2.6356394961957026,3.6356394961957026,2.6356394961957026,0.166795361322184
1.0,1.660720207950066,2.660720207950066,2.660720207950066,0.1640255055294093
1.0,1.0946494223675367,2.094649422367537,2.094649422367537,0.23582270737387254
1.0,-1.2341547848977648,-0.23415478489776476,-1.2341547848977648,0.8156762539819523
1.0,2.245193496822981,3.245193496822981,2.245193496822981,0.21481286950077416
1.0,1.2558918459498454,2.2558918459498454,1.2558918459498454,0.3764336253074845
1.0,-0.19807633040414768,0.8019236695958523,-0.19807633040414768,0.6589146032179279
1.0,1.945811712696681,2.945811712696681,1.945811712696681,0.25795028491538097
1.0,-0.1852087172465584,0.8147912827534416,-0.1852087172465584,0.6565972756065667
1.0,3.0586464823361807,4.058646482336181,4.058646482336181,0.06026099223866068
1.0,-1.0830303689613878,-0.08303036896138782,-1.0830303689613878,0.7968018303194254
1.0,-0.5696129547381793,0.4303870452618207,-0.5696129547381793,0.7222581149913422
1.0,0.5855040314139964,1.5855040314139965,0.5855040314139964,0.507898536598731
1.0,2.1759686472321937,3.1759686472321937,3.1759686472321937,0.11498784850747876
1.0,1.1336081319648712,2.133608131964871,1.1336081319648712,0.39965891314812957
1.0,1.5287663266704583,2.5287663266704583,1.5287663266704583,0.3267298316743921
1.0,-0.9263628328784215,0.07363716712157853,-0.9263628328784215,0.7757537338818188
1.0,0.11588609080916923,1.1158860908091692,0.11588609080916923,0.6004381644872522
1.0,-0.26974397321603494,0.7302560267839651,0.7302560267839651,0.47896122437671396
1.0,-0.12128632693895541,0.8787136730610445,0.8787136730610445,0.44943075558181456
1.0,1.6492495461207926,2.6492495461207923,2.6492495461207923,0.1652876842426645
1.0,0.5838819324494532,1.583881932449453,0.5838819324494532,0.5082228720636073
1.0,1.4410783812540444,2.4410783812540444,1.4410783812540444,0.3423447235642065
1.0,1.6139639451085648,2.613963945108565,1.6139639451085648,0.31191725482999927
1.0,-0.8428311354595224,0.15716886454047763,-0.8428311354595224,0.7639150525909432
1.0,0.7856704052937248,1.785670405293725,0.7856704052937248,0.4679100881352203
1.0,0.08222997999128312,1.0822299799912831,0.08222997999128312,0.6068799634594193
1.0,1.3202735330758693,2.320273533075869,2.320273533075869,0.20485552934248433
1.0,1.2762503594193197,2.2762503594193197,1.2762503594193197,0.37261836277009186
1.0,-1.3014839697941012,-0.3014839697941012,-1.3014839697941012,0.8236372393832342
1.0,3.1317100159766107,4.13171001597661,4.13171001597661,0.05703478697494414
1.0,-1.5165187034829466,-0.5165187034829466,-1.5165187034829466,0.8472528148534181
1.0,1.635384620743808,2.635384620743808,2.635384620743808,0.16682370023264925
1.0,0.3241196927462333,1.3241196927462333,0.3241196927462333,0.5598871922694743
1.0,1.2566419685701709,2.256641968570171,1.2566419685701709,0.37629277391922095
1.0,2.2226960810949743,3.2226960810949743,2.2226960810949743,0.2178641292804251
1.0,1.911308315831407,2.9113083158314073,2.9113083158314073,0.1383518831393927
1.0,1.0939442749569452,2.0939442749569452,1.0939442749569452,0.4072958802015779
1.0,-1.3246453226321986,-0.3246453226321986,-1.3246453226321986,0.8263126340963151
1.0,0.2843017974434835,1.2843017974434834,1.2843017974434834,0.3711138294446122
1.0,-0.8333911595523331,0.16660884044766688,-0.8333911595523331,0.7625503481083902
1.0,2.5446982640204805,3.5446982640204805,3.5446982640204805,0.08820443076570104
1.0,-0.04752419653557055,0.9524758034644294,-0.04752419653557055,0.6313515495780149
1.0,-1.1153916211380444,-0.11539162113804435,-1.1153916211380444,0.8009612910396711
1.0,1.435524932394514,2.435524932394514,2.435524932394514,0.19024485698979793
1.0,-0.07292142065659762,0.9270785793434024,-0.07292142065659762,0.6360676985270474
1.0,-0.5759262077560449,0.42407379224395514,-0.5759262077560449,0.7232701343737268
1.0,-2.4294614305934306,-1.4294614305934306,-1.4294614305934306,0.8380200066174259
1.0,0.5527553326195989,1.5527553326195989,1.5527553326195989,0.3225223196335168
1.0,0.43980369867216673,1.4398036986721667,0.43980369867216673,0.5369716561055101
1.0,0.38035016897759105,1.380350168977591,0.38035016897759105,0.5487743685242863
1.0,-0.06718858922729645,0.9328114107727036,-0.06718858922729645,0.6350053832058742
1.0,0.48950550911345203,1.4895055091134521,1.4895055091134521,0.3336762599459135
1.0,0.13831685556181467,1.1383168555618146,1.1383168555618146,0.3987554381954811
1.0,0.46588951300285697,1.4658895130028569,1.4658895130028569,0.3378899320215546
1.0,1.2103212153762917,2.2103212153762914,2.2103212153762914,0.21955577569119983
1.0,2.216828020243391,3.216828020243391,2.216828020243391,0.2186651197051242
1.0,0.24532579925397546,1.2453257992539755,1.2453257992539755,0.3784198339821923
1.0,1.1919616253429999,2.1919616253429997,1.1919616253429999,0.38851246882704477
1.0,0.830675892171438,1.830675892171438,1.830675892171438,0.2759699900288562
1.0,1.161260246287687,2.161260246287687,2.161260246287687,0.22635506158770366
1.0,0.16217281317440202,1.162172813174402,1.162172813174402,0.3941888366543018
1.0,1.2094710804154654,2.209471080415465,2.209471080415465,0.21967233512409903
1.0,-0.6678339813403413,0.33216601865965867,-0.6678339813403413,0.7377423419046548
1.0,0.262777241488792,1.262777241488792,0.262777241488792,0.5719418334193129
1.0,-1.7571392137879263,-0.7571392137879263,-0.7571392137879263,0.7513287141997739
1.0,2.3523619607704394,3.3523619607704394,2.3523619607704394,0.20070569819579542
1.0,2.7583838994631327,3.7583838994631327,2.7583838994631327,0.1535913054371947
1.0,2.3078857876665415,3.3078857876665415,2.3078857876665415,0.20647452086203105
1.0,1.2567995577605156,2.2567995577605156,1.2567995577605156,0.37626318587278335
1.0,1.2913555248938433,2.2913555248938433,1.2913555248938433,0.3697977838226987
1.0,1.0949268969509252,2.094926896950925,2.094926896950925,0.2357827066845366
1.0,2.4329927847207586,3.4329927847207586,3.4329927847207586,0.09566094553618781
1.0,0.0578567066589295,1.0578567066589295,0.0578567066589295,0.6115220577835864
1.0,-1.677165368416783,-0.6771653684167831,-1.677165368416783,0.8631534540840968
1.0,0.5876201931754684,1.5876201931754683,1.5876201931754683,0.31645830647272466
1.0,-2.3933908641669555,-1.3933908641669555,-2.3933908641669555,0.917942361394368
1.0,-0.5811447691447765,0.41885523085522347,-0.5811447691447765,0.7241049529269856
1.0,-1.273091406897046,-0.27309140689704603,-0.27309140689704603,0.6722707003263488
1.0,0.4624437958764162,1.4624437958764163,1.4624437958764163,0.3385069089049904
1.0,0.4984729869868356,1.4984729869868356,1.4984729869868356,0.3320831302118929
1.0,0.30093596682003254,1.3009359668200324,1.3009359668200324,0.36801341567235807
1.0,0.9527071562817264,1.9527071562817264,0.9527071562817264,0.4348313997383538
1.0,1.5849196688035703,2.58491966880357,1.5849196688035703,0.31692581729906305
1.0,-0.2652959635711658,0.7347040364288342,0.7347040364288342,0.47807326491967345
1.0,0.9747761904096335,1.9747761904096335,0.9747761904096335,0.43049767252952403
1.0,0.9351927693659434,1.9351927693659434,0.9351927693659434,0.43827786160647475
1.0,-1.4478325994366885,-0.4478325994366885,-1.4478325994366885,0.840005107529923
1.0,1.5957761354726654,2.5957761354726654,2.5957761354726654,0.17127457629079387
1.0,-0.4800066756216852,0.5199933243783148,0.5199933243783148,0.5209889934783276
1.0,1.6872582160835712,2.6872582160835714,2.6872582160835714,0.1611350935197192
1.0,1.1868579084987334,2.1868579084987334,1.1868579084987334,0.3894829033954591
1.0,0.5305203018513783,1.5305203018513782,1.5305203018513782,0.32642123876458917
1.0,0.03513746601295353,1.0351374660129535,0.03513746601295353,0.6158310028114249
1.0,-0.9346185071769482,0.06538149282305183,0.06538149282305183,0.6100910137819359
1.0,0.8321267015317098,1.8321267015317098,0.8321267015317098,0.4586691845931235
1.0,-1.4464213543652487,-0.44642135436524866,-0.44642135436524866,0.7020621622007345
1.0,2.6438806320291195,3.6438806320291195,3.6438806320291195,0.08202813034707136
1.0,1.208226741380325,2.208226741380325,1.208226741380325,0.3854257005166083
1.0,1.567522010480026,2.567522010480026,1.567522010480026,0.31994651497945575
1.0,-0.3323453619334924,0.6676546380665076,-0.3323453619334924,0.6826281780241198
1.0,-1.8630315396011425,-0.8630315396011425,-0.8630315396011425,0.76681710794993
1.0,1.2201260135224867,2.2201260135224867,2.2201260135224867,0.2182146827843014
1.0,2.0769232468000425,3.0769232468000425,2.0769232468000425,0.23838782640436923
1.0,-0.8211151353542864,0.17888486464571363,0.17888486464571363,0.5882878934698619
1.0,1.7351710436320367,2.735171043632037,1.7351710436320367,0.2914944688944337
1.0,0.28061898929245865,1.2806189892924587,0.28061898929245865,0.5684438250913825
1.0,1.6183011142153205,2.6183011142153205,2.6183011142153205,0.16873195751507544
1.0,-0.2431509018719077,0.7568490981280923,-0.2431509018719077,0.6669718280795368
1.0,-1.2657100492297957,-0.2657100492297957,-0.2657100492297957,0.6709683541231584
1.0,-0.31102513464685383,0.6889748653531462,-0.31102513464685383,0.6789215522198463
1.0,-0.3391722370017274,0.6608277629982726,0.6608277629982726,0.4928349379151559
1.0,0.20327878396057208,1.203278783960572,1.203278783960572,0.3863637536693567
1.0,-0.9448425717469457,0.05515742825305425,0.05515742825305425,0.6120349326470892
1.0,0.22842752585211556,1.2284275258521156,0.22842752585211556,0.5786558557331847
1.0,-0.007913789227673662,0.9920862107723263,0.9920862107723263,0.427105881016042
1.0,1.405660988840212,2.405660988840212,1.405660988840212,0.3487521506030742
1.0,1.849816427442903,2.849816427442903,1.849816427442903,0.2729209244770381
1.0,-1.229866479197593,-0.22986647919759307,-0.22986647919759307,0.664607060944522
1.0,-0.786045464929435,0.21395453507056506,-0.786045464929435,0.75562409173469
1.0,-1.0372077265619246,-0.037207726561924614,-0.037207726561924614,0.6294285758051577
1.0,1.1711956153879914,2.171195615387991,2.171195615387991,0.22496619656473502
1.0,1.3928360103599182,2.392836010359918,1.3928360103599182,0.3510860410949358
1.0,0.5259847977288269,1.5259847977288268,0.5259847977288269,0.5197926923225393
1.0,2.0588348447709217,3.0588348447709217,3.0588348447709217,0.12487342860026777
1.0,-0.36274447253157893,0.6372555274684211,0.6372555274684211,0.49754891414084856
1.0,-1.649716979887469,-0.6497169798874689,-0.6497169798874689,0.7349284940106195
1.0,-1.1333236110083553,-0.13332361100835532,-1.1333236110083553,0.8032384277964615
1.0,-0.5383773802838823,0.46162261971611773,-0.5383773802838823,0.7172176649440276
1.0,2.085812685725962,3.085812685725962,2.085812685725962,0.23709906292371863
1.0,-0.8975672528239247,0.10243274717607531,0.10243274717607531,0.6030174481738912
1.0,1.1037073682615306,2.1037073682615306,2.1037073682615306,0.2345193396056363
1.0,-0.20523967931749815,0.7947603206825018,0.7947603206825018,0.46610002378551785
1.0,1.877063099018661,2.877063099018661,2.877063099018661,0.14165027189231386
1.0,0.5314560985697688,1.5314560985697687,0.5314560985697688,0.5187000539484067
1.0,0.5408521842822601,1.5408521842822602,1.5408521842822602,0.32460651250245043
1.0,-0.8063444660009847,0.19365553399901525,-0.8063444660009847,0.7586103010945016
1.0,-2.3355788759533134,-1.3355788759533134,-1.3355788759533134,0.8275644007417702
1.0,1.7342962714259889,2.734296271425989,1.7342962714259889,0.2916390201551092
1.0,0.3688880247602294,1.3688880247602295,1.3688880247602295,0.3554631477072818
1.0,0.6234366023393549,1.623436602339355,0.6234366023393549,0.5003126794913687
1.0,1.5155448757276029,2.5155448757276027,1.5155448757276029,0.32906081879558857
1.0,-0.16536877984652867,0.8346312201534714,-0.16536877984652867,0.6530096696052905
1.0,-0.3897996626220201,0.6102003373779799,0.6102003373779799,0.5029598979481388
1.0,0.45649859476926596,1.456498594769266,0.45649859476926596,0.5336493419931764
1.0,1.2183288662576364,2.2183288662576364,1.2183288662576364,0.3835131475465034
1.0,1.7687788643430735,2.7687788643430737,1.7687788643430735,0.28597305809423273
1.0,0.47453975938476245,1.4745397593847624,1.4745397593847624,0.33634348429864097
1.0,0.9202112307277996,1.9202112307277996,1.9202112307277996,0.2618898670321377
1.0,-0.6297871622039096,0.3702128377960904,-0.6297871622039096,0.731810882575354
1.0,-0.7106777538488065,0.2893222461511935,0.2893222461511935,0.5667349830024938
1.0,0.8355393102173279,1.8355393102173279,1.8355393102173279,0.27519325823445595
1.0,0.5161590654698265,1.5161590654698265,0.5161590654698265,0.5217544440698391
1.0,0.5141875635503914,1.5141875635503914,0.5141875635503914,0.5221479844494937
1.0,-0.9172870576360967,0.08271294236390325,0.08271294236390325,0.6067877808088711
1.0,0.9633890919604495,1.9633890919604495,0.9633890919604495,0.43273248675039155
1.0,2.4478764330862526,3.4478764330862526,2.4478764330862526,0.18872729795932383
1.0,0.17086064069733164,1.1708606406973316,1.1708606406973316,0.39253031267950456
1.0,0.5866995594710996,1.5866995594710995,1.5866995594710995,0.3166176436279891
1.0,-0.13352230114240893,0.8664776988575911,0.8664776988575911,0.4518540983126827
1.0,-0.07934232570173116,0.9206576742982688,-0.07934232570173116,0.6372559429501911
1.0,0.06320314712566555,1.0632031471256655,0.06320314712566555,0.6105054820050821
1.0,2.261876097519222,3.261876097519222,2.261876097519222,0.21257037727701308
1.0,0.7996694165549001,1.7996694165549,1.7996694165549,0.28095376673128913
1.0,0.6423495302809985,1.6423495302809985,1.6423495302809985,0.3070643880375032
1.0,-0.2967251083616962,0.7032748916383038,-0.2967251083616962,0.6764226878736569
1.0,-0.5746805176574192,0.42531948234258077,0.42531948234258077,0.539851394638597
1.0,2.724016762567201,3.724016762567201,2.724016762567201,0.15719965445544365
1.0,-0.6662821082851661,0.3337178917148339,-0.6662821082851661,0.7375020676623163
1.0,2.6554902078464058,3.6554902078464058,3.6554902078464058,0.08133148337141081
1.0,1.8349189755499569,2.834918975549957,2.834918975549957,0.14579929738233446
1.0,1.6642471753621826,2.6642471753621826,1.6642471753621826,0.303349606480928
1.0,1.7611790044229512,2.761179004422951,2.761179004422951,0.15330083736605815
1.0,-3.107078364785803,-2.107078364785803,-2.107078364785803,0.8989546072652793
1.0,0.7957569356419196,1.7957569356419196,1.7957569356419196,0.28158651563007275
1.0,1.6816023563527511,2.681602356352751,1.6816023563527511,0.30042352543397427
1.0,0.07318966163383872,1.0731896616338388,1.0731896616338388,0.4113101965906225
1.0,1.7662501246250908,2.766250124625091,2.766250124625091,0.1527749938313305
1.0,0.6872093617115959,1.687209361711596,1.687209361711596,0.29948163421146184
1.0,-0.2861910271450243,0.7138089728549757,0.7138089728549757,0.482245673012768
1.0,0.9189836026425631,1.918983602642563,0.9189836026425631,0.4414728066814824
1.0,1.825775530645501,2.825775530645501,2.825775530645501,0.14671265304018127
1.0,0.8941619792839364,1.8941619792839364,1.8941619792839364,0.26593813887166595
1.0,0.5763303898641408,1.5763303898641408,0.5763303898641408,0.5097326925046388
1.0,-0.393940877867457,0.606059122132543,-0.393940877867457,0.6932064256759093
1.0,2.0768112368500584,3.0768112368500584,3.0768112368500584,0.12331031920705551
1.0,1.2085129590963308,2.208512959096331,2.208512959096331,0.21980375352164455
1.0,1.3297949263470297,2.32979492634703,1.3297949263470297,0.3626603623861398
1.0,-1.0931524367337957,-0.0931524367337957,-0.0931524367337957,0.6398059352828025
1.0,0.6084537181102239,1.6084537181102239,1.6084537181102239,0.3128641438159727
1.0,-1.6257908725317824,-0.6257908725317824,-0.6257908725317824,0.7311829564249649
1.0,0.46694123531047593,1.4669412353104758,0.46694123531047593,0.5315697005506927
1.0,-0.5694001406339807,0.4305998593660193,-0.5694001406339807,0.7222239610651188
1.0,0.09657124203881431,1.0965712420388143,0.09657124203881431,0.6041394405224084
1.0,1.218303689463705,2.218303689463705,2.218303689463705,0.21846349141664126
1.0,-0.7997905345007819,0.20020946549921814,0.20020946549921814,0.584149817021945
1.0,2.2982904856315782,3.2982904856315782,3.2982904856315782,0.1053982713206628
1.0,1.0590078929225042,2.059007892922504,1.0590078929225042,0.4140600461107503
1.0,-0.6926631620812209,0.3073368379187791,-0.6926631620812209,0.7415672850758506
1.0,1.3909381481748517,2.3909381481748517,1.3909381481748517,0.3514320230575041
1.0,0.9164242075575458,1.916424207557546,1.916424207557546,0.26247592541871406
1.0,0.17091304745825453,1.1709130474582545,1.1709130474582545,0.39252031559967127
1.0,-0.6364666543842641,0.3635333456157359,-0.6364666543842641,0.7328583361570609
1.0,1.4056515631081918,2.405651563108192,1.4056515631081918,0.34875386325365887
1.0,-1.2807068292321495,-0.2807068292321495,-1.2807068292321495,0.821209784723018
1.0,-0.27873350570217936,0.7212664942978206,0.7212664942978206,0.4807562114945932
1.0,1.1527125353796412,2.1527125353796412,1.1527125353796412,0.3959975982068621
1.0,0.9585611636980247,1.9585611636980247,0.9585611636980247,0.4336808408310797
1.0,0.9493909349020361,1.949390934902036,0.9493909349020361,0.4354834893203987
1.0,1.7171883453224763,2.7171883453224766,1.7171883453224763,0.2944744640687839
1.0,1.4305307641193137,2.4305307641193137,2.4305307641193137,0.19086110712165877
1.0,0.16452278207379423,1.1645227820737942,0.16452278207379423,0.5910679002678625
1.0,0.5277006444744531,1.5277006444744532,1.5277006444744532,0.32691740021133564
1.0,1.157005193901041,2.157005193901041,2.157005193901041,0.2269517273400054
1.0,0.7204031107050509,1.720403110705051,1.720403110705051,0.293940428833456
1.0,0.4709110261567216,1.4709110261567215,0.4709110261567216,0.5307788289342201
1.0,0.9975407906781355,1.9975407906781355,1.9975407906781355,0.25010870127284623
1.0,1.7710876631466024,2.771087663146602,1.7710876631466024,0.28559605577560393
1.0,-0.08107253342073995,0.91892746657926,-0.08107253342073995,0.637575847090988
1.0,1.4040700705011637,2.404070070501164,2.404070070501164,0.19415164410363053
1.0,0.5094413961137114,1.5094413961137114,1.5094413961137114,0.3301397371698209
1.0,0.467919359827439,1.467919359827439,0.467919359827439,0.5313748507189171
1.0,1.5303528389489864,2.5303528389489864,2.5303528389489864,0.17883179855240877
1.0,-1.4146795168182873,-0.4146795168182873,-1.4146795168182873,0.8364083563536315
1.0,-0.42853753360199764,0.5714624663980024,-0.42853753360199764,0.6990609173930028
1.0,1.2067512070843867,2.2067512070843867,1.2067512070843867,0.38570534937509604
1.0,-0.3613457499965235,0.6386542500034764,-0.3613457499965235,0.687633024315529
1.0,0.8812985936556448,1.8812985936556448,0.8812985936556448,0.44891911337710066
1.0,2.375939094967518,3.375939094967518,2.375939094967518,0.19769692235481987
1.0,2.363096076573054,3.363096076573054,2.363096076573054,0.1993316395774188
1.0,0.507774947742164,1.507774947742164,0.507774947742164,0.5234278429043043
1.0,0.8189597865140297,1.8189597865140297,1.8189597865140297,0.27784671831310565
1.0,0.5288166757311998,1.5288166757311998,0.5288166757311998,0.5192271791181882
1.0,0.6837423323606392,1.683742332360639,0.6837423323606392,0.4882536951828748
1.0,1.5330634130366971,2.533063413036697,2.533063413036697,0.17851357991459657
1.0,0.09908185574860617,1.0990818557486062,0.09908185574860617,0.6036589995823177
1.0,1.166960254075668,2.166960254075668,2.166960254075668,0.22555751695145093
1.0,0.2573540657432478,1.2573540657432478,1.2573540657432478,0.3761590819605434
1.0,0.9173716751041011,1.9173716751041012,0.9173716751041011,0.4417907989060246
1.0,0.07913511279641616,1.0791351127964162,0.07913511279641616,0.6074704973846371
1.0,1.6612746565598018,2.6612746565598018,1.6612746565598018,0.30385238400530173
1.0,1.1672529839322645,2.1672529839322645,1.1672529839322645,0.39321872309969486
1.0,2.0717168299309,3.0717168299309,2.0717168299309,0.23914486798644088
1.0,0.7652526056041528,1.7652526056041529,1.7652526056041529,0.28654943409155176
1.0,0.020099243199987904,1.0200992431999878,0.020099243199987904,0.6186732402782029
1.0,-1.4523227883898286,-0.45232278838982864,-1.4523227883898286,0.8404872907372721
1.0,0.2194917699921557,1.2194917699921557,1.2194917699921557,0.38329321437610525
1.0,0.07612003931697109,1.076120039316971,0.07612003931697109,0.6080455036890651
1.0,1.19966429409883,2.19966429409883,1.19966429409883,0.38704953681090165
1.0,-1.769798485350671,-0.769798485350671,-0.769798485350671,0.7532160388740443
1.0,-0.17615408683241607,0.8238459131675839,-0.17615408683241607,0.6549621371003342
1.0,-0.7255977444854917,0.27440225551450825,-0.7255977444854917,0.7465844667460682
1.0,-0.46305385644445496,0.536946143555545,0.536946143555545,0.517603492511871
1.0,0.7564112006804118,1.7564112006804118,1.7564112006804118,0.287997635860138
1.0,2.4376505621604725,3.4376505621604725,2.4376505621604725,0.18998302937733383
1.0,0.9812846044801385,1.9812846044801384,1.9812846044801384,0.2525557538765935
1.0,1.299829076737762,2.299829076737762,2.299829076737762,0.20753254607333627
1.0,0.11455901129501067,1.1145590112950106,1.1145590112950106,0.4033208316307183
1.0,0.3514955137294975,1.3514955137294975,0.3514955137294975,0.5544837031755795
1.0,2.3063551291376854,3.3063551291376854,3.3063551291376854,0.10479148939944442
1.0,0.395417235738573,1.395417235738573,1.395417235738573,0.35061573250467276
1.0,0.6576601601787457,1.6576601601787457,0.6576601601787457,0.49346833954568564
1.0,2.7972013132275437,3.7972013132275437,2.7972013132275437,0.1495975460610479
1.0,2.181217823582917,3.181217823582917,2.181217823582917,0.22357133096589157
1.0,-0.1906552835050116,0.8093447164949884,-0.1906552835050116,0.6575790657585561
1.0,-0.1916565653932718,0.8083434346067282,0.8083434346067282,0.46339691121797255
1.0,0.4941425227875904,1.4941425227875904,0.4941425227875904,0.5261476201516617
1.0,-0.14378103850763174,0.8562189614923683,0.8562189614923683,0.4538876138496609
1.0,-0.7173006096469963,0.28269939035300373,0.28269939035300373,0.5680354950658427
1.0,0.9754198956909588,1.9754198956909588,0.9754198956909588,0.4303714235672036
1.0,0.03862707217730106,1.038627072177301,1.038627072177301,0.41802125212683866
1.0,-0.2865567173701994,0.7134432826298006,-0.2865567173701994,0.6746396532387382
1.0,0.6896291723126494,1.6896291723126495,0.6896291723126494,0.4870770442508382
1.0,0.45294351405810385,1.452943514058104,0.45294351405810385,0.5343570696558259
1.0,0.6842593124416114,1.6842593124416114,0.6842593124416114,0.4881503567347217
1.0,0.34261567830933914,1.3426156783093393,0.34261567830933914,0.5562378962829186
1.0,2.2019247699587448,3.2019247699587448,2.2019247699587448,0.2207089353671922
1.0,-0.32594572418474926,0.6740542758152508,-0.32594572418474926,0.6815179728112508
1.0,2.186178784118222,3.186178784118222,2.186178784118222,0.22288315948635887
1.0,2.083562687547196,3.083562687547196,2.083562687547196,0.23742480629603893
1.0,-1.2774833866693336,-0.2774833866693336,-0.2774833866693336,0.6730443538927572
1.0,-1.333674040868045,-0.333674040868045,-1.333674040868045,0.8273468338263995
1.0,1.986000617432551,2.986000617432551,1.986000617432551,0.25184422049317584
1.0,-1.45002521382939,-0.4500252138293901,-1.45002521382939,0.8402407107630145
1.0,-0.10653655736670697,0.893463442633293,-0.10653655736670697,0.642269766054248
1.0,-1.7423026696465362,-0.7423026696465362,-1.7423026696465362,0.8691929880801124
1.0,2.147921632219023,3.147921632219023,2.147921632219023,0.22822918622637295
1.0,-0.37463600646794776,0.6253639935320523,-0.37463600646794776,0.689912188285257
1.0,0.40095948179904783,1.4009594817990478,1.4009594817990478,0.34960689623757574
1.0,-0.6397919058027135,0.3602080941972865,0.3602080941972865,0.5527612303921645
1.0,1.4094420011510476,2.4094420011510476,1.4094420011510476,0.34806545810729445
1.0,1.2560454827915026,2.2560454827915026,2.2560454827915026,0.21335218632238903
1.0,0.5100103900809154,1.5100103900809154,0.5100103900809154,0.5229817174267559
1.0,1.0897827321092721,2.0897827321092723,1.0897827321092721,0.4080998245342993
1.0,0.5254993693819909,1.525499369381991,1.525499369381991,0.32730501736518347
1.0,0.6481459822042444,1.6481459822042444,1.6481459822042444,0.3060785957800119
1.0,1.6731135394041616,2.6731135394041616,1.6731135394041616,0.3018527274909515
1.0,0.6288822373327614,1.6288822373327614,0.6288822373327614,0.49922355315757694
1.0,-2.7806145180319715,-1.7806145180319715,-1.7806145180319715,0.8726384703651068
1.0,1.7371643938104762,2.737164393810476,2.737164393810476,0.15581115176989696
1.0,1.2105068166563193,2.210506816656319,2.210506816656319,0.21953033437319078
1.0,1.753862617904378,2.753862617904378,1.753862617904378,0.28841589621398345
1.0,0.09385963283202642,1.0938596328320265,0.09385963283202642,0.6046581190150232
1.0,-1.1658330810043562,-0.16583308100435623,-0.16583308100435623,0.653093828893041
1.0,1.2089433790099322,2.2089433790099324,1.2089433790099322,0.38528990791074463
1.0,-0.17796446525066828,0.8220355347493318,0.8220355347493318,0.46067428560577245
1.0,-0.3172455770689287,0.6827544229310714,0.6827544229310714,0.4884511698457737
1.0,1.6800168778185973,2.6800168778185975,1.6800168778185973,0.30069016793912123
1.0,0.9040786392890782,1.9040786392890783,1.9040786392890783,0.26439231242351463
1.0,0.502178383803944,1.502178383803944,1.502178383803944,0.33142596055946244
1.0,-1.4317721034094164,-0.4317721034094164,-0.4317721034094164,0.699605014279162
1.0,-0.44200378847675487,0.5579962115232451,0.5579962115232451,0.5133975499341245
1.0,-0.4924046511588198,0.5075953488411802,-0.4924046511588198,0.7096992266660369
1.0,-1.8572728163629888,-0.8572728163629888,-1.8572728163629888,0.8793000259819379
1.0,-0.4408680608697544,0.5591319391302456,-0.4408680608697544,0.7011320589461643
1.0,1.164714504431329,2.1647145044313287,2.1647145044313287,0.2258715040986242
1.0,0.39097890984430983,1.3909789098443097,0.39097890984430983,0.5466679875678047
1.0,0.3995835033308994,1.3995835033308994,0.3995835033308994,0.5449615193733262
1.0,-0.3571707099436565,0.6428292900563435,0.6428292900563435,0.4964342024423134
1.0,1.270441883635505,2.270441883635505,1.270441883635505,0.3737053003039712
1.0,0.843514221528646,1.843514221528646,0.843514221528646,0.45640810964128936
1.0,0.3853600348664745,1.3853600348664745,1.3853600348664745,0.35244982073904546
1.0,-0.6575036672407724,0.34249633275922764,0.34249633275922764,0.5562614633029519
1.0,1.0034343923231919,2.003434392323192,2.003434392323192,0.24922544711818193
1.0,0.060179386603884985,1.0601793866038849,1.0601793866038849,0.4138326875210509
1.0,1.8816240086726497,2.8816240086726497,1.8816240086726497,0.2679008106365215
1.0,0.8955099079427608,1.8955099079427606,0.8955099079427608,0.4461081779998157
1.0,1.5111440817523274,2.5111440817523274,2.5111440817523274,0.18109960640249104
1.0,0.17895988562709694,1.1789598856270969,1.1789598856270969,0.39098637949307274
1.0,0.09453574809567514,1.0945357480956752,1.0945357480956752,0.4071816571080209
1.0,1.2345951761886136,2.2345951761886136,2.2345951761886136,0.2162464077983863
1.0,0.047246567092383174,1.0472465670923832,1.0472465670923832,0.4163446495144348
1.0,0.7249193154017024,1.7249193154017024,0.7249193154017024,0.4800267709933037
1.0,0.5654072087615805,1.5654072087615805,1.5654072087615805,0.3203147391633537
1.0,-0.3070766592926282,0.6929233407073718,0.6929233407073718,0.48641867348284445
1.0,-0.24527771710623847,0.7547222828937615,-0.24527771710623847,0.6673496479069638
1.0,0.12958143187346927,1.1295814318734694,0.12958143187346927,0.5978067518792001
1.0,0.9064665015452407,1.9064665015452407,1.9064665015452407,0.26402094929177394
1.0,1.230456327749085,2.230456327749085,2.230456327749085,0.21680810955757462
1.0,2.1675445668739806,3.1675445668739806,2.1675445668739806,0.22547587260058785
1.0,1.3376731436958433,2.3376731436958433,2.3376731436958433,0.20259746817785598
1.0,-0.19915175475996016,0.8008482452400398,-0.19915175475996016,0.6591079347595242
1.0,0.5771641440351555,1.5771641440351556,0.5771641440351555,0.5095660037766095
1.0,-1.1890340154697083,-0.18903401546970833,-0.18903401546970833,0.6572869588662993
1.0,1.071092219727281,2.071092219727281,2.071092219727281,0.2392358003971003
1.0,2.772064844956958,3.772064844956958,2.772064844956958,0.15217386416006945
1.0,0.20675694749151763,1.2067569474915176,0.20675694749151763,0.5828768536229759
1.0,3.1657749174631684,4.165774917463168,4.165774917463168,0.05558669948284516
1.0,0.20618697512494177,1.2061869751249419,0.20618697512494177,0.582987711987646
1.0,-1.2456997016355504,-0.24569970163555044,-1.2456997016355504,0.8170608161150568
1.0,0.1620873420543968,1.162087342054397,0.1620873420543968,0.5915387461900442
1.0,0.44646508858774114,1.446465088587741,0.44646508858774114,0.5356464045305996
1.0,2.910610598548589,3.910610598548589,3.910610598548589,0.06732730350680366
1.0,1.526138872639648,2.526138872639648,1.526138872639648,0.327192384476859
1.0,-1.510945239611703,-0.5109452396117029,-1.510945239611703,0.8466748869799117
1.0,0.2769001762894764,1.2769001762894763,0.2769001762894764,0.5691735017804621
1.0,1.3184516961466368,2.318451696146637,2.318451696146637,0.2050930383053439
1.0,0.5948568547590392,1.5948568547590392,1.5948568547590392,0.31520733524916794
1.0,-0.4988495360469365,0.5011504639530635,-0.4988495360469365,0.7107603293532666
1.0,1.1204768109108088,2.1204768109108088,1.1204768109108088,0.4021820453428678
1.0,1.2824778516532531,2.282477851653253,1.2824778516532531,0.37145444360794844
1.0,1.2615764560163398,2.26157645601634,2.26157645601634,0.2126105042470657
1.0,1.3617480704895228,2.361748070489523,1.3617480704895228,0.3567728882419762
1.0,-1.316143480372535,-0.3161434803725349,-0.3161434803725349,0.6798134841050177
1.0,-0.002365994002325289,0.9976340059976747,-0.002365994002325289,0.6229040418882748
1.0,-0.4685032138936043,0.5314967861063957,0.5314967861063957,0.5186919278186213
1.0,-0.757945841987989,0.24205415801201102,0.24205415801201102,0.5759957182900112
1.0,-1.0399832057775815,-0.03998320577758152,-0.03998320577758152,0.6299463273225916
1.0,-0.021859726212764996,0.978140273787235,-0.021859726212764996,0.626560138088618
1.0,2.661934341150297,3.661934341150297,2.661934341150297,0.16389236232714738
1.0,1.808862710330535,2.8088627103305353,2.8088627103305353,0.14841458884823633
1.0,1.302313353893961,2.302313353893961,1.302313353893961,0.3677571713224089
1.0,0.05341134165765288,1.053411341657653,1.053411341657653,0.41514670521650215
1.0,1.0865489533721782,2.086548953372178,2.086548953372178,0.2369925367248098
1.0,2.7932389860575575,3.7932389860575575,3.7932389860575575,0.07346850764400956
1.0,1.1953774364223808,2.1953774364223806,2.1953774364223806,0.2216111479100999
1.0,-0.25129170236906173,0.7487082976309383,0.7487082976309383,0.47527851484760325
1.0,0.5085285407241199,1.5085285407241198,0.5085285407241199,0.5232774530842955
1.0,-1.0791037909578565,-0.07910379095785647,-0.07910379095785647,0.6372118298879584
1.0,-1.0996991978226274,-0.09969919782262737,-1.0996991978226274,0.7989523493505504
1.0,-0.2887109255345449,0.7112890744654551,0.7112890744654551,0.4827490350860879
1.0,1.2213014420667603,2.2213014420667605,2.2213014420667605,0.21805430559242658
1.0,0.22000335453646633,1.2200033545364664,1.2200033545364664,0.38319647650832117
1.0,-0.08755249444918445,0.9124475055508156,-0.08755249444918445,0.6387728653485254
1.0,0.7820079048029597,1.7820079048029598,0.7820079048029597,0.4686396391019847
1.0,1.9405741556852085,2.9405741556852085,2.9405741556852085,0.13558440263488086
1.0,-1.4687867265017527,-0.4687867265017527,-0.4687867265017527,0.7057911288807024
1.0,-0.1670767331183322,0.8329232668816677,-0.1670767331183322,0.6533192062721179
1.0,0.20241393803235258,1.2024139380323526,1.2024139380323526,0.386527801405946
1.0,0.5914086910326362,1.5914086910326362,0.5914086910326362,0.5067178575173013
1.0,1.5487024137569454,2.5487024137569456,2.5487024137569456,0.17668623013617282
1.0,1.051941389844527,2.0519413898445267,2.0519413898445267,0.24203532191798746
1.0,-0.8668153012385506,0.13318469876144945,-0.8668153012385506,0.7673579261313649
1.0,1.956364489213289,2.956364489213289,1.956364489213289,0.25633764791399755
1.0,1.173729480773732,2.1737294807737317,2.1737294807737317,0.22461295709185966
1.0,-0.18912496037604798,0.810875039623952,-0.18912496037604798,0.657303347737546
1.0,0.08381561870156903,1.083815618701569,1.083815618701569,0.40925343423308924
1.0,0.25783905665734363,1.2578390566573436,0.25783905665734363,0.572908747757913
1.0,-1.0943998302134967,-0.09439983021349674,-1.0943998302134967,0.7982705068940281
1.0,-1.1836908406865236,-0.18369084068652364,-0.18369084068652364,0.6563234262074142
1.0,1.1155988349752493,2.1155988349752493,1.1155988349752493,0.40312065827526083
1.0,2.025439326667966,3.025439326667966,2.025439326667966,0.24594609690206154
1.0,0.6893974284543231,1.6893974284543232,1.6893974284543232,0.2991145313652184
1.0,1.7177500273467308,2.7177500273467308,1.7177500273467308,0.2943811169804333
1.0,1.463194095349702,2.463194095349702,2.463194095349702,0.18685822938036356
1.0,0.42856379909585374,1.4285637990958537,0.42856379909585374,0.5392065868827745
1.0,0.47842212054211497,1.478422120542115,0.47842212054211497,0.5292820301596117
1.0,0.17000811031428226,1.1700081103142823,0.17000811031428226,0.5900068057297253
1.0,2.5599792295799957,3.5599792295799957,2.5599792295799957,0.17537772108176147
1.0,0.15970461820278659,1.1597046182027866,0.15970461820278659,0.5919992379435366
1.0,-0.10753742859503101,0.892462571404969,0.892462571404969,0.44671064378864744
1.0,-0.0007941646088714949,0.9992058353911285,0.9992058353911285,0.4257128026406486
1.0,-0.40816348058226987,0.5918365194177302,0.5918365194177302,0.5066323070905963
1.0,1.0632613041476273,2.0632613041476273,1.0632613041476273,0.41323473746002026
1.0,0.1616231158723294,1.1616231158723294,0.1616231158723294,0.5916284764470033
1.0,2.086780579626377,3.086780579626377,3.086780579626377,0.12245071852508375
1.0,0.6793544304574308,1.6793544304574308,1.6793544304574308,0.30080161691662
1.0,-2.4982770130429515,-1.4982770130429515,-1.4982770130429515,0.8453546235624506
1.0,0.6736554535013219,1.673655453501322,0.6736554535013219,0.49027013774978745
1.0,-0.2826526784465261,0.7173473215534739,0.7173473215534739,0.4815389315392021
1.0,-0.681233864572778,0.318766135427222,0.318766135427222,0.5609422711828432
1.0,0.023687102366121815,1.0236871023661218,1.0236871023661218,0.4209317397271696
1.0,0.5044243104537485,1.5044243104537485,0.5044243104537485,0.5240964567387858
1.0,2.0826880146236935,3.0826880146236935,3.0826880146236935,0.1228029719366125
1.0,1.2822119729553711,2.282211972955371,1.2822119729553711,0.3715041060100186
1.0,1.4231860563544525,2.4231860563544525,1.4231860563544525,0.3455746485717513
1.0,2.3788631812909697,3.3788631812909697,3.3788631812909697,0.09947330025906842
1.0,2.415508903212958,3.415508903212958,3.415508903212958,0.0968778313133903
1.0,-0.05977185474670277,0.9402281452532972,-0.05977185474670277,0.6336290824894455
1.0,0.8796390652070143,1.8796390652070143,0.8796390652070143,0.4492475771847833
1.0,3.6077069394514156,4.607706939451416,4.607706939451416,0.039689669571460806
1.0,0.13021259774538196,1.1302125977453819,1.1302125977453819,0.4003108473910695
1.0,-0.21710636940052175,0.7828936305994783,-0.21710636940052175,0.6623278220049557
1.0,0.6374216844790082,1.6374216844790082,0.6374216844790082,0.4975156835482004
1.0,0.5735930667631219,1.573593066763122,1.573593066763122,0.3188906844229666
1.0,0.10225304722196377,1.1022530472219638,0.10225304722196377,0.6030518619887789
1.0,-0.042467051094489505,0.9575329489055104,-0.042467051094489505,0.6304094227912392
1.0,-0.615065360655692,0.38493463934430805,0.38493463934430805,0.547866037923931
1.0,1.4203432454618357,2.4203432454618357,1.4203432454618357,0.34608915678535956
1.0,-0.39982851797704533,0.6001714820229547,-0.39982851797704533,0.6942072186330133
1.0,0.47852195978860745,1.4785219597886075,0.47852195978860745,0.5292621307484976
1.0,0.6561455736392443,1.6561455736392443,0.6561455736392443,0.4937712075205472
1.0,0.8421352358061998,1.8421352358061998,0.8421352358061998,0.45668182358364295
1.0,0.9650580462319072,1.9650580462319072,0.9650580462319072,0.43240476688376084
1.0,0.1962347353129481,1.196234735312948,0.1962347353129481,0.5849220391175566
1.0,0.6341399912448473,1.6341399912448473,1.6341399912448473,0.3084635892927545
1.0,0.1601699350331104,1.1601699350331103,0.1601699350331104,0.5919093222002875
1.0,2.305440793533377,3.305440793533377,3.305440793533377,0.10486012846771546
1.0,0.0007901380866882635,1.0007901380866882,1.0007901380866882,0.42540296580630005
1.0,1.3076855200955333,2.307685520095533,1.3076855200955333,0.36675846669377415
1.0,-0.9434184989902735,0.056581501009726476,0.056581501009726476,0.6117643833639094
1.0,-0.6363312999188763,0.36366870008112373,-0.6363312999188763,0.7328371361901048
1.0,0.9032705354152573,1.9032705354152573,0.9032705354152573,0.44457460207576316
1.0,2.4382722351767043,3.4382722351767043,2.4382722351767043,0.18990650602881037
1.0,0.4537196883058652,1.4537196883058652,1.4537196883058652,0.34007146758319834
1.0,0.4704370756390647,1.4704370756390648,1.4704370756390648,0.337076506892155
1.0,0.9319053638067603,1.9319053638067603,0.9319053638067603,0.43892542844207166
1.0,2.1512417680254643,3.1512417680254643,2.1512417680254643,0.22776167533903074
1.0,0.1589872512153489,1.158987251215349,1.158987251215349,0.39479758041990637
1.0,0.11142028942604654,1.1114202894260465,1.1114202894260465,0.4039252526565927
1.0,1.8847859398456168,2.884785939845617,1.8847859398456168,0.26740498244077204
1.0,0.8307809041356122,1.8307809041356122,1.8307809041356122,0.27595320434574006
1.0,-1.290566145400137,-0.2905661454001369,-1.290566145400137,0.822364921715953
1.0,-0.21751477216836668,0.7824852278316333,0.7824852278316333,0.46854455118326094
1.0,1.637458894748515,2.637458894748515,2.637458894748515,0.1665931791643385
1.0,0.33919645005644883,1.3391964500564488,1.3391964500564488,0.36092372626543845
1.0,0.37757820574995943,1.3775782057499595,0.37757820574995943,0.5493234260932109
1.0,-0.9282304122831135,0.07176958771688646,-0.9282304122831135,0.7760135339062352
1.0,-0.7264343559645868,0.27356564403541317,-0.7264343559645868,0.7467110727505099
1.0,0.14902374186029915,1.149023741860299,1.149023741860299,0.3967036532301676
1.0,0.15763433739044252,1.1576343373904425,1.1576343373904425,0.3950562138565052
1.0,0.4970399600453154,1.4970399600453155,0.4970399600453154,0.5255696827084854
1.0,1.30730206660641,2.30730206660641,2.30730206660641,0.2065510421404868
1.0,0.5135097179913213,1.5135097179913213,1.5135097179913213,0.32942037615318237
1.0,1.245862762216107,2.245862762216107,2.245862762216107,0.2147225762048526
1.0,1.887454688177688,2.887454688177688,1.887454688177688,0.26698694489832936
1.0,3.1460987219319443,4.146098721931944,4.146098721931944,0.05641885375739298
1.0,0.6782526845511314,1.6782526845511314,1.6782526845511314,0.30098702482009415
1.0,-1.493939470627704,-0.49393947062770405,-1.493939470627704,0.8449004415555996
1.0,0.056207868597104915,1.056207868597105,1.056207868597105,0.4146036113315069
1.0,0.6870548490285234,1.6870548490285233,0.6870548490285234,0.48759157848444035
1.0,1.8947682097411995,2.8947682097411995,2.8947682097411995,0.13993684994871344
1.0,1.0265524850189427,2.026552485018943,2.026552485018943,0.24578098020608855
1.0,0.36479457690492156,1.3647945769049215,0.36479457690492156,0.5518539733194665
1.0,0.014017329851395866,1.014017329851396,0.014017329851395866,0.6198204353719008
1.0,1.8452449942016056,2.8452449942016056,1.8452449942016056,0.2736472330648043
1.0,0.13221817837222466,1.1322181783722247,0.13221817837222466,0.597299476942598
1.0,0.6852290624810571,1.685229062481057,0.6852290624810571,0.48795651745173113
1.0,0.5005294885533316,1.5005294885533316,1.5005294885533316,0.3317183189807396
1.0,1.493239057760671,2.493239057760671,1.493239057760671,0.3330125071273047
1.0,-0.25583094132250184,0.7441690586774982,-0.25583094132250184,0.669221195321218
1.0,1.033663511695452,2.033663511695452,1.033663511695452,0.41898759137467884
1.0,1.0256233174357143,2.0256233174357146,2.0256233174357146,0.24591880007898936
1.0,-0.730828053388317,0.269171946611683,0.269171946611683,0.5706889112938117
1.0,1.4812722566913803,2.4812722566913803,2.4812722566913803,0.18467070547550077
1.0,2.6359128597924286,3.6359128597924286,2.6359128597924286,0.166764971044563
1.0,2.2387363130525006,3.2387363130525006,3.2387363130525006,0.10997572769884537
1.0,0.5790716680029696,1.5790716680029697,1.5790716680029697,0.3179394818008148
1.0,0.9913835353678189,1.9913835353678189,0.9913835353678189,0.4272434347676551
1.0,1.3102307463420382,2.310230746342038,2.310230746342038,0.20616732644364272
1.0,0.029200938423538103,1.029200938423538,1.029200938423538,0.419856926202262
1.0,1.6350799456885654,2.6350799456885654,1.6350799456885654,0.3083032081938351
1.0,0.8033374623885433,1.8033374623885434,1.8033374623885434,0.2803613367363267
1.0,-0.12246239377222934,0.8775376062277707,0.8775376062277707,0.4496635740122898
1.0,1.1554327564885116,2.1554327564885116,2.1554327564885116,0.22717250371700873
1.0,-0.6168503206989258,0.38314967930107424,-0.6168503206989258,0.7297747898612044
1.0,0.3127124022728114,1.3127124022728114,0.3127124022728114,0.5621346768931503
1.0,0.8739816260859431,1.8739816260859432,0.8739816260859431,0.45036766240045206
1.0,0.9413911155372928,1.941391115537293,0.9413911155372928,0.43705745907600607
1.0,0.7225806445275972,1.7225806445275973,0.7225806445275972,0.48049377611070143
1.0,-0.6836386609715579,0.3163613390284421,0.3163613390284421,0.5614160297166961
1.0,1.1557818203028107,2.1557818203028107,1.1557818203028107,0.39541045059261276
1.0,2.1494084305985393,3.1494084305985393,2.1494084305985393,0.2280197454773841
1.0,1.8595975682174641,2.859597568217464,2.859597568217464,0.14335763676605084
1.0,-1.0590894660465455,-0.059089466046545525,-0.059089466046545525,0.6335023436925594
1.0,0.1602942266364712,1.1602942266364713,1.1602942266364713,0.39454778484704933
1.0,1.0665808949079496,2.0665808949079496,1.0665808949079496,0.41259096048865546
1.0,0.014543292709028766,1.0145432927090288,0.014543292709028766,0.6197212787750477
1.0,0.1157285965904093,1.1157285965904093,0.1157285965904093,0.6004683919291641
1.0,1.3737178095695741,2.373717809569574,2.373717809569574,0.197978933301973
1.0,2.8004467767409866,3.8004467767409866,2.8004467767409866,0.14926754106255435
1.0,-1.3792138162591532,-0.3792138162591532,-0.3792138162591532,0.6906951198637494
1.0,-1.4350074845457788,-0.43500748454577876,-0.43500748454577876,0.7001486856584916
1.0,0.6425817866327489,1.642581786632749,0.6425817866327489,0.49648370064423064
1.0,1.7347866732117025,2.7347866732117025,1.7347866732117025,0.29155797878307166
1.0,0.8601380833984835,1.8601380833984835,0.8601380833984835,0.4531105691936731
1.0,-0.356786198534774,0.643213801465226,0.643213801465226,0.49635730415671386
1.0,-0.24659389996584402,0.753406100034156,-0.24659389996584402,0.667583354562459
1.0,0.3662661325185562,1.366266132518556,0.3662661325185562,0.5515628098720107
1.0,0.9897455944972695,1.9897455944972695,0.9897455944972695,0.427564117093392
1.0,-0.07528207525420405,0.924717924745796,0.924717924745796,0.44034196189169217
1.0,0.885826724800302,1.885826724800302,1.885826724800302,0.2672419025831574
1.0,0.8909433299384861,1.8909433299384861,0.8909433299384861,0.4470110600827511
1.0,-0.3433536503202874,0.6566463496797126,-0.3433536503202874,0.6845330317331613
1.0,0.7785017312368184,1.7785017312368185,1.7785017312368185,0.2843874368237128
1.0,-0.8120366759562784,0.18796332404372162,0.18796332404372162,0.5865276921335665
1.0,0.22171278648469273,1.2217127864846926,0.22171278648469273,0.579965013412658
1.0,1.340460758766625,2.340460758766625,2.340460758766625,0.20223743187688084
1.0,-0.526559803037856,0.473440196962144,-0.526559803037856,0.7152962939557383
1.0,0.40462409617691997,1.4046240961769199,1.4046240961769199,0.34894057687309643
1.0,-1.085344034064296,-0.08534403406429591,-1.085344034064296,0.7971013476492886
1.0,0.031490606766569784,1.0314906067665697,1.0314906067665697,0.419410823217814
1.0,0.9101943361786382,1.9101943361786382,1.9101943361786382,0.26344186122372726
1.0,0.4388917948232355,1.4388917948232356,0.4388917948232355,0.5371530347876204
1.0,1.4322167331832092,2.432216733183209,1.4322167331832092,0.34394262608109916
1.0,1.9500383607253893,2.9500383607253893,1.9500383607253893,0.25730359011342435
1.0,-0.15556728303342182,0.8444327169665782,0.8444327169665782,0.45622581269998735
1.0,1.4046929567586592,2.4046929567586592,1.4046929567586592,0.3489280619217961
1.0,1.6632404724896772,2.663240472489677,1.6632404724896772,0.30351982953600676
1.0,-0.008525837213399445,0.9914741627866006,-0.008525837213399445,0.6240608700160872
1.0,0.5279630454195369,1.5279630454195368,1.5279630454195368,0.3268712104199078
1.0,-1.0213712953490126,-0.02137129534901261,-1.0213712953490126,0.788698323555765
1.0,0.4397667999289843,1.4397667999289843,0.4397667999289843,0.5369789954965234
1.0,-0.8670543460310194,0.13294565396898061,-0.8670543460310194,0.7673920637570908
1.0,0.036189386449710925,1.036189386449711,0.036189386449710925,0.6156318900698543
1.0,0.78352334361101,1.78352334361101,1.78352334361101,0.2835705818852477
1.0,0.39585078373918847,1.3958507837391885,1.3958507837391885,0.35053676692432534
1.0,0.1555439754818988,1.1555439754818988,0.1555439754818988,0.5928029475558397
1.0,1.7674812364118209,2.767481236411821,1.7674812364118209,0.28618507786214725
1.0,-0.21473922484850128,0.7852607751514987,0.7852607751514987,0.46799167756354054
1.0,0.43278739452064263,1.4327873945206426,0.43278739452064263,0.5383669512281536
1.0,0.21085119068267166,1.2108511906826718,0.21085119068267166,0.5820802867514646
1.0,-0.7418968500395654,0.2581031499604346,-0.7418968500395654,0.749043507162651
1.0,0.2777063629562853,1.2777063629562853,1.2777063629562853,0.37234610267558255
1.0,1.0795651379423157,2.079565137942316,2.079565137942316,0.23800431116026058
1.0,1.2183780361982932,2.218378036198293,1.2183780361982932,0.38350384735787535
1.0,2.1999635875712005,3.1999635875712005,2.1999635875712005,0.22097890681842094
1.0,0.49051316115537713,1.490513161155377,1.490513161155377,0.33349705379022976
1.0,1.3908795808409633,2.3908795808409633,2.3908795808409633,0.1958079676698715
1.0,-3.1485661410788515,-2.1485661410788515,-2.1485661410788515,0.9019297798011705
1.0,0.7398277522344756,1.7398277522344756,0.7398277522344756,0.4770505858169314
1.0,-0.6215559766024601,0.3784440233975399,-0.6215559766024601,0.7305165250137499
1.0,-0.3427244513189556,0.6572755486810444,0.6572755486810444,0.49354524887236784
1.0,-1.2224703835525548,-0.22247038355255477,-0.22247038355255477,0.6632868805005925
1.0,0.581393660319,1.581393660319,1.581393660319,0.31753679150686837
1.0,-0.5309737323209578,0.4690262676790422,0.4690262676790422,0.5311543347318289
1.0,0.6529016543236609,1.652901654323661,1.652901654323661,0.3052711296477228
1.0,-0.0736920530801653,0.9263079469198348,-0.0736920530801653,0.6362103987875989
1.0,1.9966817109400221,2.996681710940022,2.996681710940022,0.13040922135044075
1.0,-1.6402497813659167,-0.6402497813659167,-0.6402497813659167,0.7334504378103505
1.0,1.763019445559594,2.763019445559594,1.763019445559594,0.28691480907245837
1.0,-0.6409839485482404,0.35901605145175963,0.35901605145175963,0.5529969723853204
1.0,-1.0346704876248576,-0.03467048762485758,-0.03467048762485758,0.6289550063340394
1.0,0.940729808306098,1.940729808306098,1.940729808306098,0.2587292401042306
1.0,0.5838072589456297,1.5838072589456296,0.5838072589456297,0.5082378027177568
1.0,1.0792206119376986,2.0792206119376986,1.0792206119376986,0.4101424594690571
1.0,-0.2611480463734649,0.7388519536265351,-0.2611480463734649,0.6701621299147084
1.0,-0.03966855891185439,0.9603314410881456,-0.03966855891185439,0.6298876465439799
1.0,0.7134155124943431,1.713415512494343,1.713415512494343,0.29510192557344506
1.0,1.5790347069435118,2.579034706943512,2.579034706943512,0.17318397145836092
1.0,-1.4320895649248209,-0.43208956492482087,-1.4320895649248209,0.8383052033932727
1.0,-0.31678200536726353,0.6832179946327365,-0.31678200536726353,0.6799246626032861
1.0,-1.6155828285902407,-0.6155828285902407,-0.6155828285902407,0.7295747801274052
1.0,-3.152699710211261,-2.152699710211261,-2.152699710211261,0.9022218907440009
1.0,0.5843823534183199,1.58438235341832,1.58438235341832,0.3170188807011132
1.0,-0.2934840755908565,0.7065159244091435,-0.2934840755908565,0.6758549235479354
1.0,2.38909675626613,3.38909675626613,3.38909675626613,0.09874233570206004
1.0,0.6819903145565614,1.6819903145565616,0.6819903145565614,0.4886039110635626
1.0,2.3067185789774727,3.3067185789774727,2.3067185789774727,0.2066275537802411
1.0,0.30831664198401487,1.3083166419840149,1.3083166419840149,0.366641213806667
1.0,1.682345806754649,2.682345806754649,1.682345806754649,0.3002985399541724
1.0,1.8122532473923312,2.812253247392331,2.812253247392331,0.14807209793373408
1.0,-1.0788970658198478,-0.07889706581984779,-0.07889706581984779,0.6371735976184776
1.0,-1.797363203776309,-0.797363203776309,-1.797363203776309,0.8741202166809211
1.0,0.5607607895314579,1.560760789531458,1.560760789531458,0.32112454857978984
1.0,0.4107661066411755,1.4107661066411756,1.4107661066411756,0.34782512834302104
1.0,1.458351495929584,2.458351495929584,1.458351495929584,0.33924037421765507
1.0,0.6045137933911513,1.6045137933911513,1.6045137933911513,0.3135421477220324
1.0,0.39640026184524624,1.3964002618452462,1.3964002618452462,0.3504366978259665
1.0,-0.18856064453085974,0.8114393554691403,-0.18856064453085974,0.6572016482480061
1.0,0.5060288473954265,1.5060288473954264,1.5060288473954264,0.33074375816426177
1.0,-1.6261354558012713,-0.6261354558012713,-0.6261354558012713,0.7312371364691946
1.0,1.6313207753692769,2.631320775369277,2.631320775369277,0.1672760684780019
1.0,0.3514248755398922,1.3514248755398923,1.3514248755398923,0.35867034478951587
1.0,-0.5265705157400391,0.4734294842599609,0.4734294842599609,0.5302770150262082
1.0,2.812190541738564,3.812190541738564,2.812190541738564,0.14807842613708386
1.0,0.28361673441318047,1.2836167344131804,1.2836167344131804,0.3712417470640074
1.0,0.6479050744100843,1.6479050744100843,1.6479050744100843,0.30611953130006536
1.0,2.118549995924586,3.118549995924586,3.118549995924586,0.11974575468025395
1.0,1.3929090610031134,2.392909061003113,1.3929090610031134,0.3510727270220349
1.0,-2.003354409640041,-1.0033544096400409,-2.003354409640041,0.8911637300137314
1.0,-0.38522440787453816,0.6147755921254618,0.6147755921254618,0.5020448701739766
1.0,0.3453268689314291,1.345326868931429,1.345326868931429,0.3597932764886864
1.0,2.0623727067503506,3.0623727067503506,3.0623727067503506,0.12456446263830516
1.0,-0.5702277728670793,0.42977222713292074,0.42977222713292074,0.5389663782238854
1.0,1.4480291897831623,2.4480291897831625,1.4480291897831623,0.34109387257128504
1.0,0.4813385958713996,1.4813385958713996,0.4813385958713996,0.5287006961963517
1.0,-1.3427778836768627,-0.3427778836768627,-1.3427778836768627,0.8283846986988539
1.0,1.9787962174506506,2.9787962174506504,2.9787962174506504,0.1320404297370267
1.0,-0.6739845030834936,0.32601549691650644,0.32601549691650644,0.5595134369644179
1.0,-0.12744448610500791,0.8725555138949921,-0.12744448610500791,0.6461035865956587
1.0,3.2529709652496885,4.2529709652496885,3.2529709652496885,0.10886602606087338
1.0,1.5494659536627755,2.5494659536627755,1.5494659536627755,0.3230975758093006
1.0,0.5688056475306316,1.5688056475306316,1.5688056475306316,0.3197231205423295
1.0,-0.3095987692893042,0.6904012307106958,0.6904012307106958,0.48692273695651006
1.0,0.026884214045854588,1.0268842140458545,0.026884214045854588,0.6173918678818974
1.0,0.13328187746763637,1.1332818774676363,0.13328187746763637,0.5970947763787238
1.0,0.7400033016479886,1.7400033016479886,0.7400033016479886,0.4770155500132828
1.0,1.287792002203836,2.287792002203836,2.287792002203836,0.20912072736769957
1.0,0.8486439186136271,1.848643918613627,0.8486439186136271,0.45539015193334575
1.0,0.6085465602599437,1.6085465602599438,1.6085465602599438,0.3128481766609092
1.0,-1.2372455584644815,-0.23724555846448148,-0.23724555846448148,0.6659216437929796
1.0,-1.307974003453662,-0.307974003453662,-1.307974003453662,0.8243901608467343
1.0,1.6264852043321811,2.626485204332181,2.626485204332181,0.16781561813859538
1.0,0.766492692743705,1.766492692743705,0.766492692743705,0.4717316383541631
1.0,0.5037247205434493,1.5037247205434494,0.5037247205434493,0.5242360478671846
1.0,0.19383623142693235,1.1938362314269324,0.19383623142693235,0.5853878259189531
1.0,0.4503282421638968,1.4503282421638968,1.4503282421638968,0.3406806259766048
1.0,0.5114750993413425,1.5114750993413426,1.5114750993413426,0.32978003796113986
1.0,-0.42200469896119647,0.5779953010388035,-0.42200469896119647,0.6979603001061997
1.0,0.9426942881324681,1.942694288132468,1.942694288132468,0.25842794282503684
1.0,-0.6951973956270714,0.3048026043729286,-0.6951973956270714,0.7419556337995507
1.0,1.2286595486124066,2.2286595486124066,1.2286595486124066,0.38156104466436197
1.0,1.328379494643502,2.328379494643502,2.328379494643502,0.20380124848425268
1.0,1.1855785166701636,2.1855785166701636,2.1855785166701636,0.2229663466170783
1.0,0.7246558517097283,1.7246558517097283,0.7246558517097283,0.4800793798701448
1.0,0.4030615074493436,1.4030615074493435,1.4030615074493435,0.3492246229130763
1.0,0.6447270991510983,1.6447270991510983,0.6447270991510983,0.49605466205539045
1.0,0.3548716956464549,1.3548716956464548,0.3548716956464549,0.5538163866835836
1.0,1.8230944561081515,2.8230944561081515,2.8230944561081515,0.14698136735152303
1.0,1.3602708767118197,2.3602708767118195,1.3602708767118197,0.3570441303471403
1.0,-0.2394073328861543,0.7605926671138457,-0.2394073328861543,0.6663062773057613
1.0,-1.5707916279870078,-0.5707916279870078,-0.5707916279870078,0.7224472300807746
1.0,0.6421052756724508,1.6421052756724508,1.6421052756724508,0.3071059667903928
1.0,-1.8605762263828984,-0.8605762263828984,-1.8605762263828984,0.8795802216172179
1.0,0.3768447578748755,1.3768447578748755,0.3768447578748755,0.549468683994357
1.0,0.7589260840835514,1.7589260840835514,0.7589260840835514,0.473240376466001
1.0,1.80797374443572,2.80797374443572,2.80797374443572,0.14850449480725897
1.0,0.2420188513379255,1.2420188513379256,0.2420188513379255,0.5760026164833231
1.0,-0.4816731728621466,0.5183268271378534,-0.4816731728621466,0.7079272746435581
1.0,-0.06425425635022654,0.9357457436497735,0.9357457436497735,0.43816895502369635
1.0,0.03957976869927993,1.03957976869928,1.03957976869928,0.41783584650478134
1.0,0.9134738643029713,1.9134738643029712,0.9134738643029713,0.44255993445294994
1.0,-0.5570951060652289,0.44290489393477106,-0.5570951060652289,0.7202447729342103
1.0,-0.5211964423585831,0.4788035576414169,-0.5211964423585831,0.7144216993537624
1.0,-0.19983687233844838,0.8001631276615516,0.8001631276615516,0.4650245888018991
1.0,-1.4483551217005877,-0.44835512170058767,-0.44835512170058767,0.7023856512720411
1.0,0.911527998404613,1.911527998404613,0.911527998404613,0.44294400580594273
1.0,0.7194771660602577,1.7194771660602577,0.7194771660602577,0.481113556820706
1.0,-1.4942185835538555,-0.4942185835538555,-0.4942185835538555,0.7099981097907552
1.0,-2.2736381112991424,-1.2736381112991424,-2.2736381112991424,0.9104311348167097
1.0,-1.1264670536223296,-0.12646705362232957,-0.12646705362232957,0.6459247713002354
1.0,1.9891126028390107,2.9891126028390107,2.9891126028390107,0.13109744504888018
1.0,1.6867371977448924,2.6867371977448924,2.6867371977448924,0.16119144255666407
1.0,0.9467032317704389,1.946703231770439,0.9467032317704389,0.43601215328609433
1.0,-1.1718966875207233,-0.1718966875207233,-1.1718966875207233,0.8080699044321217
1.0,-0.048476349436481936,0.9515236505635181,-0.048476349436481936,0.6315288202430187
1.0,-0.8570038664125956,0.14299613358740437,0.14299613358740437,0.5952237869004764
1.0,0.6566529636125006,1.6566529636125007,0.6566529636125006,0.49366974553233406
1.0,0.8978403566415147,1.8978403566415147,1.8978403566415147,0.2653640750047559
1.0,1.171374835176029,2.171374835176029,2.171374835176029,0.2249411990558698
1.0,1.6232934537495618,2.623293453749562,1.6232934537495618,0.3103176320219612
1.0,-2.5917871228832032,-1.5917871228832032,-1.5917871228832032,0.8548836692230916
1.0,-1.4244751192254301,-0.42447511922543013,-1.4244751192254301,0.8374777928295895
1.0,2.7221808437766635,3.7221808437766635,3.7221808437766635,0.07743316292407855
1.0,1.52894823993926,2.52894823993926,2.52894823993926,0.17899687150825971
1.0,0.751174221025636,1.751174221025636,0.751174221025636,0.4747865599632442
1.0,-1.428414609174136,-0.4284146091741361,-0.4284146091741361,0.6990402288312902
1.0,1.3262264982368461,2.326226498236846,2.326226498236846,0.20408087808224853
1.0,1.4265401727607454,2.4265401727607454,2.4265401727607454,0.19135461741534465
1.0,-0.7284103128537651,0.2715896871462349,0.2715896871462349,0.5702149635427405
1.0,1.1369618696661465,2.1369618696661465,2.1369618696661465,0.22977723258693822
1.0,1.1461230419291062,2.146123041929106,2.146123041929106,0.22848272918286122
1.0,-0.4347877727065894,0.5652122272934106,0.5652122272934106,0.5119552754249252
1.0,0.6758707664471273,1.6758707664471273,0.6758707664471273,0.48982725069291194
1.0,-0.790033975650589,0.20996602434941103,0.20996602434941103,0.582252539183647
1.0,0.8207029496364315,1.8207029496364315,1.8207029496364315,0.27756699537347407
1.0,-0.8803051820608627,0.11969481793913728,-0.8803051820608627,0.7692789328106725
1.0,1.6311278039344157,2.6311278039344157,1.6311278039344157,0.30897785931303945
1.0,-2.1380538405158385,-1.1380538405158385,-1.1380538405158385,0.8038358183794024
1.0,0.2791431316437943,1.2791431316437942,1.2791431316437942,0.3720775186876887
1.0,2.5941426619484385,3.5941426619484385,3.5941426619484385,0.08507459094727317
1.0,0.04127235682738917,1.0412723568273892,0.04127235682738917,0.6146692151042793
1.0,0.3486319418584498,1.3486319418584498,1.3486319418584498,0.3591844646549144
1.0,1.7542577165280775,2.7542577165280777,2.7542577165280777,0.15402092268442702
1.0,1.8460459223963124,2.8460459223963124,2.8460459223963124,0.14469417252442962
1.0,0.9007218395575869,1.900721839557587,0.9007218395575869,0.4450781343536006
1.0,1.0059615236235424,2.0059615236235424,2.0059615236235424,0.24884735341407985
1.0,2.364038632104151,3.364038632104151,2.364038632104151,0.19921132247401438
1.0,-0.07260125271786164,0.9273987472821383,-0.07260125271786164,0.6360084050517387
1.0,-0.7434105224859477,0.25658947751405226,-0.7434105224859477,0.749271067393923
1.0,-0.7790227257316309,0.2209772742683691,0.2209772742683691,0.5801083465782113
1.0,0.07101192087151398,1.071011920871514,0.07101192087151398,0.6090189911534322
1.0,-0.8957350143922514,0.10426498560774855,-0.8957350143922514,0.7714625455151782
1.0,0.28703105753235747,1.2870310575323574,1.2870310575323574,0.37060439099054243
1.0,0.2808752639614538,1.2808752639614538,1.2808752639614538,0.3717538255687512
1.0,2.176382059924824,3.176382059924824,3.176382059924824,0.11495419582609491
1.0,0.055617525048804184,1.0556175250488042,0.055617525048804184,0.6119475297286332
1.0,0.21256067420746194,1.212560674207462,0.21256067420746194,0.5817475664195131
1.0,-2.018762539698481,-1.0187625396984812,-2.018762539698481,0.892353537246342
1.0,0.7595934417057173,1.7595934417057173,0.7595934417057173,0.4731072891498895
1.0,-0.29094539315727164,0.7090546068427284,0.7090546068427284,0.4831954102822842
1.0,2.6871696415592297,3.6871696415592297,2.6871696415592297,0.1611446718852289
1.0,-0.9531327409708834,0.04686725902911659,-0.9531327409708834,0.7794572332010383
1.0,0.5834117518849351,1.583411751884935,0.5834117518849351,0.5083168824513874
1.0,2.3541091521354898,3.3541091521354898,2.3541091521354898,0.20048156036427098
1.0,0.1799053103889782,1.1799053103889783,1.1799053103889783,0.3908062977164596
1.0,0.7585872350717887,1.7585872350717886,0.7585872350717887,0.47330795264442643
1.0,0.5708565470533218,1.5708565470533218,0.5708565470533218,0.5108269978694449
1.0,1.4344810506083097,2.4344810506083094,2.4344810506083094,0.1903735397236552
1.0,1.526459370022426,2.526459370022426,2.526459370022426,0.17928966401745017
1.0,0.43691258086579277,1.4369125808657928,0.43691258086579277,0.537546668737336
1.0,1.3608267133138119,2.360826713313812,2.360826713313812,0.19962154739199106
1.0,1.6922777761270966,2.6922777761270966,1.6922777761270966,0.2986316746353771
1.0,-0.012781183615352715,0.9872188163846473,-0.012781183615352715,0.6248592057904797
1.0,1.568938518891361,2.568938518891361,2.568938518891361,0.17434357503341927
1.0,-0.7002154359306213,0.2997845640693787,-0.7002154359306213,0.7427234799940238
1.0,-0.9309074898745082,0.06909251012549178,0.06909251012549178,0.6093845620605758
1.0,-0.4490486809102937,0.5509513190897063,-0.4490486809102937,0.7025016235666507
1.0,1.3589242212075152,2.3589242212075154,1.3589242212075152,0.3572914829071954
1.0,0.5234075646518639,1.5234075646518639,1.5234075646518639,0.32767357669100156
1.0,-0.013778901521012746,0.9862210984789872,0.9862210984789872,0.4282543625118502
1.0,0.6513979026896283,1.6513979026896282,0.6513979026896283,0.49472061567048775
1.0,-0.8822536234551017,0.11774637654489828,-0.8822536234551017,0.7695554779855539
1.0,-0.8853776310170156,0.11462236898298439,0.11462236898298439,0.6006806856424707
1.0,0.32799936969024607,1.3279993696902461,0.32799936969024607,0.5591222468049617
1.0,-0.3240035647699161,0.6759964352300839,0.6759964352300839,0.48980212736588574
1.0,-0.46393785622506634,0.5360621437749337,-0.46393785622506634,0.7049849919916104
1.0,2.491400267153132,3.491400267153132,3.491400267153132,0.09169434698273289
1.0,1.0945155771345965,2.0945155771345965,1.0945155771345965,0.407185552283857
1.0,1.043879690790801,2.043879690790801,1.043879690790801,0.416999322187009
1.0,0.15696151448608153,1.1569615144860816,1.1569615144860816,0.3951848577553358
1.0,-1.0710593641683777,-0.07105936416837766,-0.07105936416837766,0.6357227972988561
1.0,0.9962955089256129,1.996295508925613,0.9962955089256129,0.4262821174318092
1.0,0.6627065840321396,1.6627065840321396,0.6627065840321396,0.49245925498912974
1.0,-0.5314446001050541,0.4685553998949459,-0.5314446001050541,0.7160914453401006
1.0,-1.3411714623705082,-0.3411714623705082,-0.3411714623705082,0.6841559198119356
1.0,1.5822820145826366,2.5822820145826366,2.5822820145826366,0.17281229830551154
1.0,0.791619613477402,1.791619613477402,0.791619613477402,0.46672533069701644
1.0,0.5415743922663114,1.5415743922663114,1.5415743922663114,0.324479857499347
1.0,1.3054559663510628,2.3054559663510625,1.3054559663510628,0.36717281024352355
1.0,1.516581921295491,2.516581921295491,2.516581921295491,0.1804553448761214
1.0,-0.9563813614638463,0.043618638536153664,0.043618638536153664,0.6142245442442325
1.0,1.1617099650543194,2.1617099650543192,1.1617099650543194,0.39427726410297054
1.0,1.52826113690661,2.52826113690661,1.52826113690661,0.32681874218367457
1.0,-0.1147421273205812,0.8852578726794188,0.8852578726794188,0.44813564960884866
1.0,0.41290099461188334,1.4129009946118833,0.41290099461188334,0.5423183174273359
1.0,1.0603129945409608,2.060312994540961,1.0603129945409608,0.4138067597828401
1.0,-0.1480642436588901,0.8519357563411099,-0.1480642436588901,0.6498662606452837
1.0,-0.65597523859221,0.34402476140779004,0.34402476140779004,0.5559596272585994
1.0,0.5170659139022624,1.5170659139022624,0.5170659139022624,0.52157341487127
1.0,0.7766382606124909,1.7766382606124909,1.7766382606124909,0.2846909240654836
1.0,-1.1672881482193098,-0.16728814821930982,-1.1672881482193098,0.80749745338431
1.0,1.254234795642886,2.254234795642886,1.254234795642886,0.37674484556704785
1.0,0.7271776039573026,1.7271776039573026,0.7271776039573026,0.47957585039498374
1.0,1.4387692578616749,2.438769257861675,2.438769257861675,0.18984534318986074
1.0,-0.13541699576474708,0.8645830042352529,-0.13541699576474708,0.6475605792915833
1.0,1.5010347685699736,2.5010347685699736,1.5010347685699736,0.33162871618206147
1.0,-0.44677058275491155,0.5532294172450885,-0.44677058275491155,0.7021205976299157
1.0,0.8536355629050776,1.8536355629050776,1.8536355629050776,0.27231506488976615
1.0,-0.7715886281843432,0.22841137181565685,-0.7715886281843432,0.7534821460742148
1.0,-0.4806591152195948,0.5193408847804052,-0.4806591152195948,0.707759508038278
1.0,0.15780260905935561,1.1578026090593556,1.1578026090593556,0.39502404254466306
1.0,0.1707711481913892,1.1707711481913892,0.1707711481913892,0.5898591352787175
1.0,0.9729833444935816,1.9729833444935816,0.9729833444935816,0.43084934833023847
1.0,3.241501241517655,4.241501241517655,3.241501241517655,0.10975940709057916
1.0,-0.27807788444760206,0.7219221155523979,0.7219221155523979,0.48062528280169464
1.0,0.9514574911606266,1.9514574911606266,0.9514574911606266,0.4350771029412637
1.0,1.379004941175268,2.379004941175268,1.379004941175268,0.3536110223811959
1.0,-0.3726078115853506,0.6273921884146494,0.6273921884146494,0.4995215624630908
1.0,-0.3396448669786992,0.6603551330213008,-0.3396448669786992,0.6838919590357646
1.0,1.0691676937740908,2.069167693774091,1.0691676937740908,0.41208950282057294
1.0,0.190015647344274,1.190015647344274,1.190015647344274,0.3888823785747798
1.0,0.3081921249177649,1.3081921249177648,1.3081921249177648,0.3666643459416215
1.0,1.0851068008495544,2.0851068008495544,1.0851068008495544,0.40900372747746255
1.0,0.77268723011974,1.77268723011974,1.77268723011974,0.2853350384910165
1.0,1.615201008254377,2.615201008254377,2.615201008254377,0.1690801037342814
1.0,1.3073319640650654,2.3073319640650656,1.3073319640650654,0.36682415894437886
1.0,0.8268266916567629,1.826826691656763,0.8268266916567629,0.45972212657593853
1.0,2.1754725893439955,3.1754725893439955,3.1754725893439955,0.11502823999843768
1.0,1.8522095705930095,2.8522095705930095,2.8522095705930095,0.1440850015370006
1.0,-0.06459010952306143,0.9354098904769386,-0.06459010952306143,0.6345234410385462
1.0,-1.7728803448821904,-0.7728803448821904,-0.7728803448821904,0.753674041587883
1.0,-0.22561250487562307,0.774387495124377,0.774387495124377,0.470158011053041
1.0,1.3751704420996318,2.375170442099632,2.375170442099632,0.19779447506326742
1.0,-1.035910379788949,-0.035910379788949065,-0.035910379788949065,0.6291864602181827
1.0,0.5159180482063592,1.5159180482063592,0.5159180482063592,0.5218025560703136
1.0,0.775462521955772,1.775462521955772,0.775462521955772,0.46994377708544544
1.0,1.6559417692833986,2.6559417692833986,1.6559417692833986,0.3047555743812045
1.0,-0.478984270770606,0.521015729229394,0.521015729229394,0.5207848693416368
1.0,1.734892371801894,2.734892371801894,2.734892371801894,0.1560503799471764
1.0,2.1837654219037046,3.1837654219037046,3.1837654219037046,0.11435461622518235
1.0,1.2285993895332807,2.2285993895332807,1.2285993895332807,0.38157240142596294
1.0,0.2888790732531421,1.288879073253142,1.288879073253142,0.3702596072587352
1.0,-0.38628453871443846,0.6137154612855615,-0.38628453871443846,0.6919022596587334
1.0,-0.6568568113363554,0.34314318866364457,0.34314318866364457,0.556133726427366
1.0,0.9617900094590932,1.9617900094590932,1.9617900094590932,0.25551111563335743
1.0,-0.32067967407380005,0.6793203259262,-0.32067967407380005,0.6806028722773438
1.0,0.08452557321698578,1.0845255732169858,0.08452557321698578,0.6064417375703486
1.0,1.768539293861881,2.768539293861881,2.768539293861881,0.15253810601017895
1.0,-2.3704282410915187,-1.3704282410915187,-2.3704282410915187,0.9165479824134539
1.0,1.57625623933926,2.5762562393392603,2.5762562393392603,0.1735024845812263
1.0,-0.47860650269406374,0.5213934973059362,0.5213934973059362,0.5207094458130397
1.0,0.935493498337248,1.935493498337248,1.935493498337248,0.25953346264591404
1.0,-1.5521948382105273,-0.5521948382105273,-0.5521948382105273,0.7194541986022025
1.0,-0.9080155128270658,0.09198448717293417,-0.9080155128270658,0.7731900453969264
1.0,1.0341707785832746,2.0341707785832748,1.0341707785832746,0.4188888046044455
1.0,-0.5771072654830474,0.42289273451695264,0.42289273451695264,0.5403336235435368
1.0,-2.724471336795047,-1.7244713367950468,-2.724471336795047,0.9358107232551818
1.0,-1.8172507837034493,-0.8172507837034493,-0.8172507837034493,0.7602044321338234
1.0,0.6863316659236391,1.6863316659236391,0.6863316659236391,0.48773612706089775
1.0,-0.24133208117938953,0.7586679188206105,0.7586679188206105,0.47329186190989314
1.0,1.5727963047281963,2.5727963047281963,1.5727963047281963,0.3190291454011488
1.0,0.749925715368118,1.749925715368118,1.749925715368118,0.2890627099398382
1.0,0.744077994840751,1.744077994840751,0.744077994840751,0.4762023950985686
1.0,2.6348285337805732,3.6348285337805732,2.6348285337805732,0.16688554340038267
1.0,0.906269383092006,1.906269383092006,0.906269383092006,0.44398228149273206
1.0,2.568911074189489,3.568911074189489,3.568911074189489,0.08665896585438171
1.0,1.4399349399092916,2.4399349399092918,1.4399349399092916,0.34255070516654906
1.0,1.7988895537082832,2.798889553708283,2.798889553708283,0.14942580753813814
1.0,-0.9495877155894694,0.05041228441053058,0.05041228441053058,0.6129359289657413
1.0,0.6320401922705574,1.6320401922705574,1.6320401922705574,0.3088220374237016
1.0,1.340142838669777,2.340142838669777,1.340142838669777,0.36074911113519353
1.0,1.4360040512817167,2.4360040512817167,1.4360040512817167,0.3432592748788585
1.0,-1.4486535122930368,-0.44865351229303685,-0.44865351229303685,0.7024355493281829
1.0,2.247012192241069,3.247012192241069,2.247012192241069,0.21456756631650192
1.0,0.7636632444286686,1.7636632444286686,1.7636632444286686,0.28680944636814193
1.0,0.5841435096469293,1.5841435096469292,0.5841435096469293,0.5081705706836709
1.0,0.12136368287777644,1.1213636828777764,1.1213636828777764,0.40201147151743305
1.0,-0.5059777568899824,0.49402224311001763,-0.5059777568899824,0.7119312550608161
1.0,0.7844348649604607,1.7844348649604607,1.7844348649604607,0.2834224587618991
1.0,-0.0007670153547396918,0.9992329846452603,-0.0007670153547396918,0.6226035215270452
1.0,0.2535710613045151,1.2535710613045152,0.2535710613045151,0.5737439882360003
1.0,1.1072654168572016,2.1072654168572016,2.1072654168572016,0.2340087330416613
1.0,3.45964488948377,4.45964488948377,3.45964488948377,0.09383224305242036
1.0,1.2359195921216046,2.2359195921216046,2.2359195921216046,0.21606688804623164
1.0,0.7503801800714832,1.7503801800714833,1.7503801800714833,0.288987999688041
1.0,0.24795249488564436,1.2479524948856444,1.2479524948856444,0.37792568298372753
1.0,-0.5527196721974968,0.44728032780250315,-0.5527196721974968,0.7195389367255939
1.0,1.3826125359312853,2.382612535931285,2.382612535931285,0.19685149402930133
1.0,1.008359540178566,2.0083595401785663,2.0083595401785663,0.24848893190848334
1.0,0.6905706925005373,1.6905706925005373,1.6905706925005373,0.2989177932957686
1.0,1.2151328636974537,2.2151328636974537,1.2151328636974537,0.38411783410064526
1.0,-0.9207260998050734,0.07927390019492664,0.07927390019492664,0.6074440219743722
1.0,1.118145187822389,2.118145187822389,2.118145187822389,0.2324521990903625
1.0,0.05913365315955871,1.0591336531595588,1.0591336531595588,0.41403563733386356
1.0,0.9229391554241863,1.9229391554241864,0.9229391554241863,0.4406926808428708
1.0,0.5596227850441944,1.5596227850441944,1.5596227850441944,0.3213230521274951
1.0,3.4498877824381626,4.449887782438163,3.4498877824381626,0.0944980504715499
1.0,0.35763923538834713,1.357639235388347,1.357639235388347,0.3575275789561818
1.0,1.6689766352470028,2.668976635247003,1.6689766352470028,0.30255062571284785
1.0,-0.40917755230464337,0.5908224476953566,0.5908224476953566,0.5068350846477216
1.0,0.5519466910996718,1.5519466910996718,0.5519466910996718,0.5146065045879997
1.0,-0.5903416533125834,0.40965834668741663,-0.5903416533125834,0.7255723872451106
1.0,0.46908645120078685,1.4690864512007868,0.46908645120078685,0.5311423447404409
1.0,-0.44687851675247625,0.5531214832475237,0.5531214832475237,0.5143717434664841
1.0,-1.834000563496859,-0.834000563496859,-0.834000563496859,0.7626386113176528
1.0,1.4227479593255727,2.422747959325573,2.422747959325573,0.19182449673323332
1.0,3.125243160329822,4.125243160329822,4.125243160329822,0.05731366486339257
1.0,-0.3355669774826312,0.6644330225173688,-0.3355669774826312,0.6831862775680303
1.0,1.309422731329638,2.3094227313296383,2.3094227313296383,0.20627313985288045
1.0,-0.004492141477214551,0.9955078585227854,-0.004492141477214551,0.6233034947290246
1.0,0.6991549522817002,1.6991549522817002,1.6991549522817002,0.29748060875321064
1.0,1.3762175948352244,2.376217594835224,1.3762175948352244,0.35412087219816457
1.0,2.5936104616172226,3.5936104616172226,2.5936104616172226,0.17152063226276887
1.0,2.321191761884017,3.321191761884017,2.321191761884017,0.2047358992421277
1.0,2.0722769935032805,3.0722769935032805,3.0722769935032805,0.12370299441094598
1.0,1.0925392711596058,2.092539271159606,2.092539271159606,0.2361270599154314
1.0,0.9465986313346302,1.9465986313346302,0.9465986313346302,0.43603273085888167
1.0,0.32116370100939234,1.3211637010093924,0.32116370100939234,0.5604698265579092
1.0,1.6851034696841514,2.6851034696841514,1.6851034696841514,0.299835193654643
1.0,-1.076172405839182,-0.07617240583918194,-0.07617240583918194,0.6366695301658055
1.0,0.5255681835177526,1.5255681835177526,1.5255681835177526,0.32729289647911025
1.0,-0.730772574509682,0.269227425490318,0.269227425490318,0.5706780372628817
1.0,-0.11074753864080805,0.8892524613591919,0.8892524613591919,0.44734545958248323
1.0,-0.6319774428495166,0.3680225571504834,-0.6319774428495166,0.7321546409506325
1.0,2.8106136388968306,3.8106136388968306,3.8106136388968306,0.07252793273440461
1.0,-0.48330642655945594,0.516693573440544,-0.48330642655945594,0.7081973626198862
1.0,0.5801087274680049,1.580108727468005,1.580108727468005,0.3177595966142851
1.0,0.3370982178647494,1.3370982178647495,1.3370982178647495,0.36131099546339907
1.0,-0.3215453930425908,0.6784546069574092,-0.3215453930425908,0.6807534072362466
1.0,-0.36152397818522397,0.638476021814776,-0.36152397818522397,0.6876636493509646
1.0,-0.2640082061079816,0.7359917938920184,-0.2640082061079816,0.6706677117070391
1.0,-0.07688587712206219,0.9231141228779378,-0.07688587712206219,0.6368015528267924
1.0,-1.461857713692131,-0.4618577136921309,-0.4618577136921309,0.7046387696146655
1.0,0.00398151762508181,1.003981517625082,0.00398151762508181,0.6217105026098183
1.0,0.9746608869427198,1.9746608869427198,0.9746608869427198,0.43052028778237944
1.0,2.0560628122949662,3.0560628122949662,2.0560628122949662,0.24143096261157931
1.0,-1.105213235625305,-0.10521323562530505,-0.10521323562530505,0.6420264930403665
1.0,-0.777757252700608,0.22224274729939197,0.22224274729939197,0.5798617287762172
1.0,-0.26885783771377614,0.7311421622862239,-0.26885783771377614,0.6715240639377842
1.0,1.474879800930397,2.474879800930397,1.474879800930397,0.3362827646831108
1.0,0.3794229760911262,1.379422976091126,0.3794229760911262,0.5489580358600584
1.0,0.6292265380908808,1.6292265380908808,0.6292265380908808,0.49915469318717
1.0,-0.11711453734844779,0.8828854626515522,0.8828854626515522,0.448605072423891
1.0,-0.5773040831625076,0.4226959168374924,-0.5773040831625076,0.7234907059692715
1.0,-0.6032970151743082,0.3967029848256918,0.3967029848256918,0.5455329051576265
1.0,1.5430647727759936,2.5430647727759936,1.5430647727759936,0.32421856781328745
1.0,0.2899414913112622,1.2899414913112621,1.2899414913112621,0.37006145209042307
1.0,0.8059195685987026,1.8059195685987026,0.8059195685987026,0.4638791205245441
1.0,1.1325220112663825,2.1325220112663823,2.1325220112663823,0.2304064475360742
1.0,0.3704578912007069,1.3704578912007068,1.3704578912007068,0.3551754634186246
1.0,2.140961178679662,3.140961178679662,2.140961178679662,0.22921148512746561
1.0,-0.2396963152474823,0.7603036847525177,0.7603036847525177,0.4729656536369575
1.0,1.8722206835620347,2.872220683562035,1.8722206835620347,0.26937880331623676
1.0,0.3068785110184258,1.3068785110184258,0.3068785110184258,0.563283101620752
1.0,0.8775165654589466,1.8775165654589467,0.8775165654589466,0.44966773951984823
1.0,-1.6320654725013743,-0.6320654725013743,-1.6320654725013743,0.8588356034297493
1.0,0.16594471630590535,1.1659447163059053,1.1659447163059053,0.3934684707673504
1.0,1.3980582578683842,2.3980582578683842,2.3980582578683842,0.19490522222871068
1.0,1.0267140535898132,2.026714053589813,1.0267140535898132,0.42034160185387653
1.0,0.42240901711650725,1.4224090171165074,0.42240901711650725,0.5404297359926641
1.0,-1.2076574666086608,-0.2076574666086608,-1.2076574666086608,0.8124678387974621
1.0,-0.5616783984871295,0.4383216015128705,0.4383216015128705,0.5372664418736035
1.0,1.4521365763400371,2.4521365763400373,1.4521365763400371,0.3403557543446426
1.0,0.8254741848596194,1.8254741848596194,0.8254741848596194,0.45999088427675305
1.0,-0.8212987376356714,0.1787012623643286,0.1787012623643286,0.5883234685573216
1.0,-2.6267682425224494,-1.6267682425224494,-1.6267682425224494,0.8583210454701957
1.0,2.3197525023934555,3.3197525023934555,3.3197525023934555,0.10379029129638417
1.0,-0.6121026451108262,0.38789735488917376,-0.6121026451108262,0.7290251297525722
1.0,1.3928907535126764,2.3928907535126767,2.3928907535126767,0.19555473666689854
1.0,0.8726402213845561,1.872640221384556,1.872640221384556,0.2693127517416418
1.0,3.366865056944913,4.3668650569449134,3.366865056944913,0.10033642976355063
1.0,1.0221300349294222,2.0221300349294222,2.0221300349294222,0.24643741110180475
1.0,0.3024632503768291,1.302463250376829,0.3024632503768291,0.5641518130481711
1.0,0.8079780392484814,1.8079780392484814,1.8079780392484814,0.2796129258614937
1.0,0.6990531577702522,1.6990531577702521,0.6990531577702522,0.4851936986371673
1.0,1.4671437454784548,2.467143745478455,2.467143745478455,0.18637860941140533
1.0,0.7713205270416182,1.7713205270416181,0.7713205270416182,0.47076926410184833
1.0,1.077138077130917,2.077138077130917,1.077138077130917,0.41054557454768065
1.0,-0.34699110285564655,0.6530088971443535,-0.34699110285564655,0.6851610932311991
1.0,1.286751032711126,2.286751032711126,2.286751032711126,0.2092584928615587
1.0,-1.296365295672393,-0.296365295672393,-0.296365295672393,0.6763596814623883
1.0,-1.1270075408616473,-0.12700754086164734,-0.12700754086164734,0.6460236551823131
1.0,0.34750694127090964,1.3475069412709098,1.3475069412709098,0.35939164489241254
1.0,0.08427878587505933,1.0842787858750593,1.0842787858750593,0.40916385513429304
1.0,2.0511440535364565,3.0511440535364565,2.0511440535364565,0.24215236094400075
1.0,1.1327498127664575,2.1327498127664573,1.1327498127664575,0.3998236748580825
1.0,0.46398376823556914,1.4639837682355692,1.4639837682355692,0.33823109934804557
1.0,1.1499588846400053,2.1499588846400055,2.1499588846400055,0.22794223905673106
1.0,-1.4388438412335198,-0.4388438412335198,-1.4388438412335198,0.8390362966759938
1.0,0.8919599247778498,1.8919599247778498,0.8919599247778498,0.4468100333276947
1.0,0.7798810239820926,1.7798810239820926,1.7798810239820926,0.28416292901777235
1.0,-1.3417952850488943,-0.34179528504889434,-1.3417952850488943,0.8282729181300792
1.0,-1.4188495614003889,-0.41884956140038887,-1.4188495614003889,0.836864312043062
1.0,2.25127513319528,3.25127513319528,2.25127513319528,0.2139933847542537
1.0,0.8429482297635754,1.8429482297635755,0.8429482297635754,0.4565204497877708
1.0,1.0758169350694466,2.0758169350694464,1.0758169350694466,0.41080136959784347
1.0,-1.7371242565699014,-0.7371242565699014,-1.7371242565699014,0.8687212531422783
1.0,0.7979548681283462,1.7979548681283462,1.7979548681283462,0.28123094670798354
1.0,0.46703403921842523,1.4670340392184253,0.46703403921842523,0.5315512137198958
1.0,-1.2998159871450135,-0.29981598714501345,-1.2998159871450135,0.8234433241587407
1.0,2.5601880345205585,3.5601880345205585,2.5601880345205585,0.17535356443252376
1.0,0.9915229696416135,1.9915229696416135,1.9915229696416135,0.2510127218570466
1.0,1.9653047887530275,2.9653047887530275,1.9653047887530275,0.25497660380647796
1.0,-2.4997409813806786,-1.4997409813806786,-2.4997409813806786,0.9241272921676859
1.0,2.551662310846589,3.551662310846589,2.551662310846589,0.1763420370682883
1.0,1.5217725337416526,2.5217725337416526,2.5217725337416526,0.1798420427733305
1.0,0.30766586416584984,1.3076658641658498,1.3076658641658498,0.36676211872117187
1.0,-2.4105002690459623,-1.4105002690459623,-2.4105002690459623,0.9189674826344992
1.0,2.3275996629541624,3.3275996629541624,2.3275996629541624,0.20390249951299005
1.0,0.7467041639895099,1.7467041639895098,1.7467041639895098,0.28959263485041925
1.0,1.5420510503008489,2.5420510503008487,1.5420510503008489,0.3243962791328335
1.0,0.2961876804738805,1.2961876804738806,0.2961876804738805,0.5653858655227764
1.0,-1.032140003499348,-0.03214000349934798,-0.03214000349934798,0.6284824506406884
1.0,2.1401517982567944,3.1401517982567944,3.1401517982567944,0.11793611158785385
1.0,-0.5395067263032041,0.46049327369679594,0.46049327369679594,0.5328539398216572
1.0,1.2633906481792638,2.263390648179264,2.263390648179264,0.21236763841294307
1.0,-0.18691331123230645,0.8130866887676935,0.8130866887676935,0.46245347651226115
1.0,1.1229731787204118,2.122973178720412,2.122973178720412,0.23176379027343982
1.0,-1.5932210313445383,-0.5932210313445383,-0.5932210313445383,0.7260308155585274
1.0,0.5443238990039976,1.5443238990039976,1.5443238990039976,0.32399790636349607
1.0,0.44976793211555277,1.4497679321155528,0.44976793211555277,0.534989131749687
1.0,2.0391918187446905,3.0391918187446905,2.0391918187446905,0.24391141207704345
1.0,-0.5025908415820299,0.49740915841797007,0.49740915841797007,0.5254960355863686
1.0,-0.49869442189002844,0.5013055781099716,0.5013055781099716,0.5247187167876026
1.0,-1.0770116838711572,-0.0770116838711572,-1.0770116838711572,0.7960211342909845
1.0,1.9477310300870938,2.947731030087094,2.947731030087094,0.13491476580649667
1.0,1.1810404703699107,2.1810404703699104,2.1810404703699104,0.22359596092868694
1.0,1.9615580610319345,2.9615580610319343,1.9615580610319345,0.255546415180744
1.0,0.5731263131621164,1.5731263131621165,1.5731263131621165,0.3189717927946919
1.0,-1.1821049762158666,-0.18210497621586663,-1.1821049762158666,0.8093333055837236
1.0,0.5852080882653565,1.5852080882653565,0.5852080882653565,0.507957710347151
1.0,1.1797391460104034,2.1797391460104034,1.1797391460104034,0.3908379460740281
1.0,-0.16949373872074214,0.8305062612792579,-0.16949373872074214,0.6537570246478678
1.0,1.4922675663548994,2.4922675663548994,1.4922675663548994,0.3331851559138499
1.0,2.4393087709631875,3.4393087709631875,3.4393087709631875,0.09522472127057328
1.0,-1.2048343886087303,-0.20483438860873027,-0.20483438860873027,0.6601286352533325
1.0,1.2077334755288187,2.2077334755288187,2.2077334755288187,0.2199107111556992
1.0,-0.7280754873118386,0.2719245126881614,-0.7280754873118386,0.7469593068347733
1.0,-0.12301384360819323,0.8769861563918068,0.8769861563918068,0.44977274861072
1.0,0.19407255453436,1.19407255453436,0.19407255453436,0.585341938997538
1.0,2.2671688566320918,3.2671688566320918,2.2671688566320918,0.21186250039603455
1.0,1.2045819562883293,2.2045819562883295,1.2045819562883293,0.38611661100145644
1.0,0.637111181063575,1.637111181063575,0.637111181063575,0.49757778273619085
1.0,1.5382059091358917,2.5382059091358915,1.5382059091358917,0.32507081413266903
1.0,0.2702771180718983,1.2702771180718984,0.2702771180718983,0.5704722814414231
1.0,2.07427502249665,3.07427502249665,2.07427502249665,0.23877268688253414
1.0,-0.4014630914306182,0.5985369085693818,0.5985369085693818,0.5052924206205709
1.0,-0.06488467322669678,0.9351153267733032,0.9351153267733032,0.43829311416169614
1.0,1.8075650852313003,2.8075650852313006,1.8075650852313003,0.2796794756155975
1.0,0.2162813433061721,1.216281343306172,0.2162813433061721,0.5810231480528564
1.0,-1.6878516507758157,-0.6878516507758157,-1.6878516507758157,0.8641601298703235
1.0,0.7564086723415541,1.756408672341554,1.756408672341554,0.28799805061913064
1.0,0.20443066864136267,1.2044306686413626,0.20443066864136267,0.5833292569130485
1.0,0.4099292683383012,1.4099292683383011,0.4099292683383012,0.5429083455343334
1.0,-0.5958067087473216,0.40419329125267844,0.40419329125267844,0.5440468662565264
1.0,0.27839997811065104,1.278399978110651,1.278399978110651,0.37221643108752245
1.0,0.47031308272395106,1.470313082723951,0.47031308272395106,0.530897962701652
1.0,0.9506087028588537,1.9506087028588537,0.9506087028588537,0.4352440058507464
1.0,-0.9796719532155742,0.02032804678442579,-0.9796719532155742,0.7830853205949048
1.0,0.6602051955329848,1.6602051955329848,0.6602051955329848,0.4929594262807359
1.0,2.2466483950861953,3.2466483950861953,3.2466483950861953,0.1093577010735293
1.0,0.29747424082009594,1.2974742408200959,1.2974742408200959,0.3686577520959649
1.0,0.8786169790000582,1.8786169790000582,0.8786169790000582,0.44944989665228574
1.0,0.6961033512172097,1.6961033512172097,1.6961033512172097,0.2979910541338884
1.0,-0.2066609370565055,0.7933390629434944,0.7933390629434944,0.46638297955216823
1.0,0.7808251566552599,1.78082515665526,0.7808251566552599,0.4688752651457347
1.0,-0.37452473010352116,0.6254752698964788,-0.37452473010352116,0.6898931433820027
1.0,2.559569447180614,3.559569447180614,2.559569447180614,0.17542513643501081
1.0,0.8502856807138395,1.8502856807138395,0.8502856807138395,0.4550644323802513
1.0,-0.9528519511558694,0.0471480488441306,0.0471480488441306,0.6135552860496895
1.0,1.872906190797992,2.872906190797992,1.872906190797992,0.26927088310591246
1.0,-1.9976078730578832,-0.9976078730578832,-0.9976078730578832,0.7855127340320365
1.0,0.46895500008894264,1.4689550000889426,1.4689550000889426,0.33734150091322157
1.0,0.8292764931247274,1.8292764931247274,1.8292764931247274,0.2761937378825105
1.0,1.5878902561529995,2.5878902561529995,1.5878902561529995,0.3164115739392959
1.0,0.8389531804208725,1.8389531804208725,1.8389531804208725,0.27464884311822946
1.0,0.6498701542730629,1.649870154273063,1.649870154273063,0.3057857104519386
1.0,0.4408577023261956,1.4408577023261957,0.4408577023261956,0.5367620014281286
1.0,-1.3889454855818029,-0.38894548558180286,-1.3889454855818029,0.8335718738591459
1.0,1.9224654681992237,2.9224654681992237,2.9224654681992237,0.13729127278412664
1.0,0.7138627505645951,1.7138627505645951,1.7138627505645951,0.29502750461179206
1.0,1.2322781485855643,2.2322781485855643,2.2322781485855643,0.21656073213180405
1.0,0.41547683809485136,1.4154768380948513,1.4154768380948513,0.34697074288836727
1.0,2.152782083202138,3.152782083202138,2.152782083202138,0.22754501178662254
1.0,1.7488667212856135,2.7488667212856135,1.7488667212856135,0.2892368443006803
1.0,1.4444671662644049,2.444467166264405,1.4444671662644049,0.3417346108087122
1.0,0.3429522091451673,1.3429522091451673,1.3429522091451673,0.3602309801909147
1.0,0.9751400315453985,1.9751400315453984,1.9751400315453984,0.25348481751179275
1.0,0.2664899144061933,1.2664899144061934,1.2664899144061934,0.3744455608744045
1.0,1.5486484147409536,2.5486484147409536,1.5486484147409536,0.3232406325838946
1.0,0.13143325764154878,1.131433257641549,1.131433257641549,0.4000764429128579
1.0,0.4731770121104278,1.4731770121104277,0.4731770121104278,0.5303273239957915
1.0,0.5351670865951881,1.535167086595188,0.5351670865951881,0.517958853901166
1.0,-0.796251916909124,0.203748083090876,-0.796251916909124,0.7571286916770091
1.0,0.43739503654807044,1.4373950365480703,1.4373950365480703,0.34300846019518266
1.0,1.6082974565982229,2.6082974565982227,2.6082974565982227,0.16985743757415717
1.0,0.4372429665613442,1.4372429665613442,0.4372429665613442,0.5374809635561603
1.0,-0.36825739544523756,0.6317426045547625,-0.36825739544523756,0.6888194535319817
1.0,2.6956560297018815,3.6956560297018815,2.6956560297018815,0.16022904977068309
1.0,0.7009872920227602,1.7009872920227602,1.7009872920227602,0.2971743531950637
1.0,0.9348029807883786,1.9348029807883786,0.9348029807883786,0.4383546328411443
1.0,-0.8522482587971134,0.1477517412028866,0.1477517412028866,0.5943068317335001
1.0,0.8830120875187306,1.8830120875187306,1.8830120875187306,0.26768307169256567
1.0,0.4645366932275144,1.4645366932275143,0.4645366932275144,0.5320486625511428
1.0,-1.2209611945813472,-0.22096119458134722,-0.22096119458134722,0.6630171806971935
1.0,0.14362644554759774,1.1436264455475977,0.14362644554759774,0.5951022909952483
1.0,0.47932957741561766,1.4793295774156177,0.47932957741561766,0.5291011574177986
1.0,-0.33363796404054535,0.6663620359594546,-0.33363796404054535,0.6828521663452048
1.0,0.5899980364126736,1.5899980364126736,1.5899980364126736,0.31604696454456543
1.0,0.2710785432617251,1.271078543261725,0.2710785432617251,0.5703151734318432
1.0,-0.011548791758163146,0.9884512082418369,0.9884512082418369,0.4278175800622265
1.0,0.022768754427849647,1.0227687544278496,0.022768754427849647,0.6181692870054765
1.0,-0.34178256524413997,0.65821743475586,-0.34178256524413997,0.6842615512121776
1.0,-1.2275240204092386,-0.22752402040923858,-0.22752402040923858,0.6641892164620514
1.0,1.588628794051111,2.588628794051111,1.588628794051111,0.3162837939882842
1.0,1.0240133368254987,2.0240133368254987,2.0240133368254987,0.24615772561249114
1.0,0.6515615590137982,1.6515615590137982,0.6515615590137982,0.4946878880774519
1.0,0.2091264694900018,1.209126469490002,1.209126469490002,0.38525521774063615
1.0,-0.6478603898970277,0.35213961010297234,-0.6478603898970277,0.7346390493056414
1.0,1.0614935714409515,2.0614935714409515,2.0614935714409515,0.2406361764063613
1.0,-1.3787950265066473,-0.3787950265066473,-0.3787950265066473,0.6906235406478941
1.0,1.5709992901386693,2.570999290138669,2.570999290138669,0.17410638748603322
1.0,1.1336923485422694,2.1336923485422696,1.1336923485422694,0.3996427482784197
1.0,0.1835955801226029,1.1835955801226028,0.1835955801226029,0.5873748227464565
1.0,-0.34485320025232347,0.6551467997476765,-0.34485320025232347,0.684792033685386
1.0,-0.7578654760597218,0.24213452394027823,0.24213452394027823,0.5759800163406832
1.0,0.4074692513483667,1.4074692513483666,0.4074692513483667,0.5433966841761146
1.0,3.0957204485270378,4.095720448527038,3.0957204485270378,0.12168427343707702
1.0,0.8677196692461411,1.867719669246141,0.8677196692461411,0.4516080191643721
1.0,0.11352290417863323,1.1135229041786332,1.1135229041786332,0.4035203215490393
1.0,1.9267875758892181,2.926787575889218,1.9267875758892181,0.26087415700140787
1.0,-0.3763499155274911,0.6236500844725089,-0.3763499155274911,0.69020544173803
1.0,0.3749772594273476,1.3749772594273475,0.3749772594273476,0.549838500243279
1.0,-0.5624263777423808,0.4375736222576192,0.4375736222576192,0.5374152033753842
1.0,-0.6408939392456281,0.3591060607543719,-0.6408939392456281,0.7335511724420453
1.0,-0.04435699054941633,0.9556430094505837,-0.04435699054941633,0.630761627987863
1.0,0.08976380184945315,1.089763801849453,1.089763801849453,0.4081034826887926
1.0,0.7850779277166221,1.785077927716622,0.7850779277166221,0.46802809735443074
1.0,-1.016397176762318,-0.01639717676231811,-0.01639717676231811,0.625537060961783
1.0,1.340563084545097,2.340563084545097,1.340563084545097,0.3606715847166665
1.0,0.308511059832404,1.3085110598324041,1.3085110598324041,0.36660509709581224
1.0,0.7522218819903226,1.7522218819903226,1.7522218819903226,0.2886853564403002
1.0,1.1379615065639752,2.1379615065639754,1.1379615065639752,0.398823595963369
1.0,-0.006372940258185356,0.9936270597418146,-0.006372940258185356,0.6236567127287159
1.0,0.6913019581108228,1.6913019581108228,0.6913019581108228,0.48674271641083006
1.0,-0.6726937249731597,0.3273062750268403,-0.6726937249731597,0.7384938513761587
1.0,1.9841359287774507,2.9841359287774507,2.9841359287774507,0.13155162947831586
1.0,0.9507933312942093,1.9507933312942094,1.9507933312942094,0.257188188066916
1.0,0.3926643280953752,1.3926643280953752,1.3926643280953752,0.3511173324939887
1.0,0.501406000006001,1.501406000006001,0.501406000006001,0.5246986814560451
1.0,0.04381770463311363,1.0438177046331136,0.04381770463311363,0.6141868081500292
1.0,2.2114650017386746,3.2114650017386746,2.2114650017386746,0.21939902474323428
1.0,0.96277040921476,1.96277040921476,0.96277040921476,0.43285398775115763
1.0,-1.6441057633122358,-0.6441057633122358,-1.6441057633122358,0.859999355137746
1.0,0.6963231359755502,1.6963231359755502,1.6963231359755502,0.29795427360201704
1.0,0.41687007675725396,1.416870076757254,0.41687007675725396,0.5415300821366789
1.0,1.4346160760028919,2.434616076002892,1.4346160760028919,0.34350963404371954
1.0,0.5006716743321538,1.5006716743321538,0.5006716743321538,0.5248451860953556
1.0,-0.7195487284148214,0.2804512715851786,0.2804512715851786,0.5684767397839668
1.0,-0.4935110036450303,0.5064889963549697,-0.4935110036450303,0.7098815429253191
1.0,1.5433646136675323,2.5433646136675323,2.5433646136675323,0.17730827216252545
1.0,0.12882779899251412,1.1288277989925142,1.1288277989925142,0.40057682686579194
1.0,-0.9253799858488119,0.07462001415118813,-0.9253799858488119,0.7756169234660832
1.0,0.8343547351114695,1.8343547351114695,0.8343547351114695,0.4582266554013595
1.0,0.2737467404498748,1.2737467404498748,1.2737467404498748,0.37308670675662176
1.0,-1.1897177338971199,-0.18971773389711988,-0.18971773389711988,0.6574101602387905
1.0,-0.8670191062653431,0.13298089373465694,0.13298089373465694,0.5971527017766166
1.0,0.8843430548572627,1.8843430548572626,0.8843430548572627,0.4483166514128106
1.0,1.4108031998443313,2.4108031998443313,1.4108031998443313,0.34781839691231664
1.0,1.8136337693176787,2.8136337693176787,2.8136337693176787,0.14793283339130534
1.0,0.5748671115586709,1.574867111558671,1.574867111558671,0.31866934787108064
1.0,0.8104131712617643,1.8104131712617644,0.8104131712617643,0.46298520733670057
1.0,-0.8317553853232831,0.16824461467671692,-0.8317553853232831,0.7623133185062485
1.0,1.4289976456856395,2.4289976456856395,1.4289976456856395,0.34452395901295774
1.0,-0.5848723314080563,0.4151276685919437,-0.5848723314080563,0.7247002994961498
1.0,2.023842076647731,3.023842076647731,2.023842076647731,0.24618315028924861
1.0,0.8872467642452757,1.8872467642452757,1.8872467642452757,0.2670194995486532
1.0,-0.6187374539713071,0.3812625460286929,-0.6187374539713071,0.7300724060622289
1.0,0.050990014085244575,1.0509900140852446,1.0509900140852446,0.4156171008960506
1.0,0.8623142516191356,1.8623142516191356,1.8623142516191356,0.2709414296763601
1.0,0.3232186301707853,1.3232186301707853,0.3232186301707853,0.5600648117977979
1.0,0.47342650331287195,1.473426503312872,1.473426503312872,0.33654231100428195
1.0,0.2907935314956822,1.2907935314956822,0.2907935314956822,0.5664459452269898
1.0,0.700936136742971,1.700936136742971,0.700936136742971,0.48481744154500017
1.0,1.8645833362370006,2.8645833362370006,2.8645833362370006,0.14286850652826485
1.0,0.7802790440493114,1.7802790440493115,1.7802790440493115,0.2840981630720162
1.0,-1.3870228163085905,-0.3870228163085905,-1.3870228163085905,0.8333583791350032
1.0,1.959387564506069,2.959387564506069,1.959387564506069,0.2558768918271727
1.0,0.810995206804707,1.810995206804707,1.810995206804707,0.27912698726281404
1.0,2.378707468787029,3.378707468787029,2.378707468787029,0.19734587779883334
1.0,0.012891878559895709,1.0128918785598957,1.0128918785598957,0.42303821822402005
1.0,1.0403957835273612,2.0403957835273614,2.0403957835273614,0.24373382905934482
1.0,-0.6045002309643751,0.3954997690356249,0.3954997690356249,0.5457715421887249
1.0,-0.9528737289537229,0.04712627104627709,0.04712627104627709,0.6135594169447572
1.0,2.327323017642605,3.327323017642605,2.327323017642605,0.2039384273085105
1.0,-0.9432474402465171,0.05675255975348292,0.05675255975348292,0.6117318805118643
1.0,-0.48737843290002414,0.5126215670999759,0.5126215670999759,0.5224605604870494
1.0,-1.3596977861831667,-0.3596977861831667,-1.3596977861831667,0.8303004677823771
1.0,0.8063979405327659,1.806397940532766,0.8063979405327659,0.46378394676686846
1.0,1.8960223070497764,2.896022307049776,2.896022307049776,0.1398161445311846
1.0,-0.472938277195606,0.527061722804394,0.527061722804394,0.5195776411625282
1.0,0.23098179454562584,1.2309817945456258,0.23098179454562584,0.5781575641636613
1.0,0.6435552246084081,1.643555224608408,1.643555224608408,0.30685919213184154
1.0,1.2408594299659979,2.240859429965998,2.240859429965998,0.21539826351447897
1.0,2.1374646191130466,3.1374646191130466,3.1374646191130466,0.11815992707601328
1.0,0.7034642697418094,1.7034642697418094,0.7034642697418094,0.48431229683692784
1.0,1.0923845631302722,2.092384563130272,1.0923845631302722,0.4075971339769508
1.0,-1.3960420469569643,-0.3960420469569643,-1.3960420469569643,0.8343579866907456
1.0,-1.386414285739351,-0.3864142857393511,-0.3864142857393511,0.6919243861222689
1.0,0.7380265264712685,1.7380265264712684,1.7380265264712684,0.2910229098186505
1.0,-0.6318999335977142,0.36810006640228576,0.36810006640228576,0.5511998964441683
1.0,-0.15662755120008864,0.8433724487999114,-0.15662755120008864,0.6514234525265983
1.0,0.40593129311809323,1.4059312931180932,1.4059312931180932,0.34870303811946735
1.0,-0.8909936023737965,0.10900639762620346,-0.8909936023737965,0.7707930975684465
1.0,-0.21113946074223194,0.7888605392577681,-0.21113946074223194,0.6612593983766555
1.0,2.5625582425352653,3.5625582425352653,3.5625582425352653,0.08706206897011232
1.0,2.364736633450574,3.364736633450574,3.364736633450574,0.1004902389775214
1.0,-0.2826881042526269,0.7173118957473731,0.7173118957473731,0.48154600704531875
1.0,-0.6546019040717856,0.34539809592821435,0.34539809592821435,0.5556883841610322
1.0,0.07795538117918943,1.0779553811791893,1.0779553811791893,0.41038735511299546
1.0,0.49002550711641196,1.490025507116412,0.49002550711641196,0.526968699995712
1.0,-0.017046684835585746,0.9829533151644143,0.9829533151644143,0.4288945823236844
1.0,1.1940080219414806,2.194008021941481,2.194008021941481,0.22180018435591975
1.0,-1.0247569952640432,-0.02475699526404318,-1.0247569952640432,0.7891493609795455
1.0,2.81413613076886,3.81413613076886,3.81413613076886,0.07233860118228815
1.0,2.034237181306964,3.034237181306964,3.034237181306964,0.1270397774477566
1.0,1.281382784115865,2.281382784115865,1.281382784115865,0.3716590042566936
1.0,0.7560927060059962,1.756092706005996,1.756092706005996,0.2880498858220153
1.0,-1.6309400699871004,-0.6309400699871004,-0.6309400699871004,0.7319918630393561
1.0,-0.435804603992318,0.564195396007682,-0.435804603992318,0.7002825466951927
1.0,-0.17518405072899923,0.8248159492710008,0.8248159492710008,0.46012169122172325
1.0,-0.15649818864427956,0.8435018113557204,-0.15649818864427956,0.6513999525768416
1.0,-0.23416107619815504,0.7658389238018449,-0.23416107619815504,0.6653724553838193
1.0,0.9239088471663612,1.9239088471663612,1.9239088471663612,0.26131845997007097
1.0,2.6028337788890923,3.6028337788890923,3.6028337788890923,0.08453495821068985
1.0,-2.1495055885104684,-1.1495055885104684,-1.1495055885104684,0.8052764024209049
1.0,1.9434080361433785,2.9434080361433788,1.9434080361433785,0.25831853010563555
1.0,0.28570912202004173,1.2857091220200418,1.2857091220200418,0.3708511050613615
1.0,-2.690554126464278,-1.6905541264642778,-1.6905541264642778,0.8644137193940108
1.0,0.34472145043552105,1.3447214504355212,1.3447214504355212,0.3599048467448249
1.0,0.039025971012535854,1.0390259710125358,0.039025971012535854,0.6150947742228704
1.0,-0.8676566600482905,0.13234333995170955,0.13234333995170955,0.5972753923346602
1.0,0.5000605226499315,1.5000605226499315,0.5000605226499315,0.5249671131453135
1.0,0.9384724586463205,1.9384724586463205,0.9384724586463205,0.4376320242122117
1.0,-0.16319738671551487,0.8368026132844851,-0.16319738671551487,0.6526159556843286
1.0,-0.7075946375589691,0.2924053624410309,-0.7075946375589691,0.7438499083190505
1.0,0.3625603318983135,1.3625603318983135,0.3625603318983135,0.5522959752246602
1.0,-1.3420974118498026,-0.3420974118498026,-1.3420974118498026,0.8283072942639035
1.0,1.3026703426717643,2.3026703426717643,2.3026703426717643,0.20715896856741578
1.0,3.9405026923180797,4.94050269231808,4.94050269231808,0.030697302687254263
1.0,2.166278497208362,3.166278497208362,3.166278497208362,0.11577910565872783
1.0,0.756653576733559,1.7566535767335592,1.7566535767335592,0.287957877157844
1.0,-1.4435893802188096,-0.44358938021880956,-0.44358938021880956,0.7015880521363153
1.0,-0.5307941007555579,0.4692058992444421,0.4692058992444421,0.5311185477378413
1.0,-0.7644534659584832,0.23554653404151682,0.23554653404151682,0.5772666703317553
1.0,-0.4400938074326566,0.5599061925673434,0.5599061925673434,0.5130158202497257
1.0,0.608982640190016,1.608982640190016,1.608982640190016,0.3127731848123812
1.0,2.27384273902843,3.27384273902843,2.27384273902843,0.21097236517041454
1.0,0.3222236791418458,1.3222236791418458,1.3222236791418458,0.3640615249645657
1.0,-0.0737495659726849,0.9262504340273151,-0.0737495659726849,0.6362210476574588
1.0,1.3960936972329996,2.396093697233,2.396093697233,0.19515195913519598
1.0,0.8981727203980634,1.8981727203980634,0.8981727203980634,0.4455818630759854
1.0,0.8466512750644588,1.8466512750644588,1.8466512750644588,0.27342367513239607
1.0,-1.580129594223955,-0.580129594223955,-0.580129594223955,0.7239426765450387
1.0,-0.4872807419893819,0.5127192580106181,-0.4872807419893819,0.7088539735146425
1.0,0.9118457571074359,1.9118457571074359,1.9118457571074359,0.26318558765315453
1.0,-0.37435827017213447,0.6256417298278656,0.6256417298278656,0.4998716540372458
1.0,0.647050848909312,1.6470508489093119,1.6470508489093119,0.30626470760896946
1.0,2.4314254660218397,3.4314254660218397,3.4314254660218397,0.09576947144624515
1.0,1.0759458296471316,2.0759458296471314,2.0759458296471314,0.23852982260427458
1.0,0.6709577754637182,1.6709577754637182,1.6709577754637182,0.3022162921565935
1.0,-0.4597378044228513,0.5402621955771487,-0.4597378044228513,0.7042856857033027
1.0,2.6227987760024973,3.6227987760024973,3.6227987760024973,0.08330707856596359
1.0,-0.6495321043103386,0.3504678956896614,-0.6495321043103386,0.7348996807272412
1.0,0.7461943303124019,1.746194330312402,1.746194330312402,0.2896765520031581
1.0,-0.7870023140456228,0.21299768595437718,0.21299768595437718,0.5816624979621142
1.0,0.8822016053817522,1.882201605381752,0.8822016053817522,0.448740402586032
1.0,-0.9652769262497992,0.034723073750200784,0.034723073750200784,0.6159094303901506
1.0,1.7988228840378129,2.798822884037813,2.798822884037813,0.1494325865162096
1.0,-0.4451308121197935,0.5548691878802066,0.5548691878802066,0.5140224843653471
1.0,0.33433437391759335,1.3343343739175935,0.33433437391759335,0.5578725890992045
1.0,0.8999613356948436,1.8999613356948437,1.8999613356948437,0.26503342564762056
1.0,0.3419018037781992,1.3419018037781991,0.3419018037781992,0.5563788604405647
1.0,0.6782178601102242,1.6782178601102242,1.6782178601102242,0.30099288633075155
1.0,-0.19711101850546853,0.8028889814945315,0.8028889814945315,0.46448212720862
1.0,-2.243119921408508,-1.2431199214085078,-2.243119921408508,0.908420167853096
1.0,1.5153196993105211,2.5153196993105214,2.5153196993105214,0.1806047302982088
1.0,-1.9734394677163745,-0.9734394677163745,-1.9734394677163745,0.8888207256630518
1.0,-0.06205106619641931,0.9379489338035807,0.9379489338035807,0.437735102761124
1.0,1.5746620936173517,2.5746620936173517,1.5746620936173517,0.31870495959436096
1.0,0.4661919659040935,1.4661919659040934,1.4661919659040934,0.3378358022557356
1.0,0.9076568332119749,1.9076568332119748,1.9076568332119748,0.26383595249826425
1.0,2.336186566118408,3.336186566118408,2.336186566118408,0.2027896634810398
1.0,0.35652578400509893,1.356525784005099,1.356525784005099,0.3577322141723152
1.0,1.2055398202063676,2.2055398202063676,2.2055398202063676,0.22021191637083415
1.0,0.49331141445484683,1.4933114144548467,1.4933114144548467,0.3329996500356264
1.0,0.851401744364454,1.8514017443644541,0.851401744364454,0.45484303139686766
1.0,-0.9377099005494942,0.06229009945050579,-0.9377099005494942,0.7773289276530901
1.0,-0.14430275613684934,0.8556972438631507,-0.14430275613684934,0.6491812408253369
1.0,3.1444330743930324,4.144433074393032,3.1444330743930324,0.11758028228136179
1.0,2.1645523932353274,3.1645523932353274,3.1645523932353274,0.11592054763507938
1.0,-0.14209313585964356,0.8579068641403564,0.8579068641403564,0.4535529254711657
1.0,-1.7341125151587236,-0.7341125151587236,-1.7341125151587236,0.8684462305808662
1.0,1.3605190665178784,2.3605190665178784,1.3605190665178784,0.35699855136088277
1.0,-1.336941086730372,-0.33694108673037193,-0.33694108673037193,0.6834241624691135
1.0,0.3096471546424775,1.3096471546424775,0.3096471546424775,0.5627381669195803
1.0,1.7381560876314808,2.7381560876314808,1.7381560876314808,0.2910015245461497
1.0,-0.3715323718840797,0.6284676281159203,-0.3715323718840797,0.6893807611904684
1.0,-0.3856644884282547,0.6143355115717453,0.6143355115717453,0.5021328847482915
1.0,-1.5065477820060393,-0.5065477820060393,-1.5065477820060393,0.8462176396728176
1.0,0.6981216526710377,1.6981216526710377,1.6981216526710377,0.2976533937055146
1.0,0.706158428649973,1.7061584286499731,0.706158428649973,0.4837740138988617
1.0,-1.4017912542755446,-0.40179125427554463,-1.4017912542755446,0.8349926636907137
1.0,-0.533073757270518,0.466926242729482,0.466926242729482,0.531572687111924
1.0,1.6596934689223137,2.6596934689223137,2.6596934689223137,0.16413816671379441
1.0,0.036894948855187064,1.036894948855187,0.036894948855187064,0.615498315983933
1.0,0.9407947140486927,1.9407947140486927,1.9407947140486927,0.258719281693112
1.0,0.3974587694452365,1.3974587694452365,0.3974587694452365,0.5453829976528828
1.0,-0.07943731422888362,0.9205626857711164,-0.07943731422888362,0.6372735088665742
1.0,0.5008511200752236,1.5008511200752235,0.5008511200752236,0.5248093854341976
1.0,0.4459627406358322,1.4459627406358322,1.4459627406358322,0.34146551575968176
1.0,0.2151563256233055,1.2151563256233056,0.2151563256233055,0.5812422272306188
1.0,-0.231010599494481,0.768989400505519,-0.231010599494481,0.6648110538601958
1.0,-0.21142792056155674,0.7885720794384432,0.7885720794384432,0.4673321870425919
1.0,-0.3265781533675336,0.6734218466324664,0.6734218466324664,0.4903168415158566
1.0,0.5886880634982887,1.5886880634982887,1.5886880634982887,0.31627354054121004
1.0,-1.4010909905162157,-0.40109099051621566,-1.4010909905162157,0.8349154633796709
1.0,0.97335611980177,1.97335611980177,0.97335611980177,0.4307762208105279
1.0,1.0384177321397643,2.0384177321397643,2.0384177321397643,0.24402563498387805
1.0,1.5534317892857599,2.55343178928576,2.55343178928576,0.17613652420422066
1.0,1.6119264347963935,2.6119264347963935,1.6119264347963935,0.3122672023647606
1.0,0.19548652423789964,1.1954865242378996,1.1954865242378996,0.387842750140866
1.0,1.6146930129921455,2.6146930129921455,2.6146930129921455,0.16913720683833275
1.0,-0.4101224604386754,0.5898775395613246,0.5898775395613246,0.5070240299736205
1.0,0.6947747034491989,1.694774703449199,0.6947747034491989,0.4860486816352484
1.0,0.8829280747507992,1.882928074750799,1.882928074750799,0.2676962470389598
1.0,0.08030104914848579,1.0803010491484857,1.0803010491484857,0.4099333673661568
1.0,0.41123449147613483,1.4112344914761348,0.41123449147613483,0.5426492117844155
1.0,2.1696748840120885,3.1696748840120885,2.1696748840120885,0.2251783869448275
1.0,0.4391385561301195,1.4391385561301195,0.4391385561301195,0.5371039546596125
1.0,-0.9454583334197044,0.05454166658029558,0.05454166658029558,0.6121518953774018
1.0,-0.3168707854915601,0.6831292145084399,0.6831292145084399,0.48837625178068644
1.0,-0.18528204533163606,0.8147179546683639,0.8147179546683639,0.4621290790037129
1.0,2.088883648743808,3.088883648743808,3.088883648743808,0.12227004251018689
1.0,1.725427355497037,2.725427355497037,2.725427355497037,0.15705020306320408
1.0,1.738482762987917,2.7384827629879167,1.738482762987917,0.2909476078585382
1.0,0.19522329948401124,1.1952232994840113,1.1952232994840113,0.3878927473365816
1.0,-0.6313424268799745,0.36865757312002545,0.36865757312002545,0.5510895617545081
1.0,1.3561223706175365,2.3561223706175367,1.3561223706175365,0.3578063681446732
1.0,-0.25093184195074847,0.7490681580492515,-0.25093184195074847,0.6683530325253301
1.0,2.61558615476421,3.61558615476421,3.61558615476421,0.08374878440980543
1.0,0.40232155943445264,1.4023215594344527,1.4023215594344527,0.3493591674031359
1.0,0.2230903928629976,1.2230903928629977,1.2230903928629977,0.38261293079705855
1.0,0.9345634745546206,1.9345634745546207,1.9345634745546207,0.25967647070973027
1.0,1.5352986652488894,2.5352986652488894,2.5352986652488894,0.1782514971531445
1.0,0.02703993488832701,1.027039934888327,0.02703993488832701,0.6173624400556178
1.0,0.9585736237640619,1.9585736237640619,1.9585736237640619,0.2560008935328388
1.0,0.2561301347265064,1.2561301347265064,1.2561301347265064,0.37638887928445103
1.0,-0.1486554678619436,0.8513445321380564,-0.1486554678619436,0.6499738747884769
1.0,0.0009758552570331425,1.0009758552570331,0.0009758552570331425,0.6222758499836105
1.0,0.9204156286148002,1.9204156286148002,1.9204156286148002,0.2618582595907359
1.0,0.281496444612286,1.281496444612286,1.281496444612286,0.371637770124241
1.0,0.15161703230632606,1.151617032306326,1.151617032306326,0.3962072383095498
1.0,1.5828043831387162,2.582804383138716,1.5828043831387162,0.3172922708770417
1.0,2.4425099909990653,3.4425099909990653,3.4425099909990653,0.0950043039355861
1.0,-0.08690292547744471,0.9130970745225553,-0.08690292547744471,0.638652950381003
1.0,0.3999189263951872,1.3999189263951872,0.3999189263951872,0.54489497641447
1.0,0.06919030351528044,1.0691903035152803,0.06919030351528044,0.6093659393002115
1.0,1.2635923573388355,2.2635923573388355,2.2635923573388355,0.2123406481361608
1.0,0.5169745520818313,1.5169745520818312,1.5169745520818312,0.3288083532592463
1.0,-0.21451715229931523,0.7854828477006848,-0.21451715229931523,0.6618644042931611
1.0,0.5202139138157656,1.5202139138157658,0.5202139138157656,0.5209449531702248
1.0,0.21446652878153316,1.214466528781533,1.214466528781533,0.38424395047468424
1.0,0.5566921193222412,1.5566921193222412,0.5566921193222412,0.5136581774460742
1.0,-0.9886321887973757,0.011367811202624312,0.011367811202624312,0.6203197809170342
1.0,0.9787558015128143,1.9787558015128144,0.9787558015128143,0.4297173026866466
1.0,0.334771136008287,1.334771136008287,1.334771136008287,0.36174071419538023
1.0,-0.004927911763287551,0.9950720882367124,-0.004927911763287551,0.6233853449924063
1.0,1.9898437233804307,2.9898437233804307,1.9898437233804307,0.25126537213286726
1.0,-2.315494291396188,-1.3154942913961878,-2.315494291396188,0.9131244410945781
1.0,0.7651408789707728,1.7651408789707728,1.7651408789707728,0.28656770745225035
1.0,0.536392788306054,1.536392788306054,0.536392788306054,0.5177140255183188
1.0,-0.2283209481284616,0.7716790518715384,0.7716790518715384,0.47069780480466045
1.0,0.806699439670481,1.806699439670481,0.806699439670481,0.4637239638212056
1.0,0.5803741763711273,1.5803741763711274,1.5803741763711274,0.3177135613941363
1.0,-1.5428254789467941,-0.5428254789467941,-1.5428254789467941,0.8499565591113232
1.0,0.569148427156612,1.569148427156612,0.569148427156612,0.5111684565577975
1.0,-0.45544326633980925,0.5445567336601908,0.5445567336601908,0.5160831029484139
1.0,0.8982038689689931,1.898203868968993,1.898203868968993,0.26530738665892944
1.0,-1.0719055002470983,-0.0719055002470983,-1.0719055002470983,0.795357053280696
1.0,0.7511001300363407,1.7511001300363407,0.7511001300363407,0.47480134050243383
1.0,-1.2873403388346887,-0.2873403388346887,-1.2873403388346887,0.8219876251780529
1.0,0.6062534882786129,1.6062534882786128,0.6062534882786129,0.5037492320725938
1.0,-0.10440949819691997,0.8955905018030801,-0.10440949819691997,0.6418787021508074
1.0,2.0119647300779384,3.0119647300779384,2.0119647300779384,0.2479507298667638
1.0,0.640869072860218,1.640869072860218,1.640869072860218,0.30731645007426495
1.0,-0.8518537086067324,0.14814629139326763,0.14814629139326763,0.5942307266642383
1.0,1.8268327703066816,2.8268327703066816,1.8268327703066816,0.2765847300140969
1.0,-0.23407888419221112,0.7659211158077889,0.7659211158077889,0.4718455898144743
1.0,0.06581212784715568,1.0658121278471557,0.06581212784715568,0.6100090591175938
1.0,1.4253635354548262,2.425363535454826,2.425363535454826,0.191500316163512
1.0,2.071889939600821,3.071889939600821,2.071889939600821,0.2391196704161379
1.0,0.4972827607115893,1.4972827607115893,0.4972827607115893,0.5255212493309755
1.0,1.6733970360748032,2.673397036074803,2.673397036074803,0.1626396305716085
1.0,-0.5114066748718289,0.4885933251281711,0.4885933251281711,0.5272542942243463
1.0,1.3410966738294652,2.3410966738294654,1.3410966738294652,0.36057315931718703
1.0,0.7454994916972957,1.7454994916972957,1.7454994916972957,0.28979094361853197
1.0,0.2902196675936791,1.290219667593679,0.2902196675936791,0.5665586876497144
1.0,1.7905925804411584,2.7905925804411584,2.7905925804411584,0.15027139329255318
1.0,0.7400281249336143,1.7400281249336143,1.7400281249336143,0.2906926308426529
1.0,-0.5862516118354348,0.41374838816456516,0.41374838816456516,0.5421500479329013
1.0,0.7794497823861619,1.779449782386162,1.779449782386162,0.28423311082915387
1.0,-0.15485567544254442,0.8451443245574556,-0.15485567544254442,0.6511015102856462
1.0,-1.0866262561416846,-0.08662625614168462,-0.08662625614168462,0.6386018700413113
1.0,0.25527412773781555,1.2552741277378154,0.25527412773781555,0.573410750779344
1.0,-0.0934172564338902,0.9065827435661098,0.9065827435661098,0.44392039692360036
1.0,2.519012288510525,3.519012288510525,2.519012288510525,0.18016797953836464
1.0,-0.4491682607047201,0.55083173929528,-0.4491682607047201,0.702521616260161
1.0,0.4942644796868167,1.4942644796868167,0.4942644796868167,0.526123295415135
1.0,0.022288030762100675,1.0222880307621007,1.0222880307621007,0.42120458080405826
1.0,1.5540948463246527,2.5540948463246527,2.5540948463246527,0.17605956316269739
1.0,1.1580378115315755,2.1580378115315755,2.1580378115315755,0.22680682624923676
1.0,0.9579574502031579,1.9579574502031578,1.9579574502031578,0.2560947921445727
1.0,0.5668571706114689,1.566857170611469,1.566857170611469,0.3200622511420584
1.0,3.010713198125055,4.010713198125055,3.010713198125055,0.1291415276410349
1.0,1.367444805963805,2.367444805963805,2.367444805963805,0.19877697964338764
1.0,-1.4313472329412456,-0.43134723294124555,-0.43134723294124555,0.699533577545913
1.0,-0.7522277403765384,0.2477722596234616,0.2477722596234616,0.574878130624158
1.0,0.21654982100130615,1.2165498210013062,1.2165498210013062,0.3838497001795309
1.0,2.1685556667470927,3.1685556667470927,3.1685556667470927,0.11559273724070332
1.0,0.12547206886305876,1.1254720688630588,0.12547206886305876,0.5985969210380305
1.0,-0.086787413750265,0.913212586249735,-0.086787413750265,0.6386316242994914
1.0,0.2825768950615653,1.2825768950615652,0.2825768950615653,0.5680595403560302
1.0,2.1071107768485584,3.1071107768485584,2.1071107768485584,0.2340309089810826
1.0,0.6930732428146346,1.6930732428146347,0.6930732428146346,0.4863887152300671
1.0,2.5026677227666507,3.5026677227666507,2.5026677227666507,0.18210743440692703
1.0,1.4030314103533137,2.4030314103533135,1.4030314103533137,0.3492300949891595
1.0,1.0279601126994686,2.0279601126994686,1.0279601126994686,0.4200987347924487
1.0,-0.518393590648232,0.481606409351768,-0.518393590648232,0.7139640017649563
1.0,2.192487373736067,3.192487373736067,3.192487373736067,0.11364984458539348
1.0,1.0388838464143624,2.0388838464143624,1.0388838464143624,0.41797127864526734
1.0,1.3417950522830617,2.3417950522830617,2.3417950522830617,0.2020652693996931
1.0,1.511792539728139,2.5117925397281393,2.5117925397281393,0.18102268475835398
1.0,0.9336732819494702,1.9336732819494702,0.9336732819494702,0.43857715056961066
1.0,-0.5495701555058214,0.45042984449417856,0.45042984449417856,0.5348573951075901
1.0,0.6184664141587704,1.6184664141587704,0.6184664141587704,0.5013067141932777
1.0,1.6344809878874231,2.6344809878874234,1.6344809878874231,0.3084054009008825
1.0,0.24916223165775872,1.2491622316577586,1.2491622316577586,0.3776981846565256
1.0,-0.1851050273045058,0.8148949726954942,0.8148949726954942,0.4620938786914738
1.0,0.0997405148157838,1.0997405148157837,1.0997405148157837,0.40617696577835133
1.0,-0.3255405118721445,0.6744594881278555,-0.3255405118721445,0.6814476072081221
1.0,1.643403216111364,2.643403216111364,1.643403216111364,0.3068850580951693
1.0,0.41683873805825955,1.4168387380582597,0.41683873805825955,0.5415363066289167
1.0,-1.5456008814284035,-0.5456008814284035,-1.5456008814284035,0.8502394977130636
1.0,1.5172484527351993,2.517248452735199,1.5172484527351993,0.32875999661581046
1.0,1.4822629113009511,2.482262911300951,2.482262911300951,0.18455140703550185
1.0,2.033577449637666,3.033577449637666,2.033577449637666,0.2447406799542971
1.0,0.8301283510446558,1.8301283510446558,1.8301283510446558,0.2760575222141912
1.0,-1.1633815423925848,-0.16338154239258484,-1.1633815423925848,0.8070111755965739
1.0,1.0161563028791127,2.0161563028791125,1.0161563028791127,0.4224009302608259
1.0,0.37596919504605664,1.3759691950460566,1.3759691950460566,0.35416632457239605
1.0,0.9532188768180552,1.9532188768180552,0.9532188768180552,0.4347307969162005
1.0,-0.9844858406292473,0.015514159370752734,0.015514159370752734,0.619538220918817
1.0,0.814059575618009,1.8140595756180091,0.814059575618009,0.4622600020209506
1.0,0.9369642107710995,1.9369642107710994,1.9369642107710994,0.2593074183026536
1.0,-1.0009865401009812,-0.0009865401009812036,-0.0009865401009812036,0.6226447857370369
1.0,-0.830859639619775,0.16914036038022495,-0.830859639619775,0.7621834527347064
1.0,0.3792592217522973,1.3792592217522972,1.3792592217522972,0.3535645269823926
1.0,1.7855000704666617,2.7855000704666617,2.7855000704666617,0.1507923445000366
1.0,1.5945234876107302,2.59452348761073,2.59452348761073,0.17141686341633103
1.0,0.1508192223603424,1.1508192223603424,0.1508192223603424,0.5937150240368007
1.0,-0.5108813693917797,0.48911863060822025,0.48911863060822025,0.5271495440862064
1.0,1.2812162337553308,2.281216233755331,1.2812162337553308,0.37169012020526554
1.0,1.5541643803240184,2.5541643803240186,2.5541643803240186,0.17605149388228608
1.0,-0.2536271070681493,0.7463728929318507,-0.2536271070681493,0.668830798965733
1.0,1.1236679850992433,2.1236679850992433,1.1236679850992433,0.4015683915051257
1.0,0.4611571569147214,1.4611571569147215,1.4611571569147215,0.33873743054150457
1.0,0.7878824350966941,1.787882435096694,1.787882435096694,0.28286264839748365
1.0,1.9339893102435048,2.933989310243505,1.9339893102435048,0.25976478444821105
1.0,-0.44559785557735876,0.5544021444226412,0.5544021444226412,0.5141158190989374
1.0,0.6551312122109341,1.655131212210934,1.655131212210934,0.30489298418909605
1.0,0.12449373362477109,1.1244937336247711,0.12449373362477109,0.5987849649713517
1.0,0.441938198829442,1.441938198829442,1.441938198829442,0.3421898735884952
1.0,0.5064660015986703,1.5064660015986702,1.5064660015986702,0.33066635066774475
1.0,-1.219880903749483,-0.2198809037494831,-1.219880903749483,0.8139532162752399
1.0,0.20238129451816705,1.202381294518167,1.202381294518167,0.38653399387439275
1.0,-0.3530934207376033,0.6469065792623967,0.6469065792623967,0.4956187962819784
1.0,3.555678393877553,4.555678393877553,3.555678393877553,0.08750052513305265
1.0,-1.1808221548559157,-0.18082215485591568,-1.1808221548559157,0.8091748905943136
1.0,-0.2429633312962589,0.7570366687037411,0.7570366687037411,0.47361719233748106
1.0,0.5712467684505276,1.5712467684505276,1.5712467684505276,0.3192985146430276
1.0,1.8185995156104302,2.81859951561043,1.8185995156104302,0.2779045521014963
1.0,-0.09814007060442143,0.9018599293955786,-0.09814007060442143,0.6407249587345313
1.0,1.8687740802741797,2.8687740802741795,1.8687740802741797,0.2699218197173379
1.0,3.118662059752338,4.118662059752338,4.118662059752338,0.057598783948395335
1.0,2.5855371041935142,3.5855371041935142,2.5855371041935142,0.17244036802677234
1.0,1.0628789336611326,2.062878933661133,1.0628789336611326,0.4133089106728896
1.0,-0.18008941648793864,0.8199105835120614,0.8199105835120614,0.4610966749794047
1.0,2.605636347631072,3.605636347631072,3.605636347631072,0.08436160981319316
1.0,-0.3035831837168698,0.6964168162831301,0.6964168162831301,0.4857205208258263
1.0,0.7444951329966585,1.7444951329966585,1.7444951329966585,0.28995633892588096
1.0,0.10141081660810893,1.101410816608109,0.10141081660810893,0.6032131415271428
1.0,0.7159201197649171,1.7159201197649172,1.7159201197649172,0.29468529649061187
1.0,1.383368052021206,2.383368052021206,1.383368052021206,0.3528136087149083
1.0,1.5838228071251692,2.583822807125169,2.583822807125169,0.17263616653611905
1.0,1.1632280925511689,2.1632280925511687,1.1632280925511689,0.39398725072649743
1.0,0.20715976241883727,1.2071597624188373,1.2071597624188373,0.3856279108557187
1.0,1.9974082086387703,2.9974082086387703,1.9974082086387703,0.250128594869491
1.0,0.23805656101651948,1.2380565610165195,1.2380565610165195,0.37978868402551036
1.0,0.13545567062245767,1.1354556706224577,1.1354556706224577,0.3993043393756139
1.0,1.031721187374121,2.0317211873741208,1.031721187374121,0.4193659057900609
1.0,-0.4496171029362594,0.5503828970637406,-0.4496171029362594,0.7025966518359448
1.0,2.5557754181820065,3.5557754181820065,3.5557754181820065,0.08749432787040522
1.0,-0.32018865668991603,0.679811343310084,0.679811343310084,0.4890394874675939
1.0,-1.0542151276748837,-0.05421512767488368,-0.05421512767488368,0.6325965053788896
1.0,-0.517812541056704,0.48218745894329595,0.48218745894329595,0.5285314796775401
1.0,0.8538875101292003,1.8538875101292003,1.8538875101292003,0.272275126119817
1.0,-1.5877953609212372,-0.5877953609212372,-0.5877953609212372,0.7251665926418494
1.0,3.3338412602410923,4.333841260241092,4.333841260241092,0.04893576858473931
1.0,-0.33713563663544854,0.6628643633645515,0.6628643633645515,0.49242770633014205
1.0,0.6511169412603242,1.6511169412603242,0.6511169412603242,0.49477680175804195
1.0,0.8624021101606979,1.8624021101606978,1.8624021101606978,0.27092754598910046
1.0,0.6782479584977168,1.6782479584977168,1.6782479584977168,0.3009878202866972
1.0,0.8844099720312906,1.8844099720312906,1.8844099720312906,0.2674639081055452
1.0,1.4918053648162077,2.4918053648162077,2.4918053648162077,0.1834053207725791
1.0,1.1165062666354724,2.116506266635472,1.1165062666354724,0.4029459976720578
1.0,-1.5498515378937,-0.5498515378936999,-1.5498515378937,0.8506719788838111
1.0,-0.7940264721729972,0.20597352782700284,-0.7940264721729972,0.756801161394413
1.0,0.3957984128213829,1.395798412821383,0.3957984128213829,0.545712313319283
1.0,0.21760183361640328,1.2176018336164032,1.2176018336164032,0.38365067119497553
1.0,1.2029185992694242,2.2029185992694242,2.2029185992694242,0.22057221760174234
1.0,0.46651246435822613,1.4665124643582261,1.4665124643582261,0.3377784475264473
1.0,-0.007503473829640894,0.9924965261703591,0.9924965261703591,0.4270255640449084
1.0,-3.5512495574813125,-2.5512495574813125,-3.5512495574813125,0.9658088680912019
1.0,0.7950039529048029,1.795003952904803,0.7950039529048029,0.4660515216490341
1.0,-1.149114818901637,-0.14911481890163691,-1.149114818901637,0.805227377627786
1.0,1.2613386838964817,2.261338683896482,2.261338683896482,0.21264234981450217
1.0,2.3794440825909096,3.3794440825909096,2.3794440825909096,0.19725255046114057
1.0,1.3203953852759909,2.320395385275991,2.320395385275991,0.2048396510206379
1.0,2.012429741094396,3.012429741094396,2.012429741094396,0.2478813674543595
1.0,-0.42288323139052886,0.5771167686094711,0.5771167686094711,0.5095754753901107
1.0,-1.2416409628718343,-0.24164096287183434,-1.2416409628718343,0.8165749807120077
1.0,-0.5057375984423451,0.4942624015576549,0.4942624015576549,0.526123709906413
1.0,-1.374763584365518,-0.37476358436551793,-0.37476358436551793,0.689934022396737
1.0,-0.3732414615681551,0.6267585384318449,-0.3732414615681551,0.6896734659895489
1.0,1.2282618961258314,2.228261896125831,1.2282618961258314,0.3816361154423313
1.0,0.7082208130316344,1.7082208130316343,0.7082208130316344,0.48336198253862406
1.0,0.6324302094643739,1.632430209464374,0.6324302094643739,0.4985139624826521
1.0,-0.9714711470274656,0.02852885297253438,0.02852885297253438,0.6170810237490797
1.0,-0.4389346370438344,0.5610653629561656,-0.4389346370438344,0.7008078453277271
1.0,-0.513785757784255,0.48621424221574505,0.48621424221574505,0.5277286723169351
1.0,1.7541830799508245,2.7541830799508245,2.7541830799508245,0.154028702871088
1.0,3.2375172208135394,4.237517220813539,4.237517220813539,0.05264943128659776
1.0,1.8588115379137333,2.8588115379137333,2.8588115379137333,0.14343487761726348
1.0,-0.9192047759388404,0.08079522406115958,-0.9192047759388404,0.7747559893101399
1.0,-1.3107336399147345,-0.31073363991473446,-0.31073363991473446,0.6788707164310559
1.0,-0.7442670603547371,0.2557329396452629,0.2557329396452629,0.5733209640601945
1.0,0.2714986177925999,1.2714986177926,0.2714986177925999,0.5702328181343126
1.0,-0.30231030372741396,0.697689696272586,0.697689696272586,0.48546615618436745
1.0,1.0168707170367077,2.0168707170367077,2.0168707170367077,0.247219593989794
1.0,0.9639361152404341,1.963936115240434,0.9639361152404341,0.4326250654468626
1.0,1.3355395948383662,2.335539594838366,2.335539594838366,0.20287335096813366
1.0,1.1081331457981864,2.1081331457981864,2.1081331457981864,0.23388432462810962
1.0,0.5547498221410327,1.5547498221410327,0.5547498221410327,0.5140463387045071
1.0,-1.2482027900822612,-0.2482027900822612,-0.2482027900822612,0.6678689234608787
1.0,2.011735510616175,3.011735510616175,2.011735510616175,0.24798492570332714
1.0,-0.11679050157753738,0.8832094984224627,-0.11679050157753738,0.6441523098016477
1.0,-0.8026318703190339,0.19736812968096606,0.19736812968096606,0.5847018823148743
1.0,1.7322116916723949,2.732211691672395,1.7322116916723949,0.29198365532525666
1.0,1.275934844179128,2.275934844179128,1.275934844179128,0.37267737205432105
1.0,1.617144303761545,2.617144303761545,1.617144303761545,0.3113714490345435
1.0,-0.5846672206871752,0.41533277931282475,-0.5846672206871752,0.7246675610140457
1.0,0.5430679897112471,1.5430679897112471,1.5430679897112471,0.3242180039468458
1.0,-1.2135383927269987,-0.2135383927269987,-1.2135383927269987,0.8131836176594611
1.0,0.8071490937195878,1.8071490937195878,1.8071490937195878,0.27974652467384464
1.0,0.8643096239286793,1.8643096239286794,0.8643096239286793,0.45228372854149756
1.0,0.7370957022223374,1.7370957022223374,0.7370957022223374,0.47759587183008767
1.0,0.3170559166677691,1.317055916667769,0.3170559166677691,0.5612792054408784
1.0,0.00880882375142611,1.008808823751426,0.00880882375142611,0.6208018226423029
1.0,2.1099236472854286,3.1099236472854286,3.1099236472854286,0.12047508568631893
1.0,0.012514102555471585,1.0125141025554716,1.0125141025554716,0.4231119850512864
1.0,-0.640495066502902,0.359504933497098,0.359504933497098,0.5529002924637797
1.0,0.4182760664617301,1.41827606646173,0.4182760664617301,0.5412508111617597
1.0,1.7943233772502574,2.794323377250257,2.794323377250257,0.1498906829035535
1.0,0.2739441632658077,1.2739441632658077,1.2739441632658077,0.37304976684286306
1.0,-0.6175011533813082,0.3824988466186918,-0.6175011533813082,0.7298774547866944
1.0,0.4411432050132425,1.4411432050132424,0.4411432050132425,0.5367052090869939
1.0,0.06964704563872393,1.069647045638724,1.069647045638724,0.4119965992237083
1.0,1.6527198982731743,2.6527198982731743,1.6527198982731743,0.30530196807638604
1.0,-0.06166509338177589,0.938334906618224,-0.06166509338177589,0.6339806133582735
1.0,0.7563328068681865,1.7563328068681865,0.7563328068681865,0.4737575748465337
1.0,-0.1831777618722184,0.8168222381277817,-0.1831777618722184,0.6562308349959016
1.0,1.6901653656553761,2.690165365655376,2.690165365655376,0.1608209723579473
1.0,2.183420286992138,3.183420286992138,2.183420286992138,0.2232656243931104
1.0,0.43485118283585167,1.4348511828358517,1.4348511828358517,0.343467219994767
1.0,0.7892091090432578,1.7892091090432578,0.7892091090432578,0.46720532709963825
1.0,0.25490046485030826,1.2549004648503082,1.2549004648503082,0.376619810123957
1.0,1.3573865935842406,2.3573865935842404,2.3573865935842404,0.20006162091844878
1.0,0.2674487392789802,1.2674487392789802,0.2674487392789802,0.571026631209938
1.0,1.3335062445399228,2.333506244539923,1.3335062445399228,0.3619743818027541
1.0,1.6386247812429293,2.638624781242929,1.6386247812429293,0.3076987815999157
1.0,-1.4776691397113555,-0.4776691397113555,-0.4776691397113555,0.7072645146561748
1.0,-0.17665300868301337,0.8233469913169866,-0.17665300868301337,0.6550523312969724
1.0,0.8347746017188914,1.8347746017188915,0.8347746017188914,0.4581432693886023
1.0,0.9603637045242295,1.9603637045242295,1.9603637045242295,0.2557282314757247
1.0,-0.39395549068515523,0.6060445093148448,-0.39395549068515523,0.6932089118515751
1.0,0.008330781056822167,1.0083307810568223,0.008330781056822167,0.6208918461287907
1.0,-0.11621127792494203,0.883788722075058,0.883788722075058,0.4484263359083804
1.0,1.7395184687401932,2.7395184687401932,1.7395184687401932,0.29077670699832225
1.0,-0.3765243301143647,0.6234756698856353,-0.3765243301143647,0.6902352758714709
1.0,-0.1835256756217113,0.8164743243782887,-0.1835256756217113,0.6562936214916143
1.0,0.08376290616131088,1.083762906161311,1.083762906161311,0.4092636295125032
1.0,1.9242372449293392,2.9242372449293392,1.9242372449293392,0.2612677503591209
1.0,0.9969504176526482,1.9969504176526482,1.9969504176526482,0.2501972933450872
1.0,-1.1713813956643582,-0.17138139566435817,-0.17138139566435817,0.6540987754052716
1.0,2.3645887388557965,3.3645887388557965,2.3645887388557965,0.19914112662796862
1.0,-1.0175862620530216,-0.017586262053021606,-0.017586262053021606,0.6257598598338405
1.0,1.7610594914621447,2.7610594914621447,2.7610594914621447,0.15331324797370696
1.0,0.3674239689575731,1.3674239689575731,1.3674239689575731,0.35573153591538725
1.0,0.9640139940683388,1.9640139940683388,1.9640139940683388,0.25517281657211843
1.0,0.5966343458929755,1.5966343458929755,0.5966343458929755,0.5056728873854245
1.0,-0.14490387553014739,0.8550961244698526,-0.14490387553014739,0.6492907544951395
1.0,-0.35079280920981576,0.6492071907901842,-0.35079280920981576,0.6858167926664597
1.0,0.36654958516695374,1.3665495851669538,0.36654958516695374,0.5515067215845023
1.0,1.508384670625352,2.508384670625352,1.508384670625352,0.3303267177608854
1.0,1.289517416025163,2.289517416025163,1.289517416025163,0.37014054255482365
1.0,1.8302696593096555,2.8302696593096552,2.8302696593096552,0.1462631355254681
1.0,1.2691922285200665,2.2691922285200663,1.2691922285200665,0.3739393149038702
1.0,-1.3609776716005797,-0.3609776716005797,-1.3609776716005797,0.8304446893179387
1.0,0.5072199722903685,1.5072199722903685,0.5072199722903685,0.5235385931561167
1.0,-1.6620712632494985,-0.6620712632494985,-1.6620712632494985,0.86172086196071
1.0,-0.5339106997000986,0.46608930029990137,-0.5339106997000986,0.7164923695780114
1.0,-0.9314357238832806,0.06856427611671945,-0.9314357238832806,0.7764589273368069
1.0,0.017045930545641963,1.0170459305456419,1.0170459305456419,0.42222729992069064
1.0,2.770641446880469,3.770641446880469,2.770641446880469,0.1523208363724128
1.0,1.382545753670875,2.382545753670875,2.382545753670875,0.1968599408389352
1.0,-0.5657747050974031,0.43422529490259687,-0.5657747050974031,0.7216417284257215
1.0,-1.3431061334927035,-0.34310613349270347,-0.34310613349270347,0.6844902696467533
1.0,0.6427963201741718,1.6427963201741718,0.6427963201741718,0.49644079608400016
1.0,0.991785922383022,1.991785922383022,0.991785922383022,0.4271646632444625
1.0,1.4653425305490972,2.4653425305490972,1.4653425305490972,0.3379878358392402
1.0,0.6342915770765678,1.6342915770765678,1.6342915770765678,0.3084377216133828
1.0,1.760519043152596,2.760519043152596,2.760519043152596,0.1533693801259478
1.0,-0.7758500991961295,0.22414990080387054,-0.7758500991961295,0.7541148423956331
1.0,0.4161692433472768,1.4161692433472768,0.4161692433472768,0.5416692785652417
1.0,0.5594315325686762,1.5594315325686763,1.5594315325686763,0.32135641887737554
1.0,1.1817944313125537,2.1817944313125537,2.1817944313125537,0.22349126780353565
1.0,1.1414348336131133,2.141434833613113,1.1414348336131133,0.398157562455012
1.0,0.7143424437272874,1.7143424437272874,1.7143424437272874,0.2949476952148324
1.0,0.4070149020570039,1.407014902057004,1.407014902057004,0.34850618587761656
1.0,3.112169472352349,4.112169472352349,4.112169472352349,0.057881372824902834
1.0,0.028159385857786018,1.028159385857786,1.028159385857786,0.42005989841725505
1.0,1.5414313208837975,2.5414313208837975,2.5414313208837975,0.1775339923814914
1.0,1.015163622729104,2.015163622729104,2.015163622729104,0.2474738367414053
1.0,0.20052422093063907,1.200524220930639,1.200524220930639,0.3868863407563853
1.0,0.36815357644957036,1.3681535764495703,0.36815357644957036,0.5511893066297514
1.0,0.978034334532681,1.978034334532681,1.978034334532681,0.25304691588149025
1.0,1.4299637863093024,2.4299637863093024,2.4299637863093024,0.19093116507701346
1.0,-0.936506996267179,0.06349300373282096,0.06349300373282096,0.6104503409291817
1.0,1.205977038906282,2.205977038906282,1.205977038906282,0.38585210286161936
1.0,1.2416146405558282,2.241614640555828,1.2416146405558282,0.379118431479476
1.0,0.33941192643205975,1.3394119264320596,0.33941192643205975,0.5568704491299649
1.0,1.1962730364329568,2.196273036432957,2.196273036432957,0.22148758001367935
1.0,0.7112890291138153,1.7112890291138152,1.7112890291138152,0.29545592426024647
1.0,0.4709283389274228,1.4709283389274228,1.4709283389274228,0.33698869195803427
1.0,0.8359387377513708,1.8359387377513707,0.8359387377513708,0.4579120828507533
1.0,0.4121319881170894,1.4121319881170895,0.4121319881170894,0.5424710130120667
1.0,1.904641073401032,2.9046410734010317,1.904641073401032,0.2643048118947144
1.0,-1.739113018583613,-0.739113018583613,-1.739113018583613,0.8689025928373902
1.0,1.1606912207426636,2.1606912207426636,1.1606912207426636,0.3944719202806968
1.0,0.2186525688932159,1.218652568893216,1.218652568893216,0.3834519227718391
1.0,1.8609930574249476,2.8609930574249476,1.8609930574249476,0.2711502629027948
1.0,0.058758010691382534,1.0587580106913825,1.0587580106913825,0.4141085469507597
1.0,0.6425167358647961,1.642516735864796,1.642516735864796,0.3070359269239428
1.0,0.9353308622950638,1.9353308622950638,0.9353308622950638,0.4382506640716598
1.0,0.4982170794744749,1.498217079474475,1.498217079474475,0.3321285408053222
1.0,-0.47298514394840685,0.5270148560515932,-0.47298514394840685,0.7064880876333485
1.0,0.6938272322830006,1.6938272322830006,0.6938272322830006,0.4862380303296552
1.0,0.1336810655813805,1.1336810655813805,1.1336810655813805,0.399644913962783
1.0,1.0726426026481504,2.07264260264815,2.07264260264815,0.23901013513854194
1.0,0.3787350449948209,1.378735044994821,1.378735044994821,0.3536603761346424
1.0,0.24268230320587691,1.242682303205877,1.242682303205877,0.3789174005691868
1.0,2.1235763700655568,3.1235763700655568,3.1235763700655568,0.11932255150033387
1.0,-1.392179329816937,-0.39217932981693693,-0.39217932981693693,0.6929066395627518
1.0,1.4627177024538236,2.4627177024538236,2.4627177024538236,0.1869161436510483
1.0,0.9106668774603496,1.9106668774603497,0.9106668774603496,0.4431139940443984
1.0,-0.17989540398522996,0.82010459601477,0.82010459601477,0.46105810761729704
1.0,-0.31124394439358827,0.6887560556064117,0.6887560556064117,0.48725155250986935
1.0,-0.5533211396451251,0.4466788603548749,0.4466788603548749,0.5356038672240022
1.0,1.7420032804498495,2.7420032804498495,2.7420032804498495,0.15530264729807827
1.0,1.32307774293361,2.3230777429336102,1.32307774293361,0.363903352883043
1.0,1.0616613762994798,2.0616613762994795,2.0616613762994795,0.24061164682039166
1.0,-1.3375170409742096,-0.33751704097420965,-0.33751704097420965,0.6835238427728821
1.0,2.552565674172933,3.552565674172933,3.552565674172933,0.08769955552342641
1.0,0.5672161034145853,1.5672161034145853,0.5672161034145853,0.5115547217386401
1.0,0.19794246544389804,1.197942465443898,0.19794246544389804,0.5845903072376605
1.0,0.46395031096292516,1.4639503109629253,0.46395031096292516,0.5321654554195832
1.0,0.9985855160430394,1.9985855160430392,0.9985855160430394,0.4258341323512729
1.0,0.6068583123346413,1.6068583123346412,1.6068583123346412,0.3131385938156091
1.0,1.6611818966909953,2.6611818966909953,2.6611818966909953,0.16397486598513347
1.0,-1.4915441068894808,-0.4915441068894808,-0.4915441068894808,0.7095573704364211
1.0,-1.9676610220590653,-0.9676610220590653,-0.9676610220590653,0.7814487140936155
1.0,-0.5828662262824508,0.4171337737175492,0.4171337737175492,0.5414777061345287
1.0,1.5048582297239754,2.5048582297239754,2.5048582297239754,0.1818465689460961
1.0,-0.47436405380740515,0.5256359461925948,0.5256359461925948,0.5198623529142864
1.0,1.4045010863915328,2.404501086391533,1.4045010863915328,0.3489629335992517
1.0,0.4340140585103651,1.4340140585103651,1.4340140585103651,0.3436182513682864
1.0,0.5502906409112837,1.5502906409112835,1.5502906409112835,0.3229533017220126
1.0,1.6511618043544405,2.6511618043544405,2.6511618043544405,0.16507672845894325
1.0,-1.4476984574653353,-0.4476984574653353,-0.4476984574653353,0.7022758242991249
1.0,1.3977278257922023,2.3977278257922023,1.3977278257922023,0.3501949806695404
1.0,-0.10599442849808619,0.8940055715019138,0.8940055715019138,0.4464055692703073
1.0,0.9988164070839606,1.9988164070839605,1.9988164070839605,0.24991735217257
1.0,0.5064294133530554,1.5064294133530554,0.5064294133530554,0.5236963521727129
1.0,3.3759715959879335,4.3759715959879335,4.3759715959879335,0.047390770758426126
1.0,2.218346949694421,3.218346949694421,3.218346949694421,0.1115825002765204
1.0,-0.3921845630804316,0.6078154369195684,-0.3921845630804316,0.6929075304185026
1.0,-0.10975800765192678,0.8902419923480732,-0.10975800765192678,0.6428616752671871
1.0,1.0320204334233078,2.032020433423308,1.0320204334233078,0.41930761422978724
1.0,-0.23935667713771888,0.7606433228622811,-0.23935667713771888,0.6662972669157005
1.0,1.02315883325845,2.0231588332584503,2.0231588332584503,0.2462845997717919
1.0,2.063765141835926,3.063765141835926,3.063765141835926,0.1244430394477669
1.0,0.31729979554552046,1.3172997955455203,1.3172997955455203,0.36497399729558033
1.0,-0.9751563537902312,0.024843646209768755,0.024843646209768755,0.6177774108707849
1.0,0.03323312460349326,1.0332331246034934,1.0332331246034934,0.41907141142231324
1.0,-0.3142185505675629,0.685781449432437,0.685781449432437,0.48784610474786355
1.0,-0.03381995906102489,0.9661800409389751,-0.03381995906102489,0.6287962017127025
1.0,0.07746591197599884,1.0774659119759988,1.0774659119759988,0.4104821077602823
1.0,2.002068075255974,3.002068075255974,2.002068075255974,0.24943002676554482
1.0,1.64160606282634,2.64160606282634,2.64160606282634,0.16613305466172995
1.0,-0.4631770303860644,0.5368229696139356,0.5368229696139356,0.5176280967218903
1.0,1.8024493627495688,2.802449362749569,2.802449362749569,0.14906421385645785
1.0,1.548388551513517,2.5483885515135167,1.548388551513517,0.32328611159327564
1.0,0.5834298499740905,1.5834298499740904,1.5834298499740904,0.31718389094485117
1.0,2.4982362030071052,3.4982362030071052,3.4982362030071052,0.09123988997912304
1.0,-0.4643362011526474,0.5356637988473526,0.5356637988473526,0.5178596389038908
1.0,2.1410421443642536,3.1410421443642536,3.1410421443642536,0.11786203559016795
1.0,-0.722633518544467,0.277366481455533,0.277366481455533,0.5690820233939665
1.0,0.5294855464988014,1.5294855464988015,1.5294855464988015,0.3266032745806988
1.0,-1.5226601610201524,-0.5226601610201524,-1.5226601610201524,0.847887570366071
1.0,0.5786521683133607,1.5786521683133607,1.5786521683133607,0.3180122623847033
1.0,0.7060868108261764,1.7060868108261764,1.7060868108261764,0.29632298327667506
1.0,1.3413119754799743,2.3413119754799743,2.3413119754799743,0.2021275876448595
1.0,1.2333155384099908,2.2333155384099905,1.2333155384099908,0.380682485889323
1.0,1.474344389665748,2.474344389665748,2.474344389665748,0.18550665321777662
1.0,0.5699158607959236,1.5699158607959236,0.5699158607959236,0.511015045363151
1.0,1.147771117140299,2.147771117140299,1.147771117140299,0.39694351044234427
1.0,0.3029960263417531,1.302996026341753,1.302996026341753,0.367630196957583
1.0,2.8820746709944376,3.8820746709944376,2.8820746709944376,0.14116350441437228
1.0,1.044453789156183,2.044453789156183,1.044453789156183,0.416887670794684
1.0,0.6702458513076567,1.6702458513076568,1.6702458513076568,0.30233641105109593
1.0,1.2482448502454306,2.2482448502454306,1.2482448502454306,0.37787069885802516
1.0,-0.6507349590432726,0.3492650409567274,0.3492650409567274,0.55492445788303
1.0,0.1997332792341664,1.1997332792341664,0.1997332792341664,0.5842423537344223
1.0,2.536595782399986,3.536595782399986,3.536595782399986,0.08872713400026364
1.0,-1.1866216482194072,-0.1866216482194072,-0.1866216482194072,0.6568520975547502
1.0,1.1436078416148747,2.143607841614875,1.1436078416148747,0.39774106524390385
1.0,3.411393944239879,4.4113939442398795,3.411393944239879,0.09716623627975568
1.0,-0.07785423099877264,0.9221457690012274,0.9221457690012274,0.4408491315121343
1.0,-0.8264579117773013,0.17354208822269868,-0.8264579117773013,0.7615445783779166
1.0,0.5246192060565013,1.5246192060565011,0.5246192060565013,0.52006537675647
1.0,0.0980801408310964,1.0980801408310965,0.0980801408310964,0.6038507157375665
1.0,0.7076766266770886,1.7076766266770886,1.7076766266770886,0.29605785077673663
1.0,0.4883215912669199,1.4883215912669199,1.4883215912669199,0.3338868755469333
1.0,-0.4588616232227681,0.541138376777232,0.541138376777232,0.516766036491747
1.0,0.14459207719048267,1.1445920771904827,1.1445920771904827,0.3975524669583015
1.0,2.466678287181677,3.466678287181677,2.466678287181677,0.18643508228716202
1.0,0.8718424362446631,1.871842436244663,1.871842436244663,0.2694383629249329
1.0,2.2451879276707567,3.2451879276707567,2.2451879276707567,0.21481362097328213
1.0,1.1500683024304825,2.1500683024304825,1.1500683024304825,0.3965036748718402
1.0,-0.2997074347078086,0.7002925652921914,0.7002925652921914,0.48494603815776977
1.0,0.24341893448725502,1.243418934487255,1.243418934487255,0.37877872401068075
1.0,0.9470426228417453,1.9470426228417455,0.9470426228417453,0.4359453879265243
1.0,0.9917633483132047,1.9917633483132047,0.9917633483132047,0.4271690822601339
1.0,-0.460584749946328,0.539415250053672,-0.460584749946328,0.7044267790541113
1.0,0.21221049020888436,1.2122104902088844,1.2122104902088844,0.38467106354146635
1.0,1.4818289257848658,2.481828925784866,1.4818289257848658,0.3350430789757329
1.0,0.31346906504394745,1.3134690650439476,0.31346906504394745,0.5619856757485506
1.0,-0.5732414131443029,0.4267585868556971,0.4267585868556971,0.5395653890378016
1.0,3.1084837708607838,4.108483770860784,3.1084837708607838,0.12059719546787039
1.0,-0.60624976732038,0.39375023267961995,-0.60624976732038,0.7280991614152396
1.0,0.01735779688318373,1.0173577968831837,0.01735779688318373,0.6191905077335382
1.0,1.1901328574614602,2.1901328574614602,1.1901328574614602,0.38886009454999126
1.0,0.3181184884856568,1.318118488485657,0.3181184884856568,0.56106987227118
1.0,-1.1496962271419222,-0.1496962271419222,-0.1496962271419222,0.650163275841148
1.0,0.9731413249659628,1.9731413249659628,0.9731413249659628,0.4308183568530694
1.0,0.23652419180839646,1.2365241918083965,1.2365241918083965,0.38007748527026924
1.0,1.2390209071565248,2.239020907156525,1.2390209071565248,0.3796069800858688
1.0,-0.528253370821007,0.471746629178993,0.471746629178993,0.5306123381880684
1.0,-1.493546706095611,-0.4935467060956109,-0.4935467060956109,0.7098874252183293
1.0,1.7368384704943265,2.7368384704943267,1.7368384704943265,0.29121905268014747
1.0,2.2127491461356543,3.2127491461356543,3.2127491461356543,0.11202720955288228
1.0,-0.6543803948318637,0.3456196051681363,0.3456196051681363,0.5556446314362714
1.0,-0.41886363898903023,0.5811363610109698,0.5811363610109698,0.5087718277009915
1.0,-0.7171027752610573,0.28289722473894274,0.28289722473894274,0.5679966603637405
1.0,-1.2219469677049428,-0.22194696770494282,-0.22194696770494282,0.6631933554419364
1.0,0.3080966055273109,1.3080966055273109,1.3080966055273109,0.3666820914552227
1.0,1.1795040319390249,2.179504031939025,2.179504031939025,0.22380941498260276
1.0,-0.14383841547150622,0.8561615845284938,0.8561615845284938,0.45389899166361175
1.0,-0.8492719960095588,0.15072800399044117,-0.8492719960095588,0.7648430699617009
1.0,-0.0819181439865469,0.9180818560134532,-0.0819181439865469,0.6377321506773909
1.0,0.055545913657108315,1.0555459136571084,0.055545913657108315,0.6119611339582625
1.0,0.3647520491405156,1.3647520491405156,1.3647520491405156,0.35622158144518673
1.0,1.0561247020247624,2.0561247020247624,2.0561247020247624,0.24142189503793138
1.0,1.7478908011241754,2.7478908011241754,2.7478908011241754,0.15468577239179904
1.0,-2.186547548788747,-1.186547548788747,-2.186547548788747,0.9045847896459808
1.0,0.3794790509455698,1.3794790509455699,1.3794790509455699,0.3535243332780064
1.0,2.0597636905897194,3.0597636905897194,2.0597636905897194,0.24088914863214553
1.0,-0.850307638849691,0.14969236115030904,0.14969236115030904,0.5939324605623512
1.0,-0.45741390725517816,0.5425860927448218,0.5425860927448218,0.5164768132767749
1.0,-1.2525806577927332,-0.2525806577927332,-1.2525806577927332,0.817882191096925
1.0,-0.45687344578416245,0.5431265542158376,-0.45687344578416245,0.7038082204759262
1.0,0.9665941872407233,1.9665941872407233,1.9665941872407233,0.25478070238107164
1.0,-1.017136661533883,-0.017136661533883046,-0.017136661533883046,0.6256756244615114
1.0,-1.361450069217477,-0.3614500692174769,-0.3614500692174769,0.6876509497363514
1.0,0.6943326631679823,1.6943326631679823,1.6943326631679823,0.29828747047160087
1.0,0.5986800567899833,1.5986800567899833,1.5986800567899833,0.3145475130571571
1.0,0.9229265333025406,1.9229265333025407,1.9229265333025407,0.26147018213869344
1.0,0.9551005063089895,1.9551005063089895,1.9551005063089895,0.2565304564952999
1.0,1.1837052217969437,2.1837052217969437,2.1837052217969437,0.22322609660809306
1.0,0.4871786076583556,1.4871786076583555,1.4871786076583555,0.3340902719500172
1.0,-0.44046754940903243,0.5595324505909676,0.5595324505909676,0.5130905177007743
1.0,0.26117761070662143,1.2611776107066215,0.26117761070662143,0.5722551074173245
1.0,1.7116268976499192,2.711626897649919,1.7116268976499192,0.29539966233437437
1.0,1.0183076273595977,2.0183076273595977,1.0183076273595977,0.4219810850990687
1.0,-1.4333426798865114,-0.43334267988651143,-1.4333426798865114,0.8384410446863387
1.0,1.386039943324267,2.386039943324267,1.386039943324267,0.3523256908725362
1.0,1.7104037329551915,2.7104037329551915,1.7104037329551915,0.29560337343204135
1.0,1.3847957330671425,2.3847957330671425,2.3847957330671425,0.19657550773373592
1.0,0.6874980584191599,1.68749805841916,0.6874980584191599,0.48750299158936866
1.0,1.0707651826975408,2.070765182697541,1.0707651826975408,0.4117799165017473
1.0,1.4854793241067858,2.4854793241067856,2.4854793241067856,0.18416448531628227
1.0,1.1961722759034836,2.196172275903484,1.1961722759034836,0.38771250881731045
1.0,1.9539000427271866,2.9539000427271866,1.9539000427271866,0.25671366372947235
1.0,1.1390676445071912,2.1390676445071914,1.1390676445071912,0.3986114459134174
1.0,1.2199571261268765,2.2199571261268765,1.2199571261268765,0.38320521767031024
1.0,-0.2044863137728889,0.795513686227111,-0.2044863137728889,0.6600661575402919
1.0,-1.0297465688240188,-0.029746568824018826,-1.0297465688240188,0.7898127770751848
1.0,-0.39457518479491116,0.6054248152050888,-0.39457518479491116,0.6933143341855124
1.0,1.8890664885677348,2.889066488567735,1.8890664885677348,0.26673467092246983
1.0,-0.9228352846209389,0.07716471537906111,0.07716471537906111,0.6078463067984804
1.0,0.9117534673419361,1.911753467341936,1.911753467341936,0.26319990528984744
1.0,1.0223789970377712,2.0223789970377712,2.0223789970377712,0.24640042596122444
1.0,0.9828506184083328,1.9828506184083328,0.9828506184083328,0.42891470640622037
1.0,-0.32742372069970166,0.6725762793002983,0.6725762793002983,0.49048589265644277
1.0,1.9159614715655673,2.9159614715655673,1.9159614715655673,0.2625475937228766
1.0,2.010358739159666,3.010358739159666,3.010358739159666,0.1291734220915643
1.0,0.6739472895680977,1.6739472895680976,1.6739472895680976,0.30171218402519584
1.0,0.9735660831513813,1.9735660831513813,0.9735660831513813,0.43073503352361914
1.0,2.8517676662400318,3.8517676662400318,2.8517676662400318,0.1441286051345451
1.0,2.5808091331177687,3.5808091331177687,2.5808091331177687,0.17298079986054263
1.0,1.2461664496395883,2.2461664496395883,1.2461664496395883,0.3782616578624943
1.0,1.3291306355333314,2.3291306355333314,2.3291306355333314,0.2037037579573487
1.0,-1.3685775155515278,-0.36857751555152785,-1.3685775155515278,0.8312990549824052
1.0,-1.2304416312707844,-0.23044163127078443,-1.2304416312707844,0.8152292214473328
1.0,1.7554645088474659,2.755464508847466,1.7554645088474659,0.2881529599048805
1.0,2.2758503739187783,3.2758503739187783,2.2758503739187783,0.21070513169654675
1.0,0.7977134110914442,1.7977134110914443,0.7977134110914442,0.4655121680302061
1.0,0.30667909860053966,1.3066790986005397,0.30667909860053966,0.5633223448304082
1.0,0.19104742308208433,1.1910474230820842,0.19104742308208433,0.5859292174843579
1.0,0.4869471803169207,1.4869471803169207,0.4869471803169207,0.5275825331575801
1.0,0.07791984220202586,1.077919842202026,0.07791984220202586,0.6077022982549767
1.0,0.6540889335095119,1.654088933509512,1.654088933509512,0.30506972774439395
1.0,1.3187488770754565,2.3187488770754565,2.3187488770754565,0.2050542815249957
1.0,1.6663305094076546,2.6663305094076546,2.6663305094076546,0.1634110004533225
1.0,-1.3594736975907282,-0.3594736975907282,-1.3594736975907282,0.8302752067335066
1.0,2.2633214764653906,3.2633214764653906,2.2633214764653906,0.212376894710885
1.0,-0.8872778705878818,0.11272212941211823,-0.8872778705878818,0.7702675049442227
1.0,1.6005191338414706,2.6005191338414706,2.6005191338414706,0.1707366724547533
1.0,-0.0815488284086987,0.9184511715913013,-0.0815488284086987,0.637663889560695
1.0,2.1062664700899325,3.1062664700899325,3.1062664700899325,0.12078544413685699
1.0,0.5059908657674448,1.5059908657674448,1.5059908657674448,0.3307504840561685
1.0,-0.20435855235031158,0.7956414476496885,0.7956414476496885,0.4659246126697944
1.0,-0.8007454160182238,0.1992545839817762,-0.8007454160182238,0.757789109601428
1.0,0.7355066277163689,1.7355066277163689,0.7355066277163689,0.4779130576201294
1.0,-0.6643298112736933,0.3356701887263067,-0.6643298112736933,0.7371995950590147
1.0,1.9353574598670193,2.9353574598670193,2.9353574598670193,0.13607426964146915
1.0,0.2655577166455958,1.2655577166455958,1.2655577166455958,0.3746202607055031
1.0,0.7560048220635343,1.7560048220635343,0.7560048220635343,0.47382299156023583
1.0,-0.693258767939537,0.306741232060463,0.306741232060463,0.5633101174101292
1.0,0.3308976402954883,1.3308976402954884,0.3308976402954883,0.558550619165206
1.0,-0.5286416864627074,0.47135831353729263,-0.5286416864627074,0.7156353485935072
1.0,0.3531059403730591,1.3531059403730592,0.3531059403730591,0.5541654199570274
1.0,1.0794479171242224,2.0794479171242224,1.0794479171242224,0.4100984674290299
1.0,-0.17354139444105915,0.8264586055589409,-0.17354139444105915,0.6544896371714304
1.0,-0.27725643477038225,0.7227435652296177,-0.27725643477038225,0.6730043989991544
1.0,0.4933532297548391,1.493353229754839,0.4933532297548391,0.5263050444433471
1.0,-0.8855777296574827,0.11442227034251728,-0.8855777296574827,0.770026737078676
1.0,0.5258075592579469,1.525807559257947,0.5258075592579469,0.5198280843706994
1.0,-0.15172712324079457,0.8482728767592054,0.8482728767592054,0.4554637705684515
1.0,0.24793456219576945,1.2479345621957694,0.24793456219576945,0.5748463977911622
1.0,-0.12329216405211196,0.876707835947888,0.876707835947888,0.44982785160323274
1.0,2.220918742483594,3.220918742483594,2.220918742483594,0.2181065123501027
1.0,0.9867281611179768,1.9867281611179768,0.9867281611179768,0.4281550409342203
1.0,-0.15459761768499203,0.845402382315008,-0.15459761768499203,0.6510546107822116
1.0,0.6439170742107214,1.6439170742107214,0.6439170742107214,0.49621665736508486
1.0,1.7987793726926573,2.7987793726926573,1.7987793726926573,0.2810976336010778
1.0,2.8602799772948133,3.8602799772948133,2.8602799772948133,0.14329060655253323
1.0,2.008421278245371,3.008421278245371,3.008421278245371,0.12934787466547873
1.0,-0.33729508121921775,0.6627049187807823,0.6627049187807823,0.49245958796365186
1.0,-0.042195236986528384,0.9578047630134716,0.9578047630134716,0.4338294654680488
1.0,2.480264499446846,3.480264499446846,2.480264499446846,0.18479212467569806
1.0,-0.16584799456805488,0.8341520054319451,-0.16584799456805488,0.6530965319688941
1.0,-0.13074259292451068,0.8692574070754893,0.8692574070754893,0.45130337061270176
1.0,-0.41984980066130906,0.5801501993386909,-0.41984980066130906,0.6975967538768411
1.0,2.2257403298007805,3.2257403298007805,2.2257403298007805,0.21744942403326428
1.0,-1.080839518379214,-0.0808395183792141,-0.0808395183792141,0.6375327712198411
1.0,1.1332816173215428,2.1332816173215425,1.1332816173215428,0.3997215877524447
1.0,-0.7861239952923096,0.21387600470769041,0.21387600470769041,0.5814915102472016
1.0,0.7918569332800305,1.7918569332800305,0.7918569332800305,0.46667807724422633
1.0,0.579397932957428,1.579397932957428,1.579397932957428,0.31788288301078915
1.0,1.244011473533337,2.244011473533337,1.244011473533337,0.37866718831103996
1.0,-1.7627606070651667,-0.7627606070651667,-1.7627606070651667,0.8710425683192642
1.0,-1.0676799033049231,-0.06767990330492313,-1.0676799033049231,0.7948062831277999
1.0,-1.3389959145514776,-0.3389959145514776,-0.3389959145514776,0.6837797139481984
1.0,1.8980479658734475,2.8980479658734475,1.8980479658734475,0.26533169819796704
1.0,-0.13430894507649654,0.8656910549235035,-0.13430894507649654,0.6473582441679679
1.0,-0.19555422463004146,0.8044457753699585,0.8044457753699585,0.46417235331688805
1.0,0.46870535589147366,1.4687053558914736,1.4687053558914736,0.3373861471764518
1.0,0.333480412816843,1.333480412816843,0.333480412816843,0.5580410865567612
1.0,2.817016194474566,3.817016194474566,2.817016194474566,0.14759207796492055
1.0,-0.25007527428746945,0.7499247257125305,-0.25007527428746945,0.6682011234557859
1.0,0.32912944640135494,1.329129446401355,1.329129446401355,0.36278342545050213
1.0,0.6993085336519564,1.6993085336519564,0.6993085336519564,0.48514266840350817
1.0,0.19147537205225695,1.191475372052257,0.19147537205225695,0.5858461531695927
1.0,-0.46673959326063275,0.5332604067393673,0.5332604067393673,0.5183396874115844
1.0,0.2461994812653251,1.2461994812653252,1.2461994812653252,0.37825544318621235
1.0,-1.322390641900534,-0.322390641900534,-0.322390641900534,0.6809003464051476
1.0,-0.5043861208340006,0.4956138791659994,0.4956138791659994,0.5258541446480606
1.0,-0.9026054687440601,0.09739453125593989,0.09739453125593989,0.6039819147525075
1.0,1.3054658117005948,2.3054658117005946,2.3054658117005946,0.20679189761250535
1.0,1.68536045399686,2.68536045399686,1.68536045399686,0.29979203562470264
1.0,0.2348035305348706,1.2348035305348706,0.2348035305348706,0.5774117157002593
1.0,-0.4848849789713122,0.5151150210286878,0.5151150210286878,0.5219628538790264
1.0,0.6000886020057198,1.60008860200572,1.60008860200572,0.3143046096541691
1.0,-1.0566792993984073,-0.05667929939840732,-0.05667929939840732,0.6330545601181535
1.0,0.8239872421777164,1.8239872421777164,1.8239872421777164,0.2770404409876407
1.0,0.6768865860469473,1.6768865860469473,1.6768865860469473,0.3012170097816592
1.0,-0.058422752167107184,0.9415772478328928,0.9415772478328928,0.4370208228900285
1.0,0.3474822985559769,1.347482298555977,1.347482298555977,0.35939618368481324
1.0,0.1392014490689094,1.1392014490689095,1.1392014490689095,0.39858578564965125
1.0,1.522022218042729,2.522022218042729,2.522022218042729,0.17981258213316378
1.0,0.5340653616491444,1.5340653616491444,1.5340653616491444,0.3257979829859245
1.0,0.08732790009972435,1.0873279000997242,0.08732790009972435,0.6059065446461408
1.0,1.500027719803946,2.500027719803946,2.500027719803946,0.18242221638132045
1.0,-0.5298189525986985,0.4701810474013015,0.4701810474013015,0.5309242688386837
1.0,0.815577827919362,1.815577827919362,0.815577827919362,0.4619580954033627
1.0,2.0976372153888305,3.0976372153888305,3.0976372153888305,0.12152048153010714
1.0,-0.45283612382543814,0.5471638761745619,0.5471638761745619,0.5155621966644228
1.0,3.1182854792042574,4.118285479204257,3.1182854792042574,0.11976806194472138
1.0,1.2143097560696527,2.2143097560696527,1.2143097560696527,0.3842736249117102
1.0,1.4158420754565362,2.415842075456536,2.415842075456536,0.1926824387790803
1.0,0.7005854656811085,1.7005854656811086,1.7005854656811086,0.29724149849697645
1.0,2.445720739084391,3.445720739084391,3.445720739084391,0.09478368934803315
1.0,0.2404101126689245,1.2404101126689244,1.2404101126689244,0.37934528267394607
1.0,2.3301205132881684,3.3301205132881684,3.3301205132881684,0.1030212946736225
1.0,2.5985144464157997,3.5985144464157997,2.5985144464157997,0.17096386036963446
1.0,-0.12127733943607916,0.8787226605639209,-0.12127733943607916,0.6449746621882009
1.0,-0.03076947917990333,0.9692305208200966,0.9692305208200966,0.43158570914664757
1.0,-0.6283025108086956,0.3716974891913044,-0.6283025108086956,0.7315777118463314
1.0,0.39608523513105076,1.3960852351310509,0.39608523513105076,0.5456554277396191
1.0,1.3243528131751963,2.3243528131751963,2.3243528131751963,0.20432446302258236
1.0,1.2905375576426175,2.2905375576426175,2.2905375576426175,0.2087576911763793
1.0,-0.1415517966729457,0.8584482033270543,0.8584482033270543,0.453445594072595
1.0,2.0858180959524284,3.0858180959524284,2.0858180959524284,0.23709828002979322
1.0,-1.2846975345965101,-0.28469753459651015,-0.28469753459651015,0.6743130945056415
1.0,0.05923077559893708,1.059230775598937,0.05923077559893708,0.6112608836267408
1.0,-0.05117363597134583,0.9488263640286542,0.9488263640286542,0.43559452676186494
1.0,0.509247075152065,1.509247075152065,1.509247075152065,0.33017411695209253
1.0,-1.2789773572144112,-0.2789773572144112,-0.2789773572144112,0.6733073048077312
1.0,-0.6598158618968423,0.34018413810315773,-0.6598158618968423,0.7364993831738634
1.0,-1.1161064318800757,-0.11610643188007574,-1.1161064318800757,0.8010524407687162
1.0,-1.3610022308870766,-0.3610022308870766,-1.3610022308870766,0.8304474557819309
1.0,0.7742566591344423,1.7742566591344424,0.7742566591344423,0.4701840851202506
1.0,-0.1981239882948882,0.8018760117051118,-0.1981239882948882,0.6589231719079369
1.0,-1.2488778573863386,-0.2488778573863386,-0.2488778573863386,0.6679887073553314
1.0,2.143512585815323,3.143512585815323,3.143512585815323,0.11765670815158548
1.0,-0.08154564087424698,0.918454359125753,0.918454359125753,0.44157720766005853
1.0,1.668583447648031,2.668583447648031,1.668583447648031,0.3026170042249878
1.0,-0.32166252020763275,0.6783374797923672,-0.32166252020763275,0.6807737709206343
1.0,0.1250715174680812,1.1250715174680812,1.1250715174680812,0.4012985936929953
1.0,1.088176847792298,2.088176847792298,2.088176847792298,0.23675712348336317
1.0,1.76498423972479,2.76498423972479,2.76498423972479,0.15290611957099656
1.0,0.5281039854249868,1.5281039854249867,1.5281039854249867,0.3268464024840831
1.0,0.5364826832533015,1.5364826832533014,0.5364826832533015,0.517696069072273
1.0,1.0423901377672733,2.0423901377672733,1.0423901377672733,0.41728905205507505
1.0,1.127306731970017,2.127306731970017,2.127306731970017,0.2311470953537267
1.0,-1.028342298516805,-0.02834229851680492,-1.028342298516805,0.7896262196485926
1.0,0.09707154664330797,1.097071546643308,0.09707154664330797,0.6040437162648732
1.0,1.3114462924415307,2.3114462924415307,2.3114462924415307,0.20600822060346816
1.0,1.310564962581748,2.310564962581748,2.310564962581748,0.20612357098664008
1.0,0.5124065849043347,1.5124065849043347,0.5124065849043347,0.5225034699974966
1.0,-1.0856525287632974,-0.08565252876329743,-1.0856525287632974,0.7971412591955506
1.0,0.9680042120995568,1.9680042120995567,0.9680042120995568,0.4318263952204529
1.0,0.2541122191930317,1.2541122191930316,1.2541122191930316,0.3767678714065291
1.0,-1.1842676424361316,-0.18426764243613158,-0.18426764243613158,0.6564275027982667
1.0,0.34570132579057167,1.3457013257905717,0.34570132579057167,0.5556284896799543
1.0,0.36216746030893515,1.362167460308935,0.36216746030893515,0.5523736887026875
1.0,1.6245576404585922,2.624557640458592,2.624557640458592,0.16803108135525718
1.0,0.5843593027096657,1.5843593027096659,1.5843593027096659,0.3170228734275948
1.0,1.3290354542324985,2.3290354542324985,2.3290354542324985,0.203716109611657
1.0,0.9859052186339735,1.9859052186339734,0.9859052186339735,0.42831623882521136
1.0,-0.12515495438690738,0.8748450456130926,0.8748450456130926,0.45019668590005046
1.0,-1.5044548671820634,-0.5044548671820634,-1.5044548671820634,0.8459996269383089
1.0,2.888034647534525,3.888034647534525,2.888034647534525,0.14058644008766236
1.0,0.04199038024863272,1.0419903802486328,1.0419903802486328,0.4173668177899379
1.0,0.01746747827703432,1.0174674782770343,1.0174674782770343,0.42214503234938405
