id,running,above_cutoff,y_outcome
1,-0.876099021608086,0,-2.741049734033504
2,-1.4192590832587655,0,-9.782994345618857
3,0.3651271184910243,1,3.7234425933848794
4,1.1448124000768338,1,4.092857750356856
5,1.2290998907404442,1,4.413848878270537
6,0.2931786182819218,1,4.4609854708123535
7,-1.193169073924742,0,-3.6242166559080764
8,-1.5875740195648747,0,-13.18049755734245
9,-0.4691188637983781,0,1.156150603069299
10,1.408816759117887,1,5.401453765976429
11,1.2110996566915766,1,5.582910145340575
12,0.3332675439755475,1,6.50785519971496
13,-0.2284469492348058,0,0.3499456858409269
14,0.32761038770086337,1,6.181300139446037
15,-0.6595373121571027,0,-0.6871919268313772
16,-1.8873675503508545,0,-14.222325482860683
17,0.9709809157052693,1,4.117889839409118
18,-0.1553931512355935,0,1.8782567685664808
19,-1.1549045874091544,0,-6.207905019649314
20,0.6681012603513161,1,5.558938552072
21,-0.17648185431688557,0,2.640286630021917
22,0.18887898388055913,1,4.812063727740176
23,1.447067400289452,1,4.972204109107872
24,1.6888312565010062,1,6.040976573007513
25,0.3155158135577607,1,2.562973907598443
26,-1.154909731327797,0,-5.523821427090775
27,0.9982633840692099,1,5.1445946844969335
28,-1.861754747014186,0,-17.3654686445086
29,1.6709152499325794,1,7.106474383664986
30,-0.2240591670308616,0,1.6072010485101424
31,-0.874211715913265,0,-1.5534790935284732
32,0.6012284181339216,1,5.447011861341965
33,1.9582608094966805,1,7.275597080293167
34,0.1586602719846928,1,4.477289027617179
35,1.855711424410067,1,7.230548556630113
36,0.05778382159247597,1,5.03499549564862
37,-0.6547988420733755,0,-1.782939826613644
38,-1.2559472142773838,0,-6.040192627183233
39,1.593848950393098,1,6.755179383403074
40,-0.0375011620856891,0,1.284705190731105
41,-0.9429213095432023,0,-3.167374102967188
42,-0.7920394388142094,0,-1.6217288501346383
43,-1.8963161918870415,0,-17.43468252306066
44,1.1616665485653832,1,5.242315319448713
45,0.4878523071948897,1,5.049770262470406
46,-0.992903852866978,0,-6.007929278494716
47,-1.838845125969073,0,-14.966458622521355
48,-1.14088250254737,0,-4.895791442426331
49,1.7420299244412711,1,5.769129386534031
50,0.3772756825632775,1,5.159438526315053
51,1.0113402065078008,1,5.086496008633051
52,-1.6009960852342573,0,-10.566250607469966
53,-0.10856562695705207,0,-1.4731564801185777
54,-1.5719230386353331,0,-11.824645556289157
55,-0.7759520638984969,0,-1.2819025989676724
56,-1.4618592461130637,0,-8.75685009378638
57,-0.6310566229981394,0,-0.013915188485329466
58,0.09540006987744665,1,3.3436172874717927
59,-0.46569204046633805,0,-0.08194237315902411
60,-0.21895301516361432,0,0.7048538102288533
61,-1.9792164997744255,0,-18.437211109874873
62,-1.6584743026430258,0,-13.443853990239212
63,1.9737465559399388,1,7.788136797760922
64,0.9927854986580993,1,4.286678635936691
65,-1.6833643324199903,0,-11.784525769577604
66,1.030970438382902,1,4.535448888449161
67,-1.5749281259199912,0,-10.070445178596048
68,1.2398890988870166,1,4.899287808015976
69,0.7241112706320156,1,5.130341761757995
70,-1.8711658583836797,0,-16.446701065195327
71,1.2032790196142544,1,5.239911210999851
72,1.699977121266758,1,6.075122722215053
73,1.5112617804254556,1,5.847661597891819
74,0.7531473500222492,1,5.070067539078456
75,1.3456237672268632,1,5.914298285332711
76,-0.980116216548816,0,-3.1405988648128083
77,-0.8397668131453662,0,-2.1345994442171516
78,-1.7011295924738676,0,-13.45023744936347
79,1.5373364635027826,1,5.518860601884656
80,-1.041282920398697,0,-4.594386787526408
81,1.1596592089362807,1,5.719421240736355
82,0.7974087294538323,1,4.427467017603619
83,-0.14906372262110823,0,0.4658127353069944
84,1.2109855703534191,1,4.014897296111365
85,0.6234618281325899,1,3.797946782961039
86,0.07055448715076551,1,4.609109774599138
87,0.5689332340919595,1,2.8516482728163046
88,0.42196057097854966,1,5.315141248547797
89,0.7885151274661881,1,5.629264189923012
90,-0.3916441833928679,0,0.6233720610035053
91,1.656906805847302,1,6.377789358835349
92,1.9032005098910032,1,10.608130504329708
93,0.49869486049397915,1,5.138679383726893
94,-0.45445887420442066,0,-0.9920017067838938
95,0.062021030943408384,1,4.4954832318100655
96,0.04885858095301643,1,3.0575509426456158
97,-0.9521068077937267,0,-3.2548470828689084
98,0.9058740130295679,1,3.516619839830555
99,0.46681385624608973,1,5.361088893413191
100,-0.5129365085152182,0,0.26078799751033854
101,1.7447267293829598,1,7.906082491479485
102,-0.82357370065328,0,-2.086417549462933
103,-0.19801655437069865,0,1.1094514501482908
104,0.7857174081505818,1,3.4696131809754096
105,-0.07807793314283051,0,0.6742209858759554
106,-0.572567142880156,0,-1.4384918152298165
107,0.4148579475630414,1,5.257216989430508
108,-0.9509885901578783,0,-4.761051646644446
109,0.6904562479249319,1,4.184416177948938
110,0.1296165949324637,1,5.012814787458922
111,0.8043783287727866,1,5.210448574356715
112,1.5366432595130468,1,4.157269934042845
113,0.7125704656679877,1,3.831697672228272
114,-1.9314718106764523,0,-17.000814356823142
115,1.8960070128119182,1,7.265742786511959
116,0.22929969957579122,1,4.660135299552276
117,-1.6606769394489347,0,-12.065451679285779
118,0.10233141338826446,1,5.082686351419492
119,-0.1456010214579102,0,0.9221030134203151
120,1.010024893664982,1,4.094030303030131
121,1.9491838704779862,1,6.840507041803594
122,1.2116479789117895,1,4.796619160420177
123,-0.39616696557518427,0,0.2541308692365861
124,-1.4662945468349737,0,-9.583598113214256
125,1.9038916673072501,1,9.248997919044987
126,0.08813699098757466,1,5.045863494454163
127,-0.6739920184812003,0,-1.3278141469947025
128,-0.6904729695710845,0,-1.9737254078521076
129,-1.2198544901792658,0,-5.920210299230414
130,-1.0164477803574132,0,-3.054057975778927
131,-1.8377943802150876,0,-15.266502399554035
132,1.1250958530258601,1,4.508783557883925
133,1.8451905786423053,1,6.593243047190452
134,-0.9156816463933235,0,-0.9723995117652802
135,0.6688700452559497,1,3.067475919441274
136,1.0755129113894455,1,4.018823329577189
137,-0.3162054808775516,0,0.23111854965930773
138,-0.6459073967068885,0,-2.663777623011704
139,0.3748420145216689,1,6.29193556202502
140,-1.2088593022917737,0,-6.6978396550642065
141,-1.1857010481259067,0,-5.455366579147902
142,-0.8601024337966354,0,-2.030980558653256
143,-0.8249136675545778,0,-2.2938340572085685
144,-0.18859542455471745,0,1.004971801993609
145,1.184528712117566,1,5.797715346956297
146,1.767581755482099,1,6.141882090585609
147,-1.148435350318234,0,-4.41429513204438
148,-1.6430119081399748,0,-12.307987677442666
149,-0.9443378623800514,0,-1.9736415494330393
150,-0.4451287601760283,0,-0.6324507962285539
151,1.44404941945812,1,5.855765185982152
152,1.8490251292348936,1,7.994639329360273
153,-1.65900157749399,0,-12.039762420356514
154,-1.596323484199607,0,-11.769527832843378
155,0.6717980062154822,1,4.252747212948671
156,0.28688172708576776,1,4.016010582795097
157,-0.9536193773980641,0,-3.272367995853485
158,-0.7535896073347992,0,-1.7672746431209285
159,-0.7968935756723128,0,-0.9294561056740336
160,-0.586554942737533,0,-2.269842951488132
161,1.7954078772541395,1,7.540531866591832
162,-0.9911831946182286,0,-3.91961702889301
163,1.510102653284672,1,6.047057522759316
164,0.31478584345654603,1,4.234196729427551
165,1.6642303131115836,1,5.446758528707704
166,-1.0731853466553014,0,-4.121357821050008
167,0.23218141935258219,1,4.343054485332565
168,-0.923475750138631,0,-3.683426182289824
169,-0.1804588577483881,0,0.5914135198267965
170,0.4949753834801731,1,4.502903264185957
171,0.9537501576197895,1,4.173595179676344
172,0.8735914458100518,1,5.383926293692482
173,1.9630579606122107,1,8.968577360769638
174,-0.18655871551111547,0,0.7573217804516474
175,0.18477665106699925,1,4.12929284415621
176,-0.7665676559467314,0,-1.404039763622032
177,-0.35948292456300734,0,-0.5157524409011409
178,-0.19881634165673923,0,-1.0157643589023073
179,1.4741787838043177,1,6.80772663940162
180,-0.2650870117838142,0,0.09178481957975126
181,-1.1571950660561652,0,-4.148238505008299
182,1.6847553543819753,1,8.183738515645354
183,1.7474478216324796,1,8.197310552703659
184,-1.7746590569915122,0,-15.583134570895403
185,-1.9176078152897458,0,-18.270572488604586
186,-0.2107222745675137,0,-0.7173191840543558
187,-0.9181734961214327,0,-0.63134338938357
188,0.18858601355997617,1,4.537611006902424
189,1.1638226179781266,1,5.035399274923911
190,0.10251750274678306,1,4.615752049860764
191,1.9483452584821381,1,7.668470406487414
192,1.6596807685904778,1,4.910311768651851
193,0.4482268367876001,1,5.329961856796845
194,-1.083334305451483,0,-5.459257782405423
195,0.8422121535102143,1,6.121696322513963
196,1.9730208180652742,1,9.236109384242667
197,-1.9078093355899086,0,-18.61219976251174
198,1.823711350945056,1,8.418066660072729
199,0.39745510213599466,1,5.818082822220838
200,-0.7195210271610586,0,-2.4941725376691757
201,0.6343186847099904,1,2.9660344780737007
202,-1.992611676316605,0,-17.90544701388844
203,0.4869023774572936,1,3.255637592901566
204,1.1973443220614048,1,5.50816074623066
205,-1.7348506629910592,0,-13.921169223492399
206,1.2644413888614885,1,5.3272368773472705
207,-0.12830651376405422,0,0.8130965976927775
208,1.0551881142188817,1,5.218793444661584
209,1.5196418406959675,1,4.567591194893525
210,-0.5167201560232342,0,0.45961445815708424
211,-0.0064377682515028845,0,0.976137721039112
212,-1.7102251865253257,0,-13.019393765054325
213,-0.4982857906079099,0,-0.909078941168343
214,0.9717890615476552,1,4.540595593457405
215,1.0184195689400117,1,5.082339437624116
216,-1.15221521898144,0,-5.9331950009131615
217,0.7645406365495853,1,4.374655217806567
218,0.045146530043018274,1,4.599748899025963
219,0.19474341053644162,1,4.406489423703577
220,1.835647926735736,1,7.894120445804045
221,-1.2491186122840565,0,-6.618269257025031
222,-0.6878837923862609,0,-0.9187638693464926
223,1.474697434893745,1,6.476519450438124
224,1.4604707272514812,1,5.3957144669481
225,0.06394764803519815,1,5.371760009141767
226,0.9124126043893486,1,2.267657179956208
227,1.9308100845018412,1,9.053661612299448
228,-1.0871833976001906,0,-4.497548226199806
229,1.0246695125868657,1,5.737279846084856
230,1.4167953513872025,1,5.303699470028262
231,0.06935834909604832,1,3.8919813069374647
232,-1.4759136089824128,0,-9.32175379023524
233,0.8035308527248954,1,4.474964432864258
234,-0.9877124625321074,0,-3.856163386786527
235,0.2321686800535323,1,2.7136315701217955
236,-1.976254944087247,0,-18.946997096653373
237,-0.5063302710612816,0,-1.3293666032838174
238,-0.5711865563337182,0,-0.5554681575650497
239,-1.8413747698081555,0,-16.46595474817885
240,-1.9917979461359936,0,-18.70508818588801
241,0.9752805011464116,1,3.895173900187023
242,1.8806901992813803,1,7.6833799587562215
243,0.720976217201454,1,3.3805633032952755
244,0.11895399779614468,1,5.621825853732052
245,-1.8502349673433645,0,-16.545027880957825
246,-0.5655998657095695,0,-0.5036755298968342
247,-1.2766676842017146,0,-5.78951508451077
248,-1.8053775206543698,0,-14.436152339804048
249,1.9232269742259738,1,8.506703120400903
250,0.5732545448673179,1,3.375664102914084
251,0.03604195726177162,1,2.768742281410412
252,-1.2999296646621112,0,-8.098677542948005
253,1.611377728194582,1,6.942585667571472
254,-0.8367295582724124,0,-1.4763263309646915
255,1.3274369116436695,1,5.9519386124448665
256,-0.17433926288259283,0,0.6316452186158026
257,-0.9422027623192637,0,-2.4278145968994
258,-1.7202713049002973,0,-15.806620197232736
259,-1.3664156893015282,0,-8.425134023157907
260,0.6580671319179467,1,3.7400496874302256
261,-0.6137436318743958,0,-1.2980358644809475
262,-1.3100847589305276,0,-7.396805906814861
263,1.6500460830354098,1,7.0562799204070155
264,1.80985632482713,1,6.5376498394984175
265,0.13848127718431114,1,2.8684942256122534
266,-1.1217377251228324,0,-4.864119204697575
267,1.373770749988509,1,5.262929275425151
268,-0.19893203946443538,0,0.6482782489383647
269,-0.9797260282555427,0,-3.1749322544453937
270,-0.11755308885769633,0,1.4269506227419855
271,0.5466986363675272,1,4.262007307447489
272,0.0018806237685087268,1,3.2724758587264797
273,1.3463970293879277,1,4.036598978351185
274,0.8313362055629456,1,4.66342896802588
275,1.8519224915757286,1,6.221613119692341
276,1.1105302225277058,1,6.235207853512121
277,-0.6446023542319383,0,-0.5698654296896516
278,-1.6277385829957143,0,-12.37371741524995
279,-0.043520366262172594,0,-0.11933608330772538
280,-0.9100132492847712,0,-2.6756715200891623
281,1.4800334654854272,1,6.930734510996016
282,-1.6750636073060505,0,-12.70903068800151
283,-1.9649137849358889,0,-19.682579154973666
284,0.09223154980548776,1,4.1302774100003425
285,0.9294566124088512,1,4.136887560056311
286,-0.7908999655785025,0,-1.9352270702167622
287,-1.4018493872272648,0,-8.082454142493617
288,-0.7872441777099861,0,-1.1165438796037401
289,-1.8977776402104198,0,-18.30504769520823
290,1.1661790882594425,1,5.184836049671413
291,-0.20109367869046313,0,-0.02841800321710064
292,1.1713536153560353,1,3.9803787676722675
293,1.515985957749674,1,7.56409915881293
294,1.8563992840226984,1,7.92521875874198
295,0.07269846041239125,1,5.246855443714873
296,0.8159321930340901,1,4.990590601224588
297,-0.6095274688886607,0,-1.3711499063301167
298,-0.09623490743345897,0,2.5996260445347135
299,1.668376459839203,1,4.598013043057128
300,-0.8987313205643779,0,-2.4371306790394542
301,-0.337487644885635,0,-0.09882681524881978
302,0.1182666146471898,1,4.144917810044167
303,0.08356535742856952,1,4.563481680947283
304,-0.31754188235816283,0,1.0098724321761394
305,-1.4449060376155902,0,-9.67665979269364
306,-0.46221669469209825,0,-2.8284509643844786
307,0.5105058358495982,1,3.448261001676452
308,0.03804546320814062,1,4.121429580025154
309,1.1965636050471309,1,3.4057448404341804
310,-1.6193090141597337,0,-12.210444843839364
311,1.4660294906293267,1,6.289880798134616
312,1.1434424591604704,1,3.363891767523905
313,1.1035173509506206,1,3.6827101998515417
314,-1.4659189092008078,0,-10.60847367637002
315,-1.349546816770149,0,-6.681545135026386
316,1.7420990008025572,1,7.855211503920867
317,-1.558173286662563,0,-11.251071910619562
318,-1.1224698921417868,0,-3.874007139728013
319,-0.3231924742730792,0,0.209310401919876
320,-0.4192660951966656,0,2.61864588265497
321,1.1015136648906996,1,4.643662117499842
322,0.35272846651695167,1,4.279133888131966
323,1.267905912536853,1,3.352486126842441
324,1.600234546822878,1,5.16416593783153
325,0.6783397472434722,1,4.189805439009556
326,1.9160422791215908,1,9.604653777696889
327,0.22087392039895315,1,3.268450380523818
328,-1.5345575909917963,0,-8.605293664424785
329,1.53552471964379,1,5.759659748741103
330,0.9399426961519328,1,3.425775262460429
331,-1.9382883249499825,0,-19.627838281848366
332,1.214689921820709,1,6.413955299584288
333,-1.4434585297627884,0,-9.577323828654595
334,0.3482202135971546,1,3.650356801977394
335,-1.7428860156760528,0,-13.00265608137289
336,0.16048237606920246,1,4.181957451535284
337,-1.0149976758170025,0,-4.2856004943519865
338,1.101254273509431,1,3.2679919459038156
339,1.157089323587777,1,5.48993344378211
340,1.3132922647756868,1,5.631507298831087
341,0.3457133372352974,1,3.4786528757738777
342,1.428334955357815,1,6.828922909481664
343,0.9007080643219583,1,6.45324745202182
344,-0.8265280928142986,0,-1.536110041269969
345,-1.1167341943509723,0,-4.825047300263183
346,-1.6561070019791813,0,-13.09883254309341
347,1.6635311391846956,1,7.15324584413662
348,-0.6066462779961732,0,-0.8534199867066923
349,-0.9176105911695394,0,-2.827625074024505
350,-1.1650161373226693,0,-5.186805488404796
351,1.1218464911916137,1,4.557527381872496
352,-1.5297968177184607,0,-9.721887057246526
353,1.52876414496221,1,5.472531950416235
354,1.1946266858836556,1,6.499588014662504
355,-0.4295885577207996,0,-1.184742528105935
356,0.8936334312066103,1,5.2759025223621325
357,1.0339772478528815,1,4.516126808670948
358,1.6243779792794548,1,7.477020658190157
359,-1.763873460911019,0,-14.081579103193544
360,1.847397815875631,1,8.46360816317766
361,-1.4628484683314436,0,-8.784297311424087
362,-1.1248387221129024,0,-6.112441603314206
363,1.2636285305538162,1,5.068079163158589
364,1.3924369908349727,1,6.314189475079648
365,-1.5061384825287254,0,-9.525143455319814
366,-0.21016132322933645,0,0.011001220494901265
367,1.737745589156543,1,8.13817232360018
368,-0.9039395755515471,0,-2.6693709677636317
369,1.0104551830592174,1,6.076461722220376
370,1.0782124461641756,1,5.582209235421405
371,-1.6160744827216278,0,-11.278569940422688
372,1.2934149053048296,1,5.338784329130913
373,0.2974110493942317,1,6.0015358988537315
374,0.3426618969892825,1,4.8707513507622755
375,1.2688017373175864,1,4.67979052551324
376,1.2372825692070268,1,4.448066453289286
377,-0.460273255483687,0,-0.7479055736045991
378,0.1760481497122468,1,2.8648731259776143
379,-1.5804235612108042,0,-10.447066861957872
380,-1.6194324249405732,0,-11.122005917068373
381,0.3504112998553466,1,5.946817966662
382,-0.30175467226012787,0,-1.671843925793167
383,1.5767219425262553,1,6.078616520760148
384,-1.5701106285275532,0,-12.074811387381919
385,-1.9706782056654126,0,-20.048787852518956
386,-1.7197986363799185,0,-14.280249591576933
387,-0.36996012343012374,0,2.409656301271887
388,-1.3540571742579188,0,-6.094381329895035
389,-1.0755721182302214,0,-5.4785321216271265
390,-1.6320088217411421,0,-11.504538618315742
391,1.2524210432736291,1,6.144207843584155
392,-0.027240220958821837,0,1.1443807520544573
393,-1.7192452864375767,0,-13.418066875375422
394,1.7882670218517895,1,7.178726554446204
395,1.619716830051717,1,7.231412200699499
396,0.2746561504148275,1,5.204475812519046
397,0.05296253532436346,1,3.659937263680311
398,1.3275221201324565,1,4.05191098058828
399,1.7441016133890104,1,7.5718357527494105
400,1.57067032963562,1,4.909602599418208
401,-0.3410275536869367,0,-0.6745486734697469
402,-1.0384747842174535,0,-4.7578845636080676
403,-1.2910713490337282,0,-7.475438236659743
404,1.2480651426039526,1,5.26431806452972
405,-0.4835834938547219,0,0.4659160382102074
406,-1.008102169366417,0,-2.245540087438555
407,0.8450494131344986,1,3.334578708641765
408,-0.5996849555886028,0,-0.7391934234640156
409,1.5109138544098504,1,6.325834440148732
410,-1.4876095567761793,0,-9.094434479968662
411,-1.769896822930102,0,-15.344269818539118
412,-1.4549763476991853,0,-7.645701927445146
413,1.692842022257162,1,7.586208210012842
414,-1.0529760974914986,0,-3.9355209735698233
415,-0.9880485421567418,0,-4.245699776803634
416,-0.010107206943682279,0,-0.13402508195462448
417,1.7352493893112784,1,6.241830721303599
418,-0.7961133047461186,0,-1.8699881775280882
419,-1.1945017737139807,0,-5.495280608971926
420,1.8188856014043386,1,7.936193393862455
421,0.13731657839757272,1,3.8668253971129882
422,1.108351932091601,1,3.5895697345274717
423,-1.2453571949298317,0,-6.71453307035116
424,-1.3699545126870718,0,-7.922851903237276
425,-1.290635701642668,0,-7.443484125797325
426,-0.582097789053527,0,-2.514584558420762
427,1.774985745622121,1,7.610679050551822
428,-0.24615231150483297,0,0.2879516959234146
429,1.646497961388909,1,5.053262420209486
430,-1.1285018204345416,0,-4.452700910313844
431,-0.7433304021130027,0,-2.213439269374342
432,-0.05930849338944455,0,1.1346016648274184
433,0.504545333441409,1,4.976642959698754
434,-1.949953867946478,0,-18.82454491432994
435,1.9849429840480348,1,7.085662637431884
436,0.986584993275597,1,5.033451864786136
437,0.04938053889914906,1,4.015128466424704
438,-0.9107429661452797,0,-4.159281460463153
439,0.07112532675265326,1,2.455071542048634
440,0.8137011145409758,1,3.2523581643354023
441,0.20960707155674063,1,5.685475875612718
442,-0.03785204318021096,0,2.127332594511023
443,-1.8382027266870935,0,-15.455837700293017
444,-0.768158367579376,0,-2.316098463271131
445,0.2391761633895837,1,3.350576009543232
446,1.4315831192595008,1,5.266795393089527
447,-0.38684240563291494,0,-1.7200800410962211
448,-0.7158424178082914,0,-2.6767297042907163
449,1.3525061911181653,1,5.3545632858742405
450,-0.7457754201530613,0,-0.7291943194981797
451,0.6089050723769387,1,5.0567234744338565
452,0.49644061133995,1,1.2534917370872352
453,1.5161353630876437,1,5.960288285421624
454,-1.3646638918124854,0,-6.962592937960634
455,-0.6390313137883914,0,-1.6861717428101886
456,1.678376749751751,1,6.522605870129738
457,1.77768210976435,1,6.591993839685294
458,-1.8065301032202221,0,-14.401451971401277
459,-1.990457400069003,0,-19.290304437405062
460,1.8097654819488578,1,8.038858597189785
461,0.6093762963324814,1,4.8043782939322295
462,1.5846987600636941,1,5.124882171274079
463,-1.6964421159627001,0,-12.827749251091738
464,0.13718691905248015,1,6.133613825042122
465,-1.2642254845354022,0,-8.094546768586522
466,-0.22976385381116238,0,1.5956330144306925
467,-1.176249014323234,0,-6.054612614463017
468,1.4567820840480996,1,5.27491751711183
469,-0.36892575381770065,0,-0.6297297087592105
470,-1.2621396262819817,0,-6.979811613563609
471,0.6889952277747571,1,5.706427178711315
472,-1.1996289408039056,0,-3.2150601026188053
473,-0.6564318498466535,0,-3.4971391018085116
474,1.6908092531237173,1,6.315054431517641
475,1.6916798009177412,1,7.745857568438625
476,1.855941179257917,1,6.782456844382926
477,-0.4927368901652174,0,-0.14569641858611
478,0.43611939811020584,1,3.0035594032980177
479,0.9329501151652502,1,3.7315888385667124
480,-0.929631184891941,0,-3.7154228025346554
481,-1.0272538684925099,0,-2.6942514524145884
482,-0.28031402172363107,0,1.1463944718896069
483,0.49147181911756777,1,6.173796612538821
484,-0.9237562869707916,0,-3.8551895022983977
485,1.746251985820411,1,6.107513071289605
486,0.053659173991723375,1,4.581472156790837
487,-0.5670447670104393,0,-0.34901236586222684
488,-1.7029027063406637,0,-14.658887998653714
489,1.474404290571805,1,7.9797707880191995
490,-1.7407472980989782,0,-12.194620086106973
491,-1.0318480934909546,0,-3.5406824022490646
492,-0.8718912765123741,0,-2.0397722878216005
493,1.7270054656119895,1,6.811985738248861
494,1.8062722657036057,1,8.260189534170983
495,-0.10692106870021467,0,2.1751088635117357
496,0.4710599016190802,1,4.325841081817981
497,0.9464677765148259,1,3.404947681175681
498,-1.9591585408707268,0,-17.88004615880988
499,-1.082161250301663,0,-5.489874332114495
500,-1.8557185107188845,0,-15.722686832568067
501,0.41829865988965276,1,3.5450789278301817
502,-1.086117510449803,0,-5.26730034428001
503,-0.4211714534038884,0,1.344744172130838
504,1.4255335193637984,1,5.330100118663664
505,1.1226253298031335,1,3.516591773250621
506,0.20343290921496315,1,5.416522032625728
507,1.2589473699484786,1,4.97320164493571
508,-0.009278819512183123,0,0.7347355071699513
509,-1.0077430243823677,0,-2.5739331819057005
510,1.8964188289008268,1,9.568817976313522
511,-1.9127872065610072,0,-15.188356001587978
512,-1.0098317657998277,0,-3.3856203708019166
513,-1.1066856840483315,0,-4.315257637754201
514,-0.18570429633549335,0,0.37129255872094524
515,-0.8492086831494206,0,-2.207651997523348
516,0.7668176658413852,1,4.326666640377872
517,0.16179996632047766,1,3.724580528728562
518,-1.9291060999262553,0,-16.786283701501706
519,-0.13671941200461513,0,0.07307326939900405
520,1.7079324666696714,1,6.535245217620827
521,0.3206312812116412,1,2.9183800053686997
522,0.25490044419438584,1,4.301551881258253
523,-0.52966271187909,0,-1.162740660789496
524,-0.7759194641992542,0,-1.9859887677482986
525,1.2115830246586339,1,5.9146018281734305
526,1.5486039670310694,1,4.642178423704363
527,-0.31042175335617506,0,-1.6843379823878308
528,1.952524025628898,1,9.069840555360125
529,1.748495113889771,1,6.254465504590144
530,-0.5110429606206428,0,0.010656732994099083
531,1.2552087356999206,1,5.469855344293284
532,1.4953357163170544,1,4.85861750753367
533,1.6973871596521826,1,4.790129045441106
534,-0.17396632185321037,0,0.7178685639353026
535,-0.6591273093650201,0,-0.3917824898721478
536,0.997076884308091,1,4.053710912915152
537,-0.6482375512918828,0,-0.32399973605619115
538,0.08730792586682012,1,3.767234528803496
539,-1.0245242181100913,0,-2.9090474905534522
540,-1.1034805251717854,0,-4.966551650160937
541,0.8169830229568738,1,1.9798345102706691
542,-0.671654677074843,0,-0.729586403752832
543,0.3442494569441492,1,4.099651584483216
544,0.02548061025370929,1,3.800018599177917
545,-1.1053395571152982,0,-4.793854798221551
546,0.215133083317947,1,3.934784270578082
547,1.9364367550078931,1,8.199600657577506
548,1.3135592460048606,1,7.3858210451540725
549,-1.4439251166562306,0,-8.070772940284044
550,-1.492673849989803,0,-9.793617166880491
551,1.378261457676261,1,5.795728383422043
552,-0.7986597841938861,0,-3.332963528452548
553,0.6712738553568336,1,5.150751767368752
554,1.538343487726987,1,7.569143228974057
555,1.2551228501786262,1,4.540016939643732
556,-1.835602268321451,0,-15.844381596814626
557,1.1233020553687272,1,3.7614579331626006
558,0.958213891204958,1,4.217641712129124
559,1.0774208809669235,1,6.222937396467572
560,0.29352451286201786,1,6.309685653780269
561,-1.2449535079470082,0,-7.45846293311943
562,-0.9837501266732507,0,-5.698363579322095
563,-1.749535640417569,0,-13.921204361855658
564,0.6008161793899025,1,3.5800668603948624
565,1.1725813668786431,1,6.4499530940815015
566,1.18535875605621,1,4.879687769563273
567,-1.6136314709456498,0,-10.346819924506674
568,0.4996469340120653,1,2.620676737113248
569,0.2380087290579831,1,5.338761729003756
570,-0.3468266478632791,0,-0.01981522084356052
571,1.1752666816471011,1,5.706425077781336
572,1.554655743181713,1,5.469700639438376
573,0.1012705226283801,1,3.2266430816809923
574,0.4888786770765292,1,4.785569246084541
575,0.1784163634759266,1,3.7853627172055453
576,-1.439269153609004,0,-6.970620261375636
577,0.29022733609500406,1,4.6948748625562216
578,-0.22342280695314942,0,-1.8936135446914188
579,0.6939594890795759,1,4.235530388165217
580,-1.0689547852201549,0,-5.040575744896635
581,0.5967520070652412,1,4.436395070513629
582,1.8950036721035812,1,8.024845930961556
583,-0.33356626037252424,0,-0.3735676327053862
584,-0.9492925143174853,0,-3.1517700884227438
585,0.8797878154399195,1,7.701867929115128
586,-1.419918305864441,0,-9.076352088457085
587,1.6762825580017235,1,6.294908669658966
588,-0.007311060909818146,0,1.8734688566988007
589,-0.07169354433551911,0,0.9827980747487921
590,1.7010539466293944,1,6.453470470958307
591,0.5582131848634866,1,5.160070386469447
592,-1.4292674795356577,0,-10.459355876478776
593,0.6130665018763817,1,3.4389435063032803
594,0.8141758355772852,1,5.922642965017029
595,-1.970059200745645,0,-20.885329888469673
596,-1.859088816362036,0,-15.847213123392088
597,0.4556361390421455,1,4.283812368197821
598,1.3500099470118672,1,4.283516878526984
599,0.2655661668402862,1,3.1391499106792997
600,-1.3940508482210388,0,-7.3418523788456085
601,-0.37102021254377204,0,-1.2405727359907468
602,1.4181453941531692,1,6.236112377378866
603,-1.971143209382649,0,-19.023263705264966
604,0.4363426510350741,1,5.495378445367888
605,0.8836929961762192,1,2.103235655905953
606,1.6123733404370841,1,6.1606429832154905
607,-0.7649836643867824,0,-2.7888424866613786
608,1.8688974695998373,1,7.918341556618925
609,-0.0557931784457919,0,1.7646076389983194
610,0.7786276364541398,1,3.4354403864895655
611,-1.2259483194929266,0,-4.830884608213866
612,1.7471329171743162,1,7.375404663372985
613,1.0034176046792629,1,5.545624124858449
614,1.6598448292974783,1,6.376807548227184
615,-1.2221268126951799,0,-5.935453589833772
616,-0.2715903602700189,0,-0.6148789393420803
617,0.07399461152648357,1,4.682014982950117
618,-0.5714574139342359,0,-2.9430979710583505
619,1.4626829271354844,1,5.743282939491609
620,1.64829399845354,1,5.588292732643246
621,-0.985115021421934,0,-1.7412392176030174
622,1.8201131592914779,1,7.263421498480651
623,-1.3449424472905949,0,-8.559708430040669
624,-1.5363300098714592,0,-10.67017863249649
625,-1.5007538125492874,0,-10.350528176801053
626,-0.5098066851437006,0,0.4578627956685885
627,1.9319707414181835,1,7.976478071190115
628,-0.9091122722250535,0,-2.478403144079689
629,-0.8496066023473072,0,-3.3612901822478634
630,-0.3698147856156466,0,0.16507806357947966
631,1.7783153421301865,1,5.488583945739341
632,-1.168025067044749,0,-7.211683483465111
633,-1.382993480461348,0,-8.35855648467715
634,-0.5017227201641634,0,0.049678811040748394
635,1.5973946131470012,1,4.215156245611356
636,0.9622647697796278,1,5.669162889909004
637,-0.3797905946707125,0,-1.1162962848319369
638,-1.6322004911270391,0,-12.629094229851283
639,1.2308458510145766,1,3.106006317534111
640,-0.32790954035832653,0,-0.31210912704794597
641,-1.0500329755169084,0,-4.131350350502632
642,1.4856805294121682,1,4.74986655785866
643,-0.9378280915251507,0,-2.9033156703921805
644,0.25217101186012547,1,2.891585675312885
645,-1.317496896362441,0,-7.0527912603126675
646,-0.009283619959850942,0,0.8793082821993038
647,0.11034198080526725,1,3.0649822718793467
648,0.21506267616613028,1,5.31464675311078
649,0.027202849154066122,1,4.876921996863784
650,-0.546255364321234,0,-1.9905676508381842
651,-1.2368242762428916,0,-6.182189677487292
652,-1.018621931689491,0,-3.4596428468525615
653,-0.05177608245088683,0,-0.5424468700231608
654,1.45954383091291,1,4.399813434310644
655,0.4759694581743794,1,6.204707133761507
656,-1.3970732339238987,0,-8.831296367895549
657,-1.2946963416965995,0,-6.235726956216168
658,-1.2876161114154305,0,-5.285531940928362
659,0.3178440078749061,1,4.209821607152582
660,0.23022822384485542,1,4.7672475641586365
661,-0.3149290773501199,0,-0.14826786242733342
662,1.3106115285704005,1,6.8741700763526685
663,-1.7736333759968161,0,-13.978037357375232
664,-0.6798112820304256,0,-1.1761437794122367
665,-1.8265959235921074,0,-15.99033034237678
666,0.1251630996577493,1,4.1268291007907845
667,-1.2407379641207612,0,-7.390977915964542
668,1.832484761245166,1,6.982769771275109
669,-0.0564421123152008,0,-0.9728693921412082
670,1.1660833012302896,1,5.60509966851854
671,0.6409701881399772,1,4.452546769661304
672,1.055813695440445,1,4.94972336576691
673,-0.5525623589570796,0,-2.5176742483175127
674,1.1755774845752032,1,3.2178193681309084
675,1.1235278522721983,1,5.763896745249706
676,0.22591107653338138,1,3.6043383980641037
677,1.1043548276580188,1,3.0095138889792294
678,-1.3173203333398997,0,-7.594385313701223
679,-0.28480815954364314,0,1.4521433402784394
680,1.7574365498238484,1,4.953313822923532
681,-0.4550093066995875,0,1.536147859932479
682,0.800416138427348,1,5.539265168584732
683,1.9602161166375534,1,8.88100106120036
684,0.845358020279277,1,4.876644470204281
685,1.4261460654264226,1,7.184941748857699
686,1.3752124685665916,1,5.422798101362638
687,-1.5604859383591054,0,-10.05214084720348
688,0.20859955435807764,1,4.71302815069885
689,-0.7056559842908761,0,-1.6074909907115107
690,-1.7590993414381315,0,-13.435780538849286
691,-0.37230414034011483,0,1.0855915321668894
692,-1.6057890893892406,0,-10.279774664052109
693,1.451697827909491,1,4.14542498814892
694,-0.23755411177807595,0,0.8700772713412029
695,-0.6476427369803908,0,-0.9576642215310162
696,0.7154570164780756,1,3.557006383854632
697,1.4835904175978611,1,5.213772154000154
698,0.641816467309642,1,3.3654377541811065
699,0.4856437950132091,1,3.1402820016621944
700,-1.5023395172993252,0,-10.50960596938347
701,0.4412337281208072,1,4.432184218559495
702,0.7593941195232179,1,4.010134469409621
703,-0.38597552163783755,0,1.2781578014234156
704,0.9136080773765185,1,5.078873974890743
705,-1.03736596811724,0,-3.1605372999694232
706,1.5808098025629769,1,4.317125142451801
707,1.5445916980955623,1,8.631736003122159
708,1.7706717684579418,1,8.143910129242007
709,-1.644399251941945,0,-10.064899393859426
710,-0.738110930540048,0,-2.020065865965587
711,1.6181672406027228,1,6.530173050041635
712,-1.6889600128246078,0,-12.04973531100269
713,-0.7365927302793787,0,-2.5732649136152954
714,-1.0062426976536467,0,-4.242606172047293
715,1.6407111601903082,1,7.211231091462325
716,-0.24429334975743489,0,-0.8686942052589424
717,-1.8558149183855361,0,-16.637757248086203
718,-1.0484845863928691,0,-5.476476695979008
719,0.016170063426324877,1,4.152700356044965
720,-1.8118211386857257,0,-14.476783126774926
721,1.5217173190717688,1,6.572618886622369
722,-0.44422961106952563,0,-0.7966423113792613
723,0.7644925016268873,1,3.2786172294957505
724,0.3577645204401265,1,5.247789450416182
725,-1.7750018899047668,0,-15.216282789984476
726,0.9691321665513271,1,4.932374464677726
727,-0.813186588842743,0,-2.5250086162279493
728,0.9809163022876626,1,5.9965523797408755
729,1.3131047511603606,1,5.870881583712778
730,-1.4034109899311225,0,-8.162235504222457
731,-1.1147314491976341,0,-5.504735421623854
732,-1.462621041981508,0,-8.252476876821719
733,-0.4936723355037378,0,-0.7563877805708439
734,0.9941359939073036,1,5.3630094102894095
735,-0.5757772335748781,0,-1.055561998038749
736,-0.9991977763244537,0,-3.2000541237920155
737,-0.22885923105217332,0,0.9336083555892973
738,1.93497256292367,1,7.583849916929312
739,0.5580457645919488,1,4.744239317055679
740,1.9786238007430201,1,9.075515575403264
741,1.4780566421033594,1,7.924055513025531
742,0.283363882097992,1,5.138029865121386
743,1.868193062222681,1,6.489879517952042
744,0.5035625155541625,1,5.332961497262858
745,-1.8098464895748072,0,-14.893098055462445
746,0.852809758610158,1,4.578645849568127
747,-0.12727431878991835,0,-1.3742554735655923
748,0.7292408227048428,1,5.978260820804452
749,-0.16557838062822006,0,1.6976839498835425
750,-0.16825374570151475,0,-0.16986566147379123
751,1.9364518181367423,1,5.6526504274940885
752,0.5036698443694743,1,3.5870563340376904
753,-0.7618441520644463,0,-2.156426173611131
754,1.951446807359225,1,9.308577366930354
755,0.6216917600314433,1,5.044580660134688
756,0.33280805162229843,1,5.911150196762019
757,-1.7111808503534998,0,-14.195340542584486
758,0.9891982598795934,1,5.706420128966235
759,-1.0227976584410672,0,-3.9006578161663548
760,1.2916907608270876,1,5.506241498202912
761,-1.981884584246338,0,-19.189629370683107
762,-1.5236069006698694,0,-9.963243777334178
763,-0.350043926988691,0,0.4444080931676524
764,1.9999479418122617,1,9.397539581852204
765,-0.851953650245953,0,-2.637281592241237
766,-1.4352665471180757,0,-8.824896895303542
767,1.879199294697167,1,6.706585032896375
768,-0.31624600298719363,0,-0.717202371235655
769,-1.3907044563482152,0,-8.297644365110635
770,0.791506700715686,1,4.60334905488456
771,-0.8386212613214146,0,-3.889305972564323
772,-0.8644624350571233,0,-2.82305867494096
773,-0.76400994308697,0,-1.3273578040024323
774,-1.4228314309337122,0,-7.365353040989431
775,-1.037583328157286,0,-3.646235812467766
776,-1.717724023274569,0,-11.794520515027793
777,-0.5084338347890012,0,-1.1905731811197378
778,0.6526683128737552,1,2.607814150845167
779,-0.17748091603489913,0,0.8935793857331087
780,0.687383264016487,1,4.7336727220369195
781,0.3414603032970245,1,3.7042668548730058
782,-0.8640182724724581,0,-4.3294290100521895
783,0.5139827512698951,1,3.6631523063987195
784,-1.3812292026502582,0,-7.9332695383802525
785,0.09070453330837358,1,4.935781229536431
786,1.4857096758029047,1,7.048998521288109
787,-1.527220878559194,0,-11.242167785702007
788,0.49454917163597134,1,3.6153476534058084
789,1.0353064293009693,1,5.3745211840934575
790,0.17854444718386997,1,2.643582684005665
791,-1.083577143218279,0,-5.202499833301284
792,1.764735493075408,1,5.972422747266753
793,-0.8673369771227137,0,-1.126441964730664
794,0.011335245487877899,1,4.529500256257884
795,-1.9655964957645762,0,-20.31537584895169
796,1.43034405555141,1,4.895975867625519
797,0.6595189206033822,1,3.8941721431806506
798,-1.1787961517197347,0,-5.027013347432886
799,0.4954633938063613,1,5.731802813207167
800,-0.20394966670896286,0,0.3830747785252764
801,0.6355075709683211,1,4.798320188094386
802,-1.1362310413785823,0,-6.0375724535956445
803,-0.7739794391638712,0,-2.918224118408698
804,-0.12144306313187103,0,-0.38270462534639926
805,1.9677060542991827,1,9.17422809631283
806,0.7232289829914391,1,4.374988557748413
807,1.0895287463543295,1,2.598270264354
808,1.7387599263976354,1,6.464545210193179
809,-0.2048422310221798,0,1.5196244009874345
810,0.6439872540787839,1,4.169628003513802
811,-1.0706548768754578,0,-5.673704550576447
812,0.5422138862848236,1,4.186274467205696
813,1.1359166406534151,1,4.870199820439392
814,0.8198376507955607,1,4.050787517273943
815,-1.478931231232834,0,-8.55713458851077
816,1.8945513127895959,1,7.44035840726761
817,-0.17874783005772965,0,2.0060986567478287
818,-1.2435737800422086,0,-6.773349424724628
819,-0.41679339842100793,0,1.281878849718399
820,-0.6109700100436535,0,-1.1942612434474114
821,0.16359651327877822,1,4.944630081838087
822,-0.6814872951597875,0,0.2689961580886999
823,0.888727809362766,1,4.485321124726939
824,1.241382784540618,1,5.302331914602975
825,1.6869029904785355,1,6.4111641648690565
826,1.3051206184509887,1,4.603594196455319
827,-0.75942665132763,0,-1.7599953224417728
828,-1.58358251452319,0,-13.716213625578327
829,-0.8949613776741736,0,-2.0267921207363577
830,0.6554297173338002,1,4.326357834901484
831,1.744871071549083,1,7.262449481652943
832,-1.9382446968615898,0,-20.555847203152567
833,1.6682342897300524,1,5.39792135611379
834,0.8201828081728091,1,3.93014561439712
835,1.0654904251581603,1,4.9294099020833
836,0.471134351928439,1,4.480277072097755
837,0.9328558132520657,1,6.455698589770586
838,0.7211767972833565,1,3.287544845709866
839,-1.004327276924593,0,-4.363526494864427
840,0.6431775946805627,1,4.891230961387314
841,-0.14972528907257843,0,0.5266616937775708
842,0.1695970530087596,1,4.880485246597795
843,0.8907449625167563,1,5.9758988772488575
844,-1.0662386175568326,0,-5.092860723279531
845,-1.7127191970119457,0,-15.966962872375017
846,-1.583950868903031,0,-12.419350594198582
847,0.713725791934178,1,4.074272428078582
848,0.9487985486305326,1,3.9496171540247498
849,-0.4714488504210834,0,0.3274443609535191
850,-0.7774894906179606,0,-2.6342000164055497
851,-0.41259161680698453,0,-0.053525432505909
852,0.04304089330552996,1,4.2579922501374226
853,0.39861249566660373,1,4.410997199472202
854,1.9638624375840399,1,8.605095906451169
855,1.9459525688303856,1,10.031253843552754
856,-0.042534336701472775,0,1.106020056717441
857,-0.4868974550313636,0,-0.7628849552443625
858,-1.7553140637191147,0,-13.11389501734703
859,0.3213455278997799,1,3.7046760267570504
860,1.34300288579505,1,4.697325414702566
861,1.3035641713493127,1,4.744574002813874
862,0.6469035151879985,1,4.529597956233202
863,-0.1465339882970791,0,0.610484206970316
864,0.4283656251796817,1,3.62788703872005
865,0.7327741973212127,1,3.4058689904776367
866,1.5011133778425783,1,6.859518756854774
867,0.47595504627026575,1,2.026409080880664
868,1.782462972127239,1,6.435278855693095
869,0.4977463382278109,1,3.591513966637912
870,-1.3492452319199781,0,-6.831374613802327
871,0.7838081836674138,1,3.686652983065399
872,1.6502428302344394,1,8.887110012489067
873,-0.36407948154578706,0,1.5042187480391982
874,-0.731569384554775,0,-0.7377674716978468
875,-1.1924163027166284,0,-6.469026047897333
876,1.3894069158207842,1,6.6423095711498865
877,1.3753969040257776,1,4.6119942326852525
878,1.5230074140848608,1,4.482775216037234
879,-0.3895738840936249,0,-0.11705561096977926
880,-1.729522900375132,0,-14.442510988818704
881,-0.5474806984533185,0,-0.5739087879229472
882,-1.568772620571791,0,-9.993547899798166
883,-0.9861220067308536,0,-4.609386651822884
884,-0.3548689609947697,0,1.454490199408153
885,-1.3290426030588205,0,-7.534835081142762
886,-0.5395925412372629,0,-0.5905671628241655
887,1.2108134297517297,1,5.946870786412942
888,-0.7726974385809906,0,-1.1732506556263722
889,0.16462168275077937,1,5.73062477157475
890,-1.0096340403066866,0,-2.6576178362007337
891,-1.4650375415726784,0,-9.183460642762054
892,-1.6608270748145872,0,-11.348621962604952
893,-0.42001286563545026,0,-3.4502589060518623
894,-0.6780284571937756,0,-1.6157404887891902
895,0.9011717532629677,1,3.814837876886079
896,1.0856405849458137,1,3.2946167698319306
897,-0.3599338031959469,0,-1.1267816838132811
898,-1.7323659218024376,0,-13.576007092811682
899,-0.19752024272668445,0,0.6339793770851654
900,1.5362208269713848,1,5.729576496116966
901,-0.8289095131455815,0,-1.6815250442434149
902,0.8885034366620626,1,4.495327058823541
903,-1.4903887138321785,0,-9.570081885397734
904,-1.6704682753256233,0,-11.171509573301007
905,0.9946805029087327,1,2.516675699310841
906,0.32888140159707957,1,5.089876597853486
907,-0.3674832856633987,0,0.8071680512109971
908,-1.9613726638358804,0,-18.916633319044774
909,-1.9745098700736907,0,-19.370042437912037
910,0.7686522949935677,1,4.5495976986675535
911,-1.6559464791299563,0,-12.075572534649707
912,1.2610005378846951,1,2.7486677127504944
913,-1.7846747616776808,0,-16.707947314928592
914,1.4861352788282738,1,4.371218939570397
915,-1.4220005905586355,0,-8.796457980941224
916,-1.3816565794582742,0,-8.973495856254962
917,-1.8161597067866584,0,-14.983127698943928
918,0.5244943415639542,1,6.030721983538146
919,1.5025756868989748,1,7.099874449286245
920,1.5163098126133643,1,5.174759247028973
921,-0.5459805045721637,0,0.7727253429770145
922,-1.4657201260726804,0,-9.781923387298823
923,-0.4399359162145928,0,0.48696968187203177
924,1.7505627698457222,1,7.068532676118849
925,-0.9501464097262717,0,-5.0320263331963995
926,1.8844893923982493,1,8.205879309316085
927,-1.2012057278704678,0,-7.8941939898947435
928,-1.995461929823397,0,-20.94153530981151
929,1.2765141944163179,1,5.951854114462616
930,0.9006935298560039,1,5.783673241724811
931,1.9550349964300575,1,8.351712805551351
932,-1.6817865430070293,0,-14.190567153259247
933,0.16862734824189518,1,4.280879087219666
934,-0.733476669237334,0,-1.6620678352162772
935,0.10105234801796481,1,5.45481458767426
936,0.19174163215711548,1,2.3119951062434554
937,-0.4957118593973395,0,0.6966373349742039
938,-0.36248783415201835,0,0.2602119089038318
939,0.05981781923932461,1,1.8808301401161627
940,-0.9110575893431423,0,-3.503675256935868
941,0.2629479586747423,1,4.901689850233552
942,0.9653130393217615,1,5.222099002992764
943,-0.8979756675864183,0,-2.4048312034653505
944,-1.2329629224460499,0,-5.998296208287073
945,1.0826343341550935,1,4.7390986276033615
946,-1.0762338888121388,0,-5.498001768710369
947,0.7408289346446306,1,5.281789094813005
948,-0.553470291300953,0,-1.1011589435819873
949,-0.34702902887095277,0,-0.4825173198998872
950,0.9658725723999382,1,6.4602683731886215
951,1.6842840676202329,1,6.127656843663473
952,-1.4078818859441573,0,-8.985611208594417
953,1.6164026659483595,1,5.249433421292854
954,0.865354737273512,1,5.021378301950302
955,0.8212541792625743,1,3.113416941099596
956,-0.09026384177939795,0,0.5961215809615867
957,1.7181748094690619,1,5.961714308652019
958,-1.4947471437651383,0,-9.31180532662944
959,0.2668317521660053,1,6.743082016437262
960,-1.4221008273867688,0,-7.341823607882873
961,1.1412718041817222,1,5.555876280022152
962,1.3389685420544755,1,4.2786294090141626
963,1.9864700375125328,1,8.417739897969629
964,-0.01269686877028331,0,-0.22509030075945113
965,1.8050491464524083,1,7.682260533748342
966,-0.09713092577013027,0,2.460031923507711
967,-1.6022074813695033,0,-11.998173324623908
968,0.7779338035466514,1,2.0497035544940645
969,0.3980001305202041,1,5.517245722325813
970,-1.3780784505415564,0,-7.349375022963283
971,-0.758574539534878,0,-1.3005057607030563
972,0.03452760464721605,1,3.9500383014923655
973,1.3873068010917295,1,4.4378276195352075
974,-0.8373550950751061,0,-2.8414373763684955
975,-0.7973387314157905,0,-1.0242174377558018
976,0.5872719113593718,1,3.3731382703309523
977,-1.7867461249061312,0,-15.156692414005628
978,-1.1629212661512436,0,-6.785840197173388
979,1.6732854903140302,1,6.602682146807377
980,-0.8965776648051085,0,-0.2502035584995661
981,-1.3939778342057423,0,-6.89915526286053
982,0.44457143330237203,1,4.291758504406414
983,1.7115446073034755,1,6.98262704383427
984,0.6714507673417116,1,4.050165096161006
985,1.7198007916641789,1,5.411907734009627
986,-1.849597793532054,0,-16.047630702771578
987,0.6837621130554501,1,4.11443594359783
988,1.9513950210676172,1,9.23976882879565
989,-0.5657095051530088,0,-1.020112624681793
990,1.083026193976373,1,4.807691253720246
991,0.11496545874901143,1,4.7981208926044525
992,-1.819032903730196,0,-15.045486235135531
993,-0.5055693123881766,0,0.3713631271977782
994,0.892089487373378,1,4.769901467529234
995,-0.08379392271610264,0,-1.3128020281552508
996,-1.3235668942968757,0,-6.8726282620670975
997,-1.1228800253833193,0,-4.861140508262963
998,-0.8246301927890665,0,-3.1196835667532268
999,1.4316648432104144,1,6.223209814469093
1000,0.7175617273802954,1,3.8619684503858687
1001,-0.9955880374420789,0,-3.1672724136815633
1002,-0.43537954773170284,0,0.28846333522747003
1003,-1.1369572545814628,0,-6.233643379128898
1004,1.5288660540391699,1,4.609013980722436
1005,0.5004409186919552,1,5.459006274129375
1006,-1.1147429675485494,0,-3.978099325767793
1007,1.80674134776674,1,5.329624735261581
1008,-1.8263729832093012,0,-16.666169773058726
1009,1.5364211070760811,1,5.772226863847728
1010,-1.342495639328667,0,-8.008103375580687
1011,0.4520844790097591,1,3.694973695026989
1012,-1.6960645089629889,0,-14.15893952084293
1013,1.2923578554824857,1,7.071571722317142
1014,1.9341837784983231,1,9.151485097591802
1015,0.5929268602773803,1,4.23690205387131
1016,1.5247110015486456,1,4.638532210130582
1017,0.450401119913856,1,3.905290868103546
1018,-1.2934690970015486,0,-6.248027780878326
1019,0.6772162916506117,1,5.132019002477193
1020,1.0781017922612168,1,3.7112651765181957
1021,-0.9112748493056464,0,-3.895593386879818
1022,0.759421765097049,1,4.426025192747343
1023,0.4123289692133594,1,4.646846854682978
1024,-0.6768595526222314,0,-2.4315086357219053
1025,-0.902965556382592,0,-3.420408642518922
1026,-0.4698861451468175,0,0.021706574495695297
1027,1.2754898444237193,1,5.435119295378747
1028,-1.78413109847661,0,-14.243582590891977
1029,1.4760306506631276,1,5.089678353712853
1030,1.2523159651185196,1,5.846480247684068
1031,-0.9781436310430971,0,-3.174225962005836
1032,1.665933723264326,1,4.898403966705318
1033,0.48022715462258514,1,4.150125003417481
1034,-0.1145085408489166,0,1.477419272948021
1035,-1.3931049926513266,0,-7.809259243795151
1036,-1.6780243476914065,0,-13.80844108450156
1037,-0.253645682384283,0,-0.7883498110540148
1038,-0.18259769086383848,0,1.6591276210303412
1039,1.1906996023311174,1,4.704702077216242
1040,1.1812376582222415,1,3.5783936747635074
1041,-1.914576279891838,0,-17.347915761639243
1042,1.41012628755893,1,7.139150490286152
1043,1.2443292297574144,1,4.454975031654113
1044,-0.7157607883242361,0,-0.5779250142711027
1045,1.2816469677776654,1,4.519439735462642
1046,1.5529440712789184,1,5.688101786160054
1047,1.9257605911464037,1,7.034051035792469
1048,-0.46983626890369834,0,-0.10355472143870334
1049,1.742106414031757,1,5.7888467952956635
1050,0.7503113946549229,1,6.347557830794128
1051,-0.048907978161114585,0,0.15329668875297253
1052,0.5627820994218946,1,4.154559804315206
1053,0.7579673655149319,1,4.223968847376456
1054,0.8979866271942463,1,6.066412339449571
1055,-1.9569293580935239,0,-18.998851051065216
1056,-0.36081460928789433,0,0.4728929501371496
1057,0.24164759400924307,1,4.16139269252525
1058,1.443999153991693,1,5.928159835787095
1059,0.1831099860451495,1,6.5273793518220895
1060,0.1731521205481079,1,5.276768960998355
1061,0.2722840955300607,1,4.848386807018313
1062,-1.1106094517014857,0,-4.840354981336786
1063,1.2584677190412665,1,5.647550256929563
1064,0.17875911708317904,1,6.046080540176079
1065,-1.8617328154181605,0,-16.699734318629126
1066,0.5585722575111753,1,3.500730999030813
1067,-0.5377217600018511,0,-0.5200938660510755
1068,-1.1451855215619244,0,-5.010688189501732
1069,1.6451899713954101,1,5.829249198757485
1070,1.9612902442512907,1,8.316576712834948
1071,-1.830721238868497,0,-14.611641158140525
1072,1.7731763772654348,1,6.764795873615925
1073,1.7515779750011706,1,6.984681946819957
1074,-0.29781996167055746,0,1.5172298234704982
1075,0.5573529656698231,1,4.2914124973878724
1076,-1.2310425246325525,0,-7.3740762849864225
1077,0.5362128549301066,1,4.189967485385659
1078,-1.1179960757807463,0,-3.962619309417185
1079,0.7569032046050723,1,4.184426781330967
1080,0.14519435490439214,1,3.667171484999809
1081,0.12290516118283623,1,4.563119947911494
1082,-0.890676088801801,0,-4.645186511911545
1083,1.4223789577894093,1,4.913243606896523
1084,-1.2951994403960034,0,-6.28266445053352
1085,-1.352824997164765,0,-6.9281821371311665
1086,1.3341189450691795,1,3.4514116341051335
1087,-1.2826146685117457,0,-7.33853848295276
1088,-0.2244596995307857,0,-0.46944434192703977
1089,-0.7037728869414761,0,-0.7998439015286222
1090,-0.9150484675736008,0,-3.134264199832878
1091,1.8669161739956874,1,7.309206539353463
1092,1.2056450122082811,1,4.706861130773866
1093,-1.6113495178317514,0,-11.612375465222463
1094,0.1340489654406274,1,4.406023734967106
1095,1.1343195997680464,1,4.425716853162925
1096,-1.6825583067709404,0,-12.99386599235099
1097,-0.8243162824833625,0,-3.717449804854842
1098,0.014001447284427648,1,3.6228289655799357
1099,-1.9178264219016774,0,-17.09208384226797
1100,-0.5151655969675355,0,-0.4740220373903011
1101,1.2012438098273015,1,4.338587059486353
1102,-1.2527285623696058,0,-6.104781634658236
1103,-0.29054133245212954,0,0.3237300770527201
1104,-0.7789301176417753,0,-2.0968195369574585
1105,0.38797100873966706,1,3.5652370247046745
1106,1.292458526646724,1,5.439278425889572
1107,-1.1433024125986058,0,-4.5331169775431945
1108,0.1607480949280129,1,5.17934933306679
1109,-1.182212902519352,0,-6.779583109832379
1110,-0.009539735894055212,0,0.13546398680384464
1111,0.8434429314512575,1,5.1281803617508155
1112,-0.7951625074465878,0,-0.6515502411159932
1113,0.8317270046505456,1,3.0518649972165663
1114,-0.30765990146023947,0,1.4651714621495844
1115,-0.634991913810532,0,-2.210021536952566
1116,1.0148256479688493,1,2.542702223006893
1117,-0.7471908396688316,0,-2.0798060710536954
1118,-1.6668136233477893,0,-13.010736729566556
1119,-1.690199883982284,0,-13.569891734018155
1120,1.759296733987807,1,7.620831834920873
1121,-1.9401774048470206,0,-18.028766519404257
1122,-0.12587513422045227,0,2.5132185510549605
1123,-1.3759878760964135,0,-9.98941219361937
1124,-1.0127078044349762,0,-4.592656092945106
1125,-0.66550635291556,0,-2.792132987884817
1126,-1.4604509503337355,0,-9.573895267131883
1127,1.226242777335258,1,4.837295218679478
1128,-0.3417048465233652,0,0.03154110401358809
1129,-0.21019243124411258,0,0.16416599172687663
1130,0.5750114091594609,1,3.9811560137918685
1131,-1.3308716071477877,0,-8.619032198581774
1132,-1.3698515787470988,0,-8.329404671586282
1133,0.24204564884224133,1,7.42118566767261
1134,-0.7428052699555998,0,-3.3483123540902877
1135,0.8137707099962732,1,4.625502572825162
1136,-0.1857757913259186,0,-1.7462265126699643
1137,-0.05522240716646287,0,-0.26765742130919745
1138,-1.5243882178553259,0,-10.66455389179523
1139,-0.034949223993647305,0,2.582513956921871
1140,-0.15861304879067584,0,-1.5699211199500558
1141,1.4580239548973237,1,4.92187210428126
1142,-1.711131928683538,0,-13.371724629981276
1143,1.1841983199835684,1,3.9760687658688636
1144,1.6363788547391827,1,8.135914402835358
1145,1.0241338567788554,1,3.3135517473645377
1146,1.3499750169707143,1,5.31490825677335
1147,-0.683687981635487,0,-2.242034992785117
1148,0.6119666806249731,1,5.7897914897239495
1149,1.2694037170505967,1,3.7409642633785083
1150,0.882027314734283,1,5.594322262306859
1151,-0.27685198612589845,0,-2.2701016650639074
1152,-1.7657573477487203,0,-15.6974841741966
1153,-1.0902639110376713,0,-5.283162362471534
1154,1.3364346198653894,1,6.708947380577876
1155,0.467215473257931,1,3.4330665055415905
1156,0.9310789806684161,1,5.097759662339689
1157,0.09101207525115518,1,4.220135202374275
1158,1.0215390187175744,1,3.326823443095685
1159,0.8655594415558947,1,4.203384363617462
1160,-1.6199428534528475,0,-12.054757627514341
1161,1.079781777914807,1,4.93488867748401
1162,-1.116183412073743,0,-4.746406551466513
1163,-0.4432821020641371,0,-1.023986497204914
1164,0.36062844332617905,1,4.314223782059036
1165,-0.5920999414951722,0,0.12057332221891315
1166,-1.2833671490080927,0,-6.580583302725036
1167,-1.021420112274559,0,-3.8060568565688637
1168,1.902866090063032,1,7.621672915072791
1169,1.1394438332893224,1,6.454210905057949
1170,-1.7571813773402951,0,-15.759873357673992
1171,-0.38399989609483587,0,2.2891388813962354
1172,0.19099780665123056,1,3.479169650025925
1173,0.2233229326036601,1,4.149203906941699
1174,-0.16403896505089532,0,2.433097331952217
1175,1.535065472256246,1,7.954148600359874
1176,1.134968924584673,1,4.435098678402957
1177,-0.09888901219764978,0,2.0753299064904165
1178,-0.28980538311080917,0,-0.28570666821505925
1179,-0.38239427387201097,0,2.4193942009270977
1180,-1.1864382449213027,0,-7.245774517280115
1181,1.6964248345975865,1,7.079412641822464
1182,0.5431034506049035,1,4.35022417992258
1183,1.2109267879380998,1,5.274723139691272
1184,0.3675769840779628,1,5.694352462070237
1185,-1.910641156854136,0,-19.091664488159253
1186,-1.4788748791575732,0,-10.691667686438405
1187,0.8075756565993304,1,2.426116868713224
1188,-1.8208633395031928,0,-15.570045263225342
1189,1.5421026121391215,1,5.830859405454313
1190,-0.5585914949949551,0,-1.8400480195260607
1191,-1.7198462544893753,0,-12.739314139772997
1192,-1.2760253459420596,0,-7.121856320770777
1193,-0.26946821665501686,0,-0.5830181953116458
1194,1.0301779531442818,1,4.585686933147509
1195,-1.044663122240395,0,-4.573840651494155
1196,-1.0606499367825095,0,-5.598452731336385
1197,-1.3580008125513316,0,-7.450323255313275
1198,1.1529602848588967,1,5.559033478858857
1199,-0.13494209028656812,0,0.1671791338938905
1200,0.3299577547528205,1,4.885006812072501
1201,-0.12190821884251024,0,-1.1974324103406075
1202,0.8203314880746082,1,4.002067056445803
1203,-1.1782832959574505,0,-7.665310200032211
1204,-1.1260288449689408,0,-4.585394818628673
1205,1.9604499719651143,1,7.474394228020496
1206,-0.7330477718119441,0,-1.8697868602380237
1207,0.9192569082509765,1,6.004766677797145
1208,-1.5155667840043967,0,-10.350261900930494
1209,1.5916492274825504,1,7.561083815738626
1210,-1.8800093123506403,0,-16.996800469647734
1211,0.9893050719763825,1,5.899428695923576
1212,1.2860369715453226,1,4.921945213094936
1213,0.8033318122347759,1,2.4180966192141247
1214,-1.0722292879700923,0,-3.5487846828612795
1215,-0.4259043008299277,0,-0.6242796385446483
1216,1.2148991926876676,1,3.2437042980991206
1217,-0.2574869399768933,0,-1.6748269167744685
1218,0.28047910596852565,1,2.4665892143278367
1219,-0.10164896559401049,0,1.181559185572844
1220,-1.1633644266458973,0,-5.68317801605155
1221,-1.1797680810471265,0,-6.1332360214086865
1222,1.9204172245706226,1,9.022079586582207
1223,0.9606944659998664,1,4.782344147317791
1224,-1.9735838093840874,0,-18.95165780145688
1225,0.6517396960141477,1,3.5599073151666416
1226,1.9159414687015843,1,8.738798203449056
1227,1.324014239101961,1,5.678415221012218
1228,-0.9186777055861519,0,-3.404551933062235
1229,-0.7013454958048824,0,-2.601871414997096
1230,0.9124737158890568,1,2.942767846720501
1231,0.8895886929586418,1,4.870572296023117
1232,-0.9784905909397437,0,-3.560417582814348
1233,-0.8813531709442857,0,-4.0120916848913595
1234,1.396529206878209,1,5.096941380960998
1235,0.2995435742296264,1,3.4031945572040776
1236,0.403152873889951,1,4.467892900987424
1237,-1.9182439884030118,0,-17.919175904661163
1238,-1.4884583017907111,0,-9.572598019440257
1239,1.4661360496722202,1,4.46529372184168
1240,1.8520478355102683,1,8.258512400276274
1241,1.4739484244260672,1,7.147991266354276
1242,1.679515552999065,1,4.9331943951005055
1243,-1.1811567605561915,0,-5.844041783608596
1244,1.5711215259865567,1,5.063124118126212
1245,0.7400546459611168,1,4.577797305642633
1246,1.1981888397816278,1,5.268134888538048
1247,-1.0550680634630423,0,-5.3546358269169065
1248,-1.6825725648166965,0,-13.682864665172614
1249,-1.7780416277016942,0,-15.859985576884593
1250,1.484630060747727,1,6.690600937307172
1251,0.4315667984840341,1,2.809499242631585
1252,-1.3183499892825035,0,-7.954588395771497
1253,-1.7275197037331114,0,-13.64940049803941
1254,-1.3744008830325818,0,-6.465277116244652
1255,1.5605277215390938,1,6.146558560979254
1256,-1.9688373831285073,0,-17.948383174665377
1257,-1.9635324597021682,0,-17.61990624529543
1258,-0.34260605297523083,0,1.6843417620552792
1259,1.3027601624907432,1,7.251801421888022
1260,1.884870796998884,1,8.538948510107183
1261,-1.6573457604456054,0,-11.601001935892672
1262,1.8624994706179625,1,7.2137262462712215
1263,-0.8600184341719346,0,-3.546452081327125
1264,1.9099291571925874,1,7.303472986488357
1265,0.9495586792076849,1,3.158924761876791
1266,-1.3468315246272926,0,-5.5477845138219255
1267,-1.8659247770059357,0,-17.563490787853958
1268,-0.6661056463304207,0,-1.7883824863103
1269,-1.828628084928964,0,-15.391228359467886
1270,-0.06336616825578734,0,1.335205858092935
1271,-0.33281171867233983,0,0.5744475491630008
1272,0.3711690210845817,1,3.188284381122902
1273,1.6569664504820292,1,5.461398826210761
1274,0.8430535846047031,1,3.54381543800149
1275,-0.25557048504714963,0,2.817643339273647
1276,-0.6951024182601144,0,-0.9960929584793363
1277,-0.7615663702333575,0,-3.0792952249670638
1278,0.4215705062503692,1,4.512208709548921
1279,1.9296766899213074,1,7.789745942418631
1280,-1.8876273337997955,0,-16.462942317508922
1281,-0.8692291270792132,0,-1.403634648185759
1282,-1.378359003326799,0,-8.337355595603198
1283,-1.5957781233122001,0,-10.367025729868537
1284,-1.2594287131092643,0,-7.294648628127923
1285,-0.2817477761255289,0,-0.9005189289744373
1286,-0.06687239085965802,0,1.0826686012800655
1287,-0.17736080900013906,0,0.5002277859689706
1288,-0.4936930196338558,0,0.04717265523558395
1289,-1.2971092854390402,0,-6.224113795905583
1290,-1.7666284271868693,0,-15.005621734054428
1291,0.6681338783293769,1,4.788197348778913
1292,-0.633889149819995,0,-0.848698844693732
1293,-1.1101437387682003,0,-6.058237746925589
1294,-1.9877110848413237,0,-18.827407853308138
1295,-0.3442460917094263,0,1.941884668717833
1296,0.3988676804415574,1,4.267758654068781
1297,1.913920447936166,1,6.66594204243448
1298,1.1531075721863013,1,3.9126629899144505
1299,-1.2297669054365588,0,-5.959244435393132
1300,1.1943165846028005,1,5.788214664952651
1301,1.9944912072721808,1,8.058449259626046
1302,-0.34419720534003106,0,-0.7061187306422548
1303,-0.9535831099504346,0,-4.231613516518489
1304,-0.446405259924028,0,-0.8164108079139549
1305,1.5730927360567888,1,5.438397258067573
1306,1.9658170723689392,1,7.884863373118381
1307,0.1698950601303455,1,5.138154491243681
1308,1.7391385206438486,1,6.055546939374424
1309,0.11751323221201027,1,3.878089844035865
1310,-0.9789248153426731,0,-4.652563833162509
1311,1.6721621800146629,1,7.140508574784503
1312,1.0166389205332829,1,4.655409820894615
1313,-0.7454877781463192,0,-1.3967559626859658
1314,0.5959538508550142,1,5.376894022986926
1315,-1.3826883333100168,0,-6.315738430971735
1316,0.13903181503948625,1,1.8470209377465494
1317,0.08593580853991423,1,3.793364913433815
1318,-1.057423487565964,0,-4.091885657529356
1319,-0.012526608621310498,0,1.617132932262547
1320,1.2763789346713992,1,5.460623647030085
1321,1.5041544179388526,1,4.063960765654972
1322,-0.5891434245301106,0,-0.7007198432693231
1323,0.02577853895863136,1,4.525359150087184
1324,-0.3720341994000238,0,1.4401964484152798
1325,1.299260254081044,1,5.079787713610795
1326,-0.8801705160639046,0,-2.9986747358721297
1327,-1.7549800651061003,0,-13.315287455643254
1328,-1.9986605917620075,0,-20.192076839170486
1329,1.7541438646923138,1,6.989129003769937
1330,1.820860609593843,1,5.004243587688647
1331,0.7880024219309156,1,5.808333184880977
1332,0.564456908383288,1,5.028663577329777
1333,0.38867986292395873,1,5.5284479790914185
1334,-0.8947340398899213,0,-2.6236841978024343
1335,-0.4364634057405965,0,0.5757607792680524
1336,-1.160861218853281,0,-5.594990826408781
1337,-1.9030690304244624,0,-16.370305431709795
1338,-1.5024180181163116,0,-9.605872394939746
1339,-1.3658136357860418,0,-9.048313988428449
1340,0.09111334846098185,1,3.529733888415268
1341,-1.0241041631371894,0,-1.9013172432396384
1342,0.6676288536564692,1,4.809998980796404
1343,0.9477258204830905,1,3.119084120369629
1344,-1.3448538830475774,0,-8.511475847456087
1345,0.24092870581762682,1,4.1106132881118675
1346,-1.3564904046414386,0,-8.256444647416812
1347,1.6932299464376221,1,6.937432070195886
1348,0.10679910861948771,1,3.4851229899824268
1349,1.4258104993216842,1,3.6307081962079897
1350,0.2929442819997643,1,4.269671457978882
1351,0.366436612633001,1,4.522055506818174
1352,-0.9411306935154005,0,-2.2172057280871145
1353,1.3279083868182489,1,4.8582709024745645
1354,-0.917511159850195,0,-3.6963816467629074
1355,-1.7307271298815432,0,-12.674079758573479
1356,-1.2615595302129003,0,-5.449558192545835
1357,-1.013919249002464,0,-2.128798225909626
1358,1.9102993172211273,1,9.705825690002785
1359,0.4417697225436412,1,4.389480452308442
1360,-0.6467666557625109,0,-2.2291228314491565
1361,1.682736751554891,1,7.688718016115625
1362,-1.8112158051720346,0,-15.538906417583231
1363,0.18834083291114379,1,3.2833897130701164
1364,-0.11579396443065226,0,-0.32127918671476874
1365,-1.134099062035851,0,-6.233291673522371
1366,0.6376733909438546,1,4.753055354658328
1367,1.1174277510680013,1,4.853316615777728
1368,1.0393413133850182,1,3.2227384097879845
1369,1.0829666541025964,1,7.803575064095745
1370,0.32530132837310965,1,5.804697510832039
1371,-0.08773045962385861,0,2.098870332920463
1372,1.6549209656477335,1,7.215286360066987
1373,0.9447118171675393,1,4.9749171684294256
1374,1.034767093969723,1,2.765385034792791
1375,-0.5849903406018404,0,-1.7224589827283587
1376,1.6312311981319048,1,5.739495972113891
1377,1.3338744750523968,1,4.337079108031723
1378,-0.08797243278397993,0,1.8343819172567413
1379,-1.1054377267727054,0,-4.661683165215017
1380,0.5096656405185986,1,4.840479306580131
1381,-0.5660068277148218,0,-0.15263677466986114
1382,0.511314294726219,1,4.576162386750007
1383,0.03645530628634841,1,3.1825951062012368
1384,-0.9250190191757164,0,-3.2338021252811417
1385,0.3270311289388208,1,5.281336597473717
1386,1.6341650905483407,1,7.43814649121255
1387,1.24026559218006,1,4.44591669650399
1388,-0.5623034051327642,0,-0.020037423888260797
1389,-1.4916078002575417,0,-8.514308177870635
1390,-0.5756418622004031,0,0.4405670995934463
1391,0.010394055808688574,1,4.384243195824461
1392,-1.5804644738176634,0,-12.421546322068664
1393,-0.9923209803807187,0,-3.177163682274492
1394,0.06819861961724394,1,4.558688507588207
1395,1.7270306950994394,1,7.406404495226996
1396,-1.8608948353808632,0,-16.38986806795869
1397,0.28739003631000415,1,5.956502125159836
1398,0.6223430185664696,1,5.795207153600079
1399,0.21303691351508824,1,5.956438477176859
1400,0.9226190673097898,1,2.3051721056016587
1401,0.9574750094043272,1,4.967288516322007
1402,-0.3532605524486576,0,1.0054754403170851
1403,0.7160832624915572,1,4.407076823086336
1404,-0.5472146954292896,0,-0.3300716087557484
1405,-0.4767936353293383,0,-1.759765141360202
1406,-0.2998829592828254,0,2.1260781226539747
1407,-0.518840395237238,0,-0.7086192916494964
1408,0.20946892208823487,1,3.143417513184562
1409,1.5614402423336058,1,7.191298665212896
1410,-1.2400586295935407,0,-5.9426455207959945
1411,-1.7072136470389943,0,-12.68980280202252
1412,0.29815607650309284,1,5.479080594938611
1413,-0.44654792958505807,0,1.201508172581589
1414,1.2837562419234065,1,4.589269252018166
1415,-0.8146625705381241,0,-5.1464324719208765
1416,-1.7865738693856268,0,-15.467730644616813
1417,-1.1047485864275726,0,-5.321117459279662
1418,-1.8849643205718372,0,-17.844506917865242
1419,0.5910316365989443,1,3.613527463465342
1420,0.05911160319302278,1,3.258044181491649
1421,-0.257658755717884,0,2.0477613666444068
1422,-0.6098543770256684,0,-0.29782501437260234
1423,1.7906292984467167,1,5.284705802410606
1424,1.4739174624656637,1,6.2989933294688365
1425,-0.743669715094073,0,-2.7196558398580644
1426,0.10607891157830318,1,6.462926047073731
1427,-0.11453629738060078,0,0.34646808020023173
1428,-1.513297359204445,0,-9.860882600606706
1429,0.8850645271094408,1,2.413112715786952
1430,0.18157805310480146,1,1.7309062861263556
1431,0.26347038428545666,1,4.5229503534878255
1432,-0.020518508472562313,0,-0.7919008467504391
1433,1.7307584852652447,1,5.876004283183949
1434,1.3677588257028273,1,5.984582410466571
1435,-1.7300627056830273,0,-12.142497605264694
1436,0.9908054981163965,1,3.839867491332056
1437,0.14042216074550584,1,5.085744166617234
1438,-0.26295234781456944,0,-0.0396735587020991
1439,-0.9031470200868035,0,-2.4803394198920463
1440,1.1098643553652097,1,6.057169088058953
1441,-1.947795435890971,0,-17.52047724792103
1442,-1.0556361308629025,0,-2.8798852779360553
1443,0.9010854095642524,1,4.913388174804346
1444,-1.3371521090403657,0,-6.466569566617319
1445,-0.869191770153344,0,-2.8726389365044263
1446,-1.7256559567235055,0,-13.992565262327567
1447,1.3907256831509613,1,4.353526618250036
1448,0.8107299189631112,1,4.369016651046468
1449,0.41253370851942517,1,4.868209229567317
1450,-0.7237519614861561,0,-2.3016580931436588
1451,1.6962772922181344,1,7.817039154076907
1452,1.610549032901011,1,7.33368101283935
1453,1.493844749729993,1,7.033919155747167
1454,0.5578978028974082,1,6.329199801751822
1455,1.3044783420974482,1,4.6368153767971485
1456,0.7339052665690811,1,4.746463529095125
1457,0.8576018185718,1,4.064143793773505
1458,-1.4631096766132017,0,-8.837292418549149
1459,1.3344463429311828,1,4.404891903385763
1460,-1.7140918085558536,0,-13.402728204465705
1461,-0.7077832873078527,0,-1.4353036957133265
1462,0.04165170645876204,1,5.423485988276969
1463,-0.23940211186013016,0,1.1812521899373876
1464,0.04999985579066468,1,3.6649516296016325
1465,1.9186506239073413,1,8.398006507792465
1466,0.8478256332061669,1,5.10140635845043
1467,1.863354277941951,1,8.31388311324832
1468,0.9531178851279374,1,4.935671288610081
1469,-0.039207708376266304,0,0.23073629343664492
1470,-0.16511048743246093,0,1.133532859898644
1471,-1.5950742634943826,0,-13.146123916002345
1472,0.9286400707486933,1,4.308398203049663
1473,0.05976957671707517,1,3.924611431975671
1474,1.9446921850514038,1,10.415343128703736
1475,-1.3391968033993678,0,-7.710978121286362
1476,0.4318532845862926,1,5.240115729131994
1477,1.4948772991871317,1,4.59334739560291
1478,-1.4874300176245234,0,-10.971511287820793
1479,1.8045376140812657,1,8.078868021480465
1480,-0.7157168516666736,0,-1.2035198877979711
1481,-1.026444614015242,0,-2.9215013641638548
1482,-0.9463924898957865,0,-3.8935109214551265
1483,-0.6639719597777356,0,-1.0205231750340231
1484,-0.04142363883954703,0,1.8547397426032484
1485,0.4337557553837321,1,4.3269342196641345
1486,1.8566198427527425,1,7.22206717770298
1487,1.1399965393876932,1,5.718239718886993
1488,1.6719742187280153,1,6.290311433033336
1489,-0.6843941466056083,0,-1.3784341718031874
1490,0.380975500956636,1,6.494336143615992
1491,0.9884493236630223,1,5.7220004947211525
1492,0.10882869484162772,1,3.152132866090456
1493,-1.919354144091574,0,-18.319179263910605
1494,-1.664407189797244,0,-12.267908452933792
1495,1.118518744961864,1,4.707255863051068
1496,-0.2600161102187202,0,0.07979914413304151
1497,0.6896260876094229,1,4.315017483538882
1498,-0.1039799470592615,0,-0.2721180229672794
1499,0.4700160620752398,1,4.584514871903352
1500,-0.44706988112940227,0,-0.31253401389906843
1501,1.2341730200324181,1,3.8235812734850407
1502,1.5428429963520167,1,5.732418900598266
1503,-0.9415044217155013,0,-3.130342085852378
1504,0.0909108788477484,1,4.219552982454788
1505,-1.6883252353292466,0,-13.36991908536601
1506,-0.03340013846698309,0,1.7286325839982277
1507,-1.5001211207150575,0,-11.11795345067926
1508,-0.9229938773907911,0,-1.8600097041889097
1509,0.5866394850590786,1,4.139109606188313
1510,-1.2900138815279747,0,-7.031859689272175
1511,-0.26064676585711055,0,1.5683475252100476
1512,0.929348337988769,1,5.3854197955761265
1513,0.7038020038926343,1,5.0707154096592655
1514,-0.6957943772676978,0,-1.0766438938934748
1515,0.31194128114613795,1,4.396962619144188
1516,0.9786716345846656,1,5.824629199008535
1517,0.092921910573875,1,4.500285099716767
1518,-1.9617326507679298,0,-19.669460416028553
1519,-1.461272719649282,0,-8.44544119937043
1520,1.25501448778149,1,5.420636206760603
1521,1.5443101891259405,1,7.202099395160057
1522,-0.1500368774577594,0,-0.1548886550305878
1523,0.4119945192354737,1,3.2104461672790183
1524,-0.5640344492015927,0,-0.009477007679977612
1525,1.1245185402867675,1,5.207823053136691
1526,0.6294243429716935,1,6.187927042507491
1527,-0.08119036499842425,0,2.1008390601080187
1528,0.9161391176685951,1,3.63868369775731
1529,-0.7237838029090282,0,-2.485129609064412
1530,-1.2162177185130711,0,-6.787368252997938
1531,-0.533564471450894,0,-0.3927210356935832
1532,-1.1136579746516082,0,-3.3913335262681468
1533,-0.8136249290261244,0,-1.4550641908538768
1534,1.675033367775562,1,4.119653950622297
1535,-0.2796992422105644,0,-0.43679776697785005
1536,1.5500226367535084,1,6.261810303489513
1537,-1.082975826919423,0,-3.3149854772698784
1538,-1.4041538711347634,0,-9.045429354611912
1539,1.8831612481298858,1,7.788201882026616
1540,-1.673277711958181,0,-14.056043454018196
1541,-1.4663537996198222,0,-10.334031320383193
1542,-1.9838724806475625,0,-19.953236235727857
1543,0.0919526905583048,1,4.0764388699716445
1544,0.04132478437406606,1,3.6560426690610504
1545,0.021162786065913153,1,3.869412417519185
1546,-0.9926299602884319,0,-3.0689862391091816
1547,0.5188436315758986,1,4.664007093342862
1548,0.3585069527164473,1,3.8564513751464773
1549,1.863344607126805,1,8.069218700190058
1550,-0.6338629906684972,0,-0.862695775139805
1551,-1.9116761654304568,0,-18.97256913785831
1552,1.3508196946112045,1,3.7683451115376894
1553,-1.9180262623982296,0,-17.654931132888077
1554,1.280920096177785,1,4.187005733010332
1555,-0.0238483871558417,0,0.28809654563372444
1556,0.2465260842576127,1,4.012737513004009
1557,-1.5511498816122522,0,-9.328598160898943
1558,-0.6643078196390553,0,-0.6386629024129385
1559,-1.4731297365976213,0,-9.145910501195187
1560,0.6140759504386959,1,2.8482305500329597
1561,0.4515336187738166,1,3.376734231132094
1562,0.910493383205806,1,5.546013291528346
1563,-1.1058465360323977,0,-9.354918347452221
1564,1.5828725368248522,1,4.48092871872909
1565,0.5435512838736796,1,4.532934370855469
1566,1.0236152505691445,1,4.509727388939517
1567,-0.8040179495683137,0,-3.592007890909379
1568,-0.2657055229081893,0,0.6205749015087971
1569,-1.0211378146773749,0,-4.578429947606379
1570,-0.8565566940958655,0,-0.9454155347311415
1571,0.4837653516705811,1,4.131003954321981
1572,-1.5898164126717385,0,-11.494658443270351
1573,1.7797437307799733,1,9.884315837872572
1574,-0.040468161503911304,0,-1.138469201045831
1575,0.6530394813385798,1,1.9276257991175836
1576,-0.3474625216292604,0,0.5056969841622926
1577,1.0858845965296067,1,5.3256966921480355
1578,-0.4840682282565192,0,-0.08118084868489486
1579,-1.46252887374595,0,-9.353539172755864
1580,-1.5160603412605607,0,-10.642785189000156
1581,-1.2208890859793953,0,-7.04249775089415
1582,0.8877297089843954,1,4.295460584070594
1583,-0.3665003528926891,0,0.5940634105850856
1584,1.108123437883986,1,3.9141407745635997
1585,1.8568539420648236,1,6.513479541279837
1586,-1.5628934329428223,0,-10.42657422222549
1587,1.1625295412157368,1,4.8692005013931245
1588,1.4269230227763647,1,4.268323454971728
1589,1.4658418081204285,1,6.301763276526514
1590,0.17954528050128893,1,3.476914225033106
1591,0.14872167063591046,1,4.084748840996799
1592,-1.4211109970381015,0,-8.14668375407718
1593,1.8419913104093828,1,6.909367450728973
1594,1.5955911299942156,1,5.9489133983029845
1595,1.6396223658733646,1,7.193326892531239
1596,0.17121659299255088,1,4.890312889946063
1597,-1.6139213560513128,0,-12.435596989787316
1598,1.5767732802936467,1,5.367865676863077
1599,-0.9769954548798316,0,-5.405845779759282
1600,0.10571011323741253,1,3.0712153401619933
1601,1.9013476974384895,1,6.953256883150061
1602,0.9622250288899314,1,4.693295921500002
1603,-1.4374877123507783,0,-9.172348882820597
1604,1.1594698818036906,1,5.01682831450537
1605,1.5815703455686503,1,6.201600603745797
1606,-0.2795363608201349,0,0.3002251985598104
1607,1.7146509950940287,1,7.638174874739459
1608,-0.9241108435395922,0,-2.561560484880456
1609,1.3380091677369812,1,4.150022415585141
1610,-1.1042735825127643,0,-6.156102878410016
1611,-1.9149206824716463,0,-20.709017973279764
1612,-0.6807930976227912,0,-0.6483714498838169
1613,1.4682627417453427,1,5.884289376739324
1614,-1.4163132692416243,0,-9.281963781570056
1615,-0.2561406776110102,0,0.920840074263156
1616,-1.1025843385509417,0,-2.4910934451115456
1617,-0.9355403349439437,0,-2.4664069117974585
1618,-0.09892975180000363,0,0.10405066890409043
1619,1.799935998759663,1,7.916810802377526
1620,-0.5869797319828516,0,-1.3640375675020433
1621,-0.2790675548591377,0,-0.431501193517819
1622,-1.6398049101728818,0,-11.81982758757099
1623,-0.34416893898555223,0,-0.2677942712216048
1624,-0.9288153328502835,0,-1.0957940421810366
1625,1.3903689900801157,1,7.098449647112501
1626,0.34822153624668806,1,4.158172662571308
1627,1.1075218399933924,1,5.014086371524266
1628,-1.2927453032381924,0,-7.8967981751656575
1629,1.6629692952485473,1,7.532099231441979
1630,0.3521634852680391,1,4.5155256367465135
1631,-1.0125423257351018,0,-4.48924912303482
1632,1.4988697469136802,1,7.166115714471805
1633,1.5697332244103621,1,6.104666570965232
1634,-1.8619852815234874,0,-17.332379003822638
1635,-1.9809297142554758,0,-18.731118078094184
1636,1.3277271327605398,1,5.53830944569015
1637,-0.7875587156791752,0,-1.8749188482107872
1638,-1.2379845120187452,0,-6.464309998783001
1639,0.30598835041020234,1,4.591798283488496
1640,-1.846763182984752,0,-15.034019845051652
1641,1.7328137603188027,1,6.720547285430152
1642,0.1807157301700193,1,3.1451795494790633
1643,-0.6033908447826386,0,-3.0688515072412828
1644,0.9370888389665923,1,4.073856071625572
1645,-1.2886373670049487,0,-6.73806815103579
1646,1.5919231705799994,1,5.652841574238893
1647,-0.045585442328467174,0,-0.8424739372947136
1648,0.6343789723966236,1,6.001814200819354
1649,-1.813922129279899,0,-14.479643780499915
1650,-0.6924235900617446,0,-3.278957908913454
1651,0.6347150652943383,1,3.942229332788649
1652,0.40287167143690095,1,3.4396342191959026
1653,-0.08711206725425935,0,0.5923861040066213
1654,-0.675233934831935,0,-0.25119913456881604
1655,-1.4480419362270056,0,-9.532097217385488
1656,-0.7324212039249063,0,-1.3574883941518265
1657,-1.6341301359668905,0,-11.320704358220064
1658,0.5098318105709563,1,2.5826949493701843
1659,-1.6508083399432576,0,-11.073520392837924
1660,-0.9640342411050087,0,-2.345555271037184
1661,0.8887033926487256,1,5.4224765114926585
1662,0.9906105974427781,1,5.521545677232091
1663,1.0743631001963552,1,4.325644826967748
1664,-1.72300755038547,0,-14.698478496693928
1665,-0.8861584408811134,0,-2.0307568908330844
1666,0.5344283475725242,1,5.8461191199835945
1667,-0.3924956462537059,0,-0.45508520127333124
1668,0.5140402621461884,1,5.248262275401364
1669,-1.771557615076219,0,-14.191491448480052
1670,0.3638260784536924,1,4.396281899506546
1671,0.5062913765761565,1,5.212723529816177
1672,0.3552612448097352,1,3.70327672773501
1673,-0.9594790834621891,0,-3.868669631988148
1674,-1.9416362126919253,0,-18.563282549176453
1675,-0.6578793910877487,0,-0.18975921846902688
1676,-1.2227922968661429,0,-7.424399090675852
1677,1.4620116272276822,1,5.109157205359851
1678,0.979187113144063,1,3.5468806956513825
1679,-1.582525834325255,0,-13.282240012642365
1680,-1.3455761478073653,0,-9.472948233100626
1681,0.030496793826671365,1,2.684558718491067
1682,-0.703500776499018,0,-1.9601399869676812
1683,-0.7036389604448576,0,0.28917695418809486
1684,-1.1345742027595915,0,-4.765768796672213
1685,0.6390437862980418,1,3.3225840908551705
1686,0.6089431287980656,1,6.250883781248092
1687,1.251029848082005,1,5.452643036563295
1688,1.1913065991511838,1,4.829665792171147
1689,0.438527080581248,1,5.360337364187298
1690,0.7208216190875185,1,5.083057189407143
1691,-1.774087379421843,0,-14.869471479424014
1692,0.7503457560379521,1,3.5293583639061747
1693,0.13039355497008165,1,4.031881512209373
1694,1.6915753222086933,1,6.323586453934827
1695,-0.43709122349997953,0,1.1352541360345743
1696,1.877774265456639,1,8.34289407290513
1697,0.10408773743815125,1,3.9697297429916554
1698,1.4964713735229678,1,5.76693752562157
1699,-1.8037753052121759,0,-15.12020134903661
1700,0.26937183104008167,1,4.448280068090475
1701,-0.7929244374271667,0,-1.301438029469757
1702,1.1159122420213774,1,4.567001158014744
1703,1.6970385261581766,1,6.3439509440741295
1704,1.0833501175051166,1,4.180712651585631
1705,-1.4414160876556812,0,-9.222528304300688
1706,-0.6309354310836932,0,-1.1498013150059765
1707,-0.8851612615798206,0,-1.5241486407109224
1708,1.1522092593202617,1,5.143288687551106
1709,0.05582168584945668,1,1.752704852261508
1710,1.1754229839569614,1,4.5821116385656175
1711,1.6683288868562824,1,7.247298817646073
1712,-0.3204852590462699,0,2.5986740002696154
1713,-1.841166272435784,0,-15.273179141012077
1714,-0.6969717625858793,0,-1.8584973226694326
1715,-1.9308460597148542,0,-17.466082030859386
1716,-1.8563682302239664,0,-16.151017296442326
1717,-0.23815415885281643,0,0.6687221568601736
1718,-1.1817453664996087,0,-4.2433899192494655
1719,0.5742675675151911,1,4.844324398058328
1720,-0.3274304878466383,0,-0.16986240786503992
1721,0.4620979586598204,1,4.042203899939112
1722,1.8551677092982715,1,6.832711862086355
1723,-0.34861695709644547,0,-0.7014316817101306
1724,0.2596466673582194,1,2.3876809644649772
1725,1.1683177272126377,1,4.311466454254166
1726,-1.7695647315706249,0,-13.778044730636324
1727,1.2886683669259518,1,3.5412198867286273
1728,1.941970746534262,1,10.507922421903494
1729,0.25328563977145446,1,2.401264856684044
1730,0.5713528085781387,1,5.700389331585854
1731,1.8156880886176525,1,5.477833786030573
1732,0.22584028578914195,1,2.8382707281260346
1733,-0.5933606629753245,0,-2.118517244615286
1734,-0.27876168432232307,0,0.19489654689301683
1735,1.402832265348457,1,6.010545881612229
1736,-0.997125010488014,0,-4.813196791908873
1737,-0.0312894440603837,0,1.577678320456093
1738,0.44271841776835696,1,3.929969355593678
1739,-0.6400907334416046,0,-0.0433131403936442
1740,1.7607232044222698,1,6.897713201278176
1741,-0.7864897593882598,0,-1.9894933710880849
1742,-1.401661605566018,0,-8.855031505798442
1743,-1.1412612041085803,0,-4.510725009756425
1744,-0.846447345154941,0,-2.621026809152678
1745,-0.1654888988086065,0,-0.23479655028017699
1746,-1.9789388376759827,0,-17.210693148415046
1747,-1.0774783589555046,0,-6.22065093887341
1748,-0.9191251675371439,0,-3.3015497984308233
1749,-1.2762211937526389,0,-6.96806616221869
1750,-1.6527689929085518,0,-9.02591944471994
1751,-1.043326971367101,0,-4.156579510436304
1752,-1.7173623898433568,0,-14.435872444655518
1753,0.6934163317243796,1,2.6894150737769804
1754,-1.5008530236779114,0,-8.855103845692472
1755,1.6464044996223022,1,4.514612221405709
1756,-1.9113774561803054,0,-17.229185580904673
1757,0.6490967822013554,1,4.414274527562417
1758,1.5248509401167283,1,7.71790249824156
1759,1.2165596883734788,1,6.79003814710946
1760,0.25472398358099957,1,6.564057599070219
1761,0.04924689612398847,1,2.889231859947412
1762,0.14708475092299667,1,3.4619869264380196
1763,-0.5627547892175158,0,-0.89893432065412
1764,1.2898002224633078,1,5.234068040368219
1765,-1.8826577877915889,0,-19.056376038359854
1766,0.30129421162476033,1,3.975629915275712
1767,1.714099756776955,1,5.88986829552743
1768,-1.409306122687735,0,-7.678441835409867
1769,0.5725091826817525,1,4.196276240829033
1770,-1.033636078999308,0,-3.1760739062676384
1771,-1.238373567348607,0,-7.282363038987863
1772,1.8662138657988323,1,9.19623160375806
1773,-0.8715501456807333,0,-4.185439141554643
1774,-1.9842738352750637,0,-19.60542231198051
1775,0.3926960350866642,1,4.801424319157811
1776,0.988285456618121,1,7.127760144479442
1777,-0.7272695757204688,0,-2.2771490896387627
1778,-0.9962496539751302,0,-3.869709763160344
1779,-1.3072974607664114,0,-6.751746123764954
1780,-0.6036497048751253,0,1.4423598424337065
1781,1.1786484173727039,1,6.1381611788348645
1782,-1.0832820089866644,0,-3.5291257870252846
1783,-1.8496476648692184,0,-15.571240844590873
1784,1.8264946586379374,1,5.22693371401567
1785,-1.440884606138626,0,-9.023001345626074
1786,-0.1585127877197361,0,-0.507661743351912
1787,0.2916368081811793,1,3.6425958484132805
1788,-1.4820016833645426,0,-11.006253015491485
1789,-1.6461443973942647,0,-11.950430318941033
1790,-0.7568441735813569,0,-2.4108789843896687
1791,-1.4843894829429534,0,-12.150116026907764
1792,1.619751369029518,1,5.503726982116205
1793,-0.07978591037207616,0,-0.161794087347092
1794,1.689995994422207,1,7.288739022812826
1795,-1.6395095692926192,0,-13.25225450560788
1796,-1.9519362070626083,0,-17.86992282049618
1797,0.5096100548973421,1,2.919310303221564
1798,-1.5142966206999606,0,-10.872527339544389
1799,0.2201950976545448,1,3.3531993309751567
1800,1.1448294389087477,1,3.613519009862323
1801,-0.050732300097907856,0,1.7381725570077848
1802,0.09249469364006968,1,4.780985496467568
1803,-1.7718675313680667,0,-14.868249650709318
1804,1.7523814181135684,1,7.174380149545465
1805,-0.3230563125360115,0,1.1115970359705671
1806,0.42945625250575414,1,5.119584035038236
1807,0.19521258630665494,1,4.022121553519503
1808,0.4565282189814033,1,4.629045045605391
1809,1.211540752326472,1,4.569594300738048
1810,1.5892265731273176,1,5.16274211909681
1811,1.777283949612706,1,6.642461227588863
1812,-1.3931758622241555,0,-9.213663660387398
1813,-1.5055080267604604,0,-9.91303324106449
1814,-1.0536524856969045,0,-3.7056895345088536
1815,0.332424020024749,1,3.628297517313973
1816,-0.6042742084987021,0,-0.8048634073603878
1817,-1.9451164106675622,0,-17.120595215020103
1818,0.7118212248879972,1,4.615910896751264
1819,-0.5452375129514366,0,0.3745964349977441
1820,-0.14667116801205848,0,0.9005354361218746
1821,-1.133678781172165,0,-3.3300157398005554
1822,-1.936174779170568,0,-18.652174724138632
1823,0.8187176940698069,1,3.7210662017216207
1824,-0.819019888591586,0,-0.43566489492422145
1825,-0.922212155457915,0,-4.57776085417363
1826,-0.257801402914557,0,-1.3491561519691895
1827,-1.477823764042535,0,-9.598085683246502
1828,1.5842856058563517,1,5.624572094337613
1829,-0.7217295347101405,0,-1.5308672631850548
1830,0.4358061837777507,1,4.547096358680009
1831,-1.840009831386956,0,-17.629162770976883
1832,1.987359327497654,1,10.182908961474674
1833,-0.7924628442555406,0,-2.3480400674564597
1834,0.19263414084454178,1,5.66611603982703
1835,-0.24889989474238483,0,0.21470249436132444
1836,-0.20884037421611357,0,0.6796141511538879
1837,-0.316586112873674,0,0.2502956977874961
1838,-0.2698622690317851,0,1.0890504319987238
1839,-1.4509816772654949,0,-9.434887416309682
1840,-1.471266414663273,0,-10.532102717368986
1841,-1.0437469312289696,0,-3.9722698349019
1842,-1.2783423745793452,0,-6.142424138744166
1843,-0.5962779287389246,0,1.0394036047508457
1844,1.8035795708046654,1,8.638522293610155
1845,1.1384316971659114,1,5.667769706023255
1846,-0.04799136487747058,0,0.5640943129751563
1847,0.7368568797379944,1,4.4818611713915395
1848,1.2576571935941705,1,4.524193035859305
1849,-0.16024194834259387,0,-1.1000689670263268
1850,1.473543541607666,1,5.134607550614439
1851,-1.0239450067658145,0,-3.5632921266289728
1852,1.5152520418238211,1,4.739496883037141
1853,-0.03465344220305777,0,1.038781964530476
1854,1.9167972210078803,1,9.379209126613826
1855,0.249696044034879,1,4.070305896298863
1856,-1.7977475473973414,0,-15.654177734085298
1857,-0.9802889581412084,0,-4.381549629541719
1858,-0.17035755899880822,0,-1.8107782634015002
1859,-0.4494330483367417,0,0.19953370149933364
1860,-1.8852555638003965,0,-18.36833721635186
1861,1.7394378692691337,1,6.186309093825487
1862,0.31680093489592664,1,4.978051133170219
1863,0.30987002564322363,1,3.729352114733687
1864,1.5948483640739317,1,5.016607518222889
1865,1.4538203859750998,1,5.03153750774639
1866,-1.9658179574382681,0,-18.50364803032122
1867,1.93456155281359,1,7.469716002856769
1868,-1.8070654542479896,0,-15.024863640609956
1869,-1.6841434830530968,0,-13.55783997199239
1870,0.20023753119502308,1,4.1701638017321665
1871,-0.4429656533265902,0,-0.4685889392479967
1872,1.0706636374259677,1,5.168824773413927
1873,0.1318733614593599,1,4.43433694990539
1874,1.4609028584024495,1,5.466570128937769
1875,1.6756039157568972,1,6.298870804594139
1876,1.126217431652702,1,4.663312610133902
1877,1.1258338636754366,1,4.568578256829225
1878,-1.3084535089931322,0,-6.1403444345118645
1879,1.1188703431514786,1,3.859841701664989
1880,-1.520332986176995,0,-9.84950485275941
1881,-1.304053466587297,0,-7.544230021185449
1882,1.856602878464539,1,7.358678419999542
1883,1.846118477476479,1,7.492212308682604
1884,-1.5132653697315512,0,-10.550643519650293
1885,-0.9868394116319559,0,-3.3300030888239327
1886,-1.0520513718527824,0,-3.689109707242363
1887,-0.6935229012683717,0,-1.5947087684464427
1888,-1.2217067179548295,0,-6.324827311533571
1889,0.22476776052554692,1,3.4377914984159785
1890,0.09203526676009721,1,5.182309605961085
1891,1.815886858956151,1,7.189662388041308
1892,-1.2325506513667124,0,-5.554974380764036
1893,1.9244034824585357,1,6.894341462090376
1894,1.9776858660877759,1,8.690310207576065
1895,-1.3735487677396487,0,-7.615767018837198
1896,-0.6080187762424916,0,0.3219230253174499
1897,1.2697356251262235,1,6.127351879050394
1898,0.22321160104617244,1,4.395433283969161
1899,0.07709486147479616,1,4.470481748036094
1900,-0.31763994324624,0,0.5371108814968035
1901,-1.061875507108041,0,-2.5707475684250953
1902,-0.10361116985294494,0,-0.47788469105521525
1903,1.2257152348133364,1,5.8053656171758545
1904,1.456284723753182,1,5.095795733673054
1905,-0.2997470153121675,0,0.16661188821564937
1906,-1.3202539407024183,0,-6.592305379044879
1907,0.6654681354864422,1,6.834284517344967
1908,-1.1506701992799035,0,-7.095699737785742
1909,1.963763042359961,1,7.780503871018025
1910,-1.8008443893854182,0,-16.322041844734844
1911,1.597382908358199,1,6.80595325811455
1912,-1.891494688639281,0,-18.153122293238532
1913,-1.8201787272656893,0,-15.512376085491969
1914,-0.9565666431327506,0,-2.7353392617128796
1915,-0.9511117757633127,0,-3.871684221844938
1916,1.7918685033066137,1,7.270369510824543
1917,-1.3380377207079497,0,-8.030518425424468
1918,-0.37707241363170496,0,-0.3739930763684063
1919,-0.10773132847864719,0,-0.16996162672764747
1920,-1.7694198713919498,0,-17.214106360380153
1921,1.4595027058248689,1,4.02745464049752
1922,-1.2230246464717305,0,-6.57906387122003
1923,-0.13854727744183792,0,0.8720377272744467
1924,0.04675000602129975,1,3.222176152599809
1925,-0.5936020321455047,0,-1.2110116694211814
1926,1.5145724285989357,1,5.06313646983448
1927,-0.2302452587326127,0,0.9504833509911452
1928,-1.6889608750922518,0,-12.543676209712114
1929,-0.5503898587604121,0,-0.7618205319207305
1930,1.632115405283404,1,6.331044332653965
1931,-0.12046036664664284,0,0.9871795457458978
1932,-0.3060688519424719,0,2.1130879092761297
1933,-0.339357820174758,0,-1.4291904935060538
1934,-1.476332419974241,0,-8.155543217046084
1935,-1.26697754007857,0,-7.107980537377145
1936,0.2716006505904618,1,5.433685526960835
1937,0.7176924828892424,1,4.721932291501114
1938,-1.682525766628582,0,-13.639041754119265
1939,0.8654912872659422,1,6.250643655026396
1940,1.8185869505629833,1,6.948753678480648
1941,1.9449221809007815,1,7.324551210966511
1942,-0.14989531283963364,0,0.04212575291479326
1943,-0.1267225367586926,0,1.7977110645241747
1944,-0.8724671009350784,0,-2.22806810893589
1945,0.30387508900024685,1,4.312658045065962
1946,-1.7329129802165815,0,-11.852614121273964
1947,-0.8548816920586062,0,-2.2517580824587937
1948,1.7872907376617762,1,7.2886404248456405
1949,1.5076536403521006,1,4.6408916535388425
1950,-1.896895965605967,0,-17.183995250542285
1951,1.2353163740920778,1,5.825037633844089
1952,1.1075159457116208,1,1.9947206194247404
1953,-1.9878595090689744,0,-19.561413324260588
1954,0.21622423259251056,1,2.7607201396818146
1955,0.13766337157193798,1,3.1660414240337627
1956,0.042301836882194355,1,3.901205624816495
1957,-1.5749502856861195,0,-11.807652254379251
1958,1.9239420091526607,1,9.387621330389418
1959,1.7349613712845389,1,8.416584009758154
1960,-0.04539386911071386,0,1.2511137808821353
1961,1.3663317560245214,1,3.941702180038731
1962,-1.7134090154798276,0,-14.060158819471292
1963,-1.9125233510730286,0,-17.71781336086631
1964,0.962233604393028,1,2.8874990831150322
1965,-0.4440683347212442,0,1.985854768291555
1966,1.497877517881137,1,6.2291731444120195
1967,-0.031004684783020764,0,3.6985995194179395
1968,-0.9121783841890134,0,-1.975358135466469
1969,0.2226189499570399,1,5.486496638379757
1970,-1.0747655324947027,0,-3.573073328690598
1971,0.14899116887716257,1,6.466026619484673
1972,0.6674326197938378,1,4.505196927722256
1973,-0.9478479285143937,0,-2.6546139298338316
1974,0.47031653388085504,1,4.401280424627582
1975,-0.7949918242262721,0,-4.635789304845692
1976,-0.2877860953780247,0,-0.8589363515010059
1977,1.66627168819051,1,6.745426053546882
1978,-1.1324226720732842,0,-5.982296185236286
1979,-0.06420288267797636,0,0.4015771835323465
1980,-0.07837221022471841,0,0.26780026264875634
1981,1.2687467124430674,1,3.4467294998377787
1982,-1.9409834293501733,0,-18.69006998212338
1983,1.6079657355310681,1,7.742783136660149
1984,-1.1605932634972076,0,-7.221564468306758
1985,0.4232081475379079,1,4.417587804835024
1986,-1.5628270779350424,0,-11.19277179841794
1987,-0.0481734857936611,0,1.1874732327644628
1988,1.7436530654703573,1,8.339225734505023
1989,1.3362778953042804,1,5.2558933574000815
1990,-1.8879702266911251,0,-17.336166159625762
1991,0.5040405177900449,1,3.9830517997047905
1992,1.166266221801585,1,5.154439315446957
1993,1.0505825108748796,1,5.693288145407988
1994,-0.9688130713355116,0,-2.092400486336398
1995,-1.1866559132952395,0,-4.201639702905185
1996,-1.3754406355908908,0,-7.33531062642111
1997,-0.9263864310036225,0,-4.211998959063642
1998,-1.4479120305379771,0,-7.3201569795553425
1999,0.3995198776880162,1,3.6218139004595296
2000,1.0714944635420132,1,5.534056711673832
2001,-1.2985588880875771,0,-6.702340630325127
2002,1.120187388584823,1,4.237995819193154
2003,1.6873252777779664,1,7.39536848695904
2004,-0.9503057782223321,0,-1.4214191409917245
2005,0.15167340781948813,1,4.553259340551027
2006,-0.5085040423700109,0,-0.4900637444764234
2007,-1.6515496251828798,0,-11.008272713627521
2008,-1.9396550359853704,0,-19.173355164746738
2009,0.2533453956995335,1,3.059401020657556
2010,0.008254097034261942,1,2.4142195077022977
2011,0.30684626816794713,1,3.961372629710663
2012,-0.817369499272719,0,-1.8737164089278497
2013,-1.4964950442757736,0,-9.768918926691466
2014,-0.2693067619509364,0,0.8260321682484395
2015,1.7420321903505998,1,7.442500243939209
2016,-1.4808006881640439,0,-9.034484995436607
2017,0.7075327313027255,1,4.344626162603601
2018,0.7819135132636341,1,4.70181031995907
2019,0.09904510695758573,1,4.702405998775008
2020,-0.7414853996271065,0,-1.6468187084248491
2021,0.31762523805778775,1,4.309117116813197
2022,0.43885597437459145,1,4.624320728683088
2023,0.7729200893840895,1,5.601000048782916
2024,1.1386604646400178,1,5.827693161757852
2025,-1.2701021005446274,0,-5.099461069174231
2026,1.443792703506705,1,6.808106885048913
2027,-1.9449612466252058,0,-17.516594310201743
2028,1.9169335257630125,1,7.114669748325106
2029,1.130207539708175,1,4.523233112133307
2030,-0.08743370797272076,0,-1.2701187473919098
2031,0.44929477854738886,1,3.284604716382489
2032,0.6079306996756864,1,5.387403529107713
2033,0.10803211458523698,1,5.629161094629941
2034,1.0078669445040869,1,5.82664400883833
2035,0.9172939130337814,1,4.673177508313501
2036,1.471486096710107,1,4.377321064508384
2037,0.10727072014870087,1,4.317046456725547
2038,-1.2045341432397745,0,-7.330469112390379
2039,-0.8533540333520309,0,-3.2216365806638865
2040,-1.7716132174222934,0,-14.111954833531943
2041,1.9827943402594679,1,11.262215219839469
2042,1.4963698502091272,1,6.634307694870096
2043,-1.0062784228894426,0,-4.689963118241386
2044,-0.5215973993182037,0,-1.5864584891539062
2045,-0.7243891143955938,0,-4.031896097461956
2046,-1.8147275130513623,0,-16.118452202052918
2047,-0.044705316830360164,0,0.4646665149300519
2048,-0.5479316296108636,0,0.14895281009765016
2049,0.1972259225775379,1,3.862735856671177
2050,-0.5289119078113402,0,-0.7218885636862113
2051,0.10586220364477006,1,3.053231197831775
2052,-1.5087149583592363,0,-10.78029488950394
2053,-1.3942714109686611,0,-7.277247307799951
2054,1.8846162714356889,1,7.22754897236509
2055,-0.9737400920712127,0,-3.6707910109625455
2056,-1.8217710899803903,0,-17.444673079147048
2057,0.5060659461808865,1,3.6777051832763816
2058,-0.7674641241629225,0,-2.354225949124368
2059,0.7483765857380815,1,5.347418434815426
2060,0.471322248913133,1,4.789190621957905
2061,1.387188348533435,1,4.857181090530508
2062,0.4919021354683717,1,3.8138237228574736
2063,-0.26092676198175946,0,0.6258632878409608
2064,0.5992147424774599,1,1.8963326026760488
2065,1.349556667902891,1,5.158538248273972
2066,-1.8350992055091662,0,-14.961953409622451
2067,-0.11866771382593777,0,-2.2383164404115377
2068,1.76721455289854,1,5.388227091214549
2069,-0.08830425118935636,0,0.35538181485284714
2070,0.08309427106898903,1,3.2873395124795812
2071,-1.4189677348840104,0,-7.713037090657092
2072,1.693388174328919,1,5.932912506628884
2073,-0.34348767927276613,0,0.11505713200845506
2074,1.7267866904939209,1,6.4716146878180085
2075,1.927707156948772,1,8.74789780010296
2076,-0.5651720972091865,0,-0.09002287414327426
2077,0.4882167636086976,1,4.9876333561256985
2078,1.7883765699756835,1,5.368166269922402
2079,0.24641536766194783,1,3.5046613793264894
2080,-0.7895143887191658,0,-0.545030018183873
2081,-1.8713698228809568,0,-16.73235818395658
2082,-1.471119306849681,0,-8.825347528353962
2083,0.4526442810802158,1,4.19486332870841
2084,1.341928845593729,1,5.745471837427051
2085,1.9543703805942183,1,8.105941470582005
2086,1.0330749841331195,1,4.935920684867104
2087,0.5201748679194855,1,3.602657495026323
2088,-0.7329136058361114,0,-1.4140491006094003
2089,-0.3314964714173736,0,-1.6875094113505542
2090,1.8608297417722723,1,8.170179971674154
2091,1.1605859509757575,1,7.284131443038236
2092,1.4325899880157014,1,6.179123837258743
2093,0.39328269989810094,1,4.90370101719185
2094,-1.305443228932495,0,-7.966957054246197
2095,-1.4440316078506168,0,-9.235360482777416
2096,-0.5857779712048896,0,-1.1584300521680508
2097,0.23712198394155548,1,4.841176021089285
2098,-1.1940181601224213,0,-5.900467397787227
2099,0.35055628051742227,1,3.076340470113922
2100,0.5631075243719712,1,2.205337151836142
2101,-0.23168339692724205,0,0.011418351711677155
2102,-1.470600074394401,0,-12.113169371017236
2103,-0.3687817380650804,0,1.4246411815889188
2104,-1.9128565403381215,0,-16.119659757521195
2105,1.978261386538652,1,8.966350132916828
2106,-0.5106575676113296,0,0.5447643435814613
2107,0.12963236386166344,1,5.339046437209946
2108,0.08857074912897644,1,4.271596912876386
2109,0.9288096289203418,1,4.248268027292735
2110,0.3326424076817527,1,3.976634386572975
2111,-0.521911814859529,0,0.8830331607298796
2112,1.790788975110401,1,7.918324895352732
2113,-0.9966807200714825,0,-0.9410424964486697
2114,-0.4957874187629807,0,-0.6748245323673598
2115,-0.9820750580093622,0,-5.061134351523838
2116,-1.722303259821548,0,-14.035413740382156
2117,0.8188890642179905,1,4.264274806391098
2118,-1.2722597654044416,0,-7.147746943476984
2119,-0.5569403538152953,0,-0.8675066324562442
2120,-0.5056647359964477,0,-1.252253583641227
2121,0.9953223473998176,1,5.072815608141571
2122,0.8807769242997034,1,5.104782460476192
2123,-1.987393918790152,0,-19.272827670867258
2124,-1.4310951215820502,0,-8.153275645311354
2125,1.9141066928501038,1,7.583921698524077
2126,-0.12047774248623311,0,-0.10435623385429238
2127,1.0260072306366803,1,4.141232353695886
2128,1.760836739018481,1,6.346795427478144
2129,-1.9749090341103415,0,-19.23475575569088
2130,-0.8362145129689669,0,-2.427650434879034
2131,-0.07433590325896011,0,1.2511407078508074
2132,0.510993314596881,1,4.4756850716973675
2133,0.9223235672100807,1,3.1866023182918894
2134,-1.8694596148567673,0,-15.789921824200448
2135,-0.12973775351035766,0,2.3286258964965123
2136,1.7562525731905403,1,6.2364599533170315
2137,0.963075915858377,1,3.9810469903664254
2138,-0.415778515509281,0,0.030315152743934995
2139,0.35421934660591203,1,4.333175476121376
2140,0.8332306757343115,1,5.452866988921908
2141,-0.8645611808315072,0,-1.7711287647201854
2142,1.2021160150600156,1,4.178090139588225
2143,1.0507618055900254,1,5.422107414113418
2144,0.3980506505356103,1,4.541157859776646
2145,-1.8038261310713475,0,-14.966288133106492
2146,-0.8913100475132505,0,-3.6423187987564223
2147,1.4040671066922998,1,5.0342204650743545
2148,-1.4552830999650137,0,-9.385252230338578
2149,-1.6524685872220757,0,-13.348470929898065
2150,-0.48726823547872167,0,-0.742937941101044
2151,-1.0816873553124493,0,-4.637064656849691
2152,0.08247184483213177,1,6.026926593968929
2153,0.9924296359302733,1,4.268686065411268
2154,-1.1938761169828194,0,-3.789747763262061
2155,-0.9525028670192488,0,-3.444422983710055
2156,0.2306461047387205,1,5.07411999147002
2157,-1.6210875088832455,0,-11.052298908953329
2158,1.2712891794518595,1,5.00613175586716
2159,1.006229145397453,1,5.256040714049814
2160,-1.7768611578601958,0,-14.532346447071399
2161,-0.5719616766285172,0,-0.7551299820574647
2162,1.293322628630937,1,5.9420341793574885
2163,-0.17949916392124665,0,0.4603910153311439
2164,0.5229216328971211,1,3.279958055708126
2165,1.7345147197578665,1,6.422662874153493
2166,1.2899346515026853,1,4.630011924432373
2167,-1.0933435050441358,0,-3.6758237241621505
2168,-1.7902207949653053,0,-15.883379746332103
2169,1.1274160428358342,1,4.7973892620728416
2170,-0.20212624204972984,0,0.2114369056614705
2171,1.023791904009843,1,4.3276946052081815
2172,-1.8614740226329682,0,-16.839097254250234
2173,0.8889927921238656,1,3.7919269086216256
2174,-0.4614394346879851,0,1.277310704357245
2175,0.7764105104513908,1,4.406329072119373
2176,0.3824745039353683,1,5.286244147521894
2177,1.7546499202709365,1,4.911312901960003
2178,-1.7293915469482148,0,-14.179930458503193
2179,-0.4041851385069246,0,0.7640203169828018
2180,-0.5497180882413972,0,0.3381366686624385
2181,-1.083570218567655,0,-6.3790047907405105
2182,1.2907527409473052,1,6.029842905989183
2183,-0.6598457819039019,0,-1.5110438516367288
2184,-1.7887321922600377,0,-14.236093143983929
2185,0.5840211183164818,1,3.208196637299512
2186,1.7637352207191013,1,8.363269420009955
2187,0.08645637595587097,1,3.602758113973349
2188,1.9163438114516809,1,7.281686913115951
2189,0.9865536441318556,1,3.4595680308195425
2190,-0.36711197538091556,0,-1.573744108765075
2191,-1.9099978388393342,0,-16.805154188008046
2192,1.9560574512342712,1,8.521717274649895
2193,1.5809232780957658,1,6.460786581739267
2194,-0.9760389030936403,0,-2.6351493951991847
2195,1.5728082158072993,1,7.902713567320495
2196,0.45325743552945275,1,4.555435849895206
2197,1.0412123366524852,1,4.2589241624703345
2198,-1.7872232908764367,0,-14.376957401346555
2199,1.2325210007609617,1,4.356852973515521
2200,-1.4082500656452468,0,-7.335704310075645
2201,-0.6813501190975351,0,-1.4726340133805338
2202,1.1019668435726166,1,4.979482545514199
2203,-1.3331809509591195,0,-7.66794079721827
2204,1.8713125150418155,1,6.636336090924175
2205,0.2796796127698533,1,3.922713329543787
2206,-0.8960405363758506,0,-1.5233516330713135
2207,0.00035471003106746224,1,4.0873648050150075
2208,-1.8784433216769787,0,-17.74242976970485
2209,1.4232706375383937,1,5.323354270216107
2210,-1.8724561428637294,0,-15.419068298779687
2211,-1.7573435250365863,0,-14.861490144527812
2212,0.8292288155030678,1,5.823744617647396
2213,1.778727498632116,1,6.8436531011050015
2214,0.5414750530397767,1,4.989817022154302
2215,-0.7424496312734963,0,-0.7323484655462018
2216,-0.9482564544380052,0,-3.5896660999799446
2217,-1.6902210367148358,0,-14.021445077284858
2218,-1.3153512393667683,0,-6.719367159719386
2219,0.16742555905886647,1,2.5310284820531663
2220,0.059612808581495536,1,3.3155760545499433
2221,-0.2193182222722001,0,1.2558824920982312
2222,-0.9328041511136593,0,-5.197830430038776
2223,-0.883703881483922,0,-3.75525415356468
2224,0.3838106581291587,1,4.377227755474196
2225,1.6781705940423022,1,7.212018449690856
2226,1.4456212571158646,1,4.964895505414197
2227,-0.10340067100460182,0,1.4578847443397223
2228,0.3827185962281301,1,4.522009703849823
2229,1.481666205637834,1,6.899951754633567
2230,0.6197126700618845,1,3.8703470551207277
2231,-0.6450410819172419,0,-1.7095862244535216
2232,0.7536066277692837,1,6.249306467680055
2233,0.9633815987360541,1,6.0418552827310625
2234,-0.882272210901279,0,-3.2580454715286065
2235,1.0468193013925071,1,4.506573135167359
2236,-0.6812879714013831,0,-0.6645577229866021
2237,1.456833311800163,1,5.084900374329088
2238,0.38607847475630885,1,5.328658895416891
2239,-0.9322249139181755,0,-2.408350540739616
2240,1.1727851591304184,1,6.37189166832172
2241,0.2258745356599654,1,3.1574163667279445
2242,-0.7905077053821903,0,-1.3717728112088805
2243,0.22301493282179097,1,3.659312609138887
2244,-1.6774120670166703,0,-12.407135305532107
2245,-1.2999158354164644,0,-6.357955842425512
2246,-1.9992041362786654,0,-18.968939620257363
2247,-1.490057182115767,0,-9.51548820379315
2248,-1.6863506635413428,0,-11.48183667717173
2249,-0.4909224721475285,0,-1.5035413785457075
2250,1.7951044800360925,1,6.599604087981626
2251,-0.12736575320834387,0,-0.004569512467706427
2252,-1.44663404761144,0,-11.287420520174665
2253,0.5928150829734018,1,4.053161100874332
2254,0.4685461666622581,1,3.6304437360388846
2255,-1.399932148918567,0,-6.711698500982734
2256,-1.2266735312100434,0,-5.318121108419197
2257,-1.404437266654892,0,-8.116083637172688
2258,1.2058132458323572,1,4.920097308112313
2259,-1.7132460518905797,0,-11.378100029296755
2260,0.8692633065691346,1,3.179100122302361
2261,0.4638211964954353,1,4.434851764660844
2262,-1.8531360777071053,0,-16.085640066471093
2263,1.8798307319638847,1,5.784391184923639
2264,0.05403045005538676,1,4.08577809768184
2265,-1.667745190113017,0,-15.006989400868147
2266,-1.530950023736788,0,-9.828197236343836
2267,1.5799221355089585,1,5.222840234595514
2268,0.6852422131818963,1,4.181041598977045
2269,0.2602457903685109,1,3.22641877436197
2270,-0.7115353941404083,0,-0.71886494781035
2271,-1.4857477963242727,0,-8.680537862363266
2272,0.33129354378442066,1,6.154576618203575
2273,-0.9289223999236129,0,-2.1605990078095414
2274,-0.4942778618450876,0,2.1224364797825768
2275,-0.0298615689377284,0,1.161372790846661
2276,1.504730674723771,1,5.82207732149461
2277,-0.3865788734145541,0,-0.41571493990491104
2278,0.9130515475811127,1,4.914831535009479
2279,0.5741972219537588,1,4.257731111777961
2280,1.5943355969685795,1,6.620836332926616
2281,0.5337804623487545,1,5.015139183018121
2282,-1.489806034227768,0,-8.71337103467386
2283,-0.011887568513639923,0,1.64490461201457
2284,-0.035701500604952585,0,0.011365397123528798
2285,-0.9298797541833701,0,-2.924739634071288
2286,1.5112797593341676,1,4.6944466992898475
2287,-1.2486097371758142,0,-5.705839181841796
2288,-1.503375672253219,0,-8.871008426938452
2289,-0.735813295070435,0,-0.9584169031684983
2290,0.14587551251696107,1,2.6065174268994094
2291,1.4339532137048292,1,5.32758223285468
2292,0.23490833757076945,1,3.9387236832056898
2293,-1.635924863045914,0,-13.332548848859215
2294,-0.2813898359436897,0,-1.267438591637137
2295,-0.8209540391611112,0,-3.93005345304086
2296,-0.27920390925406435,0,-0.1159164067030139
2297,1.3698507713864703,1,4.545307789361154
2298,1.7664925061566077,1,8.095663866535679
2299,1.361906107595817,1,6.2126535795435025
2300,0.8926832278118559,1,3.8120164657177136
2301,-0.8195107301988154,0,-2.350892532669504
2302,-1.3998929441179082,0,-8.42149123538804
2303,-1.983011038824627,0,-18.247169693936634
2304,-0.3240405288039616,0,-0.4484945001214033
2305,-0.373971896096295,0,0.2536726848485875
2306,-1.7816442566176183,0,-14.932207323550585
2307,0.679883121317371,1,6.052021382019676
2308,1.5528995312734444,1,5.25524979692812
2309,-1.9051579870639763,0,-15.878988566557064
2310,-0.7463765770344151,0,-0.7171138218766699
2311,1.9487256348832207,1,7.9994797551662655
2312,-0.5055902093607325,0,0.11452607980411555
2313,1.9989905491097688,1,9.124899088298692
2314,1.6141016865608218,1,6.507445065982099
2315,0.45207609175810903,1,4.765486789731267
2316,-0.6640312596222793,0,0.3761521200044
2317,1.371119803281983,1,6.577828946712145
2318,-1.543048413246685,0,-10.849879845133323
2319,-1.1912412165165613,0,-4.634496291932384
2320,-1.4972808314169468,0,-9.954778269246471
2321,-1.743932727760268,0,-14.516003276386531
2322,0.8197840839049899,1,3.0421342673769978
2323,-0.6124857752471233,0,-1.5636454008507363
2324,1.33495591494396,1,5.2795712519914835
2325,-1.226245978091344,0,-3.8743193519197243
2326,1.2162252241371014,1,5.021842432262068
2327,0.6492080971174925,1,3.7617012091847695
2328,1.1220735640361879,1,5.024221461569608
2329,-1.3503760339253046,0,-7.522362472319263
2330,0.18524456022697633,1,3.404532311437692
2331,0.38247165181552445,1,3.4584345279426403
2332,-1.3564952424341854,0,-8.450122456553716
2333,0.5808201999104603,1,4.702300361538114
2334,0.7383618272335135,1,4.732977602381038
2335,0.47460925939665755,1,4.624592451957081
2336,0.7082268769280935,1,3.7455989472645035
2337,1.6003429243168097,1,7.296792354103161
2338,-0.40399033332066203,0,-0.9682656585290645
2339,-0.8201724154854242,0,-1.4750668321181986
2340,-1.3722704053441341,0,-6.401576006594496
2341,1.8821457434036706,1,6.1907642493749435
2342,0.24130215774985286,1,4.86837390642399
2343,1.6517848018373988,1,6.502623434241996
2344,-1.0846802713264898,0,-3.9558314514960493
2345,-0.79238969842257,0,-2.3430264863506696
2346,-1.1637323042051015,0,-5.8083651312310565
2347,-0.5579084713155376,0,-1.9299196223201356
2348,-1.8966937953299388,0,-17.19939623555883
2349,-1.8040328829802799,0,-14.990122581164883
2350,1.6760986979072854,1,6.617843019832414
2351,0.11896372150447476,1,5.482168633045519
2352,-1.3655409090087964,0,-8.026610952371051
2353,1.1503772695844616,1,4.439072327675095
2354,0.26056724387109,1,4.656045443674295
2355,-0.5908068801834179,0,-0.7691116063137411
2356,0.08639011131018348,1,5.186779527119397
2357,1.2744684732792853,1,7.312496252124657
2358,-1.5991474969010513,0,-10.467330908281422
2359,1.9435914425755478,1,9.365043626316307
2360,0.1318279708019623,1,6.145876269776734
2361,-0.06590160299884307,0,0.42510055565728094
2362,1.2777433645791567,1,5.872337958753601
2363,1.4797500613206216,1,6.008559306862875
2364,0.5205564463958665,1,5.1257859176306555
2365,0.19145382659950227,1,3.6030799256964974
2366,1.6825532130313845,1,7.227337836972247
2367,0.13990366521152353,1,5.013093801247532
2368,-1.6707623932039586,0,-13.205173872598861
2369,1.170000039344306,1,3.4249045231347344
2370,0.4493351251935107,1,4.84045841790187
2371,1.7871709437098366,1,7.276652321551851
2372,0.32729298108004956,1,2.859612945908894
2373,1.2653130131697723,1,6.573610595110931
2374,0.38284886752588587,1,4.377056805114614
2375,1.5476306704699718,1,5.314353327004467
2376,-1.4421125352858937,0,-8.59914294347432
2377,1.633751955615545,1,6.711035367735128
2378,-0.059965339700772446,0,0.5717819273917365
2379,-1.9254633395273006,0,-18.789417800157977
2380,-1.4329322596994558,0,-8.037463134016607
2381,0.3056062493153324,1,5.109828875116246
2382,1.1423321092063077,1,4.262428500808853
2383,1.7549932363318876,1,7.639862326969877
2384,-1.8428914264050982,0,-15.883780130400233
2385,1.4141078421363504,1,5.062084307858115
2386,0.3697404880107391,1,3.7450760364044253
2387,0.1303801947706238,1,4.4135159374040684
2388,1.1271177178732712,1,5.026386248521515
2389,0.3158239467106836,1,2.720460135293913
2390,1.2181771666964645,1,5.4572087443437285
2391,-0.9606377470063956,0,-1.4332879546269721
2392,-1.9761345044903238,0,-20.537037378812528
2393,-1.0359036422961974,0,-4.305252582535884
2394,-0.20580256693838805,0,0.9819634477832273
2395,-0.8995659257212774,0,-1.4710549801209865
2396,1.2823001832038456,1,5.045294487558579
2397,-1.7999488782049742,0,-13.292612438846616
2398,-1.1159703394749876,0,-4.304111563816493
2399,-1.082734740842291,0,-3.419841847139835
2400,0.09962432573505575,1,4.1387288730669125
2401,1.9602902994473181,1,8.271720496108586
2402,0.6011706886004191,1,5.822590896545341
2403,0.2149866640585132,1,4.2318215593655815
2404,-0.09628009344465127,0,0.5364242823187286
2405,1.9484034549172007,1,6.888746245734834
2406,-1.5856838949257392,0,-12.513460787254358
2407,0.9123303961196614,1,7.011163897767121
2408,0.33332160052515336,1,2.127987352572714
2409,-1.8189348837548693,0,-17.219992014882042
2410,-0.5603224018004642,0,0.014405833290556114
2411,1.5975332402406104,1,8.736067451517986
2412,-1.7818687563700664,0,-14.764516089366843
2413,-1.3663758419510597,0,-8.505752069352075
2414,-0.10899437209346541,0,0.45276310897440464
2415,1.0796002429619773,1,3.8574156540137534
2416,-0.5195155714735447,0,-1.0070005788608676
2417,-0.3275058785489815,0,0.22102970389114285
2418,-1.5210935040547633,0,-9.945116442841748
2419,-0.2792050948650884,0,1.7228778308696395
2420,-1.010806820558011,0,-5.947862410689481
2421,1.4711884619466038,1,4.794160239241883
2422,-0.11633075794929448,0,1.8183043671964483
2423,-1.7862345868182263,0,-15.607835709459707
2424,-0.02200236419619328,0,0.008495172881517354
2425,-1.4159927645455213,0,-7.001161686069093
2426,-1.026002229086429,0,-4.5443864282139455
2427,-0.19703982656747998,0,0.9039732815750894
2428,1.3625880219262596,1,4.005761150053566
2429,1.2943701761298576,1,6.297808507428472
2430,-0.597402240290926,0,-0.6528922472657135
2431,-0.4651974565135699,0,-0.3097499941912036
2432,-1.942292100879984,0,-17.448471702167858
2433,1.0136354785521497,1,4.028441860395327
2434,1.8641069382242117,1,7.7065764993670065
2435,-0.9397011386272869,0,-2.1869980950086276
2436,-1.2937321813953826,0,-7.588580258638146
2437,1.475702419823968,1,5.187335057493273
2438,-0.3336109346499483,0,0.5326489083046191
2439,0.8162153065505255,1,3.6669570059407555
2440,1.2921819919574258,1,4.205090641000012
2441,-1.4576475477285955,0,-8.661279089458056
2442,-0.7552961043758044,0,-0.48287512697251667
2443,-1.8328169741693006,0,-15.513979660390705
2444,0.1917313616026428,1,4.233814779146422
2445,1.0436052179203053,1,4.66670871983792
2446,0.7837124506965769,1,3.6615306407218875
2447,0.4107495257981215,1,6.2534057242177665
2448,1.057964349536932,1,4.029162955960922
2449,-0.9562261143207484,0,-2.907976629085863
2450,-1.0456053381373032,0,-5.153649091594949
2451,-0.5885937341191361,0,-0.6054776482428453
2452,0.49853113095948,1,4.2781992385292025
2453,0.059065299629709855,1,2.807122992649667
2454,1.3007991319848262,1,4.9119285883886565
2455,-0.8200240848711284,0,-3.2521471510666866
2456,-0.233893997199365,0,2.407903031727052
2457,-1.7954539668195144,0,-13.94183856638956
2458,-1.684514419404699,0,-12.229249785605225
2459,-1.7241365653117176,0,-13.97046418832372
2460,0.5420770201010288,1,4.733267796593323
2461,0.8873868369054518,1,2.9067148503574556
2462,0.2370320914849029,1,4.521424203508723
2463,-1.1343727554301086,0,-5.651545430127683
2464,0.30418310900552337,1,4.864217817582153
2465,-1.5508778042439593,0,-9.360166289407452
2466,-1.829193628342562,0,-15.965261871130828
2467,-0.7222732808963763,0,-2.524860676855485
2468,-0.5049197117135065,0,0.39167246235105424
2469,-1.2433005380267232,0,-6.55626686785169
2470,-1.3397722471907807,0,-7.3032897164500215
2471,0.4916297807610088,1,2.5191818668476147
2472,1.460497208465874,1,6.342776148412922
2473,-0.7095061751658194,0,-1.6314726263465316
2474,0.9323447846198372,1,5.122026800887689
2475,-0.6322747031038052,0,-0.27647553450393003
2476,-1.744482986263189,0,-14.890544254840187
2477,1.9058050177737753,1,7.263598976163852
2478,1.907110060429896,1,7.211217029799678
2479,-0.5632590313535908,0,-2.7652011635170384
2480,-1.541124351515505,0,-9.368344424924329
2481,1.5279148650206817,1,6.653440051235292
2482,0.9915383467460104,1,4.76072881884756
2483,1.7167262491194548,1,9.607568863078964
2484,0.334285325055669,1,3.309832077811548
2485,0.7552445172803095,1,2.0198041694956714
2486,1.8004876683968662,1,7.764887704392859
2487,1.2343464350868247,1,5.731187219854991
2488,-0.5126088527064776,0,-1.1762389456724822
2489,-0.00039209788661720424,0,0.1661102457941842
2490,1.7691981690888672,1,7.005313440087253
2491,1.224513675632383,1,5.042813357028767
2492,1.6199861114383047,1,6.1237771581047635
2493,-0.4506406018313722,0,-0.15965320205554084
2494,0.6289111532652352,1,5.654539256576772
2495,-1.5524021940905954,0,-10.844895159524555
2496,1.0778643891702653,1,4.649469439342877
2497,-1.4278354638538073,0,-9.89173140951883
2498,-1.2202934048931682,0,-4.140338310932593
2499,1.6555056468202567,1,5.779744886431642
2500,-0.9259337049894736,0,-3.210825059658408
2501,1.569534943033943,1,6.862138578688516
2502,-0.2266122944799811,0,0.1470502466083624
2503,-0.47604310274853034,0,-1.32426195044318
2504,-1.0700089007292122,0,-4.554497517566379
2505,0.9218526168024845,1,4.426115206252645
2506,-1.4621427773978368,0,-10.34561299775386
2507,-1.0641173459222526,0,-5.386503613119477
2508,-0.6003822839484916,0,-1.3548474758878424
2509,-1.333287946757816,0,-6.981889884998299
2510,-0.9884787609219385,0,-4.066560479870885
2511,1.5822012991733834,1,6.340952528565583
2512,1.2356109153799366,1,4.481611748853972
2513,-1.0136592799508848,0,-3.8615905508211097
2514,-1.7660939307029824,0,-12.822643403342422
2515,0.8772138831744929,1,3.7477842788881195
2516,-1.129735259271154,0,-3.9467894545372495
2517,-1.9442243064478473,0,-20.857685007493856
2518,1.8495582037090599,1,7.179327045256391
2519,1.5213814499896885,1,7.337586412589724
2520,-0.543898792055185,0,-0.9975361149084442
2521,0.8119867784530665,1,5.251595599586479
2522,-1.9988172382660405,0,-18.891033677921953
2523,1.586213109824075,1,5.385186419087105
2524,-1.9981868161453922,0,-19.342483755031566
2525,1.173309783281649,1,4.650067637319232
2526,-1.0920394659926451,0,-5.378322786994673
2527,1.3989336835069244,1,4.773331174517004
2528,-0.8605244068174156,0,-2.1609230693735477
2529,0.7119475558749921,1,5.8847908266226145
2530,-0.5233270629207167,0,-2.335770330369182
2531,-0.9719017529492868,0,-4.395348585892705
2532,-1.2875874026693297,0,-6.655111678029406
2533,1.7770888049585531,1,6.469779860258374
2534,-1.880700517216277,0,-15.996375502344819
2535,-0.6845352099088995,0,-0.2517220800497433
2536,1.4364424037243162,1,5.823929832544359
2537,-1.1768830970933855,0,-6.25835772044609
2538,0.9468165215506521,1,2.3236099657290867
2539,-1.6349370890010233,0,-12.292660645552719
2540,0.09492702626483629,1,3.89469972737692
2541,1.1757472969667608,1,3.128680281032736
2542,-0.3649375141559248,0,-0.26328680933612314
2543,1.7269731827266641,1,5.660056489102703
2544,-1.3414268057327434,0,-7.596017906820398
2545,-1.618208826846049,0,-11.624035801324231
2546,-0.9451981523231634,0,-1.640446227378385
2547,-1.7077297940356133,0,-11.705574303137931
2548,0.4518314867734241,1,3.9529254195950454
2549,0.1547819370540866,1,4.390634678178577
2550,-1.3591030779169113,0,-6.753863308621554
2551,1.9049061260009283,1,8.096950906938124
2552,-0.7889669076040837,0,-2.752288524137752
2553,0.49002482399783975,1,1.673289415244053
2554,-0.28942630486383747,0,-0.5601364962939447
2555,1.7401232959441724,1,6.493577628321889
2556,1.5640468724953789,1,4.815717014610481
2557,-1.6820210364722339,0,-12.608685995599119
2558,-1.1878544840688976,0,-6.259155672964363
2559,-1.1655958959882597,0,-3.2917811930348706
2560,1.8167628705022625,1,7.403628538306719
2561,0.18126065275652392,1,5.737378242721572
2562,0.5661763680834628,1,4.732336030861601
2563,0.6182664998674419,1,5.160075983445726
2564,-0.22778500528240508,0,0.7295882413592045
2565,-0.27609031096663283,0,1.5069623826279968
2566,0.46119238224027503,1,4.195875655528642
2567,-0.6411595300279025,0,-0.72510527731862
2568,-0.6422886316386442,0,-0.5931505522755655
2569,-1.0480174045920978,0,-3.9247403215752215
2570,0.32004175763566733,1,4.570355105528965
2571,-0.9236624925974897,0,-3.799952312311651
2572,1.940270377822023,1,6.6235029594928125
2573,0.33981970057606503,1,5.378724603672274
2574,-1.965698945678831,0,-18.46162201861878
2575,1.2650883087053777,1,4.391809996886369
2576,-1.2739495801388654,0,-6.666523087972004
2577,-1.310221635239349,0,-7.424148419597625
2578,0.8862845922343512,1,5.060907962256688
2579,-1.1483906695409325,0,-6.788082661739996
2580,1.2661637929400502,1,6.0368463186297365
2581,-0.38389005843210855,0,-0.4604719115217079
2582,-0.6339328788653482,0,-1.491142030709354
2583,1.1113325710861708,1,5.732224667205669
2584,1.8462654654136559,1,7.877767576388146
2585,0.3985223258544335,1,4.102284189186813
2586,-1.9870055129582123,0,-17.355865974560658
2587,-0.9164576855003221,0,-2.4422796862770326
2588,-1.7698495246026837,0,-16.27425211012696
2589,-0.08714401893792845,0,2.48396974000736
2590,1.3586920739855586,1,4.139015786445046
2591,1.3757289294256148,1,4.923785964353683
2592,1.9756648446033052,1,10.733231256217543
2593,0.6506882156128113,1,6.6534692776568995
2594,-0.33041723906535747,0,-0.2597581395489615
2595,-1.5940312370678549,0,-11.734735653739591
2596,-0.646770224642415,0,-0.8682825190002448
2597,-0.515603825059336,0,-0.9263043601796505
2598,1.3218838511961502,1,5.556235703726717
2599,-1.0640866848907504,0,-4.820582890021919
2600,-1.6096505057944452,0,-11.635193817334862
2601,0.9252148288425173,1,4.416634449920882
2602,0.28706098863094187,1,3.2828415525353094
2603,-1.174184971298232,0,-5.751062483702401
2604,0.10311097447095197,1,3.1154946112067994
2605,-1.8040230668734734,0,-15.423457033195469
2606,1.0026690477403468,1,4.748234627251932
2607,-0.537981722644886,0,-0.40753649546194515
2608,0.6436969647110695,1,3.2114143081879485
2609,0.9133241826718632,1,5.927840977237954
2610,0.45469376612136436,1,5.860304427455563
2611,1.8221897019502724,1,7.311602172810472
2612,-1.0762663716889591,0,-5.038191354072296
2613,-1.861880454171844,0,-15.825140077147832
2614,-0.7887572513684384,0,-0.13311820001750285
2615,-0.06504641611400963,0,0.3444719089449494
2616,1.51540832226733,1,6.900393817722726
2617,-0.12548847762332072,0,1.038090493532505
2618,-1.2264006668061729,0,-6.0425096641690725
2619,1.0477906591117425,1,3.504574212149633
2620,1.6829854712070076,1,7.062086985419765
2621,-0.15144118911785975,0,0.10377851155928164
2622,0.5384283064767996,1,4.030304926264761
2623,1.596259817088221,1,5.667991317112476
2624,0.8697241434353087,1,5.126087520805838
2625,0.5331825002246839,1,3.9043078598654093
2626,-0.43887950536703846,0,-1.3182133891651922
2627,-0.211902393748725,0,0.24972971528694637
2628,-0.3038345796463324,0,1.1143894974087236
2629,0.6246662527483746,1,4.630237521771972
2630,-0.9162854440600183,0,-3.327575491187042
2631,1.4080093816070178,1,5.90864659903803
2632,1.4953809341402233,1,6.266526884615973
2633,-1.057013231655488,0,-2.9438122281550534
2634,1.9030475056914793,1,8.197059188509993
2635,-1.1430748598790772,0,-6.11311004915548
2636,-0.8402895592213944,0,-1.9966389074797577
2637,1.1742110569005972,1,6.812151892104813
2638,-1.2635609394527223,0,-5.733592123518622
2639,-0.995779951238192,0,-4.569051778590521
2640,-1.5955428985372144,0,-12.842717010108228
2641,-0.981511355799872,0,-4.314189504627834
2642,1.0910167924543854,1,3.7961272254201917
2643,-0.1511885184776589,0,1.7503097608274685
2644,-1.231616066259015,0,-6.95177084063643
2645,0.5233590174570888,1,4.865866479182522
2646,-0.31816354081253584,0,-0.22102072465029493
2647,-1.2548102281975022,0,-7.023185260181281
2648,1.7856978133543806,1,8.323229582696007
2649,1.8209028139296888,1,7.759575770332753
2650,-0.9518581571128211,0,-2.803958966712361
2651,-0.19230179804751124,0,-0.2318259053181696
2652,-0.5080630084573858,0,-1.0248445274094453
2653,-0.09493885705620198,0,1.724111184824832
2654,1.6848770553360355,1,7.127404407292488
2655,-1.6703428209896902,0,-13.232612424839965
2656,1.8860928523530212,1,8.740577061465554
2657,-0.5125117670232644,0,0.05554006253812127
2658,1.8652298243901333,1,7.87313427770859
2659,0.9963120694897447,1,4.945546656142432
2660,1.8123768283446822,1,5.622281883497038
2661,1.452668352393149,1,5.078789462704817
2662,-0.8495079873431246,0,-2.355653688724054
2663,-1.1844001139993003,0,-5.039045936110757
2664,0.6486384021088276,1,5.24321677831548
2665,1.17700858694207,1,4.646722228159283
2666,-0.9255282283833925,0,-2.539662764623153
2667,-1.6536926871770241,0,-12.919024967474899
2668,-0.4322770652511596,0,1.21406079777638
2669,0.3676192983595543,1,2.0721343630899023
2670,-0.797943583846326,0,-2.1963946667800824
2671,1.328963710412237,1,6.539244089611436
2672,0.2839341100822659,1,4.00254744056531
2673,-0.033427266889245466,0,-0.3162477581411077
2674,0.5570941270380354,1,5.3693482337723335
2675,-0.2685810454404076,0,-0.6753965456886013
2676,-0.26754227411605536,0,-1.0161903254916456
2677,0.10421817864861138,1,3.0666894570190033
2678,-0.6145765409180566,0,-0.2559600336056249
2679,-0.3626526153012808,0,-0.5924646995649072
2680,-0.9673433442754948,0,-3.3142688240380256
2681,1.1522618871471138,1,4.619105252349194
2682,-0.48469300758411826,0,-0.11826801864434833
2683,-0.46760657083650425,0,-0.6733081146602974
2684,1.3267304164821803,1,5.3180312895024135
2685,-0.4469294603445051,0,0.08803770931508367
2686,-1.5958833099670637,0,-11.105780875892131
2687,-0.501265550877187,0,-2.245890143678673
2688,-0.9889917269057933,0,-3.4788680198536803
2689,1.17734966544463,1,2.63581862623024
2690,-1.6835966253153805,0,-13.303436991441266
2691,-0.10310879530406059,0,0.7214639275979784
2692,0.7284653055757704,1,5.6741147716945175
2693,0.9075934225245543,1,5.560308565955043
2694,1.8222377516889532,1,6.876664910341601
2695,-1.2550503365822334,0,-6.247283675024267
2696,-0.6859792293227267,0,-1.270651502036607
2697,0.711784089855009,1,6.652579776433578
2698,-1.484714758587471,0,-8.954052657639402
2699,1.2434426518633033,1,4.109297371994707
2700,-0.6814593141638636,0,-1.2621139424996712
2701,0.9361304162837336,1,2.977722878525182
2702,0.4952375353103542,1,2.4312184534595227
2703,-0.8211103333920997,0,-1.516170691485375
2704,-0.5125766364984794,0,1.0332292106145315
2705,0.2711923307582049,1,6.086660102453925
2706,0.9644018970688863,1,4.017322818578046
2707,-0.3480125839485484,0,1.3430304958525277
2708,0.18600722667348357,1,4.310516647047493
2709,-1.9357410065723175,0,-19.06151980860926
2710,0.9564790957053844,1,5.506850092322713
2711,1.8799467464875836,1,6.661574322185604
2712,0.252915077914583,1,4.187930332258873
2713,1.1438798305587121,1,5.214413392469116
2714,0.15221230576104405,1,3.3436097645258664
2715,0.006483169954178081,1,3.740149801065173
2716,1.9190936613655336,1,6.774020397190807
2717,1.2706505343097558,1,4.775610854124626
2718,0.4119779251183746,1,4.542057028831633
2719,1.660239278149772,1,4.97338410298866
2720,0.4316320698703997,1,6.236270209050536
2721,-0.2584292411675415,0,-0.8374449502879633
2722,0.7596417363575134,1,4.186711543149509
2723,-1.3769797227187923,0,-8.009047718320105
2724,1.8894000584341697,1,8.131278357443097
2725,1.6690853131108332,1,7.670175639783481
2726,0.33661800378180473,1,5.603075374266241
2727,0.7919263424570131,1,2.953079971912229
2728,-1.0946420028093589,0,-5.2669369886443596
2729,-1.5433047815781618,0,-9.302103142433818
2730,1.6936448222366227,1,6.3154073981756005
2731,1.623390699365538,1,6.646692949355268
2732,0.9067519101018329,1,3.4970472385483165
2733,0.500385964560329,1,5.7443861377939704
2734,-1.9322063078755272,0,-18.555775946784333
2735,-1.8701080914879555,0,-17.4981275823443
2736,1.3259811933215975,1,4.924745001865723
2737,1.9801581085406723,1,8.834688857781597
2738,0.6066767761164891,1,2.0817115376048667
2739,1.7653508133315365,1,7.502598349443686
2740,-1.8558893633903564,0,-15.433022389799538
2741,-1.3213978214560487,0,-8.426548387326118
2742,0.05237226274171647,1,3.7236191172509154
2743,0.6673465408230039,1,4.630137951220796
2744,1.6243802054822627,1,5.919398526780664
2745,-1.7003281875272087,0,-13.380389879811226
2746,-0.5005538353128074,0,1.162098394164016
2747,1.3385826678268957,1,6.158123550545211
2748,1.8317945301567762,1,7.213146822201844
2749,1.5549258511389326,1,5.9037848651922955
2750,-1.2716268798532862,0,-4.949901228192611
2751,-1.3836536430750321,0,-6.829129721031473
2752,0.8323041706669665,1,5.658881444681928
2753,0.6793135322906685,1,4.628719122416887
2754,-0.29977426206564806,0,-1.0053186448178708
2755,-0.4445372192429118,0,-0.4624662101970199
2756,-0.06043150042489209,0,-0.6094839307690885
2757,1.9925291817125026,1,8.485632465617147
2758,0.015029871766205183,1,4.457788873018889
2759,-0.0790811626398158,0,0.6000373236249845
2760,0.2040814780664908,1,4.736936135965497
2761,-1.0124048899109392,0,-5.167590011173723
2762,-1.6774765100036535,0,-13.15063561337147
2763,-1.1803117612969993,0,-5.092000647254144
2764,0.5384651209799252,1,5.627704052091228
2765,-0.2883637495896285,0,2.075503469141233
2766,0.26090755465892723,1,4.331434729024317
2767,-0.5462044322641368,0,-1.7313064884523355
2768,0.0514952210881221,1,4.044234760198786
2769,-1.423361150338779,0,-7.999517603917754
2770,-1.7621773918971866,0,-15.623611619535847
2771,-0.9742447555189098,0,-3.8707562244164753
2772,1.5311107848309047,1,5.072317531186147
2773,-1.6109994718960068,0,-12.116950259681428
2774,-1.495252656914607,0,-8.924027246514823
2775,1.9185570549217066,1,7.151259112828125
2776,-0.9924196480061118,0,-5.372201501061273
2777,0.03248977170803968,1,3.7657051076533192
2778,1.3687768429999099,1,3.3154624457351427
2779,-0.5935560530334838,0,-1.0052016509743418
2780,-1.2317474087230589,0,-5.589524437588775
2781,1.5356663748595665,1,7.836529896617057
2782,-1.0082964249397053,0,-2.7522599019408425
2783,1.410671174570448,1,4.000951993662325
2784,1.5817240749936552,1,6.486241786661184
2785,-1.3789892323492055,0,-8.721682196489358
2786,0.8284384888714551,1,3.9376581331926395
2787,0.6490719173234494,1,4.960858323420884
2788,-0.09990776687981517,0,-0.8389380631926708
2789,-1.0600840960182571,0,-3.400997471090681
2790,0.4450561907632493,1,6.559947518195579
2791,0.04479346340657786,1,4.552097637542172
2792,-0.09145909183738654,0,0.5975475274816939
2793,-0.7685095755600448,0,-0.9288664411276626
2794,-1.2406448350270818,0,-5.059722395771464
2795,0.7893419791951839,1,5.301885405616771
2796,-0.10142129665390653,0,-0.8992832583279258
2797,-0.44610632181445586,0,1.101683328303066
2798,-1.4014183334266748,0,-5.175179440295339
2799,1.7488719647572704,1,8.159640428594823
2800,1.0330601631918372,1,3.784916058471145
2801,-1.5835261608698317,0,-12.85196617949779
2802,-1.675041314023836,0,-13.54887805512188
2803,0.22315321739463911,1,3.9706843338889697
2804,1.3535903537428955,1,6.432025740622132
2805,-1.5568220337167533,0,-8.96124903329839
2806,0.899096375280501,1,4.812974748388747
2807,-1.0332830179464358,0,-3.0571555238089134
2808,-0.03330345400619095,0,2.1345741942749594
2809,1.4769251698186991,1,6.408516833546612
2810,-0.5383009594689621,0,1.142149200673621
2811,-1.133517234387948,0,-5.037929347429431
2812,-1.375789963755253,0,-7.345809811249326
2813,-1.297600594784837,0,-5.128251637569402
2814,0.05567946079455233,1,4.3122701497047355
2815,-0.2968907135971941,0,0.426339095487093
2816,-0.1168004835129115,0,-0.7102200448182311
2817,-0.5663993531201412,0,1.5310811015641437
2818,-1.2795619729210341,0,-6.68178035804952
2819,0.6798361868462379,1,4.868162633248293
2820,0.8778098549473135,1,4.008890743924092
2821,-1.9312533010141544,0,-18.525960473193035
2822,-0.152383288382135,0,0.8518418264325118
2823,-1.9410514206441163,0,-17.80974955370912
2824,0.4115315306705942,1,5.99989267305625
2825,1.4369025790310372,1,4.617249449830249
2826,-1.6519832641918089,0,-12.005534784058181
2827,1.7686064980754677,1,5.624844477626049
2828,-0.8823725988697246,0,-2.094331470584849
2829,-0.7292255803927774,0,-1.7663231284167948
2830,1.977605059085099,1,9.118941536569123
2831,0.20218826366221165,1,3.5926686391485343
2832,-0.08232716105892424,0,0.9269689118443989
2833,0.02924193913847528,1,4.052234449539267
2834,0.32190555260355636,1,5.59818666730087
2835,-0.4424906805952822,0,-0.6328068337489154
2836,1.3629822111295025,1,3.3263584848632957
2837,-0.9684399714191412,0,-3.733000867845385
2838,0.5940034751283125,1,5.008639946324967
2839,1.7961207011454539,1,6.507887015958011
2840,0.3716711692479264,1,3.7574308876055045
2841,1.8042770592460209,1,5.907629251013062
2842,-1.1473156940039644,0,-3.222733036759222
2843,-1.659972303024908,0,-12.439363211773639
2844,-1.47953133364632,0,-7.978745860960747
2845,1.9413726740724937,1,9.449707527183559
2846,1.3534107703570015,1,5.814057242920171
2847,1.690915330176102,1,5.598946825793919
2848,-1.9186694549570187,0,-17.025227274806642
2849,-0.22625677092666274,0,-0.7766392267646983
2850,1.7345885596696022,1,5.6673151135370485
2851,0.5371336463363225,1,5.052305370843118
2852,-0.83909870601298,0,-0.5850541803844775
2853,1.0241444692844306,1,3.952209409825299
2854,-1.33128750188725,0,-8.082344377049395
2855,1.4399291152760267,1,4.8847599016159995
2856,-0.5341224175451691,0,0.75000928400615
2857,-0.06431999195039628,0,0.8278971294892681
2858,-1.3349938260434637,0,-9.212829308437762
2859,-0.35395856872903053,0,-0.3740855208896593
2860,1.0676794369978877,1,3.5614640182995205
2861,-0.8833641448323282,0,-3.887419885558959
2862,1.1584636480558164,1,5.705036417687359
2863,0.2932588159064373,1,2.4220891467044465
2864,-0.5271405185976481,0,0.7010855129165231
2865,-0.4313791679270329,0,-0.8143126585088281
2866,-0.13090933330591747,0,0.9859581870375486
2867,-1.605165510728233,0,-10.813677899516332
2868,-0.3156184063045169,0,0.46140238576760517
2869,0.19107731922984428,1,4.255574279950681
2870,-1.5592052195326525,0,-10.486325498913653
2871,-0.12847523118218973,0,-0.8660037395879917
2872,1.399706868208277,1,5.3944259871887414
2873,1.1992558118210948,1,4.995332121455922
2874,1.7500943447786828,1,7.038776015194877
2875,0.10887095880773634,1,3.2306051978691164
2876,-1.2144677240155475,0,-6.298694686616819
2877,-1.2528936356846017,0,-6.660827781657311
2878,1.5993933629676658,1,7.294102016360492
2879,0.23124768345312807,1,5.248402212103251
2880,-1.4289944962805103,0,-8.523768910888819
2881,0.15591679880223985,1,3.355401233201733
2882,0.9219323841837568,1,3.0792148631415133
2883,-0.4197840554449992,0,-0.4811422153667823
2884,0.09379058338596558,1,4.728647944401251
2885,1.5097538207460288,1,5.339562732069802
2886,1.4378197685786738,1,6.3447077224842845
2887,-1.8294999441155078,0,-14.725865196965556
2888,0.27175774107502004,1,4.629092258706013
2889,-1.4659149801247695,0,-8.292333767146266
2890,1.627940542846209,1,7.112035445170183
2891,-0.5917643841731475,0,-0.12104862902824853
2892,0.7342302502559286,1,4.293339317465603
2893,0.025140894514157797,1,4.188587296197414
2894,1.1026704795864926,1,4.622347483806681
2895,-1.1273475088701304,0,-5.949303303875887
2896,-0.9069873341168537,0,-2.2916003140626042
2897,1.3519460516444526,1,4.8395666853809
2898,1.4710825209793064,1,6.719466431988229
2899,0.33705517988053346,1,4.852203011731301
2900,-0.659990522570264,0,-0.5020003092278358
2901,0.9439187910362032,1,3.0263636751296863
2902,0.9727279426711561,1,3.9829879289644206
2903,0.5900275611206083,1,3.2169476626227587
2904,-0.5594355852488002,0,-0.49287575799120253
2905,0.7887390502094291,1,5.56883875117692
2906,-0.04666035411934999,0,0.02978874853698843
2907,0.930690017382342,1,4.448767958863877
2908,-1.328399821060113,0,-7.248019888948792
2909,1.2592128299272995,1,4.206626920108784
2910,0.44380788769010504,1,4.0742261877279144
2911,0.4191319907468598,1,5.516145181914316
2912,-1.4088560474924887,0,-9.670907742397679
2913,1.9138276587915666,1,8.16819893148965
2914,0.6883935401183554,1,5.5959658081593995
2915,-0.07472874868279478,0,0.3992877206584844
2916,1.7728309292708206,1,5.558976717421505
2917,1.5370114834006103,1,6.665363947606362
2918,-1.4212702628256428,0,-9.385706698404523
2919,-0.731913930411006,0,-1.7755633444562584
2920,-1.9421252354957899,0,-17.75742013331562
2921,-0.24370755341439576,0,-2.0002657816653837
2922,0.3636717707326631,1,3.1056164441989713
2923,1.1064450487506132,1,4.909291091825074
2924,1.5623302793205203,1,5.347085520844133
2925,-1.348774505222714,0,-7.1062152618525385
2926,0.37726187328051175,1,4.619323002922233
2927,-0.6077677096290115,0,-1.4245653545313983
2928,-0.975340882567862,0,-1.9959487571859476
2929,-0.9369019531788112,0,-5.221113809638708
2930,-1.3981924916257853,0,-7.7878558568528105
2931,-1.0062113215429993,0,-4.6623954001280214
2932,-1.2694581552982696,0,-4.772058702713918
2933,-1.8826665140676386,0,-15.775322482500053
2934,0.4594130425160583,1,5.025800676188452
2935,-0.32470487747827237,0,-0.5431799247510735
2936,-1.4254582915690932,0,-8.355349624769522
2937,1.6714579354262442,1,4.648438195315477
2938,-1.9296503357148542,0,-18.737755267517706
2939,-1.9741266384958576,0,-19.76683466050113
2940,-1.0468014707810314,0,-3.5597464788552355
2941,0.6241930639253059,1,3.703682357146851
2942,-1.4050706655297343,0,-7.798597371044309
2943,-0.1478826184711024,0,-0.988085757522791
2944,-0.26571451951881553,0,-0.6337315814400432
2945,0.3909721572739864,1,3.756690823355309
2946,0.8957924767878715,1,4.725183025151235
2947,-0.8336343933166339,0,-0.3966260787378373
2948,-0.9374102320162367,0,-1.9954587893474611
2949,0.5345666866936414,1,3.4698298786807884
2950,-1.6831144308543062,0,-14.510761825986844
2951,1.6305700000778893,1,6.868953856549162
2952,-0.5839152060104928,0,-1.0410731678923926
2953,0.8688797616628867,1,3.983287092851966
2954,0.24578186439453154,1,4.424292781689131
2955,-0.5664926057500956,0,-0.45873795436226217
2956,0.7135564420959883,1,5.049957085364147
2957,1.364369002751709,1,6.639385147989692
2958,-1.4900042756758212,0,-11.704052587017724
2959,-1.4204668383001797,0,-7.816330931515704
2960,-0.6366373582720186,0,-1.273370468974854
2961,-0.16329626613270065,0,0.14479933946373846
2962,1.3851165768695495,1,4.9345926503943485
2963,-1.8338343543767142,0,-15.01321671764745
2964,-0.08531765795027502,0,1.1067207730361586
2965,-0.9254728675601052,0,-2.709512222897277
2966,-0.304268067559609,0,-0.528898488694334
2967,0.9082461809558859,1,5.966542293187498
2968,-1.1796165560878666,0,-6.807484036103896
2969,1.6617963907546764,1,6.770432934608035
2970,-0.04853654131000873,0,0.39073756966257245
2971,-1.4912421428997518,0,-11.023879246559915
2972,-1.4359770603556323,0,-9.175798946932591
2973,1.0626454973382344,1,3.4111774934401913
2974,-0.6927834983399817,0,-2.110073645328795
2975,-1.540210681758151,0,-9.315853266828263
2976,-0.43210217943351426,0,0.09515773179891958
2977,-0.42108165866439373,0,-1.18286460448518
2978,0.5023640347460332,1,3.862181988802072
2979,1.3506576476075085,1,5.574600421990613
2980,-0.3080034772949247,0,0.48696822768358416
2981,-1.3904113402623808,0,-7.776474666770389
2982,-1.104062209429288,0,-4.56192422133289
2983,1.9864493780170802,1,9.772784797130084
2984,1.1574255643628129,1,4.192105368909398
2985,0.618821293653089,1,7.340027981046691
2986,1.1857700351775593,1,5.287928261648122
2987,0.682762512590255,1,3.0817618039934156
2988,-1.6462897101076415,0,-12.700604568567817
2989,-1.916802076951528,0,-17.972463710943973
2990,-1.4087109994023046,0,-8.913589397217251
2991,-0.05071762572861083,0,1.0507505813801727
2992,-1.8913530824470866,0,-15.585891492907878
2993,1.4844421955791267,1,6.628610816113352
2994,-1.4008453252487643,0,-8.956859024627928
2995,1.8950163405347231,1,7.382690337926494
2996,0.11137986470672878,1,4.597740184034557
2997,0.8323737353078156,1,4.221429876005985
2998,1.3568378182434233,1,6.782452198145048
2999,-1.6875980985940213,0,-13.766102963288779
3000,0.8229326546565279,1,4.498834489096436
3001,1.1830637305623228,1,6.656284382550631
3002,1.6306476544295623,1,5.842352184602117
3003,-0.0746751833028867,0,0.7062388448919386
3004,0.8800529638345296,1,3.265082585990572
3005,-0.7299379064437264,0,-1.3697491348199127
3006,0.4405433205726994,1,3.0743447330568054
3007,1.49226010490068,1,7.538002047109239
3008,-0.7207739686595875,0,-1.479634863698151
3009,1.2873521016820106,1,7.173957787450291
3010,-1.6330284687657501,0,-11.277511511870895
3011,0.27214348241392194,1,3.434901993797805
3012,0.9884691247965249,1,2.406131570254914
3013,-0.08159813201789978,0,-0.6547153102283401
3014,-0.32075863321962395,0,0.3252925935382318
3015,0.09661715168795526,1,3.7397842119097486
3016,-1.4185721101480513,0,-9.032108253584871
3017,0.19879566554042816,1,3.914663730054251
3018,1.2589857792398949,1,5.21788912926589
3019,1.3078354785658832,1,4.948638624303918
3020,0.2918942042795001,1,5.2596064661669555
3021,1.3425559726436411,1,5.275608937086784
3022,-0.7868766149445938,0,-0.8962061770457896
3023,0.5123300299414999,1,4.406879449333378
3024,-1.852767170467775,0,-14.520526743799934
3025,-1.3875699523780907,0,-8.9337870410309
3026,0.5934105121667583,1,4.608878067655435
3027,0.2894338696953733,1,4.149403019031938
3028,-1.139263678928605,0,-6.446486101378046
3029,0.615726293268581,1,5.315210229149365
3030,-0.2384824740933178,0,1.0990711643096178
3031,-1.8254741868831745,0,-16.48070004751327
3032,-0.35681933046080294,0,-1.2603961788599012
3033,-0.8579962804792083,0,-2.0256260414916163
3034,-1.0661277990157152,0,-4.280577030106956
3035,-1.434648340401544,0,-10.06262138754808
3036,-0.6174911951549982,0,-0.4981799956578138
3037,1.8060901605312583,1,8.180004429864148
3038,-1.4258941467776998,0,-8.202034402761027
3039,0.4697551146921475,1,5.182224564215225
3040,-1.8770673517006031,0,-16.824983437553133
3041,-1.8906368093359531,0,-18.278754675288358
3042,0.7032305562877474,1,5.331428470374269
3043,-0.17967956470970448,0,0.5694679182835444
3044,-0.6552405315210112,0,-0.7559105193825435
3045,0.4075994340600908,1,5.7696425283883315
3046,1.9293584947282287,1,8.146151082768464
3047,1.6160132546323434,1,4.955542073694269
3048,1.269688346796598,1,3.5033248481617223
3049,0.21390402324577984,1,2.4298731516422927
3050,-1.316987963115595,0,-7.582182699646922
3051,1.167107970353666,1,4.293070541510748
3052,1.282564084133147,1,5.02611786891637
3053,-0.19040176884280724,0,1.9524029103649818
3054,-1.2262557856320586,0,-6.517590622736442
3055,0.4480878938525219,1,5.2085582701361295
3056,0.6385729918501686,1,5.6528206654097914
3057,-1.8376405523242383,0,-15.451847852213776
3058,0.39577525589831275,1,3.697728376640749
3059,-1.7424547090464042,0,-14.432722832221957
3060,-1.4644949004192367,0,-10.476209450130815
3061,1.8621997648929036,1,8.869839985340915
3062,1.0538734407643742,1,4.280073751302113
3063,-1.2455583396337113,0,-6.709446557129142
3064,1.0376632667891506,1,6.091627567614184
3065,-1.6234952944099406,0,-11.330485929633852
3066,1.2749670182949435,1,4.193715349081139
3067,0.7642593710789622,1,3.9553130746222633
3068,0.7591903385607219,1,4.176756918798633
3069,0.957510570130967,1,4.018007921686436
3070,0.781769938507547,1,4.026143901295232
3071,-0.46967432051846947,0,1.0468953011265678
3072,0.7019361518586424,1,5.0389235336963
3073,-0.5697227713235171,0,-0.2287724603432949
3074,1.1738827307528323,1,7.730963615003615
3075,-1.067692556151163,0,-4.6989857193724704
3076,0.26054111918235634,1,3.3294321178146693
3077,-1.728277566218687,0,-13.850791258739516
3078,-1.2246807405229898,0,-6.776253618451117
3079,0.47181482663700836,1,4.5127366913191445
3080,-0.4339047278949142,0,-0.35318925796762846
3081,1.6167739843848619,1,6.4871954249282435
3082,-0.15132817952088606,0,0.9433726295835123
3083,-1.987449282112618,0,-19.882640737405307
3084,-0.013967523462738995,0,1.7678014308203833
3085,1.1911402711653922,1,4.610036243319822
3086,-0.3417516448357638,0,0.05611735393613293
3087,-1.8783308180266238,0,-16.962866009284475
3088,-0.813435321541264,0,-0.9629013198195628
3089,-1.0675545204862553,0,-3.5957946182989207
3090,0.6221006079589886,1,5.108360342391831
3091,1.3473970054144466,1,5.761442194218463
3092,0.4182426605101872,1,2.9979697243026884
3093,1.3857757160274677,1,4.597575341179557
3094,0.05491119181735771,1,4.172511374177412
3095,-0.9394568225493414,0,-4.086552523481046
3096,-0.5136135409560025,0,-1.6522777391740588
3097,1.8388041780544127,1,6.11314167603653
3098,-1.59885741348304,0,-12.121450348684881
3099,0.20147669502477727,1,4.39247519869421
3100,-0.5831955276134524,0,-1.202009183928118
3101,0.6590810576646837,1,3.6357639214614483
3102,0.22199215582133114,1,5.803129694349893
3103,0.5077316621773829,1,5.2884914369069795
3104,0.3675180130033513,1,3.5699927186405658
3105,-1.4457770429842096,0,-8.76032744781741
3106,-1.0681539659400787,0,-4.593520650222767
3107,1.4670594374189236,1,6.610616241960257
3108,-0.9967503403346973,0,-3.465347079362788
3109,0.2285958346905015,1,3.0533340484142903
3110,0.5921002578633909,1,3.652293754453016
3111,-1.5041750360813806,0,-10.849657991712615
3112,0.19238115562061298,1,5.8393314168977035
3113,-0.9962963552458475,0,-3.423132924056552
3114,-1.2191952391469432,0,-4.78453076622968
3115,-0.27066966867386233,0,0.10495404556472337
3116,-0.606149599974799,0,-2.149584225297315
3117,1.6931160580718605,1,6.902060881893146
3118,-1.1037022285254126,0,-3.7721416430400816
3119,-1.2828328369041198,0,-6.9335025044987795
3120,1.8464789491996325,1,7.07777833985045
3121,-1.16639723243114,0,-6.027117346607578
3122,1.5057295157038086,1,6.067810117449616
3123,-0.5253223924327508,0,0.31706928145031077
3124,0.16597589191897066,1,4.535233809652287
3125,-0.060579377171207316,0,2.0749842087903905
3126,1.5469226899619621,1,5.005601500575459
3127,0.9325311392704427,1,4.921868435966747
3128,1.7037448585989803,1,7.648454240507423
3129,0.09417886891087424,1,5.531725295884126
3130,-0.14709117669256422,0,0.5877379439898721
3131,-1.5014992713184188,0,-11.180366384947952
3132,0.29662347761381946,1,2.4537869822771334
3133,0.26517586520217495,1,5.918892615448498
3134,0.3838524370566123,1,4.389464569275195
3135,0.3480439732144829,1,3.6219761008078803
3136,1.6386698308196253,1,7.643894702901719
3137,-1.627034795786543,0,-11.433236764540025
3138,-1.4069313762440876,0,-7.82849304018916
3139,-0.20982000743835094,0,0.1389532611069308
3140,1.546742254741797,1,7.2929375577091236
3141,0.5909030644286544,1,5.494827520437656
3142,1.146575925932034,1,5.390191385802646
3143,-0.17642775839689318,0,1.1302083486613583
3144,-1.6212666854270492,0,-12.868967255688005
3145,1.2235389162409533,1,5.0834374581381105
3146,-1.1344120700456601,0,-6.3248133315263955
3147,-1.867842444142676,0,-15.918206414016378
3148,0.568333829252337,1,4.145598306366385
3149,-0.5723016803822545,0,0.027311506026255317
3150,-1.761708106791653,0,-13.914317646582823
3151,1.7894221815600568,1,6.01786081375553
3152,-0.3289838255528603,0,0.7883002750927629
3153,0.6062274816482405,1,5.587618645557841
3154,-0.9085341075209326,0,-2.8623096141954387
3155,-0.11660406769289589,0,1.7558574929662396
3156,-0.028850909779905454,0,0.8770572630925311
3157,-1.0129742834141444,0,-3.0766714037990863
3158,1.2646746167782572,1,4.620380677555955
3159,-0.9002255305486511,0,-1.8121863771112507
3160,-0.8015334763119402,0,-1.6763901269489774
3161,0.19964006045086835,1,4.589367077901152
3162,-0.05395968132708484,0,1.4845626829830212
3163,-1.7947273050494488,0,-16.020607977942625
3164,-0.26538446771843915,0,1.1999304791827354
3165,0.11820647231860315,1,5.10556453044543
3166,-1.0669531202407625,0,-4.394478338193659
3167,0.6913189318157396,1,3.950045931070763
3168,-1.0546056009501839,0,-2.73242587350635
3169,0.4116982229281865,1,5.3625023983387266
3170,1.3846382315709445,1,5.060467749794683
3171,0.680590527671614,1,3.7217237238870897
3172,1.8299579424092323,1,8.79070645986436
3173,-0.18167044107933972,0,0.23285083553287966
3174,1.9358913548579975,1,7.253520909689673
3175,1.5032816610225748,1,5.5287778419942315
3176,0.9162136980678057,1,6.872810570988403
3177,-0.7294172970496646,0,-2.6494347671298115
3178,-0.4864187069028958,0,-0.13982600949788435
3179,-0.23992661034585616,0,1.8296713075158062
3180,1.2489875947493188,1,5.3307579431980665
3181,-0.6790073806753045,0,-0.977261850187779
3182,-1.9719742822771207,0,-19.388965562218388
3183,0.10016345662314619,1,5.000846531247046
3184,-0.9918441861836391,0,-4.565134461714822
3185,1.4949210649497906,1,5.810116647772735
3186,0.5845534263277163,1,2.898703825788644
3187,0.021097427865907736,1,3.9276653501366585
3188,-1.7267651553702112,0,-12.92345620506081
3189,0.5539668540900418,1,4.220926131851078
3190,1.441952811195844,1,9.229536575726529
3191,0.9142322985477822,1,3.5995506032271156
3192,-1.3541098159778837,0,-7.687590513895748
3193,-1.8095067853181148,0,-17.260325018114187
3194,-0.5563585451351853,0,-0.5915038860917501
3195,0.8587542931296688,1,4.066383396707974
3196,1.4902887819637773,1,5.284109923713017
3197,1.6666887534965937,1,6.444470582820049
3198,0.03571237571238317,1,4.47023628543763
3199,1.1104810143283026,1,4.672019531860903
3200,-0.452444706164441,0,0.2327290877698609
3201,-0.36435321308010904,0,1.0806915969224358
3202,-0.812628184858704,0,-2.3813944054635887
3203,0.9290034890675516,1,6.057021440157264
3204,0.1742393965900959,1,4.501157510508271
3205,-1.3866150575967642,0,-4.915201685074831
3206,0.34455303891555333,1,3.478871745758985
3207,0.7681914152612244,1,5.596970123037762
3208,-0.8595294080729539,0,-1.1353805394729122
3209,-1.6014519596595953,0,-10.477058621681852
3210,-1.8112367168942756,0,-15.735076919130162
3211,-0.6274086613529772,0,-1.4253857059208253
3212,0.29780827567546053,1,4.534587068318514
3213,-0.504586534039388,0,0.977903556689501
3214,-1.5605607097622705,0,-9.830873367478834
3215,1.4801561274675317,1,6.866757699106088
3216,0.08881324585574024,1,4.535717648817492
3217,-0.27602992399755255,0,0.0316313556524106
3218,-0.3482587421116219,0,2.499188872428046
3219,-1.3502188843974259,0,-6.846928492460294
3220,1.822512446381988,1,5.699661491016361
3221,-1.982253144885028,0,-18.471059282124585
3222,-0.20562580912870176,0,0.5731960050668684
3223,-0.7952304448155361,0,-2.971787843392794
3224,1.2190234934716662,1,6.2084884724722675
3225,-0.00993118624470224,0,-0.14121947702825843
3226,-1.9343674387512944,0,-18.653870538355225
3227,-0.4224551815742843,0,0.9862592884276002
3228,1.591494005654515,1,5.897371321944537
3229,1.5745436228058067,1,7.769211254106565
3230,-1.9982939716629469,0,-19.168661026752414
3231,1.8005737145012155,1,7.543266686071585
3232,-1.3538486080626462,0,-8.063876491928836
3233,-0.6760168245550249,0,0.10857372548742772
3234,0.2706621953028847,1,5.329147014062292
3235,1.2379650202617638,1,5.280859794279124
3236,0.2206126358751197,1,2.285688498314345
3237,1.3779863256878224,1,5.079625475171149
3238,-1.9713354674892583,0,-19.32032999121373
3239,1.983813520978929,1,6.500128691414263
3240,-0.02139964229444935,0,0.788980201034278
3241,-0.8060909300528296,0,-2.137341982262848
3242,-1.8264267752690988,0,-15.8627416355897
3243,0.8122155661041544,1,4.759559681968474
3244,1.0218507178111045,1,5.163003899351369
3245,-0.13926055155444583,0,1.105361117654211
3246,-1.5596994062964198,0,-10.04158894668035
3247,1.1328941458857291,1,5.831737120591796
3248,-0.5966334194791223,0,0.17179159178609593
3249,1.4211776718013476,1,4.584458171805896
3250,-1.7898741461444274,0,-15.654572837549864
3251,-0.9137273657343501,0,-3.2785993124125437
3252,0.45883026219336376,1,4.383213810343992
3253,-0.53687941536234,0,-2.812439457545417
3254,0.6227640463975597,1,6.0716301837855795
3255,-1.079932479149433,0,-4.684309609704327
3256,0.37624313466425896,1,3.6360075435600474
3257,-0.7438520231321468,0,-2.4310694625646425
3258,1.7748676976883808,1,5.199521371956055
3259,1.3316321755289766,1,4.541927374716171
3260,-1.023056604454455,0,-4.968020590645104
3261,0.363333113188419,1,3.54668472470304
3262,1.0636264787260346,1,5.381485834121791
3263,-1.5267513289134391,0,-9.147245845084274
3264,-1.4400483060527782,0,-8.848435013892733
3265,-1.908355993604796,0,-15.314577790090523
3266,1.3915338046231707,1,5.576038094937566
3267,-0.06524373021982832,0,1.7009699623441286
3268,-1.6432555197550962,0,-12.738951433445026
3269,0.7115136066053713,1,5.333010992915195
3270,-0.38179611712034056,0,0.37728902128539754
3271,-0.16514287802253547,0,1.7611933674857028
3272,-1.627600928961321,0,-12.850829042896969
3273,-0.2686180089666994,0,0.11519294922817891
3274,1.4266552626328068,1,4.6798927662786625
3275,0.1103233464633333,1,4.962851123285773
3276,-0.6054076607800503,0,-0.6714696305289463
3277,0.4698799644212053,1,5.22695212643154
3278,1.9541450932579725,1,8.525843062128072
3279,-1.9349386574317626,0,-17.543728133003086
3280,-0.6898105918015518,0,-0.9672305796160665
3281,1.511881427985117,1,5.9233311232426304
3282,1.87093074010917,1,7.2175455335108865
3283,1.5635518634874401,1,5.252466008285143
3284,0.37533300290902494,1,5.941598418691737
3285,0.5571940352591271,1,3.3855151937861017
3286,1.7831965264981524,1,7.442219922076805
3287,0.08399292594988284,1,4.200759227186072
3288,-0.45797143647921557,0,-0.5948197176702632
3289,-1.744617570608518,0,-11.557273365761247
3290,0.14571618956749655,1,4.646635977462585
3291,-0.5374631480382472,0,0.5346478266546482
3292,-0.7661948523302482,0,-1.4747196466847647
3293,0.04463743622694505,1,4.252666857067883
3294,-0.45815331364645884,0,0.46246427676848073
3295,1.5212235082677723,1,4.667022894490337
3296,-0.5896673151173486,0,-0.005675104998205338
3297,0.3090168139120313,1,5.413379537340332
3298,0.5285517374048281,1,3.27469856461968
3299,-0.20589943163365643,0,1.71296759069063
3300,0.8103306194464674,1,4.502749377661489
3301,-1.799544053477916,0,-16.99663187348892
3302,-1.02327355771062,0,-3.4614118392650797
3303,-0.4238015180108139,0,-1.75691254891982
3304,-0.5955670615706317,0,-1.5870041139610447
3305,-1.9972417443402533,0,-17.173836863984775
3306,-0.30810743410377084,0,1.6559303058758248
3307,-0.8063693142950932,0,-0.9518330379030668
3308,-1.773417150420253,0,-15.607775159437598
3309,-0.011208769287492704,0,-1.0035711346001965
3310,-0.7279891116804875,0,-0.130685302314691
3311,-0.5629098867433617,0,0.2548798503930475
3312,1.3225296879816595,1,6.4513491066301825
3313,1.0840113020825473,1,4.864621304683447
3314,-1.5573605065282417,0,-9.403671503065542
3315,0.25682319504408113,1,4.626530304414196
3316,0.41018866966399825,1,4.159381641606403
3317,0.9800350318754578,1,4.949746552552715
3318,-0.03682407074231886,0,0.9691976364357655
3319,0.6137154744955704,1,5.060503792552021
3320,-0.34831571962934893,0,1.7553010702660505
3321,-0.8221237329219391,0,-1.537374103951485
3322,-0.05259332499621383,0,3.154980505907795
3323,1.6540330686153628,1,4.606569120265932
3324,-1.0908362188021221,0,-4.78998380505178
3325,0.7979861965742492,1,4.081298921160622
3326,-1.6028865661162808,0,-11.990189438221648
3327,1.2740944471396976,1,4.320614843705762
3328,-0.568157687352091,0,-0.2565706225849639
3329,-0.5192851633194735,0,0.07366585406074688
3330,-0.7170213804778394,0,-0.19855741446353425
3331,-0.41509324031881434,0,-1.3913230082476054
3332,1.0344663331192772,1,3.9362231184547953
3333,-0.7020225327827996,0,-1.168163148531268
3334,1.4258137739970516,1,5.170458307972389
3335,0.9241696335914829,1,3.1481792026161513
3336,-1.1343584327095741,0,-4.142671046350902
3337,0.4966608219163602,1,5.74434554715553
3338,0.10113886741011102,1,4.402621135026852
3339,-0.8319182683064366,0,-2.112111334748145
3340,-0.1487090634528836,0,-0.223610719584043
3341,-0.8797540555068841,0,-2.816233602559974
3342,0.12320458145949154,1,5.015726314665229
3343,1.2566009880308178,1,6.614682844283693
3344,0.5272740231940327,1,6.111937345047805
3345,0.2952895168146652,1,3.8682927885365754
3346,-1.69406488477245,0,-12.680012011699256
3347,0.5910312841864385,1,5.2275649449019115
3348,-0.8779273688248237,0,-2.1986148603313507
3349,-0.7063713315400229,0,-1.3760292756983672
3350,0.5836295082838627,1,3.2295460405611722
3351,0.4314574078436686,1,4.564661059421844
3352,1.8468303451485766,1,7.977524031534881
3353,0.665378099514061,1,3.894962542505569
3354,0.9923632234807909,1,5.11868399927827
3355,-0.2716982751217212,0,1.3440329618471258
3356,-0.23157400210301748,0,0.08561889495659358
3357,-0.17507363944223764,0,1.0542301115516428
3358,0.33107537447896984,1,4.7862914863374195
3359,1.6238242219278787,1,5.184945210598416
3360,1.7440752787863603,1,6.971041346408819
3361,1.6868390600169065,1,6.925987783135539
3362,-1.5327390750877838,0,-10.790744152971696
3363,-0.94454465548097,0,-0.5621576433098183
3364,0.5158446328755901,1,5.265647202482437
3365,0.7418636354849686,1,6.371151892921484
3366,0.2732774488488281,1,4.134977189242857
3367,-0.33088688392426757,0,0.8649349395413797
3368,-0.7185875111407474,0,-1.4516422223005185
3369,-0.2163605409371847,0,-0.545078372112869
3370,-1.222112760090361,0,-5.745587678534685
3371,-0.0696105480385194,0,1.3158437202001045
3372,-0.7557166624899558,0,-1.9156744501043175
3373,1.2748958104400212,1,5.224207460906805
3374,0.976232344206919,1,5.08945076313531
3375,0.23244500033253335,1,3.9493251735057724
3376,1.284149273862576,1,4.826569314286979
3377,-0.6500608905136458,0,-2.555363356512645
3378,0.5823865697394233,1,2.981528332816622
3379,-0.3070485642091527,0,2.0012152776276046
3380,1.8208582199025378,1,6.732500804120816
3381,-0.013336221473170262,0,0.8887406689521097
3382,-1.9743979273729488,0,-17.403087188433222
3383,-1.9873455912320006,0,-19.79993100725244
3384,-0.9595031761531794,0,-2.7427634978605786
3385,-0.2906405873987672,0,0.666278787141853
3386,0.14337975316625196,1,3.7289420752912705
3387,1.877851622447671,1,6.730760843344013
3388,-1.661331687775446,0,-14.414549149852508
3389,1.018982376749204,1,4.243663266771649
3390,1.783219889447873,1,7.906115624782014
3391,-0.9346008775457233,0,-4.605898222927523
3392,1.3083641461982354,1,4.860768241028112
3393,-1.0575440377186944,0,-3.657893918598339
3394,-1.8839995994817218,0,-16.251766776760572
3395,0.3840627863738071,1,3.7011400097039715
3396,-1.8184125864373377,0,-15.168560929637662
3397,0.6696911849461014,1,5.381312727278374
3398,-0.5949523805093637,0,-1.7337076873670205
3399,0.11234632382431275,1,2.9243280666986795
3400,-0.3549295740350029,0,1.911419385263786
3401,1.3145217266534677,1,5.1787632449350145
3402,0.12250961550989814,1,4.137537528193599
3403,1.8208437788997252,1,6.283807137767998
3404,1.1015273470051277,1,4.924999957912655
3405,-1.2071705158052097,0,-5.189273355374528
3406,-0.5448441030644902,0,-0.9644378139209052
3407,0.7128649998548306,1,2.4263786019543967
3408,0.5989785465010127,1,4.944204177376908
3409,0.5362709224123763,1,4.373699594031456
3410,-1.006670472415112,0,-3.6328183902917788
3411,1.727115988512034,1,7.943251451979796
3412,1.939452527862087,1,7.905862963476714
3413,1.2176602047791971,1,2.7909988521570432
3414,0.2578132270462392,1,3.695351704878198
3415,-1.5101975398723315,0,-9.26886421111271
3416,0.20434132174707287,1,4.156644620629057
3417,-1.458439493404426,0,-9.734393539836947
3418,-0.8775452964447132,0,-2.0466738457107962
3419,0.654637361003382,1,6.0164585042396705
3420,1.3096882458096948,1,5.435665277091238
3421,-1.908699989109008,0,-18.575607147809603
3422,1.8051451769781193,1,8.003893175199538
3423,-1.3484481597294269,0,-8.654930617433736
3424,-1.6404219455292388,0,-13.071520761807808
3425,-0.7224429201265297,0,-0.39302730216331927
3426,-0.7481339303272705,0,-0.8028055724897781
3427,-0.5621928339694255,0,-0.6507546328116474
3428,-1.1589072147790653,0,-7.0972314956985345
3429,-1.3602877135040026,0,-6.705382304006454
3430,1.3123828035689376,1,6.4417587153181195
3431,-1.2788571728988947,0,-5.3144602759957476
3432,-0.025069099986207544,0,2.148993073373062
3433,1.0210632942685072,1,4.095760513312205
3434,0.2524133558077226,1,4.94628674624337
3435,1.222418341893139,1,6.672639243148064
3436,-0.5775991819664803,0,0.5255525212756084
3437,-0.34463080643024124,0,-0.8014316956600898
3438,1.0989148350624869,1,5.238435578393679
3439,0.6746440254178645,1,4.2333550295770275
3440,-1.4213903224530644,0,-7.843104321667275
3441,1.1326890631563664,1,4.300407005583308
3442,1.2593277920576789,1,4.4261014574267294
3443,0.9671273333731625,1,4.414487858810456
3444,-1.9894380008669241,0,-20.63446538146435
3445,1.7912344161459086,1,6.545153216217475
3446,-1.5340382818211857,0,-11.698693033322868
3447,-0.5051664721347069,0,1.2074971723212222
3448,-0.1334977761302567,0,1.70691247421037
3449,0.5622849605701794,1,4.986900398791
3450,-0.6355369559940813,0,-1.9461902732751843
3451,1.57463971336445,1,6.137367383725574
3452,-0.3959058882035982,0,0.2042204844822711
3453,-1.343810754135696,0,-9.06020907938499
3454,1.2532590388396718,1,4.829315243891794
3455,-0.7777638352975935,0,-3.6670048066435994
3456,0.3815313662624966,1,3.5846161944741115
3457,-1.7253351240351225,0,-14.899357850673503
3458,-0.1736091782626481,0,0.5340758812781132
3459,0.6108435169761082,1,4.51871784944307
3460,-1.8758013778451792,0,-16.902787476574474
3461,-0.42129260085237963,0,1.5290983431598684
3462,0.6417521971996614,1,4.984194124426054
3463,-1.9883091764556173,0,-17.48960484799376
3464,-0.30950581528117427,0,-0.6156052961310476
3465,0.1443005735966243,1,4.073647715949785
3466,0.7540464560545876,1,3.137000938802869
3467,0.30543153814905155,1,5.582021335257858
3468,-0.9128754867970996,0,-3.4303142642129196
3469,-0.3879654330258875,0,0.3362260968491973
3470,1.014418876661725,1,3.816258102589738
3471,-1.523130802313354,0,-10.426706635682612
3472,1.6508577368870592,1,6.451075120657096
3473,0.038843223863993526,1,3.70788867743449
3474,-0.24301280959378424,0,-1.2978543659247437
3475,-0.35296091261130114,0,0.6562954990925614
3476,1.2878747380905824,1,5.0473316057636
3477,1.9565110325180917,1,10.26287905717293
3478,-0.20868358634611006,0,2.714281659866198
3479,-1.7953634709357331,0,-14.259529044427508
3480,0.6851491828030212,1,4.3343624181553935
3481,1.2949691579037124,1,6.155534713432556
3482,1.0501874229924342,1,6.112476463674511
3483,-1.0192072427249736,0,-2.988201797342145
3484,-1.583084275407591,0,-11.096587979122354
3485,1.6444255137533483,1,7.0448804807595575
3486,-1.071711080006693,0,-4.148481412071536
3487,1.9067767660316148,1,8.057664956680165
3488,-1.623421764050279,0,-11.941055320676503
3489,1.9173761977523736,1,8.5600778273142
3490,0.7840375765304679,1,4.349256894505708
3491,-1.0457251123388396,0,-4.987149045920547
3492,0.8035063978030146,1,5.151309275828742
3493,-0.16745548185895975,0,1.9031173792615297
3494,1.2284018237997532,1,4.6617251994687345
3495,1.8169652313969231,1,9.67693524979654
3496,-1.321919919562978,0,-6.867260549166946
3497,1.4102732804629792,1,6.066544130917016
3498,0.8759060589272383,1,4.670642285894816
3499,-0.6831010043600876,0,-1.2668153690771502
3500,0.976500594226339,1,4.4025523975410765
3501,-1.4388179251112105,0,-6.292181372634938
3502,1.5307609669138391,1,6.878512414465947
3503,-0.9708467620251522,0,-4.788135181681329
3504,1.7798998966862292,1,6.981573984470616
3505,0.7809074687054074,1,4.936622184426329
3506,-1.079690794460065,0,-3.676979442432042
3507,-0.2991208709832711,0,-0.8497494044591289
3508,-1.3056248941227722,0,-7.163798860746125
3509,1.6780902978203964,1,7.107772024170377
3510,-1.2786071216435873,0,-5.564887519080715
3511,-0.7403126129010169,0,-3.8905549947982325
3512,-0.32221992634640584,0,-0.7557705569938058
3513,-1.4811924150659506,0,-8.498335653897593
3514,0.3895523808794046,1,2.7176142727561885
3515,-1.5883645668842745,0,-9.888608169717362
3516,-1.0576969340421734,0,-3.4533381595741224
3517,1.0823215092837084,1,4.180491731625132
3518,-1.9574705366031249,0,-19.570837209837244
3519,1.8848907654103644,1,9.693792120122538
3520,-0.6868311730422274,0,-1.94892733570215
3521,0.44021309161932454,1,3.4077055242526355
3522,-1.236645968125817,0,-6.0028528036763005
3523,-1.6795955339041497,0,-12.294470691744248
3524,-0.04313800568242865,0,0.373915403874025
3525,-1.137402138685986,0,-6.122908756572652
3526,1.935995325486684,1,8.04662304542015
3527,-0.8669680004649929,0,-2.3449674748882585
3528,1.1962315110305712,1,5.801011112713181
3529,-0.9245052276781496,0,-1.257474763858845
3530,-1.205418432586316,0,-6.329621604095696
3531,0.31967423504648496,1,3.489360929452371
3532,1.289843796172606,1,4.039684509607223
3533,0.9346622564510274,1,1.6996480631771949
3534,1.7506809179973257,1,6.143561120429891
3535,-1.8908700460922936,0,-16.633249283447455
3536,-0.6491821761169723,0,0.41936582435075165
3537,-1.3715754068956416,0,-10.227349303230653
3538,-1.2608157229107744,0,-5.847434179817399
3539,-1.157958776680192,0,-4.756765652142086
3540,-0.7085200746462497,0,-1.22036942200083
3541,1.324036781036991,1,5.592408271920718
3542,-0.011628029279115548,0,0.13631316332496513
3543,-1.6429341652808755,0,-12.41877231486994
3544,0.5262618496653939,1,4.716129823740155
3545,0.4404395258734115,1,3.5978468974075
3546,-1.4216949948749602,0,-7.923434077584161
3547,1.0505551390110526,1,4.748644513785893
3548,0.09543410240285288,1,2.6150812429792687
3549,0.32752248327939215,1,4.161957341672699
3550,0.6238616767714023,1,5.152213903263249
3551,-0.8709012688394719,0,-1.142120400665606
3552,0.20130509793527374,1,4.34305640672036
3553,-1.8341828841019145,0,-15.426501342591065
3554,-1.5948663319358172,0,-10.27686402820138
3555,1.4261569178912188,1,4.9979421244626705
3556,1.9272669336925548,1,7.4761365717260375
3557,-0.7347889652910924,0,-2.5902101503720636
3558,-0.5875989639921682,0,0.39367246367917075
3559,-0.803985834660971,0,-2.7974101612659155
3560,0.46454534145305093,1,5.120282689136485
3561,0.18389935026416993,1,4.484319534941426
3562,-1.603689458469736,0,-12.41593991985759
3563,-0.8905373844326872,0,-3.905350557216804
3564,-1.5154286731895725,0,-10.521935698888848
3565,0.43399420948669354,1,5.156463365671769
3566,-1.723875491483581,0,-13.268904332747011
3567,-1.2397371842198348,0,-6.579805683466628
3568,1.9743446165895255,1,6.738448303708132
3569,-0.9738189399018782,0,-3.8846610141910127
3570,0.45574082226087054,1,5.201206983470281
3571,-1.6459215201527533,0,-11.010796056322246
3572,-1.6015209114939521,0,-13.084981044082289
3573,-1.5668748812142352,0,-11.67092064915578
3574,1.629676609307377,1,6.159672499831302
3575,-0.9250267897912177,0,-2.815476406468941
3576,1.888685995966628,1,8.53317876529015
3577,0.7875270270481258,1,4.573279225425027
3578,-0.3388386374564156,0,-1.7294028956963237
3579,-0.22705843148438776,0,0.6215193885705628
3580,-0.9704048567299699,0,-3.934998198256883
3581,-1.5216026631662878,0,-10.742348412805077
3582,0.6338859594019652,1,4.541601815346432
3583,0.0246207398760232,1,3.62578789683931
3584,1.5788228767184416,1,5.168381557719052
3585,-0.7904565118367577,0,-0.06355188963709857
3586,-0.2678388231873505,0,0.39833324525829705
3587,0.8832140795947274,1,3.829956061029491
3588,0.3579916294788399,1,3.1831942728528992
3589,-1.9754609295841083,0,-19.429830478754365
3590,-1.4822141831417923,0,-11.535434765099264
3591,-1.7949414638341556,0,-14.837294098382298
3592,-1.4285798682461013,0,-9.575480344509325
3593,0.3862720531833794,1,3.1329934113838336
3594,-1.2353675139052736,0,-7.075985720803194
3595,-0.017920678585598537,0,1.4670413083284248
3596,0.15334551407778152,1,2.867038687742828
3597,-0.12643951509255924,0,-0.45212469973931424
3598,0.4668038898564144,1,3.2576998424226926
3599,0.9240327875321368,1,4.239979142281553
3600,0.9347639954675864,1,3.7307243367562197
3601,-0.8483066564366495,0,-2.7813169935751008
3602,0.8082117756908924,1,6.0617603535552504
3603,-1.8771043603153101,0,-19.352177955594225
3604,-1.7563711634544878,0,-15.715998554135643
3605,1.6240125435226638,1,7.08541726440874
3606,0.18513952942682765,1,3.9323082178600126
3607,0.09781944857081681,1,3.4841658709730843
3608,-1.0323554580123337,0,-3.8833776701968645
3609,-1.239390864906404,0,-7.452640455217539
3610,-0.607419820650497,0,-1.8510732381305177
3611,-0.12465565410994461,0,0.17794031364456242
3612,1.2231940259335472,1,5.713659625322298
3613,0.21663628201327967,1,1.991104199311882
3614,1.5996279305692065,1,5.935634157315035
3615,1.8835799539643725,1,6.8329558152254934
3616,-0.19185363043776293,0,0.017483153173311505
3617,0.9677180891179011,1,3.8787948699845924
3618,-0.5053427159997601,0,0.2223101214698635
3619,-0.39018397233365754,0,-1.2584501510042465
3620,0.574843739578403,1,4.1933572408463595
3621,-0.28241512557673154,0,-0.4286047599857325
3622,1.1402762444449897,1,3.858676527301337
3623,-0.27919645597662823,0,0.5694152646807632
3624,1.596537526645521,1,6.619360101355942
3625,-0.6583511312429149,0,-2.5209525201171967
3626,-0.41867025579741357,0,1.561172084786699
3627,-1.7390807193671862,0,-13.893392539340718
3628,-1.23975799284832,0,-5.737347967259451
3629,-1.7135152763844008,0,-12.5141258303121
3630,-0.8390862010506499,0,-2.2222030877462657
3631,1.54477015817452,1,6.172500890539653
3632,-0.8866140946355454,0,-1.9608054510165722
3633,1.4613675118594984,1,4.355816612793486
3634,0.46504154378314855,1,5.45017154333568
3635,-1.099339062433267,0,-5.333367611894548
3636,-1.22913535772194,0,-5.785942585992264
3637,1.0255604206185183,1,5.36816127882124
3638,1.7902007246751075,1,6.819055731474116
3639,0.9248207119375147,1,4.93114834302068
3640,0.04168850167951943,1,2.8920641006967083
3641,0.995787448766428,1,5.7199847404042625
3642,1.228066513391775,1,6.288048679383971
3643,1.9633687216649252,1,9.670526280837567
3644,-0.1272971588459777,0,0.0756376573758828
3645,0.6127256879264262,1,4.1446846801601325
3646,0.7482906569735452,1,4.977958971472627
3647,1.0744702046618002,1,5.731514902967187
3648,-0.5709786212015624,0,-1.9360910481328069
3649,-1.531425880701911,0,-9.546507743166162
3650,0.9721505156506192,1,4.099129868694199
3651,1.0637294287004915,1,3.500037722376235
3652,-1.3453368415231495,0,-7.1063999593497895
3653,-0.9780422631901353,0,-3.0756620582360137
3654,1.860945066411083,1,7.720661769673953
3655,-1.7143238891251742,0,-11.859858875215224
3656,0.3840307971881005,1,4.031302252365055
3657,1.2092892036359024,1,5.678249905701632
3658,-0.928596528783999,0,-1.4575778100401666
3659,1.8793683220803206,1,7.427973687131675
3660,-0.4237916525954235,0,-0.10063657785783611
3661,1.769268543136996,1,7.985240659453223
3662,-0.7643260905830234,0,-1.3240999708732384
3663,0.048567406445357175,1,4.404103143544536
3664,-1.349423433693504,0,-8.884441742766029
3665,0.05764467279691665,1,4.639427590807072
3666,0.23122537784671993,1,4.221318453537843
3667,-1.9186161119906346,0,-19.113500443782883
3668,-0.08984136762393469,0,0.9161604115084735
3669,0.29022012385595986,1,2.4871576623165588
3670,1.014567476713979,1,5.853561762751504
3671,0.3242350769442166,1,4.373861359450227
3672,-0.45996715509590125,0,-0.4205512353206323
3673,-0.029822312597478362,0,-0.47948235494133007
3674,1.8543246249644882,1,8.309411735922225
3675,-0.8329992874098022,0,-1.8966311375182006
3676,-0.6699122563364881,0,-1.2597566600453585
3677,0.7810703058123591,1,4.058518229789869
3678,1.9457913783765117,1,9.026782904340184
3679,1.9397497677132516,1,8.126094779142752
3680,-1.9820030199819132,0,-18.590397699813582
3681,1.3833306877564726,1,4.54290311712677
3682,0.1683301672018307,1,4.564689868812484
3683,0.9902015060933893,1,3.5028252910100335
3684,1.6545107393796705,1,6.582213895529395
3685,-1.6468233643449381,0,-11.895981192900598
3686,0.5473272692444775,1,3.033234927110406
3687,-1.4016871129313944,0,-7.539830315506561
3688,-0.8204588038172993,0,-3.10240885195585
3689,-1.7630909061137818,0,-12.72524880084029
3690,-0.12042959145825094,0,0.9692425634264027
3691,-1.6382726820054416,0,-11.447016778916863
3692,1.053708976850968,1,5.535000185473715
3693,-1.7910416664986788,0,-14.036899152896256
3694,1.015853765417027,1,3.4966753024746136
3695,-0.7078257434718358,0,-1.3478349345211957
3696,-0.2021836111154105,0,-0.8653240341790982
3697,1.776787235795299,1,5.991036226921599
3698,0.9857389905575733,1,4.782553751743684
3699,1.6373980891114628,1,6.679657275649201
3700,1.210412642596589,1,5.168036627167145
3701,-1.419277136621723,0,-7.677342594841139
3702,-1.8939516854436387,0,-17.90074907672865
3703,1.353819817076964,1,6.18781567014309
3704,-1.9838542562586996,0,-20.887004657852877
3705,-1.640177365286407,0,-13.170881893025616
3706,1.8309532375747257,1,5.961287922861599
3707,1.562895793265647,1,3.440941416978104
3708,-0.2765933389732691,0,2.315039048570101
3709,-0.31031556652263603,0,-0.26758460105797677
3710,1.718483493558677,1,8.502613990702606
3711,-0.9129108633794023,0,-2.4154065973685754
3712,-0.7501548476573836,0,-3.070618365959324
3713,0.9377436959418275,1,5.09395589328549
3714,1.3937447316351883,1,5.603518667389954
3715,0.9406605889474258,1,4.29924629972588
3716,1.194617399081408,1,4.240525402434085
3717,0.5520248826687277,1,4.4077667679105295
3718,-0.6148304208251614,0,-0.20726903692800858
3719,-1.4377854783343165,0,-9.769062686984753
3720,-0.20551380413222953,0,1.2303481509747438
3721,-0.02696315996153631,0,-0.07753195145487568
3722,0.6910173597005418,1,3.1822700121816183
3723,1.627441224569358,1,7.247622448889588
3724,1.7315659476891794,1,7.755864079363299
3725,-1.846455280563668,0,-16.918915704079385
3726,-0.45699037437518797,0,-0.3985844936491785
3727,0.675329445466649,1,3.776732411843029
3728,-1.1535319992299784,0,-6.957190751558823
3729,1.7058203846214974,1,6.134795236653511
3730,-0.962277349931195,0,-3.242284476157727
3731,-1.9322267686849068,0,-19.14930485605741
3732,-0.47570770044216637,0,-1.3864942124707347
3733,0.19299241380749743,1,3.0726970990132836
3734,1.2562016068685455,1,5.434409209525653
3735,0.8856253948803432,1,3.1964659476621007
3736,-1.4193050603929085,0,-9.422486822284657
3737,-0.7224068673371478,0,-1.4408236650565498
3738,0.4228814190156647,1,4.614452996676305
3739,0.7954679861856611,1,3.8022132267234063
3740,0.8357031653965104,1,5.0048154909971645
3741,-0.5548993959344446,0,-1.5976959340007746
3742,-0.606880942675355,0,-2.2167783704287847
3743,-0.31182819319663535,0,0.7068269991952123
3744,1.236453985753235,1,5.942035266178619
3745,-0.5807200292624102,0,-0.7189318569647402
3746,1.4318911400204999,1,6.417097815379023
3747,-1.222180030118416,0,-7.032195820042453
3748,-0.9503304645512358,0,-3.5751314052747483
3749,-0.5498843970163088,0,-1.262265292504638
3750,0.5610251583089796,1,4.079063430693031
3751,-1.805325267064588,0,-13.96411863622777
3752,-0.8734581211405859,0,-3.3974032198049415
3753,0.30762700072153093,1,5.00369780763274
3754,-1.4734791743156084,0,-8.72072046120125
3755,0.4785001382194074,1,5.3479901037806155
3756,0.08492798795777867,1,2.919036999034752
3757,-0.17208971814219387,0,0.5314872133183806
3758,-1.0945965542454048,0,-4.354993575384806
3759,0.37872297553570666,1,4.017497992853796
3760,-0.6193070549713848,0,-1.3560916963435357
3761,-0.05958332281501111,0,-0.27782808171185636
3762,0.015579773127176733,1,5.780449951977679
3763,-0.502803059193869,0,0.20179788394737103
3764,0.8227181337360121,1,5.453893918149739
3765,-0.35959646247072996,0,1.5907837668875788
3766,0.7523968196701363,1,5.81478701556161
3767,0.2534663592486588,1,3.683654590501858
3768,-0.15083212828078896,0,2.146536882251708
3769,-1.7253012153331988,0,-12.336733733987872
3770,-0.6587536762594484,0,-0.6943870449759333
3771,-0.7228497511775913,0,-2.912074962001804
3772,-1.4034364148627918,0,-9.86325241263817
3773,1.134723258798863,1,5.407727658858233
3774,-1.8885974826126937,0,-16.725176757543284
3775,-0.5881489674742042,0,-0.4551406422120893
3776,-1.8361133091998014,0,-15.476715719046036
3777,-0.7487309453358515,0,-2.97883978442297
3778,-0.5824895450691661,0,-2.2361160298397413
3779,-1.278824531000569,0,-6.661645816670947
3780,1.5712886926980847,1,6.308482032649219
3781,-0.09050135425768291,0,-1.6245402217138285
3782,0.9824558369770631,1,4.244448722586357
3783,-0.4396535968106918,0,-1.2103687334833453
3784,-1.9043707594445545,0,-17.52710253078183
3785,-0.9724885201595632,0,-3.568189894578453
3786,1.6724674488388809,1,6.612287465322054
3787,0.05989268039208451,1,5.513456599408781
3788,1.7190297543551245,1,5.790226042304556
3789,-1.1429114894696855,0,-5.958414117955644
3790,-1.066885760889528,0,-4.099792128023018
3791,1.9918033295894828,1,7.71701710576051
3792,0.47671223254582884,1,5.290640240113727
3793,0.38713060549510914,1,5.512834611697571
3794,-1.5266811582494237,0,-10.224049967063518
3795,1.8878633517018408,1,8.31719577412573
3796,1.4300449664063346,1,4.153447763292876
3797,-1.6438327499344627,0,-11.745276540239804
3798,1.6914328024428205,1,6.419758239247396
3799,-0.4329656516420841,0,-0.28289573651166444
3800,-0.15768652881332468,0,3.0054803552920557
3801,1.4451776492978388,1,6.135308950467832
3802,1.0452080432864315,1,5.0651767316251455
3803,-1.1108118143582955,0,-4.851296395161865
3804,-0.6006674221403854,0,-0.4277856343700691
3805,-1.7264016769993362,0,-13.10032170576169
3806,1.2213933463646924,1,6.66956527702237
3807,1.5256270746324176,1,7.0342254936863515
3808,0.11522593697684691,1,3.6224960780672832
3809,1.3473572455294391,1,5.806775853726433
3810,-0.7330654433115456,0,-1.6362714145876172
3811,-0.27718221782904795,0,1.1765870525198188
3812,1.542263534215449,1,6.179842280564674
3813,0.6916891112055441,1,4.635848947902447
3814,0.6170658000122766,1,2.7836667819146053
3815,1.3778365019996195,1,4.466573092306367
3816,0.7235280493559268,1,3.643643904944329
3817,-1.699550713966123,0,-14.323186470831898
3818,1.5593687794005624,1,7.198109824281976
3819,-1.1589500753007562,0,-4.373661439915074
3820,1.8823419305157492,1,8.94680516839616
3821,0.24355751595710418,1,5.739801079384102
3822,1.3934548725602833,1,5.872523860173565
3823,-0.7705603355939861,0,-0.653879041802832
3824,0.8123858604534244,1,3.865229948987864
3825,-0.2692750337550165,0,0.7737630060162688
3826,-0.42459164619822154,0,0.13562009209769782
3827,-1.5410052650133248,0,-9.564596835156406
3828,-1.9719543169717375,0,-18.71957810019619
3829,-0.9288960011384377,0,-3.222488880407102
3830,-0.8453969848244429,0,-2.409046488697582
3831,0.2765521995618263,1,3.842767037680833
3832,-1.477110613903307,0,-8.87647030250102
3833,-1.2682292158892925,0,-5.159718424098183
3834,-1.822119903485007,0,-14.170973733762022
3835,-0.38938324950479464,0,1.9397261820924798
3836,-0.11990737533887863,0,1.3558141401277928
3837,-1.382043295510809,0,-7.283607598807611
3838,-1.6505145481726626,0,-13.490655545848863
3839,-0.7313438360528366,0,-2.8878822511751
3840,-1.7811860691464267,0,-16.605583787650502
3841,1.8453905439560594,1,6.778507264747354
3842,1.3260604333550203,1,6.516235088282505
3843,1.7127946580065951,1,5.244141164516704
3844,-0.7593620813700079,0,-2.2802075531566968
3845,1.4953764141368917,1,4.0640589352230965
3846,0.893224199982686,1,4.2517800560362025
3847,-1.4604789829901321,0,-8.474120956933652
3848,0.2158061169302674,1,4.500602062128651
3849,1.7004789755144256,1,6.855432208864547
3850,0.8908918487994617,1,7.377642838628766
3851,-1.739683999720976,0,-14.68652839243893
3852,0.7554493073196995,1,4.921643361969565
3853,0.7342877481924228,1,4.532424263964995
3854,-1.545186105757388,0,-10.827083133540203
3855,1.0205638849755232,1,5.290930253364232
3856,-1.4556783563427276,0,-8.484711869348995
3857,-0.7842477620993678,0,-0.905383716695727
3858,-1.9154190155490056,0,-17.759840568944387
3859,-0.8620025714443535,0,-4.621125944611425
3860,1.4855744762129777,1,7.55742222830044
3861,0.7614211978657521,1,5.421114891887618
3862,-0.2135079700776119,0,0.9312601943980593
3863,-0.5109904246405157,0,0.22488776045008674
3864,0.7148705336068413,1,4.825261662601054
3865,-1.4410891729289816,0,-9.265057289749956
3866,1.7532135239856612,1,5.151614894873305
3867,1.9696330385543144,1,9.270533818587879
3868,-0.4983480948054013,0,-0.4423810806755189
3869,1.9212654563902207,1,8.191662534714508
3870,1.2003383724151173,1,4.195866356943511
3871,-1.0850354218720515,0,-4.088513939602319
3872,0.5548620622233709,1,4.377972907297461
3873,-0.12801824666736206,0,-0.007437451178273213
3874,0.17826892160474683,1,3.061369983495995
3875,-1.5650147506707839,0,-9.43048772360803
3876,-0.15650052242385293,0,0.31685324161185924
3877,-0.7644179282698418,0,-1.988621242787071
3878,1.6511621729484096,1,6.155220209948486
3879,0.8817769012943919,1,3.1500446865652267
3880,-0.33116690430486706,0,0.46299717188258277
3881,-0.059225945366464305,0,-0.3019811523882864
3882,-1.1851007901901052,0,-5.5702924624750345
3883,1.7902259690164062,1,6.3851425644489055
3884,1.7793934135326714,1,9.380392160131727
3885,1.231712369449113,1,4.659921455313835
3886,1.2718055194258038,1,4.985277493182611
3887,0.7191641088902094,1,4.806627620175802
3888,0.7000709823750566,1,4.375737452664236
3889,0.37632634549802235,1,4.523654177929473
3890,1.4287755658009673,1,5.505579572154051
3891,1.267383761497301,1,5.3448872515848365
3892,-0.8355959971493414,0,-2.395708667425393
3893,0.5806337710080687,1,6.649234329809059
3894,0.5390976298692731,1,5.355504958109687
3895,0.19832677960773504,1,2.976781994187748
3896,-0.03576424421917235,0,1.2956976325686287
3897,-0.13317409801001467,0,0.11462702026937255
3898,-0.49867242721408855,0,-0.22187931429167007
3899,1.4704320009523961,1,5.5005628313498125
3900,0.7728883015281323,1,4.668908477665635
3901,1.5303732211894379,1,5.482483415300232
3902,-1.3829261083344369,0,-6.697151822255754
3903,-1.0236661400477458,0,-4.474913485430238
3904,1.0225391839234268,1,5.650940519045578
3905,1.4702802744590548,1,7.92240764268634
3906,0.8110525885121729,1,2.8981168544395617
3907,1.7989666992105402,1,7.126642871983048
3908,-1.6766823862203486,0,-11.342134948798975
3909,-0.15158489411071274,0,0.7559137640753247
3910,-1.9367656961988025,0,-18.592966174218272
3911,1.9441812082272527,1,9.746785857672988
3912,0.3963423927080627,1,5.408458391665905
3913,-0.9304101049567408,0,-3.206888806206556
3914,-1.5992619746739951,0,-10.726523309837122
3915,0.6875650788297327,1,3.156989439294671
3916,-1.0612101152998266,0,-4.980978708619238
3917,1.2008207439567142,1,4.395196193650787
3918,-1.0829695530985597,0,-2.5977103814525107
3919,-0.8338152727310355,0,-1.1302709038508512
3920,-0.08914904939350832,0,-0.49776686407689796
3921,1.839605085116974,1,9.702859180098741
3922,-1.948540010909634,0,-19.020198099561547
3923,-1.543720201945364,0,-11.120084468378591
3924,-0.9044091684779167,0,-2.7052786482978695
3925,-0.8964859180818956,0,-3.2535147047421016
3926,-1.1572992565917342,0,-7.77622835528086
3927,-0.23609900295562136,0,0.5986734073663734
3928,1.8135306842008196,1,7.350350774002916
3929,0.4057835719007765,1,3.3169793891194495
3930,-0.1465017692728141,0,0.9740466788264784
3931,0.2036088579322235,1,4.016135487298709
3932,1.0213565484590075,1,5.799086520584909
3933,0.0641607842219214,1,5.543447922278977
3934,1.1527819618433632,1,4.32488932194584
3935,0.10555214106289545,1,3.9270058981552287
3936,0.8069166085685007,1,5.800873633644816
3937,0.06635448993609439,1,4.3560635998541635
3938,-1.4514434212692415,0,-8.761905415428648
3939,0.7576733117428844,1,3.5869011775288437
3940,-1.768298500204133,0,-14.038481160328159
3941,1.7173391458948322,1,6.541488297125756
3942,-1.6773941197687097,0,-11.369698949601995
3943,1.5859612323854977,1,5.578956115580704
3944,-0.7242499431435099,0,-0.2667618637869802
3945,0.757156533129717,1,3.4032882753636633
3946,1.908678384488637,1,7.957877876048224
3947,-1.1232139983206535,0,-4.546601408905118
3948,0.966734010405975,1,5.318451706942094
3949,0.5428708637635538,1,4.04443533261057
3950,-1.4942195816706714,0,-9.044731537762935
3951,-0.3660413118603505,0,0.5023342922658441
3952,1.4999106200303913,1,6.359703966417592
3953,0.18274955265331005,1,4.057724039770192
3954,1.4053355006502337,1,5.956674015619894
3955,1.8252832569698905,1,6.203768264634076
3956,-0.4119582294809656,0,-0.08626122304782188
3957,1.5110931016894553,1,4.84150453456895
3958,0.066847423588007,1,3.692665964331014
3959,1.7186370133209454,1,7.539745814985769
3960,-1.9427567065146456,0,-18.43598383730317
3961,-1.1294105266856769,0,-5.726547155883689
3962,-1.8796666029508247,0,-13.917830980228299
3963,1.42398036155268,1,6.088247862813638
3964,0.5383204816745595,1,4.038883894948363
3965,0.9558029209450649,1,4.875742697586666
3966,-1.3760637699447469,0,-8.311318149199618
3967,1.0358765894165578,1,4.861518630386768
3968,0.4473733954737842,1,4.402588642312664
3969,0.37831691050783567,1,3.5317638528594495
3970,-0.35854275656991996,0,1.355913219750161
3971,-1.8485150403405362,0,-17.5750073038317
3972,1.6637351940738196,1,6.030402382142178
3973,-1.2566418763806508,0,-5.205722662069608
3974,0.4366123993340385,1,5.952290259370892
3975,-1.6152115851004454,0,-12.985683908560361
3976,-0.9471931673260459,0,-5.186123772094179
3977,-0.9214576465407758,0,-2.1650296693820135
3978,-1.2454864348083947,0,-5.296934940733825
3979,0.6616333304715121,1,1.9415263415936117
3980,-1.218290019817562,0,-6.305548833504087
3981,-0.0740724020404131,0,0.11677986067965307
3982,-1.7335256277372126,0,-14.841569353838509
3983,-0.5986515516098905,0,-2.0619586279178757
3984,1.862501736627574,1,6.366792999770314
3985,0.6134360424006364,1,3.789593253773848
3986,1.1258759559010616,1,5.737274549134392
3987,-1.9516268822267677,0,-17.93403082255858
3988,1.0660436696627649,1,5.006117852964941
3989,-0.23066989288189887,0,-0.9934560649338928
3990,-1.0106396616355107,0,-3.7306024585974686
3991,0.15666177198165654,1,3.815159764150093
3992,-0.3150382702990999,0,0.11789660777095148
3993,1.0071545445971646,1,3.439481566214904
3994,-0.8383448438807903,0,-1.8055016194793407
3995,-1.5075508640761237,0,-9.330250707882652
3996,1.842539490980886,1,8.109586113743498
3997,-1.587437241944575,0,-9.032343098485867
3998,-1.1581182846483404,0,-4.682194388693678
3999,0.4178161422443387,1,5.2340341020715595
4000,0.0612694133909919,1,4.609066502477983
