unit_id,time,cohort,treated,event_time,y_outcome
1,0,5,0,-5,-1.0890943259050505
1,1,5,0,-4,-0.7446730489150979
1,2,5,0,-3,-0.4734937531092744
1,3,5,0,-2,-0.15732969322935453
1,4,5,0,-1,2.567629478063105
1,5,5,1,0,3.1068373902873523
1,6,5,1,1,4.2859227420214605
1,7,5,1,2,4.358126629182426
2,0,5,0,-5,-0.603516876575483
2,1,5,0,-4,0.4800227769418481
2,2,5,0,-3,0.48821917045283536
2,3,5,0,-2,1.1733641528265455
2,4,5,0,-1,1.427662706294929
2,5,5,1,0,4.587845648630749
2,6,5,1,1,4.526386994976132
2,7,5,1,2,3.9766877757469214
3,0,3,0,-3,1.5418955284774283
3,1,3,0,-2,1.7561026471045027
3,2,3,0,-1,2.491016676575328
3,3,3,1,0,2.5523156800378297
3,4,3,1,1,4.248948303348061
3,5,3,1,2,5.328292530809476
3,6,3,1,3,7.291541443175138
3,7,3,1,4,8.826151126833144
4,0,5,0,-5,1.0903982696367
4,1,5,0,-4,2.075769785405819
4,2,5,0,-3,0.684591886327043
4,3,5,0,-2,2.438222773161143
4,4,5,0,-1,3.889329538878624
4,5,5,1,0,5.60976740790956
4,6,5,1,1,6.682993728583214
4,7,5,1,2,6.761940915971792
5,0,3,0,-3,-1.3358629855216742
5,1,3,0,-2,-1.0273963599245712
5,2,3,0,-1,1.1146629991487726
5,3,3,1,0,2.5424915368194267
5,4,3,1,1,3.786110722136332
5,5,3,1,2,3.902735255323822
5,6,3,1,3,5.379083520469845
5,7,3,1,4,7.159908978801757
6,0,5,0,-5,-1.5559855610293885
6,1,5,0,-4,-0.49930778795593234
6,2,5,0,-3,-0.28337980644929933
6,3,5,0,-2,-0.452301872553014
6,4,5,0,-1,0.2817478029712979
6,5,5,1,0,2.1355341560490873
6,6,5,1,1,3.077791234135736
6,7,5,1,2,3.6625796087134725
7,0,999,0,-999,0.17480734249120147
7,1,999,0,-999,0.21548767577030503
7,2,999,0,-999,1.74409746995337
7,3,999,0,-999,1.8784408687372873
7,4,999,0,-999,3.0600327595500083
7,5,999,0,-999,4.597158677852818
7,6,999,0,-999,4.864087336192572
7,7,999,0,-999,5.297066676298578
8,0,5,0,-5,1.8262200273427398
8,1,5,0,-4,0.8460013349198628
8,2,5,0,-3,3.3568688168103646
8,3,5,0,-2,2.306632053643295
8,4,5,0,-1,3.2037405000137382
8,5,5,1,0,4.160509921820734
8,6,5,1,1,5.071181253626914
8,7,5,1,2,6.203375649372022
9,0,5,0,-5,-0.27569129515474255
9,1,5,0,-4,0.09739888280714137
9,2,5,0,-3,1.0600039284535214
9,3,5,0,-2,2.4077821245712
9,4,5,0,-1,1.966043999839289
9,5,5,1,0,2.933999055067806
9,6,5,1,1,4.732219894441304
9,7,5,1,2,5.130847298117041
10,0,5,0,-5,-1.3010943026500037
10,1,5,0,-4,0.2562175113747565
10,2,5,0,-3,0.635977188984586
10,3,5,0,-2,0.5032187118493939
10,4,5,0,-1,1.6137170165052783
10,5,5,1,0,3.612696044572554
10,6,5,1,1,3.8136510308633995
10,7,5,1,2,5.182220540324966
11,0,3,0,-3,-0.15292736542621774
11,1,3,0,-2,0.045399385996725605
11,2,3,0,-1,0.31680487540301583
11,3,3,1,0,3.3882509124227074
11,4,3,1,1,3.398874937853213
11,5,3,1,2,4.8868307673785285
11,6,3,1,3,6.722229716544836
11,7,3,1,4,7.819950388766548
12,0,5,0,-5,-0.9794168694934103
12,1,5,0,-4,-0.24747092448493485
12,2,5,0,-3,-1.0962422541251984
12,3,5,0,-2,0.004244607383982912
12,4,5,0,-1,0.8316193490258648
12,5,5,1,0,2.9363480903739414
12,6,5,1,1,3.629241675919895
12,7,5,1,2,5.714157897535655
13,0,999,0,-999,-0.9574522400762365
13,1,999,0,-999,-0.3084708946307424
13,2,999,0,-999,-0.3812420930692512
13,3,999,0,-999,0.6102246003500844
13,4,999,0,-999,0.5347559397151029
13,5,999,0,-999,2.6874141521645534
13,6,999,0,-999,2.945122527469474
13,7,999,0,-999,4.152516631966344
14,0,999,0,-999,1.2298273273608238
14,1,999,0,-999,2.748114633457781
14,2,999,0,-999,3.3843054615440407
14,3,999,0,-999,3.1723962916928623
14,4,999,0,-999,4.603010039078019
14,5,999,0,-999,5.269654691989985
14,6,999,0,-999,5.610182707784804
14,7,999,0,-999,6.380260312469144
15,0,999,0,-999,-1.8690746558130715
15,1,999,0,-999,-0.7538473160258159
15,2,999,0,-999,-1.6232710383302176
15,3,999,0,-999,-1.5418964384398384
15,4,999,0,-999,0.4289567564953531
15,5,999,0,-999,1.12134574924721
15,6,999,0,-999,2.4408290588454857
15,7,999,0,-999,2.950906023905346
16,0,999,0,-999,1.1202717355433642
16,1,999,0,-999,1.2864624865046062
16,2,999,0,-999,1.4927006219959362
16,3,999,0,-999,3.040626155386426
16,4,999,0,-999,2.362299278957938
16,5,999,0,-999,3.805956960577171
16,6,999,0,-999,6.023639030659243
16,7,999,0,-999,4.59416627598819
17,0,999,0,-999,0.3238056035470065
17,1,999,0,-999,0.7595561810480845
17,2,999,0,-999,0.7565606984612869
17,3,999,0,-999,2.2000011554278176
17,4,999,0,-999,2.8048353644039827
17,5,999,0,-999,3.808364707210631
17,6,999,0,-999,3.9409542338990917
17,7,999,0,-999,5.62557038131436
18,0,5,0,-5,1.3980396484085247
18,1,5,0,-4,2.0816623701792714
18,2,5,0,-3,1.9813008948493502
18,3,5,0,-2,2.225238493103235
18,4,5,0,-1,2.8220202241048358
18,5,5,1,0,4.5373925454445665
18,6,5,1,1,6.959461648266432
18,7,5,1,2,7.773130184920495
19,0,999,0,-999,1.0887626932094066
19,1,999,0,-999,1.2508541514845122
19,2,999,0,-999,1.9391866095186114
19,3,999,0,-999,1.679974594415632
19,4,999,0,-999,2.9057293142656593
19,5,999,0,-999,2.6609566055735305
19,6,999,0,-999,4.706207715933808
19,7,999,0,-999,4.683064281990774
20,0,999,0,-999,1.6836085571428006
20,1,999,0,-999,2.4772195033354145
20,2,999,0,-999,2.5162517845871255
20,3,999,0,-999,2.7582927118132563
20,4,999,0,-999,3.5409400101930357
20,5,999,0,-999,4.7104656874481785
20,6,999,0,-999,4.7788636236136215
20,7,999,0,-999,5.554925158855232
21,0,999,0,-999,1.6009345730465574
21,1,999,0,-999,1.1922532243931818
21,2,999,0,-999,3.7611169203327774
21,3,999,0,-999,2.5702143169518035
21,4,999,0,-999,3.8800996764653144
21,5,999,0,-999,4.142678418094734
21,6,999,0,-999,6.087952101840042
21,7,999,0,-999,6.943547530767145
22,0,3,0,-3,-2.358970981950461
22,1,3,0,-2,-0.530959696932512
22,2,3,0,-1,0.19231411267514747
22,3,3,1,0,2.479030767277099
22,4,3,1,1,3.893980451595172
22,5,3,1,2,3.046144392694524
22,6,3,1,3,5.549966270058279
22,7,3,1,4,6.70753140667834
23,0,999,0,-999,-0.5182260195879504
23,1,999,0,-999,0.0353971144477723
23,2,999,0,-999,1.893528745602262
23,3,999,0,-999,1.0450882324639963
23,4,999,0,-999,3.4474875871663864
23,5,999,0,-999,2.075278376275443
23,6,999,0,-999,4.585701319816548
23,7,999,0,-999,4.419924926841066
24,0,5,0,-5,-0.49015762073406455
24,1,5,0,-4,-1.6790402568081928
24,2,5,0,-3,0.0534900411904351
24,3,5,0,-2,1.0300589165029426
24,4,5,0,-1,1.56979145619858
24,5,5,1,0,2.992140858118685
24,6,5,1,1,4.3003672835137134
24,7,5,1,2,5.4820602220832715
25,0,5,0,-5,-1.049702971001638
25,1,5,0,-4,0.4267772969317189
25,2,5,0,-3,0.8192319487009883
25,3,5,0,-2,1.0567965375705508
25,4,5,0,-1,2.42600947330929
25,5,5,1,0,2.5049787163628916
25,6,5,1,1,4.446966362647714
25,7,5,1,2,5.4908246724464185
26,0,3,0,-3,-1.6391312370020366
26,1,3,0,-2,-0.1354877146667645
26,2,3,0,-1,0.8554063626391999
26,3,3,1,0,1.7671692188273318
26,4,3,1,1,2.0783315145867842
26,5,3,1,2,5.155300759198282
26,6,3,1,3,5.526374938859884
26,7,3,1,4,6.895673036436391
27,0,5,0,-5,-1.0297517539966203
27,1,5,0,-4,-0.23412893308519406
27,2,5,0,-3,0.39529657506053023
27,3,5,0,-2,1.0974079365210583
27,4,5,0,-1,1.201937911723486
27,5,5,1,0,3.253663267352905
27,6,5,1,1,5.2003599347943155
27,7,5,1,2,5.5430237976225385
28,0,5,0,-5,0.5946156757489163
28,1,5,0,-4,1.6713954483449043
28,2,5,0,-3,1.6888607274054843
28,3,5,0,-2,1.1994615736008645
28,4,5,0,-1,3.879048016583314
28,5,5,1,0,5.635099527815995
28,6,5,1,1,4.399255181792116
28,7,5,1,2,6.443882738364662
29,0,5,0,-5,-0.29565554124232235
29,1,5,0,-4,0.7215707810666451
29,2,5,0,-3,0.5601125937535347
29,3,5,0,-2,0.6739244568279076
29,4,5,0,-1,2.2669453313738166
29,5,5,1,0,3.74314736434316
29,6,5,1,1,3.7830052925724416
29,7,5,1,2,6.07072709512213
30,0,999,0,-999,0.8201466474191759
30,1,999,0,-999,1.270435528987643
30,2,999,0,-999,0.3724668459292224
30,3,999,0,-999,2.7184185982303717
30,4,999,0,-999,3.15905903675999
30,5,999,0,-999,4.060395102684864
30,6,999,0,-999,4.89072828243265
30,7,999,0,-999,7.060648764805562
31,0,5,0,-5,2.7927357186650523
31,1,5,0,-4,2.3255706573910735
31,2,5,0,-3,4.577262352762793
31,3,5,0,-2,3.8863800516512295
31,4,5,0,-1,4.375488396969686
31,5,5,1,0,6.131577714654882
31,6,5,1,1,8.184826349825439
31,7,5,1,2,8.227808200611841
32,0,3,0,-3,0.3056516479790137
32,1,3,0,-2,1.0582020611400336
32,2,3,0,-1,0.6779201506859822
32,3,3,1,0,3.6481778639335753
32,4,3,1,1,5.872454933761655
32,5,3,1,2,5.614144458184491
32,6,3,1,3,8.066614076644578
32,7,3,1,4,8.761084399920732
33,0,5,0,-5,-1.7660100326126416
33,1,5,0,-4,-0.54697125514116
33,2,5,0,-3,0.00838097277571448
33,3,5,0,-2,-0.29873791661682475
33,4,5,0,-1,0.3212117029677564
33,5,5,1,0,1.397827421823079
33,6,5,1,1,2.0914107244034685
33,7,5,1,2,4.417378705425401
34,0,5,0,-5,-1.2897560591688502
34,1,5,0,-4,-0.027793686326839095
34,2,5,0,-3,0.17292231891850818
34,3,5,0,-2,0.45454940377037223
34,4,5,0,-1,1.532196764959817
34,5,5,1,0,2.962349499837078
34,6,5,1,1,4.92978672457859
34,7,5,1,2,4.8326185598895535
35,0,5,0,-5,-1.3210138162207192
35,1,5,0,-4,0.5544070122633157
35,2,5,0,-3,-2.175270486214787
35,3,5,0,-2,1.1505177571026097
35,4,5,0,-1,2.05182175294311
35,5,5,1,0,2.641287169682373
35,6,5,1,1,4.162968635822751
35,7,5,1,2,4.829729657028769
36,0,3,0,-3,0.34267006709703474
36,1,3,0,-2,0.1463057628189715
36,2,3,0,-1,1.8711830461455707
36,3,3,1,0,2.3807101599269322
36,4,3,1,1,3.8105375516493787
36,5,3,1,2,5.820207199897579
36,6,3,1,3,7.063956616028069
36,7,3,1,4,7.4413088130568
37,0,999,0,-999,-0.19894567620437348
37,1,999,0,-999,1.3086905183466602
37,2,999,0,-999,0.3007372599986081
37,3,999,0,-999,0.731713096581438
37,4,999,0,-999,1.8590807460764531
37,5,999,0,-999,1.3170317217916865
37,6,999,0,-999,3.64725057434877
37,7,999,0,-999,3.673567119503855
38,0,5,0,-5,-0.10826297124793532
38,1,5,0,-4,0.43226712645291815
38,2,5,0,-3,-0.5770695655591109
38,3,5,0,-2,-0.06322632755660584
38,4,5,0,-1,1.4183642359094135
38,5,5,1,0,2.5858170371849925
38,6,5,1,1,4.151966319573984
38,7,5,1,2,4.197143069507949
39,0,3,0,-3,-0.6124992684885124
39,1,3,0,-2,-0.5277085051444479
39,2,3,0,-1,1.562842073508274
39,3,3,1,0,3.019649556010671
39,4,3,1,1,4.690665416188698
39,5,3,1,2,5.224621060159064
39,6,3,1,3,7.246373745917788
39,7,3,1,4,8.130721606532903
40,0,3,0,-3,-1.0443925226458763
40,1,3,0,-2,0.47364377578560485
40,2,3,0,-1,0.3426749571231387
40,3,3,1,0,1.495471416919712
40,4,3,1,1,2.6492130110837104
40,5,3,1,2,4.406870353391117
40,6,3,1,3,6.474534247608078
40,7,3,1,4,8.217110833497983
41,0,3,0,-3,0.6384096733897056
41,1,3,0,-2,1.8071119437133434
41,2,3,0,-1,2.2159613860019904
41,3,3,1,0,3.3738664482368637
41,4,3,1,1,2.875337670923874
41,5,3,1,2,5.414103194687032
41,6,3,1,3,6.164066711446125
41,7,3,1,4,8.099446409086436
42,0,3,0,-3,-0.25782844291728635
42,1,3,0,-2,0.9286403721859173
42,2,3,0,-1,1.4390541786099003
42,3,3,1,0,2.480838119235782
42,4,3,1,1,2.8572146128804956
42,5,3,1,2,5.088594118287759
42,6,3,1,3,7.240117463616519
42,7,3,1,4,7.849881084627991
43,0,5,0,-5,0.6798393091664243
43,1,5,0,-4,0.22472242690709954
43,2,5,0,-3,0.7448479628525073
43,3,5,0,-2,0.9947346308151399
43,4,5,0,-1,2.0042858860371604
43,5,5,1,0,2.682266090385761
43,6,5,1,1,5.430909080178765
43,7,5,1,2,6.128060492540596
44,0,3,0,-3,-0.29886153741637206
44,1,3,0,-2,0.4204355055003334
44,2,3,0,-1,0.1163208762045494
44,3,3,1,0,1.8666586439841368
44,4,3,1,1,3.8518775807488446
44,5,3,1,2,4.707203126478197
44,6,3,1,3,6.740687161846161
44,7,3,1,4,6.9715962736229455
45,0,5,0,-5,-0.8659378307262224
45,1,5,0,-4,0.2773629733068574
45,2,5,0,-3,1.0953559988936739
45,3,5,0,-2,1.6687214004139816
45,4,5,0,-1,2.1736915915655923
45,5,5,1,0,4.301886769856385
45,6,5,1,1,3.258290869800195
45,7,5,1,2,4.750780972252018
46,0,5,0,-5,2.0414181544241012
46,1,5,0,-4,0.7711848983635079
46,2,5,0,-3,1.195196541039411
46,3,5,0,-2,2.394889814757627
46,4,5,0,-1,2.6761201126374643
46,5,5,1,0,3.8718113869680004
46,6,5,1,1,5.784707337528248
46,7,5,1,2,7.532722216817874
47,0,5,0,-5,0.7463699651858913
47,1,5,0,-4,-0.5574079581867155
47,2,5,0,-3,1.077028272861288
47,3,5,0,-2,-0.1071743588921672
47,4,5,0,-1,1.6480014817486435
47,5,5,1,0,4.313888880700986
47,6,5,1,1,4.679610172836156
47,7,5,1,2,6.379891334890974
48,0,999,0,-999,2.7632618763348527
48,1,999,0,-999,3.581049121647357
48,2,999,0,-999,4.061421813772918
48,3,999,0,-999,2.8504056571897616
48,4,999,0,-999,3.8261551166064955
48,5,999,0,-999,5.392292875139082
48,6,999,0,-999,6.566539085715584
48,7,999,0,-999,5.4782326049424155
49,0,999,0,-999,-1.7293814008116666
49,1,999,0,-999,-1.638101162601205
49,2,999,0,-999,0.11653412655690698
49,3,999,0,-999,0.7119923277311715
49,4,999,0,-999,0.6791423463359239
49,5,999,0,-999,1.8153963893828682
49,6,999,0,-999,4.056028028744966
49,7,999,0,-999,2.6816469285525826
50,0,5,0,-5,-0.9939556472543509
50,1,5,0,-4,1.3135447410828132
50,2,5,0,-3,0.6086805236051587
50,3,5,0,-2,1.0874027998565239
50,4,5,0,-1,3.5376011342300284
50,5,5,1,0,4.163744421016704
50,6,5,1,1,4.8577634758550605
50,7,5,1,2,5.775837307704835
51,0,5,0,-5,-1.6985608329196544
51,1,5,0,-4,-0.2679660141177786
51,2,5,0,-3,0.14250484077277825
51,3,5,0,-2,0.6300143054142608
51,4,5,0,-1,0.8633470757468673
51,5,5,1,0,3.198799212433666
51,6,5,1,1,3.14512867738755
51,7,5,1,2,3.987758069850363
52,0,5,0,-5,-0.29661351459966323
52,1,5,0,-4,-0.2981776677366246
52,2,5,0,-3,0.1915972510993268
52,3,5,0,-2,2.7159770478234453
52,4,5,0,-1,2.432031106049348
52,5,5,1,0,3.521398619463309
52,6,5,1,1,4.37093651829851
52,7,5,1,2,6.552821051535316
53,0,5,0,-5,0.07164729763376586
53,1,5,0,-4,0.5629243674494366
53,2,5,0,-3,-0.1119386946130515
53,3,5,0,-2,2.1660216884536725
53,4,5,0,-1,0.8897027973957756
53,5,5,1,0,3.270716103569676
53,6,5,1,1,4.224486199982893
53,7,5,1,2,5.882835193841943
54,0,999,0,-999,-0.8237512724392853
54,1,999,0,-999,-0.042805647412376246
54,2,999,0,-999,0.5865485324358055
54,3,999,0,-999,2.3880977872500138
54,4,999,0,-999,2.1792352063607927
54,5,999,0,-999,2.5965939131841367
54,6,999,0,-999,4.343601756867387
54,7,999,0,-999,3.9115834105768945
55,0,3,0,-3,0.8504451691953716
55,1,3,0,-2,-0.0353064804644824
55,2,3,0,-1,1.4495257451472154
55,3,3,1,0,1.5173089760687108
55,4,3,1,1,3.265661846031427
55,5,3,1,2,5.006595668648618
55,6,3,1,3,5.664541540071288
55,7,3,1,4,7.20736860414465
56,0,999,0,-999,-0.49151267522982056
56,1,999,0,-999,-0.13884888879349877
56,2,999,0,-999,0.04327599793513631
56,3,999,0,-999,0.2413255895186115
56,4,999,0,-999,1.2119214667606595
56,5,999,0,-999,1.1455101086322945
56,6,999,0,-999,2.9012802279822973
56,7,999,0,-999,4.471084135584612
57,0,999,0,-999,-0.12111422184982165
57,1,999,0,-999,-0.9787504501928581
57,2,999,0,-999,0.9495602655323071
57,3,999,0,-999,0.3188185285155256
57,4,999,0,-999,2.0468990707525054
57,5,999,0,-999,2.7978260075347774
57,6,999,0,-999,3.5251909755342434
57,7,999,0,-999,4.100707393763276
58,0,999,0,-999,0.5080392928361686
58,1,999,0,-999,1.1072726053286674
58,2,999,0,-999,0.6505975366346274
58,3,999,0,-999,0.9251151455444537
58,4,999,0,-999,2.198044374613329
58,5,999,0,-999,3.62638522658711
58,6,999,0,-999,4.027113102445489
58,7,999,0,-999,3.9781955545404943
59,0,999,0,-999,0.3197123000183775
59,1,999,0,-999,0.6032993306460201
59,2,999,0,-999,1.8266167983497792
59,3,999,0,-999,1.1961451083799397
59,4,999,0,-999,2.655980046637328
59,5,999,0,-999,2.354975780445808
59,6,999,0,-999,3.9915503878609484
59,7,999,0,-999,6.0352800896084196
60,0,999,0,-999,-1.0485119298380674
60,1,999,0,-999,-0.5404347474791158
60,2,999,0,-999,0.3802054822584571
60,3,999,0,-999,0.6859345497471365
60,4,999,0,-999,0.7856031648457255
60,5,999,0,-999,1.9371755444877117
60,6,999,0,-999,2.97201443235405
60,7,999,0,-999,5.035016930754284
61,0,3,0,-3,0.5848931465962949
61,1,3,0,-2,0.5629316825544862
61,2,3,0,-1,2.1154686856974854
61,3,3,1,0,3.2581082783532587
61,4,3,1,1,3.8529884623553725
61,5,3,1,2,4.915166954396296
61,6,3,1,3,7.405373699271927
61,7,3,1,4,7.582102913525526
62,0,999,0,-999,-0.07002238359460039
62,1,999,0,-999,0.9581944258107771
62,2,999,0,-999,-1.2083040829250111
62,3,999,0,-999,1.038792686069068
62,4,999,0,-999,2.2628208810727184
62,5,999,0,-999,4.11027609494501
62,6,999,0,-999,3.0029126199961254
62,7,999,0,-999,3.5623873246690936
63,0,5,0,-5,-0.07656354827719603
63,1,5,0,-4,1.1277040159302212
63,2,5,0,-3,1.42194617332442
63,3,5,0,-2,1.8358669165677517
63,4,5,0,-1,1.3653696474555057
63,5,5,1,0,3.4513259461470662
63,6,5,1,1,3.8480237384411478
63,7,5,1,2,6.628399057550842
64,0,999,0,-999,0.39994898527030415
64,1,999,0,-999,-0.1986591788841225
64,2,999,0,-999,1.1585809550647905
64,3,999,0,-999,1.5098059785551277
64,4,999,0,-999,2.099452996776004
64,5,999,0,-999,2.244422362941856
64,6,999,0,-999,3.7257282128359446
64,7,999,0,-999,4.283633141454273
65,0,5,0,-5,-1.577150717971731
65,1,5,0,-4,-1.0595000440272668
65,2,5,0,-3,-1.6237744636243834e-05
65,3,5,0,-2,0.4131622100578571
65,4,5,0,-1,0.4833597124990212
65,5,5,1,0,2.2583589196653184
65,6,5,1,1,3.6026086754696522
65,7,5,1,2,4.139104726965799
66,0,999,0,-999,1.8691981119684629
66,1,999,0,-999,1.2959117523658528
66,2,999,0,-999,3.1394230310558555
66,3,999,0,-999,2.8346904130426993
66,4,999,0,-999,3.2302923240845156
66,5,999,0,-999,2.8654487273397273
66,6,999,0,-999,5.10345125360549
66,7,999,0,-999,5.280114157291225
67,0,3,0,-3,-0.1621713604694331
67,1,3,0,-2,-0.34837104759851845
67,2,3,0,-1,-0.6380140895889155
67,3,3,1,0,2.6526628114073514
67,4,3,1,1,3.1978806750180486
67,5,3,1,2,5.961295832520165
67,6,3,1,3,5.405905073770212
67,7,3,1,4,6.40628043162971
68,0,3,0,-3,2.63385072703945
68,1,3,0,-2,1.899911934336618
68,2,3,0,-1,3.1454107356914953
68,3,3,1,0,3.2830920463205966
68,4,3,1,1,4.543529392497672
68,5,3,1,2,5.514984047325987
68,6,3,1,3,7.771596272463478
68,7,3,1,4,8.889395665083352
69,0,3,0,-3,-0.5552984734554451
69,1,3,0,-2,-1.3225199030439878
69,2,3,0,-1,-1.2792209379347417
69,3,3,1,0,1.5742671578353222
69,4,3,1,1,2.580276725571596
69,5,3,1,2,2.750905785408098
69,6,3,1,3,5.476509120782305
69,7,3,1,4,7.619145061324021
70,0,999,0,-999,1.057861943659664
70,1,999,0,-999,0.5662917726693025
70,2,999,0,-999,0.6253451525315914
70,3,999,0,-999,2.327635454017778
70,4,999,0,-999,2.3341917901689593
70,5,999,0,-999,4.061995364496036
70,6,999,0,-999,5.113584156958001
70,7,999,0,-999,6.396086520588826
71,0,3,0,-3,0.5313555681822829
71,1,3,0,-2,0.2849619235397579
71,2,3,0,-1,1.4238286580822943
71,3,3,1,0,2.364440001268578
71,4,3,1,1,2.7078740738036577
71,5,3,1,2,5.923189269369297
71,6,3,1,3,8.954082005795904
71,7,3,1,4,7.9106708099698375
72,0,3,0,-3,1.2095153910611767
72,1,3,0,-2,0.18168675648268928
72,2,3,0,-1,1.3911446935520821
72,3,3,1,0,2.9169355474885523
72,4,3,1,1,4.21098637492273
72,5,3,1,2,5.313916643892821
72,6,3,1,3,7.145411768576677
72,7,3,1,4,9.214966625970616
73,0,5,0,-5,-0.5862366812880456
73,1,5,0,-4,-0.23101349066699095
73,2,5,0,-3,0.8737314298291916
73,3,5,0,-2,2.281888761130345
73,4,5,0,-1,2.854827788372204
73,5,5,1,0,3.8079280768045973
73,6,5,1,1,5.134834100516384
73,7,5,1,2,6.83140731857509
74,0,3,0,-3,0.27395403449700917
74,1,3,0,-2,1.199010892037913
74,2,3,0,-1,0.7854692449597045
74,3,3,1,0,3.6023822021212317
74,4,3,1,1,2.8772363095271576
74,5,3,1,2,6.024032379528302
74,6,3,1,3,6.304468199650728
74,7,3,1,4,8.242024370867178
75,0,999,0,-999,0.01358005827584289
75,1,999,0,-999,0.7528402571500958
75,2,999,0,-999,0.7781886028469467
75,3,999,0,-999,1.4276264132428262
75,4,999,0,-999,2.2017198576778383
75,5,999,0,-999,2.817284860243592
75,6,999,0,-999,3.392366182268903
75,7,999,0,-999,4.48938887779415
76,0,999,0,-999,-1.0497572401707016
76,1,999,0,-999,0.634799673133146
76,2,999,0,-999,1.4742947883373585
76,3,999,0,-999,1.9985428261466596
76,4,999,0,-999,3.5744286919590706
76,5,999,0,-999,3.5810993988187225
76,6,999,0,-999,4.440297658513009
76,7,999,0,-999,5.59372363564515
77,0,3,0,-3,0.9426309935388222
77,1,3,0,-2,0.6792187085080061
77,2,3,0,-1,2.115138164486669
77,3,3,1,0,3.8150743989837044
77,4,3,1,1,4.923393861314405
77,5,3,1,2,5.1885753165242825
77,6,3,1,3,6.1363151706458705
77,7,3,1,4,8.690351821068763
78,0,5,0,-5,0.28749052726398183
78,1,5,0,-4,2.359363217359171
78,2,5,0,-3,3.1799106998938234
78,3,5,0,-2,4.232816639750182
78,4,5,0,-1,2.957192544153375
78,5,5,1,0,3.8849712521614372
78,6,5,1,1,6.063215220036683
78,7,5,1,2,8.376233448929138
79,0,5,0,-5,1.5810999673935033
79,1,5,0,-4,0.6460755172726936
79,2,5,0,-3,1.8464210543308317
79,3,5,0,-2,3.3508777442902327
79,4,5,0,-1,3.8043251744604203
79,5,5,1,0,4.4390587562464825
79,6,5,1,1,7.106221207316749
79,7,5,1,2,6.129680052771018
80,0,999,0,-999,-0.8384077944765981
80,1,999,0,-999,0.13570271057465216
80,2,999,0,-999,1.0078404392651934
80,3,999,0,-999,1.19701589791933
80,4,999,0,-999,1.9456727985524949
80,5,999,0,-999,1.767238056162487
80,6,999,0,-999,2.578264268455631
80,7,999,0,-999,4.658552832415944
81,0,999,0,-999,-1.8571196787942212
81,1,999,0,-999,-0.8645015647737169
81,2,999,0,-999,-0.640973131803162
81,3,999,0,-999,0.7199158742674971
81,4,999,0,-999,2.600056565078473
81,5,999,0,-999,1.666720390875056
81,6,999,0,-999,3.4897210910880196
81,7,999,0,-999,3.5269008432459636
82,0,3,0,-3,0.9226318313542896
82,1,3,0,-2,1.9172415935975091
82,2,3,0,-1,3.057395595718917
82,3,3,1,0,5.506097708372965
82,4,3,1,1,5.798594669633206
82,5,3,1,2,6.513982135627659
82,6,3,1,3,9.277620819930208
82,7,3,1,4,10.325738386862618
83,0,999,0,-999,0.20617307014831454
83,1,999,0,-999,1.5003660048160965
83,2,999,0,-999,2.0598738573374957
83,3,999,0,-999,1.8780989819303004
83,4,999,0,-999,1.6668271280680549
83,5,999,0,-999,4.235075480012415
83,6,999,0,-999,5.368458561345865
83,7,999,0,-999,5.039354020219957
84,0,999,0,-999,-1.0385929688639899
84,1,999,0,-999,0.6198375420965204
84,2,999,0,-999,1.9125806093364173
84,3,999,0,-999,1.2962786829519855
84,4,999,0,-999,1.2367999665413003
84,5,999,0,-999,2.327025810769961
84,6,999,0,-999,2.537141986228817
84,7,999,0,-999,4.926122974920304
85,0,3,0,-3,0.6118720498421669
85,1,3,0,-2,0.8231514724792814
85,2,3,0,-1,1.228398610071312
85,3,3,1,0,2.0244754609837385
85,4,3,1,1,4.771546742186624
85,5,3,1,2,5.947218882101719
85,6,3,1,3,6.728106694952853
85,7,3,1,4,9.256805062281437
86,0,5,0,-5,-0.8798705845188399
86,1,5,0,-4,-1.076198634879566
86,2,5,0,-3,-1.3001915516207063
86,3,5,0,-2,-0.5441145677805364
86,4,5,0,-1,0.5624604632022441
86,5,5,1,0,2.034248598027189
86,6,5,1,1,3.243034591879554
86,7,5,1,2,5.487722605276852
87,0,5,0,-5,-2.245020680002088
87,1,5,0,-4,-1.3209926002811232
87,2,5,0,-3,-1.2693157373530866
87,3,5,0,-2,-0.28323220460966525
87,4,5,0,-1,-0.2640548751525096
87,5,5,1,0,1.0173935316407743
87,6,5,1,1,2.0057728593868647
87,7,5,1,2,4.672034438628025
88,0,999,0,-999,0.2964561972813153
88,1,999,0,-999,0.7619984699495879
88,2,999,0,-999,1.4714718283892112
88,3,999,0,-999,1.3695378298309138
88,4,999,0,-999,2.944487562975925
88,5,999,0,-999,3.8796353413698674
88,6,999,0,-999,3.9151887488931227
88,7,999,0,-999,4.364881382343504
89,0,999,0,-999,-0.48579251024094927
89,1,999,0,-999,1.0002818463073864
89,2,999,0,-999,1.705566213855237
89,3,999,0,-999,1.7950374531010354
89,4,999,0,-999,2.6466193659456994
89,5,999,0,-999,2.6626389450832177
89,6,999,0,-999,3.5167860330614182
89,7,999,0,-999,5.553190451946247
90,0,999,0,-999,1.4726508060008525
90,1,999,0,-999,3.4844969465109417
90,2,999,0,-999,1.3858769412316914
90,3,999,0,-999,4.183355852229228
90,4,999,0,-999,2.9509525897896425
90,5,999,0,-999,5.176138721583005
90,6,999,0,-999,5.11975273828417
90,7,999,0,-999,5.591648056149371
91,0,999,0,-999,0.0425546059264979
91,1,999,0,-999,0.3547133613212886
91,2,999,0,-999,1.39251442056347
91,3,999,0,-999,1.4128443653067315
91,4,999,0,-999,2.3153320490620564
91,5,999,0,-999,3.723699684124697
91,6,999,0,-999,2.9615777151683083
91,7,999,0,-999,6.320183506088348
92,0,3,0,-3,-1.6564265408636605
92,1,3,0,-2,0.15290050347243284
92,2,3,0,-1,-0.2354340133348281
92,3,3,1,0,1.9657369247879326
92,4,3,1,1,3.671115499594033
92,5,3,1,2,3.9871579421493983
92,6,3,1,3,5.635548592393355
92,7,3,1,4,8.044405968455878
93,0,3,0,-3,1.8544161696265296
93,1,3,0,-2,-0.2812686462648024
93,2,3,0,-1,0.7690265459246514
93,3,3,1,0,2.1851847645235827
93,4,3,1,1,5.549635728063991
93,5,3,1,2,6.095052214746552
93,6,3,1,3,6.646364553694356
93,7,3,1,4,8.715714730527617
94,0,5,0,-5,0.7907279266436045
94,1,5,0,-4,-1.097367953463855
94,2,5,0,-3,0.8575089297598801
94,3,5,0,-2,-0.8041114517894812
94,4,5,0,-1,1.684873428568008
94,5,5,1,0,2.4424060680254405
94,6,5,1,1,4.0600399787372945
94,7,5,1,2,5.937232730799577
95,0,5,0,-5,-0.6913774734740739
95,1,5,0,-4,0.6090068734066416
95,2,5,0,-3,0.49337674316156954
95,3,5,0,-2,-0.7164745836449422
95,4,5,0,-1,1.8675304141229756
95,5,5,1,0,4.019288483815989
95,6,5,1,1,5.6429246026123785
95,7,5,1,2,5.7208811493940175
96,0,999,0,-999,0.2822942926358639
96,1,999,0,-999,-0.32553574949453745
96,2,999,0,-999,0.537959937406489
96,3,999,0,-999,0.5090762489148859
96,4,999,0,-999,1.6023481493468945
96,5,999,0,-999,2.776113508771188
96,6,999,0,-999,2.9229277861760536
96,7,999,0,-999,3.626702017725304
97,0,3,0,-3,-1.5914501476716363
97,1,3,0,-2,0.5643256857295857
97,2,3,0,-1,1.004958344290122
97,3,3,1,0,1.4475692676258443
97,4,3,1,1,2.1208989291638702
97,5,3,1,2,4.043851189956301
97,6,3,1,3,5.4199065303879586
97,7,3,1,4,7.924170206552554
98,0,3,0,-3,-1.71536717843293
98,1,3,0,-2,-0.5503650310293337
98,2,3,0,-1,1.015155524532853
98,3,3,1,0,2.473832251006707
98,4,3,1,1,2.2279002897798845
98,5,3,1,2,4.495940135145567
98,6,3,1,3,5.2275652999256
98,7,3,1,4,5.481330702970049
99,0,999,0,-999,-0.6758752514979521
99,1,999,0,-999,-1.0799470411290006
99,2,999,0,-999,-0.26957572371876937
99,3,999,0,-999,0.11182191342260052
99,4,999,0,-999,1.3194793558332947
99,5,999,0,-999,0.879017688214991
99,6,999,0,-999,3.5552392804058104
99,7,999,0,-999,3.074342925668901
100,0,3,0,-3,-0.38850245668289707
100,1,3,0,-2,-0.3098453172510552
100,2,3,0,-1,0.28601163119014666
100,3,3,1,0,2.766383586077471
100,4,3,1,1,3.804020090863327
100,5,3,1,2,4.141753092692371
100,6,3,1,3,5.935646264516569
100,7,3,1,4,5.736569190002038
101,0,999,0,-999,2.354451122955043
101,1,999,0,-999,1.5902894914170864
101,2,999,0,-999,1.893593282762554
101,3,999,0,-999,2.5898355934904367
101,4,999,0,-999,2.175790863031663
101,5,999,0,-999,2.821011666483755
101,6,999,0,-999,3.7966426428690805
101,7,999,0,-999,7.264796976397597
102,0,3,0,-3,0.04302114996543027
102,1,3,0,-2,2.3687871881391365
102,2,3,0,-1,2.4260900980024678
102,3,3,1,0,4.455343800965201
102,4,3,1,1,4.528190008698484
102,5,3,1,2,6.750196420761263
102,6,3,1,3,7.3100463133824825
102,7,3,1,4,7.957693176421215
103,0,5,0,-5,0.7632889780529133
103,1,5,0,-4,1.719933436767132
103,2,5,0,-3,0.4903058119935121
103,3,5,0,-2,2.7427389466550993
103,4,5,0,-1,2.1041477607806183
103,5,5,1,0,4.854485861554963
103,6,5,1,1,6.131312660583053
103,7,5,1,2,5.860962923849945
104,0,5,0,-5,0.799770066479808
104,1,5,0,-4,0.38573164522582226
104,2,5,0,-3,-0.18196259975252527
104,3,5,0,-2,2.2907654162735005
104,4,5,0,-1,1.832692000734444
104,5,5,1,0,2.2439877461175017
104,6,5,1,1,3.409922698311538
104,7,5,1,2,5.0303412507727305
105,0,3,0,-3,0.18107366515311052
105,1,3,0,-2,-0.30224644722986527
105,2,3,0,-1,0.12820842560707257
105,3,3,1,0,1.8908278814447348
105,4,3,1,1,0.8776273043791096
105,5,3,1,2,3.6267465334363047
105,6,3,1,3,4.410148276802053
105,7,3,1,4,7.732329466969003
106,0,5,0,-5,-1.3135842733636898
106,1,5,0,-4,-2.4774371175426135
106,2,5,0,-3,-0.3319756975145882
106,3,5,0,-2,-0.3801525881023774
106,4,5,0,-1,0.760109469584612
106,5,5,1,0,2.933699143793402
106,6,5,1,1,3.0063771426085792
106,7,5,1,2,3.2143232733372744
107,0,3,0,-3,-0.5510926968140866
107,1,3,0,-2,0.7165761242746397
107,2,3,0,-1,-0.5109353782518106
107,3,3,1,0,1.7985309806795293
107,4,3,1,1,3.995734131821348
107,5,3,1,2,3.7893885337510977
107,6,3,1,3,5.591943140651049
107,7,3,1,4,7.456562390807853
108,0,999,0,-999,-0.699486386478327
108,1,999,0,-999,-0.3432466249137779
108,2,999,0,-999,-0.01644620745654718
108,3,999,0,-999,0.9180463444996088
108,4,999,0,-999,2.143578436806281
108,5,999,0,-999,3.114848960181175
108,6,999,0,-999,2.130697810097673
108,7,999,0,-999,4.178985428956252
109,0,3,0,-3,0.8216457573741694
109,1,3,0,-2,0.24384111242667517
109,2,3,0,-1,2.5928964095059683
109,3,3,1,0,1.7456544797062552
109,4,3,1,1,2.406751470025533
109,5,3,1,2,5.685198134299183
109,6,3,1,3,6.200862774674448
109,7,3,1,4,8.345794357515267
110,0,999,0,-999,1.2013132315171626
110,1,999,0,-999,1.2048128281667667
110,2,999,0,-999,2.036217979386896
110,3,999,0,-999,2.281055636429267
110,4,999,0,-999,2.240832358228913
110,5,999,0,-999,4.867291463025856
110,6,999,0,-999,4.0540613375807855
110,7,999,0,-999,5.859604416179812
111,0,999,0,-999,2.64255713310928
111,1,999,0,-999,2.0087217998350013
111,2,999,0,-999,3.834103890793303
111,3,999,0,-999,1.8113867602881455
111,4,999,0,-999,3.3232725963772936
111,5,999,0,-999,4.250607093115122
111,6,999,0,-999,5.8664268204389565
111,7,999,0,-999,6.78877183648129
112,0,5,0,-5,0.3535463126357112
112,1,5,0,-4,0.7218746832429441
112,2,5,0,-3,1.166170483078776
112,3,5,0,-2,1.7044037046077818
112,4,5,0,-1,2.4901535109154955
112,5,5,1,0,3.9685294909806257
112,6,5,1,1,4.488864929494716
112,7,5,1,2,6.888934503357129
113,0,999,0,-999,0.6934578189340902
113,1,999,0,-999,-0.5214476723079272
113,2,999,0,-999,1.662302147356118
113,3,999,0,-999,1.7343048750047672
113,4,999,0,-999,3.1266898584492715
113,5,999,0,-999,4.044718570431011
113,6,999,0,-999,4.83161628549948
113,7,999,0,-999,6.475591984883926
114,0,3,0,-3,-0.994714429333336
114,1,3,0,-2,0.14416183904523316
114,2,3,0,-1,-0.1253660428338474
114,3,3,1,0,0.6392936038242543
114,4,3,1,1,3.664587424464499
114,5,3,1,2,4.201620758018125
114,6,3,1,3,6.149496408970645
114,7,3,1,4,6.992400648347363
115,0,999,0,-999,-0.3825927623611334
115,1,999,0,-999,1.1537274593544589
115,2,999,0,-999,0.813833677159302
115,3,999,0,-999,1.7722024082526568
115,4,999,0,-999,1.311081950588897
115,5,999,0,-999,2.676463156654423
115,6,999,0,-999,3.8287284984514725
115,7,999,0,-999,5.218012507067853
116,0,999,0,-999,-1.457554095920435
116,1,999,0,-999,-0.35638613230557326
116,2,999,0,-999,-0.2056360909822974
116,3,999,0,-999,-0.2652099558897779
116,4,999,0,-999,0.6615459310303058
116,5,999,0,-999,1.0491429705881152
116,6,999,0,-999,1.9377454510932324
116,7,999,0,-999,4.36674055774999
117,0,5,0,-5,1.3768109538099573
117,1,5,0,-4,1.0534206042921888
117,2,5,0,-3,2.644495384367589
117,3,5,0,-2,2.0297891511834405
117,4,5,0,-1,3.6014370905515922
117,5,5,1,0,4.27611092008353
117,6,5,1,1,5.458520342634249
117,7,5,1,2,7.170865506720061
118,0,999,0,-999,-1.308165659313232
118,1,999,0,-999,-1.0469120094991726
118,2,999,0,-999,-1.2850507585329605
118,3,999,0,-999,0.6069941684047322
118,4,999,0,-999,0.28751350372421935
118,5,999,0,-999,1.2854450828622284
118,6,999,0,-999,2.183515866146386
118,7,999,0,-999,3.0455769143507188
119,0,5,0,-5,-0.30270101372345504
119,1,5,0,-4,-0.509505010230958
119,2,5,0,-3,-0.706207070527269
119,3,5,0,-2,1.1511373724965157
119,4,5,0,-1,1.017372423920971
119,5,5,1,0,3.9140500112739955
119,6,5,1,1,3.6745623075427307
119,7,5,1,2,4.3513727768106545
120,0,999,0,-999,0.5617497037483621
120,1,999,0,-999,1.9267002732506175
120,2,999,0,-999,1.960009207391652
120,3,999,0,-999,2.484678067208897
120,4,999,0,-999,3.7292367951754137
120,5,999,0,-999,4.808915846106268
120,6,999,0,-999,5.067864198144541
120,7,999,0,-999,6.039591415307729
121,0,3,0,-3,-0.09568797896123016
121,1,3,0,-2,-0.19094672850068284
121,2,3,0,-1,0.7790778230040472
121,3,3,1,0,1.2249608699301446
121,4,3,1,1,3.661457156795617
121,5,3,1,2,2.7983927067886
121,6,3,1,3,3.545313981074554
121,7,3,1,4,7.467387637777073
122,0,5,0,-5,-0.37035884822149595
122,1,5,0,-4,1.052178671590362
122,2,5,0,-3,0.7896425119374566
122,3,5,0,-2,1.4337836010871305
122,4,5,0,-1,2.266269450618305
122,5,5,1,0,4.476130941384255
122,6,5,1,1,4.934333116316076
122,7,5,1,2,6.542836881970247
123,0,999,0,-999,1.5777075975460262
123,1,999,0,-999,1.8171276860379184
123,2,999,0,-999,0.7563853812069352
123,3,999,0,-999,2.4894560571755346
123,4,999,0,-999,2.716213581016584
123,5,999,0,-999,3.942522026922475
123,6,999,0,-999,5.462991591349129
123,7,999,0,-999,4.443224006744518
124,0,999,0,-999,0.14263337198104042
124,1,999,0,-999,1.106533000567143
124,2,999,0,-999,1.5710411503118253
124,3,999,0,-999,1.9403085592105271
124,4,999,0,-999,3.2102128916620547
124,5,999,0,-999,3.70694231895226
124,6,999,0,-999,4.5903344084825095
124,7,999,0,-999,6.219164468524846
125,0,999,0,-999,0.704733565653807
125,1,999,0,-999,1.6998391718475445
125,2,999,0,-999,1.4162217489969546
125,3,999,0,-999,2.642037070789004
125,4,999,0,-999,3.558923289196154
125,5,999,0,-999,3.1849362168485444
125,6,999,0,-999,3.4783143192556554
125,7,999,0,-999,5.348555880019509
126,0,999,0,-999,-0.4979258375889224
126,1,999,0,-999,0.41074907505805186
126,2,999,0,-999,1.1046236185220213
126,3,999,0,-999,0.39604526786277394
126,4,999,0,-999,1.0827493214739174
126,5,999,0,-999,1.5181780521044754
126,6,999,0,-999,2.94503342499699
126,7,999,0,-999,3.114439618951094
127,0,3,0,-3,-0.207511028845602
127,1,3,0,-2,0.1397942423795785
127,2,3,0,-1,1.2579559515258545
127,3,3,1,0,3.1492411966221776
127,4,3,1,1,2.7990815899769848
127,5,3,1,2,5.206712651671221
127,6,3,1,3,6.7037968340314045
127,7,3,1,4,7.525625471007356
128,0,999,0,-999,-2.2110930386696976
128,1,999,0,-999,-0.6436965007193544
128,2,999,0,-999,-0.6664664678491086
128,3,999,0,-999,0.6557664276079981
128,4,999,0,-999,1.3143360765150087
128,5,999,0,-999,2.388228366910724
128,6,999,0,-999,3.1497738619863287
128,7,999,0,-999,4.0421682323198525
129,0,999,0,-999,-0.2924935795847682
129,1,999,0,-999,2.4009500144045433
129,2,999,0,-999,1.8510309838158616
129,3,999,0,-999,1.8921977006159942
129,4,999,0,-999,3.752477784137738
129,5,999,0,-999,3.2880271531264875
129,6,999,0,-999,3.864992240040877
129,7,999,0,-999,5.237232760090181
130,0,5,0,-5,0.9833148681811983
130,1,5,0,-4,1.2383204389521798
130,2,5,0,-3,0.7181100303827529
130,3,5,0,-2,0.654581135554117
130,4,5,0,-1,1.0794751396736562
130,5,5,1,0,2.7797981622024515
130,6,5,1,1,3.096717120578963
130,7,5,1,2,6.7548442824288415
131,0,3,0,-3,0.3587864958480116
131,1,3,0,-2,0.9230126502827404
131,2,3,0,-1,1.2156860321847238
131,3,3,1,0,3.637511004591018
131,4,3,1,1,3.3848332848998948
131,5,3,1,2,8.29113819854209
131,6,3,1,3,7.4820780566588
131,7,3,1,4,9.320965910954214
132,0,3,0,-3,-1.1932398035304663
132,1,3,0,-2,-0.26951783974891375
132,2,3,0,-1,0.4316411050456084
132,3,3,1,0,-0.09134515929325904
132,4,3,1,1,1.0940219698778293
132,5,3,1,2,3.4223662171251963
132,6,3,1,3,5.07700910639233
132,7,3,1,4,6.931340438043553
133,0,3,0,-3,-0.22538898001972035
133,1,3,0,-2,1.0391081959327664
133,2,3,0,-1,-1.5325008959619766
133,3,3,1,0,2.125427880403282
133,4,3,1,1,2.2996515000857354
133,5,3,1,2,5.370596258178473
133,6,3,1,3,5.356429101829842
133,7,3,1,4,7.0925896197112115
134,0,3,0,-3,-2.4574438583594436
134,1,3,0,-2,-0.528986832608423
134,2,3,0,-1,-0.2905412184091245
134,3,3,1,0,2.3149880252357216
134,4,3,1,1,2.6111488761074284
134,5,3,1,2,4.562379058846613
134,6,3,1,3,6.085408153033418
134,7,3,1,4,7.428558562896979
135,0,3,0,-3,0.3194583293429867
135,1,3,0,-2,0.8916545206497786
135,2,3,0,-1,1.825986484672501
135,3,3,1,0,2.1744441243753956
135,4,3,1,1,4.806286754660266
135,5,3,1,2,4.837543105792026
135,6,3,1,3,6.609961518247902
135,7,3,1,4,8.849177379980727
136,0,999,0,-999,0.7629757908005591
136,1,999,0,-999,1.3108613304997594
136,2,999,0,-999,1.5054737401559477
136,3,999,0,-999,2.7856813305912365
136,4,999,0,-999,3.128705754670193
136,5,999,0,-999,3.2283207770573474
136,6,999,0,-999,5.6879853718625135
136,7,999,0,-999,6.47614635856616
137,0,999,0,-999,-0.3732033883995325
137,1,999,0,-999,0.13123758634315294
137,2,999,0,-999,-0.3994290323928389
137,3,999,0,-999,-0.6753051238352914
137,4,999,0,-999,2.258445856350817
137,5,999,0,-999,3.764849629508918
137,6,999,0,-999,3.521742303575323
137,7,999,0,-999,4.188196694194715
138,0,5,0,-5,0.29431724392781233
138,1,5,0,-4,0.573696739140743
138,2,5,0,-3,0.6928919043595969
138,3,5,0,-2,2.334427309602984
138,4,5,0,-1,3.455975032812785
138,5,5,1,0,2.955141105763047
138,6,5,1,1,4.562618123726189
138,7,5,1,2,6.228905351567571
139,0,3,0,-3,1.1731942656786025
139,1,3,0,-2,2.2447015224018623
139,2,3,0,-1,2.714997382149262
139,3,3,1,0,4.16208064242078
139,4,3,1,1,5.4469853701688224
139,5,3,1,2,7.755169466897048
139,6,3,1,3,9.769621206732383
139,7,3,1,4,9.705459811072922
140,0,999,0,-999,-0.7255430440230921
140,1,999,0,-999,-0.8656680634012859
140,2,999,0,-999,0.3118236662738776
140,3,999,0,-999,-0.7997414643675573
140,4,999,0,-999,-0.26617475039182803
140,5,999,0,-999,0.919814018538031
140,6,999,0,-999,0.7357921466035129
140,7,999,0,-999,2.8247449359055956
141,0,5,0,-5,-0.00851162331447411
141,1,5,0,-4,0.2984449950162127
141,2,5,0,-3,1.3981483793111846
141,3,5,0,-2,0.5416845663595703
141,4,5,0,-1,1.5286818227133079
141,5,5,1,0,3.590395381464931
141,6,5,1,1,4.474500515394275
141,7,5,1,2,5.842372835730853
142,0,999,0,-999,1.6272609771191124
142,1,999,0,-999,2.808342858836462
142,2,999,0,-999,3.5220480062597384
142,3,999,0,-999,3.683443119491955
142,4,999,0,-999,3.3776890870422474
142,5,999,0,-999,5.679005385915733
142,6,999,0,-999,5.424168374315264
142,7,999,0,-999,7.585112536746992
143,0,999,0,-999,0.27624604915960704
143,1,999,0,-999,0.03227971302936189
143,2,999,0,-999,1.4914885180453328
143,3,999,0,-999,1.3178539741634532
143,4,999,0,-999,1.410519315305681
143,5,999,0,-999,2.6327222680971962
143,6,999,0,-999,4.493987518690873
143,7,999,0,-999,5.971760833472479
144,0,5,0,-5,-0.601646056988625
144,1,5,0,-4,-0.029186133788716095
144,2,5,0,-3,0.3714720996116009
144,3,5,0,-2,1.5310337796898732
144,4,5,0,-1,1.624077527569746
144,5,5,1,0,2.057398932088349
144,6,5,1,1,4.826162386075801
144,7,5,1,2,5.650223906954304
145,0,3,0,-3,0.8131890249287149
145,1,3,0,-2,0.6860418344723025
145,2,3,0,-1,2.6889466097580397
145,3,3,1,0,4.588836772744625
145,4,3,1,1,5.310661623201414
145,5,3,1,2,4.879608285178374
145,6,3,1,3,6.161595275478188
145,7,3,1,4,8.704717117719063
146,0,5,0,-5,-0.09699121993499257
146,1,5,0,-4,-0.4164334770962395
146,2,5,0,-3,0.43153268688148283
146,3,5,0,-2,1.9170728972441742
146,4,5,0,-1,1.5912619334780447
146,5,5,1,0,3.2077093166755963
146,6,5,1,1,5.273977307181544
146,7,5,1,2,5.609568742196254
147,0,3,0,-3,2.004497225121841
147,1,3,0,-2,2.272049059880563
147,2,3,0,-1,2.988137689282435
147,3,3,1,0,3.421153777418641
147,4,3,1,1,5.532213492868505
147,5,3,1,2,6.152687899195344
147,6,3,1,3,8.560206556412423
147,7,3,1,4,9.250529847355516
148,0,5,0,-5,1.0583304289357498
148,1,5,0,-4,0.5954549161080342
148,2,5,0,-3,2.651030351112672
148,3,5,0,-2,2.3893993356675174
148,4,5,0,-1,3.5236588280439167
148,5,5,1,0,3.3545314514757627
148,6,5,1,1,5.900520409461053
148,7,5,1,2,6.644701231383985
149,0,3,0,-3,2.0854351775443813
149,1,3,0,-2,1.949514207167958
149,2,3,0,-1,2.2105100165519787
149,3,3,1,0,2.9627990648057247
149,4,3,1,1,4.030870132333138
149,5,3,1,2,6.7229910758892295
149,6,3,1,3,6.961301135985821
149,7,3,1,4,9.278560517003426
150,0,5,0,-5,-1.1166940961647795
150,1,5,0,-4,-1.1254090739160965
150,2,5,0,-3,0.3347070404756223
150,3,5,0,-2,2.5701538849970054
150,4,5,0,-1,1.4015779723736324
150,5,5,1,0,3.003419161439105
150,6,5,1,1,4.079094736031399
150,7,5,1,2,6.839770624380781
151,0,999,0,-999,2.2545522812579173
151,1,999,0,-999,1.4003814856626131
151,2,999,0,-999,2.1955891786056116
151,3,999,0,-999,2.9304214466017093
151,4,999,0,-999,2.5561943316610582
151,5,999,0,-999,5.0621163563314555
151,6,999,0,-999,6.0617308145582784
151,7,999,0,-999,5.943405413793964
152,0,999,0,-999,0.14296214644033256
152,1,999,0,-999,0.947740358085294
152,2,999,0,-999,-0.06955464513877985
152,3,999,0,-999,1.3171729794610034
152,4,999,0,-999,2.3201589809985315
152,5,999,0,-999,2.6606689512375143
152,6,999,0,-999,3.9549448795422677
152,7,999,0,-999,5.990698645900514
153,0,3,0,-3,0.17714225905325545
153,1,3,0,-2,1.1063887214594332
153,2,3,0,-1,-0.2717041321563898
153,3,3,1,0,2.007258739081153
153,4,3,1,1,3.888760591954064
153,5,3,1,2,4.500026430279152
153,6,3,1,3,5.805494970486402
153,7,3,1,4,7.710505414795501
154,0,5,0,-5,-0.6411448211756587
154,1,5,0,-4,-1.2332206649168638
154,2,5,0,-3,-0.8063923081537505
154,3,5,0,-2,0.9576501388023418
154,4,5,0,-1,2.3881075786445063
154,5,5,1,0,3.3047471203650995
154,6,5,1,1,3.115339887053498
154,7,5,1,2,4.177796527504642
155,0,999,0,-999,-0.4505846833476985
155,1,999,0,-999,-0.7067474366445646
155,2,999,0,-999,0.5497657289143034
155,3,999,0,-999,1.4709733995205967
155,4,999,0,-999,1.4455584249862736
155,5,999,0,-999,3.544834436447409
155,6,999,0,-999,3.6798068143588396
155,7,999,0,-999,3.678197163958601
156,0,999,0,-999,-1.1718650567830347
156,1,999,0,-999,-0.30675429503525353
156,2,999,0,-999,-0.9245527499125952
156,3,999,0,-999,0.8329044914728553
156,4,999,0,-999,1.0116331569478278
156,5,999,0,-999,3.830264590005843
156,6,999,0,-999,3.4970246709038633
156,7,999,0,-999,4.510529833548456
157,0,999,0,-999,0.09255612948527248
157,1,999,0,-999,0.08903783220905226
157,2,999,0,-999,1.239056128827986
157,3,999,0,-999,1.894179674509156
157,4,999,0,-999,3.8894477186041643
157,5,999,0,-999,2.6636538713801263
157,6,999,0,-999,3.741296988549912
157,7,999,0,-999,5.015762370819019
158,0,3,0,-3,0.2416033982054668
158,1,3,0,-2,0.5925393686079503
158,2,3,0,-1,2.1727771201365007
158,3,3,1,0,4.1461992318178185
158,4,3,1,1,3.206686844947524
158,5,3,1,2,4.49918136325742
158,6,3,1,3,6.838428043099588
158,7,3,1,4,8.785284091554207
159,0,5,0,-5,0.35597168009948865
159,1,5,0,-4,1.9560979656121797
159,2,5,0,-3,2.3556944386206444
159,3,5,0,-2,3.3931564635398574
159,4,5,0,-1,2.6146304540349385
159,5,5,1,0,4.029526085614488
159,6,5,1,1,6.133126830858547
159,7,5,1,2,4.845650514203239
160,0,999,0,-999,0.498883400437708
160,1,999,0,-999,1.6220201277958526
160,2,999,0,-999,0.2020624173487373
160,3,999,0,-999,3.372843968305217
160,4,999,0,-999,3.651792588583233
160,5,999,0,-999,4.252690759734819
160,6,999,0,-999,3.0137358632930935
160,7,999,0,-999,5.817722875320449
161,0,999,0,-999,-0.27417323730177623
161,1,999,0,-999,0.4499804903740671
161,2,999,0,-999,0.9116465027681546
161,3,999,0,-999,1.2677912151947315
161,4,999,0,-999,2.186099633555592
161,5,999,0,-999,4.352338735511928
161,6,999,0,-999,4.958544538811399
161,7,999,0,-999,5.3967892514195475
162,0,5,0,-5,0.9890002075594531
162,1,5,0,-4,2.536402152118904
162,2,5,0,-3,2.1948226520320793
162,3,5,0,-2,1.9149493723952151
162,4,5,0,-1,2.717127125421442
162,5,5,1,0,5.878809194628142
162,6,5,1,1,5.567652533134984
162,7,5,1,2,8.135755892959347
163,0,999,0,-999,0.46879633293793566
163,1,999,0,-999,-1.5871826522066066
163,2,999,0,-999,0.2890949454590614
163,3,999,0,-999,-1.01031749148476
163,4,999,0,-999,-0.47928944569449894
163,5,999,0,-999,2.814312453031048
163,6,999,0,-999,3.0957488275002225
163,7,999,0,-999,3.305516733001727
164,0,3,0,-3,0.5107029971579012
164,1,3,0,-2,1.73718405344369
164,2,3,0,-1,0.7092404655359575
164,3,3,1,0,3.00581276805576
164,4,3,1,1,3.41677924244056
164,5,3,1,2,4.783088231241999
164,6,3,1,3,6.46792543706783
164,7,3,1,4,8.454063623450217
165,0,5,0,-5,0.3493319229029743
165,1,5,0,-4,0.13482115048074947
165,2,5,0,-3,0.7189812464798241
165,3,5,0,-2,0.7128266295091966
165,4,5,0,-1,1.8908142530213656
165,5,5,1,0,2.870123461818769
165,6,5,1,1,3.8177731812909372
165,7,5,1,2,6.274384681205662
166,0,5,0,-5,-0.05476141207101176
166,1,5,0,-4,0.6261391073046342
166,2,5,0,-3,0.5691818542696869
166,3,5,0,-2,1.4841561043766356
166,4,5,0,-1,1.72849718273347
166,5,5,1,0,3.0855084996422195
166,6,5,1,1,5.0763441452876465
166,7,5,1,2,4.97132932688409
167,0,5,0,-5,-0.34001004819588865
167,1,5,0,-4,-0.9162751037618729
167,2,5,0,-3,-0.08505581487980135
167,3,5,0,-2,0.009211171029277349
167,4,5,0,-1,1.1036944145169267
167,5,5,1,0,3.6055587636338697
167,6,5,1,1,2.191951359964757
167,7,5,1,2,5.0247239633107945
168,0,3,0,-3,0.7007611352780123
168,1,3,0,-2,2.1579744429423275
168,2,3,0,-1,2.3323224551203925
168,3,3,1,0,2.6128029567172404
168,4,3,1,1,4.882601855625413
168,5,3,1,2,4.925017586279386
168,6,3,1,3,7.547738544117411
168,7,3,1,4,8.94735309438779
169,0,999,0,-999,1.1155469035837653
169,1,999,0,-999,2.43628425470848
169,2,999,0,-999,2.6277703981518963
169,3,999,0,-999,2.45761574892091
169,4,999,0,-999,3.906355406843754
169,5,999,0,-999,5.427914629671246
169,6,999,0,-999,5.078269472107086
169,7,999,0,-999,7.07818372530745
170,0,999,0,-999,-0.9451781544159775
170,1,999,0,-999,0.7410570705599386
170,2,999,0,-999,1.7963920979441639
170,3,999,0,-999,1.3459309678286593
170,4,999,0,-999,1.535555029614722
170,5,999,0,-999,3.142069706725326
170,6,999,0,-999,5.380111048022288
170,7,999,0,-999,5.24168626138924
171,0,3,0,-3,0.1950081105387727
171,1,3,0,-2,0.6616633181412968
171,2,3,0,-1,2.1175301131755666
171,3,3,1,0,1.4256853343334837
171,4,3,1,1,4.261415447343703
171,5,3,1,2,4.618951637478483
171,6,3,1,3,7.053401547198778
171,7,3,1,4,8.449545677586013
172,0,3,0,-3,0.6427146099483567
172,1,3,0,-2,0.11411030147259449
172,2,3,0,-1,1.8964549736046314
172,3,3,1,0,3.5331032535350673
172,4,3,1,1,5.149474648999038
172,5,3,1,2,4.997071189411199
172,6,3,1,3,6.068405999209517
172,7,3,1,4,7.375885793421545
173,0,5,0,-5,-1.575895593597475
173,1,5,0,-4,0.4538276705500257
173,2,5,0,-3,0.16244445587451561
173,3,5,0,-2,0.3426294465098729
173,4,5,0,-1,2.1205890881416387
173,5,5,1,0,3.7672448567438064
173,6,5,1,1,5.313470780038548
173,7,5,1,2,5.416424020441539
174,0,3,0,-3,1.0264081042075823
174,1,3,0,-2,2.915279947559829
174,2,3,0,-1,4.250028262442163
174,3,3,1,0,2.2804274135069127
174,4,3,1,1,5.58302229448698
174,5,3,1,2,7.178237825660542
174,6,3,1,3,9.266422991169646
174,7,3,1,4,11.789463675181906
175,0,3,0,-3,0.9737944634632445
175,1,3,0,-2,0.5461642413152632
175,2,3,0,-1,1.7433998487919393
175,3,3,1,0,2.2403749010373657
175,4,3,1,1,4.261322009327172
175,5,3,1,2,5.209901315896021
175,6,3,1,3,7.894009813336606
175,7,3,1,4,8.162406394802101
176,0,3,0,-3,0.9090487630260323
176,1,3,0,-2,1.2460057770720858
176,2,3,0,-1,2.2401466267102013
176,3,3,1,0,4.011202615924862
176,4,3,1,1,4.196020501104507
176,5,3,1,2,6.55019049623454
176,6,3,1,3,7.968141093040007
176,7,3,1,4,8.284991907228203
177,0,999,0,-999,0.43745529137734773
177,1,999,0,-999,0.30273171389275644
177,2,999,0,-999,0.5101254298092318
177,3,999,0,-999,1.8337780042910574
177,4,999,0,-999,0.30261167332990824
177,5,999,0,-999,2.7877347694138566
177,6,999,0,-999,4.313971300761408
177,7,999,0,-999,5.17709694271005
178,0,999,0,-999,0.943389972854308
178,1,999,0,-999,2.051092409894235
178,2,999,0,-999,2.0028671561462374
178,3,999,0,-999,2.9393942869564413
178,4,999,0,-999,3.412246968077285
178,5,999,0,-999,5.062941015522462
178,6,999,0,-999,4.278316080335107
178,7,999,0,-999,5.63895584388697
179,0,5,0,-5,-0.6295810494561205
179,1,5,0,-4,-0.05577461651780302
179,2,5,0,-3,1.1664312918314
179,3,5,0,-2,3.0089399666707717
179,4,5,0,-1,3.1100518643186668
179,5,5,1,0,3.4995605486795234
179,6,5,1,1,5.626030769546895
179,7,5,1,2,6.557927377946756
180,0,3,0,-3,-0.3636137842248233
180,1,3,0,-2,0.5522233806895314
180,2,3,0,-1,1.257925988540492
180,3,3,1,0,3.3631918135638887
180,4,3,1,1,4.135487501390021
180,5,3,1,2,5.736545512453478
180,6,3,1,3,6.674967278160484
180,7,3,1,4,7.904930097717865
181,0,5,0,-5,1.2800116676240454
181,1,5,0,-4,0.7365877788583646
181,2,5,0,-3,2.0288601140796167
181,3,5,0,-2,2.781605503380028
181,4,5,0,-1,1.5400863793811352
181,5,5,1,0,3.5741672727135305
181,6,5,1,1,5.277159339569949
181,7,5,1,2,6.42180579771164
182,0,999,0,-999,1.6607316323858299
182,1,999,0,-999,2.355531835543936
182,2,999,0,-999,3.384644923734027
182,3,999,0,-999,3.6328723685535755
182,4,999,0,-999,3.723589827518576
182,5,999,0,-999,5.240136538078912
182,6,999,0,-999,4.569663647419434
182,7,999,0,-999,5.463450393911627
183,0,3,0,-3,1.6734416362405549
183,1,3,0,-2,1.6707011755889565
183,2,3,0,-1,2.880971211943425
183,3,3,1,0,5.333510774584704
183,4,3,1,1,6.562623092152834
183,5,3,1,2,8.231561420263246
183,6,3,1,3,8.250034990344506
183,7,3,1,4,10.871327131371352
184,0,3,0,-3,-0.14662621468511516
184,1,3,0,-2,-0.1312346091339449
184,2,3,0,-1,0.34657753775659317
184,3,3,1,0,1.7811115980060426
184,4,3,1,1,4.025367992348541
184,5,3,1,2,3.9513341157694706
184,6,3,1,3,5.8151409798028375
184,7,3,1,4,6.680569977102714
185,0,999,0,-999,0.8630390897029072
185,1,999,0,-999,0.5445753907024663
185,2,999,0,-999,1.2146577882085619
185,3,999,0,-999,3.304396275366458
185,4,999,0,-999,3.957699562249772
185,5,999,0,-999,4.768668847615814
185,6,999,0,-999,6.167743756277697
185,7,999,0,-999,5.389048917778621
186,0,999,0,-999,-0.954730538088008
186,1,999,0,-999,-0.08142385486455855
186,2,999,0,-999,2.0970870018462824
186,3,999,0,-999,1.7354692458629852
186,4,999,0,-999,0.9769421023276199
186,5,999,0,-999,2.4537230526448175
186,6,999,0,-999,2.9511214100814858
186,7,999,0,-999,4.428188322851127
187,0,3,0,-3,-2.5918058738453564
187,1,3,0,-2,-1.6358452484270822
187,2,3,0,-1,-0.6445220210134454
187,3,3,1,0,0.982512805690778
187,4,3,1,1,0.9175079703163189
187,5,3,1,2,2.914194122110983
187,6,3,1,3,4.358240722383693
187,7,3,1,4,6.068966479781492
188,0,5,0,-5,1.2361752964482302
188,1,5,0,-4,0.36395221273387
188,2,5,0,-3,1.439784009977151
188,3,5,0,-2,0.4679514185421654
188,4,5,0,-1,3.772885751840593
188,5,5,1,0,4.0902212302798135
188,6,5,1,1,5.132344088617342
188,7,5,1,2,6.205902175739
189,0,5,0,-5,0.5901738926162796
189,1,5,0,-4,2.011650399461815
189,2,5,0,-3,0.49862151792252185
189,3,5,0,-2,0.8943503657213175
189,4,5,0,-1,1.6544339105662633
189,5,5,1,0,4.386728469027121
189,6,5,1,1,4.152473049330083
189,7,5,1,2,4.668907099733156
190,0,999,0,-999,-0.6589271314206051
190,1,999,0,-999,1.1066712290414964
190,2,999,0,-999,0.6300653417417325
190,3,999,0,-999,1.4469732551998509
190,4,999,0,-999,1.1389974168551862
190,5,999,0,-999,3.2647806156003485
190,6,999,0,-999,3.647262211160487
190,7,999,0,-999,4.407067070413541
191,0,5,0,-5,0.20359626005731973
191,1,5,0,-4,-0.4157807602922844
191,2,5,0,-3,0.3875359325628508
191,3,5,0,-2,1.223947104974197
191,4,5,0,-1,2.2440945307832343
191,5,5,1,0,4.143143459041831
191,6,5,1,1,3.6429731179948
191,7,5,1,2,5.712837346159077
192,0,3,0,-3,0.7617660348345945
192,1,3,0,-2,-0.21561003427567976
192,2,3,0,-1,1.1918360653151199
192,3,3,1,0,2.8376349695491996
192,4,3,1,1,2.6638149643122846
192,5,3,1,2,5.003121755065566
192,6,3,1,3,6.997394825872343
192,7,3,1,4,6.927951422896081
193,0,999,0,-999,2.441505353325746
193,1,999,0,-999,2.4283047105938858
193,2,999,0,-999,3.052960269633327
193,3,999,0,-999,3.760783798603483
193,4,999,0,-999,3.801890706792544
193,5,999,0,-999,3.9444545275886655
193,6,999,0,-999,5.931124247998622
193,7,999,0,-999,7.408374224183057
194,0,3,0,-3,2.074867940470198
194,1,3,0,-2,2.491095569324756
194,2,3,0,-1,2.053872129883035
194,3,3,1,0,3.167787387173968
194,4,3,1,1,4.221810558544237
194,5,3,1,2,7.156675173173294
194,6,3,1,3,8.259093914018596
194,7,3,1,4,9.32406374272295
195,0,3,0,-3,0.3992156132699186
195,1,3,0,-2,-1.317245159397007
195,2,3,0,-1,0.019028743571249132
195,3,3,1,0,1.4598387750192916
195,4,3,1,1,3.1819524883552814
195,5,3,1,2,4.252802179401844
195,6,3,1,3,4.219386711600354
195,7,3,1,4,6.099554648831756
196,0,3,0,-3,-1.2071865661200305
196,1,3,0,-2,0.7487597921847141
196,2,3,0,-1,0.5044108352422543
196,3,3,1,0,1.5988928420462276
196,4,3,1,1,1.7169005100360197
196,5,3,1,2,3.2967795649421103
196,6,3,1,3,5.069020291162186
196,7,3,1,4,5.860903712497951
197,0,999,0,-999,-0.5842051632034525
197,1,999,0,-999,-0.01180679890065961
197,2,999,0,-999,-1.599566377531112
197,3,999,0,-999,0.5646267539227869
197,4,999,0,-999,2.6440592387049193
197,5,999,0,-999,3.369473951950031
197,6,999,0,-999,2.337911623606453
197,7,999,0,-999,3.786804653413347
198,0,999,0,-999,0.0456503100466793
198,1,999,0,-999,-2.3550448471152037
198,2,999,0,-999,0.6970783039016006
198,3,999,0,-999,0.5887113470541689
198,4,999,0,-999,1.7988860261721364
198,5,999,0,-999,1.6796563248736995
198,6,999,0,-999,3.504703646027936
198,7,999,0,-999,5.481800285503117
199,0,5,0,-5,0.575246785131679
199,1,5,0,-4,0.8306279454596854
199,2,5,0,-3,1.1163672329476175
199,3,5,0,-2,1.350324985492086
199,4,5,0,-1,1.5268857117194614
199,5,5,1,0,3.2201610223409145
199,6,5,1,1,4.8875663036081045
199,7,5,1,2,5.992719910967692
200,0,5,0,-5,0.3010585181821575
200,1,5,0,-4,-0.6066189959215497
200,2,5,0,-3,1.6967353354869084
200,3,5,0,-2,2.064249085565674
200,4,5,0,-1,2.147201718641459
200,5,5,1,0,3.3145065505035585
200,6,5,1,1,4.61757674892842
200,7,5,1,2,6.78167596191679
201,0,3,0,-3,1.3687824202442105
201,1,3,0,-2,0.5946680429701957
201,2,3,0,-1,2.2429126141948914
201,3,3,1,0,4.235795465548949
201,4,3,1,1,5.46947734020386
201,5,3,1,2,5.702174651567809
201,6,3,1,3,7.013094643015705
201,7,3,1,4,8.468202134522038
202,0,999,0,-999,0.44582524447122773
202,1,999,0,-999,0.26312230431290295
202,2,999,0,-999,1.0663442508291494
202,3,999,0,-999,2.054671116687958
202,4,999,0,-999,2.062364855234847
202,5,999,0,-999,1.9235325932254321
202,6,999,0,-999,3.474401007327775
202,7,999,0,-999,5.467944468415392
203,0,3,0,-3,-0.13706744182854247
203,1,3,0,-2,-0.004412299354347948
203,2,3,0,-1,1.940023443794829
203,3,3,1,0,3.55950401964407
203,4,3,1,1,3.7221197314989887
203,5,3,1,2,3.705176164033248
203,6,3,1,3,5.566232564468489
203,7,3,1,4,8.083344741808729
204,0,3,0,-3,1.1081528855714908
204,1,3,0,-2,0.319693507314204
204,2,3,0,-1,0.760362038496621
204,3,3,1,0,3.6079966079194508
204,4,3,1,1,4.727204804227989
204,5,3,1,2,4.1999999476699
204,6,3,1,3,6.371457718195973
204,7,3,1,4,7.52619882097377
205,0,999,0,-999,-0.5401182666041833
205,1,999,0,-999,1.2446772692669767
205,2,999,0,-999,3.107346609418394
205,3,999,0,-999,3.1165931477051863
205,4,999,0,-999,2.613786138514185
205,5,999,0,-999,3.7566362387922063
205,6,999,0,-999,4.44306202659536
205,7,999,0,-999,6.495612402750368
206,0,999,0,-999,-1.1717152076985065
206,1,999,0,-999,-0.6631566165165976
206,2,999,0,-999,1.00152254936367
206,3,999,0,-999,2.063203827153141
206,4,999,0,-999,2.912629876948542
206,5,999,0,-999,3.751514764491491
206,6,999,0,-999,3.2206179733661253
206,7,999,0,-999,5.154589458051594
207,0,3,0,-3,-0.524243584304461
207,1,3,0,-2,0.8799851146800275
207,2,3,0,-1,0.47844638018496743
207,3,3,1,0,0.14238863531599533
207,4,3,1,1,1.2068850147343735
207,5,3,1,2,2.994831844391355
207,6,3,1,3,4.984948975231285
207,7,3,1,4,6.047932052546617
208,0,999,0,-999,-0.4428013981759158
208,1,999,0,-999,-0.0028578273892625183
208,2,999,0,-999,1.2202267807069413
208,3,999,0,-999,1.1134295477255622
208,4,999,0,-999,0.9535619496446716
208,5,999,0,-999,3.284599236695533
208,6,999,0,-999,3.8372193781747037
208,7,999,0,-999,3.395731957370913
209,0,5,0,-5,-3.124215607991978
209,1,5,0,-4,-1.6890385399203183
209,2,5,0,-3,-0.8764638711265369
209,3,5,0,-2,-1.3221957978093437
209,4,5,0,-1,0.4614258801230446
209,5,5,1,0,1.5857779737619104
209,6,5,1,1,1.347184751069354
209,7,5,1,2,3.3402452855720757
210,0,5,0,-5,3.068665057290273
210,1,5,0,-4,3.321725313445978
210,2,5,0,-3,3.810826917962974
210,3,5,0,-2,4.1638564584513045
210,4,5,0,-1,5.927491259804656
210,5,5,1,0,5.961934589673769
210,6,5,1,1,7.3030419244680145
210,7,5,1,2,6.784714832697823
211,0,3,0,-3,0.15337476235118186
211,1,3,0,-2,-2.244880121498661
211,2,3,0,-1,0.8466060462901654
211,3,3,1,0,1.086602761595738
211,4,3,1,1,2.8348711675822647
211,5,3,1,2,3.770878144079268
211,6,3,1,3,5.930445601717743
211,7,3,1,4,7.756669188177416
212,0,999,0,-999,0.7262721053077608
212,1,999,0,-999,1.8596131624194279
212,2,999,0,-999,1.884087050623949
212,3,999,0,-999,2.2783265823541643
212,4,999,0,-999,4.527896298354974
212,5,999,0,-999,5.211578703979792
212,6,999,0,-999,3.4942135123426676
212,7,999,0,-999,7.296470715107164
213,0,3,0,-3,-1.134336083111763
213,1,3,0,-2,-0.32814358005801836
213,2,3,0,-1,1.0515386301337992
213,3,3,1,0,0.7043379196284756
213,4,3,1,1,4.149812375870612
213,5,3,1,2,4.156745636439308
213,6,3,1,3,4.602691158297235
213,7,3,1,4,7.543410883220447
214,0,5,0,-5,-1.3016316811287336
214,1,5,0,-4,-2.123048117614005
214,2,5,0,-3,-0.284650070163327
214,3,5,0,-2,1.6100129094908375
214,4,5,0,-1,0.9416403322509905
214,5,5,1,0,2.7091085386025564
214,6,5,1,1,2.569894050847437
214,7,5,1,2,6.021764185731772
215,0,5,0,-5,-1.8649933998893427
215,1,5,0,-4,-1.195083739367294
215,2,5,0,-3,-0.004776990315609783
215,3,5,0,-2,-0.1806833794949284
215,4,5,0,-1,1.002050149981146
215,5,5,1,0,3.156908062902039
215,6,5,1,1,2.988912393465789
215,7,5,1,2,4.350687294504696
216,0,5,0,-5,-0.5996218230250889
216,1,5,0,-4,0.8002071415690897
216,2,5,0,-3,0.6316254616637126
216,3,5,0,-2,1.9538313232051876
216,4,5,0,-1,2.8371673216041917
216,5,5,1,0,3.044663190134869
216,6,5,1,1,6.012501472395354
216,7,5,1,2,6.726508281404454
217,0,3,0,-3,-0.3403033387973659
217,1,3,0,-2,1.372503779781928
217,2,3,0,-1,0.8612233857448441
217,3,3,1,0,3.1127216827609123
217,4,3,1,1,3.314485694220906
217,5,3,1,2,6.185472893601892
217,6,3,1,3,6.580187258988683
217,7,3,1,4,7.473999309315714
218,0,3,0,-3,2.024316196572012
218,1,3,0,-2,2.247364830770045
218,2,3,0,-1,1.9800453239451339
218,3,3,1,0,2.3259303440788823
218,4,3,1,1,5.48904298387065
218,5,3,1,2,7.107691670243364
218,6,3,1,3,7.286693225147101
218,7,3,1,4,9.117633586887557
219,0,999,0,-999,-0.32166267887387334
219,1,999,0,-999,-0.4977227442815694
219,2,999,0,-999,-0.2894358631236258
219,3,999,0,-999,0.47232172706139763
219,4,999,0,-999,2.0380934234441304
219,5,999,0,-999,2.6702210435898768
219,6,999,0,-999,3.3620678830614072
219,7,999,0,-999,4.954854586984713
220,0,999,0,-999,0.5622303257446539
220,1,999,0,-999,2.061605946526134
220,2,999,0,-999,1.8270155125593166
220,3,999,0,-999,1.2237808092170237
220,4,999,0,-999,3.343694919205796
220,5,999,0,-999,3.9475763292404915
220,6,999,0,-999,4.5036420844834115
220,7,999,0,-999,5.091518527431476
221,0,5,0,-5,1.075857268202298
221,1,5,0,-4,0.7927068891532901
221,2,5,0,-3,2.1133846467590507
221,3,5,0,-2,3.0718565512665155
221,4,5,0,-1,3.3707218253196354
221,5,5,1,0,4.0067776356321705
221,6,5,1,1,5.296108709190617
221,7,5,1,2,5.974173401882741
222,0,3,0,-3,-0.5618040108589005
222,1,3,0,-2,0.44530562430100956
222,2,3,0,-1,0.24148027134539501
222,3,3,1,0,2.205768480025455
222,4,3,1,1,4.291504270272588
222,5,3,1,2,3.3811437110907363
222,6,3,1,3,5.9780883049237525
222,7,3,1,4,6.837072292979108
223,0,3,0,-3,-1.2639740459640887
223,1,3,0,-2,0.48920939633401744
223,2,3,0,-1,0.20872381545545018
223,3,3,1,0,1.7477914487631758
223,4,3,1,1,4.429874816958695
223,5,3,1,2,3.63390214434279
223,6,3,1,3,5.91688506925967
223,7,3,1,4,8.540111587401427
224,0,5,0,-5,-1.113685343212503
224,1,5,0,-4,-1.106103970111334
224,2,5,0,-3,0.23340338315165182
224,3,5,0,-2,0.07147596794931604
224,4,5,0,-1,0.7530904688524855
224,5,5,1,0,3.231457083939683
224,6,5,1,1,3.0889221077872624
224,7,5,1,2,5.621510189116
225,0,999,0,-999,1.7692166338063922
225,1,999,0,-999,3.5384964637593876
225,2,999,0,-999,3.4085458470184085
225,3,999,0,-999,2.2038565939302552
225,4,999,0,-999,4.19954658162226
225,5,999,0,-999,5.202086748667072
225,6,999,0,-999,4.656785938948756
225,7,999,0,-999,7.019267096658571
226,0,999,0,-999,0.3259464535438333
226,1,999,0,-999,1.117009231957499
226,2,999,0,-999,1.080335962087224
226,3,999,0,-999,1.7930277491082718
226,4,999,0,-999,1.8316639799129777
226,5,999,0,-999,3.246353663835305
226,6,999,0,-999,4.353048336047056
226,7,999,0,-999,4.720441967488534
227,0,999,0,-999,-1.9761769427717994
227,1,999,0,-999,-2.1996285994447207
227,2,999,0,-999,0.06396764144831513
227,3,999,0,-999,0.9861866694148194
227,4,999,0,-999,1.3001026865016483
227,5,999,0,-999,2.0702065245281545
227,6,999,0,-999,2.4568920521044935
227,7,999,0,-999,4.0546693213473946
228,0,3,0,-3,-0.5272078231220076
228,1,3,0,-2,0.8199521010002292
228,2,3,0,-1,1.0938616962211447
228,3,3,1,0,1.8988348479559471
228,4,3,1,1,4.028957142018598
228,5,3,1,2,5.347143529132017
228,6,3,1,3,5.834357647687802
228,7,3,1,4,8.421147864260218
229,0,3,0,-3,-2.120723381840559
229,1,3,0,-2,-2.449234425679768
229,2,3,0,-1,-2.4231193616420392
229,3,3,1,0,-0.8110752171181685
229,4,3,1,1,1.6283450878649433
229,5,3,1,2,2.9544894743771524
229,6,3,1,3,4.020883308751058
229,7,3,1,4,5.904580204928975
230,0,5,0,-5,1.421280676709714
230,1,5,0,-4,2.1882555214003956
230,2,5,0,-3,1.2093416185889663
230,3,5,0,-2,2.4092299790872547
230,4,5,0,-1,3.3394599615456793
230,5,5,1,0,4.477327968890788
230,6,5,1,1,5.838297707704056
230,7,5,1,2,7.367667661553224
231,0,5,0,-5,-1.316338264674744
231,1,5,0,-4,-1.4403480819374617
231,2,5,0,-3,-0.07240778440511209
231,3,5,0,-2,-0.010177437934521472
231,4,5,0,-1,0.7350460064930773
231,5,5,1,0,1.5173462254286436
231,6,5,1,1,2.465704709108449
231,7,5,1,2,3.5284667984612157
232,0,3,0,-3,0.7980397350661816
232,1,3,0,-2,0.8417703416564177
232,2,3,0,-1,2.0348091760399694
232,3,3,1,0,4.287512989919065
232,4,3,1,1,4.77120410095296
232,5,3,1,2,7.459599149806051
232,6,3,1,3,6.667944673096899
232,7,3,1,4,8.777284977650428
233,0,999,0,-999,-0.40020388994507533
233,1,999,0,-999,1.2083171252629836
233,2,999,0,-999,-0.3434001705120304
233,3,999,0,-999,0.742552815072204
233,4,999,0,-999,2.326227713362042
233,5,999,0,-999,3.778958456624363
233,6,999,0,-999,4.0239161880731205
233,7,999,0,-999,4.195695000511584
234,0,999,0,-999,-0.7079205828553379
234,1,999,0,-999,0.6255807599624885
234,2,999,0,-999,2.2322186286196364
234,3,999,0,-999,1.3699524997310217
234,4,999,0,-999,3.499597626737138
234,5,999,0,-999,3.2451898550315725
234,6,999,0,-999,3.818567411273928
234,7,999,0,-999,5.833542499214102
235,0,3,0,-3,-0.23406535616339072
235,1,3,0,-2,0.10314549045348625
235,2,3,0,-1,0.5127135514441339
235,3,3,1,0,2.0973815810082117
235,4,3,1,1,3.6740638741958493
235,5,3,1,2,4.69758269858162
235,6,3,1,3,5.633977777363903
235,7,3,1,4,7.889529237860299
236,0,5,0,-5,-0.3046573457927339
236,1,5,0,-4,0.289144462803657
236,2,5,0,-3,-0.3712600996955589
236,3,5,0,-2,2.144102389930026
236,4,5,0,-1,1.717733673686217
236,5,5,1,0,2.2471550847816184
236,6,5,1,1,4.879015799804688
236,7,5,1,2,4.443476919652986
237,0,999,0,-999,-0.04646655178870496
237,1,999,0,-999,0.778351611321304
237,2,999,0,-999,1.5736572963052737
237,3,999,0,-999,2.206038007594914
237,4,999,0,-999,2.6871735295134704
237,5,999,0,-999,2.800399191982851
237,6,999,0,-999,4.695393268938838
237,7,999,0,-999,5.444312822319815
238,0,5,0,-5,-2.1125966186541576
238,1,5,0,-4,-0.2730672677324512
238,2,5,0,-3,-0.3848513757695694
238,3,5,0,-2,1.3881167799834624
238,4,5,0,-1,1.1198423993925364
238,5,5,1,0,1.6584805035285664
238,6,5,1,1,2.595848703022733
238,7,5,1,2,4.4766864246443525
239,0,5,0,-5,0.8520563643561734
239,1,5,0,-4,0.241330573352518
239,2,5,0,-3,1.0283839152331493
239,3,5,0,-2,0.5575688215373605
239,4,5,0,-1,0.8423791969912435
239,5,5,1,0,3.275358293375221
239,6,5,1,1,4.828143452220503
239,7,5,1,2,5.389638384680369
240,0,3,0,-3,-1.1946252797341537
240,1,3,0,-2,-0.74729887888305
240,2,3,0,-1,-0.05446710783690595
240,3,3,1,0,0.697314966599329
240,4,3,1,1,2.77974413531548
240,5,3,1,2,2.8266148032292033
240,6,3,1,3,5.274693625121197
240,7,3,1,4,6.177755167673379
241,0,999,0,-999,1.3424177146150365
241,1,999,0,-999,0.4029790384283529
241,2,999,0,-999,1.5202728794532103
241,3,999,0,-999,1.4405358086501574
241,4,999,0,-999,3.7105278918678612
241,5,999,0,-999,1.8397391434061443
241,6,999,0,-999,3.2638233174684266
241,7,999,0,-999,5.8745113964171285
242,0,5,0,-5,-1.437537868263776
242,1,5,0,-4,0.6363917962083742
242,2,5,0,-3,-0.17083390791773015
242,3,5,0,-2,0.6363697473132145
242,4,5,0,-1,1.2468745334738338
242,5,5,1,0,2.568250104981043
242,6,5,1,1,3.505537045269932
242,7,5,1,2,4.393114560773974
243,0,5,0,-5,-0.2357340511925976
243,1,5,0,-4,1.0083954923644975
243,2,5,0,-3,1.4392777750739048
243,3,5,0,-2,1.9645606904017443
243,4,5,0,-1,3.758915523366161
243,5,5,1,0,3.492009471099473
243,6,5,1,1,4.648262398718815
243,7,5,1,2,6.19601186172344
244,0,5,0,-5,-0.8988276331623308
244,1,5,0,-4,-0.6503747474023261
244,2,5,0,-3,0.6241396956556221
244,3,5,0,-2,0.6830267826667762
244,4,5,0,-1,1.0027477677172554
244,5,5,1,0,3.003149295936571
244,6,5,1,1,4.19725727326772
244,7,5,1,2,5.752956769679926
245,0,5,0,-5,-0.09296555799998707
245,1,5,0,-4,0.6431795755692626
245,2,5,0,-3,0.5090239685250696
245,3,5,0,-2,1.0820889461892815
245,4,5,0,-1,1.4418934945609654
245,5,5,1,0,3.7667104308875468
245,6,5,1,1,3.714103273767383
245,7,5,1,2,4.393668006237224
246,0,5,0,-5,1.2645258681134897
246,1,5,0,-4,2.28639048182988
246,2,5,0,-3,1.4934475386880677
246,3,5,0,-2,4.607225148251858
246,4,5,0,-1,3.335545556201203
246,5,5,1,0,3.712115704122455
246,6,5,1,1,6.179041359749879
246,7,5,1,2,6.273245258003779
247,0,999,0,-999,0.6828390700411588
247,1,999,0,-999,2.097988966043383
247,2,999,0,-999,1.8636716079735205
247,3,999,0,-999,3.620127673491407
247,4,999,0,-999,5.170262729524654
247,5,999,0,-999,3.347563017616702
247,6,999,0,-999,4.039279471074258
247,7,999,0,-999,7.058972645226565
248,0,3,0,-3,-1.177324286906876
248,1,3,0,-2,-1.6089906173577562
248,2,3,0,-1,-0.2240465663083776
248,3,3,1,0,1.0551676703221522
248,4,3,1,1,2.290753458063074
248,5,3,1,2,2.6195924212748736
248,6,3,1,3,4.320999470240949
248,7,3,1,4,6.0902549215108115
249,0,5,0,-5,2.2248892417047252
249,1,5,0,-4,1.3510646949614762
249,2,5,0,-3,2.7171148655722863
249,3,5,0,-2,1.1742288953096631
249,4,5,0,-1,3.6859489178559355
249,5,5,1,0,4.491118478451014
249,6,5,1,1,5.591682218521123
249,7,5,1,2,6.544342803725577
250,0,3,0,-3,0.048716712930480355
250,1,3,0,-2,1.9211062232905474
250,2,3,0,-1,0.8904720877478227
250,3,3,1,0,2.570855028393822
250,4,3,1,1,3.243617804359949
250,5,3,1,2,3.947147123860521
250,6,3,1,3,4.87124738440261
250,7,3,1,4,6.911830230774902
251,0,5,0,-5,1.6019604815404431
251,1,5,0,-4,2.4334893634538433
251,2,5,0,-3,2.1833260175119342
251,3,5,0,-2,4.203507349182692
251,4,5,0,-1,3.5374878638016236
251,5,5,1,0,4.396732612024278
251,6,5,1,1,7.320660350515366
251,7,5,1,2,6.946808569650761
252,0,3,0,-3,0.6622229063294155
252,1,3,0,-2,-0.32862512456224424
252,2,3,0,-1,1.5428712612898892
252,3,3,1,0,2.828494846761753
252,4,3,1,1,4.7539894161062755
252,5,3,1,2,6.520738363952434
252,6,3,1,3,7.502848515475069
252,7,3,1,4,8.21382292978326
253,0,5,0,-5,-0.13120798599227973
253,1,5,0,-4,1.624256547989725
253,2,5,0,-3,2.7701687261285137
253,3,5,0,-2,2.206680147408316
253,4,5,0,-1,1.9886404537340918
253,5,5,1,0,3.2146374599790124
253,6,5,1,1,4.5056914043028105
253,7,5,1,2,4.794663044979204
254,0,999,0,-999,0.689583336826661
254,1,999,0,-999,1.0978411729610822
254,2,999,0,-999,2.347182558741181
254,3,999,0,-999,2.6913750889663874
254,4,999,0,-999,4.353123308392298
254,5,999,0,-999,4.948406224842813
254,6,999,0,-999,5.323127740594514
254,7,999,0,-999,6.110429699529386
255,0,3,0,-3,0.371135914790089
255,1,3,0,-2,1.887561202857226
255,2,3,0,-1,2.9250168536899066
255,3,3,1,0,3.8251546554340483
255,4,3,1,1,4.716613537313748
255,5,3,1,2,5.324287839153623
255,6,3,1,3,6.503810701973604
255,7,3,1,4,8.71455526025591
256,0,999,0,-999,-0.7970638001942647
256,1,999,0,-999,-0.8566255001578447
256,2,999,0,-999,1.2780395141566416
256,3,999,0,-999,0.7361641493523502
256,4,999,0,-999,2.2497354302483337
256,5,999,0,-999,2.960842241176355
256,6,999,0,-999,2.9682114862852234
256,7,999,0,-999,3.2976047180690484
257,0,999,0,-999,-1.0074104456203004
257,1,999,0,-999,-0.0005707359173200977
257,2,999,0,-999,-0.16949250489490092
257,3,999,0,-999,0.35050299190971645
257,4,999,0,-999,1.790979656721502
257,5,999,0,-999,1.6445688248048471
257,6,999,0,-999,3.511796643618068
257,7,999,0,-999,3.8248575824341273
258,0,3,0,-3,1.1468028103871843
258,1,3,0,-2,-0.7373924007260679
258,2,3,0,-1,0.6449974437779974
258,3,3,1,0,3.1398538843128243
258,4,3,1,1,3.572140715684583
258,5,3,1,2,4.7422161867034
258,6,3,1,3,5.757432463744074
258,7,3,1,4,7.963059968814709
259,0,3,0,-3,0.46258271387180916
259,1,3,0,-2,0.19157261600504355
259,2,3,0,-1,0.8372948485762527
259,3,3,1,0,1.8188497020954857
259,4,3,1,1,3.866241449185514
259,5,3,1,2,4.022474537870085
259,6,3,1,3,5.287596217537253
259,7,3,1,4,7.596845163086592
260,0,999,0,-999,2.1881124286517752
260,1,999,0,-999,2.7967105313458376
260,2,999,0,-999,2.2209157326521014
260,3,999,0,-999,3.2585956750102216
260,4,999,0,-999,3.526091861454037
260,5,999,0,-999,4.374053424244366
260,6,999,0,-999,4.4403479096595495
260,7,999,0,-999,5.878567364694714
261,0,5,0,-5,1.0280395974031813
261,1,5,0,-4,1.8175700685349458
261,2,5,0,-3,2.2048994068178147
261,3,5,0,-2,2.3058855618111966
261,4,5,0,-1,4.2339590702342305
261,5,5,1,0,4.359719617395031
261,6,5,1,1,5.451040585757622
261,7,5,1,2,6.5156434153554965
262,0,3,0,-3,1.3882585758182886
262,1,3,0,-2,1.2354754145647506
262,2,3,0,-1,3.8606489366147905
262,3,3,1,0,4.459062404251156
262,4,3,1,1,4.945037206695293
262,5,3,1,2,4.34311369180354
262,6,3,1,3,5.886167729395459
262,7,3,1,4,8.393864534870545
263,0,5,0,-5,-0.07474072458540815
263,1,5,0,-4,0.6992022502217836
263,2,5,0,-3,0.8512507276517786
263,3,5,0,-2,3.354969547704921
263,4,5,0,-1,3.9469171824981584
263,5,5,1,0,4.7122389917107315
263,6,5,1,1,4.420440558016288
263,7,5,1,2,5.236046876610608
264,0,999,0,-999,1.0026387180605607
264,1,999,0,-999,2.6110532595509337
264,2,999,0,-999,1.4909056748681477
264,3,999,0,-999,2.5864916272866076
264,4,999,0,-999,3.0861359822334284
264,5,999,0,-999,3.504462469511275
264,6,999,0,-999,4.9282041958708
264,7,999,0,-999,6.572223785949378
265,0,999,0,-999,-2.013996698188169
265,1,999,0,-999,-1.570778635348625
265,2,999,0,-999,-0.9465764786802211
265,3,999,0,-999,-0.10088232936444452
265,4,999,0,-999,0.15515766028340572
265,5,999,0,-999,1.44175034622988
265,6,999,0,-999,3.1725493043517172
265,7,999,0,-999,4.326277476109034
266,0,3,0,-3,0.4130687201462463
266,1,3,0,-2,-1.208388718305947
266,2,3,0,-1,0.5047886831530408
266,3,3,1,0,1.9049507783885253
266,4,3,1,1,2.0426948019275404
266,5,3,1,2,4.568441110178048
266,6,3,1,3,6.0063149797079864
266,7,3,1,4,7.122983342334262
267,0,999,0,-999,-0.10180318271905453
267,1,999,0,-999,1.44901559100163
267,2,999,0,-999,0.7320961539888737
267,3,999,0,-999,3.1283344381621423
267,4,999,0,-999,2.74566229147873
267,5,999,0,-999,5.016532148726812
267,6,999,0,-999,4.169905723394288
267,7,999,0,-999,4.8450802387031375
268,0,999,0,-999,0.4236847847281837
268,1,999,0,-999,2.0931244882517936
268,2,999,0,-999,1.9871639549525846
268,3,999,0,-999,1.839760455558111
268,4,999,0,-999,3.4607407897242144
268,5,999,0,-999,3.3280885641132776
268,6,999,0,-999,5.536180957525653
268,7,999,0,-999,5.6286310457297635
269,0,3,0,-3,1.4613784648421062
269,1,3,0,-2,1.8010847818804565
269,2,3,0,-1,2.1676226211742513
269,3,3,1,0,4.206240287911493
269,4,3,1,1,5.605659949275105
269,5,3,1,2,7.530019980782887
269,6,3,1,3,6.588766979863742
269,7,3,1,4,9.665327238203623
270,0,3,0,-3,-1.8324969234249995
270,1,3,0,-2,-0.8757649728494952
270,2,3,0,-1,-1.122009539125803
270,3,3,1,0,0.18725092413857336
270,4,3,1,1,2.506287900755411
270,5,3,1,2,3.1300547103128533
270,6,3,1,3,5.730362925569869
270,7,3,1,4,5.564878546055141
271,0,5,0,-5,0.44878512595965026
271,1,5,0,-4,0.23636704911007922
271,2,5,0,-3,0.606220235358972
271,3,5,0,-2,2.403934788473159
271,4,5,0,-1,2.154927991350681
271,5,5,1,0,4.477539861085898
271,6,5,1,1,4.518778473488116
271,7,5,1,2,5.9105853853852555
272,0,3,0,-3,0.5916688445655227
272,1,3,0,-2,-0.643804251970566
272,2,3,0,-1,2.2827379665743863
272,3,3,1,0,2.188262914202747
272,4,3,1,1,3.705468431341558
272,5,3,1,2,4.047006401872679
272,6,3,1,3,5.528563089777304
272,7,3,1,4,6.917243761148342
273,0,3,0,-3,-1.8477058262188382
273,1,3,0,-2,-1.4848346889016666
273,2,3,0,-1,-2.2315734386652855
273,3,3,1,0,-0.682269533527448
273,4,3,1,1,-0.28749477086009656
273,5,3,1,2,2.165763513936205
273,6,3,1,3,3.574516540908724
273,7,3,1,4,4.278124844450527
274,0,3,0,-3,-1.3662748379080452
274,1,3,0,-2,-1.395633157656611
274,2,3,0,-1,0.800987489249692
274,3,3,1,0,0.40665166247800444
274,4,3,1,1,1.307977400934758
274,5,3,1,2,2.952825905905799
274,6,3,1,3,4.173029497344249
274,7,3,1,4,5.9914552491374895
275,0,3,0,-3,-0.712457744661026
275,1,3,0,-2,1.4224525508841073
275,2,3,0,-1,1.7912845382463496
275,3,3,1,0,3.025663459646687
275,4,3,1,1,4.1364026191938645
275,5,3,1,2,4.771901878954732
275,6,3,1,3,5.989103981799719
275,7,3,1,4,7.8508091864804035
276,0,3,0,-3,-0.9841439374397185
276,1,3,0,-2,0.6054021580055432
276,2,3,0,-1,-0.860946708239329
276,3,3,1,0,1.2179417889046769
276,4,3,1,1,2.9637338360299297
276,5,3,1,2,4.092523332331368
276,6,3,1,3,4.266923201191949
276,7,3,1,4,7.034254074687592
277,0,3,0,-3,2.137498288612737
277,1,3,0,-2,0.3199872847785844
277,2,3,0,-1,0.727566330553368
277,3,3,1,0,3.931589933796212
277,4,3,1,1,3.9678115935287295
277,5,3,1,2,5.733681535933387
277,6,3,1,3,6.735959892603635
277,7,3,1,4,6.969009427940894
278,0,5,0,-5,-1.8970671180983927
278,1,5,0,-4,-0.23009871977733365
278,2,5,0,-3,-2.0311340455677493
278,3,5,0,-2,0.8748483300805872
278,4,5,0,-1,1.0084508075179635
278,5,5,1,0,0.638768637188866
278,6,5,1,1,3.5437995709413554
278,7,5,1,2,4.012292920268979
279,0,999,0,-999,-0.4665402571105451
279,1,999,0,-999,-0.7323805176715892
279,2,999,0,-999,0.06820974696962445
279,3,999,0,-999,1.7202697435295036
279,4,999,0,-999,2.609386184109556
279,5,999,0,-999,2.244866772999267
279,6,999,0,-999,4.592004986664278
279,7,999,0,-999,4.897955784741585
280,0,5,0,-5,-0.19482989482194119
280,1,5,0,-4,-0.5156621178350296
280,2,5,0,-3,1.24300329161731
280,3,5,0,-2,2.322787839744254
280,4,5,0,-1,2.216849457098225
280,5,5,1,0,2.89294527012162
280,6,5,1,1,3.4429468642126313
280,7,5,1,2,4.954024296711998
281,0,3,0,-3,1.1103039686649117
281,1,3,0,-2,0.30702250757099714
281,2,3,0,-1,2.114206230496155
281,3,3,1,0,3.4507855403225824
281,4,3,1,1,4.546048961359858
281,5,3,1,2,3.8159100156878245
281,6,3,1,3,6.693898735825435
281,7,3,1,4,8.529772024218744
282,0,5,0,-5,-0.8696632620809818
282,1,5,0,-4,-1.7099193981994198
282,2,5,0,-3,-1.4686761499190162
282,3,5,0,-2,0.5208662238277784
282,4,5,0,-1,0.21981132418512675
282,5,5,1,0,1.0787950730537141
282,6,5,1,1,2.8183668543020777
282,7,5,1,2,3.0713978166166567
283,0,3,0,-3,-1.455833031318291
283,1,3,0,-2,-1.104646612514802
283,2,3,0,-1,-0.5485877055808042
283,3,3,1,0,2.5252508148982087
283,4,3,1,1,2.67881561141078
283,5,3,1,2,4.555308012606016
283,6,3,1,3,5.329893983470294
283,7,3,1,4,7.2162374283376725
284,0,3,0,-3,0.48144748684680005
284,1,3,0,-2,0.5453699675651604
284,2,3,0,-1,1.39188778612149
284,3,3,1,0,3.049189623845858
284,4,3,1,1,4.0806851617822035
284,5,3,1,2,5.170619748214884
284,6,3,1,3,6.118060076234009
284,7,3,1,4,8.923647670196292
285,0,3,0,-3,-2.822184452745178
285,1,3,0,-2,-1.9578307265627048
285,2,3,0,-1,-2.3732144252475367
285,3,3,1,0,0.7955099963850235
285,4,3,1,1,1.2327018591688872
285,5,3,1,2,1.8924580609241506
285,6,3,1,3,3.841147867377259
285,7,3,1,4,4.875079042918812
286,0,3,0,-3,0.47976823224378257
286,1,3,0,-2,-0.45294019740888114
286,2,3,0,-1,0.5808157487234501
286,3,3,1,0,2.889286713723152
286,4,3,1,1,4.432926784075421
286,5,3,1,2,6.373036602862413
286,6,3,1,3,6.954665403075847
286,7,3,1,4,7.057909411567612
287,0,999,0,-999,-0.5930991670831376
287,1,999,0,-999,-1.1994792574300543
287,2,999,0,-999,-0.4002508451295929
287,3,999,0,-999,2.004582155734227
287,4,999,0,-999,0.44981031917705994
287,5,999,0,-999,2.737802093579321
287,6,999,0,-999,2.4947609051080817
287,7,999,0,-999,3.762738535335653
288,0,999,0,-999,2.6266840050645177
288,1,999,0,-999,2.231729310696126
288,2,999,0,-999,4.480549573809301
288,3,999,0,-999,4.960096758225209
288,4,999,0,-999,2.619319581824711
288,5,999,0,-999,4.145749128248958
288,6,999,0,-999,5.220758032722432
288,7,999,0,-999,6.595116706850236
289,0,3,0,-3,0.9975619302085958
289,1,3,0,-2,2.431784894900324
289,2,3,0,-1,2.5105157104238773
289,3,3,1,0,3.5320182758127845
289,4,3,1,1,3.765976924653563
289,5,3,1,2,4.914644951486487
289,6,3,1,3,8.251460321205025
289,7,3,1,4,7.737742140301796
290,0,999,0,-999,-0.6492113439421814
290,1,999,0,-999,0.6352967864702451
290,2,999,0,-999,2.327034379415409
290,3,999,0,-999,0.8393115515474544
290,4,999,0,-999,2.326402257703144
290,5,999,0,-999,2.16879449003007
290,6,999,0,-999,3.608873681521244
290,7,999,0,-999,3.8355615922834883
291,0,999,0,-999,2.353959000978916
291,1,999,0,-999,0.7767228952001218
291,2,999,0,-999,2.2899646913798635
291,3,999,0,-999,3.509604435358068
291,4,999,0,-999,4.309569073742752
291,5,999,0,-999,5.045760468729106
291,6,999,0,-999,4.58897829629843
291,7,999,0,-999,5.095221577735977
292,0,5,0,-5,-1.1647768208460465
292,1,5,0,-4,-0.6902840896424499
292,2,5,0,-3,-0.6015914285267869
292,3,5,0,-2,1.1125387398757662
292,4,5,0,-1,1.406499590579943
292,5,5,1,0,2.2526053770776038
292,6,5,1,1,3.6345988007485373
292,7,5,1,2,4.521894789548197
293,0,3,0,-3,-1.141014608786843
293,1,3,0,-2,-1.6434159404343118
293,2,3,0,-1,0.4143876155532464
293,3,3,1,0,1.6930026985623303
293,4,3,1,1,1.25968186354696
293,5,3,1,2,2.907122232241526
293,6,3,1,3,5.467327466753012
293,7,3,1,4,5.60708769536324
294,0,3,0,-3,0.4287479289134406
294,1,3,0,-2,0.5270754047955277
294,2,3,0,-1,0.8380822927391799
294,3,3,1,0,3.6920226751002114
294,4,3,1,1,4.450391282392885
294,5,3,1,2,5.263096978008104
294,6,3,1,3,7.353803602788263
294,7,3,1,4,7.965870884314018
295,0,3,0,-3,-0.6964118908841618
295,1,3,0,-2,-0.15666453729700291
295,2,3,0,-1,1.3228990700230325
295,3,3,1,0,2.760694207315153
295,4,3,1,1,2.9996455677809815
295,5,3,1,2,5.062025117934748
295,6,3,1,3,6.1996635402559415
295,7,3,1,4,8.065296313525739
296,0,5,0,-5,-0.18914608214876372
296,1,5,0,-4,-0.1017287408939333
296,2,5,0,-3,1.0572741263513716
296,3,5,0,-2,0.9234949840020151
296,4,5,0,-1,3.8257157729962055
296,5,5,1,0,3.9748033112957697
296,6,5,1,1,4.596052575485834
296,7,5,1,2,6.773124379676174
297,0,3,0,-3,-2.5856302651936054
297,1,3,0,-2,-0.28645683737586497
297,2,3,0,-1,0.4300610663716673
297,3,3,1,0,2.423458844679973
297,4,3,1,1,3.5252034384972575
297,5,3,1,2,4.119411286944892
297,6,3,1,3,5.509900981586787
297,7,3,1,4,6.641926352144499
298,0,999,0,-999,1.034000359464577
298,1,999,0,-999,0.6164708206885061
298,2,999,0,-999,1.2106063458134018
298,3,999,0,-999,0.10550511794257766
298,4,999,0,-999,2.8503377009622346
298,5,999,0,-999,4.745664651804642
298,6,999,0,-999,4.130615219033992
298,7,999,0,-999,4.213406033682404
299,0,3,0,-3,-0.21299115608687003
299,1,3,0,-2,-0.2658951805970611
299,2,3,0,-1,0.4154978421561951
299,3,3,1,0,2.0412786719135028
299,4,3,1,1,2.540333139906436
299,5,3,1,2,4.315726549684245
299,6,3,1,3,7.088464246679042
299,7,3,1,4,7.265029368022987
300,0,3,0,-3,-1.5056923164366254
300,1,3,0,-2,-2.110346413850181
300,2,3,0,-1,-0.4358710379989425
300,3,3,1,0,1.2341333724658923
300,4,3,1,1,3.2471025722687816
300,5,3,1,2,3.778842104986044
300,6,3,1,3,4.210682171831169
300,7,3,1,4,5.593332782722399
301,0,3,0,-3,1.849326325094057
301,1,3,0,-2,1.9460966099926036
301,2,3,0,-1,3.167272329039057
301,3,3,1,0,4.118145512294482
301,4,3,1,1,5.938931600293865
301,5,3,1,2,5.740511124735649
301,6,3,1,3,7.698842519642223
301,7,3,1,4,9.32010213519348
302,0,3,0,-3,1.9845722277091713
302,1,3,0,-2,2.7776809853052504
302,2,3,0,-1,3.437822792952672
302,3,3,1,0,4.715208380952481
302,4,3,1,1,6.56059890548569
302,5,3,1,2,6.702388120779746
302,6,3,1,3,9.447877232360247
302,7,3,1,4,8.078482505844867
303,0,3,0,-3,-1.5998851191703694
303,1,3,0,-2,-1.4592514430161834
303,2,3,0,-1,-1.8100126701750054
303,3,3,1,0,0.43403590938956516
303,4,3,1,1,2.0280036945637816
303,5,3,1,2,3.2690583060489318
303,6,3,1,3,4.362664437548298
303,7,3,1,4,6.063417717375197
304,0,3,0,-3,-2.8004346900806585
304,1,3,0,-2,-1.8145320644698018
304,2,3,0,-1,-0.7975881173199924
304,3,3,1,0,0.7553542020981648
304,4,3,1,1,2.0737712445325918
304,5,3,1,2,3.4868408282134546
304,6,3,1,3,4.103519067654598
304,7,3,1,4,6.8938139561241805
305,0,3,0,-3,-2.323185801950648
305,1,3,0,-2,-1.0266985148302794
305,2,3,0,-1,-1.6529453013637896
305,3,3,1,0,-0.5568553932894518
305,4,3,1,1,1.9401028763534014
305,5,3,1,2,3.3743294529228782
305,6,3,1,3,4.815258638297717
305,7,3,1,4,4.188301016578547
306,0,999,0,-999,1.3561988440606516
306,1,999,0,-999,2.908882858658005
306,2,999,0,-999,2.8768174440801504
306,3,999,0,-999,3.886419579685019
306,4,999,0,-999,3.9161504764391615
306,5,999,0,-999,5.109809656534682
306,6,999,0,-999,5.181879160738166
306,7,999,0,-999,6.641693261880314
307,0,999,0,-999,-0.9312178361132537
307,1,999,0,-999,-2.0635441648931363
307,2,999,0,-999,0.3544740883045912
307,3,999,0,-999,0.5808584233095575
307,4,999,0,-999,0.5620100682852689
307,5,999,0,-999,2.6777866822837955
307,6,999,0,-999,2.6589156841003936
307,7,999,0,-999,4.225460483116059
308,0,5,0,-5,0.45553842020327995
308,1,5,0,-4,0.7625384956425172
308,2,5,0,-3,1.7953337681468824
308,3,5,0,-2,1.6116017864067238
308,4,5,0,-1,3.255718458043667
308,5,5,1,0,4.386199233800836
308,6,5,1,1,5.182184465696102
308,7,5,1,2,6.265805894625698
309,0,5,0,-5,2.144164584248605
309,1,5,0,-4,1.7216112294287207
309,2,5,0,-3,1.1063133005392585
309,3,5,0,-2,2.330969455784775
309,4,5,0,-1,1.820012082984269
309,5,5,1,0,5.134704405121574
309,6,5,1,1,6.279118374948752
309,7,5,1,2,8.385439008749684
310,0,999,0,-999,-0.4379609527733024
310,1,999,0,-999,1.0665987662635479
310,2,999,0,-999,0.3367788097757669
310,3,999,0,-999,1.7159452660958263
310,4,999,0,-999,1.7322810498699681
310,5,999,0,-999,4.5109482926606495
310,6,999,0,-999,4.679366471954573
310,7,999,0,-999,5.094640444607957
311,0,3,0,-3,1.756094790529876
311,1,3,0,-2,2.4737687132265975
311,2,3,0,-1,1.9082110067483082
311,3,3,1,0,5.410853975072691
311,4,3,1,1,6.274327344996954
311,5,3,1,2,6.366582284913958
311,6,3,1,3,7.3049922084506544
311,7,3,1,4,9.60400712134346
312,0,5,0,-5,0.6276405101187772
312,1,5,0,-4,2.4906372570849804
312,2,5,0,-3,2.5689810190785876
312,3,5,0,-2,3.913035958808618
312,4,5,0,-1,4.273481943818375
312,5,5,1,0,4.9558003267890935
312,6,5,1,1,6.547582757904421
312,7,5,1,2,7.990243791888819
313,0,3,0,-3,-0.3158309148130494
313,1,3,0,-2,0.257611660592087
313,2,3,0,-1,0.7509044306174689
313,3,3,1,0,1.4223474866625812
313,4,3,1,1,3.1304977767669824
313,5,3,1,2,4.032664618429818
313,6,3,1,3,6.194821964717663
313,7,3,1,4,8.17796311464696
314,0,5,0,-5,0.9723541819831828
314,1,5,0,-4,0.8300616992417386
314,2,5,0,-3,2.6558283189236547
314,3,5,0,-2,1.8159471639885751
314,4,5,0,-1,2.9195872984872406
314,5,5,1,0,3.8571911217401054
314,6,5,1,1,4.485539044600398
314,7,5,1,2,6.603627189828474
315,0,5,0,-5,-0.5591691645478893
315,1,5,0,-4,-0.21726519162762403
315,2,5,0,-3,-0.7328535273320245
315,3,5,0,-2,0.5085311797632003
315,4,5,0,-1,0.2252798147596886
315,5,5,1,0,1.7001817079551298
315,6,5,1,1,4.890427587042617
315,7,5,1,2,6.054723863725741
316,0,3,0,-3,-0.8295707073344675
316,1,3,0,-2,0.003310934830762835
316,2,3,0,-1,1.3131808613218876
316,3,3,1,0,2.394325661032263
316,4,3,1,1,1.419529688918469
316,5,3,1,2,3.9833153345346375
316,6,3,1,3,5.522996532659466
316,7,3,1,4,7.126291602406872
317,0,5,0,-5,-0.8836557566535106
317,1,5,0,-4,-2.056677172487874
317,2,5,0,-3,-0.5495130661776535
317,3,5,0,-2,-0.19459156719963422
317,4,5,0,-1,1.3388365699345113
317,5,5,1,0,2.9431721180931856
317,6,5,1,1,4.206440789874751
317,7,5,1,2,4.011227003445908
318,0,999,0,-999,2.4511211970460196
318,1,999,0,-999,1.5090470666518168
318,2,999,0,-999,2.1602272625271493
318,3,999,0,-999,2.865998592324317
318,4,999,0,-999,4.000641590015033
318,5,999,0,-999,4.725902770822523
318,6,999,0,-999,6.538044247663488
318,7,999,0,-999,8.318657708216858
319,0,999,0,-999,1.094268003993401
319,1,999,0,-999,1.9813028762350289
319,2,999,0,-999,1.2498079292562332
319,3,999,0,-999,3.120014926627542
319,4,999,0,-999,4.081986634466871
319,5,999,0,-999,4.859818799839148
319,6,999,0,-999,5.746479468065544
319,7,999,0,-999,5.639194653560684
320,0,5,0,-5,1.9306080749783026
320,1,5,0,-4,2.263112912064842
320,2,5,0,-3,2.859825347002335
320,3,5,0,-2,3.2006534900960038
320,4,5,0,-1,4.1656519687318525
320,5,5,1,0,5.106804471938595
320,6,5,1,1,5.749364151514237
320,7,5,1,2,6.803459442705343
321,0,5,0,-5,0.7072814761855732
321,1,5,0,-4,0.5546367500731069
321,2,5,0,-3,0.5300907394680271
321,3,5,0,-2,1.5900248727722266
321,4,5,0,-1,2.3859694664405753
321,5,5,1,0,3.2196634345111894
321,6,5,1,1,5.384414661136409
321,7,5,1,2,4.642655512426552
322,0,999,0,-999,-0.5112618002005203
322,1,999,0,-999,0.6240445503314003
322,2,999,0,-999,-0.9589445481084857
322,3,999,0,-999,1.2828412071821242
322,4,999,0,-999,1.0761097283424776
322,5,999,0,-999,2.734196863148533
322,6,999,0,-999,2.442753068600511
322,7,999,0,-999,5.083496973710823
323,0,5,0,-5,0.8453338007538049
323,1,5,0,-4,1.2126465650435891
323,2,5,0,-3,1.5498698603188625
323,3,5,0,-2,3.8400294912301134
323,4,5,0,-1,4.152496437486509
323,5,5,1,0,5.9892596709972095
323,6,5,1,1,6.826140091281865
323,7,5,1,2,6.71732819386161
324,0,3,0,-3,-0.23348065173396304
324,1,3,0,-2,-0.3092028131504878
324,2,3,0,-1,-0.15346968116091736
324,3,3,1,0,0.787237742636843
324,4,3,1,1,3.1658669112817313
324,5,3,1,2,3.486190332017782
324,6,3,1,3,6.208553365984506
324,7,3,1,4,6.829104062968022
325,0,5,0,-5,0.9954814041930956
325,1,5,0,-4,0.31749371406477944
325,2,5,0,-3,3.2237645283859053
325,3,5,0,-2,2.8358022631177207
325,4,5,0,-1,3.1332839968836526
325,5,5,1,0,3.689080435032346
325,6,5,1,1,5.242568288277414
325,7,5,1,2,5.781200546051686
326,0,3,0,-3,-0.6910453056318178
326,1,3,0,-2,-0.451670025693757
326,2,3,0,-1,-0.916624077224035
326,3,3,1,0,2.1845070132392794
326,4,3,1,1,1.689709167216017
326,5,3,1,2,4.487285023689735
326,6,3,1,3,5.998043795033487
326,7,3,1,4,7.04989583574461
327,0,5,0,-5,-0.3588097638614187
327,1,5,0,-4,0.4537155466114187
327,2,5,0,-3,-0.17325173514737502
327,3,5,0,-2,1.1390741347879616
327,4,5,0,-1,2.181944579714034
327,5,5,1,0,3.4431455457885383
327,6,5,1,1,4.425591636067626
327,7,5,1,2,5.784891561297856
328,0,3,0,-3,0.6450836253943889
328,1,3,0,-2,2.8525037816671728
328,2,3,0,-1,1.655661852324626
328,3,3,1,0,4.251025146102416
328,4,3,1,1,4.840585773434524
328,5,3,1,2,6.1848208789022046
328,6,3,1,3,7.538320839994956
328,7,3,1,4,8.31581208801206
329,0,5,0,-5,-0.5440278510941069
329,1,5,0,-4,-0.7983020648353621
329,2,5,0,-3,-0.5092531225087578
329,3,5,0,-2,-0.12484205717190539
329,4,5,0,-1,-0.22458431167579262
329,5,5,1,0,1.9269021202928354
329,6,5,1,1,3.8480416787062226
329,7,5,1,2,5.4325470121133375
330,0,5,0,-5,-0.44598752901671784
330,1,5,0,-4,2.161791118377649
330,2,5,0,-3,1.399852355600819
330,3,5,0,-2,0.5624738959841726
330,4,5,0,-1,3.2788346873146774
330,5,5,1,0,4.437804012562465
330,6,5,1,1,3.81308501796319
330,7,5,1,2,7.596020106554462
331,0,3,0,-3,0.020100632731598456
331,1,3,0,-2,0.3070026994880551
331,2,3,0,-1,-0.23875698421732622
331,3,3,1,0,0.7552786094618388
331,4,3,1,1,2.929441549040215
331,5,3,1,2,4.4624781516029834
331,6,3,1,3,4.5995917986758865
331,7,3,1,4,6.793377607819304
332,0,999,0,-999,-0.7209922791372037
332,1,999,0,-999,-1.4710530307186236
332,2,999,0,-999,-1.0516778424114646
332,3,999,0,-999,0.00979078089178987
332,4,999,0,-999,1.6442062873523298
332,5,999,0,-999,2.0435504573965275
332,6,999,0,-999,1.8674899686981203
332,7,999,0,-999,3.2490991904041207
333,0,3,0,-3,-0.4442373578625608
333,1,3,0,-2,1.420199032333734
333,2,3,0,-1,1.2343766790292254
333,3,3,1,0,3.2541542998859043
333,4,3,1,1,4.607309402431804
333,5,3,1,2,5.720653359460272
333,6,3,1,3,7.673574130173952
333,7,3,1,4,7.89041273367663
334,0,3,0,-3,1.022949087886618
334,1,3,0,-2,0.38052986135981
334,2,3,0,-1,0.8341877319318405
334,3,3,1,0,1.3801735507002573
334,4,3,1,1,3.370336853642555
334,5,3,1,2,5.3796418743565795
334,6,3,1,3,7.021888047312254
334,7,3,1,4,7.750007250414798
335,0,5,0,-5,1.7439333110097528
335,1,5,0,-4,0.3077576149616026
335,2,5,0,-3,1.3358793788735515
335,3,5,0,-2,2.319422373616534
335,4,5,0,-1,2.855726308723074
335,5,5,1,0,4.518630896305086
335,6,5,1,1,5.811452404542904
335,7,5,1,2,7.90501001164934
336,0,999,0,-999,0.40427335065882
336,1,999,0,-999,1.7576002222547924
336,2,999,0,-999,3.0985636175274474
336,3,999,0,-999,0.9802844236419921
336,4,999,0,-999,2.8232952131307387
336,5,999,0,-999,4.113145893053641
336,6,999,0,-999,5.216751704653896
336,7,999,0,-999,6.3427871768821875
337,0,999,0,-999,0.14751085436291378
337,1,999,0,-999,1.1407669707665913
337,2,999,0,-999,2.0120040497782163
337,3,999,0,-999,2.2337675173070957
337,4,999,0,-999,3.511585800099648
337,5,999,0,-999,3.7934495237928116
337,6,999,0,-999,4.554693111694721
337,7,999,0,-999,6.661925441946092
338,0,999,0,-999,1.5836600070516669
338,1,999,0,-999,1.6703378024989386
338,2,999,0,-999,3.12229973200977
338,3,999,0,-999,3.738317099818601
338,4,999,0,-999,2.3540689595518076
338,5,999,0,-999,4.949418167305509
338,6,999,0,-999,4.420217407952762
338,7,999,0,-999,5.562885216782867
339,0,999,0,-999,-0.10180536855681876
339,1,999,0,-999,0.9603739821881283
339,2,999,0,-999,2.5034656289332853
339,3,999,0,-999,2.7904841158462315
339,4,999,0,-999,4.83294010795009
339,5,999,0,-999,4.281152571779206
339,6,999,0,-999,3.882791981211976
339,7,999,0,-999,5.101994466595363
340,0,3,0,-3,-2.8344810489774224
340,1,3,0,-2,-0.6380656688804709
340,2,3,0,-1,-0.4362811579369382
340,3,3,1,0,0.23219877019427781
340,4,3,1,1,1.3212690137233962
340,5,3,1,2,5.185556182104422
340,6,3,1,3,4.030904545765294
340,7,3,1,4,5.874298002966006
341,0,999,0,-999,-1.5878337460346994
341,1,999,0,-999,0.1424448964858058
341,2,999,0,-999,0.6826538764395592
341,3,999,0,-999,2.163811903308178
341,4,999,0,-999,1.746682294223123
341,5,999,0,-999,2.059271533592253
341,6,999,0,-999,2.2824477428347274
341,7,999,0,-999,4.34685643448135
342,0,999,0,-999,-0.029663696716199395
342,1,999,0,-999,-0.3617708971424498
342,2,999,0,-999,0.9621036919822572
342,3,999,0,-999,0.9164539527718546
342,4,999,0,-999,1.3502818465751263
342,5,999,0,-999,2.461899259071082
342,6,999,0,-999,3.0741585378600575
342,7,999,0,-999,3.987432915071969
343,0,3,0,-3,0.79242480630435
343,1,3,0,-2,2.0347712668940576
343,2,3,0,-1,1.1395747403190069
343,3,3,1,0,3.3921490468957014
343,4,3,1,1,3.652939139004663
343,5,3,1,2,5.416712715009579
343,6,3,1,3,5.672885481191109
343,7,3,1,4,7.83072570734633
344,0,3,0,-3,1.2466604547105948
344,1,3,0,-2,2.4724634190243737
344,2,3,0,-1,1.4649132733028285
344,3,3,1,0,4.871074924101666
344,4,3,1,1,4.9756616342494056
344,5,3,1,2,6.080678817875025
344,6,3,1,3,6.658431183430178
344,7,3,1,4,8.64397486200644
345,0,3,0,-3,2.277687972412895
345,1,3,0,-2,0.4811553282662757
345,2,3,0,-1,2.736935679402807
345,3,3,1,0,5.315319069483568
345,4,3,1,1,6.552332608398141
345,5,3,1,2,6.22823686652856
345,6,3,1,3,9.042392782654307
345,7,3,1,4,8.965032657440844
346,0,5,0,-5,0.7125104418262356
346,1,5,0,-4,1.412536644773089
346,2,5,0,-3,0.9357123941790959
346,3,5,0,-2,1.1837417036201177
346,4,5,0,-1,2.7848750337749792
346,5,5,1,0,3.867498653538445
346,6,5,1,1,6.244890634875718
346,7,5,1,2,5.847799103733818
347,0,5,0,-5,1.0274895574946503
347,1,5,0,-4,-0.6368547853164674
347,2,5,0,-3,0.7452359845712502
347,3,5,0,-2,-0.5862054587666137
347,4,5,0,-1,1.270881664242152
347,5,5,1,0,3.6354414382081823
347,6,5,1,1,4.820778869244245
347,7,5,1,2,5.4116965918591955
348,0,5,0,-5,0.9515600665912366
348,1,5,0,-4,1.5658265488158107
348,2,5,0,-3,1.3664882051713905
348,3,5,0,-2,2.839155270264582
348,4,5,0,-1,2.531593296500709
348,5,5,1,0,5.625972406131809
348,6,5,1,1,4.075510425130997
348,7,5,1,2,7.850388801832191
349,0,5,0,-5,-0.019950070428846556
349,1,5,0,-4,-0.20319339837452466
349,2,5,0,-3,0.5681310003629708
349,3,5,0,-2,1.004478567629828
349,4,5,0,-1,3.560405733919432
349,5,5,1,0,5.104549226151976
349,6,5,1,1,3.984694230378916
349,7,5,1,2,6.13702442950791
350,0,3,0,-3,-0.02525358211056347
350,1,3,0,-2,0.3137258806246343
350,2,3,0,-1,1.409570005192193
350,3,3,1,0,1.7052586926104545
350,4,3,1,1,3.2344120073251545
350,5,3,1,2,4.169391540672576
350,6,3,1,3,6.0101989303761325
350,7,3,1,4,7.636196491422355
351,0,999,0,-999,-1.2107402873236033
351,1,999,0,-999,-0.6957897076518484
351,2,999,0,-999,-0.3220149063764714
351,3,999,0,-999,0.9089220053898182
351,4,999,0,-999,2.907120441556763
351,5,999,0,-999,3.2908748535643433
351,6,999,0,-999,2.7204783189121566
351,7,999,0,-999,4.263786386947435
352,0,999,0,-999,-0.6854723396798735
352,1,999,0,-999,-2.2712906931338255
352,2,999,0,-999,0.7004078283185904
352,3,999,0,-999,1.1755148594526061
352,4,999,0,-999,-0.4320575444952979
352,5,999,0,-999,2.01470892787467
352,6,999,0,-999,2.155551547504786
352,7,999,0,-999,3.3503975257704317
353,0,3,0,-3,-0.8399929613478913
353,1,3,0,-2,0.8108703364818813
353,2,3,0,-1,0.3347547372003785
353,3,3,1,0,2.5927508360498486
353,4,3,1,1,3.7636768263736613
353,5,3,1,2,4.445773980656641
353,6,3,1,3,7.529110996247692
353,7,3,1,4,7.832810550391963
354,0,3,0,-3,-3.1740023837848397
354,1,3,0,-2,-2.08072787151068
354,2,3,0,-1,-2.5391510415417557
354,3,3,1,0,-0.08295940112647338
354,4,3,1,1,1.2226332707983159
354,5,3,1,2,2.286497157373873
354,6,3,1,3,3.318593540352929
354,7,3,1,4,5.319403837341602
355,0,5,0,-5,-0.12642746286112505
355,1,5,0,-4,-0.0291501925257769
355,2,5,0,-3,-0.36234129445400115
355,3,5,0,-2,1.3424770897452039
355,4,5,0,-1,1.8317277457253702
355,5,5,1,0,3.3168377758306518
355,6,5,1,1,3.553684109446844
355,7,5,1,2,5.744677934552602
356,0,3,0,-3,3.3554068900337395
356,1,3,0,-2,3.8057159537927694
356,2,3,0,-1,3.709568800226533
356,3,3,1,0,5.349492975349966
356,4,3,1,1,6.58210824800733
356,5,3,1,2,7.498102159354845
356,6,3,1,3,8.532805584753525
356,7,3,1,4,10.124320026320365
357,0,3,0,-3,-1.4065067093598513
357,1,3,0,-2,-0.27645951692828796
357,2,3,0,-1,-0.19040750306823148
357,3,3,1,0,1.7995859162342074
357,4,3,1,1,2.589838472378256
357,5,3,1,2,2.8401398819799217
357,6,3,1,3,3.8092424624711843
357,7,3,1,4,6.64030326525495
358,0,3,0,-3,-1.825254810211743
358,1,3,0,-2,-2.4769876724898685
358,2,3,0,-1,-2.195716304638484
358,3,3,1,0,-1.3949045400766193
358,4,3,1,1,0.9415610225177219
358,5,3,1,2,2.5644551769887887
358,6,3,1,3,3.2550304387387583
358,7,3,1,4,3.6227286356491177
359,0,999,0,-999,-0.5547490794059277
359,1,999,0,-999,-0.10580380676655925
359,2,999,0,-999,0.902460213334298
359,3,999,0,-999,1.5670621782066676
359,4,999,0,-999,1.4355658710152184
359,5,999,0,-999,2.977707149037402
359,6,999,0,-999,2.916710121464764
359,7,999,0,-999,3.27151328107216
360,0,999,0,-999,0.8450567019145653
360,1,999,0,-999,1.1366840304962968
360,2,999,0,-999,1.4557176731332002
360,3,999,0,-999,0.19568029743742454
360,4,999,0,-999,3.40467225310209
360,5,999,0,-999,3.9792678366419314
360,6,999,0,-999,3.5219164074014335
360,7,999,0,-999,4.553378617313636
361,0,5,0,-5,-0.6219450106895629
361,1,5,0,-4,1.7243843195386437
361,2,5,0,-3,0.6383931419985203
361,3,5,0,-2,1.3647202776258698
361,4,5,0,-1,2.275448655021641
361,5,5,1,0,3.9214353014741965
361,6,5,1,1,2.932101501380647
361,7,5,1,2,5.732653949111574
362,0,5,0,-5,-1.7498819642209058
362,1,5,0,-4,-1.058028536617207
362,2,5,0,-3,0.4217752234163686
362,3,5,0,-2,0.47305868609273966
362,4,5,0,-1,0.9168331938649857
362,5,5,1,0,1.4934444189928602
362,6,5,1,1,3.703818044939928
362,7,5,1,2,3.555952591697856
363,0,3,0,-3,-1.809979587767638
363,1,3,0,-2,-1.2415553627478275
363,2,3,0,-1,0.6980038751248892
363,3,3,1,0,0.8698835410038528
363,4,3,1,1,2.9575928612218227
363,5,3,1,2,4.7764095187473
363,6,3,1,3,5.127354379956986
363,7,3,1,4,6.250384373403012
364,0,3,0,-3,-2.1546148754884595
364,1,3,0,-2,-1.4377280575828866
364,2,3,0,-1,-2.008963376744771
364,3,3,1,0,-0.2685146613922591
364,4,3,1,1,1.2355087718451132
364,5,3,1,2,2.84200035144511
364,6,3,1,3,5.1154748722284715
364,7,3,1,4,6.838080216224606
365,0,5,0,-5,-1.563156160286092
365,1,5,0,-4,-0.7838854487262416
365,2,5,0,-3,-0.1952942125481017
365,3,5,0,-2,1.97529993744953
365,4,5,0,-1,2.0156003980598305
365,5,5,1,0,2.3397108378121714
365,6,5,1,1,2.2055880702369857
365,7,5,1,2,4.577532164672569
366,0,5,0,-5,-1.7686345792372855
366,1,5,0,-4,0.000694557417016739
366,2,5,0,-3,-1.0597368007478438
366,3,5,0,-2,-0.40447946633431936
366,4,5,0,-1,2.6628998974320366
366,5,5,1,0,0.5630997549279856
366,6,5,1,1,2.511720227577488
366,7,5,1,2,3.591283441070901
367,0,5,0,-5,-0.5507902056102438
367,1,5,0,-4,-2.0350998527801054
367,2,5,0,-3,-0.3543520471472264
367,3,5,0,-2,0.5986338802501019
367,4,5,0,-1,0.3062477451259711
367,5,5,1,0,1.8741173775657107
367,6,5,1,1,2.9404321616104743
367,7,5,1,2,3.030795456143629
368,0,999,0,-999,-0.17693597265921102
368,1,999,0,-999,-0.22778093874268002
368,2,999,0,-999,0.7252869853455741
368,3,999,0,-999,-0.28124955249271366
368,4,999,0,-999,0.1562562960998377
368,5,999,0,-999,1.9632704516803554
368,6,999,0,-999,2.2601243958842727
368,7,999,0,-999,3.7509802929319087
369,0,999,0,-999,0.8388337241535263
369,1,999,0,-999,0.567338522598369
369,2,999,0,-999,0.9566762031768118
369,3,999,0,-999,1.0589631506448103
369,4,999,0,-999,3.0603496829440764
369,5,999,0,-999,5.579594444301794
369,6,999,0,-999,4.33238121527751
369,7,999,0,-999,5.963551819610441
370,0,999,0,-999,0.5694307760145212
370,1,999,0,-999,0.8955071646205279
370,2,999,0,-999,0.895623275510377
370,3,999,0,-999,1.4836676567691724
370,4,999,0,-999,2.3366009063769835
370,5,999,0,-999,3.1999374457870076
370,6,999,0,-999,3.0998037909700757
370,7,999,0,-999,5.434261497452783
371,0,5,0,-5,1.5451270726204718
371,1,5,0,-4,1.7392454290734098
371,2,5,0,-3,1.458727373313826
371,3,5,0,-2,1.3643983488349192
371,4,5,0,-1,3.426554781346777
371,5,5,1,0,4.77796196365986
371,6,5,1,1,5.8498260886938365
371,7,5,1,2,6.6471907401316255
372,0,3,0,-3,-0.0156015385524549
372,1,3,0,-2,0.5903296029039791
372,2,3,0,-1,0.392433021603623
372,3,3,1,0,1.4323665672826298
372,4,3,1,1,3.4213350307348023
372,5,3,1,2,5.021105166370427
372,6,3,1,3,6.062971205481798
372,7,3,1,4,8.438806103091562
373,0,3,0,-3,0.6350545102767852
373,1,3,0,-2,1.2097223830023225
373,2,3,0,-1,1.4220395329096596
373,3,3,1,0,4.195222560046401
373,4,3,1,1,4.484823751304835
373,5,3,1,2,5.831084686128121
373,6,3,1,3,6.649653677792482
373,7,3,1,4,8.142667891638489
374,0,999,0,-999,0.4126744823307934
374,1,999,0,-999,-0.11783651436301892
374,2,999,0,-999,0.24409331892649916
374,3,999,0,-999,0.25481673173260866
374,4,999,0,-999,1.8115720245488007
374,5,999,0,-999,2.6869102128070064
374,6,999,0,-999,2.963292767905395
374,7,999,0,-999,4.91228815996111
375,0,3,0,-3,-0.3134240471844181
375,1,3,0,-2,0.2761993091157888
375,2,3,0,-1,1.5960128397915703
375,3,3,1,0,2.029474996977669
375,4,3,1,1,4.180172729031172
375,5,3,1,2,4.657864702567299
375,6,3,1,3,6.839599563532278
375,7,3,1,4,7.18510054004394
376,0,3,0,-3,1.14971890929483
376,1,3,0,-2,1.5202017312219906
376,2,3,0,-1,2.5798812400758977
376,3,3,1,0,4.989652082818582
376,4,3,1,1,5.406801077628119
376,5,3,1,2,6.0403842157913346
376,6,3,1,3,8.55952226786458
376,7,3,1,4,8.885203563970634
377,0,5,0,-5,0.13294131496485384
377,1,5,0,-4,0.002025534046213917
377,2,5,0,-3,0.7918671008145786
377,3,5,0,-2,1.077151896247141
377,4,5,0,-1,2.40397711183783
377,5,5,1,0,2.90438210178883
377,6,5,1,1,4.079023685714414
377,7,5,1,2,5.47789975316166
378,0,5,0,-5,-2.47854298155744
378,1,5,0,-4,-1.48787036004736
378,2,5,0,-3,-1.083034484916574
378,3,5,0,-2,-0.9402359826384752
378,4,5,0,-1,-0.8339426627387029
378,5,5,1,0,2.6371948592812973
378,6,5,1,1,2.1504534656701355
378,7,5,1,2,3.9487196288874222
379,0,5,0,-5,1.7442430377437401
379,1,5,0,-4,1.2656598553907012
379,2,5,0,-3,3.1652416683515234
379,3,5,0,-2,3.834421986218554
379,4,5,0,-1,3.5679227517327625
379,5,5,1,0,4.739853373817949
379,6,5,1,1,5.285536574143541
379,7,5,1,2,6.3971800017669
380,0,3,0,-3,0.21371862093022542
380,1,3,0,-2,0.8056419989823791
380,2,3,0,-1,1.7225611654536381
380,3,3,1,0,2.0489668285717793
380,4,3,1,1,3.9552748147797354
380,5,3,1,2,4.338848805203531
380,6,3,1,3,6.287185157426124
380,7,3,1,4,7.369782880077919
381,0,3,0,-3,0.19540596255974668
381,1,3,0,-2,1.2564403136558797
381,2,3,0,-1,1.0161026577135195
381,3,3,1,0,3.069553225464446
381,4,3,1,1,4.542486077981388
381,5,3,1,2,4.593140927407436
381,6,3,1,3,6.169382417164497
381,7,3,1,4,7.113233435346545
382,0,5,0,-5,1.0279671491279443
382,1,5,0,-4,-0.27580404787835544
382,2,5,0,-3,1.9975381985911123
382,3,5,0,-2,1.8639452739744014
382,4,5,0,-1,2.601964803111117
382,5,5,1,0,3.6432997346497555
382,6,5,1,1,5.418969680372633
382,7,5,1,2,6.129278311519599
383,0,999,0,-999,0.3426945237633028
383,1,999,0,-999,1.2989053624085416
383,2,999,0,-999,0.8079891779235181
383,3,999,0,-999,1.1139033750709584
383,4,999,0,-999,2.4102427770128116
383,5,999,0,-999,1.4937499257728932
383,6,999,0,-999,4.348240453430746
383,7,999,0,-999,5.114857895159808
384,0,5,0,-5,0.9927415362702097
384,1,5,0,-4,0.6930727722553529
384,2,5,0,-3,1.6751844648325478
384,3,5,0,-2,2.6886808163942466
384,4,5,0,-1,3.8252737445450373
384,5,5,1,0,4.897543422479916
384,6,5,1,1,5.634369298522956
384,7,5,1,2,6.976383759554626
385,0,3,0,-3,-0.9368917079380499
385,1,3,0,-2,0.049758835134537306
385,2,3,0,-1,1.2232730675295644
385,3,3,1,0,1.5170491372899066
385,4,3,1,1,3.43140840480703
385,5,3,1,2,4.150790536801312
385,6,3,1,3,5.713758944422043
385,7,3,1,4,7.205055700923446
386,0,5,0,-5,0.2040153794702194
386,1,5,0,-4,-0.21233699904433256
386,2,5,0,-3,1.2769011640622088
386,3,5,0,-2,1.9577516557702401
386,4,5,0,-1,2.249934790232799
386,5,5,1,0,4.112857344121998
386,6,5,1,1,4.840450897091676
386,7,5,1,2,6.114845577655167
387,0,5,0,-5,-1.1975627184085988
387,1,5,0,-4,0.13621633533320587
387,2,5,0,-3,0.12801520228960248
387,3,5,0,-2,-0.0018524509040461767
387,4,5,0,-1,1.472049693176926
387,5,5,1,0,2.3675562013968774
387,6,5,1,1,4.23870561304343
387,7,5,1,2,3.2692347851858883
388,0,999,0,-999,1.4310705409640334
388,1,999,0,-999,1.120439624004097
388,2,999,0,-999,0.6242185103294055
388,3,999,0,-999,2.2153276021751434
388,4,999,0,-999,2.4265951662348635
388,5,999,0,-999,3.043139487976233
388,6,999,0,-999,3.9988308807432515
388,7,999,0,-999,5.759737333124975
389,0,3,0,-3,-0.945464163118759
389,1,3,0,-2,0.2732316787981988
389,2,3,0,-1,0.8016557378844443
389,3,3,1,0,3.0838148812704453
389,4,3,1,1,3.125025028033637
389,5,3,1,2,6.430125120758749
389,6,3,1,3,6.861864177792482
389,7,3,1,4,8.099514369033207
390,0,3,0,-3,0.20495249257809944
390,1,3,0,-2,1.857904429881423
390,2,3,0,-1,1.138885442722845
390,3,3,1,0,2.0661956093634792
390,4,3,1,1,4.019852079364828
390,5,3,1,2,4.819059187714944
390,6,3,1,3,6.838988932784906
390,7,3,1,4,6.654418543751449
391,0,5,0,-5,-1.8769971303866186
391,1,5,0,-4,-0.32498957298098186
391,2,5,0,-3,-0.8462537698190353
391,3,5,0,-2,0.0796583437741093
391,4,5,0,-1,-0.04184203663486019
391,5,5,1,0,3.947495990271903
391,6,5,1,1,2.920855707788523
391,7,5,1,2,4.9465079859226115
392,0,999,0,-999,2.4870130336829166
392,1,999,0,-999,1.696860648054335
392,2,999,0,-999,2.8335193660309272
392,3,999,0,-999,3.8829687372504944
392,4,999,0,-999,4.7565594521638825
392,5,999,0,-999,3.9750300323044128
392,6,999,0,-999,7.167374611072028
392,7,999,0,-999,7.1439098871060684
393,0,999,0,-999,-0.12994294305264262
393,1,999,0,-999,-0.6750907861554648
393,2,999,0,-999,1.3766041601478243
393,3,999,0,-999,1.669510884326684
393,4,999,0,-999,2.3310005920193424
393,5,999,0,-999,3.3025230237093863
393,6,999,0,-999,4.275054212036392
393,7,999,0,-999,4.552975242372242
394,0,3,0,-3,0.03701819626939984
394,1,3,0,-2,0.08663912497188564
394,2,3,0,-1,-0.059377599828149635
394,3,3,1,0,2.466058696460827
394,4,3,1,1,2.161977839714653
394,5,3,1,2,3.4834956720296146
394,6,3,1,3,4.8099995442240235
394,7,3,1,4,7.629595867041328
395,0,5,0,-5,-0.5075714594741698
395,1,5,0,-4,0.1450725346929494
395,2,5,0,-3,0.18042247329081057
395,3,5,0,-2,0.6914435863437448
395,4,5,0,-1,1.2164486073566967
395,5,5,1,0,2.3186920941299514
395,6,5,1,1,3.5329817430232686
395,7,5,1,2,5.243879831701772
396,0,5,0,-5,-0.22061462109472585
396,1,5,0,-4,1.8343748464306089
396,2,5,0,-3,1.1404747053176059
396,3,5,0,-2,1.9817613880387437
396,4,5,0,-1,1.8344240516529817
396,5,5,1,0,2.7860934491900258
396,6,5,1,1,4.17647833387916
396,7,5,1,2,5.635850943352345
397,0,5,0,-5,-2.3286455058225997
397,1,5,0,-4,-0.7980986570494009
397,2,5,0,-3,-0.33365455929551313
397,3,5,0,-2,-0.056161493545514
397,4,5,0,-1,0.385000790997046
397,5,5,1,0,2.126137402216721
397,6,5,1,1,2.5536801723554428
397,7,5,1,2,3.673762506781627
398,0,999,0,-999,0.12372268487407379
398,1,999,0,-999,0.5810711880588966
398,2,999,0,-999,0.17553221471134017
398,3,999,0,-999,2.2085385294550814
398,4,999,0,-999,2.8174984289959597
398,5,999,0,-999,2.65860836495266
398,6,999,0,-999,3.4846850408486363
398,7,999,0,-999,3.8755454355523455
399,0,3,0,-3,1.979081983339535
399,1,3,0,-2,1.845108721266867
399,2,3,0,-1,1.1880753395278272
399,3,3,1,0,3.9778527949273044
399,4,3,1,1,5.5183508749837795
399,5,3,1,2,6.2958641173686605
399,6,3,1,3,7.86787763160862
399,7,3,1,4,8.31872182920553
400,0,5,0,-5,0.4950684641832127
400,1,5,0,-4,1.3256109130798208
400,2,5,0,-3,1.6590419317344867
400,3,5,0,-2,2.2892119407433986
400,4,5,0,-1,1.5744961183628716
400,5,5,1,0,4.811115102960262
400,6,5,1,1,3.1880468961594697
400,7,5,1,2,6.060248228462905
401,0,3,0,-3,1.1837039932094156
401,1,3,0,-2,2.4784906454146203
401,2,3,0,-1,2.7209301835540574
401,3,3,1,0,3.328938432940649
401,4,3,1,1,3.887301596951472
401,5,3,1,2,6.017273802395724
401,6,3,1,3,6.223756383777266
401,7,3,1,4,9.34918440292046
402,0,5,0,-5,-1.4035607226231515
402,1,5,0,-4,-0.7917057210889965
402,2,5,0,-3,-1.6372493398875405
402,3,5,0,-2,0.07278338468220868
402,4,5,0,-1,0.7899894814327039
402,5,5,1,0,1.2508263341849384
402,6,5,1,1,2.349596185237906
402,7,5,1,2,5.070386723623724
403,0,3,0,-3,0.055450937820718194
403,1,3,0,-2,-1.2447630480562497
403,2,3,0,-1,-0.5124738126448634
403,3,3,1,0,1.5526137463427774
403,4,3,1,1,3.8796140696480528
403,5,3,1,2,4.870114852080514
403,6,3,1,3,4.884703619372486
403,7,3,1,4,7.33234973334657
404,0,999,0,-999,-1.0934185586654932
404,1,999,0,-999,0.22240849970119675
404,2,999,0,-999,0.2645317627247252
404,3,999,0,-999,-0.003536196541005343
404,4,999,0,-999,1.9325500369509094
404,5,999,0,-999,3.096250281319422
404,6,999,0,-999,2.7209477510392506
404,7,999,0,-999,6.23313033560928
405,0,3,0,-3,0.2125274782862302
405,1,3,0,-2,-0.02517890736798073
405,2,3,0,-1,-0.12542528547521736
405,3,3,1,0,1.929814731026233
405,4,3,1,1,2.3455846247369574
405,5,3,1,2,3.7694060419004014
405,6,3,1,3,5.2839174307902095
405,7,3,1,4,7.176448940612347
406,0,5,0,-5,-0.316688051225841
406,1,5,0,-4,1.1723307559190463
406,2,5,0,-3,1.908654573173226
406,3,5,0,-2,1.7893010195970005
406,4,5,0,-1,1.918417167771405
406,5,5,1,0,2.4828053408285933
406,6,5,1,1,5.164197327392732
406,7,5,1,2,7.251281835644242
407,0,3,0,-3,0.2537240852826136
407,1,3,0,-2,0.891522204144781
407,2,3,0,-1,1.776665954890721
407,3,3,1,0,2.1631613907500418
407,4,3,1,1,2.5719158839686616
407,5,3,1,2,4.127215111325414
407,6,3,1,3,4.723579598988206
407,7,3,1,4,8.134765465329778
408,0,999,0,-999,-1.5759474280709502
408,1,999,0,-999,1.1516921847812034
408,2,999,0,-999,0.7309033791102376
408,3,999,0,-999,1.9761805009621045
408,4,999,0,-999,0.5526706837780662
408,5,999,0,-999,4.209867051494406
408,6,999,0,-999,2.4653590385924122
408,7,999,0,-999,4.223811939726627
409,0,5,0,-5,-1.901636566621787
409,1,5,0,-4,-0.9683011664005015
409,2,5,0,-3,1.0005926871149173
409,3,5,0,-2,1.4329385770423082
409,4,5,0,-1,2.728462104833972
409,5,5,1,0,2.579702523866194
409,6,5,1,1,4.771431142693142
409,7,5,1,2,6.072017079514763
410,0,5,0,-5,1.2643471182076484
410,1,5,0,-4,2.2941541542225092
410,2,5,0,-3,2.796640949949356
410,3,5,0,-2,3.5533449345739925
410,4,5,0,-1,4.069994891959332
410,5,5,1,0,5.337235115753642
410,6,5,1,1,6.193035268306131
410,7,5,1,2,7.295093535238692
411,0,999,0,-999,0.410656620613405
411,1,999,0,-999,2.256040807144157
411,2,999,0,-999,2.06250801107338
411,3,999,0,-999,1.7275451311539394
411,4,999,0,-999,2.3770138170887054
411,5,999,0,-999,3.898657832288435
411,6,999,0,-999,6.0533174049983405
411,7,999,0,-999,6.345630411173998
412,0,5,0,-5,-0.8026767820157856
412,1,5,0,-4,0.3020886184369196
412,2,5,0,-3,1.9753386396303299
412,3,5,0,-2,0.5607316632974373
412,4,5,0,-1,3.146913112999673
412,5,5,1,0,3.5176411850509033
412,6,5,1,1,4.7336984041418555
412,7,5,1,2,4.684740878130679
413,0,3,0,-3,-3.094662077771805
413,1,3,0,-2,-2.8634339477162465
413,2,3,0,-1,-1.2216234142773696
413,3,3,1,0,0.4049356250967916
413,4,3,1,1,0.930009149930357
413,5,3,1,2,2.189560057690711
413,6,3,1,3,3.811760811346323
413,7,3,1,4,5.0100176951023085
414,0,5,0,-5,-1.2241773258084896
414,1,5,0,-4,0.38553453494678325
414,2,5,0,-3,-0.008231838827898519
414,3,5,0,-2,1.0653918370104734
414,4,5,0,-1,1.76155477089252
414,5,5,1,0,2.80305963752399
414,6,5,1,1,4.591376593615069
414,7,5,1,2,4.46311242628691
415,0,5,0,-5,0.25743366661202843
415,1,5,0,-4,1.1990259631926827
415,2,5,0,-3,0.4772675166960502
415,3,5,0,-2,1.1363532428380587
415,4,5,0,-1,1.612546250947107
415,5,5,1,0,3.7375291100556596
415,6,5,1,1,3.8417390193220275
415,7,5,1,2,5.480821081061123
416,0,5,0,-5,0.19575874355770506
416,1,5,0,-4,-0.3859563377419358
416,2,5,0,-3,0.9605332483429686
416,3,5,0,-2,2.02613621480023
416,4,5,0,-1,1.5161890723696057
416,5,5,1,0,3.4307534658348744
416,6,5,1,1,6.076293994052753
416,7,5,1,2,4.392708440479312
417,0,3,0,-3,0.3664312197020556
417,1,3,0,-2,-0.5757436406602653
417,2,3,0,-1,0.2313431214562527
417,3,3,1,0,0.5721923280178076
417,4,3,1,1,4.075874755278692
417,5,3,1,2,5.015670258837661
417,6,3,1,3,6.641672443685744
417,7,3,1,4,7.659603716619673
418,0,5,0,-5,-0.5576723674025034
418,1,5,0,-4,0.7310636837871245
418,2,5,0,-3,1.3639936211654193
418,3,5,0,-2,1.2189211182320983
418,4,5,0,-1,2.6830127991591644
418,5,5,1,0,4.392466531828989
418,6,5,1,1,3.7428909628108107
418,7,5,1,2,5.147439375962945
419,0,5,0,-5,0.5462648111450324
419,1,5,0,-4,1.2791711961610166
419,2,5,0,-3,-0.30022067922913065
419,3,5,0,-2,2.1002739722533326
419,4,5,0,-1,2.106774449378531
419,5,5,1,0,2.816751660547036
419,6,5,1,1,4.1569145544347785
419,7,5,1,2,5.874174144243302
420,0,3,0,-3,0.14694732054184345
420,1,3,0,-2,-1.296958139085207
420,2,3,0,-1,-0.8086840521609882
420,3,3,1,0,1.205122102001933
420,4,3,1,1,3.737292525582295
420,5,3,1,2,4.34954738731847
420,6,3,1,3,5.2088192538601295
420,7,3,1,4,6.950453897286839
421,0,999,0,-999,0.944266350670748
421,1,999,0,-999,2.07620650300505
421,2,999,0,-999,1.3612641716600544
421,3,999,0,-999,3.128121500547557
421,4,999,0,-999,2.8306729280381075
421,5,999,0,-999,4.475637736729948
421,6,999,0,-999,5.745343575786668
421,7,999,0,-999,6.513634503375622
422,0,3,0,-3,-0.9974699480796341
422,1,3,0,-2,0.23776667928143602
422,2,3,0,-1,0.11394267921436149
422,3,3,1,0,2.872779647682122
422,4,3,1,1,3.820647755697361
422,5,3,1,2,4.487351755345172
422,6,3,1,3,5.194129785333148
422,7,3,1,4,6.618250631310998
423,0,5,0,-5,-0.07782726029740442
423,1,5,0,-4,-0.373245083169076
423,2,5,0,-3,0.8862963072235689
423,3,5,0,-2,1.073921162938455
423,4,5,0,-1,2.834369115120578
423,5,5,1,0,3.2618812492692872
423,6,5,1,1,4.920765372113668
423,7,5,1,2,6.2171653739264645
424,0,5,0,-5,-0.10285454629908436
424,1,5,0,-4,-0.11038639048404005
424,2,5,0,-3,0.8875203558361422
424,3,5,0,-2,0.32811971592577294
424,4,5,0,-1,1.3698419219507123
424,5,5,1,0,2.8683518369170895
424,6,5,1,1,3.9872865959344654
424,7,5,1,2,5.5139211488791595
425,0,3,0,-3,-0.36367802887876277
425,1,3,0,-2,0.5015846885274544
425,2,3,0,-1,2.8871450642053498
425,3,3,1,0,2.2986945224312305
425,4,3,1,1,2.3049272614530514
425,5,3,1,2,5.2327947540341295
425,6,3,1,3,7.204504058638328
425,7,3,1,4,8.890537740017862
426,0,5,0,-5,0.8719537198102396
426,1,5,0,-4,1.487633923258023
426,2,5,0,-3,2.3693914238619205
426,3,5,0,-2,0.7503011075224952
426,4,5,0,-1,2.723016662137488
426,5,5,1,0,4.465630282408844
426,6,5,1,1,5.215621178365441
426,7,5,1,2,6.442529062684764
427,0,3,0,-3,-0.8474555708400212
427,1,3,0,-2,-0.72513814460128
427,2,3,0,-1,-0.44065968219910406
427,3,3,1,0,1.0568479048565724
427,4,3,1,1,1.9365984779294019
427,5,3,1,2,2.7912626463272483
427,6,3,1,3,3.9699425511542232
427,7,3,1,4,5.326703111336968
428,0,5,0,-5,-1.3397901866028903
428,1,5,0,-4,-0.5786019724832062
428,2,5,0,-3,-1.7769609536394637
428,3,5,0,-2,-0.6251899668779398
428,4,5,0,-1,-0.2896816476369731
428,5,5,1,0,2.6669825372675575
428,6,5,1,1,2.7373415578203666
428,7,5,1,2,3.932143594454869
429,0,999,0,-999,-1.1693111219688053
429,1,999,0,-999,-0.06916225658555752
429,2,999,0,-999,0.14507736496020718
429,3,999,0,-999,0.9095813326006477
429,4,999,0,-999,2.074201110915615
429,5,999,0,-999,2.6745340745375135
429,6,999,0,-999,2.2188336391705565
429,7,999,0,-999,3.20431219953569
430,0,5,0,-5,-1.5190057196847464
430,1,5,0,-4,-0.07036305628197521
430,2,5,0,-3,0.604049613133667
430,3,5,0,-2,1.56370960660096
430,4,5,0,-1,2.3698950559217806
430,5,5,1,0,4.423667192006685
430,6,5,1,1,4.786234964992165
430,7,5,1,2,5.76605413091165
431,0,5,0,-5,0.07284400648227779
431,1,5,0,-4,1.5048876194959038
431,2,5,0,-3,1.1314033059043587
431,3,5,0,-2,2.255474377132746
431,4,5,0,-1,3.076550437976898
431,5,5,1,0,4.1897085234994655
431,6,5,1,1,5.618013570352222
431,7,5,1,2,6.681923220358108
432,0,999,0,-999,1.381890840047363
432,1,999,0,-999,1.7055924045472806
432,2,999,0,-999,0.9248428962291542
432,3,999,0,-999,2.376391483159675
432,4,999,0,-999,3.878954427931618
432,5,999,0,-999,4.129080280547266
432,6,999,0,-999,5.018756583440119
432,7,999,0,-999,5.44234065126429
433,0,5,0,-5,-0.1792457348345861
433,1,5,0,-4,0.7397146864456812
433,2,5,0,-3,0.01241015501507281
433,3,5,0,-2,2.8711323618807896
433,4,5,0,-1,3.229429958172642
433,5,5,1,0,3.764535392984322
433,6,5,1,1,3.6914588457419226
433,7,5,1,2,6.718712303624567
434,0,5,0,-5,1.0778174784569836
434,1,5,0,-4,-1.1849623826777869
434,2,5,0,-3,0.3604396484382212
434,3,5,0,-2,2.9301485342027505
434,4,5,0,-1,1.7543650638279615
434,5,5,1,0,5.489189817023902
434,6,5,1,1,4.726001234691553
434,7,5,1,2,6.119708752818738
435,0,5,0,-5,-0.45807373773731175
435,1,5,0,-4,0.3833737041984367
435,2,5,0,-3,1.2952251906926842
435,3,5,0,-2,0.6552420450926755
435,4,5,0,-1,1.4244558077344556
435,5,5,1,0,3.843617441052243
435,6,5,1,1,4.550186277468999
435,7,5,1,2,5.8131040872569795
436,0,3,0,-3,0.6336904252614862
436,1,3,0,-2,-0.17480291655560115
436,2,3,0,-1,0.8648977663495543
436,3,3,1,0,2.677309606337909
436,4,3,1,1,4.1130730182650765
436,5,3,1,2,4.258121557090455
436,6,3,1,3,7.349936493804419
436,7,3,1,4,8.191334291099736
437,0,999,0,-999,1.7400277863900582
437,1,999,0,-999,1.179730673707618
437,2,999,0,-999,2.852794938512308
437,3,999,0,-999,1.183524541889104
437,4,999,0,-999,3.6710482932906654
437,5,999,0,-999,3.8102137399773555
437,6,999,0,-999,5.281433973795431
437,7,999,0,-999,5.681844914653254
438,0,999,0,-999,0.26928976842342917
438,1,999,0,-999,1.7141975681512323
438,2,999,0,-999,2.308351567893074
438,3,999,0,-999,2.61007445852091
438,4,999,0,-999,2.5205791080142723
438,5,999,0,-999,3.974276716195906
438,6,999,0,-999,4.590629216520997
438,7,999,0,-999,4.583530488969062
439,0,5,0,-5,-0.4473698733478082
439,1,5,0,-4,1.2239226147205553
439,2,5,0,-3,2.1564392529988505
439,3,5,0,-2,2.8683829883513714
439,4,5,0,-1,2.9584551711527642
439,5,5,1,0,3.9511764116427015
439,6,5,1,1,5.306666718721561
439,7,5,1,2,6.090017554289515
440,0,3,0,-3,-0.20966497199804135
440,1,3,0,-2,1.1204173966273459
440,2,3,0,-1,0.7103239480654784
440,3,3,1,0,3.1044227223488035
440,4,3,1,1,4.3423295900104595
440,5,3,1,2,5.3402388554557145
440,6,3,1,3,6.938211565980293
440,7,3,1,4,8.611591017513094
441,0,3,0,-3,0.17204055591255263
441,1,3,0,-2,0.4788522158555338
441,2,3,0,-1,1.075134779400146
441,3,3,1,0,2.3947221096951523
441,4,3,1,1,4.452071778884931
441,5,3,1,2,4.7572032772469575
441,6,3,1,3,7.366558669748411
441,7,3,1,4,8.419312869969065
442,0,5,0,-5,-0.9055731595749642
442,1,5,0,-4,-1.2201893093539975
442,2,5,0,-3,-0.48251809476421664
442,3,5,0,-2,-0.39276721046315505
442,4,5,0,-1,1.431697830033668
442,5,5,1,0,1.5901934169944736
442,6,5,1,1,4.455017623738783
442,7,5,1,2,3.74909493809527
443,0,999,0,-999,3.171943982936896
443,1,999,0,-999,1.3302790421528121
443,2,999,0,-999,0.5913707780891297
443,3,999,0,-999,2.7941902953723994
443,4,999,0,-999,2.583452984724768
443,5,999,0,-999,3.2439393848361284
443,6,999,0,-999,4.85875530578075
443,7,999,0,-999,6.7153991249028575
444,0,999,0,-999,0.22219130657915404
444,1,999,0,-999,-0.10380737436790266
444,2,999,0,-999,1.196803896323626
444,3,999,0,-999,1.920264929318588
444,4,999,0,-999,2.5820219546052816
444,5,999,0,-999,3.24944566815923
444,6,999,0,-999,2.607963714004942
444,7,999,0,-999,4.442068673533247
445,0,5,0,-5,-0.5931090328951037
445,1,5,0,-4,1.4014528063374352
445,2,5,0,-3,1.7133258586250806
445,3,5,0,-2,1.9363456468480007
445,4,5,0,-1,2.936920019654557
445,5,5,1,0,3.839772100080659
445,6,5,1,1,5.126676620732914
445,7,5,1,2,6.898531612315166
446,0,5,0,-5,0.3183950618006096
446,1,5,0,-4,0.2422619585161443
446,2,5,0,-3,2.30378632445572
446,3,5,0,-2,2.0431845632847305
446,4,5,0,-1,2.865511993114408
446,5,5,1,0,3.2614162951280954
446,6,5,1,1,7.3645737336771
446,7,5,1,2,7.055701859995345
447,0,999,0,-999,0.5049812235971907
447,1,999,0,-999,2.033348685028883
447,2,999,0,-999,3.3018791779189836
447,3,999,0,-999,2.4063712229645797
447,4,999,0,-999,3.0690856098525
447,5,999,0,-999,3.738536028621913
447,6,999,0,-999,4.953716663315741
447,7,999,0,-999,5.75314515318691
448,0,999,0,-999,-0.46530617498439175
448,1,999,0,-999,0.5000825365698434
448,2,999,0,-999,1.4146224582710736
448,3,999,0,-999,0.5029153422404946
448,4,999,0,-999,2.3591199859560152
448,5,999,0,-999,3.13839801379565
448,6,999,0,-999,4.098112694299945
448,7,999,0,-999,4.26468950392357
449,0,999,0,-999,-0.33627074184878947
449,1,999,0,-999,1.4320347304457015
449,2,999,0,-999,0.8460901308426223
449,3,999,0,-999,1.8468916505441875
449,4,999,0,-999,2.502210696239177
449,5,999,0,-999,3.3949280254887673
449,6,999,0,-999,4.233405546596971
449,7,999,0,-999,5.797069425957929
450,0,5,0,-5,-0.44623991935681795
450,1,5,0,-4,-0.66342335553276
450,2,5,0,-3,-0.6720347897265835
450,3,5,0,-2,-0.7246018272065944
450,4,5,0,-1,0.1916342240566964
450,5,5,1,0,1.4137163217419704
450,6,5,1,1,4.079676948370352
450,7,5,1,2,4.080786053053565
451,0,999,0,-999,-0.15736508102227453
451,1,999,0,-999,1.6830080767497777
451,2,999,0,-999,1.9446499148474092
451,3,999,0,-999,1.3268042813891296
451,4,999,0,-999,2.854695474987619
451,5,999,0,-999,3.067589211429344
451,6,999,0,-999,4.743646406926741
451,7,999,0,-999,5.6728386310020555
452,0,5,0,-5,0.027714718758068975
452,1,5,0,-4,1.94164795173556
452,2,5,0,-3,0.6848136778551683
452,3,5,0,-2,1.5702702323797837
452,4,5,0,-1,2.709478098832957
452,5,5,1,0,3.83138765266955
452,6,5,1,1,3.9488519976592533
452,7,5,1,2,6.096029623246432
453,0,999,0,-999,-0.02454489899079687
453,1,999,0,-999,0.30019126768179827
453,2,999,0,-999,-0.3488198168072895
453,3,999,0,-999,-0.1782562487880699
453,4,999,0,-999,0.7681658812447608
453,5,999,0,-999,3.72966911289359
453,6,999,0,-999,2.9208060368064848
453,7,999,0,-999,4.582564859565539
454,0,5,0,-5,0.49642331268979756
454,1,5,0,-4,0.555859042650204
454,2,5,0,-3,-0.061684074683600265
454,3,5,0,-2,2.273911170002317
454,4,5,0,-1,2.58437746874483
454,5,5,1,0,3.2537366179138414
454,6,5,1,1,5.291659598092534
454,7,5,1,2,7.557334407809007
455,0,5,0,-5,-0.8273614449106621
455,1,5,0,-4,0.04345246805759262
455,2,5,0,-3,-0.24189884110139925
455,3,5,0,-2,0.022223388745259087
455,4,5,0,-1,1.76317992275699
455,5,5,1,0,3.153181205317595
455,6,5,1,1,3.1270105690808387
455,7,5,1,2,5.4177779942497555
456,0,999,0,-999,2.176806533815145
456,1,999,0,-999,1.1633328222873556
456,2,999,0,-999,1.9329516883788465
456,3,999,0,-999,3.0692416165628127
456,4,999,0,-999,3.375916303576497
456,5,999,0,-999,4.395693076113172
456,6,999,0,-999,5.615843515191066
456,7,999,0,-999,7.105192696270216
457,0,3,0,-3,0.8601594465847207
457,1,3,0,-2,1.026108166296296
457,2,3,0,-1,0.8447779435742828
457,3,3,1,0,4.101851042490912
457,4,3,1,1,4.185410894129039
457,5,3,1,2,5.8142682320899635
457,6,3,1,3,7.100048578679651
457,7,3,1,4,7.39452298932148
458,0,5,0,-5,0.315503257816436
458,1,5,0,-4,0.23404621397623054
458,2,5,0,-3,0.6881776217312543
458,3,5,0,-2,0.8082484096378787
458,4,5,0,-1,2.0118226809698263
458,5,5,1,0,2.596851935898648
458,6,5,1,1,4.515592161258546
458,7,5,1,2,4.7570122746934445
459,0,5,0,-5,-0.6380973784131315
459,1,5,0,-4,0.1335058320672859
459,2,5,0,-3,0.6586304981051054
459,3,5,0,-2,1.9305307261706792
459,4,5,0,-1,2.121616824577132
459,5,5,1,0,2.786151017627537
459,6,5,1,1,4.916856303898947
459,7,5,1,2,6.143444886256816
460,0,999,0,-999,-0.43160155233294684
460,1,999,0,-999,0.6236830757330755
460,2,999,0,-999,-0.11777364178372468
460,3,999,0,-999,0.13348260198813475
460,4,999,0,-999,0.8338007046808289
460,5,999,0,-999,1.6884883986489212
460,6,999,0,-999,2.6493153542907906
460,7,999,0,-999,4.053572010737897
461,0,999,0,-999,-0.31199097972316414
461,1,999,0,-999,0.7261988850423655
461,2,999,0,-999,-0.6400292459182702
461,3,999,0,-999,1.234885045533372
461,4,999,0,-999,1.6254880406574066
461,5,999,0,-999,4.266570433408792
461,6,999,0,-999,2.8279424480259134
461,7,999,0,-999,3.1127508962636394
462,0,5,0,-5,-0.210778545918578
462,1,5,0,-4,0.6694347299354174
462,2,5,0,-3,0.8550934252735951
462,3,5,0,-2,2.2493708762264455
462,4,5,0,-1,2.9703293508265505
462,5,5,1,0,4.181411211754132
462,6,5,1,1,3.425721375293887
462,7,5,1,2,7.197191850511221
463,0,3,0,-3,-0.9719084388463151
463,1,3,0,-2,0.7972531760766635
463,2,3,0,-1,0.23112060215275698
463,3,3,1,0,3.188399101236832
463,4,3,1,1,4.801815034736207
463,5,3,1,2,4.105051323898861
463,6,3,1,3,6.513320847506721
463,7,3,1,4,7.349344161050689
464,0,999,0,-999,-2.8188967105347884
464,1,999,0,-999,0.7122888142649431
464,2,999,0,-999,-1.9043691260739897
464,3,999,0,-999,1.2273799186825136
464,4,999,0,-999,0.9959326569855808
464,5,999,0,-999,2.3781518701256052
464,6,999,0,-999,3.305367085432262
464,7,999,0,-999,4.051229034865322
465,0,5,0,-5,-0.43778649737483455
465,1,5,0,-4,-1.3521754588669523
465,2,5,0,-3,1.1980797521556965
465,3,5,0,-2,1.5519242681408931
465,4,5,0,-1,1.8514057083951707
465,5,5,1,0,3.774486810783798
465,6,5,1,1,4.371027982463359
465,7,5,1,2,5.865771662415735
466,0,999,0,-999,0.486501538182074
466,1,999,0,-999,1.006560125507781
466,2,999,0,-999,-0.8766124138568248
466,3,999,0,-999,3.047820685579598
466,4,999,0,-999,2.003001845845274
466,5,999,0,-999,2.9682719471059573
466,6,999,0,-999,4.195702807440698
466,7,999,0,-999,4.821057783082565
467,0,999,0,-999,-1.061997992744601
467,1,999,0,-999,-0.07593088753999146
467,2,999,0,-999,0.18164337912701206
467,3,999,0,-999,1.7305075540420707
467,4,999,0,-999,1.2533163253014545
467,5,999,0,-999,2.7582788110856016
467,6,999,0,-999,3.547481237402973
467,7,999,0,-999,4.124883036803426
468,0,3,0,-3,0.279120009944939
468,1,3,0,-2,0.38987451838798776
468,2,3,0,-1,1.3042902396921205
468,3,3,1,0,1.6244231360634798
468,4,3,1,1,4.2888503626025125
468,5,3,1,2,5.558751566014072
468,6,3,1,3,6.0967494365420585
468,7,3,1,4,7.1269861905044
469,0,3,0,-3,1.6836776853363518
469,1,3,0,-2,-0.8907711606418528
469,2,3,0,-1,0.8459164893317124
469,3,3,1,0,2.805721957841778
469,4,3,1,1,3.408213013324862
469,5,3,1,2,6.030191380327279
469,6,3,1,3,5.289743330671101
469,7,3,1,4,7.476614923659521
470,0,999,0,-999,-0.5885198289011858
470,1,999,0,-999,-1.1824278404008828
470,2,999,0,-999,1.6207626025269424
470,3,999,0,-999,1.0338576449236325
470,4,999,0,-999,0.16963563964819284
470,5,999,0,-999,1.471442225478
470,6,999,0,-999,4.033170136835666
470,7,999,0,-999,3.8648806290494653
471,0,5,0,-5,0.06499060765316311
471,1,5,0,-4,-1.0139882676696212
471,2,5,0,-3,0.6304009271837362
471,3,5,0,-2,1.5241544815403782
471,4,5,0,-1,3.51100828957118
471,5,5,1,0,3.470142666008153
471,6,5,1,1,5.358816321815138
471,7,5,1,2,6.247381717259119
472,0,999,0,-999,1.2086628593784203
472,1,999,0,-999,1.8313442244078564
472,2,999,0,-999,0.6246429693911768
472,3,999,0,-999,0.9881613185528106
472,4,999,0,-999,3.126596208174452
472,5,999,0,-999,4.089115717460794
472,6,999,0,-999,3.1954905042533275
472,7,999,0,-999,5.289325150001264
473,0,3,0,-3,-0.6222800868205635
473,1,3,0,-2,1.6306592616601052
473,2,3,0,-1,2.6858560866233834
473,3,3,1,0,3.7561917636829243
473,4,3,1,1,3.783669160327949
473,5,3,1,2,5.494590465028152
473,6,3,1,3,6.163705102418655
473,7,3,1,4,8.770971719114348
474,0,3,0,-3,0.01657919073290104
474,1,3,0,-2,-0.6630572525385483
474,2,3,0,-1,1.3809417324198079
474,3,3,1,0,2.9179750524803643
474,4,3,1,1,4.276810383622393
474,5,3,1,2,3.985735521533459
474,6,3,1,3,5.796489475417141
474,7,3,1,4,6.86159437408425
475,0,999,0,-999,-0.8321992830700125
475,1,999,0,-999,0.9398122014528224
475,2,999,0,-999,1.971352516247534
475,3,999,0,-999,2.660612426759285
475,4,999,0,-999,2.8991068097788437
475,5,999,0,-999,4.617912716650031
475,6,999,0,-999,4.33455737316955
475,7,999,0,-999,6.589219779636148
476,0,3,0,-3,0.49449261055021676
476,1,3,0,-2,0.4925762236208989
476,2,3,0,-1,0.730122159139247
476,3,3,1,0,3.000217216023187
476,4,3,1,1,2.5683450751488195
476,5,3,1,2,4.2761132608700585
476,6,3,1,3,5.571635769920024
476,7,3,1,4,9.620034961474154
477,0,5,0,-5,0.15272943661178018
477,1,5,0,-4,-0.7102604222517472
477,2,5,0,-3,-0.14998639116234735
477,3,5,0,-2,1.3492900812918207
477,4,5,0,-1,1.9032541545760364
477,5,5,1,0,5.113926430911579
477,6,5,1,1,4.092535283130168
477,7,5,1,2,4.9691415920926865
478,0,5,0,-5,0.2528146318293555
478,1,5,0,-4,0.9936106805740422
478,2,5,0,-3,0.8825119060413091
478,3,5,0,-2,2.6186369044228144
478,4,5,0,-1,1.908381032552653
478,5,5,1,0,3.809998017720469
478,6,5,1,1,5.561905093998493
478,7,5,1,2,6.109842047670552
479,0,3,0,-3,-1.2767652034256527
479,1,3,0,-2,1.2219391552850958
479,2,3,0,-1,0.0515776841926399
479,3,3,1,0,1.2677575764275675
479,4,3,1,1,3.4548750742318024
479,5,3,1,2,3.01524167211607
479,6,3,1,3,3.9356728820561506
479,7,3,1,4,6.135013252663267
480,0,999,0,-999,-1.1454065725590266
480,1,999,0,-999,-0.208312548269042
480,2,999,0,-999,-0.5400808121942495
480,3,999,0,-999,-1.564435666462723
480,4,999,0,-999,2.4747546566698704
480,5,999,0,-999,1.171687427821054
480,6,999,0,-999,1.8779685893295928
480,7,999,0,-999,2.429166120681428
481,0,3,0,-3,2.0706203651203574
481,1,3,0,-2,1.156345081525917
481,2,3,0,-1,0.590447034593848
481,3,3,1,0,3.0352099498863456
481,4,3,1,1,4.265651705470358
481,5,3,1,2,5.788040135027078
481,6,3,1,3,7.613419690906179
481,7,3,1,4,8.14729121122025
482,0,5,0,-5,-0.416226550970246
482,1,5,0,-4,-1.0291723449824097
482,2,5,0,-3,2.0686928524739296
482,3,5,0,-2,2.0445499107282132
482,4,5,0,-1,1.0900759976795924
482,5,5,1,0,3.1870022031760326
482,6,5,1,1,5.1206143585181145
482,7,5,1,2,5.208211879939123
483,0,5,0,-5,0.6432322260500871
483,1,5,0,-4,1.4711110558676155
483,2,5,0,-3,1.1112474003334918
483,3,5,0,-2,1.1177492893475642
483,4,5,0,-1,2.3959616574882294
483,5,5,1,0,4.26219261231211
483,6,5,1,1,6.3083211979521465
483,7,5,1,2,5.569896527786483
484,0,5,0,-5,-1.9371741330618586
484,1,5,0,-4,-1.781320426478232
484,2,5,0,-3,-2.356036225196923
484,3,5,0,-2,-0.2655203261751199
484,4,5,0,-1,0.6259455436610069
484,5,5,1,0,1.3849972881573966
484,6,5,1,1,2.0124737698182944
484,7,5,1,2,4.128688524223498
485,0,3,0,-3,0.06061237690898054
485,1,3,0,-2,0.21536218915072985
485,2,3,0,-1,0.3418718313149355
485,3,3,1,0,2.9925366459767293
485,4,3,1,1,3.391618549019011
485,5,3,1,2,4.3862770333498275
485,6,3,1,3,6.93734655117423
485,7,3,1,4,7.402493066413322
486,0,5,0,-5,-0.7154196673577049
486,1,5,0,-4,0.4128707342750278
486,2,5,0,-3,0.5111980259399607
486,3,5,0,-2,0.8563319389426821
486,4,5,0,-1,2.5756890727344564
486,5,5,1,0,2.6583143093670514
486,6,5,1,1,3.016879538951243
486,7,5,1,2,7.267533762611377
487,0,3,0,-3,-0.1313135953788367
487,1,3,0,-2,0.38515438605858354
487,2,3,0,-1,1.4359078105660803
487,3,3,1,0,2.3197400773771624
487,4,3,1,1,2.4931306730398113
487,5,3,1,2,4.133449463526302
487,6,3,1,3,5.788976639585355
487,7,3,1,4,6.987340006692723
488,0,3,0,-3,-0.4110508979943521
488,1,3,0,-2,1.0863859574047996
488,2,3,0,-1,0.5627433736889846
488,3,3,1,0,1.5922225761405502
488,4,3,1,1,4.216484959277655
488,5,3,1,2,4.796557618615925
488,6,3,1,3,7.502230259440259
488,7,3,1,4,7.567487638822681
489,0,5,0,-5,-1.6584652587746826
489,1,5,0,-4,0.3669198467740421
489,2,5,0,-3,1.3409828437457756
489,3,5,0,-2,-0.01552738707962964
489,4,5,0,-1,1.704448654434223
489,5,5,1,0,2.7470135828224986
489,6,5,1,1,4.035824810667593
489,7,5,1,2,3.9430446499314993
490,0,3,0,-3,-2.8468309061749992
490,1,3,0,-2,-0.33150028964161105
490,2,3,0,-1,-1.7873484532194908
490,3,3,1,0,0.01618019979347407
490,4,3,1,1,3.282669623954221
490,5,3,1,2,3.086436193218429
490,6,3,1,3,3.9018322009188875
490,7,3,1,4,5.678097892098105
491,0,5,0,-5,-0.44628124066089114
491,1,5,0,-4,2.6094742469288996
491,2,5,0,-3,3.371579084476128
491,3,5,0,-2,3.9732790955572868
491,4,5,0,-1,3.995427635275329
491,5,5,1,0,5.872692094769517
491,6,5,1,1,6.966215496226153
491,7,5,1,2,8.927830332871272
492,0,999,0,-999,-1.5049444685853774
492,1,999,0,-999,-1.1613815664667695
492,2,999,0,-999,-0.7893959438159242
492,3,999,0,-999,0.10384215564679594
492,4,999,0,-999,-0.12914048505870312
492,5,999,0,-999,1.2833318066050534
492,6,999,0,-999,2.536422757248039
492,7,999,0,-999,3.0694243307488023
493,0,5,0,-5,-1.5035074141633715
493,1,5,0,-4,-0.48821106319411495
493,2,5,0,-3,0.36030582009051193
493,3,5,0,-2,0.7353765883682166
493,4,5,0,-1,2.2610660742609783
493,5,5,1,0,3.1387902238047807
493,6,5,1,1,5.363964631004975
493,7,5,1,2,5.618851710701639
494,0,5,0,-5,-0.08603117383284062
494,1,5,0,-4,-0.3584646794555438
494,2,5,0,-3,1.8343024439376332
494,3,5,0,-2,0.8084012412245011
494,4,5,0,-1,2.3353821816658
494,5,5,1,0,4.186774412269248
494,6,5,1,1,3.9626107370567
494,7,5,1,2,6.709582262000392
495,0,3,0,-3,0.5638630810983726
495,1,3,0,-2,-0.36515006282521073
495,2,3,0,-1,-0.24711296357296914
495,3,3,1,0,2.333566998910845
495,4,3,1,1,3.9705008947346636
495,5,3,1,2,4.324247698675983
495,6,3,1,3,7.6231179783127025
495,7,3,1,4,7.1390700764351145
496,0,5,0,-5,0.6209630834772422
496,1,5,0,-4,1.241651113725467
496,2,5,0,-3,1.560001904640983
496,3,5,0,-2,2.409683116086959
496,4,5,0,-1,1.7051770662269927
496,5,5,1,0,2.7560789076128125
496,6,5,1,1,5.552205037239613
496,7,5,1,2,6.232363175007814
497,0,3,0,-3,0.6124960003120481
497,1,3,0,-2,1.1565228896928006
497,2,3,0,-1,1.1375562866145335
497,3,3,1,0,2.3210962846048475
497,4,3,1,1,2.7746108250330463
497,5,3,1,2,5.097756236575625
497,6,3,1,3,5.92903189750226
497,7,3,1,4,7.679981414704513
498,0,999,0,-999,-0.3958509367741391
498,1,999,0,-999,-0.26487034508601875
498,2,999,0,-999,0.9313311793181749
498,3,999,0,-999,1.0757822124977534
498,4,999,0,-999,1.120272299553544
498,5,999,0,-999,3.4759749141365397
498,6,999,0,-999,3.610143836600379
498,7,999,0,-999,3.7722243524519383
499,0,999,0,-999,-0.2612387989458869
499,1,999,0,-999,1.0264452608370955
499,2,999,0,-999,0.8781771604577983
499,3,999,0,-999,1.4298373371630073
499,4,999,0,-999,0.6669608926399082
499,5,999,0,-999,3.3212503162892215
499,6,999,0,-999,3.5801417581947534
499,7,999,0,-999,4.34503136638098
500,0,5,0,-5,0.42438497476013226
500,1,5,0,-4,1.5137315918273497
500,2,5,0,-3,1.6766362995954749
500,3,5,0,-2,2.471147031161598
500,4,5,0,-1,4.1279936026740645
500,5,5,1,0,5.0059911001956525
500,6,5,1,1,5.926540889092128
500,7,5,1,2,7.675855093545204
501,0,999,0,-999,-1.8141655879441758
501,1,999,0,-999,0.6980912830172361
501,2,999,0,-999,-0.1374477489092032
501,3,999,0,-999,0.5751887089708656
501,4,999,0,-999,1.9568065627224585
501,5,999,0,-999,2.8129784485405085
501,6,999,0,-999,3.781266134819872
501,7,999,0,-999,4.300915201688577
502,0,3,0,-3,-1.4051560279175508
502,1,3,0,-2,-2.725674117302128
502,2,3,0,-1,-0.1338679310190325
502,3,3,1,0,0.5125149055235525
502,4,3,1,1,2.5679117236159517
502,5,3,1,2,2.9813898827109595
502,6,3,1,3,4.243128641732264
502,7,3,1,4,6.564014265206021
503,0,5,0,-5,-0.6224757142779582
503,1,5,0,-4,-0.6429061069537494
503,2,5,0,-3,2.079167736569679
503,3,5,0,-2,1.7630253330975676
503,4,5,0,-1,1.9821217517058864
503,5,5,1,0,3.950276392405174
503,6,5,1,1,4.7633881182282165
503,7,5,1,2,6.0397348120005425
504,0,5,0,-5,1.259794245664609
504,1,5,0,-4,0.6345217948694661
504,2,5,0,-3,1.1780840192985873
504,3,5,0,-2,1.8887690373257289
504,4,5,0,-1,3.2028890203345965
504,5,5,1,0,5.538027469604414
504,6,5,1,1,5.491253564094588
504,7,5,1,2,6.0462378032500705
505,0,999,0,-999,1.5264746624380259
505,1,999,0,-999,0.017421271671555744
505,2,999,0,-999,-0.05872497765655316
505,3,999,0,-999,1.2612320008552687
505,4,999,0,-999,2.4359942417737037
505,5,999,0,-999,3.4633554364946217
505,6,999,0,-999,5.12708000959955
505,7,999,0,-999,4.57742721825281
506,0,999,0,-999,1.3959451907879825
506,1,999,0,-999,1.3685236355616142
506,2,999,0,-999,0.4702907544652891
506,3,999,0,-999,2.5677634217175562
506,4,999,0,-999,3.8820107037027
506,5,999,0,-999,3.835076611114145
506,6,999,0,-999,3.783251463521341
506,7,999,0,-999,5.170977596947594
507,0,999,0,-999,1.4047945914693996
507,1,999,0,-999,1.8651200427953132
507,2,999,0,-999,0.9710328772758158
507,3,999,0,-999,3.1523027239447288
507,4,999,0,-999,2.5751948067656305
507,5,999,0,-999,3.7359454815195727
507,6,999,0,-999,4.066907456636354
507,7,999,0,-999,5.725577742858473
508,0,3,0,-3,0.037654825449833035
508,1,3,0,-2,0.27999538379192457
508,2,3,0,-1,0.19499670643121808
508,3,3,1,0,1.7318326013607792
508,4,3,1,1,2.3829563935371487
508,5,3,1,2,4.37334661293118
508,6,3,1,3,6.253722248377301
508,7,3,1,4,7.660146886797787
509,0,5,0,-5,-1.372912645363778
509,1,5,0,-4,-0.565211368338215
509,2,5,0,-3,-0.45369170223804905
509,3,5,0,-2,-0.11201293405183725
509,4,5,0,-1,0.6983158690606069
509,5,5,1,0,2.288728543561862
509,6,5,1,1,2.0700421029255236
509,7,5,1,2,3.8622409431847298
510,0,999,0,-999,-2.2139177786002002
510,1,999,0,-999,-1.7740437349093519
510,2,999,0,-999,-0.06273570267745193
510,3,999,0,-999,0.6494890723420976
510,4,999,0,-999,1.5609620817437508
510,5,999,0,-999,2.5202615167151414
510,6,999,0,-999,2.1293978919890733
510,7,999,0,-999,2.280512765248991
511,0,999,0,-999,-1.2841917809027663
511,1,999,0,-999,-0.10639621965702602
511,2,999,0,-999,0.41844297632288524
511,3,999,0,-999,0.8774815161807217
511,4,999,0,-999,1.128481294391857
511,5,999,0,-999,1.8183088576606379
511,6,999,0,-999,3.8821121591772956
511,7,999,0,-999,4.133089907698196
512,0,3,0,-3,-0.08423696649254442
512,1,3,0,-2,-0.4788070777339776
512,2,3,0,-1,0.7048702713734992
512,3,3,1,0,2.2214221492215245
512,4,3,1,1,3.108063369530971
512,5,3,1,2,4.380383191292615
512,6,3,1,3,6.209600460545705
512,7,3,1,4,7.085594643176547
513,0,3,0,-3,0.6135641762927773
513,1,3,0,-2,2.304465867611967
513,2,3,0,-1,1.6756913286167632
513,3,3,1,0,4.364304103212721
513,4,3,1,1,6.143481429643533
513,5,3,1,2,6.597544159407805
513,6,3,1,3,7.386561768961684
513,7,3,1,4,8.723584442674309
514,0,3,0,-3,0.5457317583696485
514,1,3,0,-2,0.11829775259321565
514,2,3,0,-1,0.10209408908460815
514,3,3,1,0,2.553291517518563
514,4,3,1,1,3.649578085543765
514,5,3,1,2,3.668724658779145
514,6,3,1,3,6.130249479013219
514,7,3,1,4,8.720411710985395
515,0,3,0,-3,0.3819543517571077
515,1,3,0,-2,0.6345419526980568
515,2,3,0,-1,1.0940648261673778
515,3,3,1,0,2.302973278290879
515,4,3,1,1,3.449155084832836
515,5,3,1,2,5.443719024798605
515,6,3,1,3,5.77214339615678
515,7,3,1,4,7.051207846339371
516,0,5,0,-5,1.1198633057702352
516,1,5,0,-4,1.8734076564562596
516,2,5,0,-3,0.8789151709765413
516,3,5,0,-2,1.8651951841890198
516,4,5,0,-1,2.6847506662227314
516,5,5,1,0,4.188479900517666
516,6,5,1,1,5.368090595810693
516,7,5,1,2,7.0835704237795944
517,0,999,0,-999,-1.3579362406337552
517,1,999,0,-999,0.27186929633414036
517,2,999,0,-999,0.7248219152498805
517,3,999,0,-999,1.5043655822747812
517,4,999,0,-999,1.9810550828626188
517,5,999,0,-999,2.91298831425816
517,6,999,0,-999,3.6057292187639383
517,7,999,0,-999,3.5050005317504587
518,0,999,0,-999,0.0005052618474184756
518,1,999,0,-999,1.3684019250044739
518,2,999,0,-999,1.58617355711369
518,3,999,0,-999,1.7062830587932876
518,4,999,0,-999,2.3321835703068325
518,5,999,0,-999,1.788262132587957
518,6,999,0,-999,3.764474801955898
518,7,999,0,-999,3.799255396947702
519,0,3,0,-3,1.3368842818500126
519,1,3,0,-2,1.3638132104947396
519,2,3,0,-1,1.4785279042614479
519,3,3,1,0,4.443951576069916
519,4,3,1,1,5.012085952243767
519,5,3,1,2,4.988606709973137
519,6,3,1,3,7.6863995840204975
519,7,3,1,4,9.278656329842711
520,0,999,0,-999,0.45594157675012126
520,1,999,0,-999,-0.2564243781702079
520,2,999,0,-999,0.5053623838790289
520,3,999,0,-999,0.5671995728531414
520,4,999,0,-999,1.8938884889039638
520,5,999,0,-999,1.4752130908294867
520,6,999,0,-999,3.3240077357498796
520,7,999,0,-999,3.687399353700797
521,0,3,0,-3,1.0014902603212297
521,1,3,0,-2,1.0233542161517117
521,2,3,0,-1,1.0316554839028182
521,3,3,1,0,3.643874415321602
521,4,3,1,1,4.4907941876849575
521,5,3,1,2,5.820657558176617
521,6,3,1,3,5.498735239973419
521,7,3,1,4,8.330076416073283
522,0,5,0,-5,-1.6769440375769031
522,1,5,0,-4,-0.7826273194792939
522,2,5,0,-3,0.052142020637845676
522,3,5,0,-2,-0.4910674147864345
522,4,5,0,-1,1.0939551752732823
522,5,5,1,0,3.487103834454509
522,6,5,1,1,4.384213268146175
522,7,5,1,2,4.376266744914277
523,0,5,0,-5,1.3862791094213915
523,1,5,0,-4,2.012987458359682
523,2,5,0,-3,2.4832363500731143
523,3,5,0,-2,2.41181626556979
523,4,5,0,-1,4.400096917907402
523,5,5,1,0,4.079197016224499
523,6,5,1,1,5.995573645191577
523,7,5,1,2,7.370349389247018
524,0,3,0,-3,-0.8509546938336731
524,1,3,0,-2,1.2876943383889148
524,2,3,0,-1,0.47848182065560146
524,3,3,1,0,1.0059113986916242
524,4,3,1,1,3.276519613298843
524,5,3,1,2,5.325697334941593
524,6,3,1,3,5.236152064180276
524,7,3,1,4,7.7103965563514905
525,0,3,0,-3,-2.072610737893721
525,1,3,0,-2,0.6965258101484147
525,2,3,0,-1,0.5702424893559691
525,3,3,1,0,1.6682115106766506
525,4,3,1,1,3.1752211286729874
525,5,3,1,2,4.821610741430961
525,6,3,1,3,5.924499422462667
525,7,3,1,4,6.489143147776948
526,0,3,0,-3,-0.5579242906264934
526,1,3,0,-2,-1.0238641912678699
526,2,3,0,-1,-0.5433606848951555
526,3,3,1,0,0.7250106605092286
526,4,3,1,1,1.5081216777131403
526,5,3,1,2,3.7853751185223823
526,6,3,1,3,5.578593398610074
526,7,3,1,4,5.347449118429242
527,0,3,0,-3,3.2352633829042854
527,1,3,0,-2,2.943481107640747
527,2,3,0,-1,5.046428942559039
527,3,3,1,0,7.0255320660381
527,4,3,1,1,5.900004410140524
527,5,3,1,2,7.736572468023647
527,6,3,1,3,9.511286392654986
527,7,3,1,4,10.595607597280834
528,0,3,0,-3,-0.2890467269796426
528,1,3,0,-2,-0.09319596271994524
528,2,3,0,-1,1.203588044558418
528,3,3,1,0,1.8088274388949295
528,4,3,1,1,2.1883498370116587
528,5,3,1,2,5.300994565481656
528,6,3,1,3,6.922110970095082
528,7,3,1,4,7.416774948647171
529,0,999,0,-999,0.31519703103248314
529,1,999,0,-999,1.3079983456291855
529,2,999,0,-999,2.394010754784044
529,3,999,0,-999,1.5035750587550416
529,4,999,0,-999,4.09144705098336
529,5,999,0,-999,3.8552501450207357
529,6,999,0,-999,4.623803225108073
529,7,999,0,-999,5.776653959487434
530,0,3,0,-3,2.0655872088336573
530,1,3,0,-2,2.5957271484592224
530,2,3,0,-1,1.617797648253736
530,3,3,1,0,4.463084062442478
530,4,3,1,1,6.338565178995652
530,5,3,1,2,6.266672603123228
530,6,3,1,3,7.704549925004677
530,7,3,1,4,9.048926780308003
531,0,999,0,-999,-2.4167893012659327
531,1,999,0,-999,-1.2040888838370454
531,2,999,0,-999,-0.9911654991843646
531,3,999,0,-999,0.30785094053512124
531,4,999,0,-999,-0.22784394214549097
531,5,999,0,-999,2.1480359146483035
531,6,999,0,-999,2.228401283567173
531,7,999,0,-999,2.095561160739313
532,0,3,0,-3,0.2931816584157947
532,1,3,0,-2,0.35149153321813287
532,2,3,0,-1,0.5924933766981106
532,3,3,1,0,1.3839300676151705
532,4,3,1,1,3.396555368912478
532,5,3,1,2,3.715505795081529
532,6,3,1,3,6.197630293164588
532,7,3,1,4,7.2942822632968065
533,0,3,0,-3,0.2800997383851845
533,1,3,0,-2,0.24501991744656468
533,2,3,0,-1,1.62217026391499
533,3,3,1,0,1.8042040120580851
533,4,3,1,1,4.05418460556173
533,5,3,1,2,6.164621576759206
533,6,3,1,3,6.875255548174769
533,7,3,1,4,7.752421822744011
534,0,5,0,-5,0.07197881910009368
534,1,5,0,-4,-0.46270005288951904
534,2,5,0,-3,0.6700988746380685
534,3,5,0,-2,2.316202086075732
534,4,5,0,-1,1.1222994049404849
534,5,5,1,0,2.6992918366727454
534,6,5,1,1,4.584762891546706
534,7,5,1,2,6.143619912128841
535,0,5,0,-5,-1.518117026884914
535,1,5,0,-4,-0.21605400191176236
535,2,5,0,-3,0.0007808023867543756
535,3,5,0,-2,1.6234270720507802
535,4,5,0,-1,0.8316630226610148
535,5,5,1,0,1.9679403568002
535,6,5,1,1,3.979414733477999
535,7,5,1,2,5.612296502998859
536,0,5,0,-5,0.17806767011768632
536,1,5,0,-4,1.6792239511290403
536,2,5,0,-3,0.9399619747530091
536,3,5,0,-2,2.6427068138587657
536,4,5,0,-1,3.0689133028498086
536,5,5,1,0,4.04178477098417
536,6,5,1,1,4.475646059940479
536,7,5,1,2,5.796437396967459
537,0,5,0,-5,1.3911785362385602
537,1,5,0,-4,2.199278337016976
537,2,5,0,-3,1.9977916269314793
537,3,5,0,-2,3.995688183543761
537,4,5,0,-1,2.9216727517606262
537,5,5,1,0,4.996695735742683
537,6,5,1,1,5.630105637165211
537,7,5,1,2,5.471263753095126
538,0,5,0,-5,-0.18580951020696132
538,1,5,0,-4,0.7371407743247241
538,2,5,0,-3,0.8901737523994953
538,3,5,0,-2,1.35446510542161
538,4,5,0,-1,1.973369936064925
538,5,5,1,0,3.7463679585764074
538,6,5,1,1,4.673962649217034
538,7,5,1,2,5.817761879167561
539,0,3,0,-3,0.7186678128889477
539,1,3,0,-2,0.6413471293875606
539,2,3,0,-1,0.06736217120449717
539,3,3,1,0,3.0368953886697794
539,4,3,1,1,5.335972374272554
539,5,3,1,2,5.073815299159652
539,6,3,1,3,6.373587718907778
539,7,3,1,4,7.913022754277728
540,0,5,0,-5,0.6270557474473183
540,1,5,0,-4,0.9705264537536633
540,2,5,0,-3,2.117892134940787
540,3,5,0,-2,2.612898975377163
540,4,5,0,-1,3.7568379217679704
540,5,5,1,0,5.225517148061947
540,6,5,1,1,6.076333898055421
540,7,5,1,2,6.616717551210606
541,0,999,0,-999,0.16191045327449782
541,1,999,0,-999,0.8716363074942629
541,2,999,0,-999,1.0139342353378982
541,3,999,0,-999,1.4842451388571476
541,4,999,0,-999,2.7843636461793175
541,5,999,0,-999,2.9314801458560686
541,6,999,0,-999,4.077712386501443
541,7,999,0,-999,4.481293386506371
542,0,5,0,-5,1.619784223427023
542,1,5,0,-4,1.8903529814912863
542,2,5,0,-3,3.381083804331957
542,3,5,0,-2,1.576630055201517
542,4,5,0,-1,2.964661469868268
542,5,5,1,0,5.411404060535771
542,6,5,1,1,6.7602306937026535
542,7,5,1,2,6.853735321309861
543,0,999,0,-999,0.07251566577333879
543,1,999,0,-999,-0.5025273007296253
543,2,999,0,-999,0.13911377767576327
543,3,999,0,-999,2.611238554888896
543,4,999,0,-999,1.7758126203994113
543,5,999,0,-999,3.0038218901772007
543,6,999,0,-999,3.3930702360420204
543,7,999,0,-999,3.885049616658652
544,0,999,0,-999,-1.7807064738292104
544,1,999,0,-999,-2.2121356559839143
544,2,999,0,-999,-0.6691134757936592
544,3,999,0,-999,-0.353362030417097
544,4,999,0,-999,1.403556863820821
544,5,999,0,-999,1.963119410599849
544,6,999,0,-999,3.772375907418696
544,7,999,0,-999,4.181466168304722
545,0,999,0,-999,-1.3786327544087145
545,1,999,0,-999,0.9465342929786541
545,2,999,0,-999,1.2002710570815562
545,3,999,0,-999,1.4784938468868574
545,4,999,0,-999,1.6680830582829798
545,5,999,0,-999,4.253243627197225
545,6,999,0,-999,3.835466071207227
545,7,999,0,-999,6.138245830125656
546,0,5,0,-5,0.07180087375168909
546,1,5,0,-4,0.1881922070026818
546,2,5,0,-3,1.9281883877917498
546,3,5,0,-2,1.1235735359836287
546,4,5,0,-1,1.9701340153590254
546,5,5,1,0,4.6056102116475675
546,6,5,1,1,4.445986092852918
546,7,5,1,2,6.077364583420419
547,0,5,0,-5,2.0212736881694227
547,1,5,0,-4,1.4367672923113082
547,2,5,0,-3,2.885294337410835
547,3,5,0,-2,3.7745414599032614
547,4,5,0,-1,3.1297732670943734
547,5,5,1,0,5.499869656337661
547,6,5,1,1,5.739117981176236
547,7,5,1,2,6.114942871085152
548,0,3,0,-3,-0.49090760776031495
548,1,3,0,-2,0.17755024728315894
548,2,3,0,-1,0.33472692010911187
548,3,3,1,0,3.8491216521801186
548,4,3,1,1,3.1926973803298155
548,5,3,1,2,4.641793555657421
548,6,3,1,3,4.947012928855757
548,7,3,1,4,7.037945988828511
549,0,3,0,-3,1.4814606884192536
549,1,3,0,-2,3.5633490368552643
549,2,3,0,-1,2.0069530796824675
549,3,3,1,0,4.228073413768485
549,4,3,1,1,4.935992169513305
549,5,3,1,2,5.078665380748589
549,6,3,1,3,7.70177186603186
549,7,3,1,4,8.764382437164866
550,0,5,0,-5,-1.8489352191635313
550,1,5,0,-4,-1.6339372110952661
550,2,5,0,-3,0.10193243911933936
550,3,5,0,-2,-0.0065200883058927905
550,4,5,0,-1,0.6555114935272747
550,5,5,1,0,2.5337614468548035
550,6,5,1,1,3.6675630973617546
550,7,5,1,2,4.588850988060059
551,0,3,0,-3,-0.5302016039379385
551,1,3,0,-2,0.46921085144886987
551,2,3,0,-1,-0.013060199451829568
551,3,3,1,0,1.5507307818033076
551,4,3,1,1,3.613159455491269
551,5,3,1,2,5.331416832770476
551,6,3,1,3,6.261828736960973
551,7,3,1,4,7.8379903872536705
552,0,3,0,-3,-0.7450965271061053
552,1,3,0,-2,-0.40376279556203426
552,2,3,0,-1,0.05011280597766141
552,3,3,1,0,0.931308103774485
552,4,3,1,1,2.942551929125789
552,5,3,1,2,4.184798545478881
552,6,3,1,3,6.040085356732231
552,7,3,1,4,7.952743647553851
553,0,999,0,-999,-0.020924556900188462
553,1,999,0,-999,-0.25399717627521123
553,2,999,0,-999,1.610886329143572
553,3,999,0,-999,1.776075729788241
553,4,999,0,-999,2.467663684170839
553,5,999,0,-999,3.253432308743207
553,6,999,0,-999,6.091931137647662
553,7,999,0,-999,5.903539239455547
554,0,3,0,-3,-0.5227040954778559
554,1,3,0,-2,0.06666390434918681
554,2,3,0,-1,0.4290340349990983
554,3,3,1,0,1.7715547471946855
554,4,3,1,1,3.1077505393709677
554,5,3,1,2,4.7719442073404945
554,6,3,1,3,5.834190750612317
554,7,3,1,4,6.878800882087362
555,0,5,0,-5,-1.30545677843641
555,1,5,0,-4,-0.2449822456660305
555,2,5,0,-3,0.8657099890099309
555,3,5,0,-2,1.1211737081625484
555,4,5,0,-1,0.8210046327356698
555,5,5,1,0,3.064009055433857
555,6,5,1,1,5.010348082794721
555,7,5,1,2,4.893594657041481
556,0,999,0,-999,-0.76154514344124
556,1,999,0,-999,-0.7272755201148151
556,2,999,0,-999,0.2826080368442546
556,3,999,0,-999,0.558584502597945
556,4,999,0,-999,1.504838827156013
556,5,999,0,-999,0.8701348491942815
556,6,999,0,-999,3.976408381705964
556,7,999,0,-999,4.365378135217334
557,0,5,0,-5,-0.8752572333827549
557,1,5,0,-4,-0.9083269896982888
557,2,5,0,-3,-0.10776421974812639
557,3,5,0,-2,1.8144793994447581
557,4,5,0,-1,3.169761723039278
557,5,5,1,0,3.1078125419654548
557,6,5,1,1,3.2456165123809626
557,7,5,1,2,4.443114595461016
558,0,5,0,-5,-0.4436042566142381
558,1,5,0,-4,-0.4885664529394573
558,2,5,0,-3,-0.2530547526213723
558,3,5,0,-2,0.5938704883863278
558,4,5,0,-1,1.0441225766212145
558,5,5,1,0,1.9720233959870717
558,6,5,1,1,3.1177199385569176
558,7,5,1,2,6.390433744829789
559,0,3,0,-3,0.5266919474883469
559,1,3,0,-2,0.12578955078612503
559,2,3,0,-1,0.2314594757956721
559,3,3,1,0,1.0858413088912457
559,4,3,1,1,1.9572869974427234
559,5,3,1,2,4.944704865354963
559,6,3,1,3,4.971379419668492
559,7,3,1,4,7.05458583865651
560,0,3,0,-3,0.6245354528379666
560,1,3,0,-2,2.8015525691567493
560,2,3,0,-1,1.9314873663578935
560,3,3,1,0,4.924307347965698
560,4,3,1,1,4.396504649548914
560,5,3,1,2,6.539048859946686
560,6,3,1,3,6.585267928920832
560,7,3,1,4,8.413044542874015
561,0,3,0,-3,-0.22616356339053767
561,1,3,0,-2,-0.197713847664163
561,2,3,0,-1,0.19875746743881867
561,3,3,1,0,1.654233113661144
561,4,3,1,1,1.72706629390636
561,5,3,1,2,4.223512121510733
561,6,3,1,3,5.418612906811498
561,7,3,1,4,6.236715086657487
562,0,999,0,-999,-1.1812058310620945
562,1,999,0,-999,0.557450427491288
562,2,999,0,-999,0.5578081961876569
562,3,999,0,-999,2.189371170074747
562,4,999,0,-999,2.1951150693204378
562,5,999,0,-999,3.78038067394102
562,6,999,0,-999,3.5488767860756236
562,7,999,0,-999,4.981289888799139
563,0,5,0,-5,1.0732433942673305
563,1,5,0,-4,-0.27272127606405133
563,2,5,0,-3,-0.09155126725628815
563,3,5,0,-2,1.732953318105066
563,4,5,0,-1,1.6425494270298873
563,5,5,1,0,3.39024369007459
563,6,5,1,1,4.824475425441447
563,7,5,1,2,6.763131835256761
564,0,5,0,-5,-0.9475095478932591
564,1,5,0,-4,0.8167137109998324
564,2,5,0,-3,1.4357294987786338
564,3,5,0,-2,2.110611647308949
564,4,5,0,-1,1.1356767215386518
564,5,5,1,0,2.826681659296522
564,6,5,1,1,4.871067847671764
564,7,5,1,2,5.108064502601058
565,0,999,0,-999,0.44109194999723406
565,1,999,0,-999,1.664917210307988
565,2,999,0,-999,1.5198560039729272
565,3,999,0,-999,1.1799400265799924
565,4,999,0,-999,1.469385912878617
565,5,999,0,-999,3.055353940062471
565,6,999,0,-999,4.0625516394281425
565,7,999,0,-999,5.423488593036948
566,0,999,0,-999,2.116448414950048
566,1,999,0,-999,1.046999931241967
566,2,999,0,-999,3.0759341410838896
566,3,999,0,-999,0.5377027803430261
566,4,999,0,-999,2.3034866820869815
566,5,999,0,-999,4.279555342360995
566,6,999,0,-999,4.508767714941174
566,7,999,0,-999,4.643967672227797
567,0,3,0,-3,-0.4990583513249988
567,1,3,0,-2,1.2206792578252919
567,2,3,0,-1,0.8862576114540339
567,3,3,1,0,1.750301388721597
567,4,3,1,1,3.8902647605126184
567,5,3,1,2,4.52111364035536
567,6,3,1,3,7.133121121141201
567,7,3,1,4,9.280524946039355
568,0,999,0,-999,-1.018861500615021
568,1,999,0,-999,0.2606300422104697
568,2,999,0,-999,-1.1047416762681388
568,3,999,0,-999,-0.6628171923438533
568,4,999,0,-999,0.9589517087514651
568,5,999,0,-999,0.7772595802933155
568,6,999,0,-999,2.9522489500687144
568,7,999,0,-999,4.123723549935742
569,0,3,0,-3,0.16750881896466024
569,1,3,0,-2,0.908653992603961
569,2,3,0,-1,1.176746458311746
569,3,3,1,0,3.2302216061543767
569,4,3,1,1,3.451792593254287
569,5,3,1,2,5.53290586993712
569,6,3,1,3,7.553932456184869
569,7,3,1,4,6.699637826754323
570,0,5,0,-5,-1.5248103539777602
570,1,5,0,-4,-1.241104711804033
570,2,5,0,-3,-0.5199575828693997
570,3,5,0,-2,1.0551941490058918
570,4,5,0,-1,1.6073230944631762
570,5,5,1,0,2.738154376876009
570,6,5,1,1,4.813091018226655
570,7,5,1,2,4.11153830611936
571,0,999,0,-999,1.4159285799976589
571,1,999,0,-999,0.026988037583453084
571,2,999,0,-999,1.3393760061072717
571,3,999,0,-999,0.40438051139284026
571,4,999,0,-999,2.2449565751717033
571,5,999,0,-999,3.0380645142350704
571,6,999,0,-999,3.13514806259446
571,7,999,0,-999,5.3643738773996175
572,0,5,0,-5,-1.749582635126735
572,1,5,0,-4,-2.5600991207205444
572,2,5,0,-3,-0.8791698646251218
572,3,5,0,-2,0.4268236451585339
572,4,5,0,-1,0.6185683999803574
572,5,5,1,0,2.286509767282346
572,6,5,1,1,1.7854040871992123
572,7,5,1,2,4.437429520132561
573,0,999,0,-999,-1.7402592550158689
573,1,999,0,-999,-1.3122067123869225
573,2,999,0,-999,0.3076542155664677
573,3,999,0,-999,0.3674534907920531
573,4,999,0,-999,0.9419445196277972
573,5,999,0,-999,3.5245049196859437
573,6,999,0,-999,3.489983813663298
573,7,999,0,-999,4.066199985436261
574,0,999,0,-999,0.6418207339982573
574,1,999,0,-999,1.3735936217389928
574,2,999,0,-999,3.081419155878649
574,3,999,0,-999,3.166971600933642
574,4,999,0,-999,3.326576035424252
574,5,999,0,-999,2.6433510697998956
574,6,999,0,-999,4.919044824687059
574,7,999,0,-999,6.922625978033474
575,0,5,0,-5,-0.8152625871639779
575,1,5,0,-4,0.04764648914660774
575,2,5,0,-3,0.4632694630411973
575,3,5,0,-2,2.247266722059179
575,4,5,0,-1,2.597190913856684
575,5,5,1,0,3.865055117322218
575,6,5,1,1,4.658910331286927
575,7,5,1,2,6.1371619248796385
576,0,5,0,-5,-0.036064477001609974
576,1,5,0,-4,1.3535949524385607
576,2,5,0,-3,0.2268155379020913
576,3,5,0,-2,2.0505793827665704
576,4,5,0,-1,2.7891172256914114
576,5,5,1,0,4.835513753814484
576,6,5,1,1,4.858269899190253
576,7,5,1,2,7.053402156096194
577,0,999,0,-999,-0.10448560026687703
577,1,999,0,-999,0.9602387303703352
577,2,999,0,-999,-0.12336136843633178
577,3,999,0,-999,-0.40905132253057896
577,4,999,0,-999,1.824897701642746
577,5,999,0,-999,2.4826729574337927
577,6,999,0,-999,3.0880907977490666
577,7,999,0,-999,3.9077069313129265
578,0,999,0,-999,-0.10362430360005204
578,1,999,0,-999,0.8303835507103805
578,2,999,0,-999,0.8458448853004514
578,3,999,0,-999,1.215667958617722
578,4,999,0,-999,2.0436820453274684
578,5,999,0,-999,3.3531639230112535
578,6,999,0,-999,4.304373657586507
578,7,999,0,-999,6.102291092741582
579,0,5,0,-5,-0.4554653263139189
579,1,5,0,-4,2.142344932812814
579,2,5,0,-3,1.2252010133239049
579,3,5,0,-2,2.4243830100714163
579,4,5,0,-1,3.382393989806112
579,5,5,1,0,2.760441288355462
579,6,5,1,1,5.169642574432919
579,7,5,1,2,7.090778427005757
580,0,5,0,-5,-0.34380192422626554
580,1,5,0,-4,-0.9349077921320808
580,2,5,0,-3,-0.8811032741643001
580,3,5,0,-2,1.151888666404862
580,4,5,0,-1,0.4716226978194289
580,5,5,1,0,2.4444383270258427
580,6,5,1,1,4.029061325457473
580,7,5,1,2,5.58371137968472
581,0,3,0,-3,-1.6747470104929254
581,1,3,0,-2,0.6942126442466926
581,2,3,0,-1,1.3105894919964944
581,3,3,1,0,2.2369250293425478
581,4,3,1,1,4.375596051293319
581,5,3,1,2,4.121171789812009
581,6,3,1,3,7.039073966871253
581,7,3,1,4,7.121315603146178
582,0,3,0,-3,0.6524304800866112
582,1,3,0,-2,1.4059471723574126
582,2,3,0,-1,0.7800439580577766
582,3,3,1,0,3.5692675777453386
582,4,3,1,1,3.8103205578640003
582,5,3,1,2,5.038623412962936
582,6,3,1,3,6.4274383251112095
582,7,3,1,4,9.53623865155648
583,0,5,0,-5,0.8917828686835683
583,1,5,0,-4,-0.8068335145756242
583,2,5,0,-3,0.7321364011228855
583,3,5,0,-2,1.7807433115766325
583,4,5,0,-1,1.8711540173113346
583,5,5,1,0,3.7424747784493326
583,6,5,1,1,5.3285106791700585
583,7,5,1,2,6.027204959555933
584,0,3,0,-3,0.6206823979370645
584,1,3,0,-2,0.8064669559216902
584,2,3,0,-1,1.1402197847509552
584,3,3,1,0,1.2833459464856682
584,4,3,1,1,2.797026206564756
584,5,3,1,2,4.5415403533018655
584,6,3,1,3,5.496817371533883
584,7,3,1,4,7.95957102404022
585,0,999,0,-999,0.40903053055441374
585,1,999,0,-999,1.388512398884066
585,2,999,0,-999,0.8605030362827976
585,3,999,0,-999,1.2314860553798654
585,4,999,0,-999,4.426707390382816
585,5,999,0,-999,3.604957107816107
585,6,999,0,-999,3.2062392237419575
585,7,999,0,-999,6.222153148230254
586,0,5,0,-5,1.3360473596432354
586,1,5,0,-4,1.9990938665999296
586,2,5,0,-3,2.179385805633958
586,3,5,0,-2,2.7203961730307813
586,4,5,0,-1,3.59351028711254
586,5,5,1,0,5.914997795780389
586,6,5,1,1,4.924022210363242
586,7,5,1,2,6.27300566130832
587,0,3,0,-3,0.30684930441964975
587,1,3,0,-2,1.4332205649550116
587,2,3,0,-1,0.7800458303229354
587,3,3,1,0,2.0454573405649334
587,4,3,1,1,3.8615808734062336
587,5,3,1,2,5.386248544013926
587,6,3,1,3,6.217121578487847
587,7,3,1,4,7.530210661347006
588,0,5,0,-5,-1.2723505475129906
588,1,5,0,-4,0.026410405196960515
588,2,5,0,-3,0.6440987770629243
588,3,5,0,-2,0.42129751575898267
588,4,5,0,-1,2.644804384315789
588,5,5,1,0,4.315332500851592
588,6,5,1,1,5.349033784203768
588,7,5,1,2,4.70431353908287
589,0,3,0,-3,2.1147699509968074
589,1,3,0,-2,2.1849394539130103
589,2,3,0,-1,2.6807889503275417
589,3,3,1,0,4.01909177190207
589,4,3,1,1,4.742331907538785
589,5,3,1,2,6.733134141767513
589,6,3,1,3,8.199887089023525
589,7,3,1,4,8.48662499313202
590,0,999,0,-999,-0.07232549002312422
590,1,999,0,-999,-0.5394550818847574
590,2,999,0,-999,1.164742131046737
590,3,999,0,-999,1.163834757993214
590,4,999,0,-999,2.790482703991893
590,5,999,0,-999,1.8149786739957379
590,6,999,0,-999,3.5329746391671764
590,7,999,0,-999,4.028147230345282
591,0,5,0,-5,1.5198299728111593
591,1,5,0,-4,0.6455422321278304
591,2,5,0,-3,1.1583384193315598
591,3,5,0,-2,-0.006590160044928517
591,4,5,0,-1,3.3825449362104503
591,5,5,1,0,4.136210256096477
591,6,5,1,1,4.665248019511414
591,7,5,1,2,6.104272568738111
592,0,5,0,-5,-1.0334275007719786
592,1,5,0,-4,0.5102294780626142
592,2,5,0,-3,1.1150630544376128
592,3,5,0,-2,0.510209517011481
592,4,5,0,-1,1.00545011903634
592,5,5,1,0,3.788676746240004
592,6,5,1,1,4.531680813126332
592,7,5,1,2,6.000789997161062
593,0,3,0,-3,1.4012137588730849
593,1,3,0,-2,2.5088355983586137
593,2,3,0,-1,1.466388395344746
593,3,3,1,0,3.131694578523411
593,4,3,1,1,6.262849477183219
593,5,3,1,2,5.905315789817763
593,6,3,1,3,6.914819885611555
593,7,3,1,4,8.642401383559251
594,0,3,0,-3,-2.159854222443858
594,1,3,0,-2,-1.5097113862179452
594,2,3,0,-1,-0.6021844770594711
594,3,3,1,0,-0.4290128829960671
594,4,3,1,1,2.0750707365477146
594,5,3,1,2,2.957275406907469
594,6,3,1,3,5.533377531648041
594,7,3,1,4,5.690103364616359
595,0,3,0,-3,0.9553084629050576
595,1,3,0,-2,1.0660088074029754
595,2,3,0,-1,2.2474034858034075
595,3,3,1,0,4.787849518098201
595,4,3,1,1,6.023086811597168
595,5,3,1,2,5.1024481719203205
595,6,3,1,3,7.520748316830721
595,7,3,1,4,8.138488367659228
596,0,3,0,-3,0.2714988277029157
596,1,3,0,-2,1.9013467959288848
596,2,3,0,-1,1.894269821362336
596,3,3,1,0,1.5320693893262693
596,4,3,1,1,3.8900404040529803
596,5,3,1,2,5.816301589757807
596,6,3,1,3,7.689095762188428
596,7,3,1,4,7.5974590972422655
597,0,3,0,-3,-0.32136748902098944
597,1,3,0,-2,0.08461640367574125
597,2,3,0,-1,-0.8681530910934898
597,3,3,1,0,2.99812890142025
597,4,3,1,1,4.177269827320284
597,5,3,1,2,4.396367493458463
597,6,3,1,3,5.0555686831473565
597,7,3,1,4,7.871685032876911
598,0,999,0,-999,-1.6008319026739417
598,1,999,0,-999,-0.3828239326588649
598,2,999,0,-999,0.4477402571872038
598,3,999,0,-999,0.8833816507789064
598,4,999,0,-999,1.8060816502493195
598,5,999,0,-999,2.2362091331912066
598,6,999,0,-999,2.904621077019812
598,7,999,0,-999,4.458009494795435
599,0,3,0,-3,-0.9926226548933926
599,1,3,0,-2,-0.20259722657245588
599,2,3,0,-1,1.1191377792277761
599,3,3,1,0,0.05079748399668205
599,4,3,1,1,3.1957029083279904
599,5,3,1,2,3.274085313422457
599,6,3,1,3,4.155726905450608
599,7,3,1,4,7.302402525098716
600,0,3,0,-3,1.1022364135650815
600,1,3,0,-2,0.4060517266293875
600,2,3,0,-1,2.1532512039837988
600,3,3,1,0,3.834313525249787
600,4,3,1,1,5.343998519566782
600,5,3,1,2,6.701663930341059
600,6,3,1,3,7.066078221484309
600,7,3,1,4,8.32555221125398
601,0,3,0,-3,-1.5683195304880102
601,1,3,0,-2,-0.9333382728445785
601,2,3,0,-1,0.049708109921831056
601,3,3,1,0,1.7145230314230782
601,4,3,1,1,1.795060228797873
601,5,3,1,2,3.8428956940638366
601,6,3,1,3,6.580632056426287
601,7,3,1,4,6.827003841816693
602,0,5,0,-5,1.6118498851063523
602,1,5,0,-4,1.7747346329049678
602,2,5,0,-3,3.129782498314939
602,3,5,0,-2,2.899880588406884
602,4,5,0,-1,3.427027653227223
602,5,5,1,0,4.66479076404637
602,6,5,1,1,4.912192804443653
602,7,5,1,2,8.199140762551435
603,0,3,0,-3,0.36146442783918625
603,1,3,0,-2,1.2900449774656984
603,2,3,0,-1,1.845140963369444
603,3,3,1,0,2.71835153872984
603,4,3,1,1,3.127107372591086
603,5,3,1,2,3.7256619852047064
603,6,3,1,3,7.177835501722685
603,7,3,1,4,6.749843815649149
604,0,999,0,-999,-0.06944068289072092
604,1,999,0,-999,-0.572035431276009
604,2,999,0,-999,-1.0834321293773868
604,3,999,0,-999,0.4240284885773338
604,4,999,0,-999,1.6192316470992814
604,5,999,0,-999,2.1375858389722966
604,6,999,0,-999,4.043662798259657
604,7,999,0,-999,4.0085799768664225
605,0,999,0,-999,0.37962685431431736
605,1,999,0,-999,0.3848668095706361
605,2,999,0,-999,0.6766912982564897
605,3,999,0,-999,2.4577612478812454
605,4,999,0,-999,2.6918085741210356
605,5,999,0,-999,1.9452582659237136
605,6,999,0,-999,4.43871772589016
605,7,999,0,-999,4.516163706244555
606,0,5,0,-5,-0.6620351536502562
606,1,5,0,-4,0.8219202724692807
606,2,5,0,-3,0.848433104196546
606,3,5,0,-2,1.5699088579573657
606,4,5,0,-1,2.35752332850773
606,5,5,1,0,3.452412642373724
606,6,5,1,1,5.448753730364872
606,7,5,1,2,5.229468642886978
607,0,5,0,-5,-1.1834761185192462
607,1,5,0,-4,-0.8692676741896496
607,2,5,0,-3,0.5210953629476509
607,3,5,0,-2,-0.09424805749544662
607,4,5,0,-1,2.0168981696353425
607,5,5,1,0,2.375817484437535
607,6,5,1,1,3.5254051802980184
607,7,5,1,2,5.206618955087823
608,0,3,0,-3,0.5190694739118862
608,1,3,0,-2,-0.5463857422390678
608,2,3,0,-1,0.03209464139525331
608,3,3,1,0,1.8192854619185568
608,4,3,1,1,2.958388671428198
608,5,3,1,2,4.042030276164446
608,6,3,1,3,6.341031398259464
608,7,3,1,4,6.836443047171064
609,0,5,0,-5,-2.1713790135856694
609,1,5,0,-4,-1.4734814478913987
609,2,5,0,-3,-0.8183777077395467
609,3,5,0,-2,-0.8952300751883114
609,4,5,0,-1,0.05319408320329843
609,5,5,1,0,1.102398824086864
609,6,5,1,1,2.6612266178409145
609,7,5,1,2,2.3422035086459676
610,0,3,0,-3,-1.6047745068022428
610,1,3,0,-2,-0.16269464853004678
610,2,3,0,-1,-0.452473070778609
610,3,3,1,0,0.784608177873704
610,4,3,1,1,1.410570876866303
610,5,3,1,2,3.4245523728944365
610,6,3,1,3,4.437791739081068
610,7,3,1,4,6.348353728508252
611,0,999,0,-999,-1.2277475722926314
611,1,999,0,-999,-2.1413543379343047
611,2,999,0,-999,-0.1799208802157588
611,3,999,0,-999,1.051461999124963
611,4,999,0,-999,1.8360157837685933
611,5,999,0,-999,1.79745877178179
611,6,999,0,-999,3.511702209607327
611,7,999,0,-999,3.8676390471189954
612,0,3,0,-3,-0.17697868508404946
612,1,3,0,-2,1.4477736440046969
612,2,3,0,-1,-0.2611222778935517
612,3,3,1,0,2.7942031358600254
612,4,3,1,1,3.334286925018784
612,5,3,1,2,4.9895840019883035
612,6,3,1,3,4.275296309134392
612,7,3,1,4,6.55561459337612
613,0,3,0,-3,1.2368183276965141
613,1,3,0,-2,-0.11220688538732865
613,2,3,0,-1,-0.6884623218126706
613,3,3,1,0,2.1450980027694397
613,4,3,1,1,2.8025669060801888
613,5,3,1,2,5.083918534378763
613,6,3,1,3,5.56598283338902
613,7,3,1,4,7.445231399365827
614,0,999,0,-999,-0.11355695115191777
614,1,999,0,-999,0.28074398344579504
614,2,999,0,-999,0.8219917359065285
614,3,999,0,-999,1.4265362113965812
614,4,999,0,-999,1.8011143545602548
614,5,999,0,-999,3.3274583262789665
614,6,999,0,-999,5.09526863091795
614,7,999,0,-999,4.675159033019966
615,0,5,0,-5,1.2717746499256852
615,1,5,0,-4,0.698637380517726
615,2,5,0,-3,1.3735778212282175
615,3,5,0,-2,3.9199081375327953
615,4,5,0,-1,1.7296117660717818
615,5,5,1,0,3.887436040966278
615,6,5,1,1,5.435099376807507
615,7,5,1,2,6.598419514332997
616,0,3,0,-3,0.8427148458911599
616,1,3,0,-2,0.06884382761843078
616,2,3,0,-1,2.567814293697596
616,3,3,1,0,3.225022263939352
616,4,3,1,1,3.755045020479555
616,5,3,1,2,5.285327341767471
616,6,3,1,3,5.795386862436081
616,7,3,1,4,6.314500270088553
617,0,5,0,-5,1.0641991693324262
617,1,5,0,-4,0.1819342614975351
617,2,5,0,-3,1.8608469758917967
617,3,5,0,-2,1.155130173567572
617,4,5,0,-1,2.4114910382432058
617,5,5,1,0,3.8036339720313976
617,6,5,1,1,4.287408239388458
617,7,5,1,2,6.669115307263096
618,0,999,0,-999,-2.121967283450907
618,1,999,0,-999,-1.056678611038063
618,2,999,0,-999,-0.9793631280310701
618,3,999,0,-999,-0.20472706224470213
618,4,999,0,-999,0.30200421920654064
618,5,999,0,-999,0.21606959327310649
618,6,999,0,-999,2.2600467571729124
618,7,999,0,-999,4.025143736209996
619,0,999,0,-999,0.29037275964189224
619,1,999,0,-999,0.4470647620324585
619,2,999,0,-999,-0.28970328968132586
619,3,999,0,-999,1.6130844852298547
619,4,999,0,-999,0.842067249463156
619,5,999,0,-999,3.6200083561635124
619,6,999,0,-999,3.324664977816802
619,7,999,0,-999,6.394102385195952
620,0,3,0,-3,-1.7407485397321716
620,1,3,0,-2,-1.6264040328069589
620,2,3,0,-1,-0.9892747112152738
620,3,3,1,0,1.8181341898012893
620,4,3,1,1,1.7773441910603678
620,5,3,1,2,4.71874984335132
620,6,3,1,3,4.539442973836554
620,7,3,1,4,8.046405803016874
621,0,3,0,-3,-2.774330132335945
621,1,3,0,-2,-1.0428466597010715
621,2,3,0,-1,-0.4363257180291812
621,3,3,1,0,-0.13677198824530734
621,4,3,1,1,1.5734180199494037
621,5,3,1,2,2.4600252232496054
621,6,3,1,3,2.4526543038444233
621,7,3,1,4,5.428907441259562
622,0,3,0,-3,2.973607313593148
622,1,3,0,-2,3.030228549424492
622,2,3,0,-1,2.0850808231192364
622,3,3,1,0,6.058911951914201
622,4,3,1,1,6.715980803338317
622,5,3,1,2,7.277301990200247
622,6,3,1,3,8.624208420427756
622,7,3,1,4,10.715862951988905
623,0,5,0,-5,1.2431495577564737
623,1,5,0,-4,1.2395372357717522
623,2,5,0,-3,1.6739340076473042
623,3,5,0,-2,3.200339774095409
623,4,5,0,-1,2.9215761587592404
623,5,5,1,0,4.99692848476378
623,6,5,1,1,6.191621727738628
623,7,5,1,2,7.448566156835973
624,0,5,0,-5,0.8503492534808857
624,1,5,0,-4,0.6558314020170569
624,2,5,0,-3,0.9804794129734317
624,3,5,0,-2,3.03914998664097
624,4,5,0,-1,3.6026699704913514
624,5,5,1,0,4.013971313059485
624,6,5,1,1,5.288918287711133
624,7,5,1,2,7.023405422139488
625,0,999,0,-999,0.711014625483386
625,1,999,0,-999,0.6883817711754605
625,2,999,0,-999,1.0572389693019957
625,3,999,0,-999,1.1285839570985892
625,4,999,0,-999,3.5006991877513705
625,5,999,0,-999,4.417730112015535
625,6,999,0,-999,4.460673903512038
625,7,999,0,-999,4.714221882702126
626,0,999,0,-999,-1.8280919692104005
626,1,999,0,-999,0.09800263243544605
626,2,999,0,-999,-0.27775180691628604
626,3,999,0,-999,0.9817241697058148
626,4,999,0,-999,1.3930506892943246
626,5,999,0,-999,1.47194142653789
626,6,999,0,-999,3.1229878490676897
626,7,999,0,-999,4.222890483958038
627,0,5,0,-5,0.006841184964783142
627,1,5,0,-4,2.426545921761331
627,2,5,0,-3,1.2420922767852784
627,3,5,0,-2,2.345015352898681
627,4,5,0,-1,3.1374280750464907
627,5,5,1,0,4.661654743226321
627,6,5,1,1,5.070331973160858
627,7,5,1,2,7.194822932059587
628,0,5,0,-5,-0.6814968226937655
628,1,5,0,-4,-0.06461311384621898
628,2,5,0,-3,-0.06066969521355903
628,3,5,0,-2,2.3461175885441867
628,4,5,0,-1,0.7351746849384095
628,5,5,1,0,3.798334480975304
628,6,5,1,1,5.390866586164317
628,7,5,1,2,7.190433287785211
629,0,3,0,-3,1.489449718359045
629,1,3,0,-2,2.7658779397781728
629,2,3,0,-1,2.6264091517731414
629,3,3,1,0,4.407954631040869
629,4,3,1,1,4.826975794849986
629,5,3,1,2,7.224808811789448
629,6,3,1,3,7.122204218936334
629,7,3,1,4,10.313846674246719
630,0,5,0,-5,-0.32287179549045164
630,1,5,0,-4,-0.8883899373815285
630,2,5,0,-3,1.325873705000623
630,3,5,0,-2,1.8906485855391861
630,4,5,0,-1,1.9371255515561678
630,5,5,1,0,4.038008033529955
630,6,5,1,1,5.774695242505072
630,7,5,1,2,5.879039745280862
631,0,3,0,-3,0.5666243147255573
631,1,3,0,-2,1.181801660172022
631,2,3,0,-1,1.6557952774900209
631,3,3,1,0,1.5878840683718918
631,4,3,1,1,3.943582428675919
631,5,3,1,2,4.778268515280255
631,6,3,1,3,6.812697719043403
631,7,3,1,4,7.801316585379118
632,0,999,0,-999,-0.4049549705420054
632,1,999,0,-999,-0.3252055974756697
632,2,999,0,-999,1.8512745178842436
632,3,999,0,-999,1.2770464993956385
632,4,999,0,-999,2.880885976978015
632,5,999,0,-999,3.9614330894121728
632,6,999,0,-999,3.7284780589274913
632,7,999,0,-999,4.688525233008341
633,0,5,0,-5,-2.467090500268471
633,1,5,0,-4,-2.077031064455341
633,2,5,0,-3,-1.3190540899696042
633,3,5,0,-2,0.024083848983667555
633,4,5,0,-1,0.3736748813345639
633,5,5,1,0,0.9044648191485011
633,6,5,1,1,2.0059061155606313
633,7,5,1,2,3.144593726001787
634,0,5,0,-5,-0.9582649837761663
634,1,5,0,-4,0.47996699957473843
634,2,5,0,-3,1.7204562141191175
634,3,5,0,-2,2.130923454915121
634,4,5,0,-1,0.8175000827217092
634,5,5,1,0,4.271936702987266
634,6,5,1,1,5.495928617319614
634,7,5,1,2,5.375359674692213
635,0,5,0,-5,2.356152373241776
635,1,5,0,-4,3.5030189946129378
635,2,5,0,-3,4.019091677973786
635,3,5,0,-2,4.465030332082046
635,4,5,0,-1,5.07037519438954
635,5,5,1,0,5.942925149811346
635,6,5,1,1,7.188708433761555
635,7,5,1,2,7.373723187519321
636,0,3,0,-3,-2.2792887539817737
636,1,3,0,-2,-0.377961299058563
636,2,3,0,-1,-0.5263249370035572
636,3,3,1,0,1.3448373901260333
636,4,3,1,1,2.1912699574551215
636,5,3,1,2,2.8134124894227597
636,6,3,1,3,4.967532308671736
636,7,3,1,4,7.226572349546646
637,0,3,0,-3,-1.325527425596774
637,1,3,0,-2,-1.4801825742615595
637,2,3,0,-1,-0.11573578298122333
637,3,3,1,0,1.3038630022770583
637,4,3,1,1,3.2312139219312757
637,5,3,1,2,4.494754492868633
637,6,3,1,3,4.808878615241381
637,7,3,1,4,5.416976378293933
638,0,5,0,-5,-0.5195337691258181
638,1,5,0,-4,-0.24666749101817867
638,2,5,0,-3,0.6803234177733113
638,3,5,0,-2,-0.2681243827883184
638,4,5,0,-1,1.8294295212333196
638,5,5,1,0,3.9727358756373854
638,6,5,1,1,3.415886846893776
638,7,5,1,2,5.845969998774077
639,0,5,0,-5,-0.13201764457113954
639,1,5,0,-4,0.3394668079787396
639,2,5,0,-3,0.07104416821488313
639,3,5,0,-2,2.019912813908029
639,4,5,0,-1,1.915153027360457
639,5,5,1,0,3.682104695132987
639,6,5,1,1,4.123096854592642
639,7,5,1,2,5.618153513868778
640,0,3,0,-3,0.9977106608599615
640,1,3,0,-2,1.0176605206850184
640,2,3,0,-1,2.2462288099173344
640,3,3,1,0,3.05422721441838
640,4,3,1,1,3.089142959957118
640,5,3,1,2,5.6384653081666665
640,6,3,1,3,6.984517096588277
640,7,3,1,4,8.93307025282645
641,0,3,0,-3,1.527358054609139
641,1,3,0,-2,1.3507371346096362
641,2,3,0,-1,3.069618793774951
641,3,3,1,0,3.924170628410598
641,4,3,1,1,3.895921350247841
641,5,3,1,2,5.828085880481506
641,6,3,1,3,8.004449407985875
641,7,3,1,4,8.900196851081041
642,0,999,0,-999,-0.2431365725520247
642,1,999,0,-999,1.2885009765963091
642,2,999,0,-999,0.9305960865242668
642,3,999,0,-999,1.4668206129131978
642,4,999,0,-999,3.3678327248986983
642,5,999,0,-999,2.23520410592522
642,6,999,0,-999,3.9644053337520933
642,7,999,0,-999,5.172560381395618
643,0,999,0,-999,0.12357399505876203
643,1,999,0,-999,0.44937277807774556
643,2,999,0,-999,-0.10697208673453673
643,3,999,0,-999,1.297915595670112
643,4,999,0,-999,2.30256238454485
643,5,999,0,-999,1.8177564804235213
643,6,999,0,-999,4.601856679002708
643,7,999,0,-999,5.111096340905259
644,0,5,0,-5,-1.2590299055545875
644,1,5,0,-4,0.6215601336753611
644,2,5,0,-3,-0.8110154061263046
644,3,5,0,-2,0.798513147705122
644,4,5,0,-1,1.7793424732450411
644,5,5,1,0,3.7653999980533994
644,6,5,1,1,3.6376318209913836
644,7,5,1,2,4.218141218224927
645,0,5,0,-5,1.3941214295924413
645,1,5,0,-4,1.6728492558101522
645,2,5,0,-3,2.7635559025633047
645,3,5,0,-2,1.9287778579256747
645,4,5,0,-1,3.062025767254551
645,5,5,1,0,4.443395436500976
645,6,5,1,1,5.960427509574203
645,7,5,1,2,7.065789675447412
646,0,5,0,-5,1.4592701121740463
646,1,5,0,-4,0.9405931299556269
646,2,5,0,-3,1.3820280839989831
646,3,5,0,-2,2.4941501788886398
646,4,5,0,-1,2.5743844811820176
646,5,5,1,0,3.9852711466641475
646,6,5,1,1,4.49656419265738
646,7,5,1,2,7.068459107587662
647,0,999,0,-999,-0.18969313828525453
647,1,999,0,-999,0.5265264539088557
647,2,999,0,-999,1.849245658573074
647,3,999,0,-999,1.843864568798453
647,4,999,0,-999,2.7609840851591736
647,5,999,0,-999,3.2627372371831704
647,6,999,0,-999,3.4967264484151217
647,7,999,0,-999,5.609396064788497
648,0,5,0,-5,-0.41188217147827566
648,1,5,0,-4,-0.6496375857793268
648,2,5,0,-3,0.1744725158517414
648,3,5,0,-2,1.3803769065093883
648,4,5,0,-1,2.5282513485657128
648,5,5,1,0,2.6053132745336334
648,6,5,1,1,3.267506580056789
648,7,5,1,2,6.284547779763894
649,0,999,0,-999,-0.8740809955426182
649,1,999,0,-999,1.0476009783450206
649,2,999,0,-999,1.358745369941703
649,3,999,0,-999,2.147149041216228
649,4,999,0,-999,2.0553304945888327
649,5,999,0,-999,4.711096594996004
649,6,999,0,-999,4.527371661928302
649,7,999,0,-999,5.252253405599817
650,0,999,0,-999,1.214019170477389
650,1,999,0,-999,1.2799646508679847
650,2,999,0,-999,0.7274189748336484
650,3,999,0,-999,4.211858600058664
650,4,999,0,-999,2.907682053684938
650,5,999,0,-999,3.811651089034084
650,6,999,0,-999,6.522908357979761
650,7,999,0,-999,4.93099703579465
651,0,999,0,-999,0.24784914747081205
651,1,999,0,-999,-0.35938338103888245
651,2,999,0,-999,0.23070548556677134
651,3,999,0,-999,-0.22387997997763565
651,4,999,0,-999,0.7185080627032012
651,5,999,0,-999,2.1553379444849714
651,6,999,0,-999,2.9993353950115345
651,7,999,0,-999,6.069660621981644
652,0,3,0,-3,0.9506508760465334
652,1,3,0,-2,-0.07653823297345075
652,2,3,0,-1,0.3277881019254969
652,3,3,1,0,2.6099693250897342
652,4,3,1,1,4.86585626166148
652,5,3,1,2,6.655037273917298
652,6,3,1,3,6.076470642289177
652,7,3,1,4,7.2802409157122465
653,0,3,0,-3,-0.877171721244781
653,1,3,0,-2,1.0217580338656143
653,2,3,0,-1,1.2250755687946118
653,3,3,1,0,1.982988096410888
653,4,3,1,1,2.9658528124347265
653,5,3,1,2,4.288411753862041
653,6,3,1,3,6.429797682290353
653,7,3,1,4,7.312021809523135
654,0,5,0,-5,-0.17622735717736182
654,1,5,0,-4,1.1275485926080007
654,2,5,0,-3,2.2708802441811526
654,3,5,0,-2,3.218938995684654
654,4,5,0,-1,3.6243378924333287
654,5,5,1,0,5.306059900038288
654,6,5,1,1,5.081699052162263
654,7,5,1,2,7.408815095730665
655,0,5,0,-5,-1.2078801834702089
655,1,5,0,-4,-0.1995827373605329
655,2,5,0,-3,-0.3357153172743971
655,3,5,0,-2,0.6891922898468159
655,4,5,0,-1,1.3078669384167854
655,5,5,1,0,3.0463952161995005
655,6,5,1,1,3.5816184609671335
655,7,5,1,2,4.592521563114369
656,0,5,0,-5,-0.16494304517866462
656,1,5,0,-4,0.036620294243214
656,2,5,0,-3,1.556507194848534
656,3,5,0,-2,1.0657911383827143
656,4,5,0,-1,2.6931798819427026
656,5,5,1,0,2.5255759989888196
656,6,5,1,1,5.22350663822976
656,7,5,1,2,5.746436095313715
657,0,3,0,-3,-0.07127679989070065
657,1,3,0,-2,1.4642865834328636
657,2,3,0,-1,0.38688865377560966
657,3,3,1,0,2.4991453149652783
657,4,3,1,1,3.298796838397502
657,5,3,1,2,5.8716416878935185
657,6,3,1,3,5.103190197930024
657,7,3,1,4,7.963762733852831
658,0,5,0,-5,2.5381153398293095
658,1,5,0,-4,2.5743251952212565
658,2,5,0,-3,1.8208592254506286
658,3,5,0,-2,4.072354830559006
658,4,5,0,-1,3.9842873194098174
658,5,5,1,0,5.306563521997402
658,6,5,1,1,7.570458184383153
658,7,5,1,2,7.721594863896938
659,0,3,0,-3,-0.41011843227974504
659,1,3,0,-2,1.179536127190865
659,2,3,0,-1,0.17944064453938025
659,3,3,1,0,0.6571627152880504
659,4,3,1,1,3.044124370076769
659,5,3,1,2,4.138171081816914
659,6,3,1,3,5.274778769407753
659,7,3,1,4,6.845666091503027
660,0,3,0,-3,-2.4770673828637193
660,1,3,0,-2,-2.2349044929816353
660,2,3,0,-1,-1.1965490502231326
660,3,3,1,0,0.7518938786103251
660,4,3,1,1,-0.5720968818682517
660,5,3,1,2,3.638937980494461
660,6,3,1,3,5.037134672389012
660,7,3,1,4,6.044466297952297
661,0,3,0,-3,-0.7608500971515839
661,1,3,0,-2,0.7386871506650339
661,2,3,0,-1,0.018034697197547356
661,3,3,1,0,1.936141714482111
661,4,3,1,1,3.223341705934156
661,5,3,1,2,3.499562616847201
661,6,3,1,3,5.086547074894458
661,7,3,1,4,7.737780135053062
662,0,5,0,-5,0.3966668714828562
662,1,5,0,-4,0.742158795125998
662,2,5,0,-3,0.04812712945744968
662,3,5,0,-2,1.879964826120967
662,4,5,0,-1,3.6602447199455286
662,5,5,1,0,4.200798915614183
662,6,5,1,1,5.117548729740005
662,7,5,1,2,6.993704119609873
663,0,3,0,-3,0.25436915157957474
663,1,3,0,-2,1.1570910904756455
663,2,3,0,-1,2.806511989929123
663,3,3,1,0,4.2043100739623815
663,4,3,1,1,5.07310326202076
663,5,3,1,2,6.856219566017602
663,6,3,1,3,6.634188569595661
663,7,3,1,4,7.854919386331019
664,0,5,0,-5,-0.7115647134363905
664,1,5,0,-4,0.4135291580107936
664,2,5,0,-3,0.1995410161242659
664,3,5,0,-2,0.6234158162736672
664,4,5,0,-1,3.327726299818731
664,5,5,1,0,4.1434998326866985
664,6,5,1,1,4.550531556565798
664,7,5,1,2,6.51664084965617
665,0,999,0,-999,-0.8530867711577497
665,1,999,0,-999,0.13190318192137912
665,2,999,0,-999,0.46613570446888153
665,3,999,0,-999,0.5797199410918222
665,4,999,0,-999,2.2626854712971625
665,5,999,0,-999,3.5028785689455133
665,6,999,0,-999,3.1821169351037377
665,7,999,0,-999,4.487477128541159
666,0,3,0,-3,-0.4518940421654098
666,1,3,0,-2,-0.4259482092073374
666,2,3,0,-1,0.6963531154469942
666,3,3,1,0,1.7727605096257448
666,4,3,1,1,3.174469917972961
666,5,3,1,2,5.779907184881605
666,6,3,1,3,5.670190842645312
666,7,3,1,4,7.122827005234175
667,0,999,0,-999,-1.6747541546661187
667,1,999,0,-999,-0.4874550391266628
667,2,999,0,-999,-0.45342006667991264
667,3,999,0,-999,1.0067802771791745
667,4,999,0,-999,1.1995864633482274
667,5,999,0,-999,1.767492360622247
667,6,999,0,-999,2.770641662315446
667,7,999,0,-999,3.79245538377528
668,0,3,0,-3,1.1792229800363216
668,1,3,0,-2,0.9867213326109165
668,2,3,0,-1,3.1615374161503
668,3,3,1,0,3.785984219060561
668,4,3,1,1,4.854933154205091
668,5,3,1,2,6.177722467910902
668,6,3,1,3,7.009038586374279
668,7,3,1,4,10.265160373398565
669,0,999,0,-999,1.4731399301481372
669,1,999,0,-999,2.6073673233318937
669,2,999,0,-999,2.3208057738521397
669,3,999,0,-999,1.9535144217708673
669,4,999,0,-999,4.260180267880284
669,5,999,0,-999,3.3618138175290446
669,6,999,0,-999,4.6792366986252185
669,7,999,0,-999,5.195084216856778
670,0,999,0,-999,-0.23635172577450703
670,1,999,0,-999,-1.153514507464683
670,2,999,0,-999,-0.21291575970111334
670,3,999,0,-999,-0.6625199928715753
670,4,999,0,-999,0.943548060322821
670,5,999,0,-999,1.6694596698678745
670,6,999,0,-999,2.214970369890126
670,7,999,0,-999,3.9454861555711265
671,0,5,0,-5,-1.5993178510755668
671,1,5,0,-4,-0.43125847868421585
671,2,5,0,-3,-0.8931571557924852
671,3,5,0,-2,-0.8266211529521101
671,4,5,0,-1,1.0256858823863353
671,5,5,1,0,2.301710827001612
671,6,5,1,1,2.9865492033435443
671,7,5,1,2,4.865486584955994
672,0,5,0,-5,-1.0422361390845631
672,1,5,0,-4,0.0766936492327769
672,2,5,0,-3,0.2434446796018721
672,3,5,0,-2,1.6775327013371304
672,4,5,0,-1,2.724189514781679
672,5,5,1,0,3.6795726887145057
672,6,5,1,1,4.158851730254652
672,7,5,1,2,4.937724322872553
673,0,3,0,-3,-1.7617037241956064
673,1,3,0,-2,-1.6543129069391496
673,2,3,0,-1,-1.0415254851806057
673,3,3,1,0,0.7994615163081003
673,4,3,1,1,2.6550911932779258
673,5,3,1,2,4.1247883114828205
673,6,3,1,3,5.078789576539516
673,7,3,1,4,6.995045817281733
674,0,999,0,-999,-0.3138988937165579
674,1,999,0,-999,0.41398121059078075
674,2,999,0,-999,1.3790878724179048
674,3,999,0,-999,1.2464489869216644
674,4,999,0,-999,0.7654288501885087
674,5,999,0,-999,3.0199566375781437
674,6,999,0,-999,2.228760123827305
674,7,999,0,-999,5.623292505542019
675,0,3,0,-3,0.3525765472360425
675,1,3,0,-2,0.2646795309090424
675,2,3,0,-1,0.07298785515515638
675,3,3,1,0,3.241832896028164
675,4,3,1,1,5.5108389634670685
675,5,3,1,2,5.1756416717883
675,6,3,1,3,7.388222280095112
675,7,3,1,4,7.670002155928537
676,0,3,0,-3,0.9968835234879179
676,1,3,0,-2,1.5037553843407228
676,2,3,0,-1,1.8149153397029296
676,3,3,1,0,4.631186249064232
676,4,3,1,1,3.894627391541148
676,5,3,1,2,5.130109539325588
676,6,3,1,3,6.230263783909132
676,7,3,1,4,9.233132723107907
677,0,5,0,-5,0.87468209658057
677,1,5,0,-4,0.829573716411053
677,2,5,0,-3,0.846125603136766
677,3,5,0,-2,3.354771818429395
677,4,5,0,-1,2.6379778843847466
677,5,5,1,0,4.673520023229953
677,6,5,1,1,4.7227706018046085
677,7,5,1,2,6.542866337026101
678,0,999,0,-999,0.8096858396062003
678,1,999,0,-999,1.0294888972360905
678,2,999,0,-999,0.2986976995469999
678,3,999,0,-999,1.280165745814534
678,4,999,0,-999,2.5434611893900243
678,5,999,0,-999,4.327399783272585
678,6,999,0,-999,4.081747975983334
678,7,999,0,-999,5.155767209496253
679,0,3,0,-3,0.6907626975046766
679,1,3,0,-2,0.14527900009067907
679,2,3,0,-1,0.500943258718754
679,3,3,1,0,2.6991416542457554
679,4,3,1,1,3.3222967084894584
679,5,3,1,2,4.4958168582189195
679,6,3,1,3,6.072780885985219
679,7,3,1,4,7.500048957448938
680,0,3,0,-3,-1.4068159963022475
680,1,3,0,-2,0.586179423008613
680,2,3,0,-1,0.08573459348949866
680,3,3,1,0,1.6930700214374577
680,4,3,1,1,1.7097640457054273
680,5,3,1,2,4.088200013154093
680,6,3,1,3,5.97622299164027
680,7,3,1,4,7.355508903884915
681,0,5,0,-5,1.2443771675954611
681,1,5,0,-4,1.6236402616600625
681,2,5,0,-3,0.6242186167458287
681,3,5,0,-2,1.5563698599068632
681,4,5,0,-1,2.884839843100535
681,5,5,1,0,4.04257675611599
681,6,5,1,1,5.4428400324571955
681,7,5,1,2,6.09394648588674
682,0,3,0,-3,-3.247115610919185
682,1,3,0,-2,-1.4207283463575886
682,2,3,0,-1,-1.4182896951303041
682,3,3,1,0,0.5283233075893284
682,4,3,1,1,2.1072881817927
682,5,3,1,2,1.9162594247840015
682,6,3,1,3,3.828111279892169
682,7,3,1,4,5.990258336247865
683,0,999,0,-999,-0.5126220573642628
683,1,999,0,-999,-1.511753712907115
683,2,999,0,-999,0.6452516927488006
683,3,999,0,-999,0.5757906674472869
683,4,999,0,-999,2.0276414110090863
683,5,999,0,-999,0.6403544980710496
683,6,999,0,-999,2.612142088298476
683,7,999,0,-999,3.432450347261364
684,0,5,0,-5,-1.7441908751465434
684,1,5,0,-4,-1.0607764130221704
684,2,5,0,-3,-1.8924535498125177
684,3,5,0,-2,0.7913110059228807
684,4,5,0,-1,0.15207546846056813
684,5,5,1,0,1.9352265699305624
684,6,5,1,1,3.704554477715993
684,7,5,1,2,3.5815708444593777
685,0,5,0,-5,-0.14067302792461378
685,1,5,0,-4,-0.4441178835819756
685,2,5,0,-3,1.3489904131286694
685,3,5,0,-2,-0.2720939214632916
685,4,5,0,-1,1.187341736525772
685,5,5,1,0,2.0838507643123205
685,6,5,1,1,4.5080280268172075
685,7,5,1,2,4.539293482005313
686,0,999,0,-999,1.0881555553180928
686,1,999,0,-999,0.9270873540735752
686,2,999,0,-999,2.1019357380897024
686,3,999,0,-999,2.090930469662449
686,4,999,0,-999,2.3884065297089485
686,5,999,0,-999,3.6686923278338837
686,6,999,0,-999,4.431458393274414
686,7,999,0,-999,6.419564561578394
687,0,5,0,-5,-1.664299154543197
687,1,5,0,-4,-1.0204934306325617
687,2,5,0,-3,-0.7888029762466142
687,3,5,0,-2,-0.24290126899948383
687,4,5,0,-1,2.3382616518301544
687,5,5,1,0,3.2797274072358844
687,6,5,1,1,4.714211444029654
687,7,5,1,2,5.007349702341829
688,0,999,0,-999,-2.130261497121949
688,1,999,0,-999,-2.3008039829769817
688,2,999,0,-999,-1.508133940319051
688,3,999,0,-999,-1.1213403101931818
688,4,999,0,-999,-0.3415906576846701
688,5,999,0,-999,0.7649676316211269
688,6,999,0,-999,1.7394339790352633
688,7,999,0,-999,1.9021313609209312
689,0,999,0,-999,-1.0745623081785056
689,1,999,0,-999,-0.4662028999859173
689,2,999,0,-999,-0.31190401317517935
689,3,999,0,-999,0.009993773299849185
689,4,999,0,-999,2.0780373789456332
689,5,999,0,-999,1.8499679580034811
689,6,999,0,-999,2.4727321783957414
689,7,999,0,-999,3.74822918544865
690,0,5,0,-5,-0.4897430601977605
690,1,5,0,-4,1.0964021257371186
690,2,5,0,-3,1.8332109841895687
690,3,5,0,-2,0.4961068975748968
690,4,5,0,-1,3.3283909178662068
690,5,5,1,0,4.160171429662294
690,6,5,1,1,5.177474774473078
690,7,5,1,2,5.829951021935171
691,0,5,0,-5,0.7018584092360757
691,1,5,0,-4,0.4514562484727336
691,2,5,0,-3,2.3408518301286394
691,3,5,0,-2,2.9236726036596847
691,4,5,0,-1,3.4225930301746113
691,5,5,1,0,5.429520053307785
691,6,5,1,1,5.100178617457961
691,7,5,1,2,7.453462046566038
692,0,999,0,-999,0.41690383523546914
692,1,999,0,-999,-0.06730142608423834
692,2,999,0,-999,1.3030169516272498
692,3,999,0,-999,1.2674250534068359
692,4,999,0,-999,2.1867296841653996
692,5,999,0,-999,2.9075129871026104
692,6,999,0,-999,2.1688142561399157
692,7,999,0,-999,5.887602956879727
693,0,999,0,-999,0.8713028888594623
693,1,999,0,-999,0.499994472426215
693,2,999,0,-999,1.7519338157992292
693,3,999,0,-999,2.143468032977351
693,4,999,0,-999,1.7262421905673153
693,5,999,0,-999,2.675825890228953
693,6,999,0,-999,4.987064859029977
693,7,999,0,-999,6.503715842905486
694,0,5,0,-5,-0.6975366088172622
694,1,5,0,-4,0.477146436951789
694,2,5,0,-3,0.7777884478521766
694,3,5,0,-2,0.9018419786568661
694,4,5,0,-1,1.9157596280956208
694,5,5,1,0,3.3805008840510338
694,6,5,1,1,4.9291487674956596
694,7,5,1,2,5.771757127707172
695,0,5,0,-5,-0.303682197368055
695,1,5,0,-4,-0.24098168917091062
695,2,5,0,-3,-0.09942422350426816
695,3,5,0,-2,1.9423179190593276
695,4,5,0,-1,2.193574998263905
695,5,5,1,0,3.643880231522719
695,6,5,1,1,5.549254204182448
695,7,5,1,2,5.78090001698923
696,0,3,0,-3,0.50342627504489
696,1,3,0,-2,0.6342789968949996
696,2,3,0,-1,1.1579443524884403
696,3,3,1,0,3.2819403921553265
696,4,3,1,1,3.7725938753774697
696,5,3,1,2,5.604432668054779
696,6,3,1,3,7.40064033230807
696,7,3,1,4,8.54312213901946
697,0,5,0,-5,1.7582665905782517
697,1,5,0,-4,1.1262354032992663
697,2,5,0,-3,0.5586707822800665
697,3,5,0,-2,1.1500081229287225
697,4,5,0,-1,1.825130942483806
697,5,5,1,0,3.583504168032412
697,6,5,1,1,4.8039276397255195
697,7,5,1,2,6.714124352391307
698,0,999,0,-999,0.7522872376270137
698,1,999,0,-999,0.5632503684882071
698,2,999,0,-999,2.2193876878402374
698,3,999,0,-999,2.035766215283883
698,4,999,0,-999,2.3495225498186714
698,5,999,0,-999,4.323914819302298
698,6,999,0,-999,5.6366066920109645
698,7,999,0,-999,5.9563601351568405
699,0,3,0,-3,-1.182793104580911
699,1,3,0,-2,0.905502954940486
699,2,3,0,-1,0.24959525839306318
699,3,3,1,0,2.891481002217556
699,4,3,1,1,3.4250128970344536
699,5,3,1,2,4.5929169519660435
699,6,3,1,3,5.193736272111945
699,7,3,1,4,8.151287595418882
700,0,999,0,-999,-0.139221891660382
700,1,999,0,-999,2.685441279697688
700,2,999,0,-999,2.0500563673621706
700,3,999,0,-999,3.1910639765244913
700,4,999,0,-999,2.9969234905436686
700,5,999,0,-999,3.8892995744014804
700,6,999,0,-999,4.694583440340695
700,7,999,0,-999,5.829940181979073
701,0,999,0,-999,-0.1540965757881756
701,1,999,0,-999,0.7615048367382918
701,2,999,0,-999,1.9674192086695204
701,3,999,0,-999,1.1501869017949682
701,4,999,0,-999,2.432278407467846
701,5,999,0,-999,5.433354771315772
701,6,999,0,-999,4.201809773316426
701,7,999,0,-999,5.333499384723545
702,0,5,0,-5,-0.3957826808037372
702,1,5,0,-4,0.3639349178427773
702,2,5,0,-3,0.4527357539918104
702,3,5,0,-2,1.0235523306404006
702,4,5,0,-1,1.499510601068887
702,5,5,1,0,3.1604895930329864
702,6,5,1,1,4.705252095146511
702,7,5,1,2,5.843262463983002
703,0,999,0,-999,-0.5220885962339972
703,1,999,0,-999,-0.9075693675418266
703,2,999,0,-999,-0.6300022521595117
703,3,999,0,-999,-0.358894605962536
703,4,999,0,-999,-0.2707331430275859
703,5,999,0,-999,2.2837887806039645
703,6,999,0,-999,1.3979703207075118
703,7,999,0,-999,4.459129642590391
704,0,5,0,-5,-0.8235741983609256
704,1,5,0,-4,-0.20511429265276515
704,2,5,0,-3,0.21009850511473346
704,3,5,0,-2,1.3110421467950286
704,4,5,0,-1,1.995436576247589
704,5,5,1,0,2.741688719753465
704,6,5,1,1,3.430502207054077
704,7,5,1,2,4.103249114149568
705,0,3,0,-3,-0.43517235925194664
705,1,3,0,-2,0.0020208305911910696
705,2,3,0,-1,2.3697194289104306
705,3,3,1,0,3.0770940026866964
705,4,3,1,1,5.674136804470853
705,5,3,1,2,6.019311680451619
705,6,3,1,3,6.797161563901154
705,7,3,1,4,7.978659670028652
706,0,5,0,-5,-0.37877459526989843
706,1,5,0,-4,-0.2543147621556313
706,2,5,0,-3,0.8059904269027962
706,3,5,0,-2,2.8747592055721682
706,4,5,0,-1,2.3286679108255357
706,5,5,1,0,4.2320253557061704
706,6,5,1,1,5.248573225348904
706,7,5,1,2,7.017482774295411
707,0,5,0,-5,0.2756374198983639
707,1,5,0,-4,1.0411136488355188
707,2,5,0,-3,1.5403180781191688
707,3,5,0,-2,2.2405014228237032
707,4,5,0,-1,3.826949053353932
707,5,5,1,0,4.683266198520254
707,6,5,1,1,4.359438024741844
707,7,5,1,2,7.638937315447505
708,0,999,0,-999,-0.5693049764000441
708,1,999,0,-999,0.6202652722933754
708,2,999,0,-999,-0.5618961315086521
708,3,999,0,-999,0.38436600962106837
708,4,999,0,-999,1.5890166825546121
708,5,999,0,-999,2.372427380970411
708,6,999,0,-999,1.9319414862546687
708,7,999,0,-999,2.7988976097180025
709,0,5,0,-5,-0.2301560490865059
709,1,5,0,-4,0.6115556465254635
709,2,5,0,-3,0.7190458429045417
709,3,5,0,-2,1.1118905198519657
709,4,5,0,-1,1.7170459595930185
709,5,5,1,0,3.8928158116337186
709,6,5,1,1,4.207236211720149
709,7,5,1,2,5.484844243827665
710,0,999,0,-999,-1.9912541094305893
710,1,999,0,-999,-0.4188565818293456
710,2,999,0,-999,-0.4915954050130189
710,3,999,0,-999,-1.377157225324672
710,4,999,0,-999,0.6017103793810439
710,5,999,0,-999,0.47889265629759337
710,6,999,0,-999,2.156963668743635
710,7,999,0,-999,3.1315452833083492
711,0,999,0,-999,1.643428093801767
711,1,999,0,-999,1.6274680184682557
711,2,999,0,-999,2.3191582784753706
711,3,999,0,-999,1.5054893243055645
711,4,999,0,-999,2.043097783072133
711,5,999,0,-999,3.227735346156333
711,6,999,0,-999,4.717172264287876
711,7,999,0,-999,5.831502154541451
712,0,3,0,-3,1.0309316349203426
712,1,3,0,-2,1.7159372091163285
712,2,3,0,-1,1.2880291654132
712,3,3,1,0,2.2759863052301657
712,4,3,1,1,3.65856210025936
712,5,3,1,2,5.311107893386222
712,6,3,1,3,6.298580735642652
712,7,3,1,4,8.983965690972852
713,0,3,0,-3,0.6207523841968212
713,1,3,0,-2,-1.0458531781281337
713,2,3,0,-1,0.6469561503682941
713,3,3,1,0,2.8231716390932693
713,4,3,1,1,4.124924839209623
713,5,3,1,2,5.332465361268902
713,6,3,1,3,6.666615079854466
713,7,3,1,4,8.11712609683888
714,0,5,0,-5,2.3808000583386004
714,1,5,0,-4,3.568871945478862
714,2,5,0,-3,2.6709252580956058
714,3,5,0,-2,3.106910518490459
714,4,5,0,-1,3.76615214168627
714,5,5,1,0,5.831634717062881
714,6,5,1,1,6.632755264247408
714,7,5,1,2,8.179542905073257
715,0,3,0,-3,0.35783428232180164
715,1,3,0,-2,0.7270096059150812
715,2,3,0,-1,1.081515984479664
715,3,3,1,0,3.350379590161392
715,4,3,1,1,3.3402557104058213
715,5,3,1,2,6.312509072777164
715,6,3,1,3,7.011594824670842
715,7,3,1,4,8.494889425670177
716,0,999,0,-999,0.0612108428828429
716,1,999,0,-999,0.40877715358217864
716,2,999,0,-999,0.5040784207576124
716,3,999,0,-999,0.6131612323204985
716,4,999,0,-999,1.9537529704982721
716,5,999,0,-999,2.979194729382933
716,6,999,0,-999,3.449815562362792
716,7,999,0,-999,3.85775214960731
717,0,999,0,-999,1.0967940544120507
717,1,999,0,-999,2.2016922920657405
717,2,999,0,-999,3.115415939333885
717,3,999,0,-999,4.856450415030224
717,4,999,0,-999,3.814836529341565
717,5,999,0,-999,4.452878171049027
717,6,999,0,-999,5.058288127526885
717,7,999,0,-999,8.230934666690437
718,0,3,0,-3,-0.3771504281188142
718,1,3,0,-2,0.39234782765475024
718,2,3,0,-1,0.9282581626405912
718,3,3,1,0,2.644567967466596
718,4,3,1,1,3.188126878201336
718,5,3,1,2,3.2738168716958045
718,6,3,1,3,6.544913441160411
718,7,3,1,4,8.488759662751747
719,0,5,0,-5,-1.3205193449856167
719,1,5,0,-4,-1.8641640938021848
719,2,5,0,-3,0.3907813338668904
719,3,5,0,-2,-2.3007414492264457
719,4,5,0,-1,0.33890007327095073
719,5,5,1,0,1.8143370047216059
719,6,5,1,1,2.6613724082719963
719,7,5,1,2,3.08887738817094
720,0,5,0,-5,-0.19700643746297494
720,1,5,0,-4,-0.42702672946844694
720,2,5,0,-3,0.8929945786625205
720,3,5,0,-2,1.6027113356588492
720,4,5,0,-1,1.242885500317941
720,5,5,1,0,3.71072353895493
720,6,5,1,1,4.827392985454922
720,7,5,1,2,5.841134928743571
721,0,999,0,-999,0.9170770191120369
721,1,999,0,-999,1.5518022373329272
721,2,999,0,-999,1.2499752496124963
721,3,999,0,-999,3.280125853529275
721,4,999,0,-999,3.4587737873875373
721,5,999,0,-999,4.4648780778554515
721,6,999,0,-999,4.171562026429808
721,7,999,0,-999,5.725157802965373
722,0,3,0,-3,0.6616193776872907
722,1,3,0,-2,2.390348774436647
722,2,3,0,-1,2.504073870309226
722,3,3,1,0,3.9088012265039094
722,4,3,1,1,4.680006940813641
722,5,3,1,2,6.480518734540226
722,6,3,1,3,7.847468224544674
722,7,3,1,4,8.26406742191933
723,0,999,0,-999,0.2824495697150413
723,1,999,0,-999,1.8680573277293755
723,2,999,0,-999,0.9708293982002099
723,3,999,0,-999,2.195271415176934
723,4,999,0,-999,4.724535317963775
723,5,999,0,-999,3.7677547435871097
723,6,999,0,-999,4.521729894777275
723,7,999,0,-999,3.9671995431485785
724,0,5,0,-5,-1.6356863401768384
724,1,5,0,-4,-1.2549588064605939
724,2,5,0,-3,-0.11086650781110158
724,3,5,0,-2,0.8391881353445269
724,4,5,0,-1,0.8355184347471272
724,5,5,1,0,2.3553244270221203
724,6,5,1,1,5.028560598234463
724,7,5,1,2,4.627489026272489
725,0,999,0,-999,1.998665624848174
725,1,999,0,-999,2.683111226031497
725,2,999,0,-999,1.0304558081931514
725,3,999,0,-999,3.366611010233298
725,4,999,0,-999,4.021207943479756
725,5,999,0,-999,4.5574248517366005
725,6,999,0,-999,6.15880496403652
725,7,999,0,-999,5.838666318016143
726,0,5,0,-5,0.9255464920111353
726,1,5,0,-4,1.3938809671134713
726,2,5,0,-3,2.2735548297052675
726,3,5,0,-2,2.978370144055355
726,4,5,0,-1,4.119127100606394
726,5,5,1,0,5.476876895472784
726,6,5,1,1,5.387244205812172
726,7,5,1,2,7.8395430358539215
727,0,3,0,-3,-0.5392935550944606
727,1,3,0,-2,-0.9905621605875449
727,2,3,0,-1,0.0178196903991244
727,3,3,1,0,1.536745973731252
727,4,3,1,1,2.3608494102212325
727,5,3,1,2,3.2156740728800752
727,6,3,1,3,5.726089746139626
727,7,3,1,4,6.435477173438694
728,0,3,0,-3,2.9671217417139464
728,1,3,0,-2,2.3407974504145184
728,2,3,0,-1,2.4628160041615246
728,3,3,1,0,5.524721011274719
728,4,3,1,1,5.7653810206717
728,5,3,1,2,5.829977402169291
728,6,3,1,3,9.205600303978947
728,7,3,1,4,10.005857963188152
729,0,3,0,-3,-0.7819860513688852
729,1,3,0,-2,-1.6881124257805151
729,2,3,0,-1,-1.7998100821038379
729,3,3,1,0,1.8755349953423044
729,4,3,1,1,1.9150745307376316
729,5,3,1,2,3.672153106266941
729,6,3,1,3,5.6372757255871395
729,7,3,1,4,6.029494531602834
730,0,3,0,-3,-0.1499537694856779
730,1,3,0,-2,0.12215201854447044
730,2,3,0,-1,1.3537192015403448
730,3,3,1,0,2.8542330043349793
730,4,3,1,1,3.880949518902666
730,5,3,1,2,4.173470166708098
730,6,3,1,3,6.833283939895063
730,7,3,1,4,8.192050648372014
731,0,3,0,-3,-0.030872903295038334
731,1,3,0,-2,-0.5500777165847769
731,2,3,0,-1,0.4396609274595952
731,3,3,1,0,1.5948669973108869
731,4,3,1,1,2.7222704048117077
731,5,3,1,2,3.886584432455338
731,6,3,1,3,6.736201371857163
731,7,3,1,4,5.9882079767241345
732,0,999,0,-999,2.1511075019494412
732,1,999,0,-999,1.1367172418449005
732,2,999,0,-999,1.8392491318278408
732,3,999,0,-999,1.6021079369113898
732,4,999,0,-999,3.8320491204658746
732,5,999,0,-999,4.197220409824947
732,6,999,0,-999,4.967394914023326
732,7,999,0,-999,5.814572159976026
733,0,3,0,-3,1.6783625751813225
733,1,3,0,-2,0.5372365194724091
733,2,3,0,-1,2.389815934205367
733,3,3,1,0,4.082771686517768
733,4,3,1,1,4.370957996926272
733,5,3,1,2,5.575272609557926
733,6,3,1,3,7.852135426007802
733,7,3,1,4,8.27759780783164
734,0,3,0,-3,0.9359989819028757
734,1,3,0,-2,-0.7667327015109112
734,2,3,0,-1,-0.622749591194157
734,3,3,1,0,1.8738749900507092
734,4,3,1,1,2.639725212723856
734,5,3,1,2,5.154464538169698
734,6,3,1,3,6.726504674621333
734,7,3,1,4,5.858826865186907
735,0,5,0,-5,2.070660286034801
735,1,5,0,-4,1.0284649945724322
735,2,5,0,-3,0.5399623238774656
735,3,5,0,-2,2.295820536885981
735,4,5,0,-1,3.589638120909218
735,5,5,1,0,4.609049946460112
735,6,5,1,1,5.4772880811246525
735,7,5,1,2,6.348322009819377
736,0,3,0,-3,0.6419788033109438
736,1,3,0,-2,0.3823987290096418
736,2,3,0,-1,2.5685755766679415
736,3,3,1,0,3.7272218425723924
736,4,3,1,1,4.037191444791381
736,5,3,1,2,6.497009947349403
736,6,3,1,3,7.683711282427586
736,7,3,1,4,9.112707265590014
737,0,5,0,-5,-0.3296604869161708
737,1,5,0,-4,-1.1622115736005716
737,2,5,0,-3,0.8271873041681763
737,3,5,0,-2,0.7117724477482561
737,4,5,0,-1,1.866292117703161
737,5,5,1,0,3.8995542957008564
737,6,5,1,1,3.769549569941837
737,7,5,1,2,4.80890226588598
738,0,5,0,-5,1.9418808699481012
738,1,5,0,-4,2.672069048338529
738,2,5,0,-3,1.6471560926690285
738,3,5,0,-2,4.019294027584127
738,4,5,0,-1,3.174603251992115
738,5,5,1,0,5.358505011984813
738,6,5,1,1,5.393912903698013
738,7,5,1,2,7.051227608881794
739,0,3,0,-3,0.6352338962147367
739,1,3,0,-2,1.6600405360222181
739,2,3,0,-1,1.4012703351149143
739,3,3,1,0,3.269816912805045
739,4,3,1,1,3.976962428736095
739,5,3,1,2,4.623493110139233
739,6,3,1,3,6.7291031324913995
739,7,3,1,4,7.70887553188481
740,0,5,0,-5,0.8951958754313943
740,1,5,0,-4,1.029501226498238
740,2,5,0,-3,2.1424931939732996
740,3,5,0,-2,2.4301512232799074
740,4,5,0,-1,3.781673496567374
740,5,5,1,0,4.627020210023846
740,6,5,1,1,5.480460877946314
740,7,5,1,2,5.419144739216257
741,0,999,0,-999,-1.9196236230273949
741,1,999,0,-999,-2.333240476507441
741,2,999,0,-999,-0.31402108056157285
741,3,999,0,-999,-1.139147859413716
741,4,999,0,-999,0.0832356156747727
741,5,999,0,-999,0.32628954440759
741,6,999,0,-999,2.0020067893142555
741,7,999,0,-999,2.4828341375547898
742,0,3,0,-3,0.38134519170050174
742,1,3,0,-2,0.5304411853986127
742,2,3,0,-1,0.6919937429867025
742,3,3,1,0,2.492661593251408
742,4,3,1,1,4.421715426286358
742,5,3,1,2,5.310544730611841
742,6,3,1,3,6.773937088566543
742,7,3,1,4,8.66924653949295
743,0,999,0,-999,-1.706815220133925
743,1,999,0,-999,1.039868767925269
743,2,999,0,-999,0.401674989962362
743,3,999,0,-999,0.3902264055538102
743,4,999,0,-999,1.839238702495452
743,5,999,0,-999,1.5322993191859589
743,6,999,0,-999,2.254599531637936
743,7,999,0,-999,3.4100426228174108
744,0,3,0,-3,1.5234904873741946
744,1,3,0,-2,1.9803583394240183
744,2,3,0,-1,1.272083717222103
744,3,3,1,0,3.0687259919075704
744,4,3,1,1,4.568393923278802
744,5,3,1,2,5.709349497249606
744,6,3,1,3,7.624905134218087
744,7,3,1,4,9.227168210662828
745,0,5,0,-5,1.1787465709360618
745,1,5,0,-4,1.889777324220677
745,2,5,0,-3,0.8766429374427507
745,3,5,0,-2,1.8042508834349922
745,4,5,0,-1,2.2039466895500714
745,5,5,1,0,3.8874745863424187
745,6,5,1,1,4.808485323251276
745,7,5,1,2,7.641539279044196
746,0,5,0,-5,0.3429119091313859
746,1,5,0,-4,1.8251914700386112
746,2,5,0,-3,2.574044294066208
746,3,5,0,-2,3.0820466386310255
746,4,5,0,-1,3.2464324747442164
746,5,5,1,0,5.354516593968145
746,6,5,1,1,6.046505278802924
746,7,5,1,2,7.482977500961855
747,0,5,0,-5,-1.6600905816209144
747,1,5,0,-4,-0.6556289203067347
747,2,5,0,-3,0.5800629728389586
747,3,5,0,-2,-1.0063708190380296
747,4,5,0,-1,1.729271688443459
747,5,5,1,0,1.6273178617346487
747,6,5,1,1,3.8009655050477855
747,7,5,1,2,3.753773151908973
748,0,5,0,-5,-0.5591192968035407
748,1,5,0,-4,0.9170324033921026
748,2,5,0,-3,1.1270711153774946
748,3,5,0,-2,1.4681546660547147
748,4,5,0,-1,1.625683260663121
748,5,5,1,0,2.4782841315669897
748,6,5,1,1,3.4325492171484138
748,7,5,1,2,5.9499436541909585
749,0,999,0,-999,1.4477166293067012
749,1,999,0,-999,3.029909699045048
749,2,999,0,-999,3.6037639595149233
749,3,999,0,-999,3.1241178810578516
749,4,999,0,-999,5.084859984194107
749,5,999,0,-999,5.016036618037919
749,6,999,0,-999,7.357405521117509
749,7,999,0,-999,6.371874189068846
750,0,5,0,-5,0.8606165595526851
750,1,5,0,-4,-0.26250321213460176
750,2,5,0,-3,-0.7796913719942091
750,3,5,0,-2,1.6363508049325
750,4,5,0,-1,3.510499203883925
750,5,5,1,0,3.1030806854198882
750,6,5,1,1,4.153906311750712
750,7,5,1,2,4.442919159772476
751,0,5,0,-5,-0.32105310989227787
751,1,5,0,-4,-1.5870886013076146
751,2,5,0,-3,0.8222583801774483
751,3,5,0,-2,-1.1235367126592117
751,4,5,0,-1,1.2083417560844993
751,5,5,1,0,2.4985308379267677
751,6,5,1,1,2.3173786852979665
751,7,5,1,2,5.5168558346562975
752,0,5,0,-5,-0.5995319671676598
752,1,5,0,-4,0.0027589267452636235
752,2,5,0,-3,0.3140882198683417
752,3,5,0,-2,0.48869883871475406
752,4,5,0,-1,0.8336044554379052
752,5,5,1,0,2.56057299174702
752,6,5,1,1,5.079023830810106
752,7,5,1,2,5.774566979391315
753,0,3,0,-3,-0.8606656346590564
753,1,3,0,-2,-1.6112616266217143
753,2,3,0,-1,-0.4742049842716129
753,3,3,1,0,2.2744789506236063
753,4,3,1,1,3.2411680848818634
753,5,3,1,2,4.731584654479322
753,6,3,1,3,5.957566740332073
753,7,3,1,4,6.998397117527918
754,0,3,0,-3,-1.5005124499213076
754,1,3,0,-2,0.0647497345978752
754,2,3,0,-1,-0.10257705583275384
754,3,3,1,0,2.3587444007150005
754,4,3,1,1,3.510117127848493
754,5,3,1,2,4.1447622156496235
754,6,3,1,3,4.956481033180176
754,7,3,1,4,7.000026793155612
755,0,5,0,-5,2.1790818300111097
755,1,5,0,-4,1.287760402961531
755,2,5,0,-3,0.29657480554999904
755,3,5,0,-2,3.0488581272345225
755,4,5,0,-1,1.246269921325195
755,5,5,1,0,3.874450645550046
755,6,5,1,1,4.6423349133517435
755,7,5,1,2,7.209803810718567
756,0,3,0,-3,1.1612357683966195
756,1,3,0,-2,0.7862349031192624
756,2,3,0,-1,1.0096958020931186
756,3,3,1,0,3.7453120111092684
756,4,3,1,1,4.229864887620349
756,5,3,1,2,6.306949787233172
756,6,3,1,3,6.526852667954415
756,7,3,1,4,7.359449273128241
757,0,3,0,-3,2.474478517747791
757,1,3,0,-2,2.884253576045006
757,2,3,0,-1,2.4868040024519726
757,3,3,1,0,4.065918425784799
757,4,3,1,1,4.645221418386157
757,5,3,1,2,7.301591775061791
757,6,3,1,3,8.083093766815422
757,7,3,1,4,10.319828585858918
758,0,3,0,-3,0.2655314331397012
758,1,3,0,-2,-0.32420173750301856
758,2,3,0,-1,1.4894001495723415
758,3,3,1,0,2.126924556911331
758,4,3,1,1,3.9643723656270717
758,5,3,1,2,5.590612846315966
758,6,3,1,3,6.09285497704694
758,7,3,1,4,7.923568463576453
759,0,3,0,-3,0.7849721228861706
759,1,3,0,-2,0.91506880990958
759,2,3,0,-1,1.3082027204169349
759,3,3,1,0,3.660307675697943
759,4,3,1,1,3.845334253101872
759,5,3,1,2,6.338253533380424
759,6,3,1,3,7.575441689004723
759,7,3,1,4,7.562011519658147
760,0,3,0,-3,-0.5343770790728478
760,1,3,0,-2,-0.8493610672338519
760,2,3,0,-1,-0.9997457533648069
760,3,3,1,0,2.1648532006396195
760,4,3,1,1,3.2801051795639884
760,5,3,1,2,4.989038567407533
760,6,3,1,3,4.931871095445528
760,7,3,1,4,7.769963289103758
761,0,999,0,-999,0.2684544966036136
761,1,999,0,-999,0.30889662364295256
761,2,999,0,-999,-0.8060638362657213
761,3,999,0,-999,2.3506397726406654
761,4,999,0,-999,1.9837819031327582
761,5,999,0,-999,3.1866515355655975
761,6,999,0,-999,5.337265810425526
761,7,999,0,-999,4.465682726132371
762,0,999,0,-999,1.5940319713379192
762,1,999,0,-999,0.1832926762862288
762,2,999,0,-999,1.0289661414421443
762,3,999,0,-999,2.3848363785968427
762,4,999,0,-999,3.9241713846118644
762,5,999,0,-999,4.822289232309608
762,6,999,0,-999,4.680407854282408
762,7,999,0,-999,6.5224920389541285
763,0,3,0,-3,1.7811088105576065
763,1,3,0,-2,1.3460701942931605
763,2,3,0,-1,2.796222687339944
763,3,3,1,0,3.4747165222613434
763,4,3,1,1,5.421257188626152
763,5,3,1,2,4.455546097802888
763,6,3,1,3,7.897618716366203
763,7,3,1,4,8.763625737692061
764,0,999,0,-999,1.9559624988472866
764,1,999,0,-999,1.820130310844795
764,2,999,0,-999,3.069969652168533
764,3,999,0,-999,1.8149238438775845
764,4,999,0,-999,3.205400815239817
764,5,999,0,-999,4.059627466661942
764,6,999,0,-999,5.296481911003988
764,7,999,0,-999,7.663408373925504
765,0,5,0,-5,0.01659557957946367
765,1,5,0,-4,2.2806098023218078
765,2,5,0,-3,0.8315262274628978
765,3,5,0,-2,3.0241918915349544
765,4,5,0,-1,4.118948033442505
765,5,5,1,0,4.826290700841598
765,6,5,1,1,5.928839388502966
765,7,5,1,2,7.581785934480964
766,0,5,0,-5,1.7233010165707028
766,1,5,0,-4,1.5166948510349358
766,2,5,0,-3,2.794540924214473
766,3,5,0,-2,3.388658858568168
766,4,5,0,-1,3.4456908267375517
766,5,5,1,0,5.284434119266701
766,6,5,1,1,5.677014373572265
766,7,5,1,2,8.301207150111335
767,0,5,0,-5,-0.93856301471405
767,1,5,0,-4,-1.2358596038642182
767,2,5,0,-3,1.4502998878396132
767,3,5,0,-2,-0.8609341161511224
767,4,5,0,-1,0.31230371880264074
767,5,5,1,0,3.641813819139466
767,6,5,1,1,3.6789661075135878
767,7,5,1,2,5.216166830551424
768,0,5,0,-5,-2.346425317698295
768,1,5,0,-4,-1.210888185618069
768,2,5,0,-3,1.3785177998960498
768,3,5,0,-2,0.2747477672980902
768,4,5,0,-1,2.453526637698036
768,5,5,1,0,3.1041210504106225
768,6,5,1,1,4.319142254542605
768,7,5,1,2,4.712530433607668
769,0,5,0,-5,1.6112408264943032
769,1,5,0,-4,0.2177650417270378
769,2,5,0,-3,2.611581323988406
769,3,5,0,-2,2.3622679275088383
769,4,5,0,-1,3.164568195920037
769,5,5,1,0,6.183280740355264
769,6,5,1,1,6.311824765830416
769,7,5,1,2,7.097334912019573
770,0,5,0,-5,-0.569327661884806
770,1,5,0,-4,-0.845516182524914
770,2,5,0,-3,0.14287684329485464
770,3,5,0,-2,1.270775043424123
770,4,5,0,-1,1.2980681297760992
770,5,5,1,0,2.7056128886692545
770,6,5,1,1,5.154234452652621
770,7,5,1,2,4.2760060229702255
771,0,5,0,-5,-2.423360863706743
771,1,5,0,-4,-0.2756587122928287
771,2,5,0,-3,-1.7519243833154334
771,3,5,0,-2,0.14191515777131142
771,4,5,0,-1,-0.08590878996610918
771,5,5,1,0,1.7021461387056247
771,6,5,1,1,2.8583061008011668
771,7,5,1,2,3.616252554586129
772,0,999,0,-999,0.06176041076777061
772,1,999,0,-999,1.7087997708782474
772,2,999,0,-999,1.4125173357536458
772,3,999,0,-999,4.179122529887806
772,4,999,0,-999,2.332154658191997
772,5,999,0,-999,5.1321018232668685
772,6,999,0,-999,5.172439369916971
772,7,999,0,-999,6.367565220134442
773,0,999,0,-999,1.005432123119527
773,1,999,0,-999,0.5178756877344168
773,2,999,0,-999,-0.2916454106537347
773,3,999,0,-999,2.7940658696888576
773,4,999,0,-999,3.305986955888236
773,5,999,0,-999,3.878412819476955
773,6,999,0,-999,5.445730094809625
773,7,999,0,-999,5.026498850672555
774,0,3,0,-3,-0.9204450205560335
774,1,3,0,-2,-0.8556291685293149
774,2,3,0,-1,-0.663612739209594
774,3,3,1,0,-0.31992269303853527
774,4,3,1,1,2.1927928860542685
774,5,3,1,2,3.3064814371366777
774,6,3,1,3,4.231235285713025
774,7,3,1,4,5.979329619720183
775,0,999,0,-999,-0.4963541652654477
775,1,999,0,-999,-0.7888373016484311
775,2,999,0,-999,0.9681209444621864
775,3,999,0,-999,1.304028751059534
775,4,999,0,-999,3.162617733206345
775,5,999,0,-999,3.0143318331604583
775,6,999,0,-999,2.958172525414074
775,7,999,0,-999,5.132673243337809
776,0,999,0,-999,2.1363539986765656
776,1,999,0,-999,1.1692879425781684
776,2,999,0,-999,1.8937900144347528
776,3,999,0,-999,1.9479937130452818
776,4,999,0,-999,2.151410153077596
776,5,999,0,-999,4.861724085486199
776,6,999,0,-999,4.435535482750358
776,7,999,0,-999,6.057752885730362
777,0,3,0,-3,-1.499159182428244
777,1,3,0,-2,-0.4103943435075803
777,2,3,0,-1,1.5957947042323903
777,3,3,1,0,1.7809199327277712
777,4,3,1,1,2.3010537749988584
777,5,3,1,2,4.717944349538698
777,6,3,1,3,6.242262955763302
777,7,3,1,4,8.015819652400674
778,0,3,0,-3,-1.0000650959595048
778,1,3,0,-2,1.084627346268293
778,2,3,0,-1,0.9159861624084995
778,3,3,1,0,1.7176927768629113
778,4,3,1,1,2.660136603820939
778,5,3,1,2,4.1360793386624675
778,6,3,1,3,5.965298004697692
778,7,3,1,4,6.619055206492515
779,0,999,0,-999,1.584468833964321
779,1,999,0,-999,2.390123645942305
779,2,999,0,-999,1.392742918827683
779,3,999,0,-999,3.333139902686545
779,4,999,0,-999,2.985725864857026
779,5,999,0,-999,4.57939452370854
779,6,999,0,-999,5.152061503168466
779,7,999,0,-999,6.455094621341724
780,0,5,0,-5,-0.8941723882382921
780,1,5,0,-4,0.0692388178085458
780,2,5,0,-3,2.698318069662604
780,3,5,0,-2,1.8965609807233228
780,4,5,0,-1,3.257985779652883
780,5,5,1,0,3.6832688388963004
780,6,5,1,1,4.78887357103172
780,7,5,1,2,6.935744319416193
781,0,5,0,-5,0.422268860022863
781,1,5,0,-4,-1.3549160814724888
781,2,5,0,-3,-0.5586233890543433
781,3,5,0,-2,0.988445716595242
781,4,5,0,-1,1.4827482021791405
781,5,5,1,0,4.388347371312195
781,6,5,1,1,4.222625410591542
781,7,5,1,2,4.5675008113956
782,0,3,0,-3,0.6945133059041979
782,1,3,0,-2,2.0948515545494706
782,2,3,0,-1,1.6300588821396222
782,3,3,1,0,4.356021987694755
782,4,3,1,1,4.3598886181250975
782,5,3,1,2,7.5093926607616535
782,6,3,1,3,7.245179928422575
782,7,3,1,4,10.191286069356883
783,0,5,0,-5,2.2389599507032445
783,1,5,0,-4,2.0430209023998582
783,2,5,0,-3,3.116397641155661
783,3,5,0,-2,3.134538816045373
783,4,5,0,-1,3.337474526258094
783,5,5,1,0,5.356077049621763
783,6,5,1,1,6.7196645521709275
783,7,5,1,2,7.936031841863203
784,0,3,0,-3,0.5517319165536059
784,1,3,0,-2,1.8661484144344436
784,2,3,0,-1,1.2702262923986045
784,3,3,1,0,2.7515846135511595
784,4,3,1,1,4.723169414180938
784,5,3,1,2,4.7976443010435315
784,6,3,1,3,4.7572947194895505
784,7,3,1,4,7.551768865949426
785,0,999,0,-999,-0.5284424046970709
785,1,999,0,-999,0.5863486322094809
785,2,999,0,-999,1.3236172133561275
785,3,999,0,-999,2.2197771222420055
785,4,999,0,-999,3.437845574563096
785,5,999,0,-999,3.9881659215706344
785,6,999,0,-999,5.381702904090995
785,7,999,0,-999,6.42218803291195
786,0,999,0,-999,0.32810399207128194
786,1,999,0,-999,0.5535128490383865
786,2,999,0,-999,-0.36737117027834487
786,3,999,0,-999,2.5198570346871985
786,4,999,0,-999,2.4963158288075395
786,5,999,0,-999,3.2499724306729103
786,6,999,0,-999,4.82074976277248
786,7,999,0,-999,4.811857679919807
787,0,3,0,-3,-0.49175167979000656
787,1,3,0,-2,0.147815487029677
787,2,3,0,-1,-0.5219524996864486
787,3,3,1,0,3.1105875735206556
787,4,3,1,1,3.7116207498733234
787,5,3,1,2,4.833886317816545
787,6,3,1,3,5.019177216185431
787,7,3,1,4,7.2884591365657645
788,0,999,0,-999,-0.32248178750388046
788,1,999,0,-999,0.9721821065118087
788,2,999,0,-999,0.412695857237925
788,3,999,0,-999,0.6948758442638251
788,4,999,0,-999,0.9798852712429462
788,5,999,0,-999,2.474296776394446
788,6,999,0,-999,3.419027297925032
788,7,999,0,-999,4.258304467736546
789,0,5,0,-5,0.9732196038009526
789,1,5,0,-4,0.1609558607772401
789,2,5,0,-3,1.5702848333980124
789,3,5,0,-2,2.315430896456284
789,4,5,0,-1,3.1731470938060524
789,5,5,1,0,4.600219998253868
789,6,5,1,1,5.894995318079095
789,7,5,1,2,6.847773382191928
790,0,3,0,-3,0.917181889125339
790,1,3,0,-2,0.6327645475514175
790,2,3,0,-1,0.25406370519994126
790,3,3,1,0,2.6469178211004896
790,4,3,1,1,4.5592687129386436
790,5,3,1,2,4.336424388217397
790,6,3,1,3,7.600795707827505
790,7,3,1,4,8.370886324053025
791,0,999,0,-999,-0.5015107074819682
791,1,999,0,-999,-0.6848930271884657
791,2,999,0,-999,-0.03656390903798745
791,3,999,0,-999,-0.10195894172182929
791,4,999,0,-999,0.7232716691682195
791,5,999,0,-999,2.587159310696607
791,6,999,0,-999,2.746419139905503
791,7,999,0,-999,2.4021098775922063
792,0,3,0,-3,1.1388195299368862
792,1,3,0,-2,1.1951389135764292
792,2,3,0,-1,1.3688943261081885
792,3,3,1,0,3.5215205403136784
792,4,3,1,1,4.875543383031196
792,5,3,1,2,7.530802716365875
792,6,3,1,3,6.42524729808685
792,7,3,1,4,9.24131245770075
793,0,5,0,-5,0.8280525846113338
793,1,5,0,-4,0.24622034438875784
793,2,5,0,-3,3.1764808913441858
793,3,5,0,-2,2.1768655587424974
793,4,5,0,-1,3.393136523340596
793,5,5,1,0,3.7071880122955094
793,6,5,1,1,4.8012413606282145
793,7,5,1,2,5.8497539853811755
794,0,5,0,-5,0.007517539942491491
794,1,5,0,-4,0.7360466280921143
794,2,5,0,-3,0.7937343831156553
794,3,5,0,-2,1.971649113125522
794,4,5,0,-1,1.7681790976722487
794,5,5,1,0,2.9164413549898156
794,6,5,1,1,4.244070988845897
794,7,5,1,2,5.037333933569673
795,0,5,0,-5,0.31157751533441086
795,1,5,0,-4,-0.06289268870626628
795,2,5,0,-3,0.5230021673047308
795,3,5,0,-2,1.8304906163119834
795,4,5,0,-1,1.9932455683591943
795,5,5,1,0,3.687789846920214
795,6,5,1,1,3.7801182448639303
795,7,5,1,2,7.194351759582462
796,0,3,0,-3,-2.0704695021858015
796,1,3,0,-2,-0.34888716771012096
796,2,3,0,-1,-0.33077564275375504
796,3,3,1,0,1.8115661593292873
796,4,3,1,1,1.9743284756985988
796,5,3,1,2,3.373915628440602
796,6,3,1,3,5.308659750214918
796,7,3,1,4,7.414685286685173
797,0,5,0,-5,-0.9521019322532289
797,1,5,0,-4,-1.8934866701899398
797,2,5,0,-3,0.3634744595466423
797,3,5,0,-2,-0.18622582174486474
797,4,5,0,-1,0.8860190082895902
797,5,5,1,0,2.2025984225245083
797,6,5,1,1,4.46314539108844
797,7,5,1,2,4.95304847405523
798,0,999,0,-999,-0.6320451075389136
798,1,999,0,-999,-0.5747307114581266
798,2,999,0,-999,1.1146284136870774
798,3,999,0,-999,-1.2705766312835327
798,4,999,0,-999,0.8817924818978888
798,5,999,0,-999,2.9385822954278473
798,6,999,0,-999,3.5844868075739953
798,7,999,0,-999,4.637057178265757
799,0,3,0,-3,0.2651801409712182
799,1,3,0,-2,1.3665392581389266
799,2,3,0,-1,1.8526427884167243
799,3,3,1,0,4.050880542113809
799,4,3,1,1,5.662040598045039
799,5,3,1,2,5.920209610313545
799,6,3,1,3,7.817143817741586
799,7,3,1,4,9.131726857377576
800,0,3,0,-3,1.0718900310482056
800,1,3,0,-2,0.5051203149696808
800,2,3,0,-1,2.5301291996438358
800,3,3,1,0,4.067578962186194
800,4,3,1,1,4.784757714258452
800,5,3,1,2,6.091286816079684
800,6,3,1,3,7.546479472332148
800,7,3,1,4,8.800927077859226
801,0,3,0,-3,1.248331512208238
801,1,3,0,-2,1.7018204750203936
801,2,3,0,-1,2.157186259228489
801,3,3,1,0,3.767620857667959
801,4,3,1,1,5.622231861314494
801,5,3,1,2,5.187265802970214
801,6,3,1,3,6.115160089131413
801,7,3,1,4,9.246686256040732
802,0,3,0,-3,0.7015129222762302
802,1,3,0,-2,0.3131102560206934
802,2,3,0,-1,1.2594219179941164
802,3,3,1,0,4.310556886308786
802,4,3,1,1,4.213989894631826
802,5,3,1,2,5.3924992164222
802,6,3,1,3,6.26970079192265
802,7,3,1,4,7.274044519004835
803,0,3,0,-3,-0.47393095911534144
803,1,3,0,-2,-0.3168504985886396
803,2,3,0,-1,0.042416541058138635
803,3,3,1,0,2.1111250545804965
803,4,3,1,1,3.437218500726455
803,5,3,1,2,3.996980968956538
803,6,3,1,3,5.447999242431118
803,7,3,1,4,6.877148055364438
804,0,999,0,-999,1.0875374602270824
804,1,999,0,-999,1.3447532407404168
804,2,999,0,-999,1.0521967813558413
804,3,999,0,-999,1.9305289427292807
804,4,999,0,-999,2.6406169568598847
804,5,999,0,-999,3.1507628150152174
804,6,999,0,-999,5.512862298312474
804,7,999,0,-999,5.359063896527408
805,0,999,0,-999,1.3289338744270625
805,1,999,0,-999,0.25983196142526244
805,2,999,0,-999,0.7190999139967131
805,3,999,0,-999,1.7329499960882246
805,4,999,0,-999,2.306841996216927
805,5,999,0,-999,3.2623000147562764
805,6,999,0,-999,3.8249928960201824
805,7,999,0,-999,5.066671832109994
806,0,5,0,-5,1.025430582477195
806,1,5,0,-4,2.3107583358602857
806,2,5,0,-3,2.6817536248013596
806,3,5,0,-2,2.806513056494134
806,4,5,0,-1,5.299319819124869
806,5,5,1,0,3.643470543950677
806,6,5,1,1,6.123853952695653
806,7,5,1,2,7.792527484252252
807,0,5,0,-5,0.24902926529508268
807,1,5,0,-4,0.18979121410268213
807,2,5,0,-3,1.982727456610372
807,3,5,0,-2,1.8780786411868746
807,4,5,0,-1,1.1140625229012646
807,5,5,1,0,3.41890846632016
807,6,5,1,1,4.793912465524636
807,7,5,1,2,4.566238459327078
808,0,999,0,-999,-0.5917372287337156
808,1,999,0,-999,-0.34734172554573417
808,2,999,0,-999,-0.4189109972480026
808,3,999,0,-999,0.6433975797944145
808,4,999,0,-999,0.8765030143685498
808,5,999,0,-999,2.9320881163897234
808,6,999,0,-999,3.0739154775294537
808,7,999,0,-999,4.3205808313734
809,0,3,0,-3,1.809201864204726
809,1,3,0,-2,1.6557535130571401
809,2,3,0,-1,1.966529667022632
809,3,3,1,0,4.0941151224498356
809,4,3,1,1,4.94341057183826
809,5,3,1,2,5.956395461237857
809,6,3,1,3,9.701049958902662
809,7,3,1,4,9.712246654944842
810,0,999,0,-999,-0.12358579653156238
810,1,999,0,-999,1.1009869971379544
810,2,999,0,-999,0.8718110347401842
810,3,999,0,-999,1.422135077317186
810,4,999,0,-999,2.9478320974838335
810,5,999,0,-999,4.034358407759047
810,6,999,0,-999,3.9179042732557314
810,7,999,0,-999,6.208819983866331
811,0,999,0,-999,0.5678332097143669
811,1,999,0,-999,1.9264877595997887
811,2,999,0,-999,1.611239737518267
811,3,999,0,-999,1.361657505102443
811,4,999,0,-999,1.7875072879422638
811,5,999,0,-999,2.0708020918053007
811,6,999,0,-999,4.235472940379811
811,7,999,0,-999,5.667580885483118
812,0,3,0,-3,-2.6450159935197277
812,1,3,0,-2,-2.7955528678714843
812,2,3,0,-1,-1.2947482296857054
812,3,3,1,0,1.7016217319219515
812,4,3,1,1,1.8249744552150338
812,5,3,1,2,3.4901882781481763
812,6,3,1,3,4.878752895157644
812,7,3,1,4,6.498440265762187
813,0,3,0,-3,0.940680311350625
813,1,3,0,-2,0.9297446010972328
813,2,3,0,-1,2.136923146089014
813,3,3,1,0,4.403534366169974
813,4,3,1,1,4.3568549699307235
813,5,3,1,2,5.435236604057259
813,6,3,1,3,6.234199010152617
813,7,3,1,4,9.643929562866372
814,0,5,0,-5,-2.1739964039274127
814,1,5,0,-4,-1.362792756031551
814,2,5,0,-3,-2.1707381207863183
814,3,5,0,-2,0.8035609067650968
814,4,5,0,-1,0.31404101614673363
814,5,5,1,0,2.787590255808247
814,6,5,1,1,2.73963953935199
814,7,5,1,2,4.184788355698725
815,0,3,0,-3,-0.4442772101633499
815,1,3,0,-2,-0.3751568802619878
815,2,3,0,-1,-0.5102573424923315
815,3,3,1,0,2.787586552394383
815,4,3,1,1,2.7724029997422366
815,5,3,1,2,3.8408045882044046
815,6,3,1,3,5.214782740732093
815,7,3,1,4,7.059771438019647
816,0,5,0,-5,1.7395653382148493
816,1,5,0,-4,2.737565421093006
816,2,5,0,-3,1.6311800089995767
816,3,5,0,-2,3.0546236647755385
816,4,5,0,-1,4.6474128065137865
816,5,5,1,0,4.575160545270609
816,6,5,1,1,6.442263517394422
816,7,5,1,2,6.765061911870731
817,0,5,0,-5,0.8218904584961804
817,1,5,0,-4,0.47766632638330453
817,2,5,0,-3,0.7317132052598491
817,3,5,0,-2,0.6173708650019863
817,4,5,0,-1,2.723325028411886
817,5,5,1,0,1.8145956332263689
817,6,5,1,1,3.9874623253908306
817,7,5,1,2,5.02081956626027
818,0,999,0,-999,1.054666766342343
818,1,999,0,-999,1.0422640664181908
818,2,999,0,-999,2.564079782590954
818,3,999,0,-999,2.727286586162704
818,4,999,0,-999,3.2256387692857356
818,5,999,0,-999,4.100995286446463
818,6,999,0,-999,5.631578982454612
818,7,999,0,-999,6.501839817116623
819,0,999,0,-999,-0.19126769616095185
819,1,999,0,-999,1.6026309594620856
819,2,999,0,-999,2.060915459249922
819,3,999,0,-999,1.7670774440080834
819,4,999,0,-999,0.6239127622501686
819,5,999,0,-999,3.3346267447674616
819,6,999,0,-999,3.89975809949324
819,7,999,0,-999,6.201781220730495
820,0,999,0,-999,1.5012351867837876
820,1,999,0,-999,1.847769812743079
820,2,999,0,-999,0.7955846660448452
820,3,999,0,-999,0.797818971848709
820,4,999,0,-999,2.6906697149338306
820,5,999,0,-999,3.279083056756019
820,6,999,0,-999,3.79659170912489
820,7,999,0,-999,4.303770009813011
821,0,5,0,-5,0.21002974101001515
821,1,5,0,-4,0.5621771920525671
821,2,5,0,-3,1.3820129125983902
821,3,5,0,-2,3.4850698072095954
821,4,5,0,-1,3.847465645338353
821,5,5,1,0,3.6404426041624243
821,6,5,1,1,5.5698224869900725
821,7,5,1,2,6.982959604934516
822,0,3,0,-3,-0.4840251932846671
822,1,3,0,-2,-1.0481882540027472
822,2,3,0,-1,0.6881805359887655
822,3,3,1,0,2.0889524979918264
822,4,3,1,1,3.08289259440616
822,5,3,1,2,4.255651473392965
822,6,3,1,3,6.74063729862446
822,7,3,1,4,6.448660985453179
823,0,3,0,-3,-0.2112258868115982
823,1,3,0,-2,2.0753483202151375
823,2,3,0,-1,2.3635560584825686
823,3,3,1,0,2.3647230813153053
823,4,3,1,1,4.083225616348945
823,5,3,1,2,5.331987887920249
823,6,3,1,3,6.148540284812302
823,7,3,1,4,8.007456746146541
824,0,3,0,-3,-0.40332560600874723
824,1,3,0,-2,-0.06742018711776293
824,2,3,0,-1,1.765537499657228
824,3,3,1,0,2.1975181919365716
824,4,3,1,1,3.350509219982727
824,5,3,1,2,6.140809820722566
824,6,3,1,3,5.9323994246679055
824,7,3,1,4,6.398184659784846
825,0,5,0,-5,-1.055644318342102
825,1,5,0,-4,0.8485742163957655
825,2,5,0,-3,0.64507073567121
825,3,5,0,-2,1.347228084345456
825,4,5,0,-1,1.5445101140491206
825,5,5,1,0,2.8699436733013157
825,6,5,1,1,4.932372483594038
825,7,5,1,2,6.375801198375713
826,0,5,0,-5,-0.33392682683231
826,1,5,0,-4,-0.41018359617109795
826,2,5,0,-3,0.17785934933080472
826,3,5,0,-2,1.867622440843795
826,4,5,0,-1,1.8809287208572387
826,5,5,1,0,2.326336098526635
826,6,5,1,1,4.735943469003655
826,7,5,1,2,5.169097810534852
827,0,3,0,-3,0.7567174911576013
827,1,3,0,-2,1.4543249140873031
827,2,3,0,-1,2.9953752461388192
827,3,3,1,0,3.4734485892958897
827,4,3,1,1,5.034469627269124
827,5,3,1,2,5.307840737752386
827,6,3,1,3,7.933886641878852
827,7,3,1,4,8.34431711304497
828,0,999,0,-999,1.86995017047034
828,1,999,0,-999,1.0579780393733667
828,2,999,0,-999,3.5138489732826494
828,3,999,0,-999,2.290413032177307
828,4,999,0,-999,3.7185771338100357
828,5,999,0,-999,3.8415000283689333
828,6,999,0,-999,5.925162685361514
828,7,999,0,-999,6.997544631848482
829,0,5,0,-5,-0.806956965833864
829,1,5,0,-4,-1.1816928419459938
829,2,5,0,-3,-1.1377681292943778
829,3,5,0,-2,0.23386909055615074
829,4,5,0,-1,-0.19808262600151827
829,5,5,1,0,1.8828174988229058
829,6,5,1,1,4.090610738863494
829,7,5,1,2,3.4815621014115767
830,0,5,0,-5,-1.0125085124760695
830,1,5,0,-4,-0.5484902006192217
830,2,5,0,-3,-1.422853437582765
830,3,5,0,-2,-0.6900099673516356
830,4,5,0,-1,0.20180151159683146
830,5,5,1,0,2.1436325843163697
830,6,5,1,1,4.170499447518185
830,7,5,1,2,4.397449038436201
831,0,5,0,-5,0.8728740122286953
831,1,5,0,-4,2.2706020777570126
831,2,5,0,-3,2.3488940380898464
831,3,5,0,-2,4.647535379460861
831,4,5,0,-1,3.896576090973518
831,5,5,1,0,4.927598014600809
831,6,5,1,1,6.355492505932539
831,7,5,1,2,6.544739495405443
832,0,3,0,-3,1.02007719968854
832,1,3,0,-2,0.6691258154705555
832,2,3,0,-1,0.9404060323072491
832,3,3,1,0,2.813617495998436
832,4,3,1,1,2.1742681975217986
832,5,3,1,2,5.774589926733459
832,6,3,1,3,6.546047304621261
832,7,3,1,4,6.6341616240994865
833,0,3,0,-3,0.6795323036603405
833,1,3,0,-2,0.5354075238505103
833,2,3,0,-1,1.0070058376780937
833,3,3,1,0,2.027665858425582
833,4,3,1,1,3.1676156836175586
833,5,3,1,2,4.344342545538279
833,6,3,1,3,5.71950124268767
833,7,3,1,4,7.245124871709991
834,0,3,0,-3,0.9204829374968561
834,1,3,0,-2,1.484276211651005
834,2,3,0,-1,3.6547353895145864
834,3,3,1,0,4.733335547431858
834,4,3,1,1,4.7728894345245525
834,5,3,1,2,5.576514136607634
834,6,3,1,3,6.729700375792127
834,7,3,1,4,8.597023750999547
835,0,3,0,-3,-0.21102287618849613
835,1,3,0,-2,1.6567457488361006
835,2,3,0,-1,0.5081073568640553
835,3,3,1,0,2.3753512445509317
835,4,3,1,1,4.241478410715108
835,5,3,1,2,5.254217422254932
835,6,3,1,3,6.2434037564725475
835,7,3,1,4,7.262493023022705
836,0,999,0,-999,-0.43479159334459505
836,1,999,0,-999,-0.2061245414286934
836,2,999,0,-999,-0.3530735689243855
836,3,999,0,-999,-0.4781848733557496
836,4,999,0,-999,1.5138124815953296
836,5,999,0,-999,2.029512743177123
836,6,999,0,-999,2.44317199231274
836,7,999,0,-999,3.9058667894813572
837,0,999,0,-999,-1.1983689570505978
837,1,999,0,-999,-0.7044817293712878
837,2,999,0,-999,0.05158977935949732
837,3,999,0,-999,0.7114169858622357
837,4,999,0,-999,1.6907043663972496
837,5,999,0,-999,1.2074654218316994
837,6,999,0,-999,2.731668207780224
837,7,999,0,-999,4.1808577082741145
838,0,999,0,-999,-1.7379317395784186
838,1,999,0,-999,-0.9147856115236811
838,2,999,0,-999,-0.9675430922029988
838,3,999,0,-999,0.901568532178227
838,4,999,0,-999,1.667293418456186
838,5,999,0,-999,2.0988299199654774
838,6,999,0,-999,2.259502578865474
838,7,999,0,-999,4.140724189023465
839,0,5,0,-5,-0.6133310276919861
839,1,5,0,-4,1.3922456529775977
839,2,5,0,-3,1.3537828695703031
839,3,5,0,-2,1.721687386479735
839,4,5,0,-1,3.1459843312314613
839,5,5,1,0,5.6665328174333
839,6,5,1,1,6.533426180698676
839,7,5,1,2,6.802282174710012
840,0,3,0,-3,-1.6620255475524128
840,1,3,0,-2,-0.5768757767617838
840,2,3,0,-1,-1.3110138235334108
840,3,3,1,0,1.2341952001780905
840,4,3,1,1,2.814540518105006
840,5,3,1,2,2.2638451909793407
840,6,3,1,3,3.7373383729631593
840,7,3,1,4,6.199983956106982
841,0,3,0,-3,-0.5915495406609868
841,1,3,0,-2,-0.7273844334002674
841,2,3,0,-1,0.7719931221824843
841,3,3,1,0,2.517755866312234
841,4,3,1,1,2.9405926396007693
841,5,3,1,2,4.417921277787996
841,6,3,1,3,6.659255798486148
841,7,3,1,4,4.963053375593264
842,0,999,0,-999,0.1909848366006865
842,1,999,0,-999,0.10927897091056293
842,2,999,0,-999,2.8595680034548767
842,3,999,0,-999,2.7352710394343784
842,4,999,0,-999,3.4149204059799425
842,5,999,0,-999,2.7498567775722593
842,6,999,0,-999,3.688528612205028
842,7,999,0,-999,3.9206242300665313
843,0,3,0,-3,0.9399977566228628
843,1,3,0,-2,0.5067985353683331
843,2,3,0,-1,1.3169335089566214
843,3,3,1,0,2.1818767398917425
843,4,3,1,1,3.67075447912958
843,5,3,1,2,4.4861217532822835
843,6,3,1,3,6.556844087918201
843,7,3,1,4,7.676155082806766
844,0,5,0,-5,0.368320181028624
844,1,5,0,-4,0.4344914517873211
844,2,5,0,-3,1.422802387602251
844,3,5,0,-2,2.4078443118665547
844,4,5,0,-1,2.5055387809445584
844,5,5,1,0,2.8993691599785927
844,6,5,1,1,4.757136178492279
844,7,5,1,2,6.080739892071774
845,0,3,0,-3,-0.28011191753096903
845,1,3,0,-2,-0.23579067116542163
845,2,3,0,-1,1.7828369204160681
845,3,3,1,0,2.112381098918168
845,4,3,1,1,4.181784889244228
845,5,3,1,2,4.66127787167313
845,6,3,1,3,6.725680903891506
845,7,3,1,4,8.24926395252373
846,0,5,0,-5,-0.6783446772240849
846,1,5,0,-4,0.6087298741275872
846,2,5,0,-3,1.8974370431792256
846,3,5,0,-2,0.4844833702784015
846,4,5,0,-1,1.5829960711774627
846,5,5,1,0,2.9144173852263884
846,6,5,1,1,4.571344849995118
846,7,5,1,2,7.244880596496257
847,0,3,0,-3,0.9189008335305735
847,1,3,0,-2,1.2326293979054075
847,2,3,0,-1,0.4923124541529913
847,3,3,1,0,3.2319916703103826
847,4,3,1,1,4.396714352688157
847,5,3,1,2,6.34719267267203
847,6,3,1,3,7.153739126737415
847,7,3,1,4,7.500138573281575
848,0,3,0,-3,-0.5772424811131311
848,1,3,0,-2,-0.3563830248836876
848,2,3,0,-1,1.199267725506105
848,3,3,1,0,1.679933084285135
848,4,3,1,1,4.029547401016508
848,5,3,1,2,3.9367864422439593
848,6,3,1,3,5.959739741937263
848,7,3,1,4,7.8110670040053405
849,0,3,0,-3,1.3569025097838074
849,1,3,0,-2,1.0150168264690598
849,2,3,0,-1,1.8009381456036404
849,3,3,1,0,1.5173127855356396
849,4,3,1,1,3.8873878929983903
849,5,3,1,2,5.604935016946831
849,6,3,1,3,7.100718662428385
849,7,3,1,4,7.877668386970267
850,0,3,0,-3,0.05666422581212077
850,1,3,0,-2,1.3020984923849985
850,2,3,0,-1,0.9506251529410729
850,3,3,1,0,3.7672010630962713
850,4,3,1,1,3.8093183101077495
850,5,3,1,2,5.183452933816769
850,6,3,1,3,7.884898265482301
850,7,3,1,4,8.752717283495354
851,0,3,0,-3,1.5968078389543376
851,1,3,0,-2,1.629910363572676
851,2,3,0,-1,1.7961597394720574
851,3,3,1,0,4.016026556896064
851,4,3,1,1,4.019718877234079
851,5,3,1,2,5.731143610811733
851,6,3,1,3,7.118605772289495
851,7,3,1,4,9.189338627870221
852,0,999,0,-999,2.845324064977296
852,1,999,0,-999,3.3981590643081665
852,2,999,0,-999,2.7616793402911526
852,3,999,0,-999,4.353574244490705
852,4,999,0,-999,6.180597243871061
852,5,999,0,-999,4.238999196314794
852,6,999,0,-999,5.5910694116283
852,7,999,0,-999,7.5813379830731495
853,0,3,0,-3,-0.17632400818610094
853,1,3,0,-2,0.4950431702131395
853,2,3,0,-1,0.42568933727532887
853,3,3,1,0,2.5614912947044948
853,4,3,1,1,4.64102363194842
853,5,3,1,2,5.315081921237989
853,6,3,1,3,6.955480456030308
853,7,3,1,4,8.179835416882137
854,0,999,0,-999,-0.06726237411454228
854,1,999,0,-999,-1.0840542840120815
854,2,999,0,-999,0.610700138544922
854,3,999,0,-999,1.2472007260883518
854,4,999,0,-999,1.4305198544206326
854,5,999,0,-999,1.5426668627973694
854,6,999,0,-999,3.511315555943559
854,7,999,0,-999,3.8640244519120093
855,0,999,0,-999,0.7458088835333796
855,1,999,0,-999,-0.05928956671616012
855,2,999,0,-999,0.9310236765552957
855,3,999,0,-999,0.36072422244727387
855,4,999,0,-999,1.7816951049664578
855,5,999,0,-999,1.8376417191211585
855,6,999,0,-999,5.301271760306587
855,7,999,0,-999,5.114036112458897
856,0,5,0,-5,-0.4589611636143758
856,1,5,0,-4,0.5256519806420122
856,2,5,0,-3,0.7787591757357635
856,3,5,0,-2,1.0876976807432461
856,4,5,0,-1,2.3406582019955677
856,5,5,1,0,4.044736789685259
856,6,5,1,1,5.830253907643201
856,7,5,1,2,5.5991915299154815
857,0,3,0,-3,1.5656912087307424
857,1,3,0,-2,0.5323784588124932
857,2,3,0,-1,1.7523409286277694
857,3,3,1,0,3.5123694824140763
857,4,3,1,1,4.500974270569277
857,5,3,1,2,6.062513003733452
857,6,3,1,3,6.021039575635684
857,7,3,1,4,9.979248381533736
858,0,5,0,-5,-0.03663749594502119
858,1,5,0,-4,-1.7324858668722007
858,2,5,0,-3,1.0271322378526269
858,3,5,0,-2,-0.3889985984421657
858,4,5,0,-1,2.3080382341438863
858,5,5,1,0,2.301060663549757
858,6,5,1,1,2.7114321827956585
858,7,5,1,2,4.532893343671186
859,0,5,0,-5,0.024760368608192973
859,1,5,0,-4,0.36370162786102495
859,2,5,0,-3,-0.355540764245348
859,3,5,0,-2,1.0438530450623693
859,4,5,0,-1,2.0479602140240325
859,5,5,1,0,2.89070359773204
859,6,5,1,1,4.725498798478279
859,7,5,1,2,6.7580320589092455
860,0,999,0,-999,1.6593152209628683
860,1,999,0,-999,1.7124588347117222
860,2,999,0,-999,2.1259540066207947
860,3,999,0,-999,3.82675158433054
860,4,999,0,-999,3.887049329615553
860,5,999,0,-999,3.78949607048151
860,6,999,0,-999,7.680404080179892
860,7,999,0,-999,6.672074186592388
861,0,5,0,-5,-1.2895475267992116
861,1,5,0,-4,0.09969452782105409
861,2,5,0,-3,-0.011158374165087331
861,3,5,0,-2,0.8542075457190061
861,4,5,0,-1,1.1658657396518293
861,5,5,1,0,3.4053869361663645
861,6,5,1,1,3.7255632665871707
861,7,5,1,2,5.133703564054365
862,0,999,0,-999,0.028459248066625774
862,1,999,0,-999,0.34455845579945477
862,2,999,0,-999,1.110919411475835
862,3,999,0,-999,1.7392745521120876
862,4,999,0,-999,2.4609478950338195
862,5,999,0,-999,3.6416558592919435
862,6,999,0,-999,2.6711580672777497
862,7,999,0,-999,4.585091945779808
863,0,5,0,-5,-2.211896149338473
863,1,5,0,-4,-0.0036281812335274832
863,2,5,0,-3,0.6922005638139259
863,3,5,0,-2,0.4132730235564292
863,4,5,0,-1,0.07850582557944885
863,5,5,1,0,2.941825635841987
863,6,5,1,1,4.310274517621467
863,7,5,1,2,4.1002712260822705
864,0,999,0,-999,-0.055395299158043754
864,1,999,0,-999,-1.6090039091240738
864,2,999,0,-999,-1.1978306901879678
864,3,999,0,-999,-0.5343187250797712
864,4,999,0,-999,1.1624480465807703
864,5,999,0,-999,2.365073602677259
864,6,999,0,-999,3.49438700086465
864,7,999,0,-999,3.727716719051199
865,0,5,0,-5,-0.25727230696343445
865,1,5,0,-4,-0.06476591192041159
865,2,5,0,-3,0.6345494495649857
865,3,5,0,-2,-0.06131728969504158
865,4,5,0,-1,1.338949826857815
865,5,5,1,0,2.2231761356730377
865,6,5,1,1,3.318062075152991
865,7,5,1,2,5.787405598059911
866,0,5,0,-5,1.5532470476228386
866,1,5,0,-4,1.7550233929238108
866,2,5,0,-3,2.1360186271320885
866,3,5,0,-2,0.8940354496522143
866,4,5,0,-1,3.5633602900043497
866,5,5,1,0,4.601227907488569
866,6,5,1,1,6.182855076715952
866,7,5,1,2,7.15116613279776
867,0,999,0,-999,1.1073333847493785
867,1,999,0,-999,2.3046252418850126
867,2,999,0,-999,3.3406525264385576
867,3,999,0,-999,3.2880829631167376
867,4,999,0,-999,4.977458756856622
867,5,999,0,-999,5.841906917132654
867,6,999,0,-999,7.0868111575783255
867,7,999,0,-999,6.604065370345412
868,0,5,0,-5,0.15976194010653927
868,1,5,0,-4,0.4893154266064751
868,2,5,0,-3,-0.24990077626073415
868,3,5,0,-2,0.8434291262064952
868,4,5,0,-1,1.3388857176851807
868,5,5,1,0,3.8442969474783526
868,6,5,1,1,3.8914251633610872
868,7,5,1,2,5.9969411688288865
869,0,999,0,-999,-0.9253918617502579
869,1,999,0,-999,-1.0489406943560176
869,2,999,0,-999,0.08702464604590676
869,3,999,0,-999,-0.2651698000177541
869,4,999,0,-999,1.3303459421258563
869,5,999,0,-999,2.0126108103690417
869,6,999,0,-999,2.932587676542865
869,7,999,0,-999,2.740858832604167
870,0,5,0,-5,-0.21825639846773026
870,1,5,0,-4,-0.09872960780610779
870,2,5,0,-3,0.6053511509501446
870,3,5,0,-2,2.3609755083323094
870,4,5,0,-1,1.1542391618917662
870,5,5,1,0,1.920971012281222
870,6,5,1,1,3.671076333475173
870,7,5,1,2,4.419881467986939
871,0,3,0,-3,0.10889791138800009
871,1,3,0,-2,1.1546452042161324
871,2,3,0,-1,1.113191612673483
871,3,3,1,0,4.052524882949562
871,4,3,1,1,3.342034517803506
871,5,3,1,2,4.267135894536526
871,6,3,1,3,6.744409772176258
871,7,3,1,4,8.098516290245625
872,0,5,0,-5,0.9710118446814673
872,1,5,0,-4,3.0648508039851103
872,2,5,0,-3,1.4432822771711118
872,3,5,0,-2,2.9551565220445717
872,4,5,0,-1,1.7920781345507841
872,5,5,1,0,3.6509847975908145
872,6,5,1,1,6.064712363247037
872,7,5,1,2,7.061211960153585
873,0,3,0,-3,-0.3352034133720192
873,1,3,0,-2,0.669409774951929
873,2,3,0,-1,0.6651764211729976
873,3,3,1,0,2.0692294722840288
873,4,3,1,1,1.9018596620297554
873,5,3,1,2,4.1681276531224345
873,6,3,1,3,5.2824670595296865
873,7,3,1,4,7.607780791524824
874,0,3,0,-3,0.5963004479035033
874,1,3,0,-2,0.5967892529363524
874,2,3,0,-1,1.880244345105325
874,3,3,1,0,3.125580079304644
874,4,3,1,1,4.7764780923690875
874,5,3,1,2,5.881378455746083
874,6,3,1,3,7.987448784833331
874,7,3,1,4,8.845769501945771
875,0,3,0,-3,1.6549693157136454
875,1,3,0,-2,2.0993998258527196
875,2,3,0,-1,1.6716458648682566
875,3,3,1,0,2.056295056295653
875,4,3,1,1,4.438775937753185
875,5,3,1,2,6.620124590113512
875,6,3,1,3,7.703056230185869
875,7,3,1,4,9.086758655575291
876,0,5,0,-5,-0.10020840213961212
876,1,5,0,-4,1.0863352406641844
876,2,5,0,-3,1.1348920747898852
876,3,5,0,-2,1.2852151781147203
876,4,5,0,-1,1.6920764973836573
876,5,5,1,0,4.0530117694494665
876,6,5,1,1,4.679353882281908
876,7,5,1,2,7.47135941677117
877,0,5,0,-5,-0.47697487686491014
877,1,5,0,-4,-1.1988332989407657
877,2,5,0,-3,-0.09363471561520198
877,3,5,0,-2,-0.2360081727979617
877,4,5,0,-1,0.6273510442336885
877,5,5,1,0,2.8845426240451744
877,6,5,1,1,3.929365311047186
877,7,5,1,2,4.68770933223433
878,0,3,0,-3,-3.060115233768495
878,1,3,0,-2,-2.0935274519555005
878,2,3,0,-1,-1.6531958876540802
878,3,3,1,0,-0.5403412221269908
878,4,3,1,1,1.488815021852082
878,5,3,1,2,3.845922871206932
878,6,3,1,3,3.270562224570494
878,7,3,1,4,4.626884371449755
879,0,5,0,-5,1.1375651659674584
879,1,5,0,-4,1.0835237419630674
879,2,5,0,-3,1.1443793629910721
879,3,5,0,-2,3.4941496438477975
879,4,5,0,-1,2.8049854023875542
879,5,5,1,0,4.192060352878931
879,6,5,1,1,5.839947936765607
879,7,5,1,2,7.139686885775523
880,0,3,0,-3,-0.11198836366601239
880,1,3,0,-2,1.2223317538564435
880,2,3,0,-1,1.7274642319829594
880,3,3,1,0,3.901779698017801
880,4,3,1,1,4.8655486398503855
880,5,3,1,2,6.143311093505805
880,6,3,1,3,7.4604243196287126
880,7,3,1,4,9.093943233357795
881,0,5,0,-5,-0.8898060179714945
881,1,5,0,-4,-1.0586303916695534
881,2,5,0,-3,-2.150961378300402
881,3,5,0,-2,0.7059892456287659
881,4,5,0,-1,0.38059334804425116
881,5,5,1,0,2.8965365370428127
881,6,5,1,1,3.4444008725766637
881,7,5,1,2,3.6015739930821797
882,0,3,0,-3,0.38226505099570723
882,1,3,0,-2,1.1537396072673016
882,2,3,0,-1,1.4446440849764954
882,3,3,1,0,2.0466152050483863
882,4,3,1,1,4.3137410986404765
882,5,3,1,2,4.780449496218246
882,6,3,1,3,6.743568406803163
882,7,3,1,4,9.344249788406815
883,0,999,0,-999,-1.0616750107734299
883,1,999,0,-999,-0.2288970081889271
883,2,999,0,-999,-0.008836243635411356
883,3,999,0,-999,0.2340259442332009
883,4,999,0,-999,1.4125831434173652
883,5,999,0,-999,2.0401592323898496
883,6,999,0,-999,4.683557820827554
883,7,999,0,-999,5.695012234212701
884,0,999,0,-999,2.836874433842489
884,1,999,0,-999,1.8024555460276734
884,2,999,0,-999,2.970290161796422
884,3,999,0,-999,4.015190863823936
884,4,999,0,-999,4.604930639759226
884,5,999,0,-999,4.361248416655613
884,6,999,0,-999,5.600026421997857
884,7,999,0,-999,6.467370942198841
885,0,3,0,-3,0.6078347325083394
885,1,3,0,-2,1.1736106276594696
885,2,3,0,-1,1.201083103563665
885,3,3,1,0,2.075281765755645
885,4,3,1,1,3.624113589096261
885,5,3,1,2,5.159324272406808
885,6,3,1,3,5.660615548422517
885,7,3,1,4,7.004675799047223
886,0,5,0,-5,-1.1125485639734878
886,1,5,0,-4,0.018250130997816694
886,2,5,0,-3,-0.9639167640797641
886,3,5,0,-2,1.4069853288342393
886,4,5,0,-1,0.2540808836745422
886,5,5,1,0,3.123981210721894
886,6,5,1,1,3.4616936698720027
886,7,5,1,2,4.744781898187762
887,0,3,0,-3,1.1534491327886833
887,1,3,0,-2,1.48796756918366
887,2,3,0,-1,1.952324378934251
887,3,3,1,0,3.337337381295431
887,4,3,1,1,5.105164763685281
887,5,3,1,2,4.562615538280422
887,6,3,1,3,6.740948472948803
887,7,3,1,4,7.682123011112112
888,0,5,0,-5,0.25418503521413677
888,1,5,0,-4,-0.10748995260172778
888,2,5,0,-3,1.0639127577250187
888,3,5,0,-2,3.588495233012388
888,4,5,0,-1,2.648753135939735
888,5,5,1,0,3.770181614221644
888,6,5,1,1,4.532593228696937
888,7,5,1,2,5.264223018769849
889,0,3,0,-3,0.47884295892555284
889,1,3,0,-2,0.921668579270912
889,2,3,0,-1,0.29477469833572023
889,3,3,1,0,3.472753030830887
889,4,3,1,1,3.1214073211559055
889,5,3,1,2,4.670262274142444
889,6,3,1,3,3.976909914426706
889,7,3,1,4,7.725154138361879
890,0,5,0,-5,2.4419540829414816
890,1,5,0,-4,1.8781114551367435
890,2,5,0,-3,1.9134901420340784
890,3,5,0,-2,2.5568634458116453
890,4,5,0,-1,4.5546340396059115
890,5,5,1,0,5.358979838424372
890,6,5,1,1,7.1510068388616705
890,7,5,1,2,8.15199879549677
891,0,3,0,-3,-1.1494426100447586
891,1,3,0,-2,-1.060336829893076
891,2,3,0,-1,-1.9476344977147455
891,3,3,1,0,1.6658123846225084
891,4,3,1,1,3.110739779445834
891,5,3,1,2,3.6066693281423627
891,6,3,1,3,4.916883657955488
891,7,3,1,4,6.6508837060385755
892,0,3,0,-3,1.0908738126194786
892,1,3,0,-2,2.3340701000994883
892,2,3,0,-1,2.027058702186495
892,3,3,1,0,3.111890341650317
892,4,3,1,1,5.012952973410114
892,5,3,1,2,6.272156877335279
892,6,3,1,3,6.084797221364177
892,7,3,1,4,8.470328719321694
893,0,5,0,-5,-2.1226146327359263
893,1,5,0,-4,-1.8542942144021568
893,2,5,0,-3,-1.8995295725385488
893,3,5,0,-2,-0.6495320198031345
893,4,5,0,-1,0.013264515203075089
893,5,5,1,0,2.187887981890158
893,6,5,1,1,2.7944659842557646
893,7,5,1,2,3.998376826008735
894,0,5,0,-5,1.1430172046652494
894,1,5,0,-4,-1.1169141818402992
894,2,5,0,-3,0.6995780406744572
894,3,5,0,-2,1.9294177231269307
894,4,5,0,-1,1.7769313400170432
894,5,5,1,0,3.1837280375057966
894,6,5,1,1,4.655816983262317
894,7,5,1,2,6.488691127950943
895,0,5,0,-5,-0.6640747134104215
895,1,5,0,-4,0.4217693337497564
895,2,5,0,-3,-0.018577455503082353
895,3,5,0,-2,0.21458000044680853
895,4,5,0,-1,2.1079296657847175
895,5,5,1,0,1.680495666049464
895,6,5,1,1,3.7653744988922617
895,7,5,1,2,5.588499677054257
896,0,3,0,-3,-0.4235748193016431
896,1,3,0,-2,0.13587137648918274
896,2,3,0,-1,0.37033344470968427
896,3,3,1,0,2.4007854895458554
896,4,3,1,1,3.3956381847684263
896,5,3,1,2,5.599926273107021
896,6,3,1,3,5.513069611882173
896,7,3,1,4,7.402174929713146
897,0,999,0,-999,-0.10265407689745229
897,1,999,0,-999,1.009399867166035
897,2,999,0,-999,0.432083104683085
897,3,999,0,-999,1.4691616490297854
897,4,999,0,-999,2.6615053571700997
897,5,999,0,-999,3.590240952470219
897,6,999,0,-999,4.019796650203522
897,7,999,0,-999,4.4450807294447054
898,0,999,0,-999,1.598358210513048
898,1,999,0,-999,1.3443453919887889
898,2,999,0,-999,3.6257893395836067
898,3,999,0,-999,2.4592065521939177
898,4,999,0,-999,3.982167125124522
898,5,999,0,-999,4.794545771753965
898,6,999,0,-999,4.278778122936808
898,7,999,0,-999,4.901648615254129
899,0,999,0,-999,0.6030749725558926
899,1,999,0,-999,0.39045654736528124
899,2,999,0,-999,-0.5406993893974383
899,3,999,0,-999,1.3950880257264247
899,4,999,0,-999,2.1427583592100996
899,5,999,0,-999,3.1978884604998887
899,6,999,0,-999,3.9814399880442792
899,7,999,0,-999,5.712302202778968
900,0,999,0,-999,0.8623978659184195
900,1,999,0,-999,-1.4962731752911047
900,2,999,0,-999,0.9198541742946522
900,3,999,0,-999,1.5396322623734275
900,4,999,0,-999,1.7206838592051998
900,5,999,0,-999,2.952743292813443
900,6,999,0,-999,2.932109130052627
900,7,999,0,-999,3.9897950372746602
