z_encouragement,d_treated,x_baseline,y_outcome
1,1,1.4459627328942797,0.9665279860087981
1,1,0.10230513964028178,4.545784520177091
1,1,0.32675277776408757,2.5910597692742594
0,0,1.136462394642464,0.9596585317306916
1,1,0.824243935767969,1.5455573166152188
1,1,0.5789565104448382,3.8156295776990587
1,1,-0.37917058372073026,4.686402544183132
1,0,-1.0188735508398639,-0.08710427321131295
1,1,0.37616889619326804,3.2482255161737887
1,1,-0.5119595095488515,4.734935711392535
0,0,0.8272348654990747,-0.25309274847915675
1,1,0.21125444805077526,2.6047256165732633
1,1,-0.7452943516631282,4.984016816877899
1,0,0.2677252628411601,0.9627918148878049
0,0,0.7091804748044623,-1.764354162778685
1,0,0.1775201162813649,2.3443311276673455
1,1,-0.7825690979470793,1.740529122590933
0,1,0.26232899967310325,0.37191336268980013
0,0,0.357001704721309,1.474170312794425
0,1,0.8242873759764425,4.29157661121855
1,0,0.722034422659204,1.7306130940050903
1,1,-0.9082575129676725,1.735530530568957
1,1,-0.4977713562029589,3.416686816396012
0,0,0.6057131279533329,0.3756182777540731
1,1,-1.6976786020842596,0.59706906995032
0,0,0.7772288109823667,1.8760686622266927
0,0,-0.8394498883349977,1.3458339503891725
1,1,-0.4217756438844333,4.090914116529847
0,1,1.4433399342491566,1.8685106970164982
1,1,-0.06448288782689197,0.8581960804621238
0,0,-0.30187914508096503,3.156327222880455
0,1,0.2814131031772033,1.781916704302147
1,1,-0.09394490048932266,-0.4055703368375052
0,1,-0.6259090209943582,0.49859139871251745
0,1,0.24985754536975244,0.9250627984512247
0,1,2.136829833930069,4.930479267055009
1,0,0.9196307357367628,0.4928286922166206
1,1,0.43790573361922813,3.2574988693831424
1,1,0.25728420615046677,2.367952232073432
0,0,0.7977890697790292,-1.2122726500337015
1,1,0.6240881317831657,6.504923994231247
1,1,-0.8567355971305933,0.08069470763517211
1,1,0.5070579757016108,2.4632909281348994
0,1,0.052237921489733614,0.8510996392446254
0,0,1.7158566820432466,2.230533745452487
0,0,-0.21107603284996324,1.4646407259261178
1,1,1.2517617977519637,4.821964279993711
1,1,-1.1556848411709155,1.771017829277984
1,1,0.3129126749262291,2.2537170617613844
0,0,-0.7114407717623863,1.6345515198810863
0,0,-0.8773788065405665,1.688543667305927
0,0,0.78532272478865,0.5911408580187225
1,0,-0.9831428006151512,-1.5422046028713288
0,0,-0.1381096183332893,2.013197650632928
1,1,-0.7019839861971033,0.32274602240908123
1,0,0.3959208675416461,-0.32516475284498025
1,1,0.2776186708645915,4.577016272500274
1,0,-2.164781087673153,-1.2695528809488439
0,0,0.7012876668716292,1.1762939388462765
0,0,-0.6093881964267575,-0.6076365722494725
1,1,2.007804255918723,5.0306353600927345
0,0,0.8842422623131226,1.3367824330728382
1,1,0.9566515018847626,3.6826624235123964
1,1,-2.3525533092408057,2.312156860581125
0,0,1.753712794966784,2.7757882103981473
0,0,0.06708310924506602,-0.5847072343227068
1,0,-1.3003327469693653,1.5567195928686361
1,1,0.33223357603025605,1.8373465417794057
1,1,1.2986952624944872,0.39637510472966775
0,1,-1.5423138619238046,0.6385094326838746
1,1,1.0691512188841281,1.220648816373714
0,0,-0.2941877907621263,0.9072366918304888
1,1,-0.5310421138750543,0.9226603297137091
1,1,-0.38991965981720655,3.048540073106575
1,1,-0.7861305125732092,-0.37796823223894405
0,0,0.21933300414694584,2.3828277166694027
0,0,0.2671874734516472,1.5781190865980659
0,0,1.0407786232958904,1.2906420333959383
1,1,1.391122156978565,1.3311915487026063
1,1,-0.29251659629470006,-0.04630179857405248
1,1,1.0738755335889276,2.9677347666960285
0,1,-1.1147424236014953,0.7925406903646991
1,0,0.642837966698953,0.24617372588205122
1,1,-1.0519619429311695,0.9228455820921612
1,1,-0.5298651471801137,3.124434535840069
1,1,0.6092533496496614,-0.7922891009694866
0,0,-0.7017816425682831,1.6891406254801695
0,0,0.4960965649559546,2.686859563431468
1,1,-1.4025355779361648,3.7372286114184687
1,0,-0.6759957523318395,1.8588526398823484
1,1,0.534899955605962,-0.19705769978099497
0,0,1.4759085901813076,5.09612211335889
0,1,-1.1119346494295137,-2.236840142246365
1,1,1.546072293208044,1.4437956954342863
1,1,0.2682158780223617,5.960112953074962
0,0,2.21137945931288,2.595156353020505
1,1,-0.2835147946468663,3.415344902614321
1,1,-0.4809842214414824,-0.4037187050272474
1,1,0.3257771723584655,3.457934896964124
0,1,-1.0399677524017594,2.3556508984307927
1,0,0.13200080388498667,2.1530963365613562
0,0,-0.05275486561004682,0.8435676048226101
0,0,1.2958707950966173,1.447083725041804
0,1,0.3408624994283628,1.9414731440890332
1,1,-1.209283006250905,1.5809113739910723
0,0,-1.2649169622567573,1.6154424001068208
0,0,-0.9227772730472964,-0.5225281541153943
0,0,-1.9950950066250814,-1.253238064329105
1,1,-2.079734569898401,0.8022202743853208
0,1,2.0648931814747438,1.1633014882586712
0,0,-0.8023795175822284,-0.8375068788764191
1,1,1.2619389086536796,2.0896479144270446
0,0,-0.7148639014483964,1.2504164202603887
0,0,-0.3874130488932405,1.8559721172085133
1,1,-1.6579696265176016,3.867180221158468
0,0,1.2425222410102619,1.5603281785187169
1,0,-0.3745855409070993,1.0611477959855427
0,0,1.6389580354533575,2.7631946714066795
1,1,-0.6766924278792744,2.071861083905536
1,1,1.267286254331846,0.863827747093985
0,0,1.4657032939292025,1.484797327932445
1,1,-1.4611307572479162,2.466678111800783
1,1,0.45510605824343703,2.2515257575510303
1,1,-1.0011088536090944,0.814542759281224
0,1,-1.1242171949224766,2.2773711010129922
0,0,0.12451012114052001,-0.1410737083622
0,0,0.8027057266852977,3.2772851465739086
1,0,1.331091921893474,2.4802098564396147
1,1,-0.32997866075627974,0.10847569344927588
0,0,0.9784733496202408,2.8061482373024886
0,1,0.5564865205794628,4.4208893839941625
0,0,-0.00758404434650958,1.980014872998616
1,1,-0.9277278174771951,1.987528859548262
1,1,0.041363284513626475,3.597998451632626
0,1,3.4633565413911436,3.908540062806072
1,1,-0.9191938591600446,5.524221882897284
1,1,-0.16848517729680756,1.871131993306829
0,0,-0.8813195423110346,-1.373870636739958
0,0,1.353994564333953,2.1699481256837916
0,0,1.7780987332049485,2.4216122001139704
0,0,1.3192440527933194,1.7071287055052604
0,0,1.9523830722126185,-0.23078525793875648
0,0,-0.07949021395013553,1.9346606928832313
1,1,1.6502243835485693,2.1479863820466716
1,1,-0.8194839305238147,1.7844024885514407
0,0,1.5298065728231358,-1.696007864839177
1,0,1.4654981148977053,1.3758610664913298
1,1,-0.6237241281875852,1.960195675832411
0,0,0.9263575315836478,0.7659019774754859
1,1,-1.0753360360446542,0.9487070122182659
1,0,-1.3964048150032708,2.4836492807831125
1,0,-1.3876879353191724,-0.7651728210722413
0,1,-1.104222156195325,-1.7108435606802064
1,1,-1.1421616673265156,1.3215084347733097
0,0,-0.12316592745685055,0.10201227500483512
1,1,1.714113409803897,4.398563155362776
1,0,-0.26768402031799965,1.577321223466114
1,0,-0.8584270704728117,-0.7601439085953406
1,0,0.6594411137659607,1.143581110648035
1,1,-0.2631227943052539,1.5165821766066008
0,0,0.07298448875189814,0.38362165525510417
1,1,0.37502912859073023,0.8071575676854499
1,1,0.4152301652568067,3.05353900014735
0,0,-0.7013634357066935,0.033975598852750255
1,1,-0.26478841315918517,2.935626955847992
0,0,0.9082332596128002,0.9860376496398198
0,1,-0.39387384213314075,-0.2841174637591949
1,1,-0.25979628062913407,0.3094686520075052
1,1,0.28462438379173854,0.509297709695756
0,0,0.3993213659425807,1.210866066551438
0,0,-0.3358896051944472,2.3872937750644305
0,0,0.5397783694359692,2.3783614385132794
0,1,-0.026819572193228326,4.057299036206441
0,0,-1.326941489738443,-0.7479599209370833
0,1,0.6266022290049565,1.5977930226310544
0,1,-0.8874427504216399,-0.7562587732337964
1,1,3.038773719309797,4.072707251694213
1,0,0.2708144873844039,-0.15962904667767508
0,0,-0.29836562561376295,0.7845318516118123
1,1,0.8324341776621095,2.2853495509416213
0,0,1.44626145805794,2.6168329589552184
1,1,1.4972395040079418,5.215817216218543
0,0,0.28921759064181773,2.8246945935260936
1,1,1.0561566956303092,4.751815387486047
1,0,0.6912865157221704,3.2472364365862854
1,0,0.07883064086150757,1.3145516966623692
0,0,-1.521913935017231,-1.2982277445248673
1,1,0.012548970392424972,3.0431021781063627
1,1,-2.577487688921853,-1.2967147435158282
0,0,-0.8955906048916081,0.20162110192525717
1,1,1.3513746555584807,3.1560405000093517
1,1,0.16906360712423507,2.8127101128174368
0,1,-0.05270767191482575,0.6388095711692776
1,1,-0.8822413683356601,4.927120922096661
0,1,-0.8641060253875043,3.2717977585459375
0,1,-0.6945822845284403,3.413256528267089
0,0,-1.4009254002451519,1.842672330116878
1,1,-2.2811941230886537,4.007949793555768
0,0,1.0196599552803205,2.1187415720859297
0,0,1.6418903578847357,-0.7530230103510571
0,1,-0.6494738238357235,1.1583305682943856
0,0,0.7548877329020269,2.250685008927998
0,0,-1.2446426029419588,0.9367383095029125
0,1,0.3373709580905165,1.4098923900747549
1,1,-1.3985384258695002,0.8593082952470907
0,0,0.8964575345835084,-0.7312287098754331
0,0,0.03938451146231541,-1.830198144311287
1,1,-1.28930250616157,2.596516524551208
1,1,0.5343761006641957,1.232864905641431
0,0,1.6365311470845187,-0.11261308239749768
1,1,-0.008882482585466157,4.612624058142664
0,0,-0.05567241314768638,1.2963104760260327
0,1,-0.004000676868217827,1.685991365980798
0,0,0.11039336438993103,2.804695708489944
1,1,1.2350902278390912,-0.36469906225945614
0,0,1.2762603509575077,0.45246464890997484
0,0,-2.124747214898431,-1.4982671294857608
1,1,1.193207162026349,1.374557415788112
0,0,-0.21889982070626177,1.4191839470245078
1,1,1.6518254557419236,5.935656813942357
0,1,0.4452762811664093,3.5623809480576525
1,1,0.9476079429124562,4.995137213011538
0,0,-0.5300305386216317,0.2727883561192759
1,0,-1.3555923014820033,2.8897008890387923
0,0,0.22454429974456883,-0.1071533309431143
1,1,0.9491876969152582,3.015496275074525
0,0,0.7207879873189171,2.0388924293315376
0,0,0.7674957620662913,1.42815523886085
0,0,0.21000114610934453,3.7520863799548088
1,1,0.7032133462079148,3.6268076509729648
1,1,-0.8426791898126824,3.5853410211313244
0,0,-0.16051956260375413,2.876218721403393
1,0,-1.575725644623667,-0.3643136513507548
0,0,-0.07167652346318404,2.2408958823155887
1,1,-0.3283180898266492,3.7053701711626
0,0,0.035631853164751814,1.8164898793398356
0,0,1.026473940062367,1.3986626306751024
1,1,0.04546054002318398,-0.2228138146479438
0,0,-2.926185139953135,-0.5262371226634901
0,0,1.3547612352125713,4.2758554963763835
1,1,0.13532328042929267,-0.27782127246222854
0,0,0.7599896121345899,2.0459227183935575
0,0,-0.8110319457188361,0.05830879403781619
1,1,0.8105920256081531,2.5637423900724263
1,1,1.5179273709545666,5.77064742924213
1,0,-1.6378026337302924,4.312600366041109
1,1,1.2133175538591021,5.517430368457262
0,0,-0.9548771290920162,1.2195078815818332
0,1,-0.7893249509747775,1.1845589910112206
0,0,-0.01657253139452805,0.017030439426886868
1,1,2.0722498044461837,2.8076077126442947
1,1,-1.8295322448594271,2.2139028154744858
0,0,-0.6583917944893113,-0.9757739897858178
1,1,0.02356307089108479,1.3346686279266842
1,0,0.6347467988673016,1.7897843364423538
0,0,-0.13210826554664415,0.07876991590975202
0,0,0.4122321133133749,2.271358147274703
1,1,-1.0560027774683682,2.6699164106624664
0,0,0.7566159556017475,0.7250464658615806
1,1,1.0392071575395858,4.463981176691311
0,1,-1.123365740826802,1.6960685356441965
1,0,-0.8081764875536027,2.1086261937881767
1,0,0.3806171622450881,1.9532284064403838
0,0,0.31686921699199116,1.865367048795538
1,1,0.5141179153521269,2.344313417657241
1,1,-1.2427592400835326,1.8275388888399027
1,1,-0.4109116494543291,2.8710407913440736
1,1,-0.5086702904919058,2.570446685028884
1,1,1.3482747389973782,1.811958697018526
1,1,-0.10989933351476185,0.8655269246142612
0,0,-0.5222076843286487,0.7421199137866704
1,1,-0.9265966213476139,3.6970133407970405
0,1,-0.013913429633545254,1.3838126830040975
0,0,1.1856298261305438,0.10895669811307013
0,0,-1.577012650135361,0.7216097206992037
0,0,0.1017010369131876,0.055581645405377134
0,1,0.4985470803943893,-1.8010934980268534
0,0,1.9902482228876155,3.8653035715849313
1,0,0.671664271769026,2.2872740980016513
0,0,1.3500310203272095,0.5929294529801872
0,0,0.030908823475280067,0.29268142520501206
1,1,-1.4147485980125059,1.5129313892298535
1,1,-1.4478332094766493,2.5750840486676605
1,1,-0.7392396545989474,2.984033190914094
1,1,0.12194563854470022,-0.32471976437556105
0,0,-0.3046256689084946,0.5542523451338552
1,0,-0.4859550088183876,-0.5988975635181695
1,0,1.8093504970198504,-0.44202290465950256
1,1,-2.430098920107716,-0.14297128601065978
1,0,-1.0734932634941605,0.6327554885448629
0,0,2.397816333318896,2.9385558618041205
1,1,0.2954752255603579,1.6395369348675204
1,0,-0.6924296232981813,-1.6850724865772195
1,1,-1.1486306491402622,5.334073247530909
1,1,0.7964503785339159,2.2381710434625797
1,0,0.6893948661623601,3.6212010050852133
1,1,0.8018799457680198,2.533861361237591
0,0,-1.3236239209226976,1.1866313350894215
1,1,0.11989204498779635,4.694118575923113
1,1,-0.23862946832459603,1.676773734550503
1,1,0.4306426301520563,2.936398518307173
0,1,-1.6472718736242746,1.2048087848802678
1,0,0.5835622153247847,1.4194337773754786
0,0,1.5329379754245873,0.8207696519703289
0,0,-1.3985732521095893,0.9580953894366455
0,0,0.8676246535660463,0.07189347312197403
0,0,1.6751707350307685,1.6165906815011428
0,1,0.8812288857628036,-0.11490917601029693
1,1,-0.0610130380518394,1.8288016887790919
1,1,0.12019041881714124,4.5244512637925105
1,1,-0.5465838821349663,2.6198444405299384
0,0,0.21307678126441615,-1.151097179240672
1,1,-1.0606428779690618,2.348176585499818
1,1,0.04650019138074256,3.723520551215217
0,0,-0.8581325583204337,-0.29143459401946664
0,0,-1.4746210943640814,-2.3267375100907524
0,1,1.5099059145859417,4.140654822557787
0,0,-1.881811846599597,2.2640915260347576
1,1,1.8008883045133546,2.527002928251778
0,0,-2.210272263690599,-0.1768680312072622
0,0,0.9425367154306211,0.9687077105996881
1,0,0.1858266196032964,0.6817399647886985
0,0,-1.6416800490731862,0.014554365044489759
1,1,-0.517970988285081,1.6310187203093895
1,1,-1.0364593473004613,3.524369718882081
0,1,-0.9687708501812025,2.7266943727130064
1,1,0.8889009476682569,2.311736036932487
0,1,-1.1951820522395729,1.232501743190108
0,0,-1.9528836953916144,-0.9470140645685321
0,0,1.1262011219756476,1.247204858103256
1,0,0.3913930763029593,2.11570272126765
0,0,-0.0012306415299453883,1.8508009229896416
0,0,-0.29058864954168256,0.08484040081263267
0,0,0.7022729581266387,-0.013612359671125285
0,0,0.3737074201741046,-0.4680257760052636
1,1,-0.11896844312401793,4.000586165339277
1,1,-0.6017051834556724,1.7456546657243244
0,0,1.090015771767025,1.2937107923184143
1,1,1.4727092356123141,3.2177923265895685
0,1,0.4749769564780335,0.742723163595219
0,0,3.0358130810057777,0.6318606111723319
0,1,0.22921766378460698,1.617812582479604
0,0,0.18823796669907203,-0.2034840962981701
1,1,1.5416517052799765,0.8571670270547433
0,0,0.29956556658366534,0.9353308385300485
1,0,0.26629009344524035,4.06950026248718
1,1,-0.3613457725603674,0.6653132255779459
0,0,0.48755254588633484,1.522232307531965
0,0,-1.7070705040042031,0.6816781997650413
0,0,-0.7398302567776537,1.0726797964410197
1,1,-1.0962950463292465,1.0174639683834148
0,1,-2.2183171980767025,-1.2141715369863189
1,1,1.1080602887979032,3.509428701545885
1,0,-0.33596807213193147,-0.04165330249294763
1,1,-0.8943189118772529,-0.7575170822030519
1,0,0.38542208989563853,2.2805132140787565
1,1,-1.264280026296416,3.942583769099545
1,1,0.9120729437362494,5.189532324312579
1,1,1.4303034556382106,5.17388076017291
1,1,-1.4525847107276249,3.3824745879746376
1,1,1.2068995773224207,4.714997049399375
1,1,0.20869121128608628,4.297584299555796
0,1,1.1528237962517769,-1.3380272644986804
1,1,0.20281301163136742,3.4547000552691722
0,1,-0.8566897526294933,1.3272434377782734
0,1,-1.6193711753760391,1.9600942251400706
0,0,-1.1276352198065311,1.7721720162126076
0,0,-0.5084997577515258,0.37936650176299147
0,1,1.0725829094439532,0.2363175049852227
0,0,0.6474926814915093,-1.1062048898831
1,1,0.30932152312267824,1.0222923676500186
0,0,1.492369951412877,3.4683280846476907
0,0,-1.8664481261323913,1.4562225515310676
0,0,-1.190085772832662,1.0425758361388078
1,1,-1.158748022702637,0.29205036171951676
0,0,0.07185556944222851,3.754036916316206
0,0,-1.6871930544053177,-1.045458977634636
0,0,-0.5897548905888322,1.0608368473865795
0,0,1.3911088568473338,1.4203911985855169
1,1,1.018416095577032,3.9322640572838043
0,0,1.5760404449978052,2.215189928082914
1,1,-0.569415171739158,1.168877816880585
0,1,-1.0394737529923423,-0.46538751146704926
1,0,0.2800581058525209,0.7337857625728199
0,0,-0.9300047517828032,1.8506377169937185
0,1,-0.08305844110614566,-0.7333469452655494
0,0,-0.12904409358947538,0.290965382151703
0,1,0.5512027784714484,1.252902021280817
1,1,1.4688828394236928,2.7995584937839793
0,0,1.4172933701948724,2.1088335717637237
0,0,0.9609716282794895,-0.6803085794917739
0,0,-0.19634998019489897,0.5896459114690431
1,1,0.6827901027613632,4.198236524889866
0,1,-0.37212230146148906,2.196246253345529
1,1,-0.9120255011173911,0.8716660439812147
0,0,-1.5306667933361382,-0.1394986316375918
1,0,-0.5679587561223418,2.4924253440221427
1,1,0.5243195377689882,6.620721301465771
1,1,0.7116322775964965,2.7488875624665825
0,0,0.06030909978162955,0.536513907584844
1,1,0.6081654009111426,0.7647918529155583
0,0,-0.5538792059320184,1.727900812695702
1,1,1.7096066893351394,5.680977343054389
1,1,0.17428432510973538,2.2191994802426924
0,0,-0.30231977155053424,0.30852885148280584
0,0,0.6973288760534386,2.0152713614840763
1,1,-0.13222207535131214,2.458270782238866
1,1,0.3659354981485969,2.6749576725891173
1,0,1.5313325215269384,0.9325464298069697
0,0,-0.790011000309654,-0.14752046451221912
1,1,-0.25082151786790036,2.7406016889750138
1,1,-0.14848921439895651,3.3389640008887387
0,0,0.08332030819321963,1.0447931390721938
0,0,1.9595614551677927,1.3684702381119984
1,1,0.9614529478073718,1.666129406550274
0,1,1.3692499562916685,1.4971056093457114
1,1,-2.541086471881695,0.1701156252379763
0,0,0.5596963537149254,2.339114348691588
0,0,0.3399477212263495,1.6864658476241217
0,0,0.6075775648700279,0.18074039012582183
1,1,0.08301917197631813,6.380776887787842
1,0,-0.6076897022251962,0.42445941295723577
0,0,0.7849894034865423,1.2985741056962112
0,0,-0.13389941463105326,-2.9706546214896608
0,0,0.05874611570041128,0.9234337819676592
1,1,-0.5408590798835271,3.7815660723336575
1,0,-0.14340706251138666,1.7481975582022722
0,0,0.5974681759089466,1.7698941925472882
1,1,0.8880073807909141,3.7208430819174287
1,0,0.026586857447164096,1.9967929772269584
1,1,0.1470203619748601,2.462579928390954
0,1,-0.14324242201496765,2.346629606457685
0,0,0.9604353924180715,3.6427512135988835
0,0,-0.37933147913338505,2.744681033971279
1,1,-0.23704053610622555,2.8475589575303264
0,1,0.16643843847733944,1.908551636735488
0,1,-0.3750717028716306,1.6491854610553065
1,1,0.3534311741421263,2.8920060424082643
1,1,1.719378572271471,3.6764159127964615
0,1,0.05020472995399551,1.0228931819595828
0,1,1.5466432532549226,2.1953341394779997
0,1,1.0041838625474333,2.5195533995039026
1,1,0.2502306523238091,3.951941305605003
0,1,0.7696638184523115,3.3045759055062565
1,1,1.5295965790384791,4.17416198170033
1,1,-0.7832722224605445,0.8373291533450797
0,0,0.7868048364316697,1.1941196909575085
0,0,1.3288956049552008,1.2295477815479539
1,1,-0.6698300385967896,0.6086106801043386
0,0,1.4334769986666853,2.2116098704147475
1,1,0.7455665915323659,0.6500992478520327
0,1,-0.7366705892376818,2.2952377392350876
0,0,0.542662395467616,0.7756321978005493
0,0,-1.3516908104269065,1.3036777519172058
1,1,-1.1586287763662642,3.8588778846865557
0,0,-1.44979242956551,-2.35431957600999
0,1,0.327569928981999,2.0032542427254967
1,1,-0.31892180710878804,-0.7285830170812044
0,0,-0.7096233642060475,1.8568259208700604
0,1,-0.48164905460958163,1.003016449692806
1,1,-0.03945121541545842,2.460340340936102
0,0,-0.2934244583555165,1.2930089849183863
1,0,-0.46233730104569665,-1.2552086556284405
1,1,0.20012619811668905,3.904645071363915
0,1,-0.9219645617247404,0.083160224669032
1,1,-0.5083970481694903,3.1672648831100245
1,1,1.2042175145434941,2.135441524698807
0,1,0.3865854096117926,2.60413754221772
1,1,-1.7846386403207928,2.421990301556948
0,0,1.5974421913151593,-0.34638684625001326
0,0,-0.8247019208334737,2.057346128935288
1,1,1.7010344000358626,2.0910371757430695
1,1,0.1352804249482308,1.252168612996205
1,0,1.010331595835546,0.07768464395625019
1,1,-1.7521306587230046,4.698088512741444
1,0,-0.7510662314581524,-1.2537107596022827
1,1,-0.6242194947767957,2.8651586786512673
0,1,-0.5450596143588832,0.6390108100105534
1,1,-0.7702674603576036,2.1028535257393566
0,0,-0.6197149806554759,-0.34612473666211935
0,0,-0.10912762079761466,3.392847376437017
1,0,-0.6033375706876085,2.719270126981936
1,1,-0.13962427318220327,2.542745411763099
1,1,0.34127849743767213,2.6508850485297697
0,0,-1.7705418577104026,-1.5112897553831832
0,0,-0.23141742197662507,3.053978711626119
1,1,-0.9687909158284653,1.6036910800656863
1,1,-0.09485322611128769,2.5088527158354914
0,1,0.6130272312737375,4.055097430091427
0,0,-1.3980650805319896,-2.7017807505044114
1,0,-0.3853560859112057,-0.7136458393326734
0,1,0.9222737144374226,-0.1310670912713161
1,1,1.0494938146873714,2.39133920188951
1,1,-0.5252938495333471,2.597854650133725
1,1,0.8958982213650115,2.6646045772185096
1,1,0.2983033182870872,2.928670898461018
1,1,0.05826657126456387,4.86710309459472
0,0,-0.49909945043961224,0.3440793359100237
1,1,0.2750922859112831,1.7130117979700392
0,0,0.6817626674477592,2.202656041682312
0,0,-0.6601754676547078,1.6010233265089961
1,0,0.47119145067838436,0.5784551426372173
0,0,-1.1488314581383416,1.7960125739816997
1,1,-1.1758876432630463,1.366993640975506
0,0,0.5501035162815261,2.38101247933494
0,0,-0.21732652600295893,4.190370498786348
1,1,-0.8059974802841424,3.8402529170754134
1,0,0.3489032366009632,1.9829783494912965
1,1,0.7085659729224045,3.513225164209378
1,1,0.051706439434998655,4.641496471619984
0,0,1.4684604673789117,2.0972506086653024
1,1,-0.6810710828719208,1.4799293799195363
1,0,-0.6474401320367231,-1.6024530390987608
0,0,0.9203504557357951,2.066991771760166
1,1,-0.9973400162564872,-1.05454515696246
0,0,0.7129015408217734,-0.1941763559340481
0,0,-1.6014859296667687,0.686884677883516
0,0,-0.9865073799721803,2.1979927101786325
0,0,-0.1718979056225706,-1.026737312323689
0,1,-0.40278896956696336,-2.8064350137918366
1,1,1.5202221202647463,3.2304619380843462
0,0,-0.9494222939018788,-2.4251132362491106
0,0,-0.031039124996186995,1.6776281299736293
0,0,0.15694280337810143,0.7091252930887955
0,1,-0.1041738033876423,0.8343983335028338
1,0,1.1306482560501852,3.37607686712397
1,1,-0.5639852250500103,1.9213592119874012
0,1,-0.5119656394580396,1.665580780842661
0,1,-0.9787113915782801,1.3856878704445854
1,1,0.874398300688619,3.8863950969288688
1,1,0.26124648704451603,3.922804941008188
0,0,0.27645202389658663,0.37633787037768895
0,1,0.21526848846326238,-0.7006269963073863
0,1,-1.0996295773145544,0.7523710119808192
0,1,0.4982538723664829,2.369921175289094
1,0,0.32121077106352597,-0.8803932832896649
0,1,1.4248618141027984,2.988258104270988
0,0,0.4254763135078281,1.533069673903809
1,1,-0.7702247746787512,1.371042002248171
0,0,-0.2949011373792945,-1.9005358125225853
0,0,1.7866424508238472,0.6676566773871702
0,0,-1.178262391916298,0.9029790948259375
1,1,-1.3357092325546978,5.470365443186464
0,0,0.24527377113290377,-0.14133402789082103
1,1,1.437711793556594,1.4455234083085742
1,1,0.08150307222673969,4.024799789341291
0,0,-1.1455500291710092,3.1647281572040535
0,0,2.175692811013825,2.1681226296748557
0,0,-0.7418187193349857,0.8582381672290536
0,0,0.8245447702902321,2.017750406743459
0,1,1.4398910334187436,4.608197540794872
1,1,0.10635287080503285,4.002135361379316
1,0,0.6098311570093351,1.786499481389623
1,1,1.4740428105083558,3.4790287036821805
0,0,-1.2553489395120656,1.6731921198007254
0,1,0.7903520601829963,3.3289613700129377
1,0,1.1817086568361848,4.191311135029288
1,1,1.2559941141275683,1.1992406488987897
1,1,-0.39784718960803006,0.7607369778251134
1,1,0.46156681661157256,6.015175137610112
1,1,-0.5536878162721414,3.022738210316018
0,1,-0.5787186662237246,1.5477337067583092
0,0,-0.9091396133753489,0.7390172623943414
0,0,0.6329964932629543,2.055195424468503
0,0,0.20774732563092924,-0.44926915426649316
1,1,1.1350186703526166,-0.9731964058386195
1,1,-2.3383721802936503,-0.12542179257946984
0,0,-0.8661475279605729,2.980360129751105
0,0,0.3388873509794265,0.9596332681233819
1,0,1.7300863394549648,3.0954354077841266
0,1,-0.6892052389794397,-0.7875309066526914
1,1,-1.7283171203316479,2.567766873480994
1,1,-0.5541294245014238,2.75712768780821
1,1,-0.05010675788405307,2.704865367554916
0,1,0.8346836351925765,4.207490176639526
1,1,1.14883167337463,3.7638601785576418
0,0,0.7402220362198517,1.478192388049861
0,0,-0.056496664944877525,-1.8244174987145572
0,1,2.1062621999070648,0.7481670994434477
1,1,-0.6429028034091298,1.213402023735665
1,1,0.04024173978593711,2.4345372455941896
0,1,0.6268660207012849,0.7558694037110508
1,0,-0.4628445512709982,0.6290585891395329
0,0,-0.18113544388291536,0.34129574350973335
0,0,0.6802978023810634,-1.9089682227049098
1,1,-0.8442973679012001,-0.30616318251604857
1,1,-0.1355283534230859,1.730170647214156
1,1,-0.10279659081700686,2.4945702274295445
1,1,2.2920122246109917,4.772395315025786
1,0,0.8676012620593405,-0.4751241640002004
0,1,-0.6154523825082522,3.2771489054250584
1,1,0.8084449717184374,5.859917079128358
1,1,-0.9719148570418389,2.2542383427629002
0,0,0.48916497852975094,-0.2708878911798287
1,1,-1.5453016292737103,3.4563870813407536
1,1,0.7936566477937147,3.8555277390414924
1,1,-0.08109498301775706,3.811018317372406
1,1,-1.2275193871046974,2.840732646434747
1,1,0.49347875520294643,6.162384155422661
0,0,0.9142980825966336,3.089699625400544
1,1,0.4663292926159433,1.7315595711908576
1,1,0.2580422082303645,0.6852494984515558
0,0,-1.2028806546228916,1.6291922660305969
1,1,0.879586598688298,2.5174548381711306
1,1,-2.042727748436344,1.4684871968505735
0,0,-0.47389932848348293,0.976958614769776
1,1,2.0240676981717676,5.509387150923603
1,1,-1.2751983489241292,0.6160525986726353
1,1,-1.6637195451880893,1.707455251084368
0,0,-0.8302409977025181,1.1734863614081315
1,0,0.4456995052901219,0.2497032194275235
0,0,-0.00742423001313875,2.2062830315010395
1,1,1.0489240660943677,1.6776951814977323
0,0,0.11828679086880257,2.31187787326816
0,0,-0.9583975411226784,-0.4205872786360092
1,1,0.9749917326893304,3.2026493341766917
0,0,-0.4851852504465388,-1.7716900639473683
0,0,0.7205920606406917,-0.0932849433436227
1,1,1.4272589191086333,6.676540958293276
1,1,0.5644045440362916,2.3065368168415135
0,1,1.3417021583103328,0.24777741382137436
0,0,-1.1133537521471613,-0.0832333500740785
0,0,-0.34065735957390253,-1.0175028083552276
0,0,0.2562485951598566,1.4950521555804612
0,0,-1.0723776583844964,-2.178543326937621
0,0,1.3782057065163151,0.21213446639397082
1,0,1.2880690368099057,1.7724257609192033
1,0,0.5458056119785104,-0.8277642854500995
1,0,0.6731423817298595,1.4815618618813393
0,0,-0.0372002556074223,1.3866942720730178
0,0,-0.949147771463281,3.2049836988347717
0,0,-0.5119189302176415,-0.45432018006868513
0,0,-0.15704354427105469,3.5005621739787367
1,0,0.31705839023902305,1.8070036560581553
0,0,-0.03810685679385593,3.2122958626857274
0,0,0.3668545926496257,1.4228363492150884
1,1,-1.196197637066505,4.387935507937156
1,1,-0.6407204317031509,3.118478131688273
0,1,0.2607445757913214,-0.10389811038153218
1,1,1.0355265383995922,5.130972791587936
0,0,-1.4932949701084741,0.48866368086257983
0,1,0.423028994515032,1.7714261256246568
0,0,0.8110743900336382,-1.0628043730333283
0,0,0.03552476922233309,0.9932874609778557
0,0,0.1777668422185791,1.6614837935371507
1,1,-0.29267583047257223,2.9733395611990447
1,1,0.06129581175194248,1.1338147772213274
1,1,-0.2651233299452065,4.783662331520988
0,0,-1.3687943958359574,2.0615931103713168
1,1,1.4203341833352183,0.8594814506534487
0,0,0.41179205073852215,1.0556140027204923
1,0,-0.4092531182881154,-1.2190264833711435
1,1,1.3926742792773905,4.182573187163802
1,1,-0.16638747813240318,3.0288511585536275
1,1,0.7268601015436421,1.0403662603698491
1,0,-1.523349479941046,1.1814612107901563
0,0,-0.4792900505218812,3.413615272836049
1,1,1.1554216012713499,3.4063454807623867
0,0,1.5363951035095154,0.036625294183961654
1,1,1.9358431063698,2.7682791547480505
0,0,1.5005924854248938,4.053853301599726
0,1,1.8644039295918216,3.1022040161110387
0,0,-0.5612730760795095,1.7605817813152913
0,0,-1.2622209070371293,2.2142207613060942
0,0,-2.2409651862843534,0.7536295827637941
0,0,0.2125186860653277,1.32599127682287
0,0,-0.12541044420160422,-1.5682078599262377
0,1,1.6119949055466336,3.3017131056982434
0,0,-0.11120185944604492,0.6854648443344424
0,0,1.7125427255248502,2.520925451138606
0,0,-1.4304383530917557,-0.986437844799179
1,1,1.8530679148149587,1.410129827056729
0,0,0.047075311563334124,-1.590442367501482
1,0,1.4690869869789516,1.2637324284823372
0,0,1.0941330425858196,0.7561717543665865
0,0,-0.7318996529507049,0.7118044625535095
1,1,1.0153911959514033,2.3768501340756885
0,0,-0.47042936809849295,3.5814131420804887
1,1,1.0096591175303045,3.0279417875142354
1,1,0.7116341755824662,1.4521716912349236
1,1,0.5503227712874141,0.6634570560359092
0,0,-0.02667711889485762,2.944848486618736
1,1,-0.10790746613985858,2.8356827571806034
1,1,0.19595812130838194,3.349290729415973
0,0,-2.2464249294560212,0.5098737672669543
1,1,1.1055469328567098,3.6148414151827577
0,0,0.05765690258101892,-0.00813952999309242
0,1,0.35039307145719245,3.2220155826734462
0,1,-0.7865085373320665,0.30131898834422155
1,1,0.4351322482258337,0.8924744012543011
0,0,-0.3264673621160463,-0.5842111407813182
0,1,1.7048599727913474,3.123172517020036
1,1,-1.2657661427087235,3.0867655564414465
1,1,1.3690840239667708,0.10331780399238233
0,0,-0.6646333799369075,-2.5097126652543347
0,0,0.4910734604437199,1.134335325153117
0,0,-0.12486833569985296,3.4270149580550493
1,0,-0.8364200013345965,0.21051936432969942
1,1,-1.920947606122592,2.220167586016247
0,0,0.8616646210039296,-2.8636797137340575
1,1,-1.5887607459346913,1.3451873190798551
0,0,-0.3419947791832302,-2.2221053654656044
0,0,1.4227765011031752,1.7449401919482201
1,1,1.451958650766899,3.3325330071151225
1,1,0.4056371468999405,2.104195416092625
1,1,-1.4984110678776574,4.988589857627385
0,1,-0.01537123009526939,2.378173298587753
0,0,0.1843703954358989,2.248803812124462
0,0,-0.6899400394089227,-0.39481424050129976
0,0,1.4460429873946374,2.4028772377146224
1,1,0.3449761149938994,1.0728002484392545
1,1,0.4231929617827904,1.8088040828630563
0,0,0.0026067768836736532,2.2073440545472094
0,0,-1.2515214633222407,-0.6014379882803345
1,0,-0.8219563961086083,1.4148655042006895
1,1,-0.8697059807496976,-0.10951128610701222
0,0,1.3164927714451835,2.8489700274053593
1,0,0.14437098917419827,-0.023462295753552853
1,1,0.556580778409557,0.8783362109156316
0,0,0.5175108785366361,-0.4917233242721992
1,0,0.5080582478001048,1.039195572307757
1,0,1.7724681063125165,1.0884657230093135
1,1,0.9530158115911144,4.229617931918052
1,1,0.4062062638064657,2.077552755340645
1,1,0.2576547036291745,5.124962140998821
1,1,1.562310113951364,3.9285189647437444
1,0,-1.6888648072528498,0.2243142315676624
1,1,1.4451762130674923,1.8436358086727225
0,1,-0.4114583669387149,0.8641547856450408
0,0,0.5968271074023793,2.1911705436158293
1,1,-0.1609635703587403,0.11910289947969899
1,1,0.14247667005336667,3.668721398881275
0,0,-0.13735947895932546,1.8036766023284048
0,0,-3.5149909036580675,0.9073914929010678
0,1,-1.0369495367704082,0.24622462175321896
0,0,-0.7349850232866963,1.328445115200567
1,1,-1.2532932458396573,2.7562027117435095
0,0,-1.8045694171600342,-0.10128182404846098
1,0,0.5788859621872059,3.1439730610565992
0,0,-0.9709794744914801,-0.03089563044894883
0,0,0.15448431459152034,1.9616315546676582
1,1,1.2419662104670326,1.1595990972275345
1,0,-1.0357673253410227,0.6022002845897997
0,0,-0.13708977548553933,0.8354259098532394
1,1,1.177241653947803,3.6154323328966154
1,1,-0.27132871972820255,0.6522320665933745
0,0,-0.3387383480737685,0.9455389162998182
1,0,-2.094096359774036,-0.21092085006371064
0,0,1.374337255809492,0.267774836595712
1,1,-0.2243295950190812,3.0721700047386724
0,0,-1.3250405052787797,1.1089745338030572
0,0,0.8589133567923714,1.5981352925871175
0,0,-0.41220104478265984,0.7130665216425685
0,0,-0.06557615107784033,1.5402732637967749
1,0,-0.6506984793220562,4.353181364527709
1,1,0.7377262199539647,2.574293506705828
1,0,0.6716946097290603,3.0132105897332933
0,0,-0.46380269012294706,1.6429502520690105
0,0,0.021472224529834417,2.25496320250382
1,1,1.5486030284131074,5.262673601787356
1,1,0.15539998662049523,6.137628390082939
1,1,-0.4553668412553206,4.280666646372037
0,1,1.404240479778139,2.8796389706391157
1,0,-0.6471762614352243,-1.8450831212738084
0,0,0.074326856423141,2.0648150823669367
0,0,-1.208636352514988,-0.2653953201165995
1,0,-0.8765198877165248,0.8999571825456485
1,1,-0.5557250529893901,1.349943898305683
1,0,0.5523216949466578,0.2265518523181429
1,1,1.037317971134961,3.635561140384309
0,0,-0.44311901168890955,0.744962959368876
0,0,0.7501205100244273,0.34312199841069935
0,0,-0.09228491509197784,1.0579801066734245
1,0,0.7021819919588869,-0.13106995404651223
0,1,-0.7852083964851005,-0.4596363632552334
1,0,0.27450078347864787,0.21618965992725803
0,0,-0.14977717374143482,1.0225901154751391
0,0,0.13814679802068475,0.7709051241305469
0,0,2.5002540083337945,1.9979566733080605
0,0,0.3002063217045528,0.22157092278752133
1,1,1.4165810317134124,3.7346698781565753
0,0,1.0894488422999962,0.6905439424386792
1,1,-1.5086908444431941,-0.18591347476098563
1,1,0.42732394773410737,4.0423380902502934
1,1,1.0931433368494834,6.771315361643568
0,0,-1.5279562126105415,-1.5383035738924011
1,1,-0.7803497727454994,0.19928042672619328
0,0,3.462222438259407,1.6983298134261626
0,0,0.12045124034148566,0.12837904995463845
1,1,-0.40576470462157715,1.6160430956807998
1,1,0.06925013081621036,1.582656658498861
0,0,-0.8157773668828674,-1.2431346470867815
1,1,0.14401197642358882,1.0908759971389652
0,1,0.2620990193146931,0.7195171009758381
1,1,-0.24738616788782478,2.5338659257696334
1,1,1.454324857254378,3.1106925720403686
1,0,1.7468803809078213,1.3409760003652789
0,0,1.078912702578036,6.105940047545337
1,1,-0.7318783204854961,2.4829379798245137
1,1,-0.4807870230803352,-0.05750935093692622
0,0,-1.3050752496233768,0.5138907330117779
1,1,0.432609094309173,2.1695887785771264
0,0,-0.4363156271120026,1.1263629338192822
1,0,-0.5224753281425221,1.174676721096438
1,0,-0.6477985113314537,0.8650240437897879
1,1,0.26948363491571925,2.0799105701032525
0,0,0.18654614761520552,2.432089333988637
0,1,-1.1208867504229936,2.312954970379124
1,1,1.5526336988267846,4.520404541774415
0,0,0.20355485439741206,-0.6593989978092037
1,0,-1.3331595675965788,0.4444836744125979
1,0,0.8805332673630912,1.336200167838323
1,1,-0.8278649338710932,3.554135237793515
1,1,1.8505862609142192,3.7031658492892285
1,1,1.375052216177129,1.5042136338010774
0,1,0.577428258719286,2.032731548683815
0,0,2.3739425560826923,-0.1338396728541047
1,1,-0.8581157310531081,0.7712213375242994
0,0,0.3412225397886295,1.1750065893169692
1,1,-0.22765096832752574,-1.231958902805299
0,0,-0.8617925882160764,1.4052579618930874
0,0,-1.2511125002519636,-2.10819330571336
1,1,1.1529823632192764,3.3169721779181285
1,1,-0.20683999373666997,1.4789875104366772
0,1,-0.9228522188716998,0.5703995580745316
0,0,-0.49421443296186884,-0.5460137513654306
0,0,3.141308882773973,5.798983017001776
0,0,0.0606593314557199,2.1505934006594094
0,0,-0.6717296905850616,2.608751046389166
0,0,-0.19339738940587892,1.3551895538935117
1,1,1.2196151674066948,3.5597702121860055
0,0,-0.08294875888362893,-2.475640987682612
0,0,-0.16124393850765928,3.4854362873028784
1,1,-0.042752148522250774,2.3953245602466566
1,1,-0.49932165039929205,2.9397182472064003
0,0,-0.23425177539849001,3.411137668321426
0,0,1.4058557816047814,2.727785067930458
0,0,-0.19845742211366696,2.1333286130720395
1,1,-0.06335846900038596,0.28807013242265095
0,0,-2.881308972107927,1.5973957861671844
0,0,0.7169833408218418,1.654738237507023
0,0,1.2574678180657093,-1.0887205535063047
1,1,-0.6672623190537367,2.7175564245122246
0,0,0.49096017440676565,0.8058558539628926
0,0,-1.0729859214118418,-1.112729374339104
1,1,0.3327811974362443,3.6074783808218482
0,0,0.37222591617690226,1.1625915197078833
1,1,-2.224897344721926,2.2558169656542244
1,1,1.1011175211851116,6.155336642612653
1,1,1.328838985997984,3.540711713247927
1,1,-0.13542032022537268,1.7412140778400036
1,1,-1.0857719869569884,2.5304339675249246
0,0,0.0012385934618038342,1.2014695079454145
0,1,-0.13894612686834712,2.6987293764787488
0,0,0.9436363185934226,0.3921736713796278
1,0,-0.04523931523540685,2.3233680998860136
1,0,-0.11721604896995134,2.2900079344246578
1,1,1.0176828348419167,5.635858401503201
1,1,0.6763530885334432,1.7698934202673309
1,1,0.11615751718026619,3.810292821806105
1,1,-0.6650327434989848,1.3373493510480583
0,0,-0.7332735847707188,-1.4735598247289232
1,1,-0.6505796934641018,2.3277446369683195
0,0,-0.7777564803295168,-0.6889836161403227
0,0,-0.34539320321747785,1.87377482079303
1,1,1.2128436334619717,3.392365178133965
0,1,-0.30859476655796864,1.7266289287498817
1,1,-0.21687991358331013,2.9481489060253008
0,0,-2.0210480546565948,-2.1799147360559714
1,1,1.0779753718554919,6.108464064440669
0,0,-0.33622065789046407,1.8375631906029077
1,1,0.6777802370144578,3.320274999308856
1,1,0.5416760748442727,4.90910337581742
0,0,-0.6141202976787171,2.965035805419482
0,1,0.5351004897869878,1.4177933099670956
1,1,-1.4491492333252558,5.750488502478025
1,1,-0.6549590948094878,2.324665496830248
1,1,1.5475153892885776,0.5503813876927861
1,0,-0.895944820781122,-0.0153581900440556
1,1,0.4761847537962983,4.369912741810375
0,0,0.06356658851679457,1.607938252409305
1,0,-0.7527319665931586,0.7006256655085397
0,0,1.5319134398505998,1.5840626940092717
0,1,-0.0852942654474796,1.809579524562397
0,0,0.8065783324070095,2.241083675448933
0,0,2.1195194794460566,2.408318278485892
1,1,-1.4668414816024806,0.32776692831474197
1,1,-0.05092350430334893,0.8332567028182738
1,1,0.9563238307851641,3.858788334272993
1,1,-0.06490176609925138,2.5633969191466734
1,0,1.2123070438981212,-0.2400116086768217
0,1,0.6684686435743354,-0.21743098808789396
0,0,0.25942653861626824,2.108578672831565
0,0,0.5089551950235304,3.7233846534380852
0,1,-0.7769690093009538,2.0481909439160986
0,1,-1.5427058944296774,0.5671874637538505
1,1,-1.8166136953452217,2.720052919614617
1,1,0.29666785126575107,4.020090575032909
1,1,-0.9952102016874929,4.348861071461869
0,0,1.3765637023439143,0.5055496855108825
0,0,-1.2063975206126913,-0.014162866302205979
0,0,-1.7522553555642268,-1.6998752936267758
0,0,-2.0255253169630074,-0.8774607515628323
1,1,1.4233233428417964,3.214406948951358
0,0,0.05967741576748134,-0.3875211990890227
1,0,0.5693008290280184,0.8720086438164291
1,1,-1.240102425080663,1.059566757912774
1,0,1.5620499437158495,2.644126653852816
1,1,-1.5093228009562183,4.839495057170195
1,1,-0.04003018307232902,3.3462283781827655
1,1,-0.453706782020726,-0.7075982406172563
0,0,1.0472785007637193,1.3210475094044236
1,1,-1.153980568068587,0.926342176009558
0,0,-0.42382463576855894,-0.478259541100742
0,0,-0.32131043489724115,-0.3822130612371671
0,0,-0.07489529234490973,0.13677436389246084
1,0,0.008222427912478986,-0.6204975500140535
0,0,0.7323235298772414,-1.8914941401659573
1,1,0.9549948146883406,4.126755574770003
0,0,-0.32408641530558335,-0.01624430601547429
0,0,-0.13958668518668702,2.7204735859575377
0,0,0.1791510554215168,0.6796461975617127
1,1,0.40559870566260914,3.6297220852553833
0,0,-0.09236283555911652,-0.09741580270979561
0,0,0.5578833274980668,4.590474225196584
1,1,0.31620721521976414,2.4926549469584764
0,0,0.8335641378659305,0.82827197326933
1,1,-0.6088578267315851,3.733759306461245
0,0,0.2345452097348056,2.205111660759047
0,0,-0.5536734272223856,2.007901200310031
1,1,-1.7709293595047448,1.3852008910733615
0,0,-0.6878265656574051,0.5799449015607354
0,1,0.17973678152752148,3.046145655059542
1,0,-0.4926475658317241,2.020538150230393
0,0,-0.9765144182210823,-1.6087419715041276
1,1,0.6981572815966861,1.0281030893573002
1,1,1.251097126886274,3.4066332946688527
0,0,0.700402015161098,-0.44216995722746755
0,0,0.7160734113633276,2.8433840534571297
0,1,-1.3069112877517297,-0.5725156278032455
0,0,0.5680004172814321,0.6484873783747427
1,1,1.6766611959150421,5.136962712048428
0,0,1.3453296354173563,-2.3026067955914638
1,0,0.11987587771110107,0.8510837306350303
1,1,1.2072077826086114,5.318748986067279
0,0,-0.21302597935569503,1.9363636336523358
0,0,-0.3054893091430481,-0.6123346822606517
1,1,0.5013575045295436,0.9203635604257594
1,1,0.466902774252103,2.4614665710633523
1,1,-0.5840867311280494,1.0661064639166642
1,1,-0.15736177602546145,2.9411237072777237
0,1,1.110438698134096,2.7977403920802244
0,0,-0.45655466623012014,-0.5496115206378112
1,0,0.19322599563013346,1.0719827586034463
0,0,0.3620770786414364,2.66246929785295
0,0,1.01652422427444,-0.06273626859085235
1,1,-0.037417353137256484,3.2101976661096985
1,1,0.3291606791578504,3.4999833381927243
0,0,1.2391413091895118,0.04891938605819557
1,1,-0.43543105604614984,-0.7187783439380384
1,0,-0.6044167356329799,2.006322634966101
1,1,-1.366010180536907,3.351683392587587
0,0,0.7764241467496045,1.4199992648808768
0,0,-0.434996514539152,0.5458881212883844
0,0,-0.5134158320667563,0.4632820911564479
0,0,-1.759618956110533,-1.179409841486279
1,0,-0.41079079849695527,2.7036715402434215
0,0,-0.93330383438979,-2.102875799139688
0,0,-0.28461931637204557,2.896762164812675
1,1,-0.3171073467426418,3.522500233810545
0,1,0.053921314214016,0.6169900957776715
0,0,1.6473232522496,2.9983632411498604
1,1,-1.0646970128415572,3.880847355909151
1,1,-0.055494467192453364,3.488304745594702
1,0,-0.5350934517476643,1.9194399027248075
0,0,-0.26541003985438305,2.1043500863780773
1,1,0.19711388846413094,2.2141136865472366
1,1,0.9165949105584577,3.3770894171493744
1,1,0.15040764107707366,3.7481669419406334
1,1,0.2611939700521698,3.2921136635663353
0,0,0.7093254778331483,-0.7330347975961077
1,1,0.20467921983540482,0.20258900816635506
1,1,-0.3628152953425668,1.8847241479837864
1,1,0.05644434803477158,0.9005976371283433
1,1,0.20093275748703382,5.346842615810816
1,1,-1.4944838087965506,4.496001498792436
1,1,0.8419727265757581,4.8746776598455215
1,1,0.2595548491854571,1.7062379582949063
1,0,0.7923556564288388,0.853985539462267
1,1,0.31690992583923033,5.857074265189938
0,0,-1.116676546831622,-0.6860243985437675
1,1,-0.5488522727187445,1.1975225391644948
0,0,0.08974995270254368,0.4730963045742512
0,0,-1.098501105025318,2.395547161523937
0,0,1.2727050275559952,0.8556642117671664
0,0,-1.0727936856052214,-1.0048272026740415
0,1,1.7178344090681743,0.9086757436864179
1,1,0.3878004502102485,3.8945843034002134
0,0,0.6648871250741192,1.7651849899392023
1,1,-1.054558064731719,3.4328374813002833
0,0,-0.1724549883450128,3.71326339101672
1,0,-0.24641555893554742,-0.13805394620525635
1,1,1.4777264331627964,-0.23137634501279858
0,0,2.0768743306375,3.36064886206902
1,1,1.9077904067316978,4.177808889473163
1,1,-2.240038601614634,2.9509827216636944
0,0,0.20248941647309046,0.7994894253317169
1,0,-1.076211919235771,0.8876164354010372
0,0,0.08535632073039298,3.435962877910724
0,0,-0.26650740435381826,-1.2571567003297104
1,1,-1.4460254286366905,1.8281980430554514
0,0,-0.996617191452439,2.7197569290380423
0,0,0.7877049688555928,3.4920105400907184
0,1,0.025777074075867133,2.9854591210456913
0,0,-0.45013967657015375,1.027463136047548
0,0,0.2664736612859194,1.1593188326614219
0,0,-0.8814409085023382,-1.2264685107049882
0,1,0.756946082607378,1.445628261690684
1,0,-0.19622767348277137,-1.0351925285147465
1,0,1.1846110435416022,-1.2669287423467566
0,0,-1.7777713248642906,3.2145322530674756
0,0,0.484291849330751,-0.07880916538933883
1,1,-0.25690356444223805,2.0822874815005443
0,0,-1.1806694435468499,2.212011439884578
0,0,-0.7987127592051105,-1.7691494345339773
0,0,0.21123233209142783,4.317636786457232
1,0,0.7345635446497418,0.7252400816893578
0,0,-0.2712518323872148,1.7345519685228667
0,0,-0.031688436233833085,0.9751667774686572
0,0,-0.317298858793337,1.3685547888287548
1,1,-0.3521336448370998,4.251157756594163
0,0,2.0014728020691757,4.739189548664021
0,0,0.8447771434524359,1.3443550375787456
1,1,1.6652815661124691,2.4202941954137285
1,1,-0.23474694431823587,0.8775999677609951
1,1,0.5412660609143776,-0.1100852274677715
1,1,0.0299355119124269,2.7479964544039355
1,1,1.164233390738893,4.089629132157761
1,1,0.4053355385397593,5.177017467444315
1,1,1.713623589051034,1.400664853207255
1,1,0.3285097686234216,3.157652658870876
1,1,-0.21864110921308,1.3943201303579214
1,1,-0.8044906858345681,2.989780628027115
0,0,-0.43133656708266765,1.8115749558403578
0,1,0.8796439417393397,0.04827357127170806
1,1,-0.346550596329257,3.8398916382353896
1,0,0.2126724549110639,2.2723279051954335
1,1,0.8852724979977789,1.4636577921391436
1,1,1.3463651666283398,2.5180770138493536
1,1,-0.9240200251231796,2.7054823179377756
1,1,-0.1476954602146343,2.463223712419639
0,0,-1.0943747978423457,0.5118427686742076
1,1,0.25898913397376844,3.3761646674767047
1,1,0.03823360490341719,3.0129526159690037
1,0,0.2747703236070276,1.3681045936649054
0,0,-1.1382750265422747,2.0839420558404655
0,0,-0.3507487796870907,0.6456157948272255
1,1,-1.5641989287845137,3.580380698952763
1,0,0.6697941782917913,4.653553547524517
0,1,-0.4281175970925545,-0.6938434289458857
1,1,-0.5758567948493998,3.4859736698438066
1,1,0.3334362095131178,2.288200332698428
1,1,0.7068976379653822,4.040826786812724
0,0,-0.4691801079337144,1.1479554792116162
0,1,0.07468938734232061,2.4437134880646485
0,0,0.31197886034932987,-1.4190655451439653
1,1,-0.25453299265081075,-0.17827373100445687
0,0,-0.8744527248800643,1.97716119322854
0,0,-0.6466069706988166,1.3143757157071374
1,1,0.7398970484421551,3.840044422391573
1,1,0.21025388825935443,3.5499189037755405
1,1,-1.0837650465335973,0.8160576780271391
1,1,-0.46684752091072246,2.9263208387913737
1,1,0.6516942925072878,3.586097076240354
1,1,0.010712235844925066,2.943640168326682
0,0,-0.7664017777305094,0.9782892642230651
0,0,-1.1344197098112108,0.651977492635256
1,0,0.15824047050202744,1.3913001612523228
0,0,1.5901296694524871,-0.7067451348835521
0,0,-0.17800350778370091,0.032872713472125614
1,0,-0.8341148285167386,0.8515087832447022
0,0,-0.863680265260897,0.5093849914228159
0,1,0.9261203998874471,1.362698603227924
0,0,-1.9275425822261747,-1.9006435133615645
1,0,-0.5196916517905027,-0.05001192481554806
0,0,-0.12698503112359644,1.912162998552156
0,0,-0.650410498458505,-0.10341137196055206
0,1,1.9192825329190168,2.0584479340437967
1,1,0.1477986089976023,4.524369188075109
0,1,0.08607420092829643,-1.9183280280392934
0,0,0.9409443926194491,3.1560255156428334
1,1,-0.09643928570565834,0.8100666316406973
0,1,-1.6798878133480781,1.229502249472874
1,1,0.1813475702313537,2.8963557906320467
1,1,-0.5184315824019188,2.929079847232051
1,0,-0.60372243023035,0.5109225627323737
1,0,1.1460232264050567,2.1736245794016145
0,0,-0.8820831359366222,2.2465687416729025
0,0,-0.01928410900817553,2.6802271284062833
1,1,-0.04552777570814892,1.6038778733952441
1,1,0.2413424592680812,1.7313367011763572
0,0,1.9374510365839497,0.11094842135162397
1,0,-0.8915411116854981,1.251021179332403
1,0,-0.09356537768020058,0.6216604375052429
0,0,1.0107069909538282,1.4223862896792987
0,0,0.007636026580708597,0.6989354448968045
0,0,-0.7275027094392582,0.570714567725001
0,0,-0.4897389355923149,2.1109406214522974
1,1,1.0612092745222186,5.012051255676422
0,0,-1.250653694191043,0.4811735848319953
1,1,1.60111866172189,5.1385280127044375
0,1,1.7027142204097745,0.5668071851775502
1,1,0.07131776827628698,2.6657751792240774
0,0,0.34535609006171697,-1.3166971565823005
0,0,0.4272044282573387,0.7805401289288478
1,1,-0.32470209095972097,2.7886537281565276
1,1,0.32295674239294836,3.370974049158426
0,0,-2.0065937312540414,1.3150771103811778
1,1,-1.6097748264594778,3.919862151189665
1,1,-0.9014426942470337,0.46057283765029045
0,1,-0.7067044118096821,2.3178913289168745
1,1,0.4458165253414229,5.085342440773383
0,0,0.15681734834533428,2.267268686597079
0,0,0.723483763499141,3.985053184876742
0,0,-0.03153494582028913,-1.6767742587017285
0,0,-0.020770997982959886,3.346894568153587
1,0,0.40473217150800833,1.2880516524907064
0,0,-0.8094022891599443,1.1015493403088987
1,1,-0.8816432280829256,4.662360769795715
0,1,-0.6193658617359251,-0.14653530747070953
1,1,-1.3698263992569477,4.544061572206001
0,0,-0.5386044152949507,1.351313643502722
0,0,-0.2719084290465348,0.7515762493880124
1,1,-1.0394522961418582,3.2838492545079174
1,1,-0.8702212371380993,0.8234970652393274
1,1,-0.6236447028101402,2.0000116752932904
0,1,1.003366121563636,0.8310077414562211
1,1,1.2126509393856577,2.8870754844051367
0,0,-0.8218936058811304,0.2669510990790058
1,1,0.9643015862983118,4.939027623410965
1,1,-0.11469514286091256,2.4934862710716166
0,0,-1.02634651602789,0.620583579694862
0,0,-0.2935605229664676,1.9232756248599547
0,0,-0.7375599599990191,-1.9922624713423882
1,1,-0.7826375212472458,2.3872291518585556
0,0,-1.3886029465951781,-0.22119397614133746
1,1,0.048942143587928574,4.904946766059947
1,1,-1.5612138331664018,3.065043476943936
0,0,-0.7151107113115258,0.4303937680526566
0,0,0.4031139369293665,0.5053658951283123
1,1,1.551846818165174,4.302921750262097
1,0,-0.2297422306423039,1.8179521295356058
0,0,-0.025252826739381302,1.3844940587432093
0,0,0.5767473408064242,0.17265703771419183
1,1,-0.28520126478293867,2.8938422372902926
0,0,1.108317491658907,-0.7944423594107941
1,1,-2.2772472026665316,3.6082035647762263
0,0,0.1749563362257265,-0.14762660687665752
0,0,-0.9534477090761188,-0.20984565360624907
0,1,-0.008399204214366907,2.685774014119377
1,1,1.069684051747884,3.9916162250716947
0,0,-0.12303852399760765,1.544689605217294
1,1,-0.5681020872938204,3.846454983311058
1,1,-0.07834279576565117,4.598500417979215
1,1,-0.5898739962641996,1.8940109051729306
0,0,-0.08531131351001182,-0.16536540703623326
1,1,-0.5410884564340028,2.5011146480920354
1,0,-0.8896307881538927,0.2378780963371704
0,1,-1.4826880488531615,1.0145943127546797
0,0,0.3620917236335022,0.774079265009091
1,1,-0.4949012287123061,1.7949703723116626
1,0,-1.4144776542919575,0.01844428927406544
0,1,-1.3505808950268456,0.9575944799567606
1,1,-0.1405673227883117,3.2725500482045278
1,1,-1.0356684996832155,3.6309733113505374
1,1,-0.04092085712645114,3.955836122636342
0,0,0.8152476615331495,0.4881315067885228
0,0,2.7718435799859806,2.0994115225707857
0,1,0.120989154394203,-0.35142303721680734
1,1,1.2759691637817139,-0.8482228368474827
1,1,-1.6589266491069445,5.752103343078987
0,0,-0.8020249263801568,0.980128461970593
1,0,-0.023292801958293224,1.6291058190802354
1,1,0.22017977676484338,3.0190893611571554
1,1,-1.6489166137621354,3.1551424556484546
0,1,0.7775788769654157,0.8255788668295128
0,0,0.33003311791535517,0.9912599469383956
0,0,0.1470750028177519,3.2335407259105704
0,0,0.25453953205972285,2.77618822390529
1,1,-0.6611530410341944,5.412408169333494
0,0,0.7414810535131898,0.19861660882258791
1,1,-0.0005101847750646363,-0.054023421058669197
0,0,-0.5098021576598125,0.5081539294484775
0,0,0.32081646617397164,1.0335488938979704
0,0,-1.170016059333441,-2.1896063059127755
0,0,-0.5720213504154998,1.4784969649491402
0,0,-0.5831093595598762,1.076049834317765
1,1,0.02784531902261341,2.756586134525089
1,1,-0.5122023377167917,4.2659758713664395
1,0,0.009815296911744794,1.3624998818806415
0,0,-1.4332711329724155,-0.9753272533005546
1,0,-1.3122809910185675,-0.36523914025597176
0,1,0.2457505399347673,2.408621953935884
0,0,-0.2063385562690422,1.1188786730034397
0,1,-0.874273069377755,-1.1218615009798678
1,1,0.08282923069135645,1.4918407485149294
0,1,0.1395579299219061,-0.24991218041710306
0,0,0.7774758214028757,1.608349589621436
0,0,0.24834508126740049,2.535359135070406
0,0,-0.836124766888459,0.3748318802053964
0,0,-0.07771804892532538,0.08310271145994047
0,1,0.8492196800473324,1.758471924251885
0,0,0.41720187509899853,0.9267410275696149
1,1,-0.7088451504681756,1.4502182076587147
1,1,0.9846911503624765,0.9743301093449059
0,0,-0.7892060489209883,1.925993218612521
0,0,-0.30459746168552887,-0.40461568584892255
1,0,-1.8122385074385883,-0.6772116118035936
0,0,-0.0507137047245846,2.0755800264586255
1,1,0.1647758786150263,3.5767093087836614
1,1,-0.32722984555126355,4.578021237641211
1,1,-0.14079861762561977,1.0725366889610477
1,0,-0.802375495137105,-0.15956473393163617
1,1,0.34673561520715296,3.725944692654157
0,1,-0.6217454395975287,0.9524090820066444
1,1,0.40511884006524296,2.307530762255185
1,1,0.2695483672317572,3.7066842650196916
1,1,-0.04021447873081238,2.312762289405837
0,0,0.19348260857272187,1.1659740082344539
0,0,0.17211852115699297,-1.2459075419949184
0,1,-0.23840378734132822,2.6864367166052174
1,1,-1.486798740930569,2.090434568872514
1,1,1.441368401046544,4.823555287954598
0,0,2.0499149529060654,3.3432165860609055
0,0,0.20555928096314746,1.962676872483137
0,0,-0.7341203281373228,0.5753548851940745
0,0,0.19545777272123252,3.056001519191927
1,0,-1.2745902539180927,2.3788042430370875
1,1,0.5016343436730418,4.621243506264885
1,1,1.5070805545196577,2.5170381602214222
0,0,0.45528968515533874,2.5873037683902447
0,0,0.5063225293488505,1.7366781121323793
0,0,-1.813130125147484,1.8297500326234069
0,0,-0.30400159172642255,-0.29658050631077826
1,0,-1.189726012807897,-0.40427905358944916
1,1,1.578904688029474,3.9456460024090014
1,1,-0.06894892777713517,3.4420069968095013
1,1,-0.26478278047488185,-1.969951224932521
0,0,0.5345638804973402,2.067847655797965
0,0,1.0257233578311287,-1.0631941777063618
1,1,0.6341574963041504,1.134909409518994
0,0,-0.6379522305927217,0.03587110900237489
1,0,0.3912718591427563,0.8598754679596214
0,1,0.5635013266775448,0.29625766280798793
0,0,-0.22287197066806516,0.5134860350159807
1,1,0.7289320408981862,-0.7581035703830625
1,1,-0.6184432381235068,3.4016503529756443
1,1,0.6034503664702467,1.91953196506482
1,1,1.143077461831051,2.298509163866973
0,0,0.4965033466573597,1.9655374905983154
1,0,-0.7370370825354656,2.22292838845772
1,1,0.542630380571368,4.831410108027719
1,1,0.9079642252623341,1.685603154627553
1,1,0.780195588603462,2.3599175505124093
1,1,-0.7597732392249696,3.227495902622906
1,0,0.08212521919694614,-0.2894894239596453
0,0,0.19223531328427834,2.850423838762126
0,1,3.0161098354071707,4.360780297654809
0,0,0.7920688885913794,1.4449729164255274
1,1,-0.0738805735576026,1.65092474884958
0,0,1.2525493982908547,0.04424563910928736
0,1,-0.055707518445802205,1.4785416815268553
1,1,0.15130759644012526,1.5737159799259217
0,0,1.6931369786521,1.0641357237768037
1,1,1.3806278789104673,6.322638651813394
0,0,0.46907867996500124,0.6748696766788402
0,0,-0.5415978616796744,-0.8452682926283919
0,0,-2.661399420713314,-0.6552993753994962
1,1,0.2773082489835763,3.4638856018200954
0,0,-0.7366238966627848,-1.024757033469384
0,0,1.17702356538199,0.856297452966611
1,1,1.2461763059001765,2.5631186712727314
1,0,-1.0507431274106775,2.525960286492727
0,0,-1.087790357396562,1.3430502300877998
0,0,-0.2625888883856984,1.8355751215294365
1,1,0.24108401684098402,2.4698356770957766
1,1,1.0228971857509321,3.5140280472951937
0,0,-1.1244425767895243,-1.0913463764745912
1,0,-1.9088830599893176,1.481847348521698
1,0,-0.21602647320356808,2.2951571983303234
1,1,-0.42554565817119844,1.2777889180023825
0,0,-0.06957493365149757,-0.07665023128830051
0,0,1.4018659765768635,0.2896576720839952
1,1,-0.4657731206711297,2.0119797118649565
0,0,1.005488494009776,0.5625848401525171
0,0,-0.1845571422144183,2.0134029587825166
0,0,0.487691379285818,3.348091760030152
1,1,0.8530065817524662,4.55408255976379
0,0,-0.07905513678628616,-0.3224781482567486
0,0,-1.5227511704771632,2.843997651978317
0,1,-0.9559565669119535,1.1335610593215693
1,1,-0.1715222111110155,-0.057481910345917875
1,1,-1.467392761673113,1.5582050270686474
1,0,-1.3154823049504534,1.7261828313797551
0,0,-0.5269602685069651,-0.019958218635675706
0,1,-0.9955319795359661,0.002741720637064682
1,1,0.6854876434543759,2.3888338557583664
0,0,0.6566578237573374,-0.7131767279183902
0,0,-2.482790935405557,2.652673639874294
0,0,0.5362436254771437,-0.619732784484228
0,0,-0.745844362365326,0.9585526697387114
1,1,-0.22795832051971948,2.0049015307721474
1,1,1.3179936454988441,0.02395635555002329
1,1,0.11248254083118059,2.259408705845278
1,1,-0.2816567027464458,0.3137047904749557
1,0,-0.8395976410233693,2.42550933364509
0,1,0.12714346209313587,1.9042616135226398
0,0,0.5504225078441164,3.0304012053206817
0,0,0.8123203883368846,-0.4500968162494
0,0,-0.4555651099728765,2.2737336812588094
1,1,1.918801295478261,2.3589228720427005
1,1,-0.06505295683528946,2.813117688795777
0,0,1.7894695774178242,5.327187837459927
0,0,0.1402295548261884,-1.9512784997760344
1,1,1.6930671892642013,-0.01998089984130358
1,1,1.6439462505974998,3.5827922245347583
0,0,-0.711459140727837,0.9447724738377974
0,0,-0.0819162067509278,-0.2475431487412918
1,0,-0.09709738350475733,2.4150259719448606
0,0,0.7866960045404382,-1.3131866487617456
1,1,-0.7742795320104493,2.65938784223858
1,0,-1.0413156284504606,-0.11059280751961906
1,1,3.0254829444747617,1.7644889739403677
0,0,0.8174977709160806,-0.20276070294888893
0,0,1.248060226723425,-1.5843105334869483
0,0,0.30834363406150517,3.3812366696598364
1,1,0.45762238876656547,3.6843468726388857
1,1,0.8644511620732872,4.335619665646817
1,1,0.41979315151356766,2.1274205563813924
1,1,-0.08674803884192236,1.7601567625227883
0,0,-0.1615098688873777,1.8646805026020046
0,0,1.5084559449499035,-0.38480041086319716
0,0,-0.55275731454077,1.144735878624402
0,0,0.7807336535655135,2.083163968459438
0,0,0.2135578143489331,2.8522025020263335
0,0,-0.1030933782348342,-0.8181503185014686
1,1,0.9478395098960447,5.5674798359563225
1,1,-0.30911687970290846,2.7232483741992524
1,1,-1.9726527547284192,2.07486053872801
1,1,0.9576890142994372,2.7782142914775068
0,0,0.2672980650284982,-1.4265132948976262
0,0,0.4629364653690394,4.175200399656188
0,0,1.1851285480226073,-0.6525681123046133
0,0,-0.013099691073363673,0.5344733023619433
1,0,1.3504390049743813,2.7934690009868217
0,0,-0.18124723511942195,-0.2323223410352822
1,1,2.2395887002535138,4.5175760403754595
0,1,-1.1368400574544653,-0.054352942626251455
0,0,0.015095995900402918,-0.1450337935387782
1,0,-0.2646095951774466,0.7248963697278884
0,0,-1.2373912606345363,1.544057200444868
1,1,-0.9889303381477541,1.1927591007257166
0,1,-0.018870025415934563,-0.13967959295101184
0,0,-1.7569090890659824,0.3131150535405628
1,1,-0.08027919063420794,5.57759797018703
0,0,0.6699851749359377,1.3507269508745912
1,1,-1.1878080589798246,4.3461441250522
0,0,-0.8767871483756049,0.4133006360873598
0,1,-1.539288270059412,1.8881991623755081
1,1,-0.5749492235350597,-0.2552363120936776
1,1,-0.2934161527748568,0.9825551790084226
0,0,-0.9293607780043328,1.878373291296752
1,1,-0.8398805851091643,5.166548924192189
0,0,0.03607277762823144,1.76582023538393
0,0,0.2432874524959605,1.6591390782128057
1,0,-1.305814737366713,2.2663516884326884
1,1,-0.6358520469679924,5.144030884145392
0,0,-0.8211795828122993,1.8443966620827568
1,1,-1.714368511924382,3.1910518324630077
1,1,-0.1769001218072742,2.6507479333872213
0,1,0.294738847832616,3.1121345521018835
0,0,0.11733020348805782,-0.4610609946698281
1,1,-0.9796094448660705,1.3395613643173687
0,1,0.9627609997916821,2.276464447832021
1,1,0.7052342716866218,1.375737221208158
1,0,-0.8022675981736123,0.5504337786095188
0,0,-0.4381576392377391,0.490487912399709
0,0,0.7540272114862623,2.7586705006674093
0,0,-0.5931299356899921,-1.7601710948564682
0,0,1.0162413744767758,7.143894622196889e-06
1,1,1.399413455334635,1.8924523081256257
1,1,-0.16202979659452976,2.2227141748876096
0,0,-0.03608869481635807,0.10873628591718787
1,1,-0.0511996285651338,1.5115848705418125
0,0,1.2101040796032645,1.2846584481065253
0,0,0.7678287810463978,3.30568922451997
0,0,-1.078937706996469,1.9347400852099503
1,1,-1.4142929634536552,2.744958474716598
1,1,-0.6982183841439379,-1.5670631093285716
0,1,-0.4104624340183123,2.588938550259167
0,1,-1.073958495653596,0.9110845320108475
1,1,0.7827885170689847,3.1758908821528125
1,0,0.0035226416250817433,2.1655309290313873
1,1,0.8160746555766155,5.45875272732667
0,0,0.9094141090443225,0.34881493486917015
1,1,-0.9591378672146301,3.3916653507927355
0,0,1.925536349680947,0.28672427050963223
1,1,1.5174038083365602,3.1236993542214107
0,0,-0.2690848430562915,-0.036743639603490585
1,1,-0.9139065821599044,1.1494141983042963
0,0,-0.8774219702875851,-0.4335196002097351
1,1,0.44036368513898594,5.164559193678166
1,1,-0.604125215213813,2.693501048311015
0,0,0.21948919996342442,1.4270184088294988
1,1,1.6840931451524517,3.99112659538703
1,1,-0.15536645131088123,-0.18121986163988058
1,1,-0.4219089009612021,1.5159183579252278
0,0,0.34399901004831485,2.381177148458695
0,1,0.22426396329388404,-0.6012626775286485
0,0,-1.087862867494024,-0.5317420371289945
0,1,-1.8356822376418858,-0.11061746905074532
0,0,-0.282343941489569,2.1969633837029967
0,0,-0.5084682052748384,2.941853793934333
0,0,-0.5894081656046365,0.9313181113162728
1,0,-0.06111675486183177,3.494380781143591
1,1,0.36331653905340855,5.317302803156771
1,1,-0.9307563021831939,2.907150875436127
0,0,0.6364894253193498,1.5297614043202548
1,1,-0.925213525062041,3.0380473307253615
0,1,-0.2534845475020319,2.267940703371608
0,0,0.12083820497091488,-1.393901336038673
1,1,0.6516437839709422,1.8595469838566063
0,0,1.1521624977631237,1.3061745967613474
1,1,0.356676849646758,1.2106767512696792
0,0,-0.1253601651630352,3.040971608949649
1,0,0.3393556240357677,-0.7531806025217442
0,0,0.3214047216224069,0.6198658767538591
1,1,-0.7055066438700854,5.848612914113174
1,1,-0.05953084741159794,2.826648980151308
0,0,-0.3724232307427055,1.00850486555886
0,0,0.2159469588139194,-1.059493719870045
0,0,-1.7133851951638595,0.1751105842827666
0,0,-1.4675967738325866,-1.026759473160303
0,0,-2.240832811111935,0.6398099678619742
1,0,0.7224587875262821,0.8514103235337275
0,0,-0.473444271317668,0.49579274250633565
1,1,-0.0806616478507674,2.361066924445368
0,0,-1.989043920342185,1.3793516699920105
0,0,0.4743303971687974,0.9058532387750339
0,0,0.16874059571559344,0.9121286815524878
1,1,1.256945333254135,5.982617454220469
0,1,1.4355520863218778,4.081798243770013
1,1,0.3395394296435383,3.0053907460255074
1,1,0.0672123059843587,6.4622666683112655
0,0,0.27069574635885896,0.2516560527565278
1,0,-0.14772130598883054,3.0431557815467345
1,1,-0.3391338727095688,2.745177211351953
1,1,-0.05845431791288322,6.167755626934942
1,1,0.1529798821806386,2.551140156450451
1,1,-0.8150088257601728,1.7148867553083198
0,0,-0.37879443373650223,0.8416726188271895
0,0,1.783331146646332,1.1988077555482057
1,1,-0.5683798002204633,3.0797647125068677
1,1,-0.4644135315755259,4.28274408421183
0,0,0.3855942491667997,-0.504674663251397
0,0,-0.9688629413735941,-1.0659846292484907
0,0,-0.44579150772755954,-0.7326341616902607
1,1,-1.5076376160132665,2.0317683596011316
0,0,-0.142315013009375,1.8792575128378108
1,0,-1.0019430680291113,0.5263256593197408
1,1,-2.1181673662734313,0.28110143940194954
1,1,0.3127902514186516,3.245534932531858
1,1,0.6598696680968409,0.28870370456977335
0,0,-0.2959567758810657,2.2387676937825307
0,0,1.7733192931459736,1.6521329070964894
1,0,-1.7710204481214735,1.812734553451795
0,0,-1.6174898906706185,-0.9374860827227034
0,0,0.007532537196204369,-0.37381467432539495
0,0,0.8654523823408825,2.666353831604111
1,1,-0.21167674249462487,3.374768792184354
1,1,-0.5072358268127114,1.7665762289878972
0,1,-1.1505873357605467,0.10042615770020569
0,0,1.7602723926287258,2.209384926188406
0,1,-0.6469075758688434,2.9603747938248794
0,0,0.5677735227077125,2.44200946899206
0,0,0.16111807834957004,-0.5595632752261888
1,1,-1.5008168316759778,0.4013045595639216
0,0,0.7755493841889096,1.7188802031005272
1,0,-0.7186101029299005,-0.3517185040960944
0,0,0.34314202832303015,1.867961179170834
0,0,0.4662917029969327,3.0939567640324706
1,1,-0.2560405273039582,2.538438525570876
0,0,1.657257354346932,0.9437958259915628
1,1,1.3357494059913695,3.5450610122837807
1,1,-0.12544174601002991,0.35343449296807905
1,1,0.7899095660645026,1.0370082769145066
0,0,1.2216544446119093,2.968744568546921
0,0,1.7611102427754624,3.13809599141061
0,0,-0.3470145598468263,0.8829265101935005
1,0,2.0277357793609334,2.136495122497941
0,0,-0.9412068396579013,-1.0424506121976003
1,0,-1.2453248186749266,-1.4127979927769136
0,0,0.6292224915937514,0.7226636606333544
0,1,-1.0114698295947024,2.3031758315989626
1,1,1.6780887254138386,3.6337438747959476
1,1,-1.943584156414499,2.9613304009048376
0,0,-0.048253133296626415,1.6508786762044863
0,1,0.5938103667546015,1.953621278637378
1,1,-1.7394871094561914,2.0466452003160875
0,0,1.0107643247797589,0.5625908909949774
1,1,-1.5195230047853598,0.5533649490112209
1,1,0.2825921754721728,2.924583756088592
0,0,0.16682537083949497,-0.6130894252500487
1,1,0.17870798814537894,4.717790811301281
1,0,0.7952259771822768,-0.20277392515868653
0,0,0.7726137308129756,2.432423765952948
1,0,-0.8818412607258567,1.1385630596678586
1,0,-0.9960515495566655,0.8393230666520451
0,0,0.04046279930485052,2.9061605270130606
1,1,-1.7372185727081433,0.9139681981947527
0,0,1.2805239480275468,0.4095657032242974
0,0,-0.24174028234271147,0.8126392433624046
0,0,2.3102634736258887,2.561022906386171
1,1,0.5172124782580333,2.622688307826515
1,1,-0.6721405535980051,4.089217485201864
0,1,-1.0811587230304456,0.295319408638192
0,0,1.24048770177538,2.439769698600794
0,0,-3.319847664493124,-0.7541857551044115
0,0,-0.5010071833760165,0.6481718359967201
0,0,2.07427385606444,2.4646124714466873
1,1,-0.12227608748943163,3.177592090230141
0,0,0.631160236354679,3.6658768741175796
1,1,-0.06256507336960322,2.5728417915456836
0,0,0.5102467247434103,1.1581143073514855
1,1,-0.8843640641660317,2.4498623482957576
0,0,0.03278071371533003,2.7604087499341636
0,1,1.2057147082296922,2.7503550877014886
1,1,-0.05237886886448468,2.6368791981152087
1,1,0.08480850073543118,-1.456674085061193
0,0,1.1843205182805545,1.9995851586850109
0,0,1.018219556992868,3.037811038586577
1,1,0.1603042514213262,3.688725265350498
1,0,-0.8516608628452206,0.21382703288067673
0,0,-1.1363788082895585,-1.7551755061701533
0,1,0.1754073213759177,0.49321364985505556
0,0,-0.01284823261900785,1.1001661429228937
0,1,1.7132334538018688,4.102824754481675
0,0,3.154036900057349,1.255043375897854
1,1,1.6287125493227037,4.023094260217579
0,0,-0.5288668925107054,0.35698271051624175
0,0,-0.3185160781619941,0.7985882092527247
0,0,-1.6474653055491473,1.3593363901741218
1,1,0.24572444815113756,4.388038726293987
0,0,0.23634409697909267,2.6273534869930932
1,1,0.9178943863128469,3.077727701869596
0,0,-0.9796501701220596,0.024466507083382272
1,1,0.27332168561936426,4.130857524183668
0,0,-0.03788246277132844,2.3245342876492487
0,0,0.9550867270383573,-1.6338541094564878
1,0,-1.484506853131392,0.45438098234775026
0,0,1.2780282943382018,3.330879427881491
1,1,-0.011216996365196444,4.7136303202827605
0,1,-0.09968406325006138,3.075007148883961
0,0,-1.2835284535396165,0.698760835416943
1,1,-0.26700322404747084,2.9650693005230373
1,1,0.23506236138780753,3.8071382782954286
0,1,-0.33342045301679063,3.6053406947676345
0,0,0.11188960544837966,-1.0419244325669352
1,1,-1.2455504217144995,0.2908118718558339
0,0,-0.095254379709333,-0.21373733340077664
1,1,-1.0232461201003709,1.1614224269839135
0,1,-1.967647307451861,0.5333418551178226
1,1,-1.4867978606704193,3.7036233340598663
1,0,-0.3735850031243718,0.39445859781401094
0,0,0.2860506998020208,3.0084529585297837
0,0,0.0023045978872519614,-0.3877360286363116
1,1,1.3033938003249526,5.990212005977696
1,1,0.2725228605796453,1.9136057504890072
1,1,-0.0003617188570150969,2.331721121152545
1,1,-0.5739728204647166,3.347512707741534
0,0,0.4795530658461864,0.17097552717358538
1,1,-0.13683900425949627,2.0013038867640596
0,0,-1.957484055566131,2.2837365955539206
1,1,-0.12005312639783361,4.452790211996495
0,0,-0.08513768046336898,2.4096497383222077
0,1,-0.18502627194520874,3.3259978946355764
0,0,2.7262246210342367,0.032911292140954965
0,0,0.5817534663925181,-0.12739635385923126
1,1,0.8103418491239277,3.442997570433943
1,0,0.5986386740925441,1.4956688392572273
0,0,-0.49877662641632897,0.3182302312360046
1,0,0.2114667885196896,1.62776724138197
0,0,0.2313094211369637,-0.5848760786095284
0,1,0.2558573234564824,0.3322233476552867
1,1,-0.7705095984081717,3.0761929832220267
0,0,0.300825562446396,1.5634814008560058
0,0,-0.36423103978517407,1.9994195724043946
1,1,-1.2531313491275506,1.9149593940483705
0,0,-1.0812923425315915,2.6891493848499
0,0,-0.4612461622150365,2.9292363673980586
1,1,-0.12823677197823877,4.65487745936207
1,1,-1.3735870419424416,0.8013048974263162
1,1,-1.6425871730905854,0.8104960671832098
0,0,-1.0695152915627537,-0.18360785089987802
1,1,-0.6132623088578416,2.546582984056151
0,0,1.4696816173650187,2.001523111728315
1,1,0.4202084435440064,0.18662260613935733
0,1,-2.3443705386866616,2.4542077817205508
0,1,-0.6105699004210238,3.098856458393837
1,1,0.06602771754512039,0.5614214660256092
1,1,0.986296601499329,5.281834640487176
1,1,-0.17952846454133817,3.750146123222977
0,1,1.7332876185301447,0.972730106482163
0,0,-0.7741375877742259,-2.3568350681260894
1,1,2.032750509342045,2.5871588514810293
1,1,-0.40572244707412963,2.7176886151455952
0,1,-0.11654718899252613,2.35491917098654
0,0,0.336718396857517,0.6142906520386939
0,0,-0.5738372314376381,-2.6552914422827376
1,1,-1.140759610425143,-0.6059688786986719
0,0,0.39854518283094437,0.613234848179384
0,0,0.193321126240024,-0.9537579746904943
1,1,1.5598909118420965,2.46851799776382
1,1,0.853180759776723,1.434551922264412
1,1,-0.6426798639671846,3.127168644773712
1,1,0.5434346023567714,3.1757070947339683
1,1,-0.8441454686086299,3.952913288672682
0,0,-1.6923011963230772,0.27147338141668265
1,1,-0.30111600859624676,3.3023618992495765
0,1,-0.6595986572186331,0.7041152870883595
1,1,-0.7823924627779949,0.8789321772995135
0,1,0.8755204229656405,-0.21061090724909026
0,0,-0.14959626183091143,-1.505670242116122
1,1,-1.04225332153003,-0.9704485577778057
0,0,-0.6107952315703027,0.29119732793241726
0,0,0.13760104132019818,0.6646373490566804
1,0,-2.209470172716243,-0.01698176261159212
0,0,0.3475200063058533,-1.7168356903628053
1,1,0.0967988075795615,1.829498572667625
0,0,0.34480525161483494,2.408598772934168
0,0,1.2048559402822918,2.1593265882869446
0,0,1.1605514637574224,-0.4081748563112808
0,0,-0.5844130181563928,0.13946356106621002
0,0,0.9965323008425337,1.781596802888811
0,0,0.08186198938469454,2.094306677799258
0,1,-1.3051524984882128,1.2192585858461056
1,1,-0.14299607117936952,3.5354886522116775
0,0,-0.2731920692347537,0.9212341548713219
1,1,0.3702951369730947,1.6304288069921906
0,1,-0.9139043576157797,3.175649188089955
1,1,-0.9435592670356502,4.175689211805327
0,0,0.2083364612874189,0.16155740746380132
0,0,-0.8311084390257681,2.7883523104039862
1,1,-0.5674153310927782,0.5764127270301517
1,1,-0.7892249018664649,5.507761498661251
1,1,0.2479118377128558,4.018806078565829
0,0,0.10585431881836731,2.7804681199205987
0,0,-0.5429720551831149,-0.16931546595638403
1,1,-2.98889401023403,2.8983716073535124
1,1,0.5680694425184095,1.5239376365185306
0,0,-1.0504329244383803,0.9538813084122088
1,0,0.01083983210798943,1.5932788262848567
0,1,-0.6207840278336569,0.37661866471664873
1,1,-1.956861653187742,4.0357072730873735
0,0,0.39920200246778414,1.2862833668565388
1,1,-0.6550100669971929,3.235101282329178
0,0,-0.22040010744774852,4.214801398868676
1,1,-0.016669844142446974,1.8036561018249524
0,0,2.1841046735373575,4.407626578386559
0,0,-0.6329591884613278,0.35406599838307096
1,1,-0.444318984259451,5.0981695343354545
1,1,-0.7972025870344103,4.125356309694666
0,0,-0.4332256788229814,2.3024271197078177
0,1,0.14707993497095256,2.0156680489494923
1,1,-0.39695340729320633,2.013142330575576
1,1,0.03997843521338588,-1.0653468754143942
1,1,-0.16290057081297454,2.6807635089344366
0,0,-0.245799455475457,2.2505820096604654
0,0,-0.29923406720294493,2.40877622671909
0,0,2.3531877794419325,2.467212747052635
1,1,-0.9130803986106282,0.7265198822120631
1,1,-0.08392951191401934,1.9416186875382404
0,1,-1.0693985874768597,1.7792283014160026
0,0,0.5575169928679894,1.109309833856123
1,1,0.5645773288563841,3.304002890826501
1,1,-0.24043017030995562,2.930829829341629
0,0,-1.0810069755843408,-3.127898445338994
1,1,0.6288560985219297,2.3746600150323154
1,1,1.1581982152662909,5.463932000160484
1,0,-1.7098560519807262,3.233263857483469
0,1,-0.8777005468201725,3.660490807973771
0,0,-0.22377120924276261,-0.8876742641407703
0,0,-0.13637663754748763,0.29782186071991334
0,1,-0.056435228789483094,0.07100608977008455
1,1,0.5862967271186709,2.269866320119245
0,0,-0.3971081651073905,1.900179744979798
0,0,-0.11973456800845296,0.43140728705655046
1,0,0.6031142800594517,0.35294788769769747
0,0,-0.3673610576753351,3.1463976881123816
1,1,1.4186053103893583,3.9043237532270227
0,1,0.14613070718763355,2.914192419134081
0,0,1.0191537106599309,1.6123928232792037
0,0,0.33673761387751006,0.0687536440314056
1,1,0.8395260082755626,4.9325737175769
1,1,0.14147490763868945,1.9223652984696062
1,1,0.2658409765437863,2.950069266487168
1,1,0.573884026545378,2.1396543204180567
1,1,-0.3024922253912446,3.4975760880952738
1,0,1.7117192551994906,4.7710811536031095
1,1,-0.5253165156372648,4.675733482849206
0,0,1.3700679043113126,1.469837006927023
1,1,-0.16605588962038773,1.034821117916556
0,0,1.080515555860012,2.1643750533087545
1,1,0.6796677669389587,1.4453349608253845
1,1,1.4426675342562667,2.2883356382594333
1,1,3.1246391603806236,4.632734564701325
0,0,2.7038179965234703,3.201568996659387
1,1,-0.16605993618381643,3.9486768860936765
0,0,0.3196670301174284,6.133023686637319
1,1,-0.5196473033451443,1.028816637672341
0,1,0.43612543551448935,-0.15848930608731826
1,1,-1.0191819807115452,4.354768998858864
0,0,0.6126731932308169,0.6843677349488112
0,1,-1.232554240109714,2.0169121437547815
1,1,1.7046538411389485,3.672892174003848
1,0,-0.1843503704467315,0.36068333163369304
0,0,-1.0570328220226213,1.7164188759906724
0,0,-0.3569751088113709,3.771032394017774
0,0,0.26091728616799315,0.787707663442311
1,1,-1.0078520346468876,0.011782442347804123
0,1,1.7420054375151661,4.508737579010213
1,1,0.5248479794876832,2.0663751035560325
0,0,-0.4533465185122098,0.8769333631307431
1,1,-1.1527260976582792,2.7343502251861986
0,1,0.30033936114647913,2.629839170057058
0,0,0.4919199456990832,0.809675719000456
1,0,0.8160481019625806,0.8859662961225794
0,0,-0.03477929725886593,0.4022633402359632
1,1,-0.8125321660219385,0.7905820762174209
1,1,0.8871174167140551,2.832588457336971
1,0,-0.0767393333447407,0.4595915596346544
1,0,-0.934076851321081,1.5036881025026934
0,0,0.046968303605623575,-0.008860914392528674
1,1,-0.15520603334632718,0.40265257451637493
0,0,-0.43172077632407757,0.49569787931846626
0,1,0.7343517899683877,1.6029489673922166
0,0,-2.6041729396658697,0.8514747313766338
0,0,0.7709396242433455,1.8023119332281727
1,1,-0.42890897071971285,0.47724598711078503
1,0,-0.5263129731166256,4.11054555783413
0,0,-0.40000330911155824,0.6366025688959522
0,0,0.2933016212572197,3.1230729976361156
0,0,-1.2334269622949228,1.219053116809901
0,0,-0.121942623164602,0.6887435425881505
0,0,0.9705305886334706,2.3937042046356387
0,0,0.7612145135700804,0.7911850037202371
1,1,-1.0800914066212821,0.6507614396001609
0,0,-0.8276949766025145,-1.1880100973808891
1,0,-1.4886571039584855,-0.5168892398925093
1,1,-1.4444510701129103,-0.23292169468658308
0,0,0.8175893230334432,-0.6006608076945879
0,1,0.9093894930888412,1.614538932694629
0,0,-1.254747713988859,0.34095937542063226
1,1,1.8710302047620722,3.8272229912098448
0,0,1.3346185864736597,1.6207972441969618
1,1,0.581102253605298,3.194361890913618
1,0,-0.43198692724530885,-2.8561172724110544
0,0,-0.5293535304320938,-0.7195604710504209
0,0,0.8061361591005485,1.5213702881208118
0,0,0.5355611920916602,0.8835300860835518
1,0,-1.477024129383587,-1.530372731342129
1,1,0.229880322466092,3.662150309025967
1,1,0.2077795501316032,-0.049877291360450826
1,1,1.3867915079804292,4.341846273513655
1,1,-0.8513698770007465,0.7757686629770872
0,0,-0.3351432189774889,1.8609140339175199
1,1,-0.18544691586794976,2.567218313565557
1,1,-0.19122926549553507,4.422318216315887
1,1,-0.6007155330466105,2.0502198774274745
1,1,1.3486478389761392,2.5606202374236124
0,0,-0.873245681276167,1.0743626860198077
0,0,-0.5261386041594083,-0.3306909353704365
1,1,-0.9758755840796574,0.6800349307130809
1,1,-0.28231838158415323,3.5873300862751467
0,1,1.0404535558430947,0.28823088227437244
0,0,0.17873836023317038,2.7423601867603553
0,0,0.7412352639290207,0.5679447368527923
0,1,0.5855472596469383,2.0154701201935055
1,1,-0.1828619927403117,1.9111162282775556
1,1,-1.8084326772607884,2.01326137006188
1,1,0.19454485148683598,2.039358006102529
1,1,-0.041330629483847144,2.1163464544599417
1,1,-0.251965501819324,0.302181201161577
1,0,-0.460898213745875,-1.1848653513288314
0,0,-0.22809090640635218,2.2146417809002164
0,1,-0.7160225895963622,0.10713284326071798
0,0,-0.7977190735174351,1.0717857682898115
1,1,-0.6445778880878594,2.7729811916446945
1,1,0.21429756373696543,5.5746007048764925
1,1,1.6972452747431144,3.103869879611402
1,0,0.6208621488999438,3.215713047789738
0,0,-1.8965794382974497,-0.2333282983724737
1,0,0.14648255935320412,2.025434181820052
0,0,0.5266044992959346,2.599353183044269
0,0,0.8466329645969685,-2.286351594280112
0,0,-0.5652308577655896,0.19911565969934514
1,1,-1.5499597328561026,2.6152101746912457
0,0,0.8488934388503059,1.6938432110286568
0,0,-0.43445547680479335,-0.5677165433026434
0,0,1.8685740500404113,0.035454405970159975
1,1,-1.141084896395047,-1.2385578095910423
0,0,2.005745696187023,3.8478754230793575
0,0,-1.1751543645845564,0.7853706893816254
0,0,1.9625565477283502,1.688176032708805
0,0,0.24919400560554072,-0.6507190541610791
0,0,1.0170348945045773,2.4237869497272575
1,1,0.6480821708300261,3.0252573465841706
0,0,1.1691052861435671,3.4874742529144536
0,0,0.4176220271789751,3.342281429847487
1,1,0.9382319628738239,0.3744685053516843
0,1,-1.0438300095553883,0.8179895343318616
1,1,0.012493973749857567,2.973532904038355
1,1,-1.1443754267262871,2.3586952817510083
0,0,0.03954176463145735,1.0703821873286694
0,0,0.3299922843293497,1.2907088508193991
1,1,0.005937480585847344,3.329712022546619
1,1,1.1861166910002645,4.290071299585867
0,0,0.9478272586440704,3.997466089567146
1,1,0.7422048008451061,2.0685005620201817
1,1,1.0759247211863174,5.03327874686226
0,0,1.5998070484698508,2.2231151139360494
0,0,-0.6729919357394111,0.9926623906301665
0,0,-0.2569276573062638,-0.6016676616204679
1,0,0.16432581699970053,2.722755525921453
0,0,-0.8597378138531795,3.5890841518785237
1,1,-0.39875562161407924,0.18780147448070927
1,1,-1.451665113259742,0.5477742209682279
1,1,-1.116312892352069,3.231999595262616
0,1,1.4389823110017856,0.479095595365147
1,1,-0.18098391003565592,4.900947480921488
0,0,-1.841931908581496,-0.8593595294203309
0,0,0.3050047584396422,3.133499520359564
0,0,-0.33418577039253744,0.48175553127069926
0,0,-1.8970685883517207,-0.7836400110805666
0,0,-0.7351379202205452,2.033804828699142
1,1,-0.2642323268033508,0.8062408659724656
0,1,0.2508373838292092,-0.6259690968135792
1,0,-0.5749385398811664,2.4091102716065222
0,0,1.149560919641597,1.182910930848271
1,1,-0.21010228738972736,1.1907336566513185
1,1,2.3699030120982645,4.223745603275061
0,0,1.0043275703323917,0.19304754095233667
0,0,1.5287935667021209,3.072835436698117
1,1,1.341618280259719,5.435694081404636
1,1,-1.1802795320155093,2.0476446356746236
0,0,1.3263142104130332,-0.24913929639798527
0,0,2.700184008461356,4.665150130987154
1,1,1.8043483522399144,4.258394465402265
0,0,0.41703230455094226,1.7491817962764875
1,1,-0.979918293343922,4.120339616277981
1,1,1.1957961501131322,3.836179201437124
1,0,-0.40941482005760843,2.082822651571785
0,0,0.3245051846851056,-1.101205721843133
1,0,0.9739164496244318,0.6449683040926715
0,1,1.2216837345019307,2.5002510166010485
0,0,-0.7593524846418799,0.4851831974076975
0,0,1.0245914057332253,0.913577885793825
0,0,0.584951342422782,-0.677517540916652
0,0,-0.21601970186852246,-1.030441867043609
0,0,-0.2541009312078956,-0.19808578516617215
1,1,0.44857376899098284,1.4124592150851316
0,0,1.7711872223790717,0.5043579558858247
1,1,-0.3209318186396737,3.884721139436297
1,1,0.9700615812231256,4.819047266311797
0,0,-0.7677740042643921,-0.17494850375670196
1,1,-0.46998038257999714,4.333949465605432
1,1,0.018061718578910622,1.6632842932119265
0,0,-0.0692346760922025,-0.12141176165730794
1,1,-0.0909149674999251,3.6533028043030913
0,0,-0.7087117056761802,0.599556411633197
0,1,-0.5839041202013457,2.1438269498347267
0,0,-0.3843019392503115,4.121590781052216
0,0,0.6925206921348693,-0.10553240727150293
0,0,0.3827379020606001,-1.049065121771886
0,0,0.8064729170164143,1.2545052870590123
1,1,1.1733717161021149,2.6531267587766116
0,1,-0.03784344261368444,0.04732585118639898
1,1,-0.6240704696328313,0.5784379915454818
1,1,-0.7087904231982338,1.446547391354882
0,0,1.6491215486713953,-0.5953428774463599
0,0,0.908785742608105,2.270524689561355
0,0,1.5494936133659964,1.1908323287096114
1,1,1.1927354014816771,5.886767863235207
1,1,-0.10275847229236117,2.509258525188276
1,1,0.5507139479649081,-0.7975337299509935
0,0,0.16623663397709035,1.1628191631728138
1,1,2.2427362618963205,1.0292514323884698
0,0,0.6144259945045585,2.9234230282044815
1,1,1.6290305814815442,1.2534972709466938
0,0,0.17150001542240859,-0.30358574829520696
0,0,1.3648672331810634,1.3215978944657965
1,1,0.31492697889512167,5.115095467945697
1,1,-0.5603041307269693,3.004620708085739
0,0,1.37680978297112,2.0145738813400498
1,1,-0.6340065106479764,2.439769645133145
0,0,-0.21292543456490373,2.676935008823251
0,0,0.8393115982453927,1.3352440616443908
0,0,0.46629167851838166,1.5349851862677724
0,0,-0.3408518549637742,-1.2859288725672162
1,1,0.12045954055665786,0.4669789822823247
0,0,1.390497554188144,-0.4867060455357719
1,1,-0.6367415672176227,0.9724142052180778
0,0,-2.47747911018219,0.4119298678801882
0,0,1.1098685006049935,-0.18200453670970035
0,0,-0.45512441890566363,0.798244054058222
1,0,-0.2523830980235457,0.30101435774445257
1,1,0.8250759247946956,5.747063838551829
0,0,-0.39219449527004735,0.030621627440889143
1,1,-0.17533904790149804,2.385373711084979
1,1,1.1780989815217424,2.2404317521177504
1,1,0.690231649629683,1.5983448770447577
0,0,-0.008999529118756849,0.8235419016894767
1,1,-0.7848787709126858,2.0705026951990986
1,1,-0.917230247956412,3.183098232077193
0,0,0.9605001524993344,2.5301662355590833
0,0,0.613313876917155,2.8629329142903748
0,0,-0.9149104074552762,-0.43233745535090673
0,0,0.2841837952874081,0.3475740145121956
1,1,-2.069468695251293,-0.26160836991611625
0,0,0.6908232915164916,2.6485954439127024
1,1,0.30713366932099195,1.1637229778125682
1,1,-0.7098785229477348,0.756709640363993
0,0,1.1423733392224547,2.70009378333535
1,1,0.3907294381725837,4.18988645863214
1,1,-0.3215696385925069,1.3184133161428964
1,1,-0.33288970629876063,3.389023645340128
1,1,-0.28656628872018775,1.3088449088699579
0,0,0.8277558910411652,0.6720815526448545
0,0,0.6232245983200364,-0.025394467666963016
0,0,-0.44085466711783594,3.4757713908155567
0,0,-1.2207043224614493,-0.6618858048407074
0,0,-0.22821915649552474,0.972099493891597
1,1,0.36248465697688187,4.1014804807183145
0,1,-0.8289113559867165,3.436241271878363
1,1,-0.7918603067372887,4.139888353266557
1,1,-0.18417900538847695,3.2333475747018445
1,1,0.29326746706611895,6.129487655130811
1,1,0.6208939752858409,3.0488488208328555
0,0,1.0586097615293644,3.0778864810065567
1,1,-1.844930651384636,2.825421682196634
1,0,1.0047175348006505,-0.25433931660472164
0,0,0.34680910115688646,0.1359752626137148
1,1,-0.5703574468776186,1.8505713788612494
1,1,0.8000946898465522,3.1734481218106243
1,1,-2.0572275616434808,4.79633259092275
1,1,-1.8880471891612944,-0.547369792730652
0,1,1.938050430826179,2.721144499356303
0,1,-1.3532114267123223,0.36983792325167153
1,0,0.18521560751591926,0.03835834527382609
1,1,-1.146624654349147,1.1884823642073692
0,0,-0.5129205855462091,3.105272986685615
0,0,-1.0760500659573087,-0.009169120233164851
0,0,0.9649842766079273,1.9520904960177434
0,0,-2.0676920031366617,0.5598062799823356
1,1,-0.07121376605658372,1.3908547548538392
1,1,-1.079207312696319,4.303585022094544
1,1,-1.1242391073728564,3.5857873063321435
1,1,0.7430967958270799,4.2065107102453165
1,1,-0.9850702170757542,3.084933747424775
0,1,-0.18028106824676515,0.8204844012048212
1,1,0.40680615034960627,4.512404794042546
1,1,0.01650235341728524,1.5617722294247256
0,0,0.5919841213878329,2.5845486009446406
0,1,1.0022780795915314,2.2488280172812143
0,1,0.19992741489757251,0.44578818789854524
1,1,-0.3760069386347306,4.964048060202221
1,1,-0.11438090381553462,1.6225775563446476
1,1,-0.4719098809686738,3.4047158194246374
0,0,0.9206220820547275,1.0334831831781923
0,0,-0.7573625646525851,1.1046339356990365
0,0,0.296019428356926,1.6131789167957864
1,1,0.6077737684611723,2.817205400857419
0,1,-0.7568194330284775,1.1859168201200916
1,1,-1.592182009895873,2.304277726443632
1,0,0.794989782179717,-0.2876365716254359
1,1,0.0493495868364049,0.5570719852509904
1,1,-0.14681002207494656,-0.3579824456305034
1,0,-0.06485362444108841,0.7754947849184184
0,0,0.12983917624100827,-0.9491967212734397
0,0,0.34171090810810867,0.07625140774910816
1,1,-0.1492970002747716,5.672872607843827
1,1,-0.6775521874948132,2.668263841962674
0,0,0.4557736826344306,-0.32652544519500326
0,0,0.6584432916557302,1.4069797231713816
1,1,-0.6896018136610298,2.574408249861526
0,0,-1.9720491088808316,-0.611525083630513
1,0,0.9962187728338641,0.11909507217732967
1,1,0.826327721822374,6.355214770725351
0,0,0.7335777304781647,2.0165658731684446
1,1,-0.4834914940591429,1.580970251170076
1,1,1.1278022569214594,1.164222556757384
0,0,0.41306402987582547,0.46885159866548
0,0,-0.3442201994804226,0.3532592978048201
0,0,-0.7675060256730554,-1.5527148580062844
0,0,1.6393900264055763,4.107022622739767
0,1,0.14678030776873213,-2.6553023096271837
1,1,-0.03669968522594695,4.058717820577398
0,0,-0.9712830697802944,-0.15619520293087408
0,0,0.7295907134984309,0.7093849136706414
0,1,-0.2312245098218495,0.9497293288741265
0,0,1.7225259244571198,-0.563547982645519
0,0,0.15198298419258696,-1.5791527095793327
1,1,0.489133851128772,3.9330723259368425
0,1,-0.8482469769425657,-0.4361270387872891
0,0,-1.2221783511360054,-0.3461839040409165
1,1,-0.9531458544907643,0.22668766690572406
1,1,-0.5345782497773615,4.091618953414017
0,0,-1.345503014761898,0.005306778270932511
0,0,-1.1253571587698579,1.1970324269603332
1,1,-1.3515432784291102,3.2838099488601147
1,1,0.3732019668101439,3.716960185385739
0,0,0.7657816234978141,2.368436944212949
0,0,-0.824821655337914,-0.920148996183038
0,0,1.4378870778600183,3.1909598327103854
1,1,0.38711079340216736,2.0785215956076994
1,1,0.030491428038022045,2.675190034933091
0,1,0.24054750473067474,0.054897918872354845
0,0,1.717607694023086,2.1448992475384197
1,1,0.6566813120458402,2.0152773322619524
1,0,1.0966861847191038,0.3163791102145803
1,1,2.9997137489160077,1.778262021666757
0,1,-0.2585205445229123,3.394606008334059
1,1,-0.22289986414062182,-0.98012293553347
0,0,0.4478268606762428,3.661504052060744
0,0,-0.9791107012895798,-0.6881514207110918
1,1,-0.6686122142284231,3.245761416390537
0,0,-0.8391301908609756,0.37012334373159284
0,1,1.765674901619931,2.557235729192114
0,0,0.508139004424851,1.7537793074273065
1,1,-0.45383761567469766,1.011475124947622
0,0,-0.8547117975996462,0.5812864919654441
1,0,0.6880430317919263,1.3395923492187962
1,1,0.9306812994393262,3.817835399008365
0,1,-0.395942334845207,3.4965914196636496
0,0,0.929433539103021,0.2887068312927408
0,1,-0.6123012495005269,0.8224674491554352
1,1,1.1986130483043709,1.4317197256759595
1,1,0.5174599472670841,2.021404454150119
1,1,-0.2666353731668901,1.7813020249779594
0,1,-1.3617754128788733,0.37948260402772915
0,0,0.0708456585595437,1.5191653767360647
1,0,0.4815749345793709,-0.7416582359191338
1,1,1.857744716263768,4.810104548491462
0,0,-0.46006662084297983,2.5268806699522037
0,0,-0.16067862636325975,-0.3256694527761079
0,0,-0.8690625650080926,0.5118581671124545
0,0,0.47505934435568814,2.224465708260073
1,1,-0.2509893393363297,2.313198168654497
0,0,-1.009632503464465,2.6341450385572083
0,0,-0.3421931464719765,0.4600638505742495
1,1,-0.3104650199840255,1.770865296856161
1,1,-0.8889819856213906,3.1732289795248088
1,1,0.23950742174708736,3.2112161309721365
0,0,-0.66322091831903,1.4781792680248564
1,0,-0.5336822081844796,0.7048055949728358
1,1,-0.09221891433348693,3.4593006670525335
1,1,-1.6857356486951187,-1.7317564970104344
1,1,0.1191098875434335,2.498018383590097
1,1,-0.4275353985175952,2.9408248740836616
1,1,-0.8339151619654075,0.3710905674179834
1,1,1.7846345998062416,3.086646922018093
1,1,0.3872714703105228,3.802191924907114
0,0,-0.8405164132659412,-0.7762329624778622
1,1,-1.5461951246837258,-0.016197846815491967
1,0,-0.7905190536499352,1.7430095322873527
0,0,1.2657058631820184,1.5157002943182656
1,0,-2.24238830240008,2.2700276472853433
0,0,0.3644939792963241,-2.544694529864241
0,0,-1.167651636153233,-2.3388085396365783
1,1,0.1589823949757645,1.7212870916917073
1,1,2.1913532248663694,4.475031832453544
1,1,1.1017087548305131,-0.30037935716524666
0,0,0.3134115657032205,1.0525686987190483
0,1,-0.3124491961898459,3.9547655001628907
0,0,0.7159611078949816,-0.459044579206599
0,0,-0.9205092201744657,-1.6093954614037451
0,0,-1.0730267789746881,1.5030312469827973
1,1,0.015368019111891187,3.1875456699418767
1,1,1.7584829169051726,4.553539561629819
1,1,0.25147226212006313,1.779086366311436
0,0,1.1257881739201323,-0.45506637316976384
0,0,-0.6425588535784081,0.01968369791295166
0,0,0.08437871926008467,2.3738969352791788
1,1,-1.4843246702008528,-0.5612136650643107
1,1,0.12533488799856723,1.299567864954689
1,1,-0.6807343824605735,0.9860004671671923
0,0,1.1757943876876622,-0.6287941342079084
0,0,0.6357231563187562,3.673064794961433
0,0,0.5786138717083263,-0.5542872938339806
1,0,1.1779540656209282,2.4331289663536824
0,0,-0.4181504770955104,-1.0355845275309719
1,0,-2.3415800476913056,0.461221588131348
0,0,-1.8198976788560361,2.78491874982486
0,0,-0.0801035760553436,1.625738212267179
1,1,-1.3740558631526936,2.102005022505572
1,1,-0.8767532957062378,3.78431028597112
1,1,-0.7340824847323347,5.212325264354606
0,0,0.13601511089751017,2.7106863434459285
1,0,-2.892874733459799,-0.8926968653046259
1,1,0.5203160968911457,4.387808035914036
1,1,0.44329890806587596,4.218438049366956
0,0,-0.21624694316758578,1.5273034332412463
1,1,-0.26707211874578096,1.1231137925381254
0,0,1.6921482427926329,2.3106681999526897
0,0,-0.08590122355155087,-0.9488039865882563
0,0,-2.6172401580719398,-2.228684620414766
0,0,1.1634157490518946,1.500117035746415
1,1,-1.3027277717054646,1.1769895585638606
1,1,-0.09210246677059289,2.4050051844372726
1,1,1.48971406789462,1.8184478241683943
1,1,-1.1194603355549988,2.2493238486599245
0,1,-0.43771802362616946,1.47811904808235
0,0,0.5246556745275774,-0.6274058613747983
0,0,-0.33830142068103947,2.2484646378411384
1,1,0.6138695343746332,2.345537539140175
1,1,-0.6371026087540221,6.0713305324433655
0,0,-0.5712045768504311,1.3567653983292762
1,1,-0.18028974145364646,3.3002230212059502
0,0,-0.2574794843229197,-0.12234433121983346
1,1,0.3227447759853794,3.2145284679435804
0,0,0.8360651801885808,3.810695509438338
1,1,1.2373925401903652,3.5893225088004748
1,0,-1.4052040543744317,2.6964266347560377
1,1,-0.4587984450657922,2.1152500819395468
0,1,-0.04281373613831364,2.0107034671807247
0,0,0.9526223553863363,3.140761370259902
1,1,0.7969889720188507,3.208857296640079
0,0,-1.0600991756616984,-1.0686195916563546
0,0,1.94404834948331,2.54724468339619
0,0,-0.2223844273948188,-0.7619661731931998
0,0,2.311875459047754,3.678327083020906
1,1,-0.8479390158706861,2.5320738570535446
0,0,-0.6283619541104638,-0.929394847049927
1,0,1.5130727796749284,-0.03558667336804955
1,1,-0.47336909305833086,0.7442214757217254
0,0,0.043948563627560305,1.4996872683809164
0,0,1.1248625077590406,0.5377172902198037
0,0,0.5367963975797586,0.9006967261399874
0,0,2.0411254963634913,1.646625062878781
0,0,-0.6616072934842292,0.9516775625335531
0,1,0.20377621390044853,1.0885700596546664
1,1,-0.7124987709608703,2.1491098959709367
0,0,0.7400803541707583,4.234503139482797
1,1,0.9551002101809349,1.956038445796031
1,1,0.5146797269112932,0.11624402468982575
0,1,-1.0810361915435536,0.3923286905891553
1,0,0.4984554206040605,-1.4426829340217928
0,1,-0.9935149914235959,1.1875722022583883
1,0,-0.7466890407598684,0.6848245587455666
0,0,-0.45521683677573765,-1.2596589689859816
1,1,0.1027732921126096,-0.24243089559451025
0,0,0.44331575468791856,2.617176648206153
0,0,-0.76805039615548,-1.1946436008229935
1,0,-0.2747291597557464,0.8506743722790815
1,1,1.8683611618642522,3.7294758434559068
0,0,-0.20991006619265803,-0.3315841310725546
1,1,0.35404711375348574,3.039996741146141
1,1,-0.7095651126898014,1.6084104249153501
1,1,2.2021126534434314,3.7923800025649745
0,1,-0.7434381051221298,-0.5149665912305497
1,1,-0.24951315910527824,0.9949520197929786
0,0,-0.35440168661007887,1.356494810457407
1,0,-0.33391827430333265,4.058374551004222
0,0,0.7433612671444086,-1.2523821309066554
1,1,-0.36713689078497974,3.747225334548717
0,0,0.5390582532157933,1.4370944336313722
0,1,1.8320529748249879,1.0932798128681052
0,1,-1.1882650443567644,-0.17406509811147597
0,1,-0.5584986961779915,-0.7521153088260499
1,1,-1.0916148066103935,2.0117730235389173
0,0,-0.08079513301642557,1.8015381219509619
0,0,-0.6545913489996222,1.1804009270331854
0,0,0.388086981113045,2.6589182006877667
1,1,-3.4558289265252418,2.7114362326318955
1,1,0.7993372498438032,3.5612386294011182
1,1,-0.8262443711819536,3.868669305038843
0,0,0.07639212651362626,-2.081901297812541
1,1,-2.236785733352392,-0.515070608496746
0,0,1.013321738924702,3.0456470351255307
1,1,-2.2560967658886355,0.04305537629035339
1,1,-1.5356052468404326,2.375082241672169
0,0,-0.015092817934750199,1.1894167108282954
0,0,-1.2581551237254538,0.7329395572085258
0,1,-0.9905205937359126,0.6759331107800327
1,1,1.8106945090821995,6.107243947784969
0,0,0.19321866547806604,0.046802611953147694
0,0,-0.657697572848934,1.1839267926836474
0,0,-0.8445677688925254,-2.6213795125865724
1,1,0.468070091470579,1.916531599040427
0,0,0.46377054055721245,0.9697407747494129
1,1,-0.6083589604727356,2.4778548041782957
1,1,-2.2695536759986457,1.4363924954481184
1,1,-0.9860044948090767,4.234974877333759
1,0,-2.806283077750928,1.749694320797984
1,1,-1.3766288985582156,2.4090864397247596
1,1,0.23994906644182046,4.7403404601777
0,0,1.0892430639721553,0.933618827335682
0,0,0.9548012029882396,2.1911990199096745
0,0,0.25649593312647184,1.4139399404523616
0,0,0.669646183768241,0.697418647318875
0,0,-1.800671792239555,0.0017810142792227257
0,0,0.3109234693453599,-0.7056490849841143
0,0,-2.077813021603023,2.15794375861159
0,1,-1.3056783216889105,2.190351980821852
0,1,-0.09160589992306206,0.22523578692058815
0,1,1.8676782721194742,0.8956822288244655
1,1,-0.8167932712240421,2.2297418216689344
0,0,-1.163872531595502,0.24645257803879717
1,0,0.3641540969916511,-0.016786021393498107
0,0,0.5439566115507142,0.25748765445555377
0,0,-1.368070388248446,1.7262381925592836
0,0,-0.03642206717868848,1.4161989948124662
1,0,-0.9447717848643027,-1.3058758207508103
1,1,0.5288229126514298,2.3384435241354913
1,0,0.2351286065366415,-0.39677389226393245
0,1,-0.040693806501815276,-0.3886541041250946
0,0,-0.2815074854922084,-0.9735494957984676
1,1,0.2703290471466393,0.8524876025870007
0,0,-1.0184612073201917,1.9366062737748058
1,0,1.5542080774421498,1.5459659209271157
1,1,1.956563966540133,3.903946316204186
0,0,0.7811715771061295,0.8194336924806818
0,0,-1.14473343713555,-0.06649395190433172
0,1,1.6890409699711189,0.5682432944454591
0,0,-1.4719900230816356,2.4670401898508834
1,1,0.6821630900164062,3.3062644813406794
0,1,0.7406260130722467,2.3644678750240598
1,1,0.201820096015718,2.2365186460369335
1,1,0.9721454020172972,3.0692704497940158
0,0,1.4814524501173838,2.0058858512922293
0,1,-1.2156773386115032,-1.0542967520685078
1,1,1.133096660471268,2.256604744348506
1,1,-0.7204464733920037,1.6255409903525093
1,1,-0.026485220430789012,1.5704900996206397
1,1,-1.081066019338374,0.44042365973107445
0,0,-0.3898267726738289,2.391951053454055
1,1,0.00012208919314062215,3.9397877688995666
0,0,-0.48014627765956547,0.8976536246138919
0,0,0.16310067754511812,0.3453509105595456
0,0,-0.3403350026896777,2.0556837457698673
0,0,-0.3372156196669209,-0.34988025809418677
0,0,-0.22553569797673367,0.16261964424124808
1,0,-0.5604123495870887,-0.7859472194827424
1,0,1.4438007851420278,1.057628438517327
1,1,-1.2319648556916412,4.084304626119479
0,0,1.650062359047735,3.0934831454425327
0,1,-0.38968572735579565,1.8650184619984391
0,0,-1.3031178629193658,2.245151044800818
1,1,-1.537460141176423,3.8342153812435633
1,1,-0.5835596974772088,4.05922824625423
1,1,-0.16344312327772414,3.241637272446508
1,1,0.3033236628363778,4.0369437162025745
0,0,1.7335906569460073,2.404248757490542
1,1,-1.3553630055245098,2.5438989669443783
1,0,0.6738268030633487,2.8659574630433067
0,0,0.7426457636690803,4.046566646641742
1,1,-1.0056559487347616,1.487899511707425
0,0,0.446012374608795,0.8276834448893337
1,1,1.5418897288394624,4.1983173654858525
0,0,1.1765883245129178,0.6560119115135381
0,0,-0.673570369281322,0.41866841278547356
0,0,1.410116190533943,0.843534192459076
0,1,0.15904057476908331,2.5557642245284398
0,0,-0.18726932501871488,-0.19542860716745425
1,1,-0.3972209174549084,0.19358395682263074
0,0,0.7925787582380942,2.470327346187049
0,1,-0.007249940929337709,2.001539292079181
1,1,0.5548733450635137,3.4714228932057267
1,1,-0.30571105289807166,4.599498266722023
0,0,-0.10510063434298848,0.4870956996294428
0,0,0.3838968994876157,1.3490298839259829
1,0,0.3489812845241035,0.22764825207919215
0,0,-0.3563632674421232,0.6373083129788696
0,0,-0.00409857974198933,-0.10076898824967051
0,0,-0.4092007525601133,1.9204165395077526
0,0,0.0881736491557301,1.7973281240365129
0,0,-1.3959087523528468,0.016055952379114058
1,1,-0.6184434220671687,5.2131905020476275
1,1,1.07315001580971,4.695874267116698
1,0,0.22042116562884131,-2.3706513896183474
0,1,-0.021616379162201504,1.8315255201927547
1,1,-1.2058179264166535,2.526965310200888
0,0,0.11026689244856369,-0.33652829599271966
0,0,-0.26878671353037586,0.8298693282644829
1,1,-0.5500995494567396,3.782963580547107
1,1,1.4568592790499135,5.711589937204632
0,0,-1.880707285037254,2.8978501375402907
0,0,0.1343820823112659,-3.1865737132040284
1,0,1.0669553779972254,2.964205836132157
0,0,1.0657634798381153,3.472823821333762
1,1,0.5539605532367357,2.694234140607148
1,1,0.20152890666192386,3.4266374177451984
0,0,-0.1937939009170367,0.23601046510193724
0,1,0.31737013329382363,1.9016286441630998
0,1,0.0031753195602010767,0.8661498383526568
0,0,-0.06653386222873127,4.534317995388724
0,0,0.05610044776899276,1.013545441079356
0,0,1.1069119350627197,1.3434642014183624
0,0,-0.0068001032556898565,1.6132582418803767
0,0,-0.7060605308150962,0.5096290207236145
0,0,-1.1179195312769106,0.1732110719301509
1,1,0.23092046295096755,4.410426994210473
0,0,-1.9099400226050554,-0.0708136927776325
1,1,1.0810172105007314,3.246192550030718
0,0,-0.8589284003110758,0.669035797063747
1,1,0.4038445492597592,-0.36172336125606264
1,1,1.361308710556515,1.681094562537266
1,1,0.6498417622886248,3.9279025569777253
0,1,1.470538414227041,3.167431272485087
0,0,2.4402414039723235,3.988808920548542
1,1,0.8682421554568288,-0.5451774758873609
1,1,-1.1576323805021445,2.7229695581613265
1,1,1.5059102289855082,4.388652114187581
1,1,0.4486723083164511,3.2809166438793596
1,0,1.2267343825616197,2.616688150085982
1,1,1.1114601309292562,2.3958736283857327
0,0,-1.0703029031411717,0.22526168258767038
1,1,1.2833193436067107,6.180535506857912
0,0,-0.9368104118616905,-0.7836722455690919
0,1,-0.298424415342732,0.8938664306276958
1,1,-1.505066362963836,2.0789438249205516
0,0,1.4273903471252556,2.9868931644577006
0,1,-0.2709514625009401,0.8159405565157829
1,1,0.3161099691034155,3.0231710223042083
0,0,-1.9501698688031166,-1.1108056322203184
1,1,-0.9460222945773348,1.4791286500225338
1,1,0.6542579563887349,3.657816574725846
0,0,1.1777116048941887,2.411005220388346
0,0,-0.18625114643858787,0.020878768116390667
0,0,-0.975316396824772,0.4588362302222895
1,0,-0.26307756574635305,0.7789795384179844
0,1,-0.0062867998665698316,2.9034253471425835
1,1,0.23755907644402358,7.446627597423813
0,0,-0.20328575187148876,-0.4140036788054804
1,1,1.2295733875579686,2.3490164621538674
1,1,-0.9009694761110782,3.913113930846288
0,0,0.46907596501178145,0.6827711857412879
0,0,0.25320673078423234,3.3912149442239308
1,0,0.8850644452366119,2.1708162054297007
0,0,-1.4389619095932213,-0.9471650862198078
0,0,-0.28785212506257374,1.990169843062594
1,1,0.2493119938403062,1.623579501092393
0,0,0.8425405254829367,2.109205579434181
1,0,0.10919587521694406,0.8351649652643949
1,0,0.8330880860142374,1.382266896771611
0,0,-0.08434690022092349,4.744325501375812
0,1,-0.42692875646908107,1.1865758446078356
1,0,-1.3683731703020638,0.5238469893851102
0,1,0.9444115494690046,2.0937069013729737
0,0,3.2227910139400926,2.4251154841108935
0,0,-1.6530003726849063,-0.8996888801203053
0,0,-0.45974724344115053,0.46613145129165934
1,1,-0.9964479866432413,2.1330551942639935
0,1,0.1848070111485481,1.8521977447867108
0,0,1.9299214695190379,1.2235437232558013
1,1,-0.4158298950860274,3.152558272501115
0,0,1.1950754742242313,0.37140407920443896
0,0,0.0672074392386709,0.649236583976778
0,1,-1.0848415388204073,1.4483146972062353
1,1,-1.0102154226270916,1.0149392709637883
1,1,1.0205829602793697,3.7105061283250573
1,1,-0.33134703763095436,4.182911609426564
0,0,1.4207773325247632,1.4996717500943832
0,0,0.40570283273292584,2.757709052908805
0,0,0.342301485990681,2.066416432612914
0,1,-1.1751144980091528,-1.729388970079492
1,1,-0.38841131209186347,2.2967798098286814
1,0,-1.8739907206837232,0.24225783526347133
0,0,0.4921129682681587,0.9470878955710784
0,0,-0.17108140801503263,-0.02075526098083058
1,0,1.4224783740987244,0.15765212575236243
1,1,-0.6280107553918534,5.079811470016953
1,1,0.23873896110478957,3.894244150663135
0,0,-0.5215045116017246,3.2327570487508686
0,1,0.9067977676877034,-0.6105452012211647
1,1,-1.2239096840488022,3.5481498140659604
0,0,0.02126250875187431,-0.14314556274318707
0,0,-0.4612920120774278,1.6936855926392527
1,0,-2.2393287995499924,-0.4338181207797376
1,1,-0.9359401433142749,1.5883387044487836
0,0,1.2904659892734855,1.19977919881565
0,0,1.0485802052233022,1.3520409897574563
1,1,-0.1603977512458143,3.654818546697463
1,1,1.4867226381850702,1.8175993091027094
0,0,0.4333275249976685,2.566420356414809
1,1,0.7073654324572716,2.750127803975822
0,1,-0.012595427860011343,3.621339096601591
0,0,-0.807530307985626,-1.484255379537354
1,0,-0.11757033390229098,2.3948102706296153
0,0,1.38011552615258,2.7450304125696965
0,0,-0.2881029686064933,-1.230340330782024
1,0,-2.695202717072532,-1.1579891526417383
0,0,0.33006631117724905,3.386677170026411
1,1,-0.5464420848848397,3.847565975060471
0,1,-2.629096594279951,-0.5016370648424509
0,1,-0.326635775537747,2.419654151589291
0,0,-0.33476042129312983,0.7987947916114695
0,0,-0.10645118473766974,3.0501453954166795
1,1,0.4463897872278463,-1.9218261758296484
1,1,-0.3581938484702638,2.8421675351214475
0,0,0.05032383141086179,1.378338001664341
1,1,-0.9251337386173435,2.9364398378896857
0,0,-1.2018159011676113,2.474851135331353
1,1,-0.008544908809528727,3.7351314008806957
1,1,-0.5610503579775126,1.1458919922274065
0,0,-0.6525025560602913,0.9730307990647963
0,0,-0.9525982026250424,-0.32793207128894486
1,0,-0.06355021413830149,0.018895356831422794
1,1,-1.4959063081964588,2.835817159390833
0,0,-0.795080893194557,-1.187101029568618
1,1,-0.9499827770324426,1.5132882129249958
1,1,1.4360429688502696,2.640134644174951
0,1,0.39415327610151146,1.520641097021746
1,1,0.07031867873440618,3.1797310122447464
0,0,1.6964806185256163,-0.45166189254213607
0,0,-1.4945182701164277,0.9360554445295433
0,0,0.34919906439444254,0.7069517687187669
1,1,1.1130947938060611,5.134722607241423
1,1,-0.20537457411531695,3.8440837153949667
0,0,-0.4685959909874489,-0.14216163577710594
0,0,-0.4581172672182834,0.69939945125381
0,1,0.2695428689560978,1.6149536112339358
0,1,0.1884241267572987,2.5092958789187767
1,0,-0.4422034733029054,1.86708867362968
0,1,1.1190470305419196,1.1741955925039538
0,0,1.1644545911356023,4.3193709680277905
1,1,0.6368463434700817,4.101457267681751
0,0,-1.8249970485448443,-0.911213770718386
1,1,0.04578854800599142,2.6978320675996015
0,0,-0.20113160653349998,0.4538226699080259
1,1,-1.2307767875170017,0.23411668335388114
0,0,0.4012560660550644,0.3810354521082286
1,1,-1.1616090384996745,-1.6826448717553575
0,0,0.768055689630776,1.201759774371949
1,1,0.9092868375314404,2.7940892938804303
1,1,-0.1422497942364292,1.895639391939643
0,0,1.573970816675721,2.2165423598182024
0,1,-1.259191257814911,2.7107444897405584
0,1,1.6161209967245702,1.347845133467814
0,1,0.21087443212707965,2.3298386868300067
0,0,-0.20644340431585975,1.7744505323204185
0,1,-0.22880813826061594,2.0106145312856425
1,1,1.5848689794527904,4.438697235749352
1,1,0.05057335385753259,3.8324268886754878
1,1,-0.3284772977247745,1.4728793138518426
0,0,2.2842493907685624,0.9327163543603176
1,1,0.1527675739904167,5.601393052315139
0,0,2.2681500639247876,0.30240460810444936
0,1,-0.163999297786939,1.6940096912866573
0,0,0.5126668402502697,2.881207561419741
0,0,-0.9611156219573181,-0.3868110684024431
1,1,-0.7939101596654728,4.4401662770448755
1,1,-0.16155717131111946,2.1248941494516553
1,1,-1.5861388011227917,3.2729291156437395
0,0,-0.5696517939620009,1.9152709898760851
1,1,-1.0082859010500822,2.1261109941831444
0,0,-0.5246324917231734,0.14191653516570824
1,1,1.000146225357095,4.615950026060527
0,0,-0.2502075594092481,-0.850637379923165
1,0,-0.3920532695251285,1.035699962625981
0,0,-0.966104549967759,0.6466249850581387
1,0,0.4328142828024257,3.0057508239723645
0,1,0.20125735162161804,1.2284258758465716
1,0,1.4261725584022151,1.8094728010441619
1,1,0.41259973164424424,0.27081093934591727
0,0,0.8858590098295639,3.6814723779885767
0,0,0.27785683971239633,0.8740364815304551
0,1,1.5088996805512682,4.511480083545682
0,0,-1.42977906370641,-2.4350802141136962
0,0,0.39537864311638143,-0.919060991498373
0,0,-0.9914038119766957,0.8106327844483994
1,1,-1.5614404217350317,2.158649623972642
1,1,-0.16312152736735985,2.8641208620242695
0,0,-1.0143324874474449,0.8317066901621444
0,0,0.7963689762495374,0.928897339944469
1,1,0.17750492695855852,0.6511214322671083
1,1,-0.7929111699434797,3.8957386619276853
0,0,-0.7748159951933706,-1.6245422999265164
0,0,0.704660088775501,1.5513231610134148
0,0,0.0998684117846614,2.9350531724730518
0,0,1.2160821578906358,2.6319222346517543
0,0,-0.7111319647446509,0.3952481487581499
0,0,2.2796343948749107,3.43743755309894
1,1,-0.7075303041234777,5.1561366148819685
0,0,-2.18536051288804,-0.884258251128025
1,1,0.11434907682597155,4.557289946529002
1,1,1.6510266854442361,6.569658392079755
0,0,-0.7446296328059043,0.9969172008137759
1,1,-1.3514850650914623,4.792115980159843
0,0,-2.2914900043092,2.891556433030071
0,1,-1.217092748003291,2.03840404321595
1,1,-0.27996530028818467,3.8685136297593115
0,0,-0.04075959879570579,-0.46602755240351396
0,0,0.2958588589362655,3.8723608921274737
0,1,1.3654842762813335,2.555463057979918
1,1,-1.0045733849396317,1.4864750034272451
1,1,0.7506591545298787,3.328804290832419
1,1,-0.1717159927759521,-1.5543667914039725
1,1,1.480988106192218,2.536065614502255
0,0,0.27254058980601237,-0.9171040203538516
0,0,0.3514336524233142,3.116711911941595
1,1,0.3253589631085731,1.0328420793955597
1,1,-0.726535408696785,3.7790540608339
1,0,-0.98003615861473,-0.37669263795284263
1,1,-0.04611240455666667,0.7104040119617984
0,0,-1.044396133827,2.1160895108461135
0,0,1.4982041899683172,1.7776957940584774
0,0,-1.4081930467926675,-0.070609324179158
0,0,0.18305234126635372,-0.5161697789038082
1,1,0.22539043097010972,2.7599781517758974
0,0,-0.5462735927950289,2.0798605025858414
0,1,-0.38033198919212513,1.1588667909358175
1,1,0.15860966627131345,4.440196596042911
1,1,0.8876214912103016,3.216018049389181
1,1,0.13149911062835343,2.0684546634089496
1,1,0.32356243639291243,-1.98961161830898
0,0,0.027238371191216155,1.387156793061164
0,0,2.6566512537611833,1.0576739123169414
1,1,-1.2087619855966567,5.744123894121728
0,0,-2.3448774129831755,-1.7065720451673156
1,1,1.383260179110146,3.244916820181384
0,0,1.2024399618036805,0.5823409410794105
0,0,0.3189246971675265,-0.30303205984019943
0,0,-1.4020154118968096,1.1441780288711456
1,1,1.352790348552135,1.1329953039938256
0,0,0.8427392956579703,0.6961396895213017
0,1,0.7025761843068583,5.049728919739691
1,1,1.3113789246115184,2.224767455458095
0,0,-0.5672693411680415,-0.5538641481368136
0,1,-1.0833392291856134,-0.562136634051627
0,0,0.14047302625784477,1.7900575582561635
1,0,-0.13164363457217004,3.2455056549015353
0,0,-0.6781206620513909,0.6088214140601869
0,0,0.08419605932324827,0.43929164527992093
0,0,-1.2275397965839996,4.8209231674846835
1,1,-0.15858755701182037,5.058774481797397
1,1,0.9101485298074702,3.7920427153603065
0,0,-1.448398053763169,-1.6458006628634576
1,0,-0.8877044972116123,0.46437325732855583
0,0,-1.0483860065219115,-0.7321101451128026
0,1,-1.760588379499036,0.6956586177085657
1,1,0.19020489776895227,2.5515934289984328
1,1,-0.23946053821996738,2.7583720853650746
0,0,-1.0861347047613412,-0.3098822415900923
0,0,0.44172457950831323,1.692470252183579
1,0,-0.6545766237155156,1.9326151224492658
1,1,0.030956553511704933,4.010148444462539
0,1,-0.599809738455606,1.5490305616652398
1,1,0.23388816580145266,3.4667227824139983
1,0,0.9379217340480467,2.756176348698316
0,0,-1.3595752237404757,1.466479129627874
1,1,-0.0043340550747229456,2.887847644902616
1,1,-0.418132349576324,3.1146830925951283
0,0,-0.6273070709015898,1.3417008169901028
0,0,-0.24824321992322018,1.0681425889513962
0,0,-0.6283845029619733,-0.1270622982506823
1,1,1.038473848597123,3.1023129813269943
0,0,-0.2877622920658546,-1.0045885997982804
0,0,-0.34466617634141383,0.6660242555992801
0,1,1.5275512985831834,5.574282542964921
1,0,0.567814679219776,2.6737752470909717
0,0,-0.6523229505475043,2.6557663155089877
0,0,-0.41976115913106216,0.7286065692334387
0,0,0.08355902295144156,0.3654719846852698
0,0,-0.35043623169950533,1.573573213181924
0,0,-0.6730064230543868,1.0125898311936596
1,1,-0.23242263516943387,4.140191116628522
1,1,-0.8938887167249772,4.5630720745048325
1,1,1.3964063240000315,0.8649283244588017
1,0,1.1475486072034466,0.7090322199176053
1,1,-0.866106071145863,0.5007053272896688
0,0,0.7681029052609556,4.0646456340794686
0,0,-0.4199142316091012,0.8577191421231785
1,1,-1.18658503062217,3.448714922037481
1,0,-0.2095952385362413,2.4727507115542737
1,0,0.6807580669268681,0.6862518798066217
1,1,1.1962626765012982,2.6939385040956596
0,0,-0.19892404218029233,1.793254908245376
1,0,-0.15697463448615065,1.1566770419855472
1,1,0.7315925265267189,2.9083842879512964
1,0,0.9906302183282215,0.5159169310358234
1,1,-1.688887126485647,4.098879062611106
1,0,1.0984635303632162,2.0478769285686553
1,1,-1.1565503701005473,1.4359702302385644
1,1,0.9978826912138811,3.4481107268538667
0,0,1.4497857289559326,3.8350504418151043
0,0,0.024626627688136397,-2.6490937350975496
1,1,-0.7660611331426953,3.862342873161584
1,1,-0.3547828211462417,0.9483372109784778
1,0,1.1048507678752615,0.77628799363358
0,0,-0.8473318647919388,2.2819867220171504
1,0,-1.7234958395559632,0.7547414024886082
0,0,0.43379072676704133,0.46693208363282157
1,1,-0.04656170912577708,4.550537411931308
0,1,-0.6721385976063835,1.9007779676406633
1,1,0.8696929138023352,4.805988081181333
0,0,0.7976865737465225,2.2386177306208914
0,0,0.03584565928972628,0.8531764586441917
1,1,-0.225898699557813,4.39422157550839
1,1,-0.7737094520056305,2.68999143072055
1,0,-0.21165945163811417,3.4818544990642737
1,0,-2.245243280307427,-2.9088348633427095
1,1,-1.4930800510518065,1.3541532573586164
0,0,-0.7823491223930493,-1.0832626637969416
1,1,0.3201948292163579,2.955228499015523
1,1,-2.1516758666633855,2.1362608327497203
0,1,-0.41207748376250547,2.3581822368265426
0,0,0.7331996593610124,-0.9258186237787085
1,1,-0.07767860366230878,-0.4017282205581746
1,1,-0.8762596382606987,-2.6400001031863267
1,1,1.1376512347052736,4.401451656789272
0,0,0.9142323754767131,0.9612492629891836
1,1,1.0690258562493393,2.2246450117108414
0,1,-0.1525075574384745,0.9532512775585744
1,1,-0.5737489312367238,2.965591056104108
1,1,-1.30838670063195,5.846101017453043
1,1,-0.5003728746720302,2.6940450082667495
0,0,-0.3357734758824787,-1.593020176358193
0,0,-0.04904948243539335,-1.4047792900660978
0,0,1.0617376322334942,1.6601301938864925
1,1,0.15002331532988,4.206630285934553
0,1,0.03926853362904392,-0.05242685575386685
1,1,-1.0549584226418334,-0.37607566255857394
0,0,-0.9499877602824826,2.7699922153931777
1,1,-0.16910509534199772,4.702908795431984
0,0,0.3980481358717998,1.4566519482639126
0,0,0.3884890982898492,1.7743172505178733
0,0,-0.3644163483738487,1.4366694138435365
1,1,-0.36691572627176244,4.49754520712696
1,1,-2.155628080372726,3.3787205569724614
0,1,2.012733954267526,4.059740319759338
1,0,-0.16262421470642455,-0.5054379179745628
1,1,-1.2453691286078628,-0.23527468209995073
1,1,-1.1999419620359315,2.03189468955238
1,1,-0.05489501776576318,4.328707745404836
1,1,-0.648705964643115,2.105430664798121
0,0,0.06789890345650902,2.3564867898927737
0,0,-1.4906462249555108,0.8380218566620015
0,0,-0.18423030347867794,1.6995633999479278
1,1,1.197451991773216,3.456387834345539
0,0,-0.6581189496505842,-0.5248834090380365
1,0,-1.0364005941810128,-1.2141418592951476
1,1,-1.1020063276429648,3.854352683164381
0,0,-0.8573798164644746,1.1942019898244776
0,0,-0.3630834094554217,0.2297605229074028
0,0,1.1131209048889759,0.629027693671057
0,0,0.9813189496152164,1.3479079599985493
1,1,-1.6037715755286979,6.765134406992632
0,1,-0.2813346445570793,0.1660063699928258
1,1,-1.2463683626998592,3.4035925225045087
1,1,-0.28144621400255326,0.8192589200263929
1,1,-0.8677499460329521,-0.9442902594671674
1,1,0.5214680549493786,4.709968899118336
1,1,-0.20817706500532912,3.6611015062649512
0,0,1.1696348048630523,-0.3708099777288366
1,1,0.15493138042628327,2.979375178228287
1,1,1.5463299887306976,6.730293797350365
1,1,0.06578299178483597,1.8242068416207993
0,0,-0.9059407770420014,-0.67329365739517
1,1,1.4932330836538659,3.4070962941664287
0,0,-0.23636938444117525,2.637857005008257
1,1,-1.978223595303275,0.7427711066203853
1,1,0.39106772385964766,3.8523915951640335
0,0,1.1100113905699487,-0.07937942552412869
1,1,-0.847419618503048,1.967134913110025
0,0,-0.28223392102737344,0.7150849043819145
0,0,0.6080064577545369,1.5965221365772675
0,1,-0.0014504358326603998,1.6300909314712737
1,1,-0.02624096831637202,2.2858908505402473
1,1,-1.6399338414598188,4.412288550104158
0,0,-1.1832114857842428,-0.35557450534467583
0,0,-1.4239384208819348,1.0685789806438564
1,1,0.8367085386645687,7.4017590167703755
0,0,0.2174244564274034,0.5876484316820321
0,0,-0.15697279263076322,3.089357139222319
1,1,0.964860854998171,2.7053600731037584
0,1,1.5963792874389082,-0.0449717343925492
1,0,0.1527663793088857,2.295094935351045
0,1,-1.2321160596466856,-0.8282924002856762
0,1,-0.19837584933370647,2.3388477730505426
0,0,-2.2017829269630185,1.827928699158917
0,0,-0.7123988985093573,-1.071087670339761
0,0,-0.13564906343529895,1.7815748130856057
1,1,-1.6900719776576647,5.434594835140889
0,0,0.16371368957830676,2.4550793765043366
1,1,0.7545263337065712,1.336451532691686
1,1,-0.6793676049001101,3.865244261442832
0,0,-0.6274843598971399,1.0828114442045573
1,1,0.7962337236233883,1.4156638547186113
1,1,0.446492771366608,3.9943352405058983
1,1,1.2569085084210967,5.161871547895904
0,0,1.125088744657223,2.7069867005848005
1,1,-1.3766506962804412,0.8635045135437275
0,0,-0.664022784548979,-0.12727230996109573
0,0,-1.1043092115176019,-0.6240650712897895
1,1,-0.31336421909645984,1.669820045053449
0,0,-1.6274248355055203,-0.23999067663287998
0,0,-0.17213802479615353,1.4945868486390292
1,1,-0.3197656999259315,4.92995836039692
0,0,0.6368219997488974,3.649025435036022
1,0,1.4681202323866986,1.4840808936898546
1,1,1.6261908287489932,2.022026729130154
1,1,-2.2755493131115974,2.756976101097095
1,1,0.2102841615540422,-0.3665684295656344
0,0,-0.011203042174522206,-0.15006986458172222
0,1,-1.4530426386185313,2.959501478054114
1,1,1.5086432355394073,2.2410517516658452
0,0,-0.44235401458530826,3.020546668971364
0,0,0.5883216118572487,0.6409731439239504
1,1,1.0486721359365154,2.967279495976089
1,1,-0.2220807109322253,2.057605603391438
1,1,1.640288694182149,2.471426532361882
1,1,-2.0537225989789043,-0.4318230526427991
1,0,1.1996393789056885,0.14076325052135327
0,0,-1.3097746283086356,0.38002234988212874
1,1,0.8742193098355948,1.5595905464906255
1,1,-0.9856544168702698,4.528560044554792
1,1,-0.35002489002761045,1.4875066399641226
1,1,0.8177687326387195,2.2248981931715894
1,1,0.8952029406807019,3.6715460858139446
0,0,1.8214415480926391,3.3248325138923556
0,0,1.5911976979459395,3.3128582336354784
0,0,-0.9384245916525621,-0.524398960210215
0,0,-0.2801507642772105,2.111169267957714
1,1,0.855959091449256,1.378045809751576
1,0,0.19687399899090133,0.6717281766700257
1,0,-0.6574540277716087,-0.09723516080839267
0,0,0.22106930839493155,1.7224244237545903
0,0,0.7934182394259638,1.3707635887513772
1,1,0.9241159656852441,3.2547738714442542
0,0,1.5299035478973753,2.7774529651453643
0,1,-0.7710939167690413,-1.290889368152323
1,1,-0.016315004854236197,-1.7428940261266264
0,0,0.49827779771470665,-0.05714559335834868
1,1,-1.344973055021033,3.4722607234309204
1,1,-0.5957175554892331,3.8016980696876237
0,0,-0.3550955448714349,2.3568965386854366
0,1,-1.1755715170404197,-0.9168720163694308
0,0,-1.3981981440478413,2.524381201333971
0,0,1.2714081049634147,0.1869748409110536
0,0,-1.493966983446244,-0.16896498106074495
1,0,1.0593246630580975,1.3483501353952723
1,1,0.6698354792405024,2.1486012591553996
0,0,-0.816051921346671,4.116500790069274
0,1,0.7765897541513923,0.8852726901464456
0,0,-0.6885611621509362,0.7687625558098132
0,0,-0.35522498908793504,0.6417676156582006
0,0,-0.5441096342551015,0.012578191802845584
0,0,-0.6578544290053733,2.3980500087831387
0,0,1.0223869886935526,3.0206457685866748
0,0,0.17964225691667557,-0.02619302188256356
0,0,0.610311583389541,0.7449574820487628
0,0,0.309640181778455,-0.4852414184234355
0,0,3.1202604877701767,1.8024069382870593
1,1,-1.0365557127695382,1.5636889083304568
1,1,0.5739405793792528,4.258218356326524
0,0,1.6452968197963531,1.6528304708636883
1,0,-0.6275858739373573,2.2022534283738935
0,0,0.023480302297433153,-0.049734585583105784
1,1,1.7006811008165268,4.532488984191351
1,1,2.1445856262217244,5.148376264349839
1,0,1.5897800980979384,0.16178826697992285
1,0,2.3705240177664195,1.3068157699937082
1,1,0.5387218935565866,3.642849480333134
0,0,0.27890104313508396,3.0685386659388056
0,1,1.317875395203076,1.7967101975578308
0,0,1.845094595298681,2.9162326750886463
1,1,-0.5878110727088417,4.8260651873541685
1,0,2.2243277998767077,2.2582338218395392
0,0,0.4082780886192168,2.7508009737657293
0,0,-0.8343120107950275,0.6826937156821605
0,0,1.7479463711226275,2.481112965180461
0,1,-0.06921007956338496,1.3020442133597059
1,0,-0.72392834115996,2.571522996199698
0,0,0.9632809628667389,0.544766891672618
1,0,-0.38577865485896123,1.670735530202618
1,1,-0.8619221621777409,0.5828696431849748
1,1,1.5268086744798652,2.4477482882027966
0,0,-1.23100804884305,1.2148457770232808
0,0,0.08614763428737751,1.6647008678897361
1,1,1.2691935631308495,3.5189800872428405
0,0,0.5302075695304029,1.525492305347219
1,1,-1.0392666332227591,2.8972630855545676
0,0,-0.45231358268372557,2.358168784878548
1,1,-0.6053644336020069,2.0347414500506558
0,0,0.9186055487136922,1.4673959869736775
0,0,-1.1591113697946331,0.20822834712157257
0,1,2.391037725948196,2.466946383564364
0,1,-0.25234144028279837,1.9582639127690162
0,0,-0.06486593110124893,1.1580570950623883
0,0,-1.2844699838394873,2.0368419622112075
1,1,0.318503639657142,1.6817882312915293
1,1,-0.40934679368615934,4.526620242618766
1,1,-0.5648758061897184,0.17595679581603585
0,0,-1.6638055033925394,0.6277147193063062
0,0,1.4938245063350404,-0.03507985487079224
0,1,0.10312686871812665,-0.40428091946224365
1,1,-1.1887956336986547,2.9678483309050794
1,1,-0.6392234807240509,1.5930592353237503
1,1,0.8161088387061464,1.6186894040829438
1,1,-0.0614335857336311,5.210214237397189
0,1,0.45637234166648905,-0.7475878716198627
0,1,-1.1256699170505486,0.11017328017684513
1,0,1.0382932027762695,0.8175737204012159
0,0,-1.592740420025448,-0.37193880945555047
0,0,-0.12111387370860105,2.814286863867713
0,0,-1.8838766154862379,0.7576094570817742
0,0,0.4075884778467876,2.2105676701028423
1,1,0.4682050252219765,2.949089405505206
1,1,-0.03379273941941442,3.977804672167501
1,1,0.5193628179320288,2.5925637919243325
0,0,0.8767146716244073,2.6518595344322184
0,1,-1.096297553779293,3.5598407899914184
1,1,-0.4487255266474027,2.0117184943853905
1,1,-1.0181461519293826,0.7868628097701751
1,1,1.12660327058315,1.6819820641133192
0,0,-2.0682530919547504,0.13439574619808461
1,1,-1.2102305323231677,1.0139019923878032
1,0,-0.7774392727407999,0.8858096198738397
0,0,-0.4777907883085675,0.8596913018623044
1,1,1.396965822626784,2.094972065275752
1,1,-1.0827338709313705,2.902581367354591
1,1,-0.2826546987419315,2.1917261761096296
1,1,0.020095867623319462,2.7469019521063602
1,1,0.6573614500712853,2.1371883461227457
0,0,-0.0976630402183879,-0.2285719325033675
1,1,0.22754681898614176,-0.12251458383840363
1,1,0.02489645109738283,3.2873699429503858
1,1,0.2591034920660337,3.4539859255685177
0,0,0.16971096438155697,0.06343131570972615
1,0,-1.670726135285728,0.5511763138479941
0,0,0.20875432671586838,0.2335761717515369
1,0,-0.16102145933190076,-0.8838251755317996
1,0,-0.25824825386830585,2.2432850062048573
1,1,0.509381802626101,3.2653997310414793
1,0,0.9632304970238754,2.6404175123565126
1,1,1.3838192171364723,6.817064464170258
0,0,0.21871545946489374,2.1173506898125005
1,1,-0.04799995894275841,2.2523816177154132
1,1,0.26312528442067207,2.2668634356214454
0,0,-1.4136898242008664,-0.2221630077881236
0,0,-0.3550252661925766,0.8192121459000182
0,0,-1.1316634484771415,1.838221701669168
1,1,2.0926258888560536,5.000673453936574
0,0,0.9492473840455199,-1.5059318875596748
1,1,0.3541302088936344,0.5427120906078764
0,0,1.388900846025192,3.2138339163602145
1,0,1.2967863817789484,4.2217497803108985
1,0,0.3608281062568853,1.0706092147211983
0,0,1.0774320969955926,2.8450004544326655
1,1,0.4320379269668689,0.40744638886905293
1,1,1.2598668452934272,3.367230523566587
0,0,-0.26618360913043015,1.759709910152525
1,1,0.16504055117104732,4.1642525343061925
1,0,0.4355661338907942,0.6119459424572087
0,0,0.8801671147844492,-0.5880919196674212
1,1,-0.6828077169637952,2.6108962398351734
0,0,0.35563614106817537,2.370317278619006
1,1,-0.7116462580909586,0.15955159016929854
1,1,0.08201895340968936,3.8678753459749844
0,0,-1.8319678252597955,-1.8427116621265864
0,1,-2.2311038377718297,0.9415419365600439
0,0,-0.48376053244610745,-0.19578581696714326
0,0,0.025400409731738877,-1.1840089668608071
1,1,-1.1077744968406364,1.5904872831867822
0,0,2.2146542103091478,5.767260190635726
1,1,-1.0835271970156823,1.357424381415322
1,1,-1.0902341880069295,2.332344390810878
1,1,-0.11204452823677777,5.578172952559809
0,0,-0.5956905731093338,0.3784927522731239
0,0,0.2929733228960874,1.2205670219415043
0,0,-1.0720580991520636,-0.06876060520521399
0,0,0.7412312997267314,3.2464685782787357
1,1,-1.4393920609281434,1.7435805407502953
0,0,-0.7894751963377162,0.7578060981619457
1,0,-0.35543993530627255,2.350091768270105
0,0,-1.1112230607521434,-1.9325687445567192
1,0,0.35076182213806195,0.8547369679976701
1,0,-0.04963512152733954,0.6034541575849098
0,0,0.6139467976758993,2.6241931048314857
1,1,-1.173287058997961,3.308055045931609
0,1,-0.390446517891024,-0.9124114209032861
0,0,-0.20777925019433688,0.6578204405991612
0,0,0.7315524059256614,3.034710915581492
1,1,0.038947112676962714,0.7632144378849139
1,1,0.4567067719970608,3.1820704453392485
0,0,0.5336999903804289,4.102616467427788
1,1,1.2065672232905924,2.1956247394636437
1,1,0.18502922912352152,2.3340324233595084
1,1,-1.8078325235719277,1.767653719221771
0,1,-0.5195656673464868,0.4742901968632393
1,0,1.6571591884737016,2.351968978256832
1,0,-0.38533946212302783,-0.4282395139504164
0,0,0.6549009674490527,2.418341968681762
1,1,1.878715292463844,2.6916014024292974
1,1,-0.2513832485016071,4.200294424580651
1,0,-0.13343723713407843,0.9852306641149059
1,1,-0.5129383011670113,3.855927296562874
1,0,1.2357508181332104,2.683094948936866
0,0,0.11172749243908857,0.32286508852950624
0,0,-0.835860400257777,0.7188977128599932
1,1,-0.476461974615012,3.2668865725624863
1,1,-0.6886998519397356,1.9096455302489317
1,0,-1.3602573012166084,-1.0207675170555257
0,0,0.7203148819743258,0.15414327446764853
0,0,1.1163325717384507,1.426067494935425
0,1,1.7832655561541673,1.70288112054694
1,1,-0.43202507453050415,3.8693030497931447
0,0,1.0405685418560444,2.815429332013675
1,1,2.495409949360301,4.765978934365069
1,0,-2.04258203377837,-0.9086102820063082
1,0,-1.0156786589723048,-1.1697706785458886
1,1,-0.914714619699491,1.4048928322671663
1,1,2.0487071157032894,4.71807769924002
1,1,0.5206047832482491,2.146649840754064
1,0,0.05097776483640276,1.2155040061259164
1,1,-0.18693652667391727,4.608673617295135
1,0,-0.5284519036824223,1.0056126922843356
0,0,-1.0687007561277613,1.6472892651824012
1,1,-0.29402935966609994,2.4725537780405125
1,0,-1.275263638059756,-1.476642985294042
1,1,0.6593308595855003,3.586847812218459
1,1,0.20629786093476324,3.782934550079214
1,1,0.35070405509976166,4.197919533518682
1,0,1.9415819893797277,1.6170406263334176
0,0,1.2311662677399693,3.0273306217533404
1,1,0.7953854747321759,2.7865481993663423
0,0,0.7216912777921947,1.5062031051811753
0,0,-0.1277520134185943,-0.0985410382317502
1,1,1.2582327607214312,2.381618428967179
1,1,0.4141058842485707,0.9310820283656126
1,1,-0.2520039934464973,0.4908100075257815
1,1,0.025906313472926892,3.5013125382821637
1,1,0.4313607767334358,4.326745512779233
1,1,-0.5463587622986478,-0.08512518127965629
1,0,0.9741341711041476,0.907942344969824
1,1,2.7750865950923886,3.0312496483717477
0,0,-1.074207096026235,0.9603547420850261
1,1,-0.5750695538238974,3.0287363590434406
1,1,-0.18421026632234744,2.4217360529830216
1,0,0.19375875119163102,1.4163490564763597
1,1,-0.6786587326718785,2.329034610535983
1,1,1.1773017689690808,3.8501400889973145
1,1,-0.10697549370565416,0.8321517120028588
0,0,1.1018492124497803,2.218234287429683
1,1,0.8551298908168692,2.5419316864890438
0,0,-0.3156490260731533,-1.8611835376280181
0,0,0.5768387082954305,2.4587576335377808
1,0,2.422791692715186,2.5696125408634694
0,1,-0.3185550018284665,1.0953674170209284
0,0,-0.6924601753009078,0.2306180313791439
0,0,2.2351104929572894,1.9453578863759131
0,0,-0.14385356046288647,3.134774744103298
1,1,-0.9197958464967362,0.11397207006071919
0,1,-1.984988196532772,1.8516903569570176
1,1,0.6384784671821129,2.2592502704577093
0,0,0.2742004191711359,0.4926244437821534
0,0,-1.7509712545510026,-0.9500124447244076
0,0,0.23276750601424442,-0.12366173624184218
0,0,-1.8284179714805828,-3.5180938611044192
0,0,0.6493647034222116,1.928026327008039
1,0,1.2755534524014907,2.495735023936666
0,0,0.146764236643644,1.1885314987526798
0,0,1.4781102258831185,2.9343629119847887
0,0,-1.6865464620635078,-1.4585967415165217
0,1,-2.068753370328631,-0.5166192092537278
1,1,0.9871404121160287,2.920229228159572
1,1,-1.536613725394721,-0.6013231619106962
0,0,-0.18092570353462026,0.792887469189119
1,0,1.7922283330977777,1.7494124938409383
0,0,0.6519043413052219,2.1103138558000776
1,0,-0.24560621219707002,2.17230985024009
1,1,-0.20970813081171383,3.348869108911286
0,0,1.1283121194341568,3.330710996151138
0,1,-0.872985166114465,-0.6658282880563617
0,0,0.3037332355009216,2.4519000304667133
1,1,0.12777987954574824,4.881821430646072
0,0,0.23832564527510486,1.7824086866799926
1,1,-0.22574138274617897,1.6822539470417532
1,1,-0.8071944538796934,2.483408897588298
0,0,-1.5117110616602119,2.8356063745416518
1,0,1.00816038218945,2.197872012631259
0,1,-0.3328639759299376,0.3991543035678585
1,0,1.053742638623639,-0.05856835011685946
1,0,0.5747633771100018,1.988311450065507
0,0,-2.2186032415835317,1.3484085062561189
0,0,0.5694625510161557,0.6110334106945394
1,0,-0.32612462630631106,-2.6115623908724173
1,0,0.7751423057184987,-1.1184936937811674
1,1,-1.0516160344411678,3.567965723193206
