unit_id,time,treated_group,treated,y_outcome
1,0,1,0,-0.06853641380449088
1,1,1,0,1.2631889363245725
1,2,1,0,0.6309131180093558
1,3,1,0,1.0314774294292506
1,4,1,0,1.2388107600164573
1,5,1,0,1.136542353342132
1,6,1,0,1.2210185353785834
1,7,1,0,0.7229126512716382
1,8,1,0,1.2972061887940982
1,9,1,0,1.2635865008801703
1,10,1,0,1.5916948622553841
1,11,1,0,0.6214315168343305
1,12,1,0,1.1889169023383714
1,13,1,0,1.8051424385485384
1,14,1,0,2.136337001817944
1,15,1,0,2.062728281864993
1,16,1,0,1.813016350471448
1,17,1,0,2.126934670485018
1,18,1,0,2.3029173512147048
1,19,1,0,1.3618889930218843
1,20,1,0,2.3807440577720724
1,21,1,0,2.501167562681391
1,22,1,0,2.647872373500263
1,23,1,0,3.154146570949333
1,24,1,0,2.6848449234545595
1,25,1,0,3.425832268567957
1,26,1,0,3.485664295262256
1,27,1,0,3.644023697198955
1,28,1,0,3.6805745217700525
1,29,1,0,4.1095643660250785
1,30,1,1,5.968664389713398
1,31,1,1,5.1982780650202125
1,32,1,1,5.062928726016467
1,33,1,1,5.624965462600899
1,34,1,1,6.445699583788183
1,35,1,1,5.7345844940242285
1,36,1,1,5.74059530049788
1,37,1,1,5.684107414656459
1,38,1,1,5.620833473959039
1,39,1,1,5.722882129293128
1,40,1,1,7.416537583523315
1,41,1,1,6.098004877439854
1,42,1,1,6.0146162721011684
1,43,1,1,6.502420935463952
1,44,1,1,7.008966651085342
1,45,1,1,6.3884637755585025
1,46,1,1,6.641141692041801
1,47,1,1,7.015285076519886
1,48,1,1,7.483033105049469
1,49,1,1,6.769020573560351
1,50,1,1,7.454143502671909
1,51,1,1,8.209596215200923
1,52,1,1,7.209690042813644
1,53,1,1,7.235471256944508
1,54,1,1,7.951580701943054
1,55,1,1,8.217668857958213
1,56,1,1,7.887866034830671
1,57,1,1,8.149714850336
1,58,1,1,8.48543259961745
1,59,1,1,8.684280090165146
2,0,1,0,0.1457195212905642
2,1,1,0,-0.1486459168583948
2,2,1,0,0.6065557506081687
2,3,1,0,0.511590177707352
2,4,1,0,1.2711513919731403
2,5,1,0,0.8293296773176653
2,6,1,0,0.973133095802071
2,7,1,0,1.1740018956469924
2,8,1,0,1.4801157669694347
2,9,1,0,1.1962126953941865
2,10,1,0,0.9656815012513495
2,11,1,0,1.2035085094376017
2,12,1,0,1.9215068306499643
2,13,1,0,2.5369593288218004
2,14,1,0,1.6588447904514165
2,15,1,0,2.4358452114131137
2,16,1,0,1.705494284755765
2,17,1,0,2.690152262079894
2,18,1,0,2.3587212941250906
2,19,1,0,2.661153213151891
2,20,1,0,3.3433035089156142
2,21,1,0,3.7955981619467836
2,22,1,0,2.949116334810073
2,23,1,0,2.8034295573367443
2,24,1,0,2.9860363734631714
2,25,1,0,3.631828445340135
2,26,1,0,3.560476566727442
2,27,1,0,3.5573684577996016
2,28,1,0,3.5148938761237503
2,29,1,0,3.9643194326993454
2,30,1,1,5.0277527250160485
2,31,1,1,5.858531508636744
2,32,1,1,5.423769832979167
2,33,1,1,6.285055517067557
2,34,1,1,6.208848687858508
2,35,1,1,6.297060268125277
2,36,1,1,6.2229456469683235
2,37,1,1,5.719784468337224
2,38,1,1,6.714412409963131
2,39,1,1,7.022242282391456
2,40,1,1,6.559650489145492
2,41,1,1,6.232931873695854
2,42,1,1,6.445107321358828
2,43,1,1,6.638760042284517
2,44,1,1,6.718543128554979
2,45,1,1,7.990822423471611
2,46,1,1,7.498430816108275
2,47,1,1,8.020481404990138
2,48,1,1,7.423967483322945
2,49,1,1,8.23127710579591
2,50,1,1,8.23509608013941
2,51,1,1,8.534228449902775
2,52,1,1,7.991018695505474
2,53,1,1,8.323137396676863
2,54,1,1,8.180154618696887
2,55,1,1,8.045129148633608
2,56,1,1,8.323070692539769
2,57,1,1,8.87520333528973
2,58,1,1,8.904174192763486
2,59,1,1,8.835261657857558
3,0,1,0,-0.44903027950744534
3,1,1,0,-0.45423389200882525
3,2,1,0,-0.487323243166028
3,3,1,0,0.03702981542604977
3,4,1,0,-0.22079271177617085
3,5,1,0,-0.1822413246216741
3,6,1,0,0.12927532553307614
3,7,1,0,0.47769341591898484
3,8,1,0,-0.021097700971738742
3,9,1,0,0.3430213057368646
3,10,1,0,0.166212760418264
3,11,1,0,0.8009713551838473
3,12,1,0,0.7781909052352556
3,13,1,0,1.5962593017770965
3,14,1,0,0.7336519350128892
3,15,1,0,1.303799112166043
3,16,1,0,2.115421778424215
3,17,1,0,2.432824973586354
3,18,1,0,0.7610687610968827
3,19,1,0,2.019789077451892
3,20,1,0,1.3589442209877145
3,21,1,0,1.7927637549498425
3,22,1,0,2.489615971938001
3,23,1,0,2.5971205967266457
3,24,1,0,3.4594813636590134
3,25,1,0,2.5125441686631076
3,26,1,0,3.058836032847848
3,27,1,0,3.2157488405202233
3,28,1,0,3.472173442526904
3,29,1,0,3.0597779370335685
3,30,1,1,5.1664927220619825
3,31,1,1,4.345219698218239
3,32,1,1,4.736572938861768
3,33,1,1,5.123346905081725
3,34,1,1,5.595726362875499
3,35,1,1,5.2042669809804805
3,36,1,1,5.701819988331588
3,37,1,1,6.47910552454469
3,38,1,1,5.34988701349722
3,39,1,1,6.105367371969868
3,40,1,1,6.171058402613105
3,41,1,1,5.214964079735892
3,42,1,1,5.831434818613879
3,43,1,1,6.356895816365413
3,44,1,1,6.601095348976832
3,45,1,1,6.229568298547403
3,46,1,1,6.7859420495319
3,47,1,1,7.178483179559952
3,48,1,1,7.316969928430118
3,49,1,1,7.531702965945458
3,50,1,1,7.527511783427648
3,51,1,1,8.20986337332368
3,52,1,1,7.252641864361153
3,53,1,1,8.396219810485217
3,54,1,1,8.473722497653311
3,55,1,1,8.353997603644602
3,56,1,1,8.874005466931619
3,57,1,1,8.205919248890117
3,58,1,1,8.969759342840032
3,59,1,1,9.103195832924598
4,0,1,0,-1.437853764581334
4,1,1,0,-1.6623083612091143
4,2,1,0,-1.4061006060731742
4,3,1,0,-1.3949067307977254
4,4,1,0,-0.6233913468610452
4,5,1,0,-0.5699149785719475
4,6,1,0,-0.2865042922883968
4,7,1,0,-0.27011107539725704
4,8,1,0,-0.8512999514113729
4,9,1,0,-0.5522715723551435
4,10,1,0,-0.22618240850181245
4,11,1,0,0.008304197410859637
4,12,1,0,-0.18241832129055505
4,13,1,0,-0.05507312949922959
4,14,1,0,0.1723079681856818
4,15,1,0,0.6724029751890153
4,16,1,0,0.030848954666536532
4,17,1,0,1.0755615426772653
4,18,1,0,0.5093155585205472
4,19,1,0,0.8427389365960793
4,20,1,0,0.7377383867220081
4,21,1,0,1.1552861949738742
4,22,1,0,1.5077349489796728
4,23,1,0,1.7828603036599828
4,24,1,0,1.130651784769805
4,25,1,0,1.4881438815277988
4,26,1,0,1.8544880072848744
4,27,1,0,1.7073136345506832
4,28,1,0,1.1501936135340376
4,29,1,0,2.52546909709616
4,30,1,1,3.112635313019274
4,31,1,1,3.697623947328161
4,32,1,1,3.3803081007670035
4,33,1,1,4.517103793311989
4,34,1,1,3.4504199947266936
4,35,1,1,4.004625534711408
4,36,1,1,4.481324166053938
4,37,1,1,4.168059209748932
4,38,1,1,3.431322303652607
4,39,1,1,4.218371396061418
4,40,1,1,3.9395429188340083
4,41,1,1,4.691321154415787
4,42,1,1,4.235252318433884
4,43,1,1,4.154854464377253
4,44,1,1,4.680660286261478
4,45,1,1,5.646827744147256
4,46,1,1,5.846300634641841
4,47,1,1,4.961275422832187
4,48,1,1,5.507820853263375
4,49,1,1,5.540237916125822
4,50,1,1,4.922814573457705
4,51,1,1,5.672904356435296
4,52,1,1,5.294107660661023
4,53,1,1,5.9716769541951855
4,54,1,1,6.263365320360757
4,55,1,1,5.955943675314163
4,56,1,1,6.364103252256964
4,57,1,1,6.672410307345439
4,58,1,1,5.8214856806551225
4,59,1,1,6.177485471257267
5,0,1,0,-0.3345728895677725
5,1,1,0,0.05226073603694209
5,2,1,0,-0.11276799317162181
5,3,1,0,-0.22845358018352818
5,4,1,0,0.1358624070801
5,5,1,0,0.31718541635189257
5,6,1,0,-0.22950291941936368
5,7,1,0,0.04995459371951183
5,8,1,0,0.43290545571611927
5,9,1,0,0.1188341102532311
5,10,1,0,0.4875826030785473
5,11,1,0,0.5711378108322195
5,12,1,0,1.3654384257234462
5,13,1,0,0.9039669780806119
5,14,1,0,1.9390448804584128
5,15,1,0,0.8562430969156032
5,16,1,0,1.274043683648674
5,17,1,0,1.4215541741479436
5,18,1,0,1.9063178070452482
5,19,1,0,0.9833435171272421
5,20,1,0,2.1994104375755104
5,21,1,0,2.2484305274802914
5,22,1,0,2.139464712222516
5,23,1,0,2.2528307550966895
5,24,1,0,1.6748918918708573
5,25,1,0,2.486911470413732
5,26,1,0,2.231184797624317
5,27,1,0,2.973979332449346
5,28,1,0,2.546730451103968
5,29,1,0,2.672263273183711
5,30,1,1,4.101978296284869
5,31,1,1,4.437466173521592
5,32,1,1,4.89616588691606
5,33,1,1,5.279615634392368
5,34,1,1,5.029964352298004
5,35,1,1,4.914069388823378
5,36,1,1,5.422999198945234
5,37,1,1,4.893466980917255
5,38,1,1,5.948996518955917
5,39,1,1,5.417041854538566
5,40,1,1,5.161715465931485
5,41,1,1,5.485130450604694
5,42,1,1,5.875025029543981
5,43,1,1,5.900390220606108
5,44,1,1,6.025549391412043
5,45,1,1,6.538549096693908
5,46,1,1,6.0498810877527465
5,47,1,1,6.440229590945827
5,48,1,1,6.317384231777454
5,49,1,1,6.0557250784723164
5,50,1,1,6.351823653317314
5,51,1,1,6.876486883425649
5,52,1,1,6.853291323703765
5,53,1,1,6.8591075622443
5,54,1,1,7.343704862909424
5,55,1,1,6.899937889417098
5,56,1,1,7.16908102243752
5,57,1,1,7.368915740939179
5,58,1,1,8.469208788769095
5,59,1,1,7.412083273684794
6,0,1,0,-1.3949490140404506
6,1,1,0,-0.5574609083326106
6,2,1,0,-0.44725170915996226
6,3,1,0,-0.8063949762253771
6,4,1,0,-1.197043851945987
6,5,1,0,-0.5254143386973273
6,6,1,0,-0.9405684207465772
6,7,1,0,-0.36182175304538283
6,8,1,0,-1.2342078413427915
6,9,1,0,-0.6853042074222374
6,10,1,0,-0.12318790928443557
6,11,1,0,0.10058062373337012
6,12,1,0,-0.35089399026531043
6,13,1,0,-0.4487020783646882
6,14,1,0,0.6413457912908955
6,15,1,0,-0.2582784435512204
6,16,1,0,-0.13505856398053823
6,17,1,0,0.6629992803474472
6,18,1,0,0.16652381767015406
6,19,1,0,0.8192784692066946
6,20,1,0,1.0306008948485779
6,21,1,0,0.8160955316558749
6,22,1,0,0.759495367153995
6,23,1,0,0.7091480556586601
6,24,1,0,0.6026874751844065
6,25,1,0,1.3990975049426035
6,26,1,0,1.5784540812899022
6,27,1,0,1.131320088960584
6,28,1,0,1.008357657092719
6,29,1,0,1.3598598967302375
6,30,1,1,2.9749435979889953
6,31,1,1,2.9626985090658913
6,32,1,1,3.18739128611768
6,33,1,1,3.034826021361583
6,34,1,1,3.2970050004718043
6,35,1,1,4.159122863628344
6,36,1,1,3.4889713407608642
6,37,1,1,3.8806042647975096
6,38,1,1,4.660536315841298
6,39,1,1,4.0940372790145805
6,40,1,1,3.581591228922206
6,41,1,1,3.9470863543231225
6,42,1,1,3.9974150124061545
6,43,1,1,4.750088230749379
6,44,1,1,4.530124634454406
6,45,1,1,4.389446114696662
6,46,1,1,4.399799544171259
6,47,1,1,4.743798553302174
6,48,1,1,5.555244180734314
6,49,1,1,5.293467390048869
6,50,1,1,4.6965273129656016
6,51,1,1,4.69756998721781
6,52,1,1,5.5449289169593765
6,53,1,1,5.083941434465535
6,54,1,1,5.317706563729857
6,55,1,1,5.172723831107172
6,56,1,1,6.531763569006655
6,57,1,1,5.925054553529464
6,58,1,1,5.9097540559670945
6,59,1,1,6.206026953402074
7,0,1,0,-0.5036748146740537
7,1,1,0,0.4111176182294878
7,2,1,0,-0.19675080139887446
7,3,1,0,0.10854779326634977
7,4,1,0,0.47362951777863566
7,5,1,0,0.6944894071674756
7,6,1,0,0.5713617188953254
7,7,1,0,0.6839170791662222
7,8,1,0,0.7501275500294149
7,9,1,0,1.0114314300937106
7,10,1,0,1.6233740822145586
7,11,1,0,0.8292886155640405
7,12,1,0,0.7933148226561029
7,13,1,0,1.5853569783409465
7,14,1,0,1.0907839321537878
7,15,1,0,2.1730282338561975
7,16,1,0,1.5023857967957768
7,17,1,0,1.9417671845200604
7,18,1,0,2.2235515374413737
7,19,1,0,2.135370265200812
7,20,1,0,1.5724225305384254
7,21,1,0,3.0282959150228264
7,22,1,0,2.258606974886709
7,23,1,0,2.444555390436924
7,24,1,0,2.619838201977617
7,25,1,0,2.8101191028192236
7,26,1,0,3.038148375867115
7,27,1,0,2.6363778231761357
7,28,1,0,2.515815126224474
7,29,1,0,2.885347271610165
7,30,1,1,4.524951367176479
7,31,1,1,4.721170357340329
7,32,1,1,4.509272360230539
7,33,1,1,5.199249359992818
7,34,1,1,4.317718415882358
7,35,1,1,4.888888159675603
7,36,1,1,5.082720986080998
7,37,1,1,5.6611888231691605
7,38,1,1,5.827508536037372
7,39,1,1,5.046178284400898
7,40,1,1,5.6867841889225526
7,41,1,1,6.823343471725387
7,42,1,1,5.782644322104777
7,43,1,1,5.473293972903135
7,44,1,1,6.317840121194801
7,45,1,1,7.317399038889787
7,46,1,1,6.545864099534035
7,47,1,1,6.503492404293573
7,48,1,1,6.831151833521132
7,49,1,1,7.153637526183253
7,50,1,1,7.267492918160577
7,51,1,1,7.291574209233309
7,52,1,1,8.081545562998969
7,53,1,1,7.213454845881306
7,54,1,1,7.82550546547529
7,55,1,1,7.791976243611094
7,56,1,1,7.9289096242838095
7,57,1,1,8.092837627565881
7,58,1,1,8.495670919790964
7,59,1,1,8.051490446264228
8,0,1,0,-0.8426921136313994
8,1,1,0,0.05473973465116157
8,2,1,0,-0.16522555764646005
8,3,1,0,0.3971190820009429
8,4,1,0,0.5518473842631537
8,5,1,0,0.4803125084410013
8,6,1,0,0.5608400008474713
8,7,1,0,1.3560044062930094
8,8,1,0,1.384976956839218
8,9,1,0,1.1743075456835548
8,10,1,0,0.5797841681135725
8,11,1,0,1.5849747141228347
8,12,1,0,1.2651103494807596
8,13,1,0,2.074531923055005
8,14,1,0,1.043309111310798
8,15,1,0,1.203003321686584
8,16,1,0,1.7943111166400507
8,17,1,0,1.6455560483991976
8,18,1,0,1.7976526853964383
8,19,1,0,2.1503105883704183
8,20,1,0,1.885271907225409
8,21,1,0,2.18299286237382
8,22,1,0,2.206828999751804
8,23,1,0,1.4990810356957278
8,24,1,0,2.1544386692574067
8,25,1,0,2.5154134763540887
8,26,1,0,2.587581775564854
8,27,1,0,3.077126770225668
8,28,1,0,3.5156531341368504
8,29,1,0,3.002083532970927
8,30,1,1,4.856426136417914
8,31,1,1,4.93484722096559
8,32,1,1,4.454518262245232
8,33,1,1,5.162799895218114
8,34,1,1,4.725725011139522
8,35,1,1,5.2153974481958
8,36,1,1,6.052732952494258
8,37,1,1,5.477372282319308
8,38,1,1,5.4228880632905145
8,39,1,1,5.217165593945936
8,40,1,1,5.657932302849698
8,41,1,1,5.363842412080482
8,42,1,1,6.5753405696659595
8,43,1,1,5.936115993175109
8,44,1,1,6.763499709974715
8,45,1,1,7.0681680374229945
8,46,1,1,5.9133460785089245
8,47,1,1,6.271664507403891
8,48,1,1,6.147236496499625
8,49,1,1,6.56734286234356
8,50,1,1,6.60978173482529
8,51,1,1,6.963121584590237
8,52,1,1,7.54706645122581
8,53,1,1,7.690512095134853
8,54,1,1,8.22488860377753
8,55,1,1,8.001638409423947
8,56,1,1,7.190145916967371
8,57,1,1,8.258904486898293
8,58,1,1,8.310567840349744
8,59,1,1,7.9511383145379515
9,0,1,0,-1.4238750055931577
9,1,1,0,-0.8514933837738454
9,2,1,0,-1.3795308827688197
9,3,1,0,-1.3205945330574336
9,4,1,0,-0.7469534820250994
9,5,1,0,-1.0122193446913381
9,6,1,0,0.06635153653845094
9,7,1,0,-0.2901620737091631
9,8,1,0,0.1788785596178471
9,9,1,0,0.16847346098943447
9,10,1,0,0.4453881779210692
9,11,1,0,0.5537907339296153
9,12,1,0,0.5947238439500713
9,13,1,0,0.5180100786779551
9,14,1,0,2.020234270837664
9,15,1,0,0.7380110306638397
9,16,1,0,1.2225988209189218
9,17,1,0,0.8149687224113528
9,18,1,0,1.6419563174116916
9,19,1,0,2.068011622260715
9,20,1,0,1.203819604940845
9,21,1,0,1.7362072441786367
9,22,1,0,1.849296310126465
9,23,1,0,1.800629401386555
9,24,1,0,2.4634228207408704
9,25,1,0,2.3123505880574116
9,26,1,0,2.481631144234875
9,27,1,0,2.1584653869557524
9,28,1,0,2.3323150607841696
9,29,1,0,2.4547709146721077
9,30,1,1,4.26987198154332
9,31,1,1,4.145857650558293
9,32,1,1,4.728807369522892
9,33,1,1,4.213453818651816
9,34,1,1,4.156639149971612
9,35,1,1,3.911358654147174
9,36,1,1,5.367938289730846
9,37,1,1,5.948675285802931
9,38,1,1,5.459586955608787
9,39,1,1,5.292867675118943
9,40,1,1,4.800730349800777
9,41,1,1,5.314483494979831
9,42,1,1,5.322574244119158
9,43,1,1,6.151027245337543
9,44,1,1,6.185326551154578
9,45,1,1,6.561702230965221
9,46,1,1,5.9560724664788225
9,47,1,1,6.221491141389636
9,48,1,1,5.719404079331065
9,49,1,1,6.383952870295195
9,50,1,1,7.189320220063266
9,51,1,1,6.79981329303954
9,52,1,1,6.522125973338962
9,53,1,1,7.314080429649293
9,54,1,1,7.121408723904722
9,55,1,1,7.563931114291671
9,56,1,1,7.851920928838647
9,57,1,1,6.888725802815722
9,58,1,1,7.8404700650069525
9,59,1,1,8.221423248001798
10,0,1,0,1.379524666460006
10,1,1,0,1.3381656858633422
10,2,1,0,1.0073019175041082
10,3,1,0,1.221859113631694
10,4,1,0,0.6890737328825375
10,5,1,0,1.2725477057195944
10,6,1,0,1.2159529265007023
10,7,1,0,1.6200596344341043
10,8,1,0,0.5085448150489096
10,9,1,0,1.4598381172491912
10,10,1,0,1.672880896995014
10,11,1,0,1.4779835088231528
10,12,1,0,1.653977995979262
10,13,1,0,1.7730747217938176
10,14,1,0,1.7438752246870644
10,15,1,0,1.555478847307473
10,16,1,0,2.1427337458726967
10,17,1,0,2.300555859784432
10,18,1,0,2.6897591114060813
10,19,1,0,2.539676532003554
10,20,1,0,3.167524175133998
10,21,1,0,2.607384710249902
10,22,1,0,2.6540355062503633
10,23,1,0,2.7031001543287987
10,24,1,0,3.2754526407497333
10,25,1,0,2.5496499929657315
10,26,1,0,2.3474955233729924
10,27,1,0,2.4410949460917397
10,28,1,0,3.3126093039008073
10,29,1,0,3.006451267195657
10,30,1,1,4.014429658000532
10,31,1,1,4.3292360080771815
10,32,1,1,5.260342461658571
10,33,1,1,4.400726108447309
10,34,1,1,4.886072483139934
10,35,1,1,5.273519136227441
10,36,1,1,4.766114790108449
10,37,1,1,5.25860804169464
10,38,1,1,5.285146120301405
10,39,1,1,5.5432781337850665
10,40,1,1,5.3824645948584395
10,41,1,1,5.589821307176351
10,42,1,1,5.376949264376744
10,43,1,1,5.357169423407618
10,44,1,1,5.935201979586779
10,45,1,1,6.101209648626943
10,46,1,1,5.68900515807768
10,47,1,1,5.9554225693442655
10,48,1,1,6.87942671193745
10,49,1,1,6.421190936354502
10,50,1,1,6.432575934545926
10,51,1,1,6.078989622364461
10,52,1,1,6.526723165216485
10,53,1,1,6.721950618105351
10,54,1,1,6.2232990889288216
10,55,1,1,6.335232007934468
10,56,1,1,6.681261997803265
10,57,1,1,7.115182561575684
10,58,1,1,6.937172152066916
10,59,1,1,6.577185525894345
11,0,1,0,0.4992456901785344
11,1,1,0,0.8720715098863451
11,2,1,0,0.7612435629117771
11,3,1,0,-0.5938367722513288
11,4,1,0,0.7070080374915161
11,5,1,0,1.0249568248553345
11,6,1,0,0.754888813584532
11,7,1,0,0.5578645360597045
11,8,1,0,0.8777696982749597
11,9,1,0,0.9384844398971817
11,10,1,0,1.0517650199312345
11,11,1,0,1.5610171237586994
11,12,1,0,0.7805768141055034
11,13,1,0,1.2187472757740554
11,14,1,0,1.9213712815369652
11,15,1,0,2.4265890296645347
11,16,1,0,2.127326267072659
11,17,1,0,2.028998365082198
11,18,1,0,1.541860077808857
11,19,1,0,2.25612032442492
11,20,1,0,2.45023143158501
11,21,1,0,2.0430949128688045
11,22,1,0,1.848553751985748
11,23,1,0,2.4943392199075256
11,24,1,0,2.554246755107641
11,25,1,0,3.05845692860603
11,26,1,0,2.859300708948822
11,27,1,0,2.6545396732006115
11,28,1,0,2.879902437022068
11,29,1,0,3.1982187159546855
11,30,1,1,4.899223225990962
11,31,1,1,4.442505449472935
11,32,1,1,5.267885428105602
11,33,1,1,5.568446894703273
11,34,1,1,4.848049338986961
11,35,1,1,6.001164819083147
11,36,1,1,4.999966379053463
11,37,1,1,5.323720526299443
11,38,1,1,4.6911237270919885
11,39,1,1,6.092885815433623
11,40,1,1,6.449574907245885
11,41,1,1,6.095462859892914
11,42,1,1,6.08704188708934
11,43,1,1,5.896692325121798
11,44,1,1,6.425418110526795
11,45,1,1,6.780967865225921
11,46,1,1,6.305290764187287
11,47,1,1,6.601440548812093
11,48,1,1,6.4131980454949185
11,49,1,1,6.729790759817823
11,50,1,1,6.599909308963502
11,51,1,1,7.806231147246891
11,52,1,1,7.4029787407617915
11,53,1,1,6.285799769992323
11,54,1,1,6.651652955006088
11,55,1,1,7.290295367953753
11,56,1,1,7.0709067585128915
11,57,1,1,7.919533636197858
11,58,1,1,7.791044153739677
11,59,1,1,8.346966993978278
12,0,1,0,1.8316211343377815
12,1,1,0,1.322355185554161
12,2,1,0,1.1639097138189867
12,3,1,0,1.8926869915259013
12,4,1,0,1.85992370040472
12,5,1,0,1.4887659312654002
12,6,1,0,2.3964308705537243
12,7,1,0,2.586687235155564
12,8,1,0,3.3172018087903314
12,9,1,0,2.5983123436949276
12,10,1,0,2.183197256249449
12,11,1,0,2.3331657922852553
12,12,1,0,3.1388807889117927
12,13,1,0,2.225809389051827
12,14,1,0,2.6526579071903242
12,15,1,0,2.890103969801264
12,16,1,0,3.6631638715339707
12,17,1,0,3.0085640198920798
12,18,1,0,3.2775786200682497
12,19,1,0,3.663987620064606
12,20,1,0,3.697212918951884
12,21,1,0,4.215058246729819
12,22,1,0,4.6224935138583785
12,23,1,0,4.36292363591501
12,24,1,0,3.9235192157228727
12,25,1,0,4.497696960225273
12,26,1,0,4.566054823987041
12,27,1,0,4.733035380197144
12,28,1,0,4.98220007131229
12,29,1,0,4.366461034027225
12,30,1,1,6.469585187928607
12,31,1,1,6.573937089880506
12,32,1,1,6.256353796019312
12,33,1,1,7.810975781048436
12,34,1,1,6.4910779009948225
12,35,1,1,7.180107827540751
12,36,1,1,6.351793273291721
12,37,1,1,7.082130680585638
12,38,1,1,7.216778620156605
12,39,1,1,7.037405317588112
12,40,1,1,7.937944295536823
12,41,1,1,7.3829940505103435
12,42,1,1,7.878102748537332
12,43,1,1,8.11822753875786
12,44,1,1,8.191785022368938
12,45,1,1,8.215921412005635
12,46,1,1,8.187841628555665
12,47,1,1,8.713709600711722
12,48,1,1,8.655000344308533
12,49,1,1,9.348402126521854
12,50,1,1,8.881445161430118
12,51,1,1,9.456644662768458
12,52,1,1,7.856813233394857
12,53,1,1,8.86320213909867
12,54,1,1,9.365943216389015
12,55,1,1,9.38756562676633
12,56,1,1,9.870723475916288
12,57,1,1,9.881165527593183
12,58,1,1,9.334030323252293
12,59,1,1,10.143357969506074
13,0,1,0,-0.11358609680371626
13,1,1,0,0.07283943924787228
13,2,1,0,-0.10964371836261849
13,3,1,0,0.7830020716539301
13,4,1,0,-0.2963039002730633
13,5,1,0,0.35455294580893226
13,6,1,0,0.43794938110255954
13,7,1,0,0.7186247579791976
13,8,1,0,0.6022485898703384
13,9,1,0,1.514327275751178
13,10,1,0,1.2814682832146351
13,11,1,0,1.6090677013154642
13,12,1,0,1.7503461736274062
13,13,1,0,1.157494959134101
13,14,1,0,1.9506508360400276
13,15,1,0,1.8461204080985665
13,16,1,0,2.039738246319654
13,17,1,0,1.6605493967200042
13,18,1,0,2.6505740094322827
13,19,1,0,1.3955093130428846
13,20,1,0,2.5510370507404776
13,21,1,0,2.26298258675678
13,22,1,0,2.711454152237486
13,23,1,0,3.136086041716788
13,24,1,0,3.10289101150272
13,25,1,0,2.4649792750376935
13,26,1,0,2.9329652083162445
13,27,1,0,3.4330245515977924
13,28,1,0,3.0111755989268607
13,29,1,0,2.7471402465413366
13,30,1,1,4.117223443408304
13,31,1,1,4.388959223199908
13,32,1,1,5.114934608535927
13,33,1,1,4.808304465987904
13,34,1,1,5.401556530767487
13,35,1,1,5.275526469127082
13,36,1,1,5.779605923136944
13,37,1,1,4.78183476187465
13,38,1,1,5.065523302154243
13,39,1,1,5.490566182181151
13,40,1,1,6.373655057644536
13,41,1,1,6.0384554969949615
13,42,1,1,5.948516277009534
13,43,1,1,6.194441272073006
13,44,1,1,6.345763584107198
13,45,1,1,6.312054447558436
13,46,1,1,6.29076029998459
13,47,1,1,5.857735024322491
13,48,1,1,6.864551027649377
13,49,1,1,7.433290835790625
13,50,1,1,6.704749389747456
13,51,1,1,7.292536931178359
13,52,1,1,7.675134729017453
13,53,1,1,7.484019107572423
13,54,1,1,6.778313842893173
13,55,1,1,7.975064782890527
13,56,1,1,7.9830911982567265
13,57,1,1,7.888545576777111
13,58,1,1,7.989024422485435
13,59,1,1,8.67194931268157
14,0,1,0,-0.1379661055567264
14,1,1,0,-0.8087075262555115
14,2,1,0,-0.7890925843963168
14,3,1,0,-0.6572858713355743
14,4,1,0,0.05320205704185227
14,5,1,0,-0.6827117909765977
14,6,1,0,-0.1776833924337613
14,7,1,0,-0.3153548913025524
14,8,1,0,-0.16771090973043434
14,9,1,0,0.726014367377024
14,10,1,0,0.4597923118084333
14,11,1,0,0.782215422744991
14,12,1,0,-0.00023159067969258373
14,13,1,0,0.4373681659344787
14,14,1,0,0.47998182743538964
14,15,1,0,0.9133157379430804
14,16,1,0,1.2540905483295643
14,17,1,0,1.2804892460470465
14,18,1,0,0.3894452799000867
14,19,1,0,1.850739942087092
14,20,1,0,2.2228032385847616
14,21,1,0,1.3533128111287858
14,22,1,0,2.14092612952702
14,23,1,0,3.057463498632787
14,24,1,0,1.9398087292548396
14,25,1,0,1.9792851393501143
14,26,1,0,2.160930605077896
14,27,1,0,2.561910938101306
14,28,1,0,2.8698459175463427
14,29,1,0,3.295673447930792
14,30,1,1,3.610385229282554
14,31,1,1,4.411662906126352
14,32,1,1,4.3020816137769495
14,33,1,1,4.039993069877349
14,34,1,1,3.922292281574057
14,35,1,1,5.399080428579681
14,36,1,1,4.5633160331084826
14,37,1,1,4.4899131241029355
14,38,1,1,4.5286682164768495
14,39,1,1,4.380159275933905
14,40,1,1,5.405423981065349
14,41,1,1,5.343447002667939
14,42,1,1,5.6187781025369175
14,43,1,1,6.400399505265292
14,44,1,1,6.152863083218574
14,45,1,1,6.110967942408242
14,46,1,1,5.74521973265521
14,47,1,1,5.568432051816116
14,48,1,1,6.1868392345627
14,49,1,1,6.889068165035353
14,50,1,1,6.864517349917386
14,51,1,1,7.075475684178357
14,52,1,1,6.567317558842189
14,53,1,1,7.180347378134325
14,54,1,1,7.4257748180453955
14,55,1,1,6.808694814724087
14,56,1,1,7.375833164414406
14,57,1,1,7.340470786328885
14,58,1,1,7.678208299230941
14,59,1,1,7.71568604641183
15,0,1,0,1.7655777670125834
15,1,1,0,1.31677525404402
15,2,1,0,1.008003127751853
15,3,1,0,1.6104094006568463
15,4,1,0,2.39088399424869
15,5,1,0,2.4596394243756814
15,6,1,0,1.9964445651423106
15,7,1,0,2.1088356518634135
15,8,1,0,2.5626166325368973
15,9,1,0,1.7037211777646182
15,10,1,0,3.5748171867690464
15,11,1,0,2.5444006652574567
15,12,1,0,3.460955702251272
15,13,1,0,2.1646374135769957
15,14,1,0,2.7941416446395433
15,15,1,0,3.452554221984535
15,16,1,0,3.562320805395259
15,17,1,0,3.464082321429131
15,18,1,0,3.46673193349737
15,19,1,0,3.6315657623927424
15,20,1,0,3.931002576894619
15,21,1,0,3.7756697485858757
15,22,1,0,3.8917677883592146
15,23,1,0,4.3538781842859615
15,24,1,0,4.5157506949850585
15,25,1,0,4.521237866405998
15,26,1,0,4.248478560346135
15,27,1,0,4.506457437413062
15,28,1,0,4.980826055588493
15,29,1,0,4.868399520933963
15,30,1,1,6.523625171030865
15,31,1,1,6.769744421134645
15,32,1,1,6.411486835903638
15,33,1,1,6.308800107301924
15,34,1,1,7.01050273430061
15,35,1,1,7.050168131471758
15,36,1,1,6.941655777282964
15,37,1,1,6.639026768512848
15,38,1,1,7.274810078341832
15,39,1,1,7.014668623018585
15,40,1,1,7.117501358890562
15,41,1,1,7.586363433514828
15,42,1,1,7.791172013785288
15,43,1,1,7.464330055828333
15,44,1,1,8.29946257180144
15,45,1,1,7.777227081950666
15,46,1,1,8.602937490909738
15,47,1,1,7.7384073330501
15,48,1,1,8.420619966857348
15,49,1,1,8.50266300996397
15,50,1,1,9.445936302864375
15,51,1,1,8.442147472308656
15,52,1,1,8.834722655213197
15,53,1,1,8.909736935973
15,54,1,1,9.392203059847008
15,55,1,1,9.512289776022012
15,56,1,1,10.056253864701569
15,57,1,1,9.220039596009354
15,58,1,1,9.255198754453913
15,59,1,1,9.520347500777756
16,0,1,0,0.11702990888824799
16,1,1,0,-0.2619995762092018
16,2,1,0,0.053571314285306926
16,3,1,0,0.5703983524162615
16,4,1,0,0.9224037891012329
16,5,1,0,0.5575601032223039
16,6,1,0,1.3978563803123298
16,7,1,0,0.6701647886322406
16,8,1,0,2.2169122126585075
16,9,1,0,1.2301840346901556
16,10,1,0,2.1606515509085393
16,11,1,0,1.818356388008665
16,12,1,0,2.126516429972255
16,13,1,0,2.006195375451797
16,14,1,0,1.9841412772339224
16,15,1,0,2.872740007425377
16,16,1,0,2.7559327264427105
16,17,1,0,3.1067936362551545
16,18,1,0,2.2584925371892077
16,19,1,0,3.8166187450515507
16,20,1,0,3.311425272164411
16,21,1,0,4.2284787234459555
16,22,1,0,4.172659173352
16,23,1,0,4.04824760376349
16,24,1,0,4.95503484688578
16,25,1,0,4.721118664151594
16,26,1,0,4.468984748386158
16,27,1,0,4.422934903567713
16,28,1,0,5.015375839144404
16,29,1,0,5.171444080150553
16,30,1,1,6.679606334766247
16,31,1,1,6.671353317996031
16,32,1,1,6.7692881097127655
16,33,1,1,6.834471189194942
16,34,1,1,7.246652157767194
16,35,1,1,7.938531358247386
16,36,1,1,7.738880176196587
16,37,1,1,7.227585647120926
16,38,1,1,7.299837631910525
16,39,1,1,7.992732376210182
16,40,1,1,8.756770662049886
16,41,1,1,8.835523046677073
16,42,1,1,8.38870560183581
16,43,1,1,9.114883833396725
16,44,1,1,8.950903826594717
16,45,1,1,9.368245426033809
16,46,1,1,8.88904082353557
16,47,1,1,9.231153071055118
16,48,1,1,9.991339831610237
16,49,1,1,9.244106334254859
16,50,1,1,10.71394387658183
16,51,1,1,10.80621405182025
16,52,1,1,10.746038544962195
16,53,1,1,10.51141928347337
16,54,1,1,11.158621603861958
16,55,1,1,10.84030115774369
16,56,1,1,11.557237404852328
16,57,1,1,11.770268692465969
16,58,1,1,11.097498375123166
16,59,1,1,11.236024201249206
17,0,1,0,-1.7171370082889037
17,1,1,0,-1.2623834746010318
17,2,1,0,-1.4103814362475973
17,3,1,0,-1.5785821201823056
17,4,1,0,-0.6401641495850738
17,5,1,0,-0.7291304565356336
17,6,1,0,-0.8752069665290602
17,7,1,0,-0.8596327535777663
17,8,1,0,-1.038428498230049
17,9,1,0,-1.0613224588198724
17,10,1,0,-0.7254685401015387
17,11,1,0,-0.8384829513076263
17,12,1,0,0.22435418963966747
17,13,1,0,0.13071995020404906
17,14,1,0,-0.015544620028802442
17,15,1,0,0.4746272043243599
17,16,1,0,-0.0016168001923364539
17,17,1,0,0.4094144555089161
17,18,1,0,0.6235494370886429
17,19,1,0,1.1828736981357841
17,20,1,0,0.8592901599664806
17,21,1,0,0.8097938485425555
17,22,1,0,1.0516336016548327
17,23,1,0,1.166311796649469
17,24,1,0,1.4570874101007032
17,25,1,0,0.5614931139201693
17,26,1,0,1.8903237571164047
17,27,1,0,1.5035376985606814
17,28,1,0,1.5195259533807302
17,29,1,0,1.930231369302742
17,30,1,1,3.971134089652895
17,31,1,1,2.595310105317677
17,32,1,1,4.39479147055809
17,33,1,1,3.162906542777243
17,34,1,1,3.786350004982505
17,35,1,1,3.9876860105783134
17,36,1,1,4.045550540158359
17,37,1,1,4.024184250622067
17,38,1,1,4.02772156870485
17,39,1,1,3.2501254607026664
17,40,1,1,4.133272602369443
17,41,1,1,4.17052887467049
17,42,1,1,4.379729813202448
17,43,1,1,4.479209339260013
17,44,1,1,4.911452820303122
17,45,1,1,5.145393012592001
17,46,1,1,4.209230495870338
17,47,1,1,4.2672727211739705
17,48,1,1,5.1408152627598085
17,49,1,1,5.180433119612452
17,50,1,1,5.394510517240166
17,51,1,1,4.967820879909453
17,52,1,1,6.058661220522213
17,53,1,1,5.990128039109349
17,54,1,1,6.378198901339607
17,55,1,1,5.747183740100284
17,56,1,1,5.236157393936857
17,57,1,1,5.783735312691446
17,58,1,1,6.2657129216288086
17,59,1,1,5.881238574700991
18,0,1,0,-1.069061292837561
18,1,1,0,-0.9233736312210722
18,2,1,0,-0.7177005209273909
18,3,1,0,-0.5908520931092647
18,4,1,0,-0.759525445642198
18,5,1,0,-0.5379356037481804
18,6,1,0,-1.1562498483485943
18,7,1,0,-0.40385412372817237
18,8,1,0,-0.4861691084038516
18,9,1,0,0.06871583165160831
18,10,1,0,0.28517662250244014
18,11,1,0,0.10109785488986031
18,12,1,0,0.8435116338218179
18,13,1,0,0.7641702018176694
18,14,1,0,0.9096877418499252
18,15,1,0,1.3561886333861777
18,16,1,0,1.5871161530829347
18,17,1,0,1.3754263840531287
18,18,1,0,1.6015122761330451
18,19,1,0,1.226487458995214
18,20,1,0,2.019421925936056
18,21,1,0,1.9353642833603861
18,22,1,0,1.8495543599430373
18,23,1,0,1.6692763211323811
18,24,1,0,2.257502724138203
18,25,1,0,2.6079957445764697
18,26,1,0,2.7640768108415523
18,27,1,0,2.2499583004255674
18,28,1,0,2.8259763409792664
18,29,1,0,3.342094756155305
18,30,1,1,4.478941209130163
18,31,1,1,4.744736164057477
18,32,1,1,5.2234099617449985
18,33,1,1,6.093881541564651
18,34,1,1,4.467736401893816
18,35,1,1,5.401154545896736
18,36,1,1,5.410160421412783
18,37,1,1,5.408532476291459
18,38,1,1,5.938073800800259
18,39,1,1,5.739492170364638
18,40,1,1,6.508331117954384
18,41,1,1,6.419728081983115
18,42,1,1,6.570617421111113
18,43,1,1,6.483677389881798
18,44,1,1,6.138182842571101
18,45,1,1,5.817650521702856
18,46,1,1,7.168734920338935
18,47,1,1,6.415162146836739
18,48,1,1,7.544769403290941
18,49,1,1,7.375157160016105
18,50,1,1,7.7802343159881
18,51,1,1,7.467182327166581
18,52,1,1,6.8299556873410765
18,53,1,1,7.379536183968494
18,54,1,1,7.83777003801997
18,55,1,1,7.862124213246567
18,56,1,1,8.402421566269979
18,57,1,1,8.674640318751688
18,58,1,1,7.932478276169038
18,59,1,1,8.344793559775791
19,0,1,0,-1.4275209307386518
19,1,1,0,-0.51075352382841
19,2,1,0,-1.3072493134402576
19,3,1,0,-0.5455291267951287
19,4,1,0,-0.5841446267621937
19,5,1,0,0.5651847661885008
19,6,1,0,-0.13853144966435388
19,7,1,0,0.5558638913172892
19,8,1,0,0.1381455464352751
19,9,1,0,0.7079557983850242
19,10,1,0,0.5813285839196616
19,11,1,0,0.6144438117350249
19,12,1,0,0.6981538534526286
19,13,1,0,0.6976176457189489
19,14,1,0,1.2253103539372967
19,15,1,0,1.8935723829546323
19,16,1,0,0.5762146510010909
19,17,1,0,2.22999401395503
19,18,1,0,1.6879817223011522
19,19,1,0,2.2865958172980845
19,20,1,0,1.9923701287795008
19,21,1,0,2.2008609665916246
19,22,1,0,1.7138018208297194
19,23,1,0,2.2560871914055785
19,24,1,0,2.4516398039625247
19,25,1,0,3.0002608123886474
19,26,1,0,2.6718627096569545
19,27,1,0,2.8840045389976603
19,28,1,0,3.4036574646870723
19,29,1,0,3.5630959080515043
19,30,1,1,4.598766307463036
19,31,1,1,4.6247197246304745
19,32,1,1,5.512398337188364
19,33,1,1,5.983470952875353
19,34,1,1,5.8956783806257995
19,35,1,1,5.963253107246659
19,36,1,1,6.246134476539659
19,37,1,1,5.418097955300835
19,38,1,1,6.364511082159198
19,39,1,1,6.3820401408257235
19,40,1,1,6.737595181178189
19,41,1,1,6.470081109584735
19,42,1,1,6.488008922735647
19,43,1,1,7.238135780245887
19,44,1,1,7.039119679741783
19,45,1,1,7.371756524654666
19,46,1,1,7.933302593203008
19,47,1,1,8.053824149258475
19,48,1,1,8.181155537501416
19,49,1,1,7.371121240462043
19,50,1,1,8.5856170547591
19,51,1,1,8.731185981266098
19,52,1,1,9.261259700450864
19,53,1,1,9.099649633057338
19,54,1,1,8.079678302632045
19,55,1,1,10.084705842895996
19,56,1,1,9.426997295638142
19,57,1,1,8.96468517084441
19,58,1,1,8.906956498105846
19,59,1,1,9.216949522512977
20,0,1,0,-0.5593943136141782
20,1,1,0,-0.03198657935549798
20,2,1,0,-0.6469639027665838
20,3,1,0,-0.27675000542392814
20,4,1,0,-1.085395277183241
20,5,1,0,-0.26398348200580185
20,6,1,0,-0.46175569276376227
20,7,1,0,0.28271900751068296
20,8,1,0,-0.3154989608879992
20,9,1,0,-0.04260732627470315
20,10,1,0,0.4811230173043084
20,11,1,0,0.6600511027314675
20,12,1,0,1.0500665876087059
20,13,1,0,0.828863103661519
20,14,1,0,1.0463616951568857
20,15,1,0,1.2605768546769296
20,16,1,0,1.6328018263437745
20,17,1,0,1.9251148400634608
20,18,1,0,0.9839021155963672
20,19,1,0,1.4932696893107789
20,20,1,0,1.8960186182233991
20,21,1,0,1.53862619223251
20,22,1,0,2.101232506594827
20,23,1,0,1.9297805674477564
20,24,1,0,2.1829563673842642
20,25,1,0,3.071002085210365
20,26,1,0,2.33212915093063
20,27,1,0,2.8674886338958134
20,28,1,0,2.168175748586174
20,29,1,0,2.7872618756727503
20,30,1,1,4.377029142969402
20,31,1,1,4.529116363681806
20,32,1,1,3.749371428930255
20,33,1,1,5.28825675435272
20,34,1,1,4.286709352095736
20,35,1,1,4.498778115757497
20,36,1,1,5.0902095295823395
20,37,1,1,5.446041769255823
20,38,1,1,4.8236310707042485
20,39,1,1,5.449185285216055
20,40,1,1,5.7930238146331785
20,41,1,1,5.80006607271624
20,42,1,1,5.833239023295614
20,43,1,1,6.83136757533883
20,44,1,1,5.851563016086029
20,45,1,1,6.296068155443167
20,46,1,1,5.805831534045421
20,47,1,1,5.991952576412878
20,48,1,1,5.64702710493787
20,49,1,1,6.797168328793217
20,50,1,1,6.654998626420667
20,51,1,1,7.01114776612919
20,52,1,1,7.333262326120532
20,53,1,1,6.975679112907109
20,54,1,1,7.823933904825428
20,55,1,1,7.565873949202389
20,56,1,1,8.021563723490564
20,57,1,1,7.765652169215572
20,58,1,1,7.777337410939306
20,59,1,1,8.387365014010742
21,0,1,0,0.3777776740973948
21,1,1,0,0.3892231727634192
21,2,1,0,0.6941386793591173
21,3,1,0,0.6652060966383008
21,4,1,0,1.6243713445546288
21,5,1,0,1.2180771187717754
21,6,1,0,1.148907469723347
21,7,1,0,0.9500015137045298
21,8,1,0,1.9916342707712866
21,9,1,0,1.2158429055134001
21,10,1,0,1.4782334471182297
21,11,1,0,1.7164788776712787
21,12,1,0,1.7801874928234187
21,13,1,0,1.8732884561337284
21,14,1,0,1.6233941235657465
21,15,1,0,1.885160989730366
21,16,1,0,2.6413714271975186
21,17,1,0,2.5054384248697117
21,18,1,0,2.2174307389269483
21,19,1,0,2.96249386406558
21,20,1,0,2.6306194893494945
21,21,1,0,3.192089256259901
21,22,1,0,2.94928413030681
21,23,1,0,3.1206516514663925
21,24,1,0,3.297071982646187
21,25,1,0,3.5148180738398045
21,26,1,0,3.551074114798508
21,27,1,0,3.7001902068210386
21,28,1,0,4.231468185533266
21,29,1,0,4.68242451107853
21,30,1,1,5.268801585200948
21,31,1,1,5.169206575333515
21,32,1,1,5.868785969903181
21,33,1,1,5.4082933001793485
21,34,1,1,6.003361673857437
21,35,1,1,5.9172608657413726
21,36,1,1,6.388615141768682
21,37,1,1,5.967968392124735
21,38,1,1,6.39737106070813
21,39,1,1,6.254131474244437
21,40,1,1,6.609656809371376
21,41,1,1,6.878069236850298
21,42,1,1,6.975204793102426
21,43,1,1,6.582030419664486
21,44,1,1,7.04377672812749
21,45,1,1,5.967989731484646
21,46,1,1,7.029480005008335
21,47,1,1,7.65573375568551
21,48,1,1,7.108068159869008
21,49,1,1,7.915550625462409
21,50,1,1,7.566721727143362
21,51,1,1,7.383672512209742
21,52,1,1,8.058853888448429
21,53,1,1,7.640809470931954
21,54,1,1,7.6475874391787055
21,55,1,1,8.12174227464035
21,56,1,1,8.31396090924435
21,57,1,1,8.62423311682274
21,58,1,1,8.211837416094628
21,59,1,1,9.036366798648388
22,0,1,0,-1.6513406306206995
22,1,1,0,-1.6156598287313193
22,2,1,0,-0.8768248319359586
22,3,1,0,-1.71676062047037
22,4,1,0,-0.7374824204297691
22,5,1,0,-0.3271301122150543
22,6,1,0,-0.9354990729739623
22,7,1,0,-1.3042786744457593
22,8,1,0,-0.6761341052816444
22,9,1,0,-0.4054773527343044
22,10,1,0,-0.265199885087313
22,11,1,0,-0.25737734173872184
22,12,1,0,-0.34742053982761506
22,13,1,0,0.5812259616493778
22,14,1,0,0.6563249750143747
22,15,1,0,0.6065059664727646
22,16,1,0,0.8439758619195508
22,17,1,0,0.9559772557725282
22,18,1,0,0.6682798878154398
22,19,1,0,0.7458525256305311
22,20,1,0,1.4290178985930673
22,21,1,0,0.8142497593408196
22,22,1,0,0.5204961221181093
22,23,1,0,0.4868815499296346
22,24,1,0,1.8942952691127561
22,25,1,0,1.6004054000852324
22,26,1,0,1.2797881379959932
22,27,1,0,1.933645190691498
22,28,1,0,1.3822321973671294
22,29,1,0,2.163580888352989
22,30,1,1,3.153153626202506
22,31,1,1,3.015206551910889
22,32,1,1,3.6056523651367396
22,33,1,1,3.9920845048655274
22,34,1,1,3.3750565408316224
22,35,1,1,4.15969477721665
22,36,1,1,4.825228734716896
22,37,1,1,4.866567308252694
22,38,1,1,4.3691598055382475
22,39,1,1,5.1918510425360616
22,40,1,1,5.09201598086786
22,41,1,1,4.50657027932338
22,42,1,1,4.43105532404036
22,43,1,1,5.585766673981148
22,44,1,1,4.964846825913645
22,45,1,1,4.743078979224723
22,46,1,1,5.596057697135343
22,47,1,1,5.892830496591573
22,48,1,1,5.866907712679259
22,49,1,1,5.77490030528333
22,50,1,1,6.098706446347194
22,51,1,1,5.820861149978212
22,52,1,1,6.00138507958345
22,53,1,1,6.610090683308307
22,54,1,1,6.775899797324234
22,55,1,1,6.304412081392618
22,56,1,1,7.316958027758503
22,57,1,1,6.997722771488647
22,58,1,1,7.242011450531235
22,59,1,1,6.932760637152661
23,0,1,0,-0.6785732625501022
23,1,1,0,-1.1681208984280675
23,2,1,0,-0.24094469477096678
23,3,1,0,-0.5516507564057955
23,4,1,0,-0.2168360017834687
23,5,1,0,0.39997190584416353
23,6,1,0,-0.18144981409714794
23,7,1,0,0.004004662297804745
23,8,1,0,0.5036339006484681
23,9,1,0,0.4886507131588893
23,10,1,0,0.20513588188535636
23,11,1,0,0.000442558051685471
23,12,1,0,1.5884537824783804
23,13,1,0,0.7075993978353498
23,14,1,0,1.0746988223484628
23,15,1,0,1.3089370960587896
23,16,1,0,1.6594737500446712
23,17,1,0,1.2468456659284248
23,18,1,0,1.6686380759007289
23,19,1,0,1.7152291208293091
23,20,1,0,2.022246192692184
23,21,1,0,2.209162425787225
23,22,1,0,2.3619589406136425
23,23,1,0,2.2557673361312887
23,24,1,0,2.3389149368322477
23,25,1,0,2.843298527964062
23,26,1,0,2.8058656263074906
23,27,1,0,3.430489504169547
23,28,1,0,2.6059818126954455
23,29,1,0,3.7808887208334157
23,30,1,1,4.002995243606976
23,31,1,1,4.304147737014452
23,32,1,1,4.738202254305747
23,33,1,1,5.355576289828914
23,34,1,1,4.825495051161489
23,35,1,1,5.947028228113524
23,36,1,1,4.852572639251307
23,37,1,1,4.863066583905307
23,38,1,1,6.135289723795129
23,39,1,1,4.608077612508817
23,40,1,1,5.929600047658811
23,41,1,1,6.211470111145401
23,42,1,1,5.924442899527957
23,43,1,1,6.743121917814733
23,44,1,1,6.991207481672419
23,45,1,1,6.305756473786783
23,46,1,1,6.369294596921689
23,47,1,1,7.230976826184957
23,48,1,1,6.802924035326788
23,49,1,1,6.685464513603913
23,50,1,1,7.782879661635079
23,51,1,1,7.6254172119394426
23,52,1,1,8.15693570879185
23,53,1,1,7.900543407451792
23,54,1,1,7.743146472616397
23,55,1,1,8.317996184466871
23,56,1,1,8.517231786023833
23,57,1,1,8.341052591704232
23,58,1,1,8.973867057424904
23,59,1,1,8.7322532823188
24,0,1,0,0.3866662840974137
24,1,1,0,0.1799360914016539
24,2,1,0,0.7494421224657717
24,3,1,0,0.45213602108903883
24,4,1,0,1.1251846412507873
24,5,1,0,0.8062927504102678
24,6,1,0,1.1518133278850817
24,7,1,0,1.2335704242976144
24,8,1,0,1.2788754885463178
24,9,1,0,1.7798537200688447
24,10,1,0,1.1641796853884645
24,11,1,0,1.685781189645987
24,12,1,0,2.1579000390507597
24,13,1,0,1.509354299651704
24,14,1,0,1.518665991207321
24,15,1,0,2.1335122221496072
24,16,1,0,2.136859638838138
24,17,1,0,1.0306954135616204
24,18,1,0,1.7081881645178045
24,19,1,0,1.894879171923129
24,20,1,0,2.4696468916600507
24,21,1,0,2.763479437368547
24,22,1,0,2.3154370396324464
24,23,1,0,2.372234241065393
24,24,1,0,2.6293186217246034
24,25,1,0,2.7206312734643703
24,26,1,0,3.0723304413139507
24,27,1,0,2.8135364289838263
24,28,1,0,3.7463055125983042
24,29,1,0,4.103650330279443
24,30,1,1,5.362591295315104
24,31,1,1,4.324388779550166
24,32,1,1,5.34088588332393
24,33,1,1,6.039746622707369
24,34,1,1,5.72608117628238
24,35,1,1,6.226633361226428
24,36,1,1,6.273138266574955
24,37,1,1,5.534548623408307
24,38,1,1,6.7686330730235
24,39,1,1,6.233744188091036
24,40,1,1,6.132793564614099
24,41,1,1,6.362318739228897
24,42,1,1,6.476727441089579
24,43,1,1,6.365111155107163
24,44,1,1,6.734902877405267
24,45,1,1,7.5952178914429425
24,46,1,1,6.948075345539525
24,47,1,1,7.327692848517497
24,48,1,1,7.326216646707326
24,49,1,1,7.0179448066237615
24,50,1,1,7.659337577465465
24,51,1,1,7.219177218067436
24,52,1,1,7.374266946639855
24,53,1,1,7.9991466183866216
24,54,1,1,7.485966250686118
24,55,1,1,7.686903474355221
24,56,1,1,7.708183187776497
24,57,1,1,7.992181447767464
24,58,1,1,9.07125751399326
24,59,1,1,8.351356662866188
25,0,1,0,-1.2463642583257106
25,1,1,0,-0.6617130260875503
25,2,1,0,-1.2364529770710018
25,3,1,0,-0.8701354254597993
25,4,1,0,-0.23410426956031066
25,5,1,0,0.0409333904056442
25,6,1,0,-0.4028423200598131
25,7,1,0,-0.6833063137543056
25,8,1,0,0.16569756570919905
25,9,1,0,0.4092383295016625
25,10,1,0,0.1446826005467778
25,11,1,0,0.4475118101828046
25,12,1,0,0.6657512160432602
25,13,1,0,1.390248805429903
25,14,1,0,0.6438943847463987
25,15,1,0,0.6681204559792405
25,16,1,0,0.5620089477508826
25,17,1,0,1.4098496371909597
25,18,1,0,0.9276349741183983
25,19,1,0,0.4939267928768448
25,20,1,0,1.1282204842494128
25,21,1,0,1.7529785916978298
25,22,1,0,0.9446074978492012
25,23,1,0,1.4622662074634936
25,24,1,0,2.2369240946600737
25,25,1,0,2.2571713140461567
25,26,1,0,2.2319156800830577
25,27,1,0,2.285258863148389
25,28,1,0,2.5475228486614743
25,29,1,0,2.8161890222004757
25,30,1,1,3.303952074959802
25,31,1,1,3.6374470193965642
25,32,1,1,4.007459695976552
25,33,1,1,4.3961553840721965
25,34,1,1,3.5879425391233775
25,35,1,1,4.673184756002273
25,36,1,1,4.793371101787193
25,37,1,1,4.365454081806934
25,38,1,1,3.838909675936987
25,39,1,1,4.856712217487319
25,40,1,1,5.320356333685533
25,41,1,1,5.38739757605679
25,42,1,1,5.8741452403183505
25,43,1,1,5.062053501234265
25,44,1,1,5.425948837628445
25,45,1,1,5.753546327471383
25,46,1,1,5.5200041472603765
25,47,1,1,5.385409149953581
25,48,1,1,5.909935770167197
25,49,1,1,5.389820524407517
25,50,1,1,6.036212324718477
25,51,1,1,6.697785403779479
25,52,1,1,6.578267626902733
25,53,1,1,6.365974671418385
25,54,1,1,6.509981517259135
25,55,1,1,6.38547701287095
25,56,1,1,6.954142788846015
25,57,1,1,6.7613360645356675
25,58,1,1,7.215684411790253
25,59,1,1,7.2023672250199215
26,0,1,0,1.5892148633790284
26,1,1,0,1.9873210216115362
26,2,1,0,1.5369418469036693
26,3,1,0,1.5042103604293118
26,4,1,0,2.0214184574237564
26,5,1,0,1.1544503110216935
26,6,1,0,2.7142454846215247
26,7,1,0,1.948552855274916
26,8,1,0,2.406089683750461
26,9,1,0,2.7495845130749164
26,10,1,0,2.3620474825600026
26,11,1,0,2.3940943848868015
26,12,1,0,2.7796286090117626
26,13,1,0,2.312771170998002
26,14,1,0,2.7935794561334415
26,15,1,0,3.2116674577119952
26,16,1,0,3.613020248540373
26,17,1,0,3.428713839606484
26,18,1,0,3.010046153631316
26,19,1,0,3.580880946580912
26,20,1,0,3.571870058441726
26,21,1,0,4.624787401203192
26,22,1,0,3.62740177958547
26,23,1,0,3.448302836301551
26,24,1,0,3.8808641137869992
26,25,1,0,3.871399895327968
26,26,1,0,3.9939901309217807
26,27,1,0,4.666729791195706
26,28,1,0,3.905004731594313
26,29,1,0,4.474336149121675
26,30,1,1,5.539424793260386
26,31,1,1,6.583464339182623
26,32,1,1,5.53534359041287
26,33,1,1,6.296920949513716
26,34,1,1,6.215030269724487
26,35,1,1,6.563856149420376
26,36,1,1,6.218991903417285
26,37,1,1,6.951309840444182
26,38,1,1,6.7819294739002824
26,39,1,1,6.9635575342025255
26,40,1,1,6.282424319227822
26,41,1,1,7.325751713067188
26,42,1,1,7.68916083239573
26,43,1,1,7.0435472910498795
26,44,1,1,7.521465423174119
26,45,1,1,6.995965200928037
26,46,1,1,7.35460715829621
26,47,1,1,7.3062850855259
26,48,1,1,7.5279964715745
26,49,1,1,7.610660454113194
26,50,1,1,7.465901377205309
26,51,1,1,7.776001650921851
26,52,1,1,8.242415492110968
26,53,1,1,8.386715034166071
26,54,1,1,8.850035248499399
26,55,1,1,8.179001823821052
26,56,1,1,9.033854628413422
26,57,1,1,8.710740538652422
26,58,1,1,9.06514233310721
26,59,1,1,8.81458914174641
27,0,1,0,-1.6695065383572616
27,1,1,0,-1.0424206752533554
27,2,1,0,-1.1722174386414355
27,3,1,0,-1.688229863716384
27,4,1,0,-1.8740636923863692
27,5,1,0,-0.3776269198516855
27,6,1,0,-0.4144522553054904
27,7,1,0,-0.9107566887828709
27,8,1,0,-0.02681681436324823
27,9,1,0,-0.6825099909189176
27,10,1,0,-0.7725461406356027
27,11,1,0,0.13266257246924112
27,12,1,0,0.5740457103764691
27,13,1,0,-0.020111741635987196
27,14,1,0,0.11705511699423801
27,15,1,0,1.2696046780514214
27,16,1,0,0.6536241525488884
27,17,1,0,0.526417482990309
27,18,1,0,0.530120353635452
27,19,1,0,0.46326556796517926
27,20,1,0,1.0329369768010146
27,21,1,0,0.9674840949836507
27,22,1,0,1.5560778048292305
27,23,1,0,1.2495401940749618
27,24,1,0,1.884043044948419
27,25,1,0,1.8012997136369784
27,26,1,0,1.7854849221906914
27,27,1,0,2.249311932756725
27,28,1,0,2.109845821889171
27,29,1,0,2.0347500526283673
27,30,1,1,3.631591382536672
27,31,1,1,3.435024252849444
27,32,1,1,4.255527017348868
27,33,1,1,4.1707726447403495
27,34,1,1,4.269737687622917
27,35,1,1,4.475194956971354
27,36,1,1,4.20475481568511
27,37,1,1,4.701193375455504
27,38,1,1,4.785775504434274
27,39,1,1,4.1375077203698485
27,40,1,1,5.030604117704859
27,41,1,1,4.683546138215039
27,42,1,1,5.626314298262706
27,43,1,1,5.623370131484832
27,44,1,1,4.664835961274546
27,45,1,1,5.743439717206451
27,46,1,1,5.37721139581959
27,47,1,1,5.63119044975411
27,48,1,1,6.29725668970648
27,49,1,1,5.738241666026226
27,50,1,1,5.90377981425576
27,51,1,1,6.274602377821625
27,52,1,1,6.537214041632392
27,53,1,1,6.137230871136898
27,54,1,1,7.624346750460496
27,55,1,1,6.195968256031004
27,56,1,1,7.088681134312158
27,57,1,1,7.525071868584848
27,58,1,1,7.028063237168795
27,59,1,1,7.496542624120321
28,0,1,0,-0.0961767348134509
28,1,1,0,0.2186889978275629
28,2,1,0,1.7229511937724626
28,3,1,0,1.9108453079625334
28,4,1,0,1.1962357009114868
28,5,1,0,1.0916789171634909
28,6,1,0,1.1128434222643784
28,7,1,0,1.2700241510487094
28,8,1,0,1.9726828348272496
28,9,1,0,2.074388555909075
28,10,1,0,2.245926594846192
28,11,1,0,2.502615454146115
28,12,1,0,2.2971393744135336
28,13,1,0,2.9017182188092097
28,14,1,0,2.834982371183851
28,15,1,0,2.5367847293551793
28,16,1,0,2.2993916412266553
28,17,1,0,3.1232496200816184
28,18,1,0,2.640475150947347
28,19,1,0,2.718321547246949
28,20,1,0,3.6836995029110713
28,21,1,0,3.1518342374695063
28,22,1,0,3.2038133364399313
28,23,1,0,3.1127030314575497
28,24,1,0,4.313268474045554
28,25,1,0,3.5819844379925625
28,26,1,0,3.8910907668621286
28,27,1,0,4.357187918297407
28,28,1,0,4.511458785384577
28,29,1,0,4.171215549003639
28,30,1,1,4.973067375986293
28,31,1,1,5.163860705801201
28,32,1,1,5.211697288369289
28,33,1,1,6.006536881794966
28,34,1,1,6.374826458058454
28,35,1,1,5.436837661449051
28,36,1,1,6.746600790831182
28,37,1,1,6.623427404303625
28,38,1,1,6.332601476248466
28,39,1,1,6.610568038939449
28,40,1,1,7.537312561123539
28,41,1,1,6.547638219102524
28,42,1,1,6.049786173057784
28,43,1,1,7.0715075393709
28,44,1,1,7.000703519904756
28,45,1,1,6.8006181832797035
28,46,1,1,6.566589456391968
28,47,1,1,7.459168231811254
28,48,1,1,7.008152964896952
28,49,1,1,7.560022448916261
28,50,1,1,7.801510768336152
28,51,1,1,7.858877031840804
28,52,1,1,7.816392048741443
28,53,1,1,7.991618964724677
28,54,1,1,7.864876307324605
28,55,1,1,8.412190010630802
28,56,1,1,8.755490323043867
28,57,1,1,8.000825195055594
28,58,1,1,8.636524955610309
28,59,1,1,9.066210340203774
29,0,1,0,0.1032110671340267
29,1,1,0,0.4172495639532394
29,2,1,0,0.2042239144210517
29,3,1,0,0.4951673713714528
29,4,1,0,0.5809122137337973
29,5,1,0,0.4262776238087665
29,6,1,0,1.1841642752225185
29,7,1,0,1.0502919971391036
29,8,1,0,0.7986930356680263
29,9,1,0,1.9789265339984685
29,10,1,0,1.9775822756165287
29,11,1,0,2.2159277843365626
29,12,1,0,2.5371126665297505
29,13,1,0,2.34914306240965
29,14,1,0,2.760687239557185
29,15,1,0,2.74440714488699
29,16,1,0,2.398198077654903
29,17,1,0,2.3659378006877594
29,18,1,0,2.1768938309127597
29,19,1,0,3.067266145143222
29,20,1,0,3.0004530981820947
29,21,1,0,4.0176148376397265
29,22,1,0,4.0208966440261085
29,23,1,0,4.073303742720759
29,24,1,0,4.110523031763589
29,25,1,0,3.4057627992093553
29,26,1,0,4.112965568967295
29,27,1,0,4.225020828317667
29,28,1,0,4.5923644237108965
29,29,1,0,4.534501341003613
29,30,1,1,6.992565998607541
29,31,1,1,6.972929919398267
29,32,1,1,6.714569182355471
29,33,1,1,7.341451758872128
29,34,1,1,7.018013367642214
29,35,1,1,7.698400032983015
29,36,1,1,7.541120964691611
29,37,1,1,7.336786402192714
29,38,1,1,7.871184724377506
29,39,1,1,7.269992759129469
29,40,1,1,8.349619745547658
29,41,1,1,8.557772528653837
29,42,1,1,8.297159437752748
29,43,1,1,8.201028749449057
29,44,1,1,7.798152492666206
29,45,1,1,7.824529280940112
29,46,1,1,8.845552423253558
29,47,1,1,8.554569511483066
29,48,1,1,9.501988421756574
29,49,1,1,9.378322023204378
29,50,1,1,9.369491312791025
29,51,1,1,10.53313834309544
29,52,1,1,9.970853152886603
29,53,1,1,10.36548789501259
29,54,1,1,8.953004349550968
29,55,1,1,9.59055767736295
29,56,1,1,9.978288513942362
29,57,1,1,10.02761226324983
29,58,1,1,10.132508940574226
29,59,1,1,10.45548935310022
30,0,1,0,0.4841559127985005
30,1,1,0,0.18789544749291184
30,2,1,0,0.25786422241878115
30,3,1,0,-0.125800612334327
30,4,1,0,0.400185831488552
30,5,1,0,0.9230350520882832
30,6,1,0,0.9278447798952124
30,7,1,0,0.6329731774962238
30,8,1,0,1.0403844358529655
30,9,1,0,0.8789508195689104
30,10,1,0,1.8413610447619173
30,11,1,0,2.016175491282168
30,12,1,0,0.8725443811233928
30,13,1,0,1.9201734108674664
30,14,1,0,2.2949631130802812
30,15,1,0,2.0643456879945457
30,16,1,0,2.0111531048633324
30,17,1,0,1.8863516579468944
30,18,1,0,2.524497825852732
30,19,1,0,1.8981932225607823
30,20,1,0,2.7591475526679448
30,21,1,0,2.4170201381551863
30,22,1,0,2.6460043243619737
30,23,1,0,2.9224828638367146
30,24,1,0,3.0200079696411204
30,25,1,0,3.1460992781808774
30,26,1,0,3.6979693623551326
30,27,1,0,2.975555322415698
30,28,1,0,3.342103675718108
30,29,1,0,3.838312300052088
30,30,1,1,5.0057107333375885
30,31,1,1,5.1218872987628705
30,32,1,1,5.611475438728955
30,33,1,1,5.353453745358559
30,34,1,1,5.582819261941918
30,35,1,1,6.098204744545889
30,36,1,1,5.731423935373037
30,37,1,1,5.690834378026893
30,38,1,1,5.088211927144759
30,39,1,1,6.395427146889887
30,40,1,1,6.212253459733163
30,41,1,1,6.27479910775142
30,42,1,1,6.337874537522647
30,43,1,1,7.071824747667821
30,44,1,1,7.155617485758062
30,45,1,1,7.471328934844941
30,46,1,1,7.169489442326961
30,47,1,1,7.763852254868893
30,48,1,1,7.865288111696119
30,49,1,1,7.1171965492912115
30,50,1,1,8.401978054707415
30,51,1,1,8.571881340457987
30,52,1,1,7.74135221547863
30,53,1,1,8.186610573208176
30,54,1,1,8.577213099831507
30,55,1,1,7.842325064445865
30,56,1,1,8.900977231108541
30,57,1,1,7.891250582265736
30,58,1,1,8.352669554405033
30,59,1,1,8.802009108017554
31,0,0,0,-0.6183855801591672
31,1,0,0,-0.3687674223630258
31,2,0,0,-0.16998162574500852
31,3,0,0,-0.29683849506268895
31,4,0,0,-0.31988065457870346
31,5,0,0,-0.22582268560709032
31,6,0,0,-0.0537036870515111
31,7,0,0,-0.13641274544137594
31,8,0,0,-0.08893577615637145
31,9,0,0,-0.4183401308959886
31,10,0,0,-0.2807467263807944
31,11,0,0,-0.32307358944079156
31,12,0,0,0.5504794744598287
31,13,0,0,0.6808629511486964
31,14,0,0,0.44971202015956024
31,15,0,0,0.052181052880400314
31,16,0,0,0.16606495703350557
31,17,0,0,0.5009904910098976
31,18,0,0,0.31395743798691
31,19,0,0,0.8294787035153706
31,20,0,0,0.06353255805712332
31,21,0,0,0.8880367411119495
31,22,0,0,0.6527527929244218
31,23,0,0,0.6305259811775106
31,24,0,0,0.7949569266634253
31,25,0,0,0.3300614799655295
31,26,0,0,0.5077018027671009
31,27,0,0,0.11105429388570676
31,28,0,0,1.3760981669003405
31,29,0,0,0.501815119344392
31,30,0,0,1.4360065909035835
31,31,0,0,0.7215322881497248
31,32,0,0,1.356893333955866
31,33,0,0,1.6055367250555599
31,34,0,0,0.7501184630654166
31,35,0,0,1.2263743986195244
31,36,0,0,1.7938959225097209
31,37,0,0,0.9957915479286554
31,38,0,0,1.7710935928571623
31,39,0,0,0.5201755705774799
31,40,0,0,2.103142131266818
31,41,0,0,1.885142420821461
31,42,0,0,0.9537436331216607
31,43,0,0,1.295780501628101
31,44,0,0,1.9595143090366776
31,45,0,0,1.206950809048514
31,46,0,0,2.40438806440706
31,47,0,0,2.382015759551637
31,48,0,0,1.260393665279568
31,49,0,0,2.185807454945885
31,50,0,0,1.963659047864503
31,51,0,0,2.133091099401676
31,52,0,0,1.9856934062899465
31,53,0,0,1.824342964582785
31,54,0,0,2.3265776004213
31,55,0,0,2.326279739670193
31,56,0,0,2.6427578618572407
31,57,0,0,2.146913096203727
31,58,0,0,2.2469713580356823
31,59,0,0,2.0596328210028516
32,0,0,0,1.8042769629105786
32,1,0,0,2.0977985712646063
32,2,0,0,1.6318360824332523
32,3,0,0,2.394325138715028
32,4,0,0,1.7534147711149202
32,5,0,0,2.3642435127650536
32,6,0,0,2.0120396230816477
32,7,0,0,2.233417233781489
32,8,0,0,2.658158243469662
32,9,0,0,2.4015711469667833
32,10,0,0,2.196667923380762
32,11,0,0,2.793559784184097
32,12,0,0,3.3726635802648546
32,13,0,0,2.5625413515815243
32,14,0,0,2.8080495209076934
32,15,0,0,3.180800236231325
32,16,0,0,2.8870874026409443
32,17,0,0,2.442684848165397
32,18,0,0,3.2399422569369767
32,19,0,0,3.0953651739629877
32,20,0,0,3.0209167589538506
32,21,0,0,2.9065666941981885
32,22,0,0,3.1312339075520854
32,23,0,0,3.7484265796192053
32,24,0,0,3.3359507351843094
32,25,0,0,3.692934149966979
32,26,0,0,2.736727005663203
32,27,0,0,3.475804698022123
32,28,0,0,3.3472454866159516
32,29,0,0,2.7889230131138323
32,30,0,0,3.5622355102198537
32,31,0,0,4.0533064965401975
32,32,0,0,4.564685381351705
32,33,0,0,4.50050934192099
32,34,0,0,4.15498869095206
32,35,0,0,4.2778263459791415
32,36,0,0,4.700462096196075
32,37,0,0,3.8055061449699985
32,38,0,0,3.6980586099599613
32,39,0,0,4.062854421889659
32,40,0,0,4.965141635661101
32,41,0,0,4.544107106980598
32,42,0,0,3.994306263755613
32,43,0,0,4.626216152460474
32,44,0,0,4.392133637676038
32,45,0,0,4.447548647322057
32,46,0,0,5.137764936489979
32,47,0,0,5.620450979839187
32,48,0,0,5.093793514311533
32,49,0,0,5.030203420360032
32,50,0,0,4.87831690245437
32,51,0,0,4.522709673004462
32,52,0,0,5.794854159598734
32,53,0,0,5.195914390361154
32,54,0,0,5.19742735227625
32,55,0,0,5.795670907773234
32,56,0,0,6.334058995190954
32,57,0,0,5.580087074802369
32,58,0,0,5.484937165785079
32,59,0,0,5.736577433268895
33,0,0,0,-1.4164836097446303
33,1,0,0,-0.6583739826916732
33,2,0,0,-1.4511852972716706
33,3,0,0,-0.7211355178727943
33,4,0,0,-1.5076307589771867
33,5,0,0,-1.0246579945626497
33,6,0,0,-0.023119643743185647
33,7,0,0,-0.08795721813110857
33,8,0,0,0.49020456869114637
33,9,0,0,-0.6346407940829961
33,10,0,0,0.37821714596322614
33,11,0,0,-0.1603413768795721
33,12,0,0,0.47641418330281576
33,13,0,0,-0.43271634382922874
33,14,0,0,0.10876855143604762
33,15,0,0,0.18148551572527766
33,16,0,0,0.1886754560140946
33,17,0,0,-0.6447044584183453
33,18,0,0,0.18652645458509215
33,19,0,0,0.8034744012911825
33,20,0,0,-0.24345661331234225
33,21,0,0,1.0810064371363182
33,22,0,0,0.15690119335053299
33,23,0,0,0.5098017635684713
33,24,0,0,-0.26571900119069713
33,25,0,0,0.44159013860573615
33,26,0,0,0.4567012780738206
33,27,0,0,0.9901483285201532
33,28,0,0,0.7540918242557997
33,29,0,0,0.6954348291694693
33,30,0,0,1.2046669013480376
33,31,0,0,0.3599790066502093
33,32,0,0,0.6180060116271264
33,33,0,0,0.83082786265792
33,34,0,0,1.2911017708962416
33,35,0,0,1.7709053497309766
33,36,0,0,1.451238244718657
33,37,0,0,0.8855590691342416
33,38,0,0,1.1565971507258355
33,39,0,0,0.5510957192972364
33,40,0,0,1.4111735639768113
33,41,0,0,0.9317227914481312
33,42,0,0,1.5056992109675154
33,43,0,0,1.8255772683320703
33,44,0,0,2.2117013288674783
33,45,0,0,1.6781064849522573
33,46,0,0,2.062621288007237
33,47,0,0,1.4297358610455213
33,48,0,0,1.2878817228494395
33,49,0,0,1.8758084770691632
33,50,0,0,1.2189649944686733
33,51,0,0,2.0778654291215464
33,52,0,0,2.1742005008059824
33,53,0,0,2.3267683042778575
33,54,0,0,2.3756156382744047
33,55,0,0,2.026382488540177
33,56,0,0,2.403390760151724
33,57,0,0,2.2636682069701766
33,58,0,0,2.5740166213808653
33,59,0,0,2.6153983753415293
34,0,0,0,-0.8386751516773815
34,1,0,0,-0.67544219121316
34,2,0,0,-0.5369025652775373
34,3,0,0,-0.2076142883235821
34,4,0,0,-0.5796511898386344
34,5,0,0,-0.9276636392539074
34,6,0,0,-0.9121926817676143
34,7,0,0,-0.013500573886231743
34,8,0,0,-0.20167501941988353
34,9,0,0,-0.4459341721759318
34,10,0,0,-0.450154881079196
34,11,0,0,0.22428607601465123
34,12,0,0,-0.5044513354989495
34,13,0,0,-0.19355767118385278
34,14,0,0,-0.7065653868141752
34,15,0,0,-0.04111642894699889
34,16,0,0,0.5512718945535868
34,17,0,0,0.24043190146279486
34,18,0,0,-0.5332830502840982
34,19,0,0,0.6664555851535068
34,20,0,0,0.03618794434605144
34,21,0,0,0.629256886626651
34,22,0,0,0.9655062850313292
34,23,0,0,-0.4008008538195446
34,24,0,0,0.6357483424808709
34,25,0,0,0.2566115171243486
34,26,0,0,0.9369141101011569
34,27,0,0,-0.09302594672834075
34,28,0,0,0.30766889551237697
34,29,0,0,0.1737010628820666
34,30,0,0,0.9671214220219075
34,31,0,0,0.7404452604844537
34,32,0,0,1.1109625198382664
34,33,0,0,1.1798842079723268
34,34,0,0,0.7533567582940096
34,35,0,0,1.0699593581483695
34,36,0,0,0.8628752643220692
34,37,0,0,0.9453970274691471
34,38,0,0,1.4090769468020636
34,39,0,0,0.7276870893024728
34,40,0,0,0.7910575928101878
34,41,0,0,1.936827635452787
34,42,0,0,0.6851604183773823
34,43,0,0,0.6511544408354348
34,44,0,0,0.7510466878842978
34,45,0,0,1.619157739293934
34,46,0,0,1.9318041287608945
34,47,0,0,1.0801269725794733
34,48,0,0,2.0516823548762666
34,49,0,0,1.9017855837149615
34,50,0,0,1.3922920484521215
34,51,0,0,1.6154792074191096
34,52,0,0,2.0248928192275937
34,53,0,0,1.5783363412209201
34,54,0,0,1.2671424287579374
34,55,0,0,1.6076483744219952
34,56,0,0,1.2295568748850263
34,57,0,0,1.933711443680545
34,58,0,0,1.2962556847405668
34,59,0,0,1.736673836162367
35,0,0,0,0.16666075894112348
35,1,0,0,-0.6319321724883162
35,2,0,0,-0.49371439187971594
35,3,0,0,-0.2112426192234599
35,4,0,0,-0.14481771566456694
35,5,0,0,0.07266825848251288
35,6,0,0,-0.5314727049720178
35,7,0,0,0.07672775957353012
35,8,0,0,0.723882978489195
35,9,0,0,-0.6856847970980707
35,10,0,0,-0.4755687017327891
35,11,0,0,-0.14467045263049555
35,12,0,0,-0.2723677188741049
35,13,0,0,-0.04576863154471239
35,14,0,0,-0.6568865192027316
35,15,0,0,0.02000066117208485
35,16,0,0,-0.9213603348177968
35,17,0,0,0.27006551618653324
35,18,0,0,-0.8879107534028299
35,19,0,0,-0.2032505272874532
35,20,0,0,-1.0175547933579832
35,21,0,0,-0.28439455352841525
35,22,0,0,0.4559523884866881
35,23,0,0,0.018701653543884186
35,24,0,0,-0.5912939610457265
35,25,0,0,-0.4974133578608937
35,26,0,0,0.08663504390691165
35,27,0,0,-0.21917398459277168
35,28,0,0,-0.7201880362641644
35,29,0,0,0.01740659181288151
35,30,0,0,-0.5396303242141504
35,31,0,0,0.314537656030828
35,32,0,0,0.4274324250072824
35,33,0,0,-0.18151588726747958
35,34,0,0,-0.2506403395109937
35,35,0,0,0.4572743298886054
35,36,0,0,-0.03018696687909802
35,37,0,0,0.09980354908300493
35,38,0,0,-0.01501779558448578
35,39,0,0,-0.2813269162271073
35,40,0,0,0.47538396433537433
35,41,0,0,0.14618076219339032
35,42,0,0,-0.2732373426805721
35,43,0,0,-0.12062164350026572
35,44,0,0,0.5717503295296875
35,45,0,0,-0.7171763738451121
35,46,0,0,-1.0252909597165398
35,47,0,0,-0.22553537548157385
35,48,0,0,0.1634936631095235
35,49,0,0,0.40259386335739833
35,50,0,0,-0.27941223953338373
35,51,0,0,-0.3396435532839873
35,52,0,0,0.06430770071564003
35,53,0,0,-0.21052964724973536
35,54,0,0,0.21132283270967667
35,55,0,0,0.027872005994363513
35,56,0,0,-0.5036113060755452
35,57,0,0,0.17367208483441818
35,58,0,0,0.5032044502338255
35,59,0,0,0.015294091111115876
36,0,0,0,0.8921758979433911
36,1,0,0,0.468016886563436
36,2,0,0,0.6025957257746318
36,3,0,0,1.3473648477746614
36,4,0,0,0.6684615865383695
36,5,0,0,-0.06043631993551446
36,6,0,0,0.19498445267012743
36,7,0,0,0.10368449827746051
36,8,0,0,0.9170982041250946
36,9,0,0,1.7135809781194358
36,10,0,0,-0.220132699513381
36,11,0,0,1.2109458409210605
36,12,0,0,0.8939411881842071
36,13,0,0,0.8954879142851315
36,14,0,0,0.7828803250360848
36,15,0,0,1.1162534584269523
36,16,0,0,0.7907786902284201
36,17,0,0,2.0156198705737087
36,18,0,0,0.9121562986982809
36,19,0,0,1.5266125534074257
36,20,0,0,-0.09527382947717045
36,21,0,0,1.3300826701854394
36,22,0,0,0.9516599427476375
36,23,0,0,1.7185246952537896
36,24,0,0,1.2989728558718185
36,25,0,0,1.035286171696541
36,26,0,0,2.3347581779504263
36,27,0,0,0.9966530549155281
36,28,0,0,1.2939277466102446
36,29,0,0,1.4178492064649508
36,30,0,0,2.076278026782253
36,31,0,0,2.111599215800309
36,32,0,0,2.226870442564879
36,33,0,0,1.4487073075905879
36,34,0,0,2.1748621845281257
36,35,0,0,1.6838012400246662
36,36,0,0,2.2389748546735784
36,37,0,0,1.5403318195674658
36,38,0,0,2.365251847877385
36,39,0,0,1.4640890661241153
36,40,0,0,2.0147579610234008
36,41,0,0,2.25626149940175
36,42,0,0,2.45207494788786
36,43,0,0,1.805998295031844
36,44,0,0,2.2965503536712224
36,45,0,0,2.246539411723229
36,46,0,0,3.049020684280643
36,47,0,0,2.220255566351461
36,48,0,0,2.9698927879713874
36,49,0,0,2.026574011710833
36,50,0,0,1.4852331767335336
36,51,0,0,2.6487320348949126
36,52,0,0,2.3033176035505054
36,53,0,0,3.0376557279552
36,54,0,0,2.535255148753187
36,55,0,0,2.0962332445827565
36,56,0,0,3.087086804872347
36,57,0,0,2.593695620106293
36,58,0,0,3.4044492837138796
36,59,0,0,2.6930845639802783
37,0,0,0,-1.00096610362031
37,1,0,0,-0.6577113872318812
37,2,0,0,-1.005904927245875
37,3,0,0,-0.7794183778066391
37,4,0,0,-1.263680766142218
37,5,0,0,-0.05869392092823089
37,6,0,0,-1.616465196651918
37,7,0,0,-1.0318878486897471
37,8,0,0,-0.6568302715233459
37,9,0,0,-0.5716211579781462
37,10,0,0,-1.2143439932409477
37,11,0,0,-0.8167748593448892
37,12,0,0,-0.1032609078935714
37,13,0,0,0.03075872620810083
37,14,0,0,-1.205556879482056
37,15,0,0,-0.22263076137291835
37,16,0,0,-0.04569576664890479
37,17,0,0,0.8066663439447783
37,18,0,0,0.4833647806086817
37,19,0,0,0.02543357148697578
37,20,0,0,-0.2351738525139504
37,21,0,0,-0.10287897585359249
37,22,0,0,-0.25726829710201315
37,23,0,0,0.07065766956349573
37,24,0,0,0.2193682812191663
37,25,0,0,0.29517760434423984
37,26,0,0,-0.27475654394807814
37,27,0,0,0.16414211549149174
37,28,0,0,0.0006107107657841726
37,29,0,0,0.16114675818674012
37,30,0,0,0.07667117271621676
37,31,0,0,-0.007999202435134856
37,32,0,0,0.542331209517435
37,33,0,0,0.15341418350112562
37,34,0,0,0.32851491164796476
37,35,0,0,0.3187634489343443
37,36,0,0,0.7383779786160543
37,37,0,0,0.6737284265921656
37,38,0,0,0.39867973245303534
37,39,0,0,0.657773643750224
37,40,0,0,0.8738314428718578
37,41,0,0,0.35507239385425526
37,42,0,0,0.671567582448513
37,43,0,0,0.6115681857837684
37,44,0,0,0.6311260960534243
37,45,0,0,0.9246707181965939
37,46,0,0,1.5717649130245976
37,47,0,0,0.46619248853331463
37,48,0,0,0.9600096763448623
37,49,0,0,1.7102153186393623
37,50,0,0,1.0925648463959048
37,51,0,0,1.2455228554576132
37,52,0,0,1.4439285323135218
37,53,0,0,1.6153416467272006
37,54,0,0,1.2668604074811647
37,55,0,0,1.229977303041242
37,56,0,0,1.5275276985653257
37,57,0,0,1.8563632352949193
37,58,0,0,1.9089246767542236
37,59,0,0,0.6361509432702923
38,0,0,0,0.34047022142568095
38,1,0,0,0.512903803928817
38,2,0,0,0.2967997718498371
38,3,0,0,0.7056940789118439
38,4,0,0,0.6641816905105724
38,5,0,0,0.9953119868962975
38,6,0,0,0.5650983403326824
38,7,0,0,0.8069840575957891
38,8,0,0,0.6611114680904796
38,9,0,0,0.785148461377265
38,10,0,0,0.8758369055044715
38,11,0,0,0.11009885017269416
38,12,0,0,1.305599845532332
38,13,0,0,1.3419713844923171
38,14,0,0,1.0094141000337853
38,15,0,0,1.9723854834898704
38,16,0,0,1.1425958346681413
38,17,0,0,0.5579317420480312
38,18,0,0,1.1088095018409199
38,19,0,0,2.0047102545218367
38,20,0,0,1.3265925336673072
38,21,0,0,0.8524425032492647
38,22,0,0,1.952026043088024
38,23,0,0,1.1627430220470694
38,24,0,0,1.9749632642387704
38,25,0,0,1.7901308833231877
38,26,0,0,1.6757278328041851
38,27,0,0,2.741295383244779
38,28,0,0,2.0094525812044464
38,29,0,0,2.5207039694964597
38,30,0,0,1.9378063783486144
38,31,0,0,1.509933970853999
38,32,0,0,2.487987130182077
38,33,0,0,1.767115512127613
38,34,0,0,2.9831177826406132
38,35,0,0,1.5607625667693705
38,36,0,0,1.5081120518384747
38,37,0,0,2.3328600019940424
38,38,0,0,2.2463081736141723
38,39,0,0,2.1452998469633298
38,40,0,0,2.37995435530123
38,41,0,0,2.244562338974471
38,42,0,0,2.6539899798569997
38,43,0,0,2.237133523009488
38,44,0,0,2.6547891344923924
38,45,0,0,2.820155956002767
38,46,0,0,2.595247887082728
38,47,0,0,2.7132061590943417
38,48,0,0,2.721880407996599
38,49,0,0,2.997520118104735
38,50,0,0,3.3213448934418777
38,51,0,0,2.3927297687909808
38,52,0,0,3.5210227751937624
38,53,0,0,3.0223224238355586
38,54,0,0,3.257653103198262
38,55,0,0,3.3427231672520685
38,56,0,0,3.1544356969623477
38,57,0,0,3.2225574885224035
38,58,0,0,3.273127200171362
38,59,0,0,3.539833850618913
39,0,0,0,1.0272889779690397
39,1,0,0,1.2332081706235476
39,2,0,0,1.041479287478921
39,3,0,0,1.7652312736209033
39,4,0,0,1.3954814100989532
39,5,0,0,1.1151731337814406
39,6,0,0,1.1981410663781686
39,7,0,0,1.0708464526027444
39,8,0,0,1.5275540100773761
39,9,0,0,1.023851966161299
39,10,0,0,1.0741773171056188
39,11,0,0,1.6063799110768324
39,12,0,0,0.7337406858035561
39,13,0,0,1.9154765572739223
39,14,0,0,2.08277132882849
39,15,0,0,1.6522234575480608
39,16,0,0,2.122664052582052
39,17,0,0,2.078753911814045
39,18,0,0,1.5036156557044877
39,19,0,0,2.45957892704367
39,20,0,0,2.1315481418166646
39,21,0,0,2.627816717150522
39,22,0,0,1.770848558426561
39,23,0,0,1.45170004026461
39,24,0,0,3.15579971813977
39,25,0,0,2.402456139749683
39,26,0,0,1.8550798097013397
39,27,0,0,1.8613634697131471
39,28,0,0,2.048377754672899
39,29,0,0,2.2013460225954637
39,30,0,0,1.9571115574229252
39,31,0,0,1.744392857657456
39,32,0,0,2.821969928573696
39,33,0,0,2.1465386286258923
39,34,0,0,2.4711667243711704
39,35,0,0,2.726226590268496
39,36,0,0,2.4616125891597953
39,37,0,0,1.905022446364565
39,38,0,0,2.744289353235098
39,39,0,0,2.345417472094027
39,40,0,0,1.932573918787277
39,41,0,0,2.346816862594512
39,42,0,0,2.9408114119752415
39,43,0,0,2.409125618261228
39,44,0,0,2.3859622231157203
39,45,0,0,3.4097908565481383
39,46,0,0,3.2661921195640176
39,47,0,0,2.797233532084712
39,48,0,0,2.7943870820318053
39,49,0,0,3.2212358955934643
39,50,0,0,2.5901411560453473
39,51,0,0,3.2534459608411135
39,52,0,0,2.686401740042668
39,53,0,0,3.584500933281446
39,54,0,0,3.3610439578687243
39,55,0,0,3.77008121501728
39,56,0,0,2.636539864875964
39,57,0,0,3.096749920848442
39,58,0,0,3.777828594036378
39,59,0,0,2.9727928677677182
40,0,0,0,0.5649682007269807
40,1,0,0,1.4230565375704494
40,2,0,0,1.3815706091453555
40,3,0,0,0.5464588135329311
40,4,0,0,0.4422154512763894
40,5,0,0,1.2574068536940624
40,6,0,0,2.1595583274005623
40,7,0,0,1.6208470125399161
40,8,0,0,1.4797719629359598
40,9,0,0,2.2806136005274036
40,10,0,0,2.1229323822302595
40,11,0,0,1.9871858394659236
40,12,0,0,1.8223391537672327
40,13,0,0,2.2547894485603077
40,14,0,0,1.9271913144944461
40,15,0,0,1.6670147556089003
40,16,0,0,2.3569973778640794
40,17,0,0,1.9856843853568416
40,18,0,0,1.9728838405229299
40,19,0,0,2.1668459465738117
40,20,0,0,2.7825025392645752
40,21,0,0,2.9726482506306726
40,22,0,0,2.437975547972079
40,23,0,0,3.3940897528826093
40,24,0,0,2.848960494491336
40,25,0,0,2.5891663020055007
40,26,0,0,3.0278735595270807
40,27,0,0,3.76673024173393
40,28,0,0,2.941672675911403
40,29,0,0,3.3857162834676062
40,30,0,0,3.2557945705324554
40,31,0,0,3.819406633757029
40,32,0,0,3.4939914056896186
40,33,0,0,4.848499247805392
40,34,0,0,3.261765173056496
40,35,0,0,4.882075590259465
40,36,0,0,4.196042937598468
40,37,0,0,4.254017536977484
40,38,0,0,4.145279699499336
40,39,0,0,4.263740110980673
40,40,0,0,4.741114876677882
40,41,0,0,4.170960285145501
40,42,0,0,5.065864386710364
40,43,0,0,5.151523287717457
40,44,0,0,5.411375059553133
40,45,0,0,4.955706928305618
40,46,0,0,4.941224141169628
40,47,0,0,4.751013119856866
40,48,0,0,5.708452067720382
40,49,0,0,5.711750690801808
40,50,0,0,5.8859238540991905
40,51,0,0,5.481639107417553
40,52,0,0,5.185682268300836
40,53,0,0,6.282186059148513
40,54,0,0,5.267846641797582
40,55,0,0,5.718843141411248
40,56,0,0,5.607682174754028
40,57,0,0,6.0350303809732075
40,58,0,0,6.787317231568236
40,59,0,0,6.632298352068367
41,0,0,0,-0.19014506608743562
41,1,0,0,-0.7211610947273321
41,2,0,0,0.3699895541079695
41,3,0,0,0.16606680076374572
41,4,0,0,0.23852064079215116
41,5,0,0,-0.21653514396914234
41,6,0,0,0.3138789137730781
41,7,0,0,0.07406187115928864
41,8,0,0,-0.06236457123052089
41,9,0,0,0.38891483372784985
41,10,0,0,0.03374904898703851
41,11,0,0,-0.4273838719574391
41,12,0,0,0.35660822428399436
41,13,0,0,0.4099143505425794
41,14,0,0,0.06744893100094507
41,15,0,0,-0.15991954065424957
41,16,0,0,-0.24029438700147432
41,17,0,0,0.7958789244623519
41,18,0,0,0.3404988737610881
41,19,0,0,0.1403605706109849
41,20,0,0,0.7472058485865547
41,21,0,0,0.8615940169918541
41,22,0,0,0.6204316886833774
41,23,0,0,0.17639683356989766
41,24,0,0,1.3346504513814637
41,25,0,0,1.0810466978967044
41,26,0,0,1.041273818036009
41,27,0,0,1.071667069386868
41,28,0,0,0.15612104809666894
41,29,0,0,0.3978132255090694
41,30,0,0,1.723697925216722
41,31,0,0,0.9577333798387522
41,32,0,0,1.0305869096617282
41,33,0,0,1.1806666917094701
41,34,0,0,1.5132142173002474
41,35,0,0,0.9727167207402817
41,36,0,0,1.0543179358876336
41,37,0,0,1.3324872097349427
41,38,0,0,1.2880238704154254
41,39,0,0,0.7639156197740357
41,40,0,0,1.1204060664673159
41,41,0,0,1.8242234749184592
41,42,0,0,1.2671603628244885
41,43,0,0,2.0689777789873087
41,44,0,0,1.9367360974173893
41,45,0,0,1.8283346150265622
41,46,0,0,1.2390950065065476
41,47,0,0,1.52925750347229
41,48,0,0,2.3132861617355993
41,49,0,0,1.6174160293166273
41,50,0,0,1.9722166205780098
41,51,0,0,2.314590639418924
41,52,0,0,1.9120649258461793
41,53,0,0,1.4350872361912685
41,54,0,0,1.250792375275556
41,55,0,0,1.9373643119365067
41,56,0,0,1.8935069989783344
41,57,0,0,1.514617674926527
41,58,0,0,1.7066693484426656
41,59,0,0,2.049845125181568
42,0,0,0,-0.3834185538693742
42,1,0,0,0.0819042457243761
42,2,0,0,0.28778596910684406
42,3,0,0,0.523784889173218
42,4,0,0,0.06497752528062171
42,5,0,0,0.08757500326018114
42,6,0,0,0.28080207618116787
42,7,0,0,0.6806978188840274
42,8,0,0,0.403519006231537
42,9,0,0,-0.08037990113134752
42,10,0,0,0.466490820824781
42,11,0,0,1.1484865450004835
42,12,0,0,0.8982839415378513
42,13,0,0,1.425891769672289
42,14,0,0,0.5286675700677075
42,15,0,0,0.36658048840645785
42,16,0,0,0.9183151754662636
42,17,0,0,1.0125859988699908
42,18,0,0,1.4627039241299684
42,19,0,0,0.4826602751356953
42,20,0,0,0.9811652544917338
42,21,0,0,1.1945996074447782
42,22,0,0,0.806765796742729
42,23,0,0,1.3795441995596964
42,24,0,0,1.9611655882711103
42,25,0,0,2.284669466543436
42,26,0,0,1.7736126574127744
42,27,0,0,1.9057211668772276
42,28,0,0,2.347820054732926
42,29,0,0,1.905774919245621
42,30,0,0,2.472533992521958
42,31,0,0,2.18478998605617
42,32,0,0,2.508233990208852
42,33,0,0,2.3395204237286107
42,34,0,0,3.046623083119349
42,35,0,0,2.2146318830991962
42,36,0,0,2.7013565766645713
42,37,0,0,2.498157239832279
42,38,0,0,2.1111179007858105
42,39,0,0,2.735594912154645
42,40,0,0,3.250596536296208
42,41,0,0,3.6330174522213348
42,42,0,0,2.8593485593015937
42,43,0,0,3.1667699989147096
42,44,0,0,3.546748835552763
42,45,0,0,3.7076573369579475
42,46,0,0,3.187116853901041
42,47,0,0,3.458026059641601
42,48,0,0,3.7765045753701307
42,49,0,0,3.896688432540938
42,50,0,0,4.466686042475011
42,51,0,0,4.126489067346237
42,52,0,0,3.633305000529035
42,53,0,0,3.882287249455745
42,54,0,0,4.572276641868425
42,55,0,0,4.063090764612173
42,56,0,0,3.954707035409108
42,57,0,0,4.310864668623666
42,58,0,0,4.143936982211805
42,59,0,0,4.300282051770076
43,0,0,0,1.5491330961678487
43,1,0,0,2.647760215124541
43,2,0,0,1.3554033470640092
43,3,0,0,2.278412569631802
43,4,0,0,1.771980330779515
43,5,0,0,1.6152795287869508
43,6,0,0,2.004017397080165
43,7,0,0,2.266986278322476
43,8,0,0,2.019672494944866
43,9,0,0,2.0933250809696857
43,10,0,0,2.7342240516795466
43,11,0,0,1.496806029661394
43,12,0,0,2.4097964395803957
43,13,0,0,1.7763559600111307
43,14,0,0,1.606070733456566
43,15,0,0,2.0536825415283353
43,16,0,0,2.627599041487561
43,17,0,0,2.811204499756727
43,18,0,0,2.396753828300304
43,19,0,0,2.874138969645284
43,20,0,0,2.057131763816132
43,21,0,0,2.6706776882795236
43,22,0,0,2.0851231068192533
43,23,0,0,2.031834600408292
43,24,0,0,2.7197765449647155
43,25,0,0,2.4318193871496194
43,26,0,0,2.2480693326941923
43,27,0,0,2.783410558698506
43,28,0,0,2.6096960703288024
43,29,0,0,2.7110235079567406
43,30,0,0,2.8524082585017045
43,31,0,0,3.1338493733296873
43,32,0,0,2.9856804176636365
43,33,0,0,3.172624204139389
43,34,0,0,2.892070479926465
43,35,0,0,2.7081035982843122
43,36,0,0,3.6478915179366878
43,37,0,0,3.4474548424683835
43,38,0,0,2.60388620716492
43,39,0,0,2.8150287037894035
43,40,0,0,3.670218712732659
43,41,0,0,3.6874825166105234
43,42,0,0,2.994121671623835
43,43,0,0,3.4962803879068196
43,44,0,0,4.09741110708543
43,45,0,0,4.31198920260991
43,46,0,0,3.623071273567899
43,47,0,0,3.2481226242222077
43,48,0,0,3.2904785057480384
43,49,0,0,4.028821102749733
43,50,0,0,3.2718307784418106
43,51,0,0,3.1048678030075374
43,52,0,0,3.7130084581141087
43,53,0,0,3.764391135064318
43,54,0,0,3.7391493973339838
43,55,0,0,3.3813426882900868
43,56,0,0,3.025763700575766
43,57,0,0,4.264458022013382
43,58,0,0,3.7879897417328117
43,59,0,0,3.856815254067628
44,0,0,0,-0.25737911760972865
44,1,0,0,-0.32208854575039514
44,2,0,0,-0.204255465400711
44,3,0,0,-0.1785484327696718
44,4,0,0,0.6652479272233356
44,5,0,0,0.43860838747694036
44,6,0,0,0.5861245270669129
44,7,0,0,0.8826385254576973
44,8,0,0,-0.23108489896442858
44,9,0,0,0.43238591535841897
44,10,0,0,-0.23631167837422468
44,11,0,0,-0.20798453365603214
44,12,0,0,1.0725980786575307
44,13,0,0,0.633536371483872
44,14,0,0,0.34982506525739915
44,15,0,0,0.48691750597369055
44,16,0,0,0.02954560987591537
44,17,0,0,0.1887873983216467
44,18,0,0,0.5744092614717105
44,19,0,0,1.5938229128720547
44,20,0,0,0.8288170593441856
44,21,0,0,0.7757284434079021
44,22,0,0,0.9657555116361061
44,23,0,0,1.0515349905292635
44,24,0,0,1.3960257788099633
44,25,0,0,0.7167858896528616
44,26,0,0,1.31535831962645
44,27,0,0,1.2961213369110611
44,28,0,0,1.6265263576543822
44,29,0,0,1.1570772315043198
44,30,0,0,2.1448172767717812
44,31,0,0,1.977035970616094
44,32,0,0,1.8032017874491797
44,33,0,0,1.0352961907932254
44,34,0,0,1.2054135497385396
44,35,0,0,2.132979310081228
44,36,0,0,1.4605002211722833
44,37,0,0,2.050255997582438
44,38,0,0,1.9063946560575618
44,39,0,0,1.569323583994074
44,40,0,0,1.8108680740918293
44,41,0,0,1.6821990031347258
44,42,0,0,1.4659397505656608
44,43,0,0,1.9395145930986024
44,44,0,0,2.5823580001652156
44,45,0,0,2.463560473602497
44,46,0,0,2.723427560918627
44,47,0,0,1.805001729580185
44,48,0,0,2.0952831201106417
44,49,0,0,1.8056539057683376
44,50,0,0,2.090082007928622
44,51,0,0,2.812940340049723
44,52,0,0,2.4627286524965704
44,53,0,0,2.7021516169474076
44,54,0,0,2.537236954948655
44,55,0,0,2.53341673989605
44,56,0,0,2.908198951268098
44,57,0,0,2.615263017341724
44,58,0,0,2.740762557447193
44,59,0,0,3.0357641231432453
45,0,0,0,2.163704214404308
45,1,0,0,1.2401756131378865
45,2,0,0,2.0619659692903767
45,3,0,0,2.723587274150938
45,4,0,0,2.2569642860342807
45,5,0,0,2.374607310167778
45,6,0,0,2.6454628285942463
45,7,0,0,2.1588530974786972
45,8,0,0,2.0684416334884084
45,9,0,0,2.649946383031947
45,10,0,0,2.5087414198528046
45,11,0,0,2.5223778758037647
45,12,0,0,2.91616086103496
45,13,0,0,2.587395293912023
45,14,0,0,3.10662791009668
45,15,0,0,3.3207539888467816
45,16,0,0,2.5144805625195996
45,17,0,0,2.683971564831796
45,18,0,0,3.136230274470689
45,19,0,0,2.764922111046945
45,20,0,0,3.594079753656053
45,21,0,0,3.056842079240913
45,22,0,0,2.664955084209624
45,23,0,0,3.678668376778194
45,24,0,0,3.0085698847594227
45,25,0,0,3.4116695168834665
45,26,0,0,2.7937796217944957
45,27,0,0,2.426650288097914
45,28,0,0,3.052764183452595
45,29,0,0,2.7578459635524526
45,30,0,0,3.47437381061163
45,31,0,0,4.139429756321148
45,32,0,0,4.362949110243719
45,33,0,0,3.326708480708084
45,34,0,0,4.1526911522959375
45,35,0,0,2.752765841790751
45,36,0,0,3.162520488879555
45,37,0,0,3.9461567051190274
45,38,0,0,3.869414048312874
45,39,0,0,4.280610657099212
45,40,0,0,4.0753163413773885
45,41,0,0,3.938742577797135
45,42,0,0,3.967133049075574
45,43,0,0,4.008411229072172
45,44,0,0,3.722279905331388
45,45,0,0,4.713972573094926
45,46,0,0,4.090963345146402
45,47,0,0,4.5345616858385265
45,48,0,0,4.64191761491807
45,49,0,0,4.59654862164794
45,50,0,0,3.642321038357884
45,51,0,0,4.061936525183114
45,52,0,0,5.000852801084523
45,53,0,0,4.980802157460089
45,54,0,0,3.8202766322905424
45,55,0,0,5.127635878243311
45,56,0,0,4.824481102597706
45,57,0,0,4.565508302474169
45,58,0,0,4.5940684266003124
45,59,0,0,5.0080774041407405
46,0,0,0,-0.7512493183153036
46,1,0,0,0.070429315046664
46,2,0,0,0.36194375184286276
46,3,0,0,0.5882926784621351
46,4,0,0,0.15793222626451933
46,5,0,0,0.46138332702073814
46,6,0,0,0.048124912798691744
46,7,0,0,0.3528793096690567
46,8,0,0,0.05350237491229842
46,9,0,0,1.1828859932102056
46,10,0,0,0.773261893547992
46,11,0,0,-0.05307143391032776
46,12,0,0,0.8225616182613011
46,13,0,0,0.06797406612128443
46,14,0,0,0.7272082344114182
46,15,0,0,0.6139622809579643
46,16,0,0,0.884420355699476
46,17,0,0,0.7179945618175092
46,18,0,0,0.7848563455660625
46,19,0,0,0.9403175347575251
46,20,0,0,0.8634364894058593
46,21,0,0,0.8214994033216649
46,22,0,0,1.6250031959211408
46,23,0,0,1.7905336464170072
46,24,0,0,1.0758937463236746
46,25,0,0,1.1666149246394084
46,26,0,0,1.0548235724333064
46,27,0,0,1.3317833406075683
46,28,0,0,1.6160677106888537
46,29,0,0,1.8024551549928363
46,30,0,0,2.211485857714596
46,31,0,0,1.793634691700566
46,32,0,0,2.286060087633354
46,33,0,0,1.7652790392345166
46,34,0,0,1.8142034348470277
46,35,0,0,2.069231337565075
46,36,0,0,2.242027059628535
46,37,0,0,1.947539334514106
46,38,0,0,1.9821083820221141
46,39,0,0,1.982968788898141
46,40,0,0,2.1285373609119858
46,41,0,0,2.6028189902777723
46,42,0,0,2.349980638670838
46,43,0,0,2.348055069794518
46,44,0,0,2.63021799754648
46,45,0,0,2.4638032931500056
46,46,0,0,2.334785231973838
46,47,0,0,2.3780767166113206
46,48,0,0,2.6352275675807877
46,49,0,0,2.4773925535678334
46,50,0,0,2.4385538720064424
46,51,0,0,2.8005200798408327
46,52,0,0,3.1857989480567026
46,53,0,0,2.5858988660189306
46,54,0,0,2.7073616895097325
46,55,0,0,3.419354494745373
46,56,0,0,2.6115910961813276
46,57,0,0,3.3647723554423155
46,58,0,0,3.4575186378447524
46,59,0,0,3.6998597975587795
47,0,0,0,-0.28282610146212533
47,1,0,0,-0.7913568870496211
47,2,0,0,-0.39961681772225455
47,3,0,0,-0.8782622435632034
47,4,0,0,-0.8539734150002263
47,5,0,0,0.4021401473627297
47,6,0,0,-0.48008863352387593
47,7,0,0,-0.1283721914410363
47,8,0,0,-0.04598406077267442
47,9,0,0,-0.25874492532196625
47,10,0,0,-0.8719157839881895
47,11,0,0,-0.294258926146773
47,12,0,0,-0.5563545753425205
47,13,0,0,-0.2813329980556063
47,14,0,0,-0.29896585354061944
47,15,0,0,-0.5483552831197833
47,16,0,0,0.3426707781246892
47,17,0,0,-0.03782064685186548
47,18,0,0,0.40178275566517657
47,19,0,0,-0.0681429223230086
47,20,0,0,0.11020927143580955
47,21,0,0,0.008254844658237295
47,22,0,0,0.14011418682662946
47,23,0,0,-0.387181917103669
47,24,0,0,0.24051227967394823
47,25,0,0,0.560264590080694
47,26,0,0,-0.42872334434254256
47,27,0,0,0.6273780221667106
47,28,0,0,-0.3346721273977215
47,29,0,0,0.20145832810745407
47,30,0,0,0.23566597808188028
47,31,0,0,-0.08835981201791182
47,32,0,0,-0.2323519101684136
47,33,0,0,0.048878625444457535
47,34,0,0,0.6899324647942218
47,35,0,0,0.36544385755455466
47,36,0,0,0.3748115884305746
47,37,0,0,0.3643685135942356
47,38,0,0,-0.5969479971934082
47,39,0,0,0.711338232534915
47,40,0,0,0.23352788439585917
47,41,0,0,1.069467502353333
47,42,0,0,0.8679741405509487
47,43,0,0,-0.550784847471563
47,44,0,0,0.970876067221834
47,45,0,0,0.9681974653412052
47,46,0,0,0.40709916115905115
47,47,0,0,0.8961671814752209
47,48,0,0,0.05573072218603292
47,49,0,0,0.8495290836259438
47,50,0,0,0.2791069008615419
47,51,0,0,1.2918391765496353
47,52,0,0,0.9987382649650902
47,53,0,0,0.20857616066542473
47,54,0,0,0.6653522558209339
47,55,0,0,0.8484406290020081
47,56,0,0,0.6590219703410916
47,57,0,0,0.3255599308709375
47,58,0,0,1.040234538821708
47,59,0,0,1.042448773574266
48,0,0,0,-0.8481817103783182
48,1,0,0,-1.9649886613411232
48,2,0,0,-1.446464111547855
48,3,0,0,-1.5785264297836987
48,4,0,0,-1.310687171034443
48,5,0,0,-0.5553986544599693
48,6,0,0,-1.426959319354675
48,7,0,0,-0.43531823304620143
48,8,0,0,-1.01638662052247
48,9,0,0,-1.6427865335813259
48,10,0,0,-0.9628777910318951
48,11,0,0,-1.3285782395652665
48,12,0,0,-0.8945560642080184
48,13,0,0,-0.6488005828023442
48,14,0,0,-0.5206826176978109
48,15,0,0,-0.9734618544678305
48,16,0,0,-0.5866360998662499
48,17,0,0,-0.7748760202062897
48,18,0,0,-1.0231034181275847
48,19,0,0,-1.0324279060330273
48,20,0,0,-0.23022169382475605
48,21,0,0,0.24314732048491705
48,22,0,0,-0.5207876651067597
48,23,0,0,-0.37474150988607124
48,24,0,0,-0.8278577390573714
48,25,0,0,0.7716034040438027
48,26,0,0,-0.8611560244681232
48,27,0,0,-0.6972222267678571
48,28,0,0,-0.13770627869679852
48,29,0,0,0.20546459672499504
48,30,0,0,0.038907854386944246
48,31,0,0,0.7593127445637016
48,32,0,0,0.4650985235041033
48,33,0,0,0.4938482514803707
48,34,0,0,-0.14612890369348275
48,35,0,0,0.2999474457011191
48,36,0,0,0.6278510226194387
48,37,0,0,0.8827715943996155
48,38,0,0,0.972939664452836
48,39,0,0,0.34061707304277866
48,40,0,0,0.33431844243809916
48,41,0,0,0.4816660198278974
48,42,0,0,0.6682989384912545
48,43,0,0,1.1728755958867645
48,44,0,0,1.5787496268003312
48,45,0,0,0.716512567725998
48,46,0,0,1.5658906775907253
48,47,0,0,0.888091053605395
48,48,0,0,1.4015563882722466
48,49,0,0,1.6149834988487761
48,50,0,0,0.9395196070760705
48,51,0,0,0.33594554777510266
48,52,0,0,0.839099985012508
48,53,0,0,1.0291063432876926
48,54,0,0,1.7011389684445999
48,55,0,0,1.2557826846775355
48,56,0,0,1.808404169964676
48,57,0,0,1.7083254079383625
48,58,0,0,1.1175029192626074
48,59,0,0,1.5704554528121797
49,0,0,0,-0.1730325625671874
49,1,0,0,-0.10266975276871812
49,2,0,0,-0.1377385062848333
49,3,0,0,-0.4150957308187009
49,4,0,0,0.46942448464912756
49,5,0,0,-0.34332043589719335
49,6,0,0,0.264330906423176
49,7,0,0,-0.3507546337042695
49,8,0,0,-0.03071742710592204
49,9,0,0,-0.8322507159251932
49,10,0,0,-0.3204753262535009
49,11,0,0,0.02721359310776217
49,12,0,0,0.3408790163733294
49,13,0,0,0.07553983668351999
49,14,0,0,0.8869999109761322
49,15,0,0,0.062324384295329216
49,16,0,0,0.7568755480801219
49,17,0,0,1.5594394240500216
49,18,0,0,1.2769919914691847
49,19,0,0,0.37417892615054443
49,20,0,0,1.3529420845351237
49,21,0,0,1.0612856387710838
49,22,0,0,1.6019017189223668
49,23,0,0,1.3095198413247053
49,24,0,0,0.12344084545979683
49,25,0,0,1.04901846775198
49,26,0,0,0.6607053797683269
49,27,0,0,0.7991484636482056
49,28,0,0,0.9184480623182256
49,29,0,0,0.7326613267140529
49,30,0,0,1.3435042173704594
49,31,0,0,1.6407268171093552
49,32,0,0,1.6939844007793654
49,33,0,0,1.220506151882693
49,34,0,0,1.2830190886826949
49,35,0,0,1.6779688895918452
49,36,0,0,1.625898912699225
49,37,0,0,1.4639887138377143
49,38,0,0,1.372443255611484
49,39,0,0,1.165713544161639
49,40,0,0,2.1363076018599
49,41,0,0,1.8004836317396753
49,42,0,0,1.7236560288878817
49,43,0,0,1.5374313475349703
49,44,0,0,2.465258928770923
49,45,0,0,1.3405053576691246
49,46,0,0,3.113477230253868
49,47,0,0,2.0943766568032203
49,48,0,0,2.450025274044582
49,49,0,0,2.159219660837483
49,50,0,0,2.656940100256229
49,51,0,0,3.3276501361841926
49,52,0,0,2.881136292126355
49,53,0,0,2.2501761678093506
49,54,0,0,2.864782358743962
49,55,0,0,3.146302186093754
49,56,0,0,3.326997808993958
49,57,0,0,3.3956071818149427
49,58,0,0,2.6960752710792995
49,59,0,0,3.167268583654442
50,0,0,0,-1.380297056033995
50,1,0,0,-1.45018017136837
50,2,0,0,-1.4424234335880177
50,3,0,0,-1.116888965415281
50,4,0,0,-1.191072633837956
50,5,0,0,-0.983484305801543
50,6,0,0,-0.9257393095069395
50,7,0,0,-1.2311604954586446
50,8,0,0,-1.23680801468913
50,9,0,0,-0.6687644446683968
50,10,0,0,-1.4112418101302657
50,11,0,0,-0.30464063681458137
50,12,0,0,-0.5401137877939266
50,13,0,0,-0.08006479994613941
50,14,0,0,-0.41102718120591536
50,15,0,0,-0.7822976891639825
50,16,0,0,-0.18224213088975022
50,17,0,0,-0.2688979129570235
50,18,0,0,-0.0972549670120049
50,19,0,0,-0.019889148551638036
50,20,0,0,0.1378138395509208
50,21,0,0,-0.7207404396608045
50,22,0,0,-0.25063259982921865
50,23,0,0,0.16501821601107897
50,24,0,0,-0.12154406588686895
50,25,0,0,0.5186385712436504
50,26,0,0,0.27689576803796456
50,27,0,0,0.25359940013307836
50,28,0,0,0.7574249789156504
50,29,0,0,0.5437351021216781
50,30,0,0,0.8135698561075188
50,31,0,0,0.6352454041496219
50,32,0,0,0.7328354475335317
50,33,0,0,0.9391810005810253
50,34,0,0,0.8164437569295775
50,35,0,0,1.1985389591385966
50,36,0,0,1.7347441476849244
50,37,0,0,0.817310220170141
50,38,0,0,1.2158455502148813
50,39,0,0,1.3236286868797114
50,40,0,0,1.207294310456336
50,41,0,0,1.484419429382383
50,42,0,0,1.197800521747218
50,43,0,0,1.4457135004791646
50,44,0,0,1.3013898885834907
50,45,0,0,1.9541801103914005
50,46,0,0,2.4748085422191743
50,47,0,0,0.967475752302046
50,48,0,0,1.7921341667917081
50,49,0,0,1.901208642695221
50,50,0,0,1.3397803131445916
50,51,0,0,2.1936656487299
50,52,0,0,1.6200899042342034
50,53,0,0,1.6165553034551028
50,54,0,0,2.662433041135472
50,55,0,0,3.076354870166223
50,56,0,0,1.7761389420690699
50,57,0,0,1.5754964086843741
50,58,0,0,2.231402145494349
50,59,0,0,2.3089590014250847
51,0,0,0,-1.077005836148321
51,1,0,0,-0.9891748994410987
51,2,0,0,-0.40119611883416806
51,3,0,0,-0.2702530759233419
51,4,0,0,-0.6115209539806806
51,5,0,0,-0.08298760003924333
51,6,0,0,0.18889340067651272
51,7,0,0,-0.12252165121198912
51,8,0,0,-0.23099776103887254
51,9,0,0,0.33690409878302785
51,10,0,0,-0.03591126128429224
51,11,0,0,0.1328744962442503
51,12,0,0,0.459827092596342
51,13,0,0,0.17776230266066867
51,14,0,0,-0.4875030633911267
51,15,0,0,0.21928066794976614
51,16,0,0,0.13176262148011297
51,17,0,0,-0.46162761699369337
51,18,0,0,1.1561456696260735
51,19,0,0,0.5727570832553315
51,20,0,0,1.3128806803934872
51,21,0,0,0.5095527764722751
51,22,0,0,0.571896384777068
51,23,0,0,1.4764996714918919
51,24,0,0,2.0954038771809875
51,25,0,0,1.3443375857034865
51,26,0,0,0.43224904663391484
51,27,0,0,1.054060866398002
51,28,0,0,1.3615150373678824
51,29,0,0,0.9448761089084058
51,30,0,0,1.4412794194204634
51,31,0,0,1.4626006373165554
51,32,0,0,1.6834865217832855
51,33,0,0,1.9657989681488992
51,34,0,0,2.227055084578066
51,35,0,0,2.585427004691542
51,36,0,0,2.1917124583023413
51,37,0,0,1.6812514291626182
51,38,0,0,1.334905714094138
51,39,0,0,1.8874130346478757
51,40,0,0,2.5650733943615784
51,41,0,0,2.668695121627423
51,42,0,0,2.400547808974559
51,43,0,0,2.3560868740738345
51,44,0,0,2.240716379984038
51,45,0,0,2.291412154143092
51,46,0,0,2.2819382439481837
51,47,0,0,2.611850649868226
51,48,0,0,2.7073569137706848
51,49,0,0,2.3872757847899297
51,50,0,0,2.638949638020522
51,51,0,0,2.295864949741879
51,52,0,0,2.6297057623229736
51,53,0,0,3.129209394749311
51,54,0,0,2.6245366541310666
51,55,0,0,3.4179186861526154
51,56,0,0,3.3430491659536368
51,57,0,0,3.0127149413427956
51,58,0,0,3.329758194924132
51,59,0,0,3.583944869805742
52,0,0,0,0.597510536676682
52,1,0,0,1.0909080046204156
52,2,0,0,1.047237122675749
52,3,0,0,1.1079679008503711
52,4,0,0,1.3116821407686645
52,5,0,0,0.6127687900535738
52,6,0,0,0.5537177561885013
52,7,0,0,0.7200078343299052
52,8,0,0,1.376934765038281
52,9,0,0,1.0838477718122954
52,10,0,0,0.9938001375896048
52,11,0,0,1.2005849001100133
52,12,0,0,0.8126488334878219
52,13,0,0,1.0891107648131815
52,14,0,0,1.4011882599459062
52,15,0,0,1.2543885262044139
52,16,0,0,2.1126288125540307
52,17,0,0,0.9235228384644709
52,18,0,0,1.438304950569529
52,19,0,0,1.4594352095501586
52,20,0,0,1.0775298168259637
52,21,0,0,1.3539505811163983
52,22,0,0,1.6463199322854218
52,23,0,0,1.1171611602893758
52,24,0,0,1.5834074039207375
52,25,0,0,1.2318134597525885
52,26,0,0,1.6320345115036397
52,27,0,0,1.6290032804537644
52,28,0,0,1.067194162887677
52,29,0,0,0.45020671520701594
52,30,0,0,1.8384287766299825
52,31,0,0,1.4246783765103048
52,32,0,0,1.3065307935638368
52,33,0,0,1.1112858568709822
52,34,0,0,1.693628403185593
52,35,0,0,1.6529620578633413
52,36,0,0,1.3733971988966307
52,37,0,0,1.5056340228158553
52,38,0,0,1.6741182334903901
52,39,0,0,2.0869110723507234
52,40,0,0,1.6480087130762426
52,41,0,0,2.2910839341886495
52,42,0,0,1.4939749967167095
52,43,0,0,1.6228328733953419
52,44,0,0,1.4236179306489662
52,45,0,0,1.335056166332618
52,46,0,0,2.0161347931591944
52,47,0,0,2.2853072595031985
52,48,0,0,1.445468863943293
52,49,0,0,1.9813010317328479
52,50,0,0,1.28181183377609
52,51,0,0,1.7182396040641263
52,52,0,0,2.1001227151754733
52,53,0,0,2.0286217854789776
52,54,0,0,1.6884863452970749
52,55,0,0,1.3227708534721532
52,56,0,0,1.626714884597352
52,57,0,0,2.4149099949986015
52,58,0,0,2.230410996027479
52,59,0,0,1.1736846214289085
53,0,0,0,-0.1270560461815552
53,1,0,0,0.6474599027183251
53,2,0,0,-0.06528649261567088
53,3,0,0,0.7185835120452794
53,4,0,0,0.9430996132588823
53,5,0,0,0.1790164621471031
53,6,0,0,0.8910053875813799
53,7,0,0,0.4564527310350954
53,8,0,0,0.6211278012601187
53,9,0,0,1.2517218690954777
53,10,0,0,0.2750708547789431
53,11,0,0,0.7986218103708533
53,12,0,0,0.8091298640882065
53,13,0,0,0.805200436849888
53,14,0,0,1.0598363077334798
53,15,0,0,1.0314370976758807
53,16,0,0,1.2317293856962768
53,17,0,0,0.9015304329830058
53,18,0,0,1.0089215554396913
53,19,0,0,1.6979154535574732
53,20,0,0,1.372522370463549
53,21,0,0,1.2817464553289926
53,22,0,0,1.1681110703685578
53,23,0,0,0.8983332074255245
53,24,0,0,0.9799369735484149
53,25,0,0,1.7178220340642332
53,26,0,0,1.4366083150187454
53,27,0,0,1.209308939487051
53,28,0,0,1.9559846542165027
53,29,0,0,1.3209768096922319
53,30,0,0,0.7894484104353789
53,31,0,0,0.8363341544515956
53,32,0,0,2.019590869753892
53,33,0,0,1.861089978413333
53,34,0,0,2.1177740519545805
53,35,0,0,2.3679373397185026
53,36,0,0,1.188262629622281
53,37,0,0,1.7985162252683937
53,38,0,0,2.1938518294065257
53,39,0,0,1.9585333739885802
53,40,0,0,2.292463142105418
53,41,0,0,1.93020901338956
53,42,0,0,1.2001749440879204
53,43,0,0,1.7543931228773968
53,44,0,0,1.4225165688966102
53,45,0,0,1.9458711627505438
53,46,0,0,0.7669180537730613
53,47,0,0,1.689126291552321
53,48,0,0,1.835714111821658
53,49,0,0,2.087813812532915
53,50,0,0,1.7070409727088214
53,51,0,0,1.8466597262263325
53,52,0,0,1.8182110517050425
53,53,0,0,1.666607672119511
53,54,0,0,1.173346197756926
53,55,0,0,2.77823498523399
53,56,0,0,2.6715660649292983
53,57,0,0,2.4218535604287017
53,58,0,0,2.9137704794750756
53,59,0,0,2.0901526566584256
54,0,0,0,0.022462790370423258
54,1,0,0,0.4354877581284086
54,2,0,0,-0.2554543790833951
54,3,0,0,0.7437469152185036
54,4,0,0,0.43507045511471776
54,5,0,0,0.6219569929113206
54,6,0,0,0.42064826648007947
54,7,0,0,1.186283572136615
54,8,0,0,1.0721025634336494
54,9,0,0,0.8383587403259016
54,10,0,0,0.5149797278275754
54,11,0,0,0.7128915169549459
54,12,0,0,1.0556531368034947
54,13,0,0,0.8773830805244219
54,14,0,0,1.2559898961956475
54,15,0,0,1.1814231920056066
54,16,0,0,0.4257312258491235
54,17,0,0,1.3691540688643071
54,18,0,0,0.8142283946195072
54,19,0,0,1.8086575218657654
54,20,0,0,1.2778864930786984
54,21,0,0,1.3825390764763958
54,22,0,0,1.0975091501486012
54,23,0,0,0.8474438116156998
54,24,0,0,1.2554776288356928
54,25,0,0,0.7311738195428689
54,26,0,0,2.2166511445436963
54,27,0,0,0.8499684369977341
54,28,0,0,1.4813524495422006
54,29,0,0,1.4449891806086825
54,30,0,0,2.1154648790535133
54,31,0,0,1.868279757673275
54,32,0,0,1.3033195572101455
54,33,0,0,1.7923457594766423
54,34,0,0,0.9711448931373251
54,35,0,0,1.6268442010488497
54,36,0,0,1.8952369295432006
54,37,0,0,1.9308441679134392
54,38,0,0,2.395124997639367
54,39,0,0,1.582899574716667
54,40,0,0,1.5218492216596493
54,41,0,0,1.913669652256676
54,42,0,0,2.7192551379106056
54,43,0,0,1.9006593615792375
54,44,0,0,2.356889902507791
54,45,0,0,1.8705913721935505
54,46,0,0,2.7870519558701496
54,47,0,0,2.1194928481261455
54,48,0,0,2.0028801975558403
54,49,0,0,2.615201538148138
54,50,0,0,2.1848334867853785
54,51,0,0,2.8644663745057204
54,52,0,0,2.5998209863097728
54,53,0,0,2.5727958047728814
54,54,0,0,2.4687771360810062
54,55,0,0,2.4461723798713506
54,56,0,0,2.78736485632876
54,57,0,0,2.205126420695421
54,58,0,0,1.8618145798701575
54,59,0,0,2.760415717166914
55,0,0,0,0.24923574659725953
55,1,0,0,0.06785579665403996
55,2,0,0,0.2841721357937505
55,3,0,0,1.2805390371624972
55,4,0,0,1.05732317004066
55,5,0,0,0.918630649222894
55,6,0,0,1.479317029225085
55,7,0,0,0.7987486869592881
55,8,0,0,0.4554353941034103
55,9,0,0,1.1346628546403286
55,10,0,0,0.6376007465812776
55,11,0,0,1.3911253704679103
55,12,0,0,1.339846367281753
55,13,0,0,1.2832364112742096
55,14,0,0,0.7492072800379684
55,15,0,0,1.223116513168086
55,16,0,0,0.7032936880628741
55,17,0,0,1.8484221284764568
55,18,0,0,1.8532330111536819
55,19,0,0,1.7575917867923507
55,20,0,0,1.684036859696815
55,21,0,0,1.1931852176660716
55,22,0,0,2.015892853438973
55,23,0,0,1.9159206176054318
55,24,0,0,1.96416389055349
55,25,0,0,1.326509448772728
55,26,0,0,2.104143990355269
55,27,0,0,2.3602012556757797
55,28,0,0,2.2079975265775307
55,29,0,0,2.51539652767799
55,30,0,0,2.6061331303142103
55,31,0,0,2.275800484402882
55,32,0,0,2.1223205054043834
55,33,0,0,2.73083104989413
55,34,0,0,2.6033644219337306
55,35,0,0,2.4830165639398643
55,36,0,0,2.768352043232795
55,37,0,0,2.1885783243101975
55,38,0,0,3.4661495938645186
55,39,0,0,2.2048408064412217
55,40,0,0,2.9396369110017777
55,41,0,0,3.1806664093450685
55,42,0,0,3.3790136435899987
55,43,0,0,3.4664087644095254
55,44,0,0,2.8665491094343407
55,45,0,0,3.5768727746324744
55,46,0,0,2.5149475620255304
55,47,0,0,3.2817478586281186
55,48,0,0,3.3659121020620084
55,49,0,0,2.712355817282516
55,50,0,0,3.225056086011243
55,51,0,0,3.507004173831256
55,52,0,0,3.1308299133185566
55,53,0,0,3.424249345041674
55,54,0,0,3.4822203357010815
55,55,0,0,2.9516596736527267
55,56,0,0,3.934635820906385
55,57,0,0,3.908594340111316
55,58,0,0,3.9345099389127007
55,59,0,0,3.7918793597403355
56,0,0,0,1.6996185975488434
56,1,0,0,1.938684024007161
56,2,0,0,1.9593381740593543
56,3,0,0,2.1600820344393528
56,4,0,0,2.7100375808838346
56,5,0,0,2.2307730695694485
56,6,0,0,2.2441750276725583
56,7,0,0,3.1585575827515755
56,8,0,0,2.649681177682285
56,9,0,0,2.88322160811126
56,10,0,0,2.681132253008553
56,11,0,0,2.9227213263911147
56,12,0,0,2.7667318407321884
56,13,0,0,2.9934855481106775
56,14,0,0,3.446274343028416
56,15,0,0,2.7986083662459724
56,16,0,0,3.113222280493791
56,17,0,0,3.4000492997767315
56,18,0,0,4.0342951244855305
56,19,0,0,3.53044269092577
56,20,0,0,4.350641459508607
56,21,0,0,3.6535293921314955
56,22,0,0,4.287831684301354
56,23,0,0,4.1959294163136605
56,24,0,0,2.9366539486315375
56,25,0,0,3.8718139409295977
56,26,0,0,3.7673474964580524
56,27,0,0,3.960284454191239
56,28,0,0,4.277592053313908
56,29,0,0,4.016613086691391
56,30,0,0,4.6214789777324485
56,31,0,0,3.6760066609471553
56,32,0,0,3.9036671135912706
56,33,0,0,4.381918773495383
56,34,0,0,5.2635185426170175
56,35,0,0,4.434303532130383
56,36,0,0,4.874269684495222
56,37,0,0,4.960422006929806
56,38,0,0,4.40559311313471
56,39,0,0,4.757462604035874
56,40,0,0,5.217137400914327
56,41,0,0,4.4885301224104
56,42,0,0,5.128393927034099
56,43,0,0,5.72674605837107
56,44,0,0,5.351470699936918
56,45,0,0,5.8257089044092165
56,46,0,0,4.754255835804193
56,47,0,0,4.709987749583607
56,48,0,0,5.458565511209174
56,49,0,0,6.0482902239515655
56,50,0,0,5.537264673620026
56,51,0,0,5.941092950736847
56,52,0,0,5.915693064619246
56,53,0,0,5.962418232698676
56,54,0,0,5.672079261146589
56,55,0,0,6.59933716778028
56,56,0,0,5.550470496513648
56,57,0,0,5.37444134050112
56,58,0,0,5.609659886356898
56,59,0,0,6.2292675540911295
57,0,0,0,0.5694331028647
57,1,0,0,0.24936639910845343
57,2,0,0,0.3860771675687867
57,3,0,0,0.11712400351923541
57,4,0,0,0.6212257804531847
57,5,0,0,0.1951109826106716
57,6,0,0,0.49292266178641353
57,7,0,0,0.11136178746566028
57,8,0,0,1.3165628359679429
57,9,0,0,1.116467865632183
57,10,0,0,0.3721178854077979
57,11,0,0,0.8646234481654282
57,12,0,0,0.7568796962907787
57,13,0,0,1.623260279161806
57,14,0,0,0.8743536869631059
57,15,0,0,0.3477152776196111
57,16,0,0,1.491331830696082
57,17,0,0,1.4425306023432543
57,18,0,0,2.2630344401438185
57,19,0,0,1.6408476716342904
57,20,0,0,1.6869385114576971
57,21,0,0,0.8645520267796889
57,22,0,0,1.6189219691193213
57,23,0,0,2.210044174743009
57,24,0,0,2.3336017764065553
57,25,0,0,2.5025565895553186
57,26,0,0,1.7658330951204027
57,27,0,0,2.533123844393803
57,28,0,0,2.418568324037575
57,29,0,0,1.2428035742416288
57,30,0,0,2.3940250399565435
57,31,0,0,2.5258353492005163
57,32,0,0,3.0881024471378327
57,33,0,0,3.4393205865532823
57,34,0,0,2.443969866134847
57,35,0,0,2.9354389074666276
57,36,0,0,2.7226014156430614
57,37,0,0,3.0198020525391236
57,38,0,0,2.5569562633660485
57,39,0,0,3.6889645312680197
57,40,0,0,2.726691519030072
57,41,0,0,3.073088873181093
57,42,0,0,3.049387968227854
57,43,0,0,3.0456792086824853
57,44,0,0,3.1812888431020236
57,45,0,0,3.728320599943726
57,46,0,0,3.6329587406528527
57,47,0,0,3.7155408967457455
57,48,0,0,4.066434618212886
57,49,0,0,3.961067873564181
57,50,0,0,4.037468262127224
57,51,0,0,3.8625632831691146
57,52,0,0,3.628396780263658
57,53,0,0,4.146382277643496
57,54,0,0,3.6941745281991354
57,55,0,0,3.8051833905203294
57,56,0,0,4.3505199688785865
57,57,0,0,3.5496112719982724
57,58,0,0,4.301265873380796
57,59,0,0,4.104155039152585
58,0,0,0,-2.3566418030704743
58,1,0,0,-1.8898754294591527
58,2,0,0,-1.897073212095562
58,3,0,0,-0.9709074361340715
58,4,0,0,-1.1729501593826928
58,5,0,0,-1.7423402150100695
58,6,0,0,-1.7597748502599784
58,7,0,0,-1.0281638968236397
58,8,0,0,-1.2082381576208583
58,9,0,0,-1.0206801186038026
58,10,0,0,-1.3458233970158044
58,11,0,0,-0.02510696331769835
58,12,0,0,-1.0989268863533097
58,13,0,0,-1.0152576497535937
58,14,0,0,-0.7638104390505855
58,15,0,0,-0.4049470959980257
58,16,0,0,-0.9724597064603432
58,17,0,0,-1.2877331854243579
58,18,0,0,0.7908068305275806
58,19,0,0,-0.2411367324076722
58,20,0,0,-0.5122165600112043
58,21,0,0,-0.2858428193378571
58,22,0,0,-0.747840752156901
58,23,0,0,-0.6797145569571276
58,24,0,0,-0.21232889562554824
58,25,0,0,0.07723259327935011
58,26,0,0,0.37022303505592624
58,27,0,0,0.3377516575568351
58,28,0,0,0.481991718545956
58,29,0,0,0.17456161095892675
58,30,0,0,0.2221442503396599
58,31,0,0,0.09579998025051534
58,32,0,0,0.2280589394169797
58,33,0,0,0.12747878655647682
58,34,0,0,-0.1312684090389553
58,35,0,0,0.9547412109176052
58,36,0,0,1.5369027591122038
58,37,0,0,1.3510526266112362
58,38,0,0,1.784599937079049
58,39,0,0,1.3550902146278687
58,40,0,0,0.8135987105286189
58,41,0,0,0.6631690949804824
58,42,0,0,1.5359306417105822
58,43,0,0,0.9908898633806089
58,44,0,0,1.379868515804601
58,45,0,0,1.983824850640137
58,46,0,0,2.0834350864346254
58,47,0,0,1.3080157559451973
58,48,0,0,1.741036426732439
58,49,0,0,1.7713144846801794
58,50,0,0,2.268464116150757
58,51,0,0,2.0069175337947542
58,52,0,0,1.771699579341497
58,53,0,0,1.7455840651390888
58,54,0,0,1.9806936399751356
58,55,0,0,2.2242138379871688
58,56,0,0,2.3614690821385462
58,57,0,0,2.6430681977335806
58,58,0,0,2.7393620879892113
58,59,0,0,2.4185725806178167
59,0,0,0,-0.1624036568576765
59,1,0,0,1.0410219578276887
59,2,0,0,0.17309134691912803
59,3,0,0,0.6085394832150341
59,4,0,0,-0.7739351711581872
59,5,0,0,0.5247473036316805
59,6,0,0,0.7264738029675475
59,7,0,0,0.32957702962025426
59,8,0,0,0.2738136535728696
59,9,0,0,0.4324114053228254
59,10,0,0,0.5140678747532814
59,11,0,0,0.8571743290700751
59,12,0,0,0.3473710263221901
59,13,0,0,-0.019166097904912638
59,14,0,0,1.3501001683053862
59,15,0,0,-0.00986532399484652
59,16,0,0,0.9940062453297768
59,17,0,0,1.7747969669084886
59,18,0,0,0.886256812660194
59,19,0,0,1.2695723835117647
59,20,0,0,1.414469327581327
59,21,0,0,1.2549702965051281
59,22,0,0,1.2425275472826516
59,23,0,0,1.514260564868714
59,24,0,0,1.0700602934724643
59,25,0,0,1.304614141102866
59,26,0,0,1.8736842273018581
59,27,0,0,1.179311485663546
59,28,0,0,1.5066714474340694
59,29,0,0,1.6677422511295854
59,30,0,0,1.3924293236934862
59,31,0,0,2.039803513622249
59,32,0,0,1.8959423529497959
59,33,0,0,2.4691075515058394
59,34,0,0,1.2990862300912482
59,35,0,0,2.1676690349682124
59,36,0,0,2.2554556111242428
59,37,0,0,2.4025738826259238
59,38,0,0,2.9124802972736874
59,39,0,0,1.635850333593177
59,40,0,0,2.3386427898535396
59,41,0,0,2.0109313772804187
59,42,0,0,1.741037452740112
59,43,0,0,2.0648501033480473
59,44,0,0,2.5966135727841366
59,45,0,0,3.3272909252087173
59,46,0,0,1.4831127592880469
59,47,0,0,2.3113048572584898
59,48,0,0,2.836380154682345
59,49,0,0,1.4523221058046787
59,50,0,0,1.957775880532424
59,51,0,0,3.2696261081696245
59,52,0,0,2.9758839665846923
59,53,0,0,2.6131299712503204
59,54,0,0,2.287834713494502
59,55,0,0,2.4717637942949064
59,56,0,0,3.7097661466773912
59,57,0,0,2.7460131055817154
59,58,0,0,3.3316517233047325
59,59,0,0,3.296058016429357
60,0,0,0,-0.3797991636230879
60,1,0,0,0.1897935912791479
60,2,0,0,0.006995528275520191
60,3,0,0,0.11209740988717853
60,4,0,0,-0.0975300233657625
60,5,0,0,0.46905865033675254
60,6,0,0,0.0679148840217692
60,7,0,0,0.6415096358256249
60,8,0,0,0.6673267052686024
60,9,0,0,1.1742170400474166
60,10,0,0,1.0839511706405476
60,11,0,0,1.2269079585163896
60,12,0,0,-0.15729956031607484
60,13,0,0,1.0891442008528402
60,14,0,0,1.050199415174334
60,15,0,0,0.6551573796972909
60,16,0,0,1.7157080877315969
60,17,0,0,0.45764236500125566
60,18,0,0,1.298375718184447
60,19,0,0,0.8667748561074786
60,20,0,0,1.326964333975619
60,21,0,0,1.2127987061541494
60,22,0,0,0.7754836672699468
60,23,0,0,1.106567192316689
60,24,0,0,1.5270242450767786
60,25,0,0,1.4637551546456233
60,26,0,0,1.2487492566216691
60,27,0,0,1.5726392323061686
60,28,0,0,1.6538046877669204
60,29,0,0,2.022558436815894
60,30,0,0,1.361708977582485
60,31,0,0,1.9850039604247982
60,32,0,0,1.47148337387831
60,33,0,0,1.6357970630455199
60,34,0,0,1.301623993491233
60,35,0,0,1.8390897714801966
60,36,0,0,2.3891288655484604
60,37,0,0,2.3766949273884954
60,38,0,0,2.7567067054319914
60,39,0,0,2.2751837660310623
60,40,0,0,1.840620366922687
60,41,0,0,1.5322176410852095
60,42,0,0,1.8595932519625555
60,43,0,0,1.3934773683801567
60,44,0,0,1.7892346273937836
60,45,0,0,2.793660973421787
60,46,0,0,2.0426870274708078
60,47,0,0,2.8989156186302245
60,48,0,0,2.396423714215278
60,49,0,0,2.762200327053345
60,50,0,0,2.8386916246625504
60,51,0,0,1.9446800673550726
60,52,0,0,2.820372646543124
60,53,0,0,2.6278863583147434
60,54,0,0,2.6597449676718226
60,55,0,0,3.054783573273128
60,56,0,0,4.0282802674085705
60,57,0,0,3.2316997817875324
60,58,0,0,3.365371100487248
60,59,0,0,3.244692810501404
