unit_id,time,unit_slope_truth,y0_truth,tau_i_truth,tau_observed_truth
1,0,0.11045216042899757,-0.06853641380449088,1.366933961965419,0.0
1,1,0.11045216042899757,1.2631889363245725,1.366933961965419,0.0
1,2,0.11045216042899757,0.6309131180093558,1.366933961965419,0.0
1,3,0.11045216042899757,1.0314774294292506,1.366933961965419,0.0
1,4,0.11045216042899757,1.2388107600164573,1.366933961965419,0.0
1,5,0.11045216042899757,1.136542353342132,1.366933961965419,0.0
1,6,0.11045216042899757,1.2210185353785834,1.366933961965419,0.0
1,7,0.11045216042899757,0.7229126512716382,1.366933961965419,0.0
1,8,0.11045216042899757,1.2972061887940982,1.366933961965419,0.0
1,9,0.11045216042899757,1.2635865008801703,1.366933961965419,0.0
1,10,0.11045216042899757,1.5916948622553841,1.366933961965419,0.0
1,11,0.11045216042899757,0.6214315168343305,1.366933961965419,0.0
1,12,0.11045216042899757,1.1889169023383714,1.366933961965419,0.0
1,13,0.11045216042899757,1.8051424385485384,1.366933961965419,0.0
1,14,0.11045216042899757,2.136337001817944,1.366933961965419,0.0
1,15,0.11045216042899757,2.062728281864993,1.366933961965419,0.0
1,16,0.11045216042899757,1.813016350471448,1.366933961965419,0.0
1,17,0.11045216042899757,2.126934670485018,1.366933961965419,0.0
1,18,0.11045216042899757,2.3029173512147048,1.366933961965419,0.0
1,19,0.11045216042899757,1.3618889930218843,1.366933961965419,0.0
1,20,0.11045216042899757,2.3807440577720724,1.366933961965419,0.0
1,21,0.11045216042899757,2.501167562681391,1.366933961965419,0.0
1,22,0.11045216042899757,2.647872373500263,1.366933961965419,0.0
1,23,0.11045216042899757,3.154146570949333,1.366933961965419,0.0
1,24,0.11045216042899757,2.6848449234545595,1.366933961965419,0.0
1,25,0.11045216042899757,3.425832268567957,1.366933961965419,0.0
1,26,0.11045216042899757,3.485664295262256,1.366933961965419,0.0
1,27,0.11045216042899757,3.644023697198955,1.366933961965419,0.0
1,28,0.11045216042899757,3.6805745217700525,1.366933961965419,0.0
1,29,0.11045216042899757,4.1095643660250785,1.366933961965419,0.0
1,30,0.11045216042899757,4.601730427747979,1.366933961965419,1.366933961965419
1,31,0.11045216042899757,3.8313441030547937,1.366933961965419,1.366933961965419
1,32,0.11045216042899757,3.695994764051048,1.366933961965419,1.366933961965419
1,33,0.11045216042899757,4.2580315006354805,1.366933961965419,1.366933961965419
1,34,0.11045216042899757,5.078765621822765,1.366933961965419,1.366933961965419
1,35,0.11045216042899757,4.36765053205881,1.366933961965419,1.366933961965419
1,36,0.11045216042899757,4.373661338532461,1.366933961965419,1.366933961965419
1,37,0.11045216042899757,4.317173452691041,1.366933961965419,1.366933961965419
1,38,0.11045216042899757,4.2538995119936205,1.366933961965419,1.366933961965419
1,39,0.11045216042899757,4.355948167327709,1.366933961965419,1.366933961965419
1,40,0.11045216042899757,6.049603621557896,1.366933961965419,1.366933961965419
1,41,0.11045216042899757,4.731070915474435,1.366933961965419,1.366933961965419
1,42,0.11045216042899757,4.64768231013575,1.366933961965419,1.366933961965419
1,43,0.11045216042899757,5.135486973498534,1.366933961965419,1.366933961965419
1,44,0.11045216042899757,5.642032689119923,1.366933961965419,1.366933961965419
1,45,0.11045216042899757,5.021529813593084,1.366933961965419,1.366933961965419
1,46,0.11045216042899757,5.274207730076382,1.366933961965419,1.366933961965419
1,47,0.11045216042899757,5.648351114554467,1.366933961965419,1.366933961965419
1,48,0.11045216042899757,6.116099143084051,1.366933961965419,1.366933961965419
1,49,0.11045216042899757,5.402086611594932,1.366933961965419,1.366933961965419
1,50,0.11045216042899757,6.08720954070649,1.366933961965419,1.366933961965419
1,51,0.11045216042899757,6.842662253235504,1.366933961965419,1.366933961965419
1,52,0.11045216042899757,5.8427560808482255,1.366933961965419,1.366933961965419
1,53,0.11045216042899757,5.868537294979089,1.366933961965419,1.366933961965419
1,54,0.11045216042899757,6.584646739977635,1.366933961965419,1.366933961965419
1,55,0.11045216042899757,6.850734895992793,1.366933961965419,1.366933961965419
1,56,0.11045216042899757,6.520932072865252,1.366933961965419,1.366933961965419
1,57,0.11045216042899757,6.782780888370581,1.366933961965419,1.366933961965419
1,58,0.11045216042899757,7.118498637652031,1.366933961965419,1.366933961965419
1,59,0.11045216042899757,7.317346128199726,1.366933961965419,1.366933961965419
2,0,0.13620610659078342,0.1457195212905642,1.1194727630709536,0.0
2,1,0.13620610659078342,-0.1486459168583948,1.1194727630709536,0.0
2,2,0.13620610659078342,0.6065557506081687,1.1194727630709536,0.0
2,3,0.13620610659078342,0.511590177707352,1.1194727630709536,0.0
2,4,0.13620610659078342,1.2711513919731403,1.1194727630709536,0.0
2,5,0.13620610659078342,0.8293296773176653,1.1194727630709536,0.0
2,6,0.13620610659078342,0.973133095802071,1.1194727630709536,0.0
2,7,0.13620610659078342,1.1740018956469924,1.1194727630709536,0.0
2,8,0.13620610659078342,1.4801157669694347,1.1194727630709536,0.0
2,9,0.13620610659078342,1.1962126953941865,1.1194727630709536,0.0
2,10,0.13620610659078342,0.9656815012513495,1.1194727630709536,0.0
2,11,0.13620610659078342,1.2035085094376017,1.1194727630709536,0.0
2,12,0.13620610659078342,1.9215068306499643,1.1194727630709536,0.0
2,13,0.13620610659078342,2.5369593288218004,1.1194727630709536,0.0
2,14,0.13620610659078342,1.6588447904514165,1.1194727630709536,0.0
2,15,0.13620610659078342,2.4358452114131137,1.1194727630709536,0.0
2,16,0.13620610659078342,1.705494284755765,1.1194727630709536,0.0
2,17,0.13620610659078342,2.690152262079894,1.1194727630709536,0.0
2,18,0.13620610659078342,2.3587212941250906,1.1194727630709536,0.0
2,19,0.13620610659078342,2.661153213151891,1.1194727630709536,0.0
2,20,0.13620610659078342,3.3433035089156142,1.1194727630709536,0.0
2,21,0.13620610659078342,3.7955981619467836,1.1194727630709536,0.0
2,22,0.13620610659078342,2.949116334810073,1.1194727630709536,0.0
2,23,0.13620610659078342,2.8034295573367443,1.1194727630709536,0.0
2,24,0.13620610659078342,2.9860363734631714,1.1194727630709536,0.0
2,25,0.13620610659078342,3.631828445340135,1.1194727630709536,0.0
2,26,0.13620610659078342,3.560476566727442,1.1194727630709536,0.0
2,27,0.13620610659078342,3.5573684577996016,1.1194727630709536,0.0
2,28,0.13620610659078342,3.5148938761237503,1.1194727630709536,0.0
2,29,0.13620610659078342,3.9643194326993454,1.1194727630709536,0.0
2,30,0.13620610659078342,3.9082799619450945,1.1194727630709536,1.1194727630709536
2,31,0.13620610659078342,4.73905874556579,1.1194727630709536,1.1194727630709536
2,32,0.13620610659078342,4.3042970699082135,1.1194727630709536,1.1194727630709536
2,33,0.13620610659078342,5.165582753996603,1.1194727630709536,1.1194727630709536
2,34,0.13620610659078342,5.0893759247875545,1.1194727630709536,1.1194727630709536
2,35,0.13620610659078342,5.177587505054324,1.1194727630709536,1.1194727630709536
2,36,0.13620610659078342,5.10347288389737,1.1194727630709536,1.1194727630709536
2,37,0.13620610659078342,4.60031170526627,1.1194727630709536,1.1194727630709536
2,38,0.13620610659078342,5.594939646892178,1.1194727630709536,1.1194727630709536
2,39,0.13620610659078342,5.902769519320502,1.1194727630709536,1.1194727630709536
2,40,0.13620610659078342,5.440177726074538,1.1194727630709536,1.1194727630709536
2,41,0.13620610659078342,5.1134591106249,1.1194727630709536,1.1194727630709536
2,42,0.13620610659078342,5.325634558287874,1.1194727630709536,1.1194727630709536
2,43,0.13620610659078342,5.519287279213564,1.1194727630709536,1.1194727630709536
2,44,0.13620610659078342,5.599070365484025,1.1194727630709536,1.1194727630709536
2,45,0.13620610659078342,6.871349660400658,1.1194727630709536,1.1194727630709536
2,46,0.13620610659078342,6.378958053037322,1.1194727630709536,1.1194727630709536
2,47,0.13620610659078342,6.9010086419191845,1.1194727630709536,1.1194727630709536
2,48,0.13620610659078342,6.304494720251991,1.1194727630709536,1.1194727630709536
2,49,0.13620610659078342,7.111804342724955,1.1194727630709536,1.1194727630709536
2,50,0.13620610659078342,7.115623317068456,1.1194727630709536,1.1194727630709536
2,51,0.13620610659078342,7.414755686831821,1.1194727630709536,1.1194727630709536
2,52,0.13620610659078342,6.87154593243452,1.1194727630709536,1.1194727630709536
2,53,0.13620610659078342,7.203664633605909,1.1194727630709536,1.1194727630709536
2,54,0.13620610659078342,7.060681855625933,1.1194727630709536,1.1194727630709536
2,55,0.13620610659078342,6.925656385562654,1.1194727630709536,1.1194727630709536
2,56,0.13620610659078342,7.203597929468815,1.1194727630709536,1.1194727630709536
2,57,0.13620610659078342,7.755730572218775,1.1194727630709536,1.1194727630709536
2,58,0.13620610659078342,7.784701429692532,1.1194727630709536,1.1194727630709536
2,59,0.13620610659078342,7.715788894786604,1.1194727630709536,1.1194727630709536
3,0,0.1381458823089873,-0.44903027950744534,1.3528702790486962,0.0
3,1,0.1381458823089873,-0.45423389200882525,1.3528702790486962,0.0
3,2,0.1381458823089873,-0.487323243166028,1.3528702790486962,0.0
3,3,0.1381458823089873,0.03702981542604977,1.3528702790486962,0.0
3,4,0.1381458823089873,-0.22079271177617085,1.3528702790486962,0.0
3,5,0.1381458823089873,-0.1822413246216741,1.3528702790486962,0.0
3,6,0.1381458823089873,0.12927532553307614,1.3528702790486962,0.0
3,7,0.1381458823089873,0.47769341591898484,1.3528702790486962,0.0
3,8,0.1381458823089873,-0.021097700971738742,1.3528702790486962,0.0
3,9,0.1381458823089873,0.3430213057368646,1.3528702790486962,0.0
3,10,0.1381458823089873,0.166212760418264,1.3528702790486962,0.0
3,11,0.1381458823089873,0.8009713551838473,1.3528702790486962,0.0
3,12,0.1381458823089873,0.7781909052352556,1.3528702790486962,0.0
3,13,0.1381458823089873,1.5962593017770965,1.3528702790486962,0.0
3,14,0.1381458823089873,0.7336519350128892,1.3528702790486962,0.0
3,15,0.1381458823089873,1.303799112166043,1.3528702790486962,0.0
3,16,0.1381458823089873,2.115421778424215,1.3528702790486962,0.0
3,17,0.1381458823089873,2.432824973586354,1.3528702790486962,0.0
3,18,0.1381458823089873,0.7610687610968827,1.3528702790486962,0.0
3,19,0.1381458823089873,2.019789077451892,1.3528702790486962,0.0
3,20,0.1381458823089873,1.3589442209877145,1.3528702790486962,0.0
3,21,0.1381458823089873,1.7927637549498425,1.3528702790486962,0.0
3,22,0.1381458823089873,2.489615971938001,1.3528702790486962,0.0
3,23,0.1381458823089873,2.5971205967266457,1.3528702790486962,0.0
3,24,0.1381458823089873,3.4594813636590134,1.3528702790486962,0.0
3,25,0.1381458823089873,2.5125441686631076,1.3528702790486962,0.0
3,26,0.1381458823089873,3.058836032847848,1.3528702790486962,0.0
3,27,0.1381458823089873,3.2157488405202233,1.3528702790486962,0.0
3,28,0.1381458823089873,3.472173442526904,1.3528702790486962,0.0
3,29,0.1381458823089873,3.0597779370335685,1.3528702790486962,0.0
3,30,0.1381458823089873,3.813622443013286,1.3528702790486962,1.3528702790486962
3,31,0.1381458823089873,2.992349419169543,1.3528702790486962,1.3528702790486962
3,32,0.1381458823089873,3.3837026598130713,1.3528702790486962,1.3528702790486962
3,33,0.1381458823089873,3.770476626033029,1.3528702790486962,1.3528702790486962
3,34,0.1381458823089873,4.242856083826803,1.3528702790486962,1.3528702790486962
3,35,0.1381458823089873,3.851396701931784,1.3528702790486962,1.3528702790486962
3,36,0.1381458823089873,4.348949709282891,1.3528702790486962,1.3528702790486962
3,37,0.1381458823089873,5.126235245495994,1.3528702790486962,1.3528702790486962
3,38,0.1381458823089873,3.9970167344485237,1.3528702790486962,1.3528702790486962
3,39,0.1381458823089873,4.752497092921171,1.3528702790486962,1.3528702790486962
3,40,0.1381458823089873,4.818188123564409,1.3528702790486962,1.3528702790486962
3,41,0.1381458823089873,3.862093800687196,1.3528702790486962,1.3528702790486962
3,42,0.1381458823089873,4.478564539565182,1.3528702790486962,1.3528702790486962
3,43,0.1381458823089873,5.004025537316717,1.3528702790486962,1.3528702790486962
3,44,0.1381458823089873,5.248225069928136,1.3528702790486962,1.3528702790486962
3,45,0.1381458823089873,4.876698019498707,1.3528702790486962,1.3528702790486962
3,46,0.1381458823089873,5.4330717704832034,1.3528702790486962,1.3528702790486962
3,47,0.1381458823089873,5.825612900511255,1.3528702790486962,1.3528702790486962
3,48,0.1381458823089873,5.964099649381422,1.3528702790486962,1.3528702790486962
3,49,0.1381458823089873,6.178832686896762,1.3528702790486962,1.3528702790486962
3,50,0.1381458823089873,6.174641504378951,1.3528702790486962,1.3528702790486962
3,51,0.1381458823089873,6.856993094274984,1.3528702790486962,1.3528702790486962
3,52,0.1381458823089873,5.899771585312457,1.3528702790486962,1.3528702790486962
3,53,0.1381458823089873,7.043349531436521,1.3528702790486962,1.3528702790486962
3,54,0.1381458823089873,7.120852218604615,1.3528702790486962,1.3528702790486962
3,55,0.1381458823089873,7.001127324595907,1.3528702790486962,1.3528702790486962
3,56,0.1381458823089873,7.521135187882923,1.3528702790486962,1.3528702790486962
3,57,0.1381458823089873,6.853048969841421,1.3528702790486962,1.3528702790486962
3,58,0.1381458823089873,7.616889063791336,1.3528702790486962,1.3528702790486962
3,59,0.1381458823089873,7.750325553875903,1.3528702790486962,1.3528702790486962
4,0,0.11206948252434426,-1.437853764581334,1.1707646485749916,0.0
4,1,0.11206948252434426,-1.6623083612091143,1.1707646485749916,0.0
4,2,0.11206948252434426,-1.4061006060731742,1.1707646485749916,0.0
4,3,0.11206948252434426,-1.3949067307977254,1.1707646485749916,0.0
4,4,0.11206948252434426,-0.6233913468610452,1.1707646485749916,0.0
4,5,0.11206948252434426,-0.5699149785719475,1.1707646485749916,0.0
4,6,0.11206948252434426,-0.2865042922883968,1.1707646485749916,0.0
4,7,0.11206948252434426,-0.27011107539725704,1.1707646485749916,0.0
4,8,0.11206948252434426,-0.8512999514113729,1.1707646485749916,0.0
4,9,0.11206948252434426,-0.5522715723551435,1.1707646485749916,0.0
4,10,0.11206948252434426,-0.22618240850181245,1.1707646485749916,0.0
4,11,0.11206948252434426,0.008304197410859637,1.1707646485749916,0.0
4,12,0.11206948252434426,-0.18241832129055505,1.1707646485749916,0.0
4,13,0.11206948252434426,-0.05507312949922959,1.1707646485749916,0.0
4,14,0.11206948252434426,0.1723079681856818,1.1707646485749916,0.0
4,15,0.11206948252434426,0.6724029751890153,1.1707646485749916,0.0
4,16,0.11206948252434426,0.030848954666536532,1.1707646485749916,0.0
4,17,0.11206948252434426,1.0755615426772653,1.1707646485749916,0.0
4,18,0.11206948252434426,0.5093155585205472,1.1707646485749916,0.0
4,19,0.11206948252434426,0.8427389365960793,1.1707646485749916,0.0
4,20,0.11206948252434426,0.7377383867220081,1.1707646485749916,0.0
4,21,0.11206948252434426,1.1552861949738742,1.1707646485749916,0.0
4,22,0.11206948252434426,1.5077349489796728,1.1707646485749916,0.0
4,23,0.11206948252434426,1.7828603036599828,1.1707646485749916,0.0
4,24,0.11206948252434426,1.130651784769805,1.1707646485749916,0.0
4,25,0.11206948252434426,1.4881438815277988,1.1707646485749916,0.0
4,26,0.11206948252434426,1.8544880072848744,1.1707646485749916,0.0
4,27,0.11206948252434426,1.7073136345506832,1.1707646485749916,0.0
4,28,0.11206948252434426,1.1501936135340376,1.1707646485749916,0.0
4,29,0.11206948252434426,2.52546909709616,1.1707646485749916,0.0
4,30,0.11206948252434426,1.9418706644442825,1.1707646485749916,1.1707646485749916
4,31,0.11206948252434426,2.5268592987531693,1.1707646485749916,1.1707646485749916
4,32,0.11206948252434426,2.209543452192012,1.1707646485749916,1.1707646485749916
4,33,0.11206948252434426,3.3463391447369975,1.1707646485749916,1.1707646485749916
4,34,0.11206948252434426,2.279655346151702,1.1707646485749916,1.1707646485749916
4,35,0.11206948252434426,2.8338608861364163,1.1707646485749916,1.1707646485749916
4,36,0.11206948252434426,3.3105595174789455,1.1707646485749916,1.1707646485749916
4,37,0.11206948252434426,2.9972945611739403,1.1707646485749916,1.1707646485749916
4,38,0.11206948252434426,2.260557655077615,1.1707646485749916,1.1707646485749916
4,39,0.11206948252434426,3.047606747486426,1.1707646485749916,1.1707646485749916
4,40,0.11206948252434426,2.7687782702590167,1.1707646485749916,1.1707646485749916
4,41,0.11206948252434426,3.5205565058407955,1.1707646485749916,1.1707646485749916
4,42,0.11206948252434426,3.064487669858892,1.1707646485749916,1.1707646485749916
4,43,0.11206948252434426,2.984089815802262,1.1707646485749916,1.1707646485749916
4,44,0.11206948252434426,3.5098956376864865,1.1707646485749916,1.1707646485749916
4,45,0.11206948252434426,4.476063095572264,1.1707646485749916,1.1707646485749916
4,46,0.11206948252434426,4.6755359860668495,1.1707646485749916,1.1707646485749916
4,47,0.11206948252434426,3.790510774257195,1.1707646485749916,1.1707646485749916
4,48,0.11206948252434426,4.337056204688384,1.1707646485749916,1.1707646485749916
4,49,0.11206948252434426,4.36947326755083,1.1707646485749916,1.1707646485749916
4,50,0.11206948252434426,3.752049924882713,1.1707646485749916,1.1707646485749916
4,51,0.11206948252434426,4.502139707860305,1.1707646485749916,1.1707646485749916
4,52,0.11206948252434426,4.123343012086032,1.1707646485749916,1.1707646485749916
4,53,0.11206948252434426,4.800912305620193,1.1707646485749916,1.1707646485749916
4,54,0.11206948252434426,5.092600671785765,1.1707646485749916,1.1707646485749916
4,55,0.11206948252434426,4.785179026739171,1.1707646485749916,1.1707646485749916
4,56,0.11206948252434426,5.193338603681973,1.1707646485749916,1.1707646485749916
4,57,0.11206948252434426,5.501645658770448,1.1707646485749916,1.1707646485749916
4,58,0.11206948252434426,4.650721032080131,1.1707646485749916,1.1707646485749916
4,59,0.11206948252434426,5.006720822682276,1.1707646485749916,1.1707646485749916
5,0,0.11527641940688425,-0.3345728895677725,1.4727185808223204,0.0
5,1,0.11527641940688425,0.05226073603694209,1.4727185808223204,0.0
5,2,0.11527641940688425,-0.11276799317162181,1.4727185808223204,0.0
5,3,0.11527641940688425,-0.22845358018352818,1.4727185808223204,0.0
5,4,0.11527641940688425,0.1358624070801,1.4727185808223204,0.0
5,5,0.11527641940688425,0.31718541635189257,1.4727185808223204,0.0
5,6,0.11527641940688425,-0.22950291941936368,1.4727185808223204,0.0
5,7,0.11527641940688425,0.04995459371951183,1.4727185808223204,0.0
5,8,0.11527641940688425,0.43290545571611927,1.4727185808223204,0.0
5,9,0.11527641940688425,0.1188341102532311,1.4727185808223204,0.0
5,10,0.11527641940688425,0.4875826030785473,1.4727185808223204,0.0
5,11,0.11527641940688425,0.5711378108322195,1.4727185808223204,0.0
5,12,0.11527641940688425,1.3654384257234462,1.4727185808223204,0.0
5,13,0.11527641940688425,0.9039669780806119,1.4727185808223204,0.0
5,14,0.11527641940688425,1.9390448804584128,1.4727185808223204,0.0
5,15,0.11527641940688425,0.8562430969156032,1.4727185808223204,0.0
5,16,0.11527641940688425,1.274043683648674,1.4727185808223204,0.0
5,17,0.11527641940688425,1.4215541741479436,1.4727185808223204,0.0
5,18,0.11527641940688425,1.9063178070452482,1.4727185808223204,0.0
5,19,0.11527641940688425,0.9833435171272421,1.4727185808223204,0.0
5,20,0.11527641940688425,2.1994104375755104,1.4727185808223204,0.0
5,21,0.11527641940688425,2.2484305274802914,1.4727185808223204,0.0
5,22,0.11527641940688425,2.139464712222516,1.4727185808223204,0.0
5,23,0.11527641940688425,2.2528307550966895,1.4727185808223204,0.0
5,24,0.11527641940688425,1.6748918918708573,1.4727185808223204,0.0
5,25,0.11527641940688425,2.486911470413732,1.4727185808223204,0.0
5,26,0.11527641940688425,2.231184797624317,1.4727185808223204,0.0
5,27,0.11527641940688425,2.973979332449346,1.4727185808223204,0.0
5,28,0.11527641940688425,2.546730451103968,1.4727185808223204,0.0
5,29,0.11527641940688425,2.672263273183711,1.4727185808223204,0.0
5,30,0.11527641940688425,2.629259715462549,1.4727185808223204,1.4727185808223204
5,31,0.11527641940688425,2.9647475926992715,1.4727185808223204,1.4727185808223204
5,32,0.11527641940688425,3.423447306093739,1.4727185808223204,1.4727185808223204
5,33,0.11527641940688425,3.8068970535700477,1.4727185808223204,1.4727185808223204
5,34,0.11527641940688425,3.5572457714756833,1.4727185808223204,1.4727185808223204
5,35,0.11527641940688425,3.4413508080010575,1.4727185808223204,1.4727185808223204
5,36,0.11527641940688425,3.9502806181229144,1.4727185808223204,1.4727185808223204
5,37,0.11527641940688425,3.420748400094934,1.4727185808223204,1.4727185808223204
5,38,0.11527641940688425,4.476277938133596,1.4727185808223204,1.4727185808223204
5,39,0.11527641940688425,3.944323273716246,1.4727185808223204,1.4727185808223204
5,40,0.11527641940688425,3.6889968851091637,1.4727185808223204,1.4727185808223204
5,41,0.11527641940688425,4.012411869782373,1.4727185808223204,1.4727185808223204
5,42,0.11527641940688425,4.402306448721661,1.4727185808223204,1.4727185808223204
5,43,0.11527641940688425,4.427671639783788,1.4727185808223204,1.4727185808223204
5,44,0.11527641940688425,4.552830810589723,1.4727185808223204,1.4727185808223204
5,45,0.11527641940688425,5.065830515871587,1.4727185808223204,1.4727185808223204
5,46,0.11527641940688425,4.577162506930426,1.4727185808223204,1.4727185808223204
5,47,0.11527641940688425,4.9675110101235065,1.4727185808223204,1.4727185808223204
5,48,0.11527641940688425,4.844665650955133,1.4727185808223204,1.4727185808223204
5,49,0.11527641940688425,4.583006497649996,1.4727185808223204,1.4727185808223204
5,50,0.11527641940688425,4.879105072494993,1.4727185808223204,1.4727185808223204
5,51,0.11527641940688425,5.4037683026033285,1.4727185808223204,1.4727185808223204
5,52,0.11527641940688425,5.380572742881444,1.4727185808223204,1.4727185808223204
5,53,0.11527641940688425,5.386388981421979,1.4727185808223204,1.4727185808223204
5,54,0.11527641940688425,5.870986282087103,1.4727185808223204,1.4727185808223204
5,55,0.11527641940688425,5.427219308594777,1.4727185808223204,1.4727185808223204
5,56,0.11527641940688425,5.696362441615199,1.4727185808223204,1.4727185808223204
5,57,0.11527641940688425,5.896197160116858,1.4727185808223204,1.4727185808223204
5,58,0.11527641940688425,6.996490207946774,1.4727185808223204,1.4727185808223204
5,59,0.11527641940688425,5.9393646928624735,1.4727185808223204,1.4727185808223204
6,0,0.10259319769824543,-1.3949490140404506,1.3344575397320702,0.0
6,1,0.10259319769824543,-0.5574609083326106,1.3344575397320702,0.0
6,2,0.10259319769824543,-0.44725170915996226,1.3344575397320702,0.0
6,3,0.10259319769824543,-0.8063949762253771,1.3344575397320702,0.0
6,4,0.10259319769824543,-1.197043851945987,1.3344575397320702,0.0
6,5,0.10259319769824543,-0.5254143386973273,1.3344575397320702,0.0
6,6,0.10259319769824543,-0.9405684207465772,1.3344575397320702,0.0
6,7,0.10259319769824543,-0.36182175304538283,1.3344575397320702,0.0
6,8,0.10259319769824543,-1.2342078413427915,1.3344575397320702,0.0
6,9,0.10259319769824543,-0.6853042074222374,1.3344575397320702,0.0
6,10,0.10259319769824543,-0.12318790928443557,1.3344575397320702,0.0
6,11,0.10259319769824543,0.10058062373337012,1.3344575397320702,0.0
6,12,0.10259319769824543,-0.35089399026531043,1.3344575397320702,0.0
6,13,0.10259319769824543,-0.4487020783646882,1.3344575397320702,0.0
6,14,0.10259319769824543,0.6413457912908955,1.3344575397320702,0.0
6,15,0.10259319769824543,-0.2582784435512204,1.3344575397320702,0.0
6,16,0.10259319769824543,-0.13505856398053823,1.3344575397320702,0.0
6,17,0.10259319769824543,0.6629992803474472,1.3344575397320702,0.0
6,18,0.10259319769824543,0.16652381767015406,1.3344575397320702,0.0
6,19,0.10259319769824543,0.8192784692066946,1.3344575397320702,0.0
6,20,0.10259319769824543,1.0306008948485779,1.3344575397320702,0.0
6,21,0.10259319769824543,0.8160955316558749,1.3344575397320702,0.0
6,22,0.10259319769824543,0.759495367153995,1.3344575397320702,0.0
6,23,0.10259319769824543,0.7091480556586601,1.3344575397320702,0.0
6,24,0.10259319769824543,0.6026874751844065,1.3344575397320702,0.0
6,25,0.10259319769824543,1.3990975049426035,1.3344575397320702,0.0
6,26,0.10259319769824543,1.5784540812899022,1.3344575397320702,0.0
6,27,0.10259319769824543,1.131320088960584,1.3344575397320702,0.0
6,28,0.10259319769824543,1.008357657092719,1.3344575397320702,0.0
6,29,0.10259319769824543,1.3598598967302375,1.3344575397320702,0.0
6,30,0.10259319769824543,1.6404860582569252,1.3344575397320702,1.3344575397320702
6,31,0.10259319769824543,1.6282409693338213,1.3344575397320702,1.3344575397320702
6,32,0.10259319769824543,1.85293374638561,1.3344575397320702,1.3344575397320702
6,33,0.10259319769824543,1.7003684816295128,1.3344575397320702,1.3344575397320702
6,34,0.10259319769824543,1.9625474607397344,1.3344575397320702,1.3344575397320702
6,35,0.10259319769824543,2.824665323896274,1.3344575397320702,1.3344575397320702
6,36,0.10259319769824543,2.154513801028794,1.3344575397320702,1.3344575397320702
6,37,0.10259319769824543,2.5461467250654395,1.3344575397320702,1.3344575397320702
6,38,0.10259319769824543,3.3260787761092274,1.3344575397320702,1.3344575397320702
6,39,0.10259319769824543,2.7595797392825108,1.3344575397320702,1.3344575397320702
6,40,0.10259319769824543,2.247133689190136,1.3344575397320702,1.3344575397320702
6,41,0.10259319769824543,2.6126288145910523,1.3344575397320702,1.3344575397320702
6,42,0.10259319769824543,2.6629574726740843,1.3344575397320702,1.3344575397320702
6,43,0.10259319769824543,3.415630691017308,1.3344575397320702,1.3344575397320702
6,44,0.10259319769824543,3.1956670947223365,1.3344575397320702,1.3344575397320702
6,45,0.10259319769824543,3.054988574964592,1.3344575397320702,1.3344575397320702
6,46,0.10259319769824543,3.065342004439189,1.3344575397320702,1.3344575397320702
6,47,0.10259319769824543,3.409341013570103,1.3344575397320702,1.3344575397320702
6,48,0.10259319769824543,4.220786641002244,1.3344575397320702,1.3344575397320702
6,49,0.10259319769824543,3.9590098503167996,1.3344575397320702,1.3344575397320702
6,50,0.10259319769824543,3.362069773233532,1.3344575397320702,1.3344575397320702
6,51,0.10259319769824543,3.36311244748574,1.3344575397320702,1.3344575397320702
6,52,0.10259319769824543,4.210471377227306,1.3344575397320702,1.3344575397320702
6,53,0.10259319769824543,3.7494838947334643,1.3344575397320702,1.3344575397320702
6,54,0.10259319769824543,3.9832490239977867,1.3344575397320702,1.3344575397320702
6,55,0.10259319769824543,3.8382662913751013,1.3344575397320702,1.3344575397320702
6,56,0.10259319769824543,5.197306029274585,1.3344575397320702,1.3344575397320702
6,57,0.10259319769824543,4.590597013797394,1.3344575397320702,1.3344575397320702
6,58,0.10259319769824543,4.575296516235024,1.3344575397320702,1.3344575397320702
6,59,0.10259319769824543,4.871569413670004,1.3344575397320702,1.3344575397320702
7,0,0.1254013457664217,-0.5036748146740537,1.3093630439055286,0.0
7,1,0.1254013457664217,0.4111176182294878,1.3093630439055286,0.0
7,2,0.1254013457664217,-0.19675080139887446,1.3093630439055286,0.0
7,3,0.1254013457664217,0.10854779326634977,1.3093630439055286,0.0
7,4,0.1254013457664217,0.47362951777863566,1.3093630439055286,0.0
7,5,0.1254013457664217,0.6944894071674756,1.3093630439055286,0.0
7,6,0.1254013457664217,0.5713617188953254,1.3093630439055286,0.0
7,7,0.1254013457664217,0.6839170791662222,1.3093630439055286,0.0
7,8,0.1254013457664217,0.7501275500294149,1.3093630439055286,0.0
7,9,0.1254013457664217,1.0114314300937106,1.3093630439055286,0.0
7,10,0.1254013457664217,1.6233740822145586,1.3093630439055286,0.0
7,11,0.1254013457664217,0.8292886155640405,1.3093630439055286,0.0
7,12,0.1254013457664217,0.7933148226561029,1.3093630439055286,0.0
7,13,0.1254013457664217,1.5853569783409465,1.3093630439055286,0.0
7,14,0.1254013457664217,1.0907839321537878,1.3093630439055286,0.0
7,15,0.1254013457664217,2.1730282338561975,1.3093630439055286,0.0
7,16,0.1254013457664217,1.5023857967957768,1.3093630439055286,0.0
7,17,0.1254013457664217,1.9417671845200604,1.3093630439055286,0.0
7,18,0.1254013457664217,2.2235515374413737,1.3093630439055286,0.0
7,19,0.1254013457664217,2.135370265200812,1.3093630439055286,0.0
7,20,0.1254013457664217,1.5724225305384254,1.3093630439055286,0.0
7,21,0.1254013457664217,3.0282959150228264,1.3093630439055286,0.0
7,22,0.1254013457664217,2.258606974886709,1.3093630439055286,0.0
7,23,0.1254013457664217,2.444555390436924,1.3093630439055286,0.0
7,24,0.1254013457664217,2.619838201977617,1.3093630439055286,0.0
7,25,0.1254013457664217,2.8101191028192236,1.3093630439055286,0.0
7,26,0.1254013457664217,3.038148375867115,1.3093630439055286,0.0
7,27,0.1254013457664217,2.6363778231761357,1.3093630439055286,0.0
7,28,0.1254013457664217,2.515815126224474,1.3093630439055286,0.0
7,29,0.1254013457664217,2.885347271610165,1.3093630439055286,0.0
7,30,0.1254013457664217,3.2155883232709503,1.3093630439055286,1.3093630439055286
7,31,0.1254013457664217,3.4118073134348,1.3093630439055286,1.3093630439055286
7,32,0.1254013457664217,3.1999093163250105,1.3093630439055286,1.3093630439055286
7,33,0.1254013457664217,3.8898863160872894,1.3093630439055286,1.3093630439055286
7,34,0.1254013457664217,3.0083553719768292,1.3093630439055286,1.3093630439055286
7,35,0.1254013457664217,3.5795251157700747,1.3093630439055286,1.3093630439055286
7,36,0.1254013457664217,3.77335794217547,1.3093630439055286,1.3093630439055286
7,37,0.1254013457664217,4.351825779263632,1.3093630439055286,1.3093630439055286
7,38,0.1254013457664217,4.518145492131843,1.3093630439055286,1.3093630439055286
7,39,0.1254013457664217,3.7368152404953694,1.3093630439055286,1.3093630439055286
7,40,0.1254013457664217,4.377421145017024,1.3093630439055286,1.3093630439055286
7,41,0.1254013457664217,5.513980427819859,1.3093630439055286,1.3093630439055286
7,42,0.1254013457664217,4.473281278199249,1.3093630439055286,1.3093630439055286
7,43,0.1254013457664217,4.1639309289976065,1.3093630439055286,1.3093630439055286
7,44,0.1254013457664217,5.008477077289273,1.3093630439055286,1.3093630439055286
7,45,0.1254013457664217,6.008035994984259,1.3093630439055286,1.3093630439055286
7,46,0.1254013457664217,5.236501055628507,1.3093630439055286,1.3093630439055286
7,47,0.1254013457664217,5.194129360388045,1.3093630439055286,1.3093630439055286
7,48,0.1254013457664217,5.521788789615604,1.3093630439055286,1.3093630439055286
7,49,0.1254013457664217,5.844274482277725,1.3093630439055286,1.3093630439055286
7,50,0.1254013457664217,5.958129874255048,1.3093630439055286,1.3093630439055286
7,51,0.1254013457664217,5.98221116532778,1.3093630439055286,1.3093630439055286
7,52,0.1254013457664217,6.772182519093439,1.3093630439055286,1.3093630439055286
7,53,0.1254013457664217,5.9040918019757775,1.3093630439055286,1.3093630439055286
7,54,0.1254013457664217,6.516142421569762,1.3093630439055286,1.3093630439055286
7,55,0.1254013457664217,6.482613199705566,1.3093630439055286,1.3093630439055286
7,56,0.1254013457664217,6.619546580378281,1.3093630439055286,1.3093630439055286
7,57,0.1254013457664217,6.783474583660352,1.3093630439055286,1.3093630439055286
7,58,0.1254013457664217,7.1863078758854355,1.3093630439055286,1.3093630439055286
7,59,0.1254013457664217,6.7421274023587,1.3093630439055286,1.3093630439055286
8,0,0.12005929755032325,-0.8426921136313994,1.1891721662343833,0.0
8,1,0.12005929755032325,0.05473973465116157,1.1891721662343833,0.0
8,2,0.12005929755032325,-0.16522555764646005,1.1891721662343833,0.0
8,3,0.12005929755032325,0.3971190820009429,1.1891721662343833,0.0
8,4,0.12005929755032325,0.5518473842631537,1.1891721662343833,0.0
8,5,0.12005929755032325,0.4803125084410013,1.1891721662343833,0.0
8,6,0.12005929755032325,0.5608400008474713,1.1891721662343833,0.0
8,7,0.12005929755032325,1.3560044062930094,1.1891721662343833,0.0
8,8,0.12005929755032325,1.384976956839218,1.1891721662343833,0.0
8,9,0.12005929755032325,1.1743075456835548,1.1891721662343833,0.0
8,10,0.12005929755032325,0.5797841681135725,1.1891721662343833,0.0
8,11,0.12005929755032325,1.5849747141228347,1.1891721662343833,0.0
8,12,0.12005929755032325,1.2651103494807596,1.1891721662343833,0.0
8,13,0.12005929755032325,2.074531923055005,1.1891721662343833,0.0
8,14,0.12005929755032325,1.043309111310798,1.1891721662343833,0.0
8,15,0.12005929755032325,1.203003321686584,1.1891721662343833,0.0
8,16,0.12005929755032325,1.7943111166400507,1.1891721662343833,0.0
8,17,0.12005929755032325,1.6455560483991976,1.1891721662343833,0.0
8,18,0.12005929755032325,1.7976526853964383,1.1891721662343833,0.0
8,19,0.12005929755032325,2.1503105883704183,1.1891721662343833,0.0
8,20,0.12005929755032325,1.885271907225409,1.1891721662343833,0.0
8,21,0.12005929755032325,2.18299286237382,1.1891721662343833,0.0
8,22,0.12005929755032325,2.206828999751804,1.1891721662343833,0.0
8,23,0.12005929755032325,1.4990810356957278,1.1891721662343833,0.0
8,24,0.12005929755032325,2.1544386692574067,1.1891721662343833,0.0
8,25,0.12005929755032325,2.5154134763540887,1.1891721662343833,0.0
8,26,0.12005929755032325,2.587581775564854,1.1891721662343833,0.0
8,27,0.12005929755032325,3.077126770225668,1.1891721662343833,0.0
8,28,0.12005929755032325,3.5156531341368504,1.1891721662343833,0.0
8,29,0.12005929755032325,3.002083532970927,1.1891721662343833,0.0
8,30,0.12005929755032325,3.6672539701835314,1.1891721662343833,1.1891721662343833
8,31,0.12005929755032325,3.7456750547312065,1.1891721662343833,1.1891721662343833
8,32,0.12005929755032325,3.265346096010849,1.1891721662343833,1.1891721662343833
8,33,0.12005929755032325,3.973627728983731,1.1891721662343833,1.1891721662343833
8,34,0.12005929755032325,3.536552844905138,1.1891721662343833,1.1891721662343833
8,35,0.12005929755032325,4.026225281961416,1.1891721662343833,1.1891721662343833
8,36,0.12005929755032325,4.8635607862598755,1.1891721662343833,1.1891721662343833
8,37,0.12005929755032325,4.2882001160849255,1.1891721662343833,1.1891721662343833
8,38,0.12005929755032325,4.233715897056131,1.1891721662343833,1.1891721662343833
8,39,0.12005929755032325,4.027993427711552,1.1891721662343833,1.1891721662343833
8,40,0.12005929755032325,4.468760136615314,1.1891721662343833,1.1891721662343833
8,41,0.12005929755032325,4.174670245846098,1.1891721662343833,1.1891721662343833
8,42,0.12005929755032325,5.386168403431576,1.1891721662343833,1.1891721662343833
8,43,0.12005929755032325,4.746943826940726,1.1891721662343833,1.1891721662343833
8,44,0.12005929755032325,5.574327543740332,1.1891721662343833,1.1891721662343833
8,45,0.12005929755032325,5.878995871188611,1.1891721662343833,1.1891721662343833
8,46,0.12005929755032325,4.724173912274542,1.1891721662343833,1.1891721662343833
8,47,0.12005929755032325,5.082492341169507,1.1891721662343833,1.1891721662343833
8,48,0.12005929755032325,4.958064330265242,1.1891721662343833,1.1891721662343833
8,49,0.12005929755032325,5.378170696109176,1.1891721662343833,1.1891721662343833
8,50,0.12005929755032325,5.4206095685909075,1.1891721662343833,1.1891721662343833
8,51,0.12005929755032325,5.773949418355854,1.1891721662343833,1.1891721662343833
8,52,0.12005929755032325,6.357894284991427,1.1891721662343833,1.1891721662343833
8,53,0.12005929755032325,6.50133992890047,1.1891721662343833,1.1891721662343833
8,54,0.12005929755032325,7.035716437543146,1.1891721662343833,1.1891721662343833
8,55,0.12005929755032325,6.812466243189563,1.1891721662343833,1.1891721662343833
8,56,0.12005929755032325,6.000973750732988,1.1891721662343833,1.1891721662343833
8,57,0.12005929755032325,7.069732320663911,1.1891721662343833,1.1891721662343833
8,58,0.12005929755032325,7.121395674115361,1.1891721662343833,1.1891721662343833
8,59,0.12005929755032325,6.761966148303569,1.1891721662343833,1.1891721662343833
9,0,0.13130104786325925,-1.4238750055931577,1.3435262278566413,0.0
9,1,0.13130104786325925,-0.8514933837738454,1.3435262278566413,0.0
9,2,0.13130104786325925,-1.3795308827688197,1.3435262278566413,0.0
9,3,0.13130104786325925,-1.3205945330574336,1.3435262278566413,0.0
9,4,0.13130104786325925,-0.7469534820250994,1.3435262278566413,0.0
9,5,0.13130104786325925,-1.0122193446913381,1.3435262278566413,0.0
9,6,0.13130104786325925,0.06635153653845094,1.3435262278566413,0.0
9,7,0.13130104786325925,-0.2901620737091631,1.3435262278566413,0.0
9,8,0.13130104786325925,0.1788785596178471,1.3435262278566413,0.0
9,9,0.13130104786325925,0.16847346098943447,1.3435262278566413,0.0
9,10,0.13130104786325925,0.4453881779210692,1.3435262278566413,0.0
9,11,0.13130104786325925,0.5537907339296153,1.3435262278566413,0.0
9,12,0.13130104786325925,0.5947238439500713,1.3435262278566413,0.0
9,13,0.13130104786325925,0.5180100786779551,1.3435262278566413,0.0
9,14,0.13130104786325925,2.020234270837664,1.3435262278566413,0.0
9,15,0.13130104786325925,0.7380110306638397,1.3435262278566413,0.0
9,16,0.13130104786325925,1.2225988209189218,1.3435262278566413,0.0
9,17,0.13130104786325925,0.8149687224113528,1.3435262278566413,0.0
9,18,0.13130104786325925,1.6419563174116916,1.3435262278566413,0.0
9,19,0.13130104786325925,2.068011622260715,1.3435262278566413,0.0
9,20,0.13130104786325925,1.203819604940845,1.3435262278566413,0.0
9,21,0.13130104786325925,1.7362072441786367,1.3435262278566413,0.0
9,22,0.13130104786325925,1.849296310126465,1.3435262278566413,0.0
9,23,0.13130104786325925,1.800629401386555,1.3435262278566413,0.0
9,24,0.13130104786325925,2.4634228207408704,1.3435262278566413,0.0
9,25,0.13130104786325925,2.3123505880574116,1.3435262278566413,0.0
9,26,0.13130104786325925,2.481631144234875,1.3435262278566413,0.0
9,27,0.13130104786325925,2.1584653869557524,1.3435262278566413,0.0
9,28,0.13130104786325925,2.3323150607841696,1.3435262278566413,0.0
9,29,0.13130104786325925,2.4547709146721077,1.3435262278566413,0.0
9,30,0.13130104786325925,2.926345753686678,1.3435262278566413,1.3435262278566413
9,31,0.13130104786325925,2.802331422701652,1.3435262278566413,1.3435262278566413
9,32,0.13130104786325925,3.3852811416662503,1.3435262278566413,1.3435262278566413
9,33,0.13130104786325925,2.8699275907951747,1.3435262278566413,1.3435262278566413
9,34,0.13130104786325925,2.8131129221149704,1.3435262278566413,1.3435262278566413
9,35,0.13130104786325925,2.5678324262905328,1.3435262278566413,1.3435262278566413
9,36,0.13130104786325925,4.024412061874205,1.3435262278566413,1.3435262278566413
9,37,0.13130104786325925,4.6051490579462895,1.3435262278566413,1.3435262278566413
9,38,0.13130104786325925,4.116060727752146,1.3435262278566413,1.3435262278566413
9,39,0.13130104786325925,3.9493414472623014,1.3435262278566413,1.3435262278566413
9,40,0.13130104786325925,3.457204121944136,1.3435262278566413,1.3435262278566413
9,41,0.13130104786325925,3.97095726712319,1.3435262278566413,1.3435262278566413
9,42,0.13130104786325925,3.979048016262517,1.3435262278566413,1.3435262278566413
9,43,0.13130104786325925,4.807501017480901,1.3435262278566413,1.3435262278566413
9,44,0.13130104786325925,4.841800323297936,1.3435262278566413,1.3435262278566413
9,45,0.13130104786325925,5.21817600310858,1.3435262278566413,1.3435262278566413
9,46,0.13130104786325925,4.612546238622181,1.3435262278566413,1.3435262278566413
9,47,0.13130104786325925,4.8779649135329946,1.3435262278566413,1.3435262278566413
9,48,0.13130104786325925,4.375877851474424,1.3435262278566413,1.3435262278566413
9,49,0.13130104786325925,5.040426642438554,1.3435262278566413,1.3435262278566413
9,50,0.13130104786325925,5.845793992206624,1.3435262278566413,1.3435262278566413
9,51,0.13130104786325925,5.456287065182899,1.3435262278566413,1.3435262278566413
9,52,0.13130104786325925,5.178599745482321,1.3435262278566413,1.3435262278566413
9,53,0.13130104786325925,5.970554201792652,1.3435262278566413,1.3435262278566413
9,54,0.13130104786325925,5.77788249604808,1.3435262278566413,1.3435262278566413
9,55,0.13130104786325925,6.2204048864350305,1.3435262278566413,1.3435262278566413
9,56,0.13130104786325925,6.508394700982005,1.3435262278566413,1.3435262278566413
9,57,0.13130104786325925,5.5451995749590814,1.3435262278566413,1.3435262278566413
9,58,0.13130104786325925,6.496943837150312,1.3435262278566413,1.3435262278566413
9,59,0.13130104786325925,6.8778970201451575,1.3435262278566413,1.3435262278566413
10,0,0.08696342079546952,1.379524666460006,1.283414282700271,0.0
10,1,0.08696342079546952,1.3381656858633422,1.283414282700271,0.0
10,2,0.08696342079546952,1.0073019175041082,1.283414282700271,0.0
10,3,0.08696342079546952,1.221859113631694,1.283414282700271,0.0
10,4,0.08696342079546952,0.6890737328825375,1.283414282700271,0.0
10,5,0.08696342079546952,1.2725477057195944,1.283414282700271,0.0
10,6,0.08696342079546952,1.2159529265007023,1.283414282700271,0.0
10,7,0.08696342079546952,1.6200596344341043,1.283414282700271,0.0
10,8,0.08696342079546952,0.5085448150489096,1.283414282700271,0.0
10,9,0.08696342079546952,1.4598381172491912,1.283414282700271,0.0
10,10,0.08696342079546952,1.672880896995014,1.283414282700271,0.0
10,11,0.08696342079546952,1.4779835088231528,1.283414282700271,0.0
10,12,0.08696342079546952,1.653977995979262,1.283414282700271,0.0
10,13,0.08696342079546952,1.7730747217938176,1.283414282700271,0.0
10,14,0.08696342079546952,1.7438752246870644,1.283414282700271,0.0
10,15,0.08696342079546952,1.555478847307473,1.283414282700271,0.0
10,16,0.08696342079546952,2.1427337458726967,1.283414282700271,0.0
10,17,0.08696342079546952,2.300555859784432,1.283414282700271,0.0
10,18,0.08696342079546952,2.6897591114060813,1.283414282700271,0.0
10,19,0.08696342079546952,2.539676532003554,1.283414282700271,0.0
10,20,0.08696342079546952,3.167524175133998,1.283414282700271,0.0
10,21,0.08696342079546952,2.607384710249902,1.283414282700271,0.0
10,22,0.08696342079546952,2.6540355062503633,1.283414282700271,0.0
10,23,0.08696342079546952,2.7031001543287987,1.283414282700271,0.0
10,24,0.08696342079546952,3.2754526407497333,1.283414282700271,0.0
10,25,0.08696342079546952,2.5496499929657315,1.283414282700271,0.0
10,26,0.08696342079546952,2.3474955233729924,1.283414282700271,0.0
10,27,0.08696342079546952,2.4410949460917397,1.283414282700271,0.0
10,28,0.08696342079546952,3.3126093039008073,1.283414282700271,0.0
10,29,0.08696342079546952,3.006451267195657,1.283414282700271,0.0
10,30,0.08696342079546952,2.7310153753002613,1.283414282700271,1.283414282700271
10,31,0.08696342079546952,3.04582172537691,1.283414282700271,1.283414282700271
10,32,0.08696342079546952,3.9769281789582998,1.283414282700271,1.283414282700271
10,33,0.08696342079546952,3.117311825747038,1.283414282700271,1.283414282700271
10,34,0.08696342079546952,3.6026582004396626,1.283414282700271,1.283414282700271
10,35,0.08696342079546952,3.9901048535271704,1.283414282700271,1.283414282700271
10,36,0.08696342079546952,3.482700507408178,1.283414282700271,1.283414282700271
10,37,0.08696342079546952,3.9751937589943696,1.283414282700271,1.283414282700271
10,38,0.08696342079546952,4.001731837601135,1.283414282700271,1.283414282700271
10,39,0.08696342079546952,4.259863851084796,1.283414282700271,1.283414282700271
10,40,0.08696342079546952,4.099050312158169,1.283414282700271,1.283414282700271
10,41,0.08696342079546952,4.30640702447608,1.283414282700271,1.283414282700271
10,42,0.08696342079546952,4.0935349816764734,1.283414282700271,1.283414282700271
10,43,0.08696342079546952,4.073755140707347,1.283414282700271,1.283414282700271
10,44,0.08696342079546952,4.651787696886508,1.283414282700271,1.283414282700271
10,45,0.08696342079546952,4.817795365926672,1.283414282700271,1.283414282700271
10,46,0.08696342079546952,4.405590875377409,1.283414282700271,1.283414282700271
10,47,0.08696342079546952,4.672008286643995,1.283414282700271,1.283414282700271
10,48,0.08696342079546952,5.596012429237179,1.283414282700271,1.283414282700271
10,49,0.08696342079546952,5.137776653654231,1.283414282700271,1.283414282700271
10,50,0.08696342079546952,5.149161651845655,1.283414282700271,1.283414282700271
10,51,0.08696342079546952,4.7955753396641905,1.283414282700271,1.283414282700271
10,52,0.08696342079546952,5.243308882516215,1.283414282700271,1.283414282700271
10,53,0.08696342079546952,5.438536335405081,1.283414282700271,1.283414282700271
10,54,0.08696342079546952,4.939884806228551,1.283414282700271,1.283414282700271
10,55,0.08696342079546952,5.051817725234197,1.283414282700271,1.283414282700271
10,56,0.08696342079546952,5.397847715102994,1.283414282700271,1.283414282700271
10,57,0.08696342079546952,5.831768278875413,1.283414282700271,1.283414282700271
10,58,0.08696342079546952,5.653757869366645,1.283414282700271,1.283414282700271
10,59,0.08696342079546952,5.293771243194074,1.283414282700271,1.283414282700271
11,0,0.10525117200480211,0.4992456901785344,1.5129914036396412,0.0
11,1,0.10525117200480211,0.8720715098863451,1.5129914036396412,0.0
11,2,0.10525117200480211,0.7612435629117771,1.5129914036396412,0.0
11,3,0.10525117200480211,-0.5938367722513288,1.5129914036396412,0.0
11,4,0.10525117200480211,0.7070080374915161,1.5129914036396412,0.0
11,5,0.10525117200480211,1.0249568248553345,1.5129914036396412,0.0
11,6,0.10525117200480211,0.754888813584532,1.5129914036396412,0.0
11,7,0.10525117200480211,0.5578645360597045,1.5129914036396412,0.0
11,8,0.10525117200480211,0.8777696982749597,1.5129914036396412,0.0
11,9,0.10525117200480211,0.9384844398971817,1.5129914036396412,0.0
11,10,0.10525117200480211,1.0517650199312345,1.5129914036396412,0.0
11,11,0.10525117200480211,1.5610171237586994,1.5129914036396412,0.0
11,12,0.10525117200480211,0.7805768141055034,1.5129914036396412,0.0
11,13,0.10525117200480211,1.2187472757740554,1.5129914036396412,0.0
11,14,0.10525117200480211,1.9213712815369652,1.5129914036396412,0.0
11,15,0.10525117200480211,2.4265890296645347,1.5129914036396412,0.0
11,16,0.10525117200480211,2.127326267072659,1.5129914036396412,0.0
11,17,0.10525117200480211,2.028998365082198,1.5129914036396412,0.0
11,18,0.10525117200480211,1.541860077808857,1.5129914036396412,0.0
11,19,0.10525117200480211,2.25612032442492,1.5129914036396412,0.0
11,20,0.10525117200480211,2.45023143158501,1.5129914036396412,0.0
11,21,0.10525117200480211,2.0430949128688045,1.5129914036396412,0.0
11,22,0.10525117200480211,1.848553751985748,1.5129914036396412,0.0
11,23,0.10525117200480211,2.4943392199075256,1.5129914036396412,0.0
11,24,0.10525117200480211,2.554246755107641,1.5129914036396412,0.0
11,25,0.10525117200480211,3.05845692860603,1.5129914036396412,0.0
11,26,0.10525117200480211,2.859300708948822,1.5129914036396412,0.0
11,27,0.10525117200480211,2.6545396732006115,1.5129914036396412,0.0
11,28,0.10525117200480211,2.879902437022068,1.5129914036396412,0.0
11,29,0.10525117200480211,3.1982187159546855,1.5129914036396412,0.0
11,30,0.10525117200480211,3.3862318223513204,1.5129914036396412,1.5129914036396412
11,31,0.10525117200480211,2.929514045833294,1.5129914036396412,1.5129914036396412
11,32,0.10525117200480211,3.7548940244659614,1.5129914036396412,1.5129914036396412
11,33,0.10525117200480211,4.055455491063632,1.5129914036396412,1.5129914036396412
11,34,0.10525117200480211,3.3350579353473195,1.5129914036396412,1.5129914036396412
11,35,0.10525117200480211,4.488173415443506,1.5129914036396412,1.5129914036396412
11,36,0.10525117200480211,3.4869749754138217,1.5129914036396412,1.5129914036396412
11,37,0.10525117200480211,3.8107291226598017,1.5129914036396412,1.5129914036396412
11,38,0.10525117200480211,3.1781323234523473,1.5129914036396412,1.5129914036396412
11,39,0.10525117200480211,4.5798944117939815,1.5129914036396412,1.5129914036396412
11,40,0.10525117200480211,4.9365835036062435,1.5129914036396412,1.5129914036396412
11,41,0.10525117200480211,4.5824714562532725,1.5129914036396412,1.5129914036396412
11,42,0.10525117200480211,4.574050483449699,1.5129914036396412,1.5129914036396412
11,43,0.10525117200480211,4.3837009214821565,1.5129914036396412,1.5129914036396412
11,44,0.10525117200480211,4.912426706887154,1.5129914036396412,1.5129914036396412
11,45,0.10525117200480211,5.267976461586279,1.5129914036396412,1.5129914036396412
11,46,0.10525117200480211,4.792299360547646,1.5129914036396412,1.5129914036396412
11,47,0.10525117200480211,5.088449145172452,1.5129914036396412,1.5129914036396412
11,48,0.10525117200480211,4.900206641855277,1.5129914036396412,1.5129914036396412
11,49,0.10525117200480211,5.216799356178182,1.5129914036396412,1.5129914036396412
11,50,0.10525117200480211,5.086917905323861,1.5129914036396412,1.5129914036396412
11,51,0.10525117200480211,6.293239743607249,1.5129914036396412,1.5129914036396412
11,52,0.10525117200480211,5.88998733712215,1.5129914036396412,1.5129914036396412
11,53,0.10525117200480211,4.772808366352682,1.5129914036396412,1.5129914036396412
11,54,0.10525117200480211,5.138661551366447,1.5129914036396412,1.5129914036396412
11,55,0.10525117200480211,5.777303964314112,1.5129914036396412,1.5129914036396412
11,56,0.10525117200480211,5.55791535487325,1.5129914036396412,1.5129914036396412
11,57,0.10525117200480211,6.406542232558217,1.5129914036396412,1.5129914036396412
11,58,0.10525117200480211,6.278052750100036,1.5129914036396412,1.5129914036396412
11,59,0.10525117200480211,6.833975590338637,1.5129914036396412,1.5129914036396412
12,0,0.12384237920975072,1.8316211343377815,1.3809710769887025,0.0
12,1,0.12384237920975072,1.322355185554161,1.3809710769887025,0.0
12,2,0.12384237920975072,1.1639097138189867,1.3809710769887025,0.0
12,3,0.12384237920975072,1.8926869915259013,1.3809710769887025,0.0
12,4,0.12384237920975072,1.85992370040472,1.3809710769887025,0.0
12,5,0.12384237920975072,1.4887659312654002,1.3809710769887025,0.0
12,6,0.12384237920975072,2.3964308705537243,1.3809710769887025,0.0
12,7,0.12384237920975072,2.586687235155564,1.3809710769887025,0.0
12,8,0.12384237920975072,3.3172018087903314,1.3809710769887025,0.0
12,9,0.12384237920975072,2.5983123436949276,1.3809710769887025,0.0
12,10,0.12384237920975072,2.183197256249449,1.3809710769887025,0.0
12,11,0.12384237920975072,2.3331657922852553,1.3809710769887025,0.0
12,12,0.12384237920975072,3.1388807889117927,1.3809710769887025,0.0
12,13,0.12384237920975072,2.225809389051827,1.3809710769887025,0.0
12,14,0.12384237920975072,2.6526579071903242,1.3809710769887025,0.0
12,15,0.12384237920975072,2.890103969801264,1.3809710769887025,0.0
12,16,0.12384237920975072,3.6631638715339707,1.3809710769887025,0.0
12,17,0.12384237920975072,3.0085640198920798,1.3809710769887025,0.0
12,18,0.12384237920975072,3.2775786200682497,1.3809710769887025,0.0
12,19,0.12384237920975072,3.663987620064606,1.3809710769887025,0.0
12,20,0.12384237920975072,3.697212918951884,1.3809710769887025,0.0
12,21,0.12384237920975072,4.215058246729819,1.3809710769887025,0.0
12,22,0.12384237920975072,4.6224935138583785,1.3809710769887025,0.0
12,23,0.12384237920975072,4.36292363591501,1.3809710769887025,0.0
12,24,0.12384237920975072,3.9235192157228727,1.3809710769887025,0.0
12,25,0.12384237920975072,4.497696960225273,1.3809710769887025,0.0
12,26,0.12384237920975072,4.566054823987041,1.3809710769887025,0.0
12,27,0.12384237920975072,4.733035380197144,1.3809710769887025,0.0
12,28,0.12384237920975072,4.98220007131229,1.3809710769887025,0.0
12,29,0.12384237920975072,4.366461034027225,1.3809710769887025,0.0
12,30,0.12384237920975072,5.088614110939905,1.3809710769887025,1.3809710769887025
12,31,0.12384237920975072,5.192966012891803,1.3809710769887025,1.3809710769887025
12,32,0.12384237920975072,4.875382719030609,1.3809710769887025,1.3809710769887025
12,33,0.12384237920975072,6.4300047040597335,1.3809710769887025,1.3809710769887025
12,34,0.12384237920975072,5.11010682400612,1.3809710769887025,1.3809710769887025
12,35,0.12384237920975072,5.799136750552049,1.3809710769887025,1.3809710769887025
12,36,0.12384237920975072,4.970822196303018,1.3809710769887025,1.3809710769887025
12,37,0.12384237920975072,5.701159603596936,1.3809710769887025,1.3809710769887025
12,38,0.12384237920975072,5.835807543167903,1.3809710769887025,1.3809710769887025
12,39,0.12384237920975072,5.65643424059941,1.3809710769887025,1.3809710769887025
12,40,0.12384237920975072,6.556973218548121,1.3809710769887025,1.3809710769887025
12,41,0.12384237920975072,6.002022973521641,1.3809710769887025,1.3809710769887025
12,42,0.12384237920975072,6.49713167154863,1.3809710769887025,1.3809710769887025
12,43,0.12384237920975072,6.737256461769158,1.3809710769887025,1.3809710769887025
12,44,0.12384237920975072,6.810813945380235,1.3809710769887025,1.3809710769887025
12,45,0.12384237920975072,6.8349503350169325,1.3809710769887025,1.3809710769887025
12,46,0.12384237920975072,6.806870551566962,1.3809710769887025,1.3809710769887025
12,47,0.12384237920975072,7.332738523723019,1.3809710769887025,1.3809710769887025
12,48,0.12384237920975072,7.27402926731983,1.3809710769887025,1.3809710769887025
12,49,0.12384237920975072,7.967431049533152,1.3809710769887025,1.3809710769887025
12,50,0.12384237920975072,7.500474084441416,1.3809710769887025,1.3809710769887025
12,51,0.12384237920975072,8.075673585779755,1.3809710769887025,1.3809710769887025
12,52,0.12384237920975072,6.475842156406155,1.3809710769887025,1.3809710769887025
12,53,0.12384237920975072,7.482231062109967,1.3809710769887025,1.3809710769887025
12,54,0.12384237920975072,7.984972139400313,1.3809710769887025,1.3809710769887025
12,55,0.12384237920975072,8.006594549777628,1.3809710769887025,1.3809710769887025
12,56,0.12384237920975072,8.489752398927585,1.3809710769887025,1.3809710769887025
12,57,0.12384237920975072,8.50019445060448,1.3809710769887025,1.3809710769887025
12,58,0.12384237920975072,7.95305924626359,1.3809710769887025,1.3809710769887025
12,59,0.12384237920975072,8.762386892517371,1.3809710769887025,1.3809710769887025
13,0,0.12051083272086008,-0.11358609680371626,1.1449492303453443,0.0
13,1,0.12051083272086008,0.07283943924787228,1.1449492303453443,0.0
13,2,0.12051083272086008,-0.10964371836261849,1.1449492303453443,0.0
13,3,0.12051083272086008,0.7830020716539301,1.1449492303453443,0.0
13,4,0.12051083272086008,-0.2963039002730633,1.1449492303453443,0.0
13,5,0.12051083272086008,0.35455294580893226,1.1449492303453443,0.0
13,6,0.12051083272086008,0.43794938110255954,1.1449492303453443,0.0
13,7,0.12051083272086008,0.7186247579791976,1.1449492303453443,0.0
13,8,0.12051083272086008,0.6022485898703384,1.1449492303453443,0.0
13,9,0.12051083272086008,1.514327275751178,1.1449492303453443,0.0
13,10,0.12051083272086008,1.2814682832146351,1.1449492303453443,0.0
13,11,0.12051083272086008,1.6090677013154642,1.1449492303453443,0.0
13,12,0.12051083272086008,1.7503461736274062,1.1449492303453443,0.0
13,13,0.12051083272086008,1.157494959134101,1.1449492303453443,0.0
13,14,0.12051083272086008,1.9506508360400276,1.1449492303453443,0.0
13,15,0.12051083272086008,1.8461204080985665,1.1449492303453443,0.0
13,16,0.12051083272086008,2.039738246319654,1.1449492303453443,0.0
13,17,0.12051083272086008,1.6605493967200042,1.1449492303453443,0.0
13,18,0.12051083272086008,2.6505740094322827,1.1449492303453443,0.0
13,19,0.12051083272086008,1.3955093130428846,1.1449492303453443,0.0
13,20,0.12051083272086008,2.5510370507404776,1.1449492303453443,0.0
13,21,0.12051083272086008,2.26298258675678,1.1449492303453443,0.0
13,22,0.12051083272086008,2.711454152237486,1.1449492303453443,0.0
13,23,0.12051083272086008,3.136086041716788,1.1449492303453443,0.0
13,24,0.12051083272086008,3.10289101150272,1.1449492303453443,0.0
13,25,0.12051083272086008,2.4649792750376935,1.1449492303453443,0.0
13,26,0.12051083272086008,2.9329652083162445,1.1449492303453443,0.0
13,27,0.12051083272086008,3.4330245515977924,1.1449492303453443,0.0
13,28,0.12051083272086008,3.0111755989268607,1.1449492303453443,0.0
13,29,0.12051083272086008,2.7471402465413366,1.1449492303453443,0.0
13,30,0.12051083272086008,2.9722742130629594,1.1449492303453443,1.1449492303453443
13,31,0.12051083272086008,3.2440099928545636,1.1449492303453443,1.1449492303453443
13,32,0.12051083272086008,3.969985378190583,1.1449492303453443,1.1449492303453443
13,33,0.12051083272086008,3.66335523564256,1.1449492303453443,1.1449492303453443
13,34,0.12051083272086008,4.256607300422143,1.1449492303453443,1.1449492303453443
13,35,0.12051083272086008,4.130577238781738,1.1449492303453443,1.1449492303453443
13,36,0.12051083272086008,4.6346566927916,1.1449492303453443,1.1449492303453443
13,37,0.12051083272086008,3.6368855315293063,1.1449492303453443,1.1449492303453443
13,38,0.12051083272086008,3.9205740718088986,1.1449492303453443,1.1449492303453443
13,39,0.12051083272086008,4.345616951835807,1.1449492303453443,1.1449492303453443
13,40,0.12051083272086008,5.2287058272991915,1.1449492303453443,1.1449492303453443
13,41,0.12051083272086008,4.893506266649617,1.1449492303453443,1.1449492303453443
13,42,0.12051083272086008,4.80356704666419,1.1449492303453443,1.1449492303453443
13,43,0.12051083272086008,5.049492041727662,1.1449492303453443,1.1449492303453443
13,44,0.12051083272086008,5.200814353761854,1.1449492303453443,1.1449492303453443
13,45,0.12051083272086008,5.167105217213092,1.1449492303453443,1.1449492303453443
13,46,0.12051083272086008,5.145811069639246,1.1449492303453443,1.1449492303453443
13,47,0.12051083272086008,4.7127857939771465,1.1449492303453443,1.1449492303453443
13,48,0.12051083272086008,5.7196017973040325,1.1449492303453443,1.1449492303453443
13,49,0.12051083272086008,6.2883416054452805,1.1449492303453443,1.1449492303453443
13,50,0.12051083272086008,5.559800159402112,1.1449492303453443,1.1449492303453443
13,51,0.12051083272086008,6.147587700833015,1.1449492303453443,1.1449492303453443
13,52,0.12051083272086008,6.530185498672109,1.1449492303453443,1.1449492303453443
13,53,0.12051083272086008,6.339069877227079,1.1449492303453443,1.1449492303453443
13,54,0.12051083272086008,5.633364612547829,1.1449492303453443,1.1449492303453443
13,55,0.12051083272086008,6.830115552545183,1.1449492303453443,1.1449492303453443
13,56,0.12051083272086008,6.838141967911382,1.1449492303453443,1.1449492303453443
13,57,0.12051083272086008,6.743596346431767,1.1449492303453443,1.1449492303453443
13,58,0.12051083272086008,6.844075192140091,1.1449492303453443,1.1449492303453443
13,59,0.12051083272086008,7.527000082336225,1.1449492303453443,1.1449492303453443
14,0,0.11819868118355388,-0.1379661055567264,1.435667897263459,0.0
14,1,0.11819868118355388,-0.8087075262555115,1.435667897263459,0.0
14,2,0.11819868118355388,-0.7890925843963168,1.435667897263459,0.0
14,3,0.11819868118355388,-0.6572858713355743,1.435667897263459,0.0
14,4,0.11819868118355388,0.05320205704185227,1.435667897263459,0.0
14,5,0.11819868118355388,-0.6827117909765977,1.435667897263459,0.0
14,6,0.11819868118355388,-0.1776833924337613,1.435667897263459,0.0
14,7,0.11819868118355388,-0.3153548913025524,1.435667897263459,0.0
14,8,0.11819868118355388,-0.16771090973043434,1.435667897263459,0.0
14,9,0.11819868118355388,0.726014367377024,1.435667897263459,0.0
14,10,0.11819868118355388,0.4597923118084333,1.435667897263459,0.0
14,11,0.11819868118355388,0.782215422744991,1.435667897263459,0.0
14,12,0.11819868118355388,-0.00023159067969258373,1.435667897263459,0.0
14,13,0.11819868118355388,0.4373681659344787,1.435667897263459,0.0
14,14,0.11819868118355388,0.47998182743538964,1.435667897263459,0.0
14,15,0.11819868118355388,0.9133157379430804,1.435667897263459,0.0
14,16,0.11819868118355388,1.2540905483295643,1.435667897263459,0.0
14,17,0.11819868118355388,1.2804892460470465,1.435667897263459,0.0
14,18,0.11819868118355388,0.3894452799000867,1.435667897263459,0.0
14,19,0.11819868118355388,1.850739942087092,1.435667897263459,0.0
14,20,0.11819868118355388,2.2228032385847616,1.435667897263459,0.0
14,21,0.11819868118355388,1.3533128111287858,1.435667897263459,0.0
14,22,0.11819868118355388,2.14092612952702,1.435667897263459,0.0
14,23,0.11819868118355388,3.057463498632787,1.435667897263459,0.0
14,24,0.11819868118355388,1.9398087292548396,1.435667897263459,0.0
14,25,0.11819868118355388,1.9792851393501143,1.435667897263459,0.0
14,26,0.11819868118355388,2.160930605077896,1.435667897263459,0.0
14,27,0.11819868118355388,2.561910938101306,1.435667897263459,0.0
14,28,0.11819868118355388,2.8698459175463427,1.435667897263459,0.0
14,29,0.11819868118355388,3.295673447930792,1.435667897263459,0.0
14,30,0.11819868118355388,2.174717332019095,1.435667897263459,1.435667897263459
14,31,0.11819868118355388,2.9759950088628933,1.435667897263459,1.435667897263459
14,32,0.11819868118355388,2.8664137165134904,1.435667897263459,1.435667897263459
14,33,0.11819868118355388,2.60432517261389,1.435667897263459,1.435667897263459
14,34,0.11819868118355388,2.4866243843105984,1.435667897263459,1.435667897263459
14,35,0.11819868118355388,3.963412531316222,1.435667897263459,1.435667897263459
14,36,0.11819868118355388,3.127648135845024,1.435667897263459,1.435667897263459
14,37,0.11819868118355388,3.054245226839477,1.435667897263459,1.435667897263459
14,38,0.11819868118355388,3.093000319213391,1.435667897263459,1.435667897263459
14,39,0.11819868118355388,2.9444913786704463,1.435667897263459,1.435667897263459
14,40,0.11819868118355388,3.96975608380189,1.435667897263459,1.435667897263459
14,41,0.11819868118355388,3.90777910540448,1.435667897263459,1.435667897263459
14,42,0.11819868118355388,4.183110205273459,1.435667897263459,1.435667897263459
14,43,0.11819868118355388,4.964731608001833,1.435667897263459,1.435667897263459
14,44,0.11819868118355388,4.7171951859551156,1.435667897263459,1.435667897263459
14,45,0.11819868118355388,4.675300045144783,1.435667897263459,1.435667897263459
14,46,0.11819868118355388,4.309551835391751,1.435667897263459,1.435667897263459
14,47,0.11819868118355388,4.132764154552658,1.435667897263459,1.435667897263459
14,48,0.11819868118355388,4.751171337299241,1.435667897263459,1.435667897263459
14,49,0.11819868118355388,5.453400267771895,1.435667897263459,1.435667897263459
14,50,0.11819868118355388,5.428849452653927,1.435667897263459,1.435667897263459
14,51,0.11819868118355388,5.639807786914898,1.435667897263459,1.435667897263459
14,52,0.11819868118355388,5.13164966157873,1.435667897263459,1.435667897263459
14,53,0.11819868118355388,5.744679480870866,1.435667897263459,1.435667897263459
14,54,0.11819868118355388,5.990106920781937,1.435667897263459,1.435667897263459
14,55,0.11819868118355388,5.373026917460629,1.435667897263459,1.435667897263459
14,56,0.11819868118355388,5.940165267150947,1.435667897263459,1.435667897263459
14,57,0.11819868118355388,5.904802889065427,1.435667897263459,1.435667897263459
14,58,0.11819868118355388,6.242540401967482,1.435667897263459,1.435667897263459
14,59,0.11819868118355388,6.280018149148371,1.435667897263459,1.435667897263459
15,0,0.1234893479023028,1.7655777670125834,1.217021690171905,0.0
15,1,0.1234893479023028,1.31677525404402,1.217021690171905,0.0
15,2,0.1234893479023028,1.008003127751853,1.217021690171905,0.0
15,3,0.1234893479023028,1.6104094006568463,1.217021690171905,0.0
15,4,0.1234893479023028,2.39088399424869,1.217021690171905,0.0
15,5,0.1234893479023028,2.4596394243756814,1.217021690171905,0.0
15,6,0.1234893479023028,1.9964445651423106,1.217021690171905,0.0
15,7,0.1234893479023028,2.1088356518634135,1.217021690171905,0.0
15,8,0.1234893479023028,2.5626166325368973,1.217021690171905,0.0
15,9,0.1234893479023028,1.7037211777646182,1.217021690171905,0.0
15,10,0.1234893479023028,3.5748171867690464,1.217021690171905,0.0
15,11,0.1234893479023028,2.5444006652574567,1.217021690171905,0.0
15,12,0.1234893479023028,3.460955702251272,1.217021690171905,0.0
15,13,0.1234893479023028,2.1646374135769957,1.217021690171905,0.0
15,14,0.1234893479023028,2.7941416446395433,1.217021690171905,0.0
15,15,0.1234893479023028,3.452554221984535,1.217021690171905,0.0
15,16,0.1234893479023028,3.562320805395259,1.217021690171905,0.0
15,17,0.1234893479023028,3.464082321429131,1.217021690171905,0.0
15,18,0.1234893479023028,3.46673193349737,1.217021690171905,0.0
15,19,0.1234893479023028,3.6315657623927424,1.217021690171905,0.0
15,20,0.1234893479023028,3.931002576894619,1.217021690171905,0.0
15,21,0.1234893479023028,3.7756697485858757,1.217021690171905,0.0
15,22,0.1234893479023028,3.8917677883592146,1.217021690171905,0.0
15,23,0.1234893479023028,4.3538781842859615,1.217021690171905,0.0
15,24,0.1234893479023028,4.5157506949850585,1.217021690171905,0.0
15,25,0.1234893479023028,4.521237866405998,1.217021690171905,0.0
15,26,0.1234893479023028,4.248478560346135,1.217021690171905,0.0
15,27,0.1234893479023028,4.506457437413062,1.217021690171905,0.0
15,28,0.1234893479023028,4.980826055588493,1.217021690171905,0.0
15,29,0.1234893479023028,4.868399520933963,1.217021690171905,0.0
15,30,0.1234893479023028,5.30660348085896,1.217021690171905,1.217021690171905
15,31,0.1234893479023028,5.552722730962739,1.217021690171905,1.217021690171905
15,32,0.1234893479023028,5.194465145731733,1.217021690171905,1.217021690171905
15,33,0.1234893479023028,5.091778417130019,1.217021690171905,1.217021690171905
15,34,0.1234893479023028,5.793481044128705,1.217021690171905,1.217021690171905
15,35,0.1234893479023028,5.833146441299853,1.217021690171905,1.217021690171905
15,36,0.1234893479023028,5.724634087111059,1.217021690171905,1.217021690171905
15,37,0.1234893479023028,5.422005078340943,1.217021690171905,1.217021690171905
15,38,0.1234893479023028,6.057788388169927,1.217021690171905,1.217021690171905
15,39,0.1234893479023028,5.797646932846679,1.217021690171905,1.217021690171905
15,40,0.1234893479023028,5.900479668718656,1.217021690171905,1.217021690171905
15,41,0.1234893479023028,6.369341743342923,1.217021690171905,1.217021690171905
15,42,0.1234893479023028,6.574150323613383,1.217021690171905,1.217021690171905
15,43,0.1234893479023028,6.247308365656428,1.217021690171905,1.217021690171905
15,44,0.1234893479023028,7.082440881629535,1.217021690171905,1.217021690171905
15,45,0.1234893479023028,6.56020539177876,1.217021690171905,1.217021690171905
15,46,0.1234893479023028,7.385915800737833,1.217021690171905,1.217021690171905
15,47,0.1234893479023028,6.521385642878195,1.217021690171905,1.217021690171905
15,48,0.1234893479023028,7.203598276685443,1.217021690171905,1.217021690171905
15,49,0.1234893479023028,7.285641319792064,1.217021690171905,1.217021690171905
15,50,0.1234893479023028,8.22891461269247,1.217021690171905,1.217021690171905
15,51,0.1234893479023028,7.225125782136752,1.217021690171905,1.217021690171905
15,52,0.1234893479023028,7.617700965041292,1.217021690171905,1.217021690171905
15,53,0.1234893479023028,7.692715245801095,1.217021690171905,1.217021690171905
15,54,0.1234893479023028,8.175181369675103,1.217021690171905,1.217021690171905
15,55,0.1234893479023028,8.295268085850108,1.217021690171905,1.217021690171905
15,56,0.1234893479023028,8.839232174529664,1.217021690171905,1.217021690171905
15,57,0.1234893479023028,8.00301790583745,1.217021690171905,1.217021690171905
15,58,0.1234893479023028,8.038177064282008,1.217021690171905,1.217021690171905
15,59,0.1234893479023028,8.303325810605852,1.217021690171905,1.217021690171905
16,0,0.1712565378261404,0.11702990888824799,1.3639523255774775,0.0
16,1,0.1712565378261404,-0.2619995762092018,1.3639523255774775,0.0
16,2,0.1712565378261404,0.053571314285306926,1.3639523255774775,0.0
16,3,0.1712565378261404,0.5703983524162615,1.3639523255774775,0.0
16,4,0.1712565378261404,0.9224037891012329,1.3639523255774775,0.0
16,5,0.1712565378261404,0.5575601032223039,1.3639523255774775,0.0
16,6,0.1712565378261404,1.3978563803123298,1.3639523255774775,0.0
16,7,0.1712565378261404,0.6701647886322406,1.3639523255774775,0.0
16,8,0.1712565378261404,2.2169122126585075,1.3639523255774775,0.0
16,9,0.1712565378261404,1.2301840346901556,1.3639523255774775,0.0
16,10,0.1712565378261404,2.1606515509085393,1.3639523255774775,0.0
16,11,0.1712565378261404,1.818356388008665,1.3639523255774775,0.0
16,12,0.1712565378261404,2.126516429972255,1.3639523255774775,0.0
16,13,0.1712565378261404,2.006195375451797,1.3639523255774775,0.0
16,14,0.1712565378261404,1.9841412772339224,1.3639523255774775,0.0
16,15,0.1712565378261404,2.872740007425377,1.3639523255774775,0.0
16,16,0.1712565378261404,2.7559327264427105,1.3639523255774775,0.0
16,17,0.1712565378261404,3.1067936362551545,1.3639523255774775,0.0
16,18,0.1712565378261404,2.2584925371892077,1.3639523255774775,0.0
16,19,0.1712565378261404,3.8166187450515507,1.3639523255774775,0.0
16,20,0.1712565378261404,3.311425272164411,1.3639523255774775,0.0
16,21,0.1712565378261404,4.2284787234459555,1.3639523255774775,0.0
16,22,0.1712565378261404,4.172659173352,1.3639523255774775,0.0
16,23,0.1712565378261404,4.04824760376349,1.3639523255774775,0.0
16,24,0.1712565378261404,4.95503484688578,1.3639523255774775,0.0
16,25,0.1712565378261404,4.721118664151594,1.3639523255774775,0.0
16,26,0.1712565378261404,4.468984748386158,1.3639523255774775,0.0
16,27,0.1712565378261404,4.422934903567713,1.3639523255774775,0.0
16,28,0.1712565378261404,5.015375839144404,1.3639523255774775,0.0
16,29,0.1712565378261404,5.171444080150553,1.3639523255774775,0.0
16,30,0.1712565378261404,5.31565400918877,1.3639523255774775,1.3639523255774775
16,31,0.1712565378261404,5.307400992418554,1.3639523255774775,1.3639523255774775
16,32,0.1712565378261404,5.405335784135288,1.3639523255774775,1.3639523255774775
16,33,0.1712565378261404,5.470518863617465,1.3639523255774775,1.3639523255774775
16,34,0.1712565378261404,5.882699832189717,1.3639523255774775,1.3639523255774775
16,35,0.1712565378261404,6.5745790326699085,1.3639523255774775,1.3639523255774775
16,36,0.1712565378261404,6.37492785061911,1.3639523255774775,1.3639523255774775
16,37,0.1712565378261404,5.863633321543449,1.3639523255774775,1.3639523255774775
16,38,0.1712565378261404,5.935885306333048,1.3639523255774775,1.3639523255774775
16,39,0.1712565378261404,6.628780050632705,1.3639523255774775,1.3639523255774775
16,40,0.1712565378261404,7.392818336472409,1.3639523255774775,1.3639523255774775
16,41,0.1712565378261404,7.471570721099595,1.3639523255774775,1.3639523255774775
16,42,0.1712565378261404,7.024753276258332,1.3639523255774775,1.3639523255774775
16,43,0.1712565378261404,7.750931507819248,1.3639523255774775,1.3639523255774775
16,44,0.1712565378261404,7.586951501017239,1.3639523255774775,1.3639523255774775
16,45,0.1712565378261404,8.004293100456332,1.3639523255774775,1.3639523255774775
16,46,0.1712565378261404,7.525088497958093,1.3639523255774775,1.3639523255774775
16,47,0.1712565378261404,7.867200745477641,1.3639523255774775,1.3639523255774775
16,48,0.1712565378261404,8.62738750603276,1.3639523255774775,1.3639523255774775
16,49,0.1712565378261404,7.880154008677382,1.3639523255774775,1.3639523255774775
16,50,0.1712565378261404,9.349991551004353,1.3639523255774775,1.3639523255774775
16,51,0.1712565378261404,9.442261726242773,1.3639523255774775,1.3639523255774775
16,52,0.1712565378261404,9.382086219384718,1.3639523255774775,1.3639523255774775
16,53,0.1712565378261404,9.147466957895892,1.3639523255774775,1.3639523255774775
16,54,0.1712565378261404,9.79466927828448,1.3639523255774775,1.3639523255774775
16,55,0.1712565378261404,9.476348832166213,1.3639523255774775,1.3639523255774775
16,56,0.1712565378261404,10.193285079274851,1.3639523255774775,1.3639523255774775
16,57,0.1712565378261404,10.406316366888491,1.3639523255774775,1.3639523255774775
16,58,0.1712565378261404,9.733546049545689,1.3639523255774775,1.3639523255774775
16,59,0.1712565378261404,9.872071875671729,1.3639523255774775,1.3639523255774775
17,0,0.10752980158085958,-1.7171370082889037,1.426456645109047,0.0
17,1,0.10752980158085958,-1.2623834746010318,1.426456645109047,0.0
17,2,0.10752980158085958,-1.4103814362475973,1.426456645109047,0.0
17,3,0.10752980158085958,-1.5785821201823056,1.426456645109047,0.0
17,4,0.10752980158085958,-0.6401641495850738,1.426456645109047,0.0
17,5,0.10752980158085958,-0.7291304565356336,1.426456645109047,0.0
17,6,0.10752980158085958,-0.8752069665290602,1.426456645109047,0.0
17,7,0.10752980158085958,-0.8596327535777663,1.426456645109047,0.0
17,8,0.10752980158085958,-1.038428498230049,1.426456645109047,0.0
17,9,0.10752980158085958,-1.0613224588198724,1.426456645109047,0.0
17,10,0.10752980158085958,-0.7254685401015387,1.426456645109047,0.0
17,11,0.10752980158085958,-0.8384829513076263,1.426456645109047,0.0
17,12,0.10752980158085958,0.22435418963966747,1.426456645109047,0.0
17,13,0.10752980158085958,0.13071995020404906,1.426456645109047,0.0
17,14,0.10752980158085958,-0.015544620028802442,1.426456645109047,0.0
17,15,0.10752980158085958,0.4746272043243599,1.426456645109047,0.0
17,16,0.10752980158085958,-0.0016168001923364539,1.426456645109047,0.0
17,17,0.10752980158085958,0.4094144555089161,1.426456645109047,0.0
17,18,0.10752980158085958,0.6235494370886429,1.426456645109047,0.0
17,19,0.10752980158085958,1.1828736981357841,1.426456645109047,0.0
17,20,0.10752980158085958,0.8592901599664806,1.426456645109047,0.0
17,21,0.10752980158085958,0.8097938485425555,1.426456645109047,0.0
17,22,0.10752980158085958,1.0516336016548327,1.426456645109047,0.0
17,23,0.10752980158085958,1.166311796649469,1.426456645109047,0.0
17,24,0.10752980158085958,1.4570874101007032,1.426456645109047,0.0
17,25,0.10752980158085958,0.5614931139201693,1.426456645109047,0.0
17,26,0.10752980158085958,1.8903237571164047,1.426456645109047,0.0
17,27,0.10752980158085958,1.5035376985606814,1.426456645109047,0.0
17,28,0.10752980158085958,1.5195259533807302,1.426456645109047,0.0
17,29,0.10752980158085958,1.930231369302742,1.426456645109047,0.0
17,30,0.10752980158085958,2.544677444543848,1.426456645109047,1.426456645109047
17,31,0.10752980158085958,1.1688534602086298,1.426456645109047,1.426456645109047
17,32,0.10752980158085958,2.9683348254490434,1.426456645109047,1.426456645109047
17,33,0.10752980158085958,1.7364498976681964,1.426456645109047,1.426456645109047
17,34,0.10752980158085958,2.359893359873458,1.426456645109047,1.426456645109047
17,35,0.10752980158085958,2.5612293654692664,1.426456645109047,1.426456645109047
17,36,0.10752980158085958,2.6190938950493123,1.426456645109047,1.426456645109047
17,37,0.10752980158085958,2.5977276055130205,1.426456645109047,1.426456645109047
17,38,0.10752980158085958,2.6012649235958034,1.426456645109047,1.426456645109047
17,39,0.10752980158085958,1.8236688155936194,1.426456645109047,1.426456645109047
17,40,0.10752980158085958,2.7068159572603965,1.426456645109047,1.426456645109047
17,41,0.10752980158085958,2.7440722295614433,1.426456645109047,1.426456645109047
17,42,0.10752980158085958,2.953273168093401,1.426456645109047,1.426456645109047
17,43,0.10752980158085958,3.0527526941509664,1.426456645109047,1.426456645109047
17,44,0.10752980158085958,3.4849961751940746,1.426456645109047,1.426456645109047
17,45,0.10752980158085958,3.7189363674829536,1.426456645109047,1.426456645109047
17,46,0.10752980158085958,2.7827738507612914,1.426456645109047,1.426456645109047
17,47,0.10752980158085958,2.8408160760649235,1.426456645109047,1.426456645109047
17,48,0.10752980158085958,3.714358617650762,1.426456645109047,1.426456645109047
17,49,0.10752980158085958,3.7539764745034048,1.426456645109047,1.426456645109047
17,50,0.10752980158085958,3.9680538721311183,1.426456645109047,1.426456645109047
17,51,0.10752980158085958,3.5413642348004064,1.426456645109047,1.426456645109047
17,52,0.10752980158085958,4.632204575413166,1.426456645109047,1.426456645109047
17,53,0.10752980158085958,4.563671394000302,1.426456645109047,1.426456645109047
17,54,0.10752980158085958,4.95174225623056,1.426456645109047,1.426456645109047
17,55,0.10752980158085958,4.320727094991237,1.426456645109047,1.426456645109047
17,56,0.10752980158085958,3.80970074882781,1.426456645109047,1.426456645109047
17,57,0.10752980158085958,4.357278667582399,1.426456645109047,1.426456645109047
17,58,0.10752980158085958,4.8392562765197615,1.426456645109047,1.426456645109047
17,59,0.10752980158085958,4.454781929591944,1.426456645109047,1.426456645109047
18,0,0.14399395309973334,-1.069061292837561,1.4112341670081485,0.0
18,1,0.14399395309973334,-0.9233736312210722,1.4112341670081485,0.0
18,2,0.14399395309973334,-0.7177005209273909,1.4112341670081485,0.0
18,3,0.14399395309973334,-0.5908520931092647,1.4112341670081485,0.0
18,4,0.14399395309973334,-0.759525445642198,1.4112341670081485,0.0
18,5,0.14399395309973334,-0.5379356037481804,1.4112341670081485,0.0
18,6,0.14399395309973334,-1.1562498483485943,1.4112341670081485,0.0
18,7,0.14399395309973334,-0.40385412372817237,1.4112341670081485,0.0
18,8,0.14399395309973334,-0.4861691084038516,1.4112341670081485,0.0
18,9,0.14399395309973334,0.06871583165160831,1.4112341670081485,0.0
18,10,0.14399395309973334,0.28517662250244014,1.4112341670081485,0.0
18,11,0.14399395309973334,0.10109785488986031,1.4112341670081485,0.0
18,12,0.14399395309973334,0.8435116338218179,1.4112341670081485,0.0
18,13,0.14399395309973334,0.7641702018176694,1.4112341670081485,0.0
18,14,0.14399395309973334,0.9096877418499252,1.4112341670081485,0.0
18,15,0.14399395309973334,1.3561886333861777,1.4112341670081485,0.0
18,16,0.14399395309973334,1.5871161530829347,1.4112341670081485,0.0
18,17,0.14399395309973334,1.3754263840531287,1.4112341670081485,0.0
18,18,0.14399395309973334,1.6015122761330451,1.4112341670081485,0.0
18,19,0.14399395309973334,1.226487458995214,1.4112341670081485,0.0
18,20,0.14399395309973334,2.019421925936056,1.4112341670081485,0.0
18,21,0.14399395309973334,1.9353642833603861,1.4112341670081485,0.0
18,22,0.14399395309973334,1.8495543599430373,1.4112341670081485,0.0
18,23,0.14399395309973334,1.6692763211323811,1.4112341670081485,0.0
18,24,0.14399395309973334,2.257502724138203,1.4112341670081485,0.0
18,25,0.14399395309973334,2.6079957445764697,1.4112341670081485,0.0
18,26,0.14399395309973334,2.7640768108415523,1.4112341670081485,0.0
18,27,0.14399395309973334,2.2499583004255674,1.4112341670081485,0.0
18,28,0.14399395309973334,2.8259763409792664,1.4112341670081485,0.0
18,29,0.14399395309973334,3.342094756155305,1.4112341670081485,0.0
18,30,0.14399395309973334,3.0677070421220147,1.4112341670081485,1.4112341670081485
18,31,0.14399395309973334,3.333501997049328,1.4112341670081485,1.4112341670081485
18,32,0.14399395309973334,3.8121757947368504,1.4112341670081485,1.4112341670081485
18,33,0.14399395309973334,4.6826473745565025,1.4112341670081485,1.4112341670081485
18,34,0.14399395309973334,3.0565022348856683,1.4112341670081485,1.4112341670081485
18,35,0.14399395309973334,3.989920378888587,1.4112341670081485,1.4112341670081485
18,36,0.14399395309973334,3.998926254404635,1.4112341670081485,1.4112341670081485
18,37,0.14399395309973334,3.99729830928331,1.4112341670081485,1.4112341670081485
18,38,0.14399395309973334,4.526839633792111,1.4112341670081485,1.4112341670081485
18,39,0.14399395309973334,4.32825800335649,1.4112341670081485,1.4112341670081485
18,40,0.14399395309973334,5.097096950946236,1.4112341670081485,1.4112341670081485
18,41,0.14399395309973334,5.008493914974966,1.4112341670081485,1.4112341670081485
18,42,0.14399395309973334,5.159383254102964,1.4112341670081485,1.4112341670081485
18,43,0.14399395309973334,5.072443222873649,1.4112341670081485,1.4112341670081485
18,44,0.14399395309973334,4.726948675562952,1.4112341670081485,1.4112341670081485
18,45,0.14399395309973334,4.406416354694707,1.4112341670081485,1.4112341670081485
18,46,0.14399395309973334,5.7575007533307865,1.4112341670081485,1.4112341670081485
18,47,0.14399395309973334,5.003927979828591,1.4112341670081485,1.4112341670081485
18,48,0.14399395309973334,6.133535236282793,1.4112341670081485,1.4112341670081485
18,49,0.14399395309973334,5.963922993007957,1.4112341670081485,1.4112341670081485
18,50,0.14399395309973334,6.369000148979951,1.4112341670081485,1.4112341670081485
18,51,0.14399395309973334,6.055948160158432,1.4112341670081485,1.4112341670081485
18,52,0.14399395309973334,5.4187215203329275,1.4112341670081485,1.4112341670081485
18,53,0.14399395309973334,5.968302016960346,1.4112341670081485,1.4112341670081485
18,54,0.14399395309973334,6.426535871011821,1.4112341670081485,1.4112341670081485
18,55,0.14399395309973334,6.450890046238419,1.4112341670081485,1.4112341670081485
18,56,0.14399395309973334,6.991187399261831,1.4112341670081485,1.4112341670081485
18,57,0.14399395309973334,7.26340615174354,1.4112341670081485,1.4112341670081485
18,58,0.14399395309973334,6.521244109160889,1.4112341670081485,1.4112341670081485
18,59,0.14399395309973334,6.933559392767643,1.4112341670081485,1.4112341670081485
19,0,0.15379452765887353,-1.4275209307386518,1.443115151239369,0.0
19,1,0.15379452765887353,-0.51075352382841,1.443115151239369,0.0
19,2,0.15379452765887353,-1.3072493134402576,1.443115151239369,0.0
19,3,0.15379452765887353,-0.5455291267951287,1.443115151239369,0.0
19,4,0.15379452765887353,-0.5841446267621937,1.443115151239369,0.0
19,5,0.15379452765887353,0.5651847661885008,1.443115151239369,0.0
19,6,0.15379452765887353,-0.13853144966435388,1.443115151239369,0.0
19,7,0.15379452765887353,0.5558638913172892,1.443115151239369,0.0
19,8,0.15379452765887353,0.1381455464352751,1.443115151239369,0.0
19,9,0.15379452765887353,0.7079557983850242,1.443115151239369,0.0
19,10,0.15379452765887353,0.5813285839196616,1.443115151239369,0.0
19,11,0.15379452765887353,0.6144438117350249,1.443115151239369,0.0
19,12,0.15379452765887353,0.6981538534526286,1.443115151239369,0.0
19,13,0.15379452765887353,0.6976176457189489,1.443115151239369,0.0
19,14,0.15379452765887353,1.2253103539372967,1.443115151239369,0.0
19,15,0.15379452765887353,1.8935723829546323,1.443115151239369,0.0
19,16,0.15379452765887353,0.5762146510010909,1.443115151239369,0.0
19,17,0.15379452765887353,2.22999401395503,1.443115151239369,0.0
19,18,0.15379452765887353,1.6879817223011522,1.443115151239369,0.0
19,19,0.15379452765887353,2.2865958172980845,1.443115151239369,0.0
19,20,0.15379452765887353,1.9923701287795008,1.443115151239369,0.0
19,21,0.15379452765887353,2.2008609665916246,1.443115151239369,0.0
19,22,0.15379452765887353,1.7138018208297194,1.443115151239369,0.0
19,23,0.15379452765887353,2.2560871914055785,1.443115151239369,0.0
19,24,0.15379452765887353,2.4516398039625247,1.443115151239369,0.0
19,25,0.15379452765887353,3.0002608123886474,1.443115151239369,0.0
19,26,0.15379452765887353,2.6718627096569545,1.443115151239369,0.0
19,27,0.15379452765887353,2.8840045389976603,1.443115151239369,0.0
19,28,0.15379452765887353,3.4036574646870723,1.443115151239369,0.0
19,29,0.15379452765887353,3.5630959080515043,1.443115151239369,0.0
19,30,0.15379452765887353,3.1556511562236667,1.443115151239369,1.443115151239369
19,31,0.15379452765887353,3.1816045733911054,1.443115151239369,1.443115151239369
19,32,0.15379452765887353,4.069283185948994,1.443115151239369,1.443115151239369
19,33,0.15379452765887353,4.540355801635984,1.443115151239369,1.443115151239369
19,34,0.15379452765887353,4.45256322938643,1.443115151239369,1.443115151239369
19,35,0.15379452765887353,4.520137956007289,1.443115151239369,1.443115151239369
19,36,0.15379452765887353,4.80301932530029,1.443115151239369,1.443115151239369
19,37,0.15379452765887353,3.9749828040614665,1.443115151239369,1.443115151239369
19,38,0.15379452765887353,4.921395930919829,1.443115151239369,1.443115151239369
19,39,0.15379452765887353,4.938924989586354,1.443115151239369,1.443115151239369
19,40,0.15379452765887353,5.2944800299388195,1.443115151239369,1.443115151239369
19,41,0.15379452765887353,5.026965958345365,1.443115151239369,1.443115151239369
19,42,0.15379452765887353,5.044893771496278,1.443115151239369,1.443115151239369
19,43,0.15379452765887353,5.795020629006518,1.443115151239369,1.443115151239369
19,44,0.15379452765887353,5.596004528502414,1.443115151239369,1.443115151239369
19,45,0.15379452765887353,5.928641373415297,1.443115151239369,1.443115151239369
19,46,0.15379452765887353,6.490187441963639,1.443115151239369,1.443115151239369
19,47,0.15379452765887353,6.610708998019106,1.443115151239369,1.443115151239369
19,48,0.15379452765887353,6.738040386262048,1.443115151239369,1.443115151239369
19,49,0.15379452765887353,5.928006089222674,1.443115151239369,1.443115151239369
19,50,0.15379452765887353,7.142501903519731,1.443115151239369,1.443115151239369
19,51,0.15379452765887353,7.2880708300267285,1.443115151239369,1.443115151239369
19,52,0.15379452765887353,7.818144549211496,1.443115151239369,1.443115151239369
19,53,0.15379452765887353,7.656534481817968,1.443115151239369,1.443115151239369
19,54,0.15379452765887353,6.636563151392677,1.443115151239369,1.443115151239369
19,55,0.15379452765887353,8.641590691656628,1.443115151239369,1.443115151239369
19,56,0.15379452765887353,7.983882144398773,1.443115151239369,1.443115151239369
19,57,0.15379452765887353,7.521570019605041,1.443115151239369,1.443115151239369
19,58,0.15379452765887353,7.463841346866477,1.443115151239369,1.443115151239369
19,59,0.15379452765887353,7.773834371273608,1.443115151239369,1.443115151239369
20,0,0.12485433947050413,-0.5593943136141782,1.3504950641098528,0.0
20,1,0.12485433947050413,-0.03198657935549798,1.3504950641098528,0.0
20,2,0.12485433947050413,-0.6469639027665838,1.3504950641098528,0.0
20,3,0.12485433947050413,-0.27675000542392814,1.3504950641098528,0.0
20,4,0.12485433947050413,-1.085395277183241,1.3504950641098528,0.0
20,5,0.12485433947050413,-0.26398348200580185,1.3504950641098528,0.0
20,6,0.12485433947050413,-0.46175569276376227,1.3504950641098528,0.0
20,7,0.12485433947050413,0.28271900751068296,1.3504950641098528,0.0
20,8,0.12485433947050413,-0.3154989608879992,1.3504950641098528,0.0
20,9,0.12485433947050413,-0.04260732627470315,1.3504950641098528,0.0
20,10,0.12485433947050413,0.4811230173043084,1.3504950641098528,0.0
20,11,0.12485433947050413,0.6600511027314675,1.3504950641098528,0.0
20,12,0.12485433947050413,1.0500665876087059,1.3504950641098528,0.0
20,13,0.12485433947050413,0.828863103661519,1.3504950641098528,0.0
20,14,0.12485433947050413,1.0463616951568857,1.3504950641098528,0.0
20,15,0.12485433947050413,1.2605768546769296,1.3504950641098528,0.0
20,16,0.12485433947050413,1.6328018263437745,1.3504950641098528,0.0
20,17,0.12485433947050413,1.9251148400634608,1.3504950641098528,0.0
20,18,0.12485433947050413,0.9839021155963672,1.3504950641098528,0.0
20,19,0.12485433947050413,1.4932696893107789,1.3504950641098528,0.0
20,20,0.12485433947050413,1.8960186182233991,1.3504950641098528,0.0
20,21,0.12485433947050413,1.53862619223251,1.3504950641098528,0.0
20,22,0.12485433947050413,2.101232506594827,1.3504950641098528,0.0
20,23,0.12485433947050413,1.9297805674477564,1.3504950641098528,0.0
20,24,0.12485433947050413,2.1829563673842642,1.3504950641098528,0.0
20,25,0.12485433947050413,3.071002085210365,1.3504950641098528,0.0
20,26,0.12485433947050413,2.33212915093063,1.3504950641098528,0.0
20,27,0.12485433947050413,2.8674886338958134,1.3504950641098528,0.0
20,28,0.12485433947050413,2.168175748586174,1.3504950641098528,0.0
20,29,0.12485433947050413,2.7872618756727503,1.3504950641098528,0.0
20,30,0.12485433947050413,3.0265340788595494,1.3504950641098528,1.3504950641098528
20,31,0.12485433947050413,3.178621299571953,1.3504950641098528,1.3504950641098528
20,32,0.12485433947050413,2.398876364820402,1.3504950641098528,1.3504950641098528
20,33,0.12485433947050413,3.9377616902428674,1.3504950641098528,1.3504950641098528
20,34,0.12485433947050413,2.936214287985883,1.3504950641098528,1.3504950641098528
20,35,0.12485433947050413,3.1482830516476437,1.3504950641098528,1.3504950641098528
20,36,0.12485433947050413,3.739714465472487,1.3504950641098528,1.3504950641098528
20,37,0.12485433947050413,4.09554670514597,1.3504950641098528,1.3504950641098528
20,38,0.12485433947050413,3.4731360065943955,1.3504950641098528,1.3504950641098528
20,39,0.12485433947050413,4.098690221106202,1.3504950641098528,1.3504950641098528
20,40,0.12485433947050413,4.4425287505233255,1.3504950641098528,1.3504950641098528
20,41,0.12485433947050413,4.449571008606387,1.3504950641098528,1.3504950641098528
20,42,0.12485433947050413,4.482743959185761,1.3504950641098528,1.3504950641098528
20,43,0.12485433947050413,5.480872511228977,1.3504950641098528,1.3504950641098528
20,44,0.12485433947050413,4.501067951976176,1.3504950641098528,1.3504950641098528
20,45,0.12485433947050413,4.945573091333314,1.3504950641098528,1.3504950641098528
20,46,0.12485433947050413,4.455336469935568,1.3504950641098528,1.3504950641098528
20,47,0.12485433947050413,4.641457512303025,1.3504950641098528,1.3504950641098528
20,48,0.12485433947050413,4.296532040828017,1.3504950641098528,1.3504950641098528
20,49,0.12485433947050413,5.446673264683364,1.3504950641098528,1.3504950641098528
20,50,0.12485433947050413,5.304503562310814,1.3504950641098528,1.3504950641098528
20,51,0.12485433947050413,5.660652702019337,1.3504950641098528,1.3504950641098528
20,52,0.12485433947050413,5.982767262010679,1.3504950641098528,1.3504950641098528
20,53,0.12485433947050413,5.625184048797256,1.3504950641098528,1.3504950641098528
20,54,0.12485433947050413,6.473438840715575,1.3504950641098528,1.3504950641098528
20,55,0.12485433947050413,6.215378885092536,1.3504950641098528,1.3504950641098528
20,56,0.12485433947050413,6.671068659380711,1.3504950641098528,1.3504950641098528
20,57,0.12485433947050413,6.4151571051057195,1.3504950641098528,1.3504950641098528
20,58,0.12485433947050413,6.426842346829453,1.3504950641098528,1.3504950641098528
20,59,0.12485433947050413,7.036869949900889,1.3504950641098528,1.3504950641098528
21,0,0.12277278716542388,0.3777776740973948,1.3141008588982195,0.0
21,1,0.12277278716542388,0.3892231727634192,1.3141008588982195,0.0
21,2,0.12277278716542388,0.6941386793591173,1.3141008588982195,0.0
21,3,0.12277278716542388,0.6652060966383008,1.3141008588982195,0.0
21,4,0.12277278716542388,1.6243713445546288,1.3141008588982195,0.0
21,5,0.12277278716542388,1.2180771187717754,1.3141008588982195,0.0
21,6,0.12277278716542388,1.148907469723347,1.3141008588982195,0.0
21,7,0.12277278716542388,0.9500015137045298,1.3141008588982195,0.0
21,8,0.12277278716542388,1.9916342707712866,1.3141008588982195,0.0
21,9,0.12277278716542388,1.2158429055134001,1.3141008588982195,0.0
21,10,0.12277278716542388,1.4782334471182297,1.3141008588982195,0.0
21,11,0.12277278716542388,1.7164788776712787,1.3141008588982195,0.0
21,12,0.12277278716542388,1.7801874928234187,1.3141008588982195,0.0
21,13,0.12277278716542388,1.8732884561337284,1.3141008588982195,0.0
21,14,0.12277278716542388,1.6233941235657465,1.3141008588982195,0.0
21,15,0.12277278716542388,1.885160989730366,1.3141008588982195,0.0
21,16,0.12277278716542388,2.6413714271975186,1.3141008588982195,0.0
21,17,0.12277278716542388,2.5054384248697117,1.3141008588982195,0.0
21,18,0.12277278716542388,2.2174307389269483,1.3141008588982195,0.0
21,19,0.12277278716542388,2.96249386406558,1.3141008588982195,0.0
21,20,0.12277278716542388,2.6306194893494945,1.3141008588982195,0.0
21,21,0.12277278716542388,3.192089256259901,1.3141008588982195,0.0
21,22,0.12277278716542388,2.94928413030681,1.3141008588982195,0.0
21,23,0.12277278716542388,3.1206516514663925,1.3141008588982195,0.0
21,24,0.12277278716542388,3.297071982646187,1.3141008588982195,0.0
21,25,0.12277278716542388,3.5148180738398045,1.3141008588982195,0.0
21,26,0.12277278716542388,3.551074114798508,1.3141008588982195,0.0
21,27,0.12277278716542388,3.7001902068210386,1.3141008588982195,0.0
21,28,0.12277278716542388,4.231468185533266,1.3141008588982195,0.0
21,29,0.12277278716542388,4.68242451107853,1.3141008588982195,0.0
21,30,0.12277278716542388,3.9547007263027285,1.3141008588982195,1.3141008588982195
21,31,0.12277278716542388,3.855105716435295,1.3141008588982195,1.3141008588982195
21,32,0.12277278716542388,4.554685111004962,1.3141008588982195,1.3141008588982195
21,33,0.12277278716542388,4.094192441281129,1.3141008588982195,1.3141008588982195
21,34,0.12277278716542388,4.689260814959217,1.3141008588982195,1.3141008588982195
21,35,0.12277278716542388,4.6031600068431535,1.3141008588982195,1.3141008588982195
21,36,0.12277278716542388,5.074514282870463,1.3141008588982195,1.3141008588982195
21,37,0.12277278716542388,4.653867533226515,1.3141008588982195,1.3141008588982195
21,38,0.12277278716542388,5.083270201809911,1.3141008588982195,1.3141008588982195
21,39,0.12277278716542388,4.940030615346217,1.3141008588982195,1.3141008588982195
21,40,0.12277278716542388,5.295555950473157,1.3141008588982195,1.3141008588982195
21,41,0.12277278716542388,5.563968377952078,1.3141008588982195,1.3141008588982195
21,42,0.12277278716542388,5.661103934204207,1.3141008588982195,1.3141008588982195
21,43,0.12277278716542388,5.267929560766267,1.3141008588982195,1.3141008588982195
21,44,0.12277278716542388,5.72967586922927,1.3141008588982195,1.3141008588982195
21,45,0.12277278716542388,4.653888872586427,1.3141008588982195,1.3141008588982195
21,46,0.12277278716542388,5.7153791461101155,1.3141008588982195,1.3141008588982195
21,47,0.12277278716542388,6.34163289678729,1.3141008588982195,1.3141008588982195
21,48,0.12277278716542388,5.793967300970788,1.3141008588982195,1.3141008588982195
21,49,0.12277278716542388,6.60144976656419,1.3141008588982195,1.3141008588982195
21,50,0.12277278716542388,6.252620868245142,1.3141008588982195,1.3141008588982195
21,51,0.12277278716542388,6.069571653311522,1.3141008588982195,1.3141008588982195
21,52,0.12277278716542388,6.744753029550209,1.3141008588982195,1.3141008588982195
21,53,0.12277278716542388,6.326708612033735,1.3141008588982195,1.3141008588982195
21,54,0.12277278716542388,6.3334865802804865,1.3141008588982195,1.3141008588982195
21,55,0.12277278716542388,6.807641415742131,1.3141008588982195,1.3141008588982195
21,56,0.12277278716542388,6.999860050346131,1.3141008588982195,1.3141008588982195
21,57,0.12277278716542388,7.310132257924521,1.3141008588982195,1.3141008588982195
21,58,0.12277278716542388,6.897736557196408,1.3141008588982195,1.3141008588982195
21,59,0.12277278716542388,7.722265939750168,1.3141008588982195,1.3141008588982195
22,0,0.12372452994030796,-1.6513406306206995,1.2674555260967746,0.0
22,1,0.12372452994030796,-1.6156598287313193,1.2674555260967746,0.0
22,2,0.12372452994030796,-0.8768248319359586,1.2674555260967746,0.0
22,3,0.12372452994030796,-1.71676062047037,1.2674555260967746,0.0
22,4,0.12372452994030796,-0.7374824204297691,1.2674555260967746,0.0
22,5,0.12372452994030796,-0.3271301122150543,1.2674555260967746,0.0
22,6,0.12372452994030796,-0.9354990729739623,1.2674555260967746,0.0
22,7,0.12372452994030796,-1.3042786744457593,1.2674555260967746,0.0
22,8,0.12372452994030796,-0.6761341052816444,1.2674555260967746,0.0
22,9,0.12372452994030796,-0.4054773527343044,1.2674555260967746,0.0
22,10,0.12372452994030796,-0.265199885087313,1.2674555260967746,0.0
22,11,0.12372452994030796,-0.25737734173872184,1.2674555260967746,0.0
22,12,0.12372452994030796,-0.34742053982761506,1.2674555260967746,0.0
22,13,0.12372452994030796,0.5812259616493778,1.2674555260967746,0.0
22,14,0.12372452994030796,0.6563249750143747,1.2674555260967746,0.0
22,15,0.12372452994030796,0.6065059664727646,1.2674555260967746,0.0
22,16,0.12372452994030796,0.8439758619195508,1.2674555260967746,0.0
22,17,0.12372452994030796,0.9559772557725282,1.2674555260967746,0.0
22,18,0.12372452994030796,0.6682798878154398,1.2674555260967746,0.0
22,19,0.12372452994030796,0.7458525256305311,1.2674555260967746,0.0
22,20,0.12372452994030796,1.4290178985930673,1.2674555260967746,0.0
22,21,0.12372452994030796,0.8142497593408196,1.2674555260967746,0.0
22,22,0.12372452994030796,0.5204961221181093,1.2674555260967746,0.0
22,23,0.12372452994030796,0.4868815499296346,1.2674555260967746,0.0
22,24,0.12372452994030796,1.8942952691127561,1.2674555260967746,0.0
22,25,0.12372452994030796,1.6004054000852324,1.2674555260967746,0.0
22,26,0.12372452994030796,1.2797881379959932,1.2674555260967746,0.0
22,27,0.12372452994030796,1.933645190691498,1.2674555260967746,0.0
22,28,0.12372452994030796,1.3822321973671294,1.2674555260967746,0.0
22,29,0.12372452994030796,2.163580888352989,1.2674555260967746,0.0
22,30,0.12372452994030796,1.8856981001057314,1.2674555260967746,1.2674555260967746
22,31,0.12372452994030796,1.7477510258141145,1.2674555260967746,1.2674555260967746
22,32,0.12372452994030796,2.338196839039965,1.2674555260967746,1.2674555260967746
22,33,0.12372452994030796,2.7246289787687528,1.2674555260967746,1.2674555260967746
22,34,0.12372452994030796,2.107601014734848,1.2674555260967746,1.2674555260967746
22,35,0.12372452994030796,2.8922392511198756,1.2674555260967746,1.2674555260967746
22,36,0.12372452994030796,3.557773208620122,1.2674555260967746,1.2674555260967746
22,37,0.12372452994030796,3.5991117821559193,1.2674555260967746,1.2674555260967746
22,38,0.12372452994030796,3.1017042794414733,1.2674555260967746,1.2674555260967746
22,39,0.12372452994030796,3.9243955164392865,1.2674555260967746,1.2674555260967746
22,40,0.12372452994030796,3.8245604547710856,1.2674555260967746,1.2674555260967746
22,41,0.12372452994030796,3.2391147532266062,1.2674555260967746,1.2674555260967746
22,42,0.12372452994030796,3.1635997979435855,1.2674555260967746,1.2674555260967746
22,43,0.12372452994030796,4.318311147884373,1.2674555260967746,1.2674555260967746
22,44,0.12372452994030796,3.6973912998168705,1.2674555260967746,1.2674555260967746
22,45,0.12372452994030796,3.4756234531279486,1.2674555260967746,1.2674555260967746
22,46,0.12372452994030796,4.328602171038569,1.2674555260967746,1.2674555260967746
22,47,0.12372452994030796,4.625374970494799,1.2674555260967746,1.2674555260967746
22,48,0.12372452994030796,4.599452186582484,1.2674555260967746,1.2674555260967746
22,49,0.12372452994030796,4.507444779186556,1.2674555260967746,1.2674555260967746
22,50,0.12372452994030796,4.83125092025042,1.2674555260967746,1.2674555260967746
22,51,0.12372452994030796,4.553405623881438,1.2674555260967746,1.2674555260967746
22,52,0.12372452994030796,4.733929553486675,1.2674555260967746,1.2674555260967746
22,53,0.12372452994030796,5.342635157211532,1.2674555260967746,1.2674555260967746
22,54,0.12372452994030796,5.50844427122746,1.2674555260967746,1.2674555260967746
22,55,0.12372452994030796,5.036956555295843,1.2674555260967746,1.2674555260967746
22,56,0.12372452994030796,6.049502501661728,1.2674555260967746,1.2674555260967746
22,57,0.12372452994030796,5.730267245391872,1.2674555260967746,1.2674555260967746
22,58,0.12372452994030796,5.97455592443446,1.2674555260967746,1.2674555260967746
22,59,0.12372452994030796,5.665305111055886,1.2674555260967746,1.2674555260967746
23,0,0.12872771772022604,-0.6785732625501022,1.4602317405268388,0.0
23,1,0.12872771772022604,-1.1681208984280675,1.4602317405268388,0.0
23,2,0.12872771772022604,-0.24094469477096678,1.4602317405268388,0.0
23,3,0.12872771772022604,-0.5516507564057955,1.4602317405268388,0.0
23,4,0.12872771772022604,-0.2168360017834687,1.4602317405268388,0.0
23,5,0.12872771772022604,0.39997190584416353,1.4602317405268388,0.0
23,6,0.12872771772022604,-0.18144981409714794,1.4602317405268388,0.0
23,7,0.12872771772022604,0.004004662297804745,1.4602317405268388,0.0
23,8,0.12872771772022604,0.5036339006484681,1.4602317405268388,0.0
23,9,0.12872771772022604,0.4886507131588893,1.4602317405268388,0.0
23,10,0.12872771772022604,0.20513588188535636,1.4602317405268388,0.0
23,11,0.12872771772022604,0.000442558051685471,1.4602317405268388,0.0
23,12,0.12872771772022604,1.5884537824783804,1.4602317405268388,0.0
23,13,0.12872771772022604,0.7075993978353498,1.4602317405268388,0.0
23,14,0.12872771772022604,1.0746988223484628,1.4602317405268388,0.0
23,15,0.12872771772022604,1.3089370960587896,1.4602317405268388,0.0
23,16,0.12872771772022604,1.6594737500446712,1.4602317405268388,0.0
23,17,0.12872771772022604,1.2468456659284248,1.4602317405268388,0.0
23,18,0.12872771772022604,1.6686380759007289,1.4602317405268388,0.0
23,19,0.12872771772022604,1.7152291208293091,1.4602317405268388,0.0
23,20,0.12872771772022604,2.022246192692184,1.4602317405268388,0.0
23,21,0.12872771772022604,2.209162425787225,1.4602317405268388,0.0
23,22,0.12872771772022604,2.3619589406136425,1.4602317405268388,0.0
23,23,0.12872771772022604,2.2557673361312887,1.4602317405268388,0.0
23,24,0.12872771772022604,2.3389149368322477,1.4602317405268388,0.0
23,25,0.12872771772022604,2.843298527964062,1.4602317405268388,0.0
23,26,0.12872771772022604,2.8058656263074906,1.4602317405268388,0.0
23,27,0.12872771772022604,3.430489504169547,1.4602317405268388,0.0
23,28,0.12872771772022604,2.6059818126954455,1.4602317405268388,0.0
23,29,0.12872771772022604,3.7808887208334157,1.4602317405268388,0.0
23,30,0.12872771772022604,2.542763503080137,1.4602317405268388,1.4602317405268388
23,31,0.12872771772022604,2.8439159964876124,1.4602317405268388,1.4602317405268388
23,32,0.12872771772022604,3.277970513778908,1.4602317405268388,1.4602317405268388
23,33,0.12872771772022604,3.8953445493020755,1.4602317405268388,1.4602317405268388
23,34,0.12872771772022604,3.3652633106346506,1.4602317405268388,1.4602317405268388
23,35,0.12872771772022604,4.486796487586686,1.4602317405268388,1.4602317405268388
23,36,0.12872771772022604,3.3923408987244685,1.4602317405268388,1.4602317405268388
23,37,0.12872771772022604,3.4028348433784683,1.4602317405268388,1.4602317405268388
23,38,0.12872771772022604,4.675057983268291,1.4602317405268388,1.4602317405268388
23,39,0.12872771772022604,3.147845871981978,1.4602317405268388,1.4602317405268388
23,40,0.12872771772022604,4.4693683071319725,1.4602317405268388,1.4602317405268388
23,41,0.12872771772022604,4.751238370618562,1.4602317405268388,1.4602317405268388
23,42,0.12872771772022604,4.464211159001119,1.4602317405268388,1.4602317405268388
23,43,0.12872771772022604,5.282890177287894,1.4602317405268388,1.4602317405268388
23,44,0.12872771772022604,5.53097574114558,1.4602317405268388,1.4602317405268388
23,45,0.12872771772022604,4.8455247332599445,1.4602317405268388,1.4602317405268388
23,46,0.12872771772022604,4.90906285639485,1.4602317405268388,1.4602317405268388
23,47,0.12872771772022604,5.770745085658119,1.4602317405268388,1.4602317405268388
23,48,0.12872771772022604,5.3426922947999484,1.4602317405268388,1.4602317405268388
23,49,0.12872771772022604,5.2252327730770745,1.4602317405268388,1.4602317405268388
23,50,0.12872771772022604,6.32264792110824,1.4602317405268388,1.4602317405268388
23,51,0.12872771772022604,6.165185471412604,1.4602317405268388,1.4602317405268388
23,52,0.12872771772022604,6.6967039682650125,1.4602317405268388,1.4602317405268388
23,53,0.12872771772022604,6.440311666924953,1.4602317405268388,1.4602317405268388
23,54,0.12872771772022604,6.282914732089559,1.4602317405268388,1.4602317405268388
23,55,0.12872771772022604,6.857764443940032,1.4602317405268388,1.4602317405268388
23,56,0.12872771772022604,7.057000045496995,1.4602317405268388,1.4602317405268388
23,57,0.12872771772022604,6.880820851177393,1.4602317405268388,1.4602317405268388
23,58,0.12872771772022604,7.513635316898065,1.4602317405268388,1.4602317405268388
23,59,0.12872771772022604,7.272021541791961,1.4602317405268388,1.4602317405268388
24,0,0.11484728785549518,0.3866662840974137,1.5092386332863774,0.0
24,1,0.11484728785549518,0.1799360914016539,1.5092386332863774,0.0
24,2,0.11484728785549518,0.7494421224657717,1.5092386332863774,0.0
24,3,0.11484728785549518,0.45213602108903883,1.5092386332863774,0.0
24,4,0.11484728785549518,1.1251846412507873,1.5092386332863774,0.0
24,5,0.11484728785549518,0.8062927504102678,1.5092386332863774,0.0
24,6,0.11484728785549518,1.1518133278850817,1.5092386332863774,0.0
24,7,0.11484728785549518,1.2335704242976144,1.5092386332863774,0.0
24,8,0.11484728785549518,1.2788754885463178,1.5092386332863774,0.0
24,9,0.11484728785549518,1.7798537200688447,1.5092386332863774,0.0
24,10,0.11484728785549518,1.1641796853884645,1.5092386332863774,0.0
24,11,0.11484728785549518,1.685781189645987,1.5092386332863774,0.0
24,12,0.11484728785549518,2.1579000390507597,1.5092386332863774,0.0
24,13,0.11484728785549518,1.509354299651704,1.5092386332863774,0.0
24,14,0.11484728785549518,1.518665991207321,1.5092386332863774,0.0
24,15,0.11484728785549518,2.1335122221496072,1.5092386332863774,0.0
24,16,0.11484728785549518,2.136859638838138,1.5092386332863774,0.0
24,17,0.11484728785549518,1.0306954135616204,1.5092386332863774,0.0
24,18,0.11484728785549518,1.7081881645178045,1.5092386332863774,0.0
24,19,0.11484728785549518,1.894879171923129,1.5092386332863774,0.0
24,20,0.11484728785549518,2.4696468916600507,1.5092386332863774,0.0
24,21,0.11484728785549518,2.763479437368547,1.5092386332863774,0.0
24,22,0.11484728785549518,2.3154370396324464,1.5092386332863774,0.0
24,23,0.11484728785549518,2.372234241065393,1.5092386332863774,0.0
24,24,0.11484728785549518,2.6293186217246034,1.5092386332863774,0.0
24,25,0.11484728785549518,2.7206312734643703,1.5092386332863774,0.0
24,26,0.11484728785549518,3.0723304413139507,1.5092386332863774,0.0
24,27,0.11484728785549518,2.8135364289838263,1.5092386332863774,0.0
24,28,0.11484728785549518,3.7463055125983042,1.5092386332863774,0.0
24,29,0.11484728785549518,4.103650330279443,1.5092386332863774,0.0
24,30,0.11484728785549518,3.853352662028726,1.5092386332863774,1.5092386332863774
24,31,0.11484728785549518,2.815150146263788,1.5092386332863774,1.5092386332863774
24,32,0.11484728785549518,3.8316472500375522,1.5092386332863774,1.5092386332863774
24,33,0.11484728785549518,4.530507989420992,1.5092386332863774,1.5092386332863774
24,34,0.11484728785549518,4.216842542996002,1.5092386332863774,1.5092386332863774
24,35,0.11484728785549518,4.71739472794005,1.5092386332863774,1.5092386332863774
24,36,0.11484728785549518,4.7638996332885775,1.5092386332863774,1.5092386332863774
24,37,0.11484728785549518,4.02530999012193,1.5092386332863774,1.5092386332863774
24,38,0.11484728785549518,5.259394439737122,1.5092386332863774,1.5092386332863774
24,39,0.11484728785549518,4.724505554804658,1.5092386332863774,1.5092386332863774
24,40,0.11484728785549518,4.623554931327722,1.5092386332863774,1.5092386332863774
24,41,0.11484728785549518,4.853080105942519,1.5092386332863774,1.5092386332863774
24,42,0.11484728785549518,4.967488807803202,1.5092386332863774,1.5092386332863774
24,43,0.11484728785549518,4.855872521820786,1.5092386332863774,1.5092386332863774
24,44,0.11484728785549518,5.22566424411889,1.5092386332863774,1.5092386332863774
24,45,0.11484728785549518,6.0859792581565655,1.5092386332863774,1.5092386332863774
24,46,0.11484728785549518,5.438836712253148,1.5092386332863774,1.5092386332863774
24,47,0.11484728785549518,5.81845421523112,1.5092386332863774,1.5092386332863774
24,48,0.11484728785549518,5.816978013420949,1.5092386332863774,1.5092386332863774
24,49,0.11484728785549518,5.508706173337384,1.5092386332863774,1.5092386332863774
24,50,0.11484728785549518,6.150098944179088,1.5092386332863774,1.5092386332863774
24,51,0.11484728785549518,5.709938584781058,1.5092386332863774,1.5092386332863774
24,52,0.11484728785549518,5.865028313353478,1.5092386332863774,1.5092386332863774
24,53,0.11484728785549518,6.489907985100244,1.5092386332863774,1.5092386332863774
24,54,0.11484728785549518,5.9767276173997415,1.5092386332863774,1.5092386332863774
24,55,0.11484728785549518,6.177664841068843,1.5092386332863774,1.5092386332863774
24,56,0.11484728785549518,6.198944554490119,1.5092386332863774,1.5092386332863774
24,57,0.11484728785549518,6.482942814481087,1.5092386332863774,1.5092386332863774
24,58,0.11484728785549518,7.562018880706882,1.5092386332863774,1.5092386332863774
24,59,0.11484728785549518,6.842118029579811,1.5092386332863774,1.5092386332863774
25,0,0.11516417626988137,-1.2463642583257106,1.2203729624193067,0.0
25,1,0.11516417626988137,-0.6617130260875503,1.2203729624193067,0.0
25,2,0.11516417626988137,-1.2364529770710018,1.2203729624193067,0.0
25,3,0.11516417626988137,-0.8701354254597993,1.2203729624193067,0.0
25,4,0.11516417626988137,-0.23410426956031066,1.2203729624193067,0.0
25,5,0.11516417626988137,0.0409333904056442,1.2203729624193067,0.0
25,6,0.11516417626988137,-0.4028423200598131,1.2203729624193067,0.0
25,7,0.11516417626988137,-0.6833063137543056,1.2203729624193067,0.0
25,8,0.11516417626988137,0.16569756570919905,1.2203729624193067,0.0
25,9,0.11516417626988137,0.4092383295016625,1.2203729624193067,0.0
25,10,0.11516417626988137,0.1446826005467778,1.2203729624193067,0.0
25,11,0.11516417626988137,0.4475118101828046,1.2203729624193067,0.0
25,12,0.11516417626988137,0.6657512160432602,1.2203729624193067,0.0
25,13,0.11516417626988137,1.390248805429903,1.2203729624193067,0.0
25,14,0.11516417626988137,0.6438943847463987,1.2203729624193067,0.0
25,15,0.11516417626988137,0.6681204559792405,1.2203729624193067,0.0
25,16,0.11516417626988137,0.5620089477508826,1.2203729624193067,0.0
25,17,0.11516417626988137,1.4098496371909597,1.2203729624193067,0.0
25,18,0.11516417626988137,0.9276349741183983,1.2203729624193067,0.0
25,19,0.11516417626988137,0.4939267928768448,1.2203729624193067,0.0
25,20,0.11516417626988137,1.1282204842494128,1.2203729624193067,0.0
25,21,0.11516417626988137,1.7529785916978298,1.2203729624193067,0.0
25,22,0.11516417626988137,0.9446074978492012,1.2203729624193067,0.0
25,23,0.11516417626988137,1.4622662074634936,1.2203729624193067,0.0
25,24,0.11516417626988137,2.2369240946600737,1.2203729624193067,0.0
25,25,0.11516417626988137,2.2571713140461567,1.2203729624193067,0.0
25,26,0.11516417626988137,2.2319156800830577,1.2203729624193067,0.0
25,27,0.11516417626988137,2.285258863148389,1.2203729624193067,0.0
25,28,0.11516417626988137,2.5475228486614743,1.2203729624193067,0.0
25,29,0.11516417626988137,2.8161890222004757,1.2203729624193067,0.0
25,30,0.11516417626988137,2.0835791125404954,1.2203729624193067,1.2203729624193067
25,31,0.11516417626988137,2.4170740569772575,1.2203729624193067,1.2203729624193067
25,32,0.11516417626988137,2.7870867335572447,1.2203729624193067,1.2203729624193067
25,33,0.11516417626988137,3.1757824216528894,1.2203729624193067,1.2203729624193067
25,34,0.11516417626988137,2.3675695767040708,1.2203729624193067,1.2203729624193067
25,35,0.11516417626988137,3.452811793582966,1.2203729624193067,1.2203729624193067
25,36,0.11516417626988137,3.5729981393678867,1.2203729624193067,1.2203729624193067
25,37,0.11516417626988137,3.145081119387627,1.2203729624193067,1.2203729624193067
25,38,0.11516417626988137,2.6185367135176802,1.2203729624193067,1.2203729624193067
25,39,0.11516417626988137,3.6363392550680116,1.2203729624193067,1.2203729624193067
25,40,0.11516417626988137,4.099983371266226,1.2203729624193067,1.2203729624193067
25,41,0.11516417626988137,4.1670246136374836,1.2203729624193067,1.2203729624193067
25,42,0.11516417626988137,4.653772277899044,1.2203729624193067,1.2203729624193067
25,43,0.11516417626988137,3.841680538814959,1.2203729624193067,1.2203729624193067
25,44,0.11516417626988137,4.205575875209138,1.2203729624193067,1.2203729624193067
25,45,0.11516417626988137,4.533173365052077,1.2203729624193067,1.2203729624193067
25,46,0.11516417626988137,4.29963118484107,1.2203729624193067,1.2203729624193067
25,47,0.11516417626988137,4.165036187534275,1.2203729624193067,1.2203729624193067
25,48,0.11516417626988137,4.68956280774789,1.2203729624193067,1.2203729624193067
25,49,0.11516417626988137,4.1694475619882105,1.2203729624193067,1.2203729624193067
25,50,0.11516417626988137,4.81583936229917,1.2203729624193067,1.2203729624193067
25,51,0.11516417626988137,5.477412441360172,1.2203729624193067,1.2203729624193067
25,52,0.11516417626988137,5.357894664483426,1.2203729624193067,1.2203729624193067
25,53,0.11516417626988137,5.145601708999079,1.2203729624193067,1.2203729624193067
25,54,0.11516417626988137,5.289608554839829,1.2203729624193067,1.2203729624193067
25,55,0.11516417626988137,5.165104050451644,1.2203729624193067,1.2203729624193067
25,56,0.11516417626988137,5.733769826426708,1.2203729624193067,1.2203729624193067
25,57,0.11516417626988137,5.540963102116361,1.2203729624193067,1.2203729624193067
25,58,0.11516417626988137,5.995311449370946,1.2203729624193067,1.2203729624193067
25,59,0.11516417626988137,5.981994262600615,1.2203729624193067,1.2203729624193067
26,0,0.10411379929291675,1.5892148633790284,1.3548228583815107,0.0
26,1,0.10411379929291675,1.9873210216115362,1.3548228583815107,0.0
26,2,0.10411379929291675,1.5369418469036693,1.3548228583815107,0.0
26,3,0.10411379929291675,1.5042103604293118,1.3548228583815107,0.0
26,4,0.10411379929291675,2.0214184574237564,1.3548228583815107,0.0
26,5,0.10411379929291675,1.1544503110216935,1.3548228583815107,0.0
26,6,0.10411379929291675,2.7142454846215247,1.3548228583815107,0.0
26,7,0.10411379929291675,1.948552855274916,1.3548228583815107,0.0
26,8,0.10411379929291675,2.406089683750461,1.3548228583815107,0.0
26,9,0.10411379929291675,2.7495845130749164,1.3548228583815107,0.0
26,10,0.10411379929291675,2.3620474825600026,1.3548228583815107,0.0
26,11,0.10411379929291675,2.3940943848868015,1.3548228583815107,0.0
26,12,0.10411379929291675,2.7796286090117626,1.3548228583815107,0.0
26,13,0.10411379929291675,2.312771170998002,1.3548228583815107,0.0
26,14,0.10411379929291675,2.7935794561334415,1.3548228583815107,0.0
26,15,0.10411379929291675,3.2116674577119952,1.3548228583815107,0.0
26,16,0.10411379929291675,3.613020248540373,1.3548228583815107,0.0
26,17,0.10411379929291675,3.428713839606484,1.3548228583815107,0.0
26,18,0.10411379929291675,3.010046153631316,1.3548228583815107,0.0
26,19,0.10411379929291675,3.580880946580912,1.3548228583815107,0.0
26,20,0.10411379929291675,3.571870058441726,1.3548228583815107,0.0
26,21,0.10411379929291675,4.624787401203192,1.3548228583815107,0.0
26,22,0.10411379929291675,3.62740177958547,1.3548228583815107,0.0
26,23,0.10411379929291675,3.448302836301551,1.3548228583815107,0.0
26,24,0.10411379929291675,3.8808641137869992,1.3548228583815107,0.0
26,25,0.10411379929291675,3.871399895327968,1.3548228583815107,0.0
26,26,0.10411379929291675,3.9939901309217807,1.3548228583815107,0.0
26,27,0.10411379929291675,4.666729791195706,1.3548228583815107,0.0
26,28,0.10411379929291675,3.905004731594313,1.3548228583815107,0.0
26,29,0.10411379929291675,4.474336149121675,1.3548228583815107,0.0
26,30,0.10411379929291675,4.184601934878875,1.3548228583815107,1.3548228583815107
26,31,0.10411379929291675,5.228641480801112,1.3548228583815107,1.3548228583815107
26,32,0.10411379929291675,4.180520732031359,1.3548228583815107,1.3548228583815107
26,33,0.10411379929291675,4.942098091132205,1.3548228583815107,1.3548228583815107
26,34,0.10411379929291675,4.8602074113429765,1.3548228583815107,1.3548228583815107
26,35,0.10411379929291675,5.209033291038865,1.3548228583815107,1.3548228583815107
26,36,0.10411379929291675,4.864169045035775,1.3548228583815107,1.3548228583815107
26,37,0.10411379929291675,5.596486982062671,1.3548228583815107,1.3548228583815107
26,38,0.10411379929291675,5.427106615518771,1.3548228583815107,1.3548228583815107
26,39,0.10411379929291675,5.608734675821015,1.3548228583815107,1.3548228583815107
26,40,0.10411379929291675,4.9276014608463115,1.3548228583815107,1.3548228583815107
26,41,0.10411379929291675,5.970928854685677,1.3548228583815107,1.3548228583815107
26,42,0.10411379929291675,6.334337974014219,1.3548228583815107,1.3548228583815107
26,43,0.10411379929291675,5.688724432668368,1.3548228583815107,1.3548228583815107
26,44,0.10411379929291675,6.166642564792608,1.3548228583815107,1.3548228583815107
26,45,0.10411379929291675,5.641142342546526,1.3548228583815107,1.3548228583815107
26,46,0.10411379929291675,5.999784299914698,1.3548228583815107,1.3548228583815107
26,47,0.10411379929291675,5.95146222714439,1.3548228583815107,1.3548228583815107
26,48,0.10411379929291675,6.173173613192989,1.3548228583815107,1.3548228583815107
26,49,0.10411379929291675,6.255837595731683,1.3548228583815107,1.3548228583815107
26,50,0.10411379929291675,6.111078518823799,1.3548228583815107,1.3548228583815107
26,51,0.10411379929291675,6.421178792540339,1.3548228583815107,1.3548228583815107
26,52,0.10411379929291675,6.887592633729458,1.3548228583815107,1.3548228583815107
26,53,0.10411379929291675,7.031892175784561,1.3548228583815107,1.3548228583815107
26,54,0.10411379929291675,7.495212390117888,1.3548228583815107,1.3548228583815107
26,55,0.10411379929291675,6.824178965439541,1.3548228583815107,1.3548228583815107
26,56,0.10411379929291675,7.679031770031911,1.3548228583815107,1.3548228583815107
26,57,0.10411379929291675,7.3559176802709105,1.3548228583815107,1.3548228583815107
26,58,0.10411379929291675,7.710319474725699,1.3548228583815107,1.3548228583815107
26,59,0.10411379929291675,7.4597662833649,1.3548228583815107,1.3548228583815107
27,0,0.13138882884417608,-1.6695065383572616,1.3012017475191524,0.0
27,1,0.13138882884417608,-1.0424206752533554,1.3012017475191524,0.0
27,2,0.13138882884417608,-1.1722174386414355,1.3012017475191524,0.0
27,3,0.13138882884417608,-1.688229863716384,1.3012017475191524,0.0
27,4,0.13138882884417608,-1.8740636923863692,1.3012017475191524,0.0
27,5,0.13138882884417608,-0.3776269198516855,1.3012017475191524,0.0
27,6,0.13138882884417608,-0.4144522553054904,1.3012017475191524,0.0
27,7,0.13138882884417608,-0.9107566887828709,1.3012017475191524,0.0
27,8,0.13138882884417608,-0.02681681436324823,1.3012017475191524,0.0
27,9,0.13138882884417608,-0.6825099909189176,1.3012017475191524,0.0
27,10,0.13138882884417608,-0.7725461406356027,1.3012017475191524,0.0
27,11,0.13138882884417608,0.13266257246924112,1.3012017475191524,0.0
27,12,0.13138882884417608,0.5740457103764691,1.3012017475191524,0.0
27,13,0.13138882884417608,-0.020111741635987196,1.3012017475191524,0.0
27,14,0.13138882884417608,0.11705511699423801,1.3012017475191524,0.0
27,15,0.13138882884417608,1.2696046780514214,1.3012017475191524,0.0
27,16,0.13138882884417608,0.6536241525488884,1.3012017475191524,0.0
27,17,0.13138882884417608,0.526417482990309,1.3012017475191524,0.0
27,18,0.13138882884417608,0.530120353635452,1.3012017475191524,0.0
27,19,0.13138882884417608,0.46326556796517926,1.3012017475191524,0.0
27,20,0.13138882884417608,1.0329369768010146,1.3012017475191524,0.0
27,21,0.13138882884417608,0.9674840949836507,1.3012017475191524,0.0
27,22,0.13138882884417608,1.5560778048292305,1.3012017475191524,0.0
27,23,0.13138882884417608,1.2495401940749618,1.3012017475191524,0.0
27,24,0.13138882884417608,1.884043044948419,1.3012017475191524,0.0
27,25,0.13138882884417608,1.8012997136369784,1.3012017475191524,0.0
27,26,0.13138882884417608,1.7854849221906914,1.3012017475191524,0.0
27,27,0.13138882884417608,2.249311932756725,1.3012017475191524,0.0
27,28,0.13138882884417608,2.109845821889171,1.3012017475191524,0.0
27,29,0.13138882884417608,2.0347500526283673,1.3012017475191524,0.0
27,30,0.13138882884417608,2.3303896350175197,1.3012017475191524,1.3012017475191524
27,31,0.13138882884417608,2.1338225053302917,1.3012017475191524,1.3012017475191524
27,32,0.13138882884417608,2.9543252698297158,1.3012017475191524,1.3012017475191524
27,33,0.13138882884417608,2.8695708972211973,1.3012017475191524,1.3012017475191524
27,34,0.13138882884417608,2.9685359401037643,1.3012017475191524,1.3012017475191524
27,35,0.13138882884417608,3.173993209452201,1.3012017475191524,1.3012017475191524
27,36,0.13138882884417608,2.903553068165958,1.3012017475191524,1.3012017475191524
27,37,0.13138882884417608,3.399991627936352,1.3012017475191524,1.3012017475191524
27,38,0.13138882884417608,3.484573756915122,1.3012017475191524,1.3012017475191524
27,39,0.13138882884417608,2.8363059728506963,1.3012017475191524,1.3012017475191524
27,40,0.13138882884417608,3.729402370185706,1.3012017475191524,1.3012017475191524
27,41,0.13138882884417608,3.382344390695887,1.3012017475191524,1.3012017475191524
27,42,0.13138882884417608,4.325112550743554,1.3012017475191524,1.3012017475191524
27,43,0.13138882884417608,4.32216838396568,1.3012017475191524,1.3012017475191524
27,44,0.13138882884417608,3.363634213755394,1.3012017475191524,1.3012017475191524
27,45,0.13138882884417608,4.442237969687299,1.3012017475191524,1.3012017475191524
27,46,0.13138882884417608,4.076009648300438,1.3012017475191524,1.3012017475191524
27,47,0.13138882884417608,4.3299887022349575,1.3012017475191524,1.3012017475191524
27,48,0.13138882884417608,4.996054942187328,1.3012017475191524,1.3012017475191524
27,49,0.13138882884417608,4.4370399185070735,1.3012017475191524,1.3012017475191524
27,50,0.13138882884417608,4.602578066736608,1.3012017475191524,1.3012017475191524
27,51,0.13138882884417608,4.973400630302473,1.3012017475191524,1.3012017475191524
27,52,0.13138882884417608,5.23601229411324,1.3012017475191524,1.3012017475191524
27,53,0.13138882884417608,4.836029123617746,1.3012017475191524,1.3012017475191524
27,54,0.13138882884417608,6.323145002941343,1.3012017475191524,1.3012017475191524
27,55,0.13138882884417608,4.894766508511852,1.3012017475191524,1.3012017475191524
27,56,0.13138882884417608,5.787479386793006,1.3012017475191524,1.3012017475191524
27,57,0.13138882884417608,6.223870121065696,1.3012017475191524,1.3012017475191524
27,58,0.13138882884417608,5.726861489649643,1.3012017475191524,1.3012017475191524
27,59,0.13138882884417608,6.195340876601168,1.3012017475191524,1.3012017475191524
28,0,0.11620091526974306,-0.0961767348134509,1.1423498738681221,0.0
28,1,0.11620091526974306,0.2186889978275629,1.1423498738681221,0.0
28,2,0.11620091526974306,1.7229511937724626,1.1423498738681221,0.0
28,3,0.11620091526974306,1.9108453079625334,1.1423498738681221,0.0
28,4,0.11620091526974306,1.1962357009114868,1.1423498738681221,0.0
28,5,0.11620091526974306,1.0916789171634909,1.1423498738681221,0.0
28,6,0.11620091526974306,1.1128434222643784,1.1423498738681221,0.0
28,7,0.11620091526974306,1.2700241510487094,1.1423498738681221,0.0
28,8,0.11620091526974306,1.9726828348272496,1.1423498738681221,0.0
28,9,0.11620091526974306,2.074388555909075,1.1423498738681221,0.0
28,10,0.11620091526974306,2.245926594846192,1.1423498738681221,0.0
28,11,0.11620091526974306,2.502615454146115,1.1423498738681221,0.0
28,12,0.11620091526974306,2.2971393744135336,1.1423498738681221,0.0
28,13,0.11620091526974306,2.9017182188092097,1.1423498738681221,0.0
28,14,0.11620091526974306,2.834982371183851,1.1423498738681221,0.0
28,15,0.11620091526974306,2.5367847293551793,1.1423498738681221,0.0
28,16,0.11620091526974306,2.2993916412266553,1.1423498738681221,0.0
28,17,0.11620091526974306,3.1232496200816184,1.1423498738681221,0.0
28,18,0.11620091526974306,2.640475150947347,1.1423498738681221,0.0
28,19,0.11620091526974306,2.718321547246949,1.1423498738681221,0.0
28,20,0.11620091526974306,3.6836995029110713,1.1423498738681221,0.0
28,21,0.11620091526974306,3.1518342374695063,1.1423498738681221,0.0
28,22,0.11620091526974306,3.2038133364399313,1.1423498738681221,0.0
28,23,0.11620091526974306,3.1127030314575497,1.1423498738681221,0.0
28,24,0.11620091526974306,4.313268474045554,1.1423498738681221,0.0
28,25,0.11620091526974306,3.5819844379925625,1.1423498738681221,0.0
28,26,0.11620091526974306,3.8910907668621286,1.1423498738681221,0.0
28,27,0.11620091526974306,4.357187918297407,1.1423498738681221,0.0
28,28,0.11620091526974306,4.511458785384577,1.1423498738681221,0.0
28,29,0.11620091526974306,4.171215549003639,1.1423498738681221,0.0
28,30,0.11620091526974306,3.830717502118171,1.1423498738681221,1.1423498738681221
28,31,0.11620091526974306,4.021510831933079,1.1423498738681221,1.1423498738681221
28,32,0.11620091526974306,4.069347414501167,1.1423498738681221,1.1423498738681221
28,33,0.11620091526974306,4.864187007926843,1.1423498738681221,1.1423498738681221
28,34,0.11620091526974306,5.232476584190332,1.1423498738681221,1.1423498738681221
28,35,0.11620091526974306,4.294487787580929,1.1423498738681221,1.1423498738681221
28,36,0.11620091526974306,5.60425091696306,1.1423498738681221,1.1423498738681221
28,37,0.11620091526974306,5.481077530435503,1.1423498738681221,1.1423498738681221
28,38,0.11620091526974306,5.190251602380344,1.1423498738681221,1.1423498738681221
28,39,0.11620091526974306,5.468218165071327,1.1423498738681221,1.1423498738681221
28,40,0.11620091526974306,6.394962687255417,1.1423498738681221,1.1423498738681221
28,41,0.11620091526974306,5.405288345234402,1.1423498738681221,1.1423498738681221
28,42,0.11620091526974306,4.907436299189662,1.1423498738681221,1.1423498738681221
28,43,0.11620091526974306,5.929157665502778,1.1423498738681221,1.1423498738681221
28,44,0.11620091526974306,5.858353646036634,1.1423498738681221,1.1423498738681221
28,45,0.11620091526974306,5.658268309411581,1.1423498738681221,1.1423498738681221
28,46,0.11620091526974306,5.424239582523846,1.1423498738681221,1.1423498738681221
28,47,0.11620091526974306,6.316818357943132,1.1423498738681221,1.1423498738681221
28,48,0.11620091526974306,5.8658030910288295,1.1423498738681221,1.1423498738681221
28,49,0.11620091526974306,6.4176725750481385,1.1423498738681221,1.1423498738681221
28,50,0.11620091526974306,6.65916089446803,1.1423498738681221,1.1423498738681221
28,51,0.11620091526974306,6.716527157972682,1.1423498738681221,1.1423498738681221
28,52,0.11620091526974306,6.674042174873321,1.1423498738681221,1.1423498738681221
28,53,0.11620091526974306,6.849269090856555,1.1423498738681221,1.1423498738681221
28,54,0.11620091526974306,6.7225264334564825,1.1423498738681221,1.1423498738681221
28,55,0.11620091526974306,7.269840136762679,1.1423498738681221,1.1423498738681221
28,56,0.11620091526974306,7.613140449175745,1.1423498738681221,1.1423498738681221
28,57,0.11620091526974306,6.8584753211874725,1.1423498738681221,1.1423498738681221
28,58,0.11620091526974306,7.4941750817421875,1.1423498738681221,1.1423498738681221
28,59,0.11620091526974306,7.923860466335651,1.1423498738681221,1.1423498738681221
29,0,0.16185477705798054,0.1032110671340267,1.3077880134209943,0.0
29,1,0.16185477705798054,0.4172495639532394,1.3077880134209943,0.0
29,2,0.16185477705798054,0.2042239144210517,1.3077880134209943,0.0
29,3,0.16185477705798054,0.4951673713714528,1.3077880134209943,0.0
29,4,0.16185477705798054,0.5809122137337973,1.3077880134209943,0.0
29,5,0.16185477705798054,0.4262776238087665,1.3077880134209943,0.0
29,6,0.16185477705798054,1.1841642752225185,1.3077880134209943,0.0
29,7,0.16185477705798054,1.0502919971391036,1.3077880134209943,0.0
29,8,0.16185477705798054,0.7986930356680263,1.3077880134209943,0.0
29,9,0.16185477705798054,1.9789265339984685,1.3077880134209943,0.0
29,10,0.16185477705798054,1.9775822756165287,1.3077880134209943,0.0
29,11,0.16185477705798054,2.2159277843365626,1.3077880134209943,0.0
29,12,0.16185477705798054,2.5371126665297505,1.3077880134209943,0.0
29,13,0.16185477705798054,2.34914306240965,1.3077880134209943,0.0
29,14,0.16185477705798054,2.760687239557185,1.3077880134209943,0.0
29,15,0.16185477705798054,2.74440714488699,1.3077880134209943,0.0
29,16,0.16185477705798054,2.398198077654903,1.3077880134209943,0.0
29,17,0.16185477705798054,2.3659378006877594,1.3077880134209943,0.0
29,18,0.16185477705798054,2.1768938309127597,1.3077880134209943,0.0
29,19,0.16185477705798054,3.067266145143222,1.3077880134209943,0.0
29,20,0.16185477705798054,3.0004530981820947,1.3077880134209943,0.0
29,21,0.16185477705798054,4.0176148376397265,1.3077880134209943,0.0
29,22,0.16185477705798054,4.0208966440261085,1.3077880134209943,0.0
29,23,0.16185477705798054,4.073303742720759,1.3077880134209943,0.0
29,24,0.16185477705798054,4.110523031763589,1.3077880134209943,0.0
29,25,0.16185477705798054,3.4057627992093553,1.3077880134209943,0.0
29,26,0.16185477705798054,4.112965568967295,1.3077880134209943,0.0
29,27,0.16185477705798054,4.225020828317667,1.3077880134209943,0.0
29,28,0.16185477705798054,4.5923644237108965,1.3077880134209943,0.0
29,29,0.16185477705798054,4.534501341003613,1.3077880134209943,0.0
29,30,0.16185477705798054,5.684777985186546,1.3077880134209943,1.3077880134209943
29,31,0.16185477705798054,5.665141905977272,1.3077880134209943,1.3077880134209943
29,32,0.16185477705798054,5.406781168934477,1.3077880134209943,1.3077880134209943
29,33,0.16185477705798054,6.0336637454511335,1.3077880134209943,1.3077880134209943
29,34,0.16185477705798054,5.71022535422122,1.3077880134209943,1.3077880134209943
29,35,0.16185477705798054,6.39061201956202,1.3077880134209943,1.3077880134209943
29,36,0.16185477705798054,6.233332951270617,1.3077880134209943,1.3077880134209943
29,37,0.16185477705798054,6.028998388771719,1.3077880134209943,1.3077880134209943
29,38,0.16185477705798054,6.5633967109565114,1.3077880134209943,1.3077880134209943
29,39,0.16185477705798054,5.962204745708474,1.3077880134209943,1.3077880134209943
29,40,0.16185477705798054,7.041831732126664,1.3077880134209943,1.3077880134209943
29,41,0.16185477705798054,7.249984515232843,1.3077880134209943,1.3077880134209943
29,42,0.16185477705798054,6.989371424331755,1.3077880134209943,1.3077880134209943
29,43,0.16185477705798054,6.893240736028063,1.3077880134209943,1.3077880134209943
29,44,0.16185477705798054,6.490364479245211,1.3077880134209943,1.3077880134209943
29,45,0.16185477705798054,6.516741267519118,1.3077880134209943,1.3077880134209943
29,46,0.16185477705798054,7.5377644098325645,1.3077880134209943,1.3077880134209943
29,47,0.16185477705798054,7.246781498062072,1.3077880134209943,1.3077880134209943
29,48,0.16185477705798054,8.194200408335579,1.3077880134209943,1.3077880134209943
29,49,0.16185477705798054,8.070534009783383,1.3077880134209943,1.3077880134209943
29,50,0.16185477705798054,8.06170329937003,1.3077880134209943,1.3077880134209943
29,51,0.16185477705798054,9.225350329674445,1.3077880134209943,1.3077880134209943
29,52,0.16185477705798054,8.663065139465608,1.3077880134209943,1.3077880134209943
29,53,0.16185477705798054,9.057699881591596,1.3077880134209943,1.3077880134209943
29,54,0.16185477705798054,7.645216336129973,1.3077880134209943,1.3077880134209943
29,55,0.16185477705798054,8.282769663941956,1.3077880134209943,1.3077880134209943
29,56,0.16185477705798054,8.670500500521367,1.3077880134209943,1.3077880134209943
29,57,0.16185477705798054,8.719824249828836,1.3077880134209943,1.3077880134209943
29,58,0.16185477705798054,8.824720927153232,1.3077880134209943,1.3077880134209943
29,59,0.16185477705798054,9.147701339679225,1.3077880134209943,1.3077880134209943
30,0,0.12630098491850913,0.4841559127985005,1.32666337152804,0.0
30,1,0.12630098491850913,0.18789544749291184,1.32666337152804,0.0
30,2,0.12630098491850913,0.25786422241878115,1.32666337152804,0.0
30,3,0.12630098491850913,-0.125800612334327,1.32666337152804,0.0
30,4,0.12630098491850913,0.400185831488552,1.32666337152804,0.0
30,5,0.12630098491850913,0.9230350520882832,1.32666337152804,0.0
30,6,0.12630098491850913,0.9278447798952124,1.32666337152804,0.0
30,7,0.12630098491850913,0.6329731774962238,1.32666337152804,0.0
30,8,0.12630098491850913,1.0403844358529655,1.32666337152804,0.0
30,9,0.12630098491850913,0.8789508195689104,1.32666337152804,0.0
30,10,0.12630098491850913,1.8413610447619173,1.32666337152804,0.0
30,11,0.12630098491850913,2.016175491282168,1.32666337152804,0.0
30,12,0.12630098491850913,0.8725443811233928,1.32666337152804,0.0
30,13,0.12630098491850913,1.9201734108674664,1.32666337152804,0.0
30,14,0.12630098491850913,2.2949631130802812,1.32666337152804,0.0
30,15,0.12630098491850913,2.0643456879945457,1.32666337152804,0.0
30,16,0.12630098491850913,2.0111531048633324,1.32666337152804,0.0
30,17,0.12630098491850913,1.8863516579468944,1.32666337152804,0.0
30,18,0.12630098491850913,2.524497825852732,1.32666337152804,0.0
30,19,0.12630098491850913,1.8981932225607823,1.32666337152804,0.0
30,20,0.12630098491850913,2.7591475526679448,1.32666337152804,0.0
30,21,0.12630098491850913,2.4170201381551863,1.32666337152804,0.0
30,22,0.12630098491850913,2.6460043243619737,1.32666337152804,0.0
30,23,0.12630098491850913,2.9224828638367146,1.32666337152804,0.0
30,24,0.12630098491850913,3.0200079696411204,1.32666337152804,0.0
30,25,0.12630098491850913,3.1460992781808774,1.32666337152804,0.0
30,26,0.12630098491850913,3.6979693623551326,1.32666337152804,0.0
30,27,0.12630098491850913,2.975555322415698,1.32666337152804,0.0
30,28,0.12630098491850913,3.342103675718108,1.32666337152804,0.0
30,29,0.12630098491850913,3.838312300052088,1.32666337152804,0.0
30,30,0.12630098491850913,3.6790473618095487,1.32666337152804,1.32666337152804
30,31,0.12630098491850913,3.7952239272348303,1.32666337152804,1.32666337152804
30,32,0.12630098491850913,4.284812067200915,1.32666337152804,1.32666337152804
30,33,0.12630098491850913,4.026790373830519,1.32666337152804,1.32666337152804
30,34,0.12630098491850913,4.256155890413877,1.32666337152804,1.32666337152804
30,35,0.12630098491850913,4.771541373017849,1.32666337152804,1.32666337152804
30,36,0.12630098491850913,4.404760563844997,1.32666337152804,1.32666337152804
30,37,0.12630098491850913,4.364171006498853,1.32666337152804,1.32666337152804
30,38,0.12630098491850913,3.7615485556167183,1.32666337152804,1.32666337152804
30,39,0.12630098491850913,5.068763775361846,1.32666337152804,1.32666337152804
30,40,0.12630098491850913,4.885590088205123,1.32666337152804,1.32666337152804
30,41,0.12630098491850913,4.94813573622338,1.32666337152804,1.32666337152804
30,42,0.12630098491850913,5.011211165994607,1.32666337152804,1.32666337152804
30,43,0.12630098491850913,5.745161376139781,1.32666337152804,1.32666337152804
30,44,0.12630098491850913,5.828954114230021,1.32666337152804,1.32666337152804
30,45,0.12630098491850913,6.1446655633169005,1.32666337152804,1.32666337152804
30,46,0.12630098491850913,5.842826070798921,1.32666337152804,1.32666337152804
30,47,0.12630098491850913,6.437188883340853,1.32666337152804,1.32666337152804
30,48,0.12630098491850913,6.538624740168078,1.32666337152804,1.32666337152804
30,49,0.12630098491850913,5.790533177763171,1.32666337152804,1.32666337152804
30,50,0.12630098491850913,7.075314683179376,1.32666337152804,1.32666337152804
30,51,0.12630098491850913,7.245217968929946,1.32666337152804,1.32666337152804
30,52,0.12630098491850913,6.414688843950589,1.32666337152804,1.32666337152804
30,53,0.12630098491850913,6.859947201680136,1.32666337152804,1.32666337152804
30,54,0.12630098491850913,7.250549728303467,1.32666337152804,1.32666337152804
30,55,0.12630098491850913,6.515661692917825,1.32666337152804,1.32666337152804
30,56,0.12630098491850913,7.574313859580502,1.32666337152804,1.32666337152804
30,57,0.12630098491850913,6.564587210737696,1.32666337152804,1.32666337152804
30,58,0.12630098491850913,7.026006182876992,1.32666337152804,1.32666337152804
30,59,0.12630098491850913,7.475345736489515,1.32666337152804,1.32666337152804
31,0,0.049225803147093766,-0.6183855801591672,0.9946942615564276,0.0
31,1,0.049225803147093766,-0.3687674223630258,0.9946942615564276,0.0
31,2,0.049225803147093766,-0.16998162574500852,0.9946942615564276,0.0
31,3,0.049225803147093766,-0.29683849506268895,0.9946942615564276,0.0
31,4,0.049225803147093766,-0.31988065457870346,0.9946942615564276,0.0
31,5,0.049225803147093766,-0.22582268560709032,0.9946942615564276,0.0
31,6,0.049225803147093766,-0.0537036870515111,0.9946942615564276,0.0
31,7,0.049225803147093766,-0.13641274544137594,0.9946942615564276,0.0
31,8,0.049225803147093766,-0.08893577615637145,0.9946942615564276,0.0
31,9,0.049225803147093766,-0.4183401308959886,0.9946942615564276,0.0
31,10,0.049225803147093766,-0.2807467263807944,0.9946942615564276,0.0
31,11,0.049225803147093766,-0.32307358944079156,0.9946942615564276,0.0
31,12,0.049225803147093766,0.5504794744598287,0.9946942615564276,0.0
31,13,0.049225803147093766,0.6808629511486964,0.9946942615564276,0.0
31,14,0.049225803147093766,0.44971202015956024,0.9946942615564276,0.0
31,15,0.049225803147093766,0.052181052880400314,0.9946942615564276,0.0
31,16,0.049225803147093766,0.16606495703350557,0.9946942615564276,0.0
31,17,0.049225803147093766,0.5009904910098976,0.9946942615564276,0.0
31,18,0.049225803147093766,0.31395743798691,0.9946942615564276,0.0
31,19,0.049225803147093766,0.8294787035153706,0.9946942615564276,0.0
31,20,0.049225803147093766,0.06353255805712332,0.9946942615564276,0.0
31,21,0.049225803147093766,0.8880367411119495,0.9946942615564276,0.0
31,22,0.049225803147093766,0.6527527929244218,0.9946942615564276,0.0
31,23,0.049225803147093766,0.6305259811775106,0.9946942615564276,0.0
31,24,0.049225803147093766,0.7949569266634253,0.9946942615564276,0.0
31,25,0.049225803147093766,0.3300614799655295,0.9946942615564276,0.0
31,26,0.049225803147093766,0.5077018027671009,0.9946942615564276,0.0
31,27,0.049225803147093766,0.11105429388570676,0.9946942615564276,0.0
31,28,0.049225803147093766,1.3760981669003405,0.9946942615564276,0.0
31,29,0.049225803147093766,0.501815119344392,0.9946942615564276,0.0
31,30,0.049225803147093766,1.4360065909035835,0.9946942615564276,0.0
31,31,0.049225803147093766,0.7215322881497248,0.9946942615564276,0.0
31,32,0.049225803147093766,1.356893333955866,0.9946942615564276,0.0
31,33,0.049225803147093766,1.6055367250555599,0.9946942615564276,0.0
31,34,0.049225803147093766,0.7501184630654166,0.9946942615564276,0.0
31,35,0.049225803147093766,1.2263743986195244,0.9946942615564276,0.0
31,36,0.049225803147093766,1.7938959225097209,0.9946942615564276,0.0
31,37,0.049225803147093766,0.9957915479286554,0.9946942615564276,0.0
31,38,0.049225803147093766,1.7710935928571623,0.9946942615564276,0.0
31,39,0.049225803147093766,0.5201755705774799,0.9946942615564276,0.0
31,40,0.049225803147093766,2.103142131266818,0.9946942615564276,0.0
31,41,0.049225803147093766,1.885142420821461,0.9946942615564276,0.0
31,42,0.049225803147093766,0.9537436331216607,0.9946942615564276,0.0
31,43,0.049225803147093766,1.295780501628101,0.9946942615564276,0.0
31,44,0.049225803147093766,1.9595143090366776,0.9946942615564276,0.0
31,45,0.049225803147093766,1.206950809048514,0.9946942615564276,0.0
31,46,0.049225803147093766,2.40438806440706,0.9946942615564276,0.0
31,47,0.049225803147093766,2.382015759551637,0.9946942615564276,0.0
31,48,0.049225803147093766,1.260393665279568,0.9946942615564276,0.0
31,49,0.049225803147093766,2.185807454945885,0.9946942615564276,0.0
31,50,0.049225803147093766,1.963659047864503,0.9946942615564276,0.0
31,51,0.049225803147093766,2.133091099401676,0.9946942615564276,0.0
31,52,0.049225803147093766,1.9856934062899465,0.9946942615564276,0.0
31,53,0.049225803147093766,1.824342964582785,0.9946942615564276,0.0
31,54,0.049225803147093766,2.3265776004213,0.9946942615564276,0.0
31,55,0.049225803147093766,2.326279739670193,0.9946942615564276,0.0
31,56,0.049225803147093766,2.6427578618572407,0.9946942615564276,0.0
31,57,0.049225803147093766,2.146913096203727,0.9946942615564276,0.0
31,58,0.049225803147093766,2.2469713580356823,0.9946942615564276,0.0
31,59,0.049225803147093766,2.0596328210028516,0.9946942615564276,0.0
32,0,0.06382906564608742,1.8042769629105786,1.0462150108124615,0.0
32,1,0.06382906564608742,2.0977985712646063,1.0462150108124615,0.0
32,2,0.06382906564608742,1.6318360824332523,1.0462150108124615,0.0
32,3,0.06382906564608742,2.394325138715028,1.0462150108124615,0.0
32,4,0.06382906564608742,1.7534147711149202,1.0462150108124615,0.0
32,5,0.06382906564608742,2.3642435127650536,1.0462150108124615,0.0
32,6,0.06382906564608742,2.0120396230816477,1.0462150108124615,0.0
32,7,0.06382906564608742,2.233417233781489,1.0462150108124615,0.0
32,8,0.06382906564608742,2.658158243469662,1.0462150108124615,0.0
32,9,0.06382906564608742,2.4015711469667833,1.0462150108124615,0.0
32,10,0.06382906564608742,2.196667923380762,1.0462150108124615,0.0
32,11,0.06382906564608742,2.793559784184097,1.0462150108124615,0.0
32,12,0.06382906564608742,3.3726635802648546,1.0462150108124615,0.0
32,13,0.06382906564608742,2.5625413515815243,1.0462150108124615,0.0
32,14,0.06382906564608742,2.8080495209076934,1.0462150108124615,0.0
32,15,0.06382906564608742,3.180800236231325,1.0462150108124615,0.0
32,16,0.06382906564608742,2.8870874026409443,1.0462150108124615,0.0
32,17,0.06382906564608742,2.442684848165397,1.0462150108124615,0.0
32,18,0.06382906564608742,3.2399422569369767,1.0462150108124615,0.0
32,19,0.06382906564608742,3.0953651739629877,1.0462150108124615,0.0
32,20,0.06382906564608742,3.0209167589538506,1.0462150108124615,0.0
32,21,0.06382906564608742,2.9065666941981885,1.0462150108124615,0.0
32,22,0.06382906564608742,3.1312339075520854,1.0462150108124615,0.0
32,23,0.06382906564608742,3.7484265796192053,1.0462150108124615,0.0
32,24,0.06382906564608742,3.3359507351843094,1.0462150108124615,0.0
32,25,0.06382906564608742,3.692934149966979,1.0462150108124615,0.0
32,26,0.06382906564608742,2.736727005663203,1.0462150108124615,0.0
32,27,0.06382906564608742,3.475804698022123,1.0462150108124615,0.0
32,28,0.06382906564608742,3.3472454866159516,1.0462150108124615,0.0
32,29,0.06382906564608742,2.7889230131138323,1.0462150108124615,0.0
32,30,0.06382906564608742,3.5622355102198537,1.0462150108124615,0.0
32,31,0.06382906564608742,4.0533064965401975,1.0462150108124615,0.0
32,32,0.06382906564608742,4.564685381351705,1.0462150108124615,0.0
32,33,0.06382906564608742,4.50050934192099,1.0462150108124615,0.0
32,34,0.06382906564608742,4.15498869095206,1.0462150108124615,0.0
32,35,0.06382906564608742,4.2778263459791415,1.0462150108124615,0.0
32,36,0.06382906564608742,4.700462096196075,1.0462150108124615,0.0
32,37,0.06382906564608742,3.8055061449699985,1.0462150108124615,0.0
32,38,0.06382906564608742,3.6980586099599613,1.0462150108124615,0.0
32,39,0.06382906564608742,4.062854421889659,1.0462150108124615,0.0
32,40,0.06382906564608742,4.965141635661101,1.0462150108124615,0.0
32,41,0.06382906564608742,4.544107106980598,1.0462150108124615,0.0
32,42,0.06382906564608742,3.994306263755613,1.0462150108124615,0.0
32,43,0.06382906564608742,4.626216152460474,1.0462150108124615,0.0
32,44,0.06382906564608742,4.392133637676038,1.0462150108124615,0.0
32,45,0.06382906564608742,4.447548647322057,1.0462150108124615,0.0
32,46,0.06382906564608742,5.137764936489979,1.0462150108124615,0.0
32,47,0.06382906564608742,5.620450979839187,1.0462150108124615,0.0
32,48,0.06382906564608742,5.093793514311533,1.0462150108124615,0.0
32,49,0.06382906564608742,5.030203420360032,1.0462150108124615,0.0
32,50,0.06382906564608742,4.87831690245437,1.0462150108124615,0.0
32,51,0.06382906564608742,4.522709673004462,1.0462150108124615,0.0
32,52,0.06382906564608742,5.794854159598734,1.0462150108124615,0.0
32,53,0.06382906564608742,5.195914390361154,1.0462150108124615,0.0
32,54,0.06382906564608742,5.19742735227625,1.0462150108124615,0.0
32,55,0.06382906564608742,5.795670907773234,1.0462150108124615,0.0
32,56,0.06382906564608742,6.334058995190954,1.0462150108124615,0.0
32,57,0.06382906564608742,5.580087074802369,1.0462150108124615,0.0
32,58,0.06382906564608742,5.484937165785079,1.0462150108124615,0.0
32,59,0.06382906564608742,5.736577433268895,1.0462150108124615,0.0
33,0,0.04945630449140062,-1.4164836097446303,0.8831731792979003,0.0
33,1,0.04945630449140062,-0.6583739826916732,0.8831731792979003,0.0
33,2,0.04945630449140062,-1.4511852972716706,0.8831731792979003,0.0
33,3,0.04945630449140062,-0.7211355178727943,0.8831731792979003,0.0
33,4,0.04945630449140062,-1.5076307589771867,0.8831731792979003,0.0
33,5,0.04945630449140062,-1.0246579945626497,0.8831731792979003,0.0
33,6,0.04945630449140062,-0.023119643743185647,0.8831731792979003,0.0
33,7,0.04945630449140062,-0.08795721813110857,0.8831731792979003,0.0
33,8,0.04945630449140062,0.49020456869114637,0.8831731792979003,0.0
33,9,0.04945630449140062,-0.6346407940829961,0.8831731792979003,0.0
33,10,0.04945630449140062,0.37821714596322614,0.8831731792979003,0.0
33,11,0.04945630449140062,-0.1603413768795721,0.8831731792979003,0.0
33,12,0.04945630449140062,0.47641418330281576,0.8831731792979003,0.0
33,13,0.04945630449140062,-0.43271634382922874,0.8831731792979003,0.0
33,14,0.04945630449140062,0.10876855143604762,0.8831731792979003,0.0
33,15,0.04945630449140062,0.18148551572527766,0.8831731792979003,0.0
33,16,0.04945630449140062,0.1886754560140946,0.8831731792979003,0.0
33,17,0.04945630449140062,-0.6447044584183453,0.8831731792979003,0.0
33,18,0.04945630449140062,0.18652645458509215,0.8831731792979003,0.0
33,19,0.04945630449140062,0.8034744012911825,0.8831731792979003,0.0
33,20,0.04945630449140062,-0.24345661331234225,0.8831731792979003,0.0
33,21,0.04945630449140062,1.0810064371363182,0.8831731792979003,0.0
33,22,0.04945630449140062,0.15690119335053299,0.8831731792979003,0.0
33,23,0.04945630449140062,0.5098017635684713,0.8831731792979003,0.0
33,24,0.04945630449140062,-0.26571900119069713,0.8831731792979003,0.0
33,25,0.04945630449140062,0.44159013860573615,0.8831731792979003,0.0
33,26,0.04945630449140062,0.4567012780738206,0.8831731792979003,0.0
33,27,0.04945630449140062,0.9901483285201532,0.8831731792979003,0.0
33,28,0.04945630449140062,0.7540918242557997,0.8831731792979003,0.0
33,29,0.04945630449140062,0.6954348291694693,0.8831731792979003,0.0
33,30,0.04945630449140062,1.2046669013480376,0.8831731792979003,0.0
33,31,0.04945630449140062,0.3599790066502093,0.8831731792979003,0.0
33,32,0.04945630449140062,0.6180060116271264,0.8831731792979003,0.0
33,33,0.04945630449140062,0.83082786265792,0.8831731792979003,0.0
33,34,0.04945630449140062,1.2911017708962416,0.8831731792979003,0.0
33,35,0.04945630449140062,1.7709053497309766,0.8831731792979003,0.0
33,36,0.04945630449140062,1.451238244718657,0.8831731792979003,0.0
33,37,0.04945630449140062,0.8855590691342416,0.8831731792979003,0.0
33,38,0.04945630449140062,1.1565971507258355,0.8831731792979003,0.0
33,39,0.04945630449140062,0.5510957192972364,0.8831731792979003,0.0
33,40,0.04945630449140062,1.4111735639768113,0.8831731792979003,0.0
33,41,0.04945630449140062,0.9317227914481312,0.8831731792979003,0.0
33,42,0.04945630449140062,1.5056992109675154,0.8831731792979003,0.0
33,43,0.04945630449140062,1.8255772683320703,0.8831731792979003,0.0
33,44,0.04945630449140062,2.2117013288674783,0.8831731792979003,0.0
33,45,0.04945630449140062,1.6781064849522573,0.8831731792979003,0.0
33,46,0.04945630449140062,2.062621288007237,0.8831731792979003,0.0
33,47,0.04945630449140062,1.4297358610455213,0.8831731792979003,0.0
33,48,0.04945630449140062,1.2878817228494395,0.8831731792979003,0.0
33,49,0.04945630449140062,1.8758084770691632,0.8831731792979003,0.0
33,50,0.04945630449140062,1.2189649944686733,0.8831731792979003,0.0
33,51,0.04945630449140062,2.0778654291215464,0.8831731792979003,0.0
33,52,0.04945630449140062,2.1742005008059824,0.8831731792979003,0.0
33,53,0.04945630449140062,2.3267683042778575,0.8831731792979003,0.0
33,54,0.04945630449140062,2.3756156382744047,0.8831731792979003,0.0
33,55,0.04945630449140062,2.026382488540177,0.8831731792979003,0.0
33,56,0.04945630449140062,2.403390760151724,0.8831731792979003,0.0
33,57,0.04945630449140062,2.2636682069701766,0.8831731792979003,0.0
33,58,0.04945630449140062,2.5740166213808653,0.8831731792979003,0.0
33,59,0.04945630449140062,2.6153983753415293,0.8831731792979003,0.0
34,0,0.037245278648790826,-0.8386751516773815,0.9766715758381544,0.0
34,1,0.037245278648790826,-0.67544219121316,0.9766715758381544,0.0
34,2,0.037245278648790826,-0.5369025652775373,0.9766715758381544,0.0
34,3,0.037245278648790826,-0.2076142883235821,0.9766715758381544,0.0
34,4,0.037245278648790826,-0.5796511898386344,0.9766715758381544,0.0
34,5,0.037245278648790826,-0.9276636392539074,0.9766715758381544,0.0
34,6,0.037245278648790826,-0.9121926817676143,0.9766715758381544,0.0
34,7,0.037245278648790826,-0.013500573886231743,0.9766715758381544,0.0
34,8,0.037245278648790826,-0.20167501941988353,0.9766715758381544,0.0
34,9,0.037245278648790826,-0.4459341721759318,0.9766715758381544,0.0
34,10,0.037245278648790826,-0.450154881079196,0.9766715758381544,0.0
34,11,0.037245278648790826,0.22428607601465123,0.9766715758381544,0.0
34,12,0.037245278648790826,-0.5044513354989495,0.9766715758381544,0.0
34,13,0.037245278648790826,-0.19355767118385278,0.9766715758381544,0.0
34,14,0.037245278648790826,-0.7065653868141752,0.9766715758381544,0.0
34,15,0.037245278648790826,-0.04111642894699889,0.9766715758381544,0.0
34,16,0.037245278648790826,0.5512718945535868,0.9766715758381544,0.0
34,17,0.037245278648790826,0.24043190146279486,0.9766715758381544,0.0
34,18,0.037245278648790826,-0.5332830502840982,0.9766715758381544,0.0
34,19,0.037245278648790826,0.6664555851535068,0.9766715758381544,0.0
34,20,0.037245278648790826,0.03618794434605144,0.9766715758381544,0.0
34,21,0.037245278648790826,0.629256886626651,0.9766715758381544,0.0
34,22,0.037245278648790826,0.9655062850313292,0.9766715758381544,0.0
34,23,0.037245278648790826,-0.4008008538195446,0.9766715758381544,0.0
34,24,0.037245278648790826,0.6357483424808709,0.9766715758381544,0.0
34,25,0.037245278648790826,0.2566115171243486,0.9766715758381544,0.0
34,26,0.037245278648790826,0.9369141101011569,0.9766715758381544,0.0
34,27,0.037245278648790826,-0.09302594672834075,0.9766715758381544,0.0
34,28,0.037245278648790826,0.30766889551237697,0.9766715758381544,0.0
34,29,0.037245278648790826,0.1737010628820666,0.9766715758381544,0.0
34,30,0.037245278648790826,0.9671214220219075,0.9766715758381544,0.0
34,31,0.037245278648790826,0.7404452604844537,0.9766715758381544,0.0
34,32,0.037245278648790826,1.1109625198382664,0.9766715758381544,0.0
34,33,0.037245278648790826,1.1798842079723268,0.9766715758381544,0.0
34,34,0.037245278648790826,0.7533567582940096,0.9766715758381544,0.0
34,35,0.037245278648790826,1.0699593581483695,0.9766715758381544,0.0
34,36,0.037245278648790826,0.8628752643220692,0.9766715758381544,0.0
34,37,0.037245278648790826,0.9453970274691471,0.9766715758381544,0.0
34,38,0.037245278648790826,1.4090769468020636,0.9766715758381544,0.0
34,39,0.037245278648790826,0.7276870893024728,0.9766715758381544,0.0
34,40,0.037245278648790826,0.7910575928101878,0.9766715758381544,0.0
34,41,0.037245278648790826,1.936827635452787,0.9766715758381544,0.0
34,42,0.037245278648790826,0.6851604183773823,0.9766715758381544,0.0
34,43,0.037245278648790826,0.6511544408354348,0.9766715758381544,0.0
34,44,0.037245278648790826,0.7510466878842978,0.9766715758381544,0.0
34,45,0.037245278648790826,1.619157739293934,0.9766715758381544,0.0
34,46,0.037245278648790826,1.9318041287608945,0.9766715758381544,0.0
34,47,0.037245278648790826,1.0801269725794733,0.9766715758381544,0.0
34,48,0.037245278648790826,2.0516823548762666,0.9766715758381544,0.0
34,49,0.037245278648790826,1.9017855837149615,0.9766715758381544,0.0
34,50,0.037245278648790826,1.3922920484521215,0.9766715758381544,0.0
34,51,0.037245278648790826,1.6154792074191096,0.9766715758381544,0.0
34,52,0.037245278648790826,2.0248928192275937,0.9766715758381544,0.0
34,53,0.037245278648790826,1.5783363412209201,0.9766715758381544,0.0
34,54,0.037245278648790826,1.2671424287579374,0.9766715758381544,0.0
34,55,0.037245278648790826,1.6076483744219952,0.9766715758381544,0.0
34,56,0.037245278648790826,1.2295568748850263,0.9766715758381544,0.0
34,57,0.037245278648790826,1.933711443680545,0.9766715758381544,0.0
34,58,0.037245278648790826,1.2962556847405668,0.9766715758381544,0.0
34,59,0.037245278648790826,1.736673836162367,0.9766715758381544,0.0
35,0,0.0006184668802889898,0.16666075894112348,1.1536937307051598,0.0
35,1,0.0006184668802889898,-0.6319321724883162,1.1536937307051598,0.0
35,2,0.0006184668802889898,-0.49371439187971594,1.1536937307051598,0.0
35,3,0.0006184668802889898,-0.2112426192234599,1.1536937307051598,0.0
35,4,0.0006184668802889898,-0.14481771566456694,1.1536937307051598,0.0
35,5,0.0006184668802889898,0.07266825848251288,1.1536937307051598,0.0
35,6,0.0006184668802889898,-0.5314727049720178,1.1536937307051598,0.0
35,7,0.0006184668802889898,0.07672775957353012,1.1536937307051598,0.0
35,8,0.0006184668802889898,0.723882978489195,1.1536937307051598,0.0
35,9,0.0006184668802889898,-0.6856847970980707,1.1536937307051598,0.0
35,10,0.0006184668802889898,-0.4755687017327891,1.1536937307051598,0.0
35,11,0.0006184668802889898,-0.14467045263049555,1.1536937307051598,0.0
35,12,0.0006184668802889898,-0.2723677188741049,1.1536937307051598,0.0
35,13,0.0006184668802889898,-0.04576863154471239,1.1536937307051598,0.0
35,14,0.0006184668802889898,-0.6568865192027316,1.1536937307051598,0.0
35,15,0.0006184668802889898,0.02000066117208485,1.1536937307051598,0.0
35,16,0.0006184668802889898,-0.9213603348177968,1.1536937307051598,0.0
35,17,0.0006184668802889898,0.27006551618653324,1.1536937307051598,0.0
35,18,0.0006184668802889898,-0.8879107534028299,1.1536937307051598,0.0
35,19,0.0006184668802889898,-0.2032505272874532,1.1536937307051598,0.0
35,20,0.0006184668802889898,-1.0175547933579832,1.1536937307051598,0.0
35,21,0.0006184668802889898,-0.28439455352841525,1.1536937307051598,0.0
35,22,0.0006184668802889898,0.4559523884866881,1.1536937307051598,0.0
35,23,0.0006184668802889898,0.018701653543884186,1.1536937307051598,0.0
35,24,0.0006184668802889898,-0.5912939610457265,1.1536937307051598,0.0
35,25,0.0006184668802889898,-0.4974133578608937,1.1536937307051598,0.0
35,26,0.0006184668802889898,0.08663504390691165,1.1536937307051598,0.0
35,27,0.0006184668802889898,-0.21917398459277168,1.1536937307051598,0.0
35,28,0.0006184668802889898,-0.7201880362641644,1.1536937307051598,0.0
35,29,0.0006184668802889898,0.01740659181288151,1.1536937307051598,0.0
35,30,0.0006184668802889898,-0.5396303242141504,1.1536937307051598,0.0
35,31,0.0006184668802889898,0.314537656030828,1.1536937307051598,0.0
35,32,0.0006184668802889898,0.4274324250072824,1.1536937307051598,0.0
35,33,0.0006184668802889898,-0.18151588726747958,1.1536937307051598,0.0
35,34,0.0006184668802889898,-0.2506403395109937,1.1536937307051598,0.0
35,35,0.0006184668802889898,0.4572743298886054,1.1536937307051598,0.0
35,36,0.0006184668802889898,-0.03018696687909802,1.1536937307051598,0.0
35,37,0.0006184668802889898,0.09980354908300493,1.1536937307051598,0.0
35,38,0.0006184668802889898,-0.01501779558448578,1.1536937307051598,0.0
35,39,0.0006184668802889898,-0.2813269162271073,1.1536937307051598,0.0
35,40,0.0006184668802889898,0.47538396433537433,1.1536937307051598,0.0
35,41,0.0006184668802889898,0.14618076219339032,1.1536937307051598,0.0
35,42,0.0006184668802889898,-0.2732373426805721,1.1536937307051598,0.0
35,43,0.0006184668802889898,-0.12062164350026572,1.1536937307051598,0.0
35,44,0.0006184668802889898,0.5717503295296875,1.1536937307051598,0.0
35,45,0.0006184668802889898,-0.7171763738451121,1.1536937307051598,0.0
35,46,0.0006184668802889898,-1.0252909597165398,1.1536937307051598,0.0
35,47,0.0006184668802889898,-0.22553537548157385,1.1536937307051598,0.0
35,48,0.0006184668802889898,0.1634936631095235,1.1536937307051598,0.0
35,49,0.0006184668802889898,0.40259386335739833,1.1536937307051598,0.0
35,50,0.0006184668802889898,-0.27941223953338373,1.1536937307051598,0.0
35,51,0.0006184668802889898,-0.3396435532839873,1.1536937307051598,0.0
35,52,0.0006184668802889898,0.06430770071564003,1.1536937307051598,0.0
35,53,0.0006184668802889898,-0.21052964724973536,1.1536937307051598,0.0
35,54,0.0006184668802889898,0.21132283270967667,1.1536937307051598,0.0
35,55,0.0006184668802889898,0.027872005994363513,1.1536937307051598,0.0
35,56,0.0006184668802889898,-0.5036113060755452,1.1536937307051598,0.0
35,57,0.0006184668802889898,0.17367208483441818,1.1536937307051598,0.0
35,58,0.0006184668802889898,0.5032044502338255,1.1536937307051598,0.0
35,59,0.0006184668802889898,0.015294091111115876,1.1536937307051598,0.0
36,0,0.04041263678637469,0.8921758979433911,1.0223964049779974,0.0
36,1,0.04041263678637469,0.468016886563436,1.0223964049779974,0.0
36,2,0.04041263678637469,0.6025957257746318,1.0223964049779974,0.0
36,3,0.04041263678637469,1.3473648477746614,1.0223964049779974,0.0
36,4,0.04041263678637469,0.6684615865383695,1.0223964049779974,0.0
36,5,0.04041263678637469,-0.06043631993551446,1.0223964049779974,0.0
36,6,0.04041263678637469,0.19498445267012743,1.0223964049779974,0.0
36,7,0.04041263678637469,0.10368449827746051,1.0223964049779974,0.0
36,8,0.04041263678637469,0.9170982041250946,1.0223964049779974,0.0
36,9,0.04041263678637469,1.7135809781194358,1.0223964049779974,0.0
36,10,0.04041263678637469,-0.220132699513381,1.0223964049779974,0.0
36,11,0.04041263678637469,1.2109458409210605,1.0223964049779974,0.0
36,12,0.04041263678637469,0.8939411881842071,1.0223964049779974,0.0
36,13,0.04041263678637469,0.8954879142851315,1.0223964049779974,0.0
36,14,0.04041263678637469,0.7828803250360848,1.0223964049779974,0.0
36,15,0.04041263678637469,1.1162534584269523,1.0223964049779974,0.0
36,16,0.04041263678637469,0.7907786902284201,1.0223964049779974,0.0
36,17,0.04041263678637469,2.0156198705737087,1.0223964049779974,0.0
36,18,0.04041263678637469,0.9121562986982809,1.0223964049779974,0.0
36,19,0.04041263678637469,1.5266125534074257,1.0223964049779974,0.0
36,20,0.04041263678637469,-0.09527382947717045,1.0223964049779974,0.0
36,21,0.04041263678637469,1.3300826701854394,1.0223964049779974,0.0
36,22,0.04041263678637469,0.9516599427476375,1.0223964049779974,0.0
36,23,0.04041263678637469,1.7185246952537896,1.0223964049779974,0.0
36,24,0.04041263678637469,1.2989728558718185,1.0223964049779974,0.0
36,25,0.04041263678637469,1.035286171696541,1.0223964049779974,0.0
36,26,0.04041263678637469,2.3347581779504263,1.0223964049779974,0.0
36,27,0.04041263678637469,0.9966530549155281,1.0223964049779974,0.0
36,28,0.04041263678637469,1.2939277466102446,1.0223964049779974,0.0
36,29,0.04041263678637469,1.4178492064649508,1.0223964049779974,0.0
36,30,0.04041263678637469,2.076278026782253,1.0223964049779974,0.0
36,31,0.04041263678637469,2.111599215800309,1.0223964049779974,0.0
36,32,0.04041263678637469,2.226870442564879,1.0223964049779974,0.0
36,33,0.04041263678637469,1.4487073075905879,1.0223964049779974,0.0
36,34,0.04041263678637469,2.1748621845281257,1.0223964049779974,0.0
36,35,0.04041263678637469,1.6838012400246662,1.0223964049779974,0.0
36,36,0.04041263678637469,2.2389748546735784,1.0223964049779974,0.0
36,37,0.04041263678637469,1.5403318195674658,1.0223964049779974,0.0
36,38,0.04041263678637469,2.365251847877385,1.0223964049779974,0.0
36,39,0.04041263678637469,1.4640890661241153,1.0223964049779974,0.0
36,40,0.04041263678637469,2.0147579610234008,1.0223964049779974,0.0
36,41,0.04041263678637469,2.25626149940175,1.0223964049779974,0.0
36,42,0.04041263678637469,2.45207494788786,1.0223964049779974,0.0
36,43,0.04041263678637469,1.805998295031844,1.0223964049779974,0.0
36,44,0.04041263678637469,2.2965503536712224,1.0223964049779974,0.0
36,45,0.04041263678637469,2.246539411723229,1.0223964049779974,0.0
36,46,0.04041263678637469,3.049020684280643,1.0223964049779974,0.0
36,47,0.04041263678637469,2.220255566351461,1.0223964049779974,0.0
36,48,0.04041263678637469,2.9698927879713874,1.0223964049779974,0.0
36,49,0.04041263678637469,2.026574011710833,1.0223964049779974,0.0
36,50,0.04041263678637469,1.4852331767335336,1.0223964049779974,0.0
36,51,0.04041263678637469,2.6487320348949126,1.0223964049779974,0.0
36,52,0.04041263678637469,2.3033176035505054,1.0223964049779974,0.0
36,53,0.04041263678637469,3.0376557279552,1.0223964049779974,0.0
36,54,0.04041263678637469,2.535255148753187,1.0223964049779974,0.0
36,55,0.04041263678637469,2.0962332445827565,1.0223964049779974,0.0
36,56,0.04041263678637469,3.087086804872347,1.0223964049779974,0.0
36,57,0.04041263678637469,2.593695620106293,1.0223964049779974,0.0
36,58,0.04041263678637469,3.4044492837138796,1.0223964049779974,0.0
36,59,0.04041263678637469,2.6930845639802783,1.0223964049779974,0.0
37,0,0.04539496479704968,-1.00096610362031,1.019755899782872,0.0
37,1,0.04539496479704968,-0.6577113872318812,1.019755899782872,0.0
37,2,0.04539496479704968,-1.005904927245875,1.019755899782872,0.0
37,3,0.04539496479704968,-0.7794183778066391,1.019755899782872,0.0
37,4,0.04539496479704968,-1.263680766142218,1.019755899782872,0.0
37,5,0.04539496479704968,-0.05869392092823089,1.019755899782872,0.0
37,6,0.04539496479704968,-1.616465196651918,1.019755899782872,0.0
37,7,0.04539496479704968,-1.0318878486897471,1.019755899782872,0.0
37,8,0.04539496479704968,-0.6568302715233459,1.019755899782872,0.0
37,9,0.04539496479704968,-0.5716211579781462,1.019755899782872,0.0
37,10,0.04539496479704968,-1.2143439932409477,1.019755899782872,0.0
37,11,0.04539496479704968,-0.8167748593448892,1.019755899782872,0.0
37,12,0.04539496479704968,-0.1032609078935714,1.019755899782872,0.0
37,13,0.04539496479704968,0.03075872620810083,1.019755899782872,0.0
37,14,0.04539496479704968,-1.205556879482056,1.019755899782872,0.0
37,15,0.04539496479704968,-0.22263076137291835,1.019755899782872,0.0
37,16,0.04539496479704968,-0.04569576664890479,1.019755899782872,0.0
37,17,0.04539496479704968,0.8066663439447783,1.019755899782872,0.0
37,18,0.04539496479704968,0.4833647806086817,1.019755899782872,0.0
37,19,0.04539496479704968,0.02543357148697578,1.019755899782872,0.0
37,20,0.04539496479704968,-0.2351738525139504,1.019755899782872,0.0
37,21,0.04539496479704968,-0.10287897585359249,1.019755899782872,0.0
37,22,0.04539496479704968,-0.25726829710201315,1.019755899782872,0.0
37,23,0.04539496479704968,0.07065766956349573,1.019755899782872,0.0
37,24,0.04539496479704968,0.2193682812191663,1.019755899782872,0.0
37,25,0.04539496479704968,0.29517760434423984,1.019755899782872,0.0
37,26,0.04539496479704968,-0.27475654394807814,1.019755899782872,0.0
37,27,0.04539496479704968,0.16414211549149174,1.019755899782872,0.0
37,28,0.04539496479704968,0.0006107107657841726,1.019755899782872,0.0
37,29,0.04539496479704968,0.16114675818674012,1.019755899782872,0.0
37,30,0.04539496479704968,0.07667117271621676,1.019755899782872,0.0
37,31,0.04539496479704968,-0.007999202435134856,1.019755899782872,0.0
37,32,0.04539496479704968,0.542331209517435,1.019755899782872,0.0
37,33,0.04539496479704968,0.15341418350112562,1.019755899782872,0.0
37,34,0.04539496479704968,0.32851491164796476,1.019755899782872,0.0
37,35,0.04539496479704968,0.3187634489343443,1.019755899782872,0.0
37,36,0.04539496479704968,0.7383779786160543,1.019755899782872,0.0
37,37,0.04539496479704968,0.6737284265921656,1.019755899782872,0.0
37,38,0.04539496479704968,0.39867973245303534,1.019755899782872,0.0
37,39,0.04539496479704968,0.657773643750224,1.019755899782872,0.0
37,40,0.04539496479704968,0.8738314428718578,1.019755899782872,0.0
37,41,0.04539496479704968,0.35507239385425526,1.019755899782872,0.0
37,42,0.04539496479704968,0.671567582448513,1.019755899782872,0.0
37,43,0.04539496479704968,0.6115681857837684,1.019755899782872,0.0
37,44,0.04539496479704968,0.6311260960534243,1.019755899782872,0.0
37,45,0.04539496479704968,0.9246707181965939,1.019755899782872,0.0
37,46,0.04539496479704968,1.5717649130245976,1.019755899782872,0.0
37,47,0.04539496479704968,0.46619248853331463,1.019755899782872,0.0
37,48,0.04539496479704968,0.9600096763448623,1.019755899782872,0.0
37,49,0.04539496479704968,1.7102153186393623,1.019755899782872,0.0
37,50,0.04539496479704968,1.0925648463959048,1.019755899782872,0.0
37,51,0.04539496479704968,1.2455228554576132,1.019755899782872,0.0
37,52,0.04539496479704968,1.4439285323135218,1.019755899782872,0.0
37,53,0.04539496479704968,1.6153416467272006,1.019755899782872,0.0
37,54,0.04539496479704968,1.2668604074811647,1.019755899782872,0.0
37,55,0.04539496479704968,1.229977303041242,1.019755899782872,0.0
37,56,0.04539496479704968,1.5275276985653257,1.019755899782872,0.0
37,57,0.04539496479704968,1.8563632352949193,1.019755899782872,0.0
37,58,0.04539496479704968,1.9089246767542236,1.019755899782872,0.0
37,59,0.04539496479704968,0.6361509432702923,1.019755899782872,0.0
38,0,0.049382363399137465,0.34047022142568095,0.9247460477148706,0.0
38,1,0.049382363399137465,0.512903803928817,0.9247460477148706,0.0
38,2,0.049382363399137465,0.2967997718498371,0.9247460477148706,0.0
38,3,0.049382363399137465,0.7056940789118439,0.9247460477148706,0.0
38,4,0.049382363399137465,0.6641816905105724,0.9247460477148706,0.0
38,5,0.049382363399137465,0.9953119868962975,0.9247460477148706,0.0
38,6,0.049382363399137465,0.5650983403326824,0.9247460477148706,0.0
38,7,0.049382363399137465,0.8069840575957891,0.9247460477148706,0.0
38,8,0.049382363399137465,0.6611114680904796,0.9247460477148706,0.0
38,9,0.049382363399137465,0.785148461377265,0.9247460477148706,0.0
38,10,0.049382363399137465,0.8758369055044715,0.9247460477148706,0.0
38,11,0.049382363399137465,0.11009885017269416,0.9247460477148706,0.0
38,12,0.049382363399137465,1.305599845532332,0.9247460477148706,0.0
38,13,0.049382363399137465,1.3419713844923171,0.9247460477148706,0.0
38,14,0.049382363399137465,1.0094141000337853,0.9247460477148706,0.0
38,15,0.049382363399137465,1.9723854834898704,0.9247460477148706,0.0
38,16,0.049382363399137465,1.1425958346681413,0.9247460477148706,0.0
38,17,0.049382363399137465,0.5579317420480312,0.9247460477148706,0.0
38,18,0.049382363399137465,1.1088095018409199,0.9247460477148706,0.0
38,19,0.049382363399137465,2.0047102545218367,0.9247460477148706,0.0
38,20,0.049382363399137465,1.3265925336673072,0.9247460477148706,0.0
38,21,0.049382363399137465,0.8524425032492647,0.9247460477148706,0.0
38,22,0.049382363399137465,1.952026043088024,0.9247460477148706,0.0
38,23,0.049382363399137465,1.1627430220470694,0.9247460477148706,0.0
38,24,0.049382363399137465,1.9749632642387704,0.9247460477148706,0.0
38,25,0.049382363399137465,1.7901308833231877,0.9247460477148706,0.0
38,26,0.049382363399137465,1.6757278328041851,0.9247460477148706,0.0
38,27,0.049382363399137465,2.741295383244779,0.9247460477148706,0.0
38,28,0.049382363399137465,2.0094525812044464,0.9247460477148706,0.0
38,29,0.049382363399137465,2.5207039694964597,0.9247460477148706,0.0
38,30,0.049382363399137465,1.9378063783486144,0.9247460477148706,0.0
38,31,0.049382363399137465,1.509933970853999,0.9247460477148706,0.0
38,32,0.049382363399137465,2.487987130182077,0.9247460477148706,0.0
38,33,0.049382363399137465,1.767115512127613,0.9247460477148706,0.0
38,34,0.049382363399137465,2.9831177826406132,0.9247460477148706,0.0
38,35,0.049382363399137465,1.5607625667693705,0.9247460477148706,0.0
38,36,0.049382363399137465,1.5081120518384747,0.9247460477148706,0.0
38,37,0.049382363399137465,2.3328600019940424,0.9247460477148706,0.0
38,38,0.049382363399137465,2.2463081736141723,0.9247460477148706,0.0
38,39,0.049382363399137465,2.1452998469633298,0.9247460477148706,0.0
38,40,0.049382363399137465,2.37995435530123,0.9247460477148706,0.0
38,41,0.049382363399137465,2.244562338974471,0.9247460477148706,0.0
38,42,0.049382363399137465,2.6539899798569997,0.9247460477148706,0.0
38,43,0.049382363399137465,2.237133523009488,0.9247460477148706,0.0
38,44,0.049382363399137465,2.6547891344923924,0.9247460477148706,0.0
38,45,0.049382363399137465,2.820155956002767,0.9247460477148706,0.0
38,46,0.049382363399137465,2.595247887082728,0.9247460477148706,0.0
38,47,0.049382363399137465,2.7132061590943417,0.9247460477148706,0.0
38,48,0.049382363399137465,2.721880407996599,0.9247460477148706,0.0
38,49,0.049382363399137465,2.997520118104735,0.9247460477148706,0.0
38,50,0.049382363399137465,3.3213448934418777,0.9247460477148706,0.0
38,51,0.049382363399137465,2.3927297687909808,0.9247460477148706,0.0
38,52,0.049382363399137465,3.5210227751937624,0.9247460477148706,0.0
38,53,0.049382363399137465,3.0223224238355586,0.9247460477148706,0.0
38,54,0.049382363399137465,3.257653103198262,0.9247460477148706,0.0
38,55,0.049382363399137465,3.3427231672520685,0.9247460477148706,0.0
38,56,0.049382363399137465,3.1544356969623477,0.9247460477148706,0.0
38,57,0.049382363399137465,3.2225574885224035,0.9247460477148706,0.0
38,58,0.049382363399137465,3.273127200171362,0.9247460477148706,0.0
38,59,0.049382363399137465,3.539833850618913,0.9247460477148706,0.0
39,0,0.03107844387410018,1.0272889779690397,0.9132817375966364,0.0
39,1,0.03107844387410018,1.2332081706235476,0.9132817375966364,0.0
39,2,0.03107844387410018,1.041479287478921,0.9132817375966364,0.0
39,3,0.03107844387410018,1.7652312736209033,0.9132817375966364,0.0
39,4,0.03107844387410018,1.3954814100989532,0.9132817375966364,0.0
39,5,0.03107844387410018,1.1151731337814406,0.9132817375966364,0.0
39,6,0.03107844387410018,1.1981410663781686,0.9132817375966364,0.0
39,7,0.03107844387410018,1.0708464526027444,0.9132817375966364,0.0
39,8,0.03107844387410018,1.5275540100773761,0.9132817375966364,0.0
39,9,0.03107844387410018,1.023851966161299,0.9132817375966364,0.0
39,10,0.03107844387410018,1.0741773171056188,0.9132817375966364,0.0
39,11,0.03107844387410018,1.6063799110768324,0.9132817375966364,0.0
39,12,0.03107844387410018,0.7337406858035561,0.9132817375966364,0.0
39,13,0.03107844387410018,1.9154765572739223,0.9132817375966364,0.0
39,14,0.03107844387410018,2.08277132882849,0.9132817375966364,0.0
39,15,0.03107844387410018,1.6522234575480608,0.9132817375966364,0.0
39,16,0.03107844387410018,2.122664052582052,0.9132817375966364,0.0
39,17,0.03107844387410018,2.078753911814045,0.9132817375966364,0.0
39,18,0.03107844387410018,1.5036156557044877,0.9132817375966364,0.0
39,19,0.03107844387410018,2.45957892704367,0.9132817375966364,0.0
39,20,0.03107844387410018,2.1315481418166646,0.9132817375966364,0.0
39,21,0.03107844387410018,2.627816717150522,0.9132817375966364,0.0
39,22,0.03107844387410018,1.770848558426561,0.9132817375966364,0.0
39,23,0.03107844387410018,1.45170004026461,0.9132817375966364,0.0
39,24,0.03107844387410018,3.15579971813977,0.9132817375966364,0.0
39,25,0.03107844387410018,2.402456139749683,0.9132817375966364,0.0
39,26,0.03107844387410018,1.8550798097013397,0.9132817375966364,0.0
39,27,0.03107844387410018,1.8613634697131471,0.9132817375966364,0.0
39,28,0.03107844387410018,2.048377754672899,0.9132817375966364,0.0
39,29,0.03107844387410018,2.2013460225954637,0.9132817375966364,0.0
39,30,0.03107844387410018,1.9571115574229252,0.9132817375966364,0.0
39,31,0.03107844387410018,1.744392857657456,0.9132817375966364,0.0
39,32,0.03107844387410018,2.821969928573696,0.9132817375966364,0.0
39,33,0.03107844387410018,2.1465386286258923,0.9132817375966364,0.0
39,34,0.03107844387410018,2.4711667243711704,0.9132817375966364,0.0
39,35,0.03107844387410018,2.726226590268496,0.9132817375966364,0.0
39,36,0.03107844387410018,2.4616125891597953,0.9132817375966364,0.0
39,37,0.03107844387410018,1.905022446364565,0.9132817375966364,0.0
39,38,0.03107844387410018,2.744289353235098,0.9132817375966364,0.0
39,39,0.03107844387410018,2.345417472094027,0.9132817375966364,0.0
39,40,0.03107844387410018,1.932573918787277,0.9132817375966364,0.0
39,41,0.03107844387410018,2.346816862594512,0.9132817375966364,0.0
39,42,0.03107844387410018,2.9408114119752415,0.9132817375966364,0.0
39,43,0.03107844387410018,2.409125618261228,0.9132817375966364,0.0
39,44,0.03107844387410018,2.3859622231157203,0.9132817375966364,0.0
39,45,0.03107844387410018,3.4097908565481383,0.9132817375966364,0.0
39,46,0.03107844387410018,3.2661921195640176,0.9132817375966364,0.0
39,47,0.03107844387410018,2.797233532084712,0.9132817375966364,0.0
39,48,0.03107844387410018,2.7943870820318053,0.9132817375966364,0.0
39,49,0.03107844387410018,3.2212358955934643,0.9132817375966364,0.0
39,50,0.03107844387410018,2.5901411560453473,0.9132817375966364,0.0
39,51,0.03107844387410018,3.2534459608411135,0.9132817375966364,0.0
39,52,0.03107844387410018,2.686401740042668,0.9132817375966364,0.0
39,53,0.03107844387410018,3.584500933281446,0.9132817375966364,0.0
39,54,0.03107844387410018,3.3610439578687243,0.9132817375966364,0.0
39,55,0.03107844387410018,3.77008121501728,0.9132817375966364,0.0
39,56,0.03107844387410018,2.636539864875964,0.9132817375966364,0.0
39,57,0.03107844387410018,3.096749920848442,0.9132817375966364,0.0
39,58,0.03107844387410018,3.777828594036378,0.9132817375966364,0.0
39,59,0.03107844387410018,2.9727928677677182,0.9132817375966364,0.0
40,0,0.09694809724476998,0.5649682007269807,0.7548099493506913,0.0
40,1,0.09694809724476998,1.4230565375704494,0.7548099493506913,0.0
40,2,0.09694809724476998,1.3815706091453555,0.7548099493506913,0.0
40,3,0.09694809724476998,0.5464588135329311,0.7548099493506913,0.0
40,4,0.09694809724476998,0.4422154512763894,0.7548099493506913,0.0
40,5,0.09694809724476998,1.2574068536940624,0.7548099493506913,0.0
40,6,0.09694809724476998,2.1595583274005623,0.7548099493506913,0.0
40,7,0.09694809724476998,1.6208470125399161,0.7548099493506913,0.0
40,8,0.09694809724476998,1.4797719629359598,0.7548099493506913,0.0
40,9,0.09694809724476998,2.2806136005274036,0.7548099493506913,0.0
40,10,0.09694809724476998,2.1229323822302595,0.7548099493506913,0.0
40,11,0.09694809724476998,1.9871858394659236,0.7548099493506913,0.0
40,12,0.09694809724476998,1.8223391537672327,0.7548099493506913,0.0
40,13,0.09694809724476998,2.2547894485603077,0.7548099493506913,0.0
40,14,0.09694809724476998,1.9271913144944461,0.7548099493506913,0.0
40,15,0.09694809724476998,1.6670147556089003,0.7548099493506913,0.0
40,16,0.09694809724476998,2.3569973778640794,0.7548099493506913,0.0
40,17,0.09694809724476998,1.9856843853568416,0.7548099493506913,0.0
40,18,0.09694809724476998,1.9728838405229299,0.7548099493506913,0.0
40,19,0.09694809724476998,2.1668459465738117,0.7548099493506913,0.0
40,20,0.09694809724476998,2.7825025392645752,0.7548099493506913,0.0
40,21,0.09694809724476998,2.9726482506306726,0.7548099493506913,0.0
40,22,0.09694809724476998,2.437975547972079,0.7548099493506913,0.0
40,23,0.09694809724476998,3.3940897528826093,0.7548099493506913,0.0
40,24,0.09694809724476998,2.848960494491336,0.7548099493506913,0.0
40,25,0.09694809724476998,2.5891663020055007,0.7548099493506913,0.0
40,26,0.09694809724476998,3.0278735595270807,0.7548099493506913,0.0
40,27,0.09694809724476998,3.76673024173393,0.7548099493506913,0.0
40,28,0.09694809724476998,2.941672675911403,0.7548099493506913,0.0
40,29,0.09694809724476998,3.3857162834676062,0.7548099493506913,0.0
40,30,0.09694809724476998,3.2557945705324554,0.7548099493506913,0.0
40,31,0.09694809724476998,3.819406633757029,0.7548099493506913,0.0
40,32,0.09694809724476998,3.4939914056896186,0.7548099493506913,0.0
40,33,0.09694809724476998,4.848499247805392,0.7548099493506913,0.0
40,34,0.09694809724476998,3.261765173056496,0.7548099493506913,0.0
40,35,0.09694809724476998,4.882075590259465,0.7548099493506913,0.0
40,36,0.09694809724476998,4.196042937598468,0.7548099493506913,0.0
40,37,0.09694809724476998,4.254017536977484,0.7548099493506913,0.0
40,38,0.09694809724476998,4.145279699499336,0.7548099493506913,0.0
40,39,0.09694809724476998,4.263740110980673,0.7548099493506913,0.0
40,40,0.09694809724476998,4.741114876677882,0.7548099493506913,0.0
40,41,0.09694809724476998,4.170960285145501,0.7548099493506913,0.0
40,42,0.09694809724476998,5.065864386710364,0.7548099493506913,0.0
40,43,0.09694809724476998,5.151523287717457,0.7548099493506913,0.0
40,44,0.09694809724476998,5.411375059553133,0.7548099493506913,0.0
40,45,0.09694809724476998,4.955706928305618,0.7548099493506913,0.0
40,46,0.09694809724476998,4.941224141169628,0.7548099493506913,0.0
40,47,0.09694809724476998,4.751013119856866,0.7548099493506913,0.0
40,48,0.09694809724476998,5.708452067720382,0.7548099493506913,0.0
40,49,0.09694809724476998,5.711750690801808,0.7548099493506913,0.0
40,50,0.09694809724476998,5.8859238540991905,0.7548099493506913,0.0
40,51,0.09694809724476998,5.481639107417553,0.7548099493506913,0.0
40,52,0.09694809724476998,5.185682268300836,0.7548099493506913,0.0
40,53,0.09694809724476998,6.282186059148513,0.7548099493506913,0.0
40,54,0.09694809724476998,5.267846641797582,0.7548099493506913,0.0
40,55,0.09694809724476998,5.718843141411248,0.7548099493506913,0.0
40,56,0.09694809724476998,5.607682174754028,0.7548099493506913,0.0
40,57,0.09694809724476998,6.0350303809732075,0.7548099493506913,0.0
40,58,0.09694809724476998,6.787317231568236,0.7548099493506913,0.0
40,59,0.09694809724476998,6.632298352068367,0.7548099493506913,0.0
41,0,0.035049685875292655,-0.19014506608743562,0.8164381995173217,0.0
41,1,0.035049685875292655,-0.7211610947273321,0.8164381995173217,0.0
41,2,0.035049685875292655,0.3699895541079695,0.8164381995173217,0.0
41,3,0.035049685875292655,0.16606680076374572,0.8164381995173217,0.0
41,4,0.035049685875292655,0.23852064079215116,0.8164381995173217,0.0
41,5,0.035049685875292655,-0.21653514396914234,0.8164381995173217,0.0
41,6,0.035049685875292655,0.3138789137730781,0.8164381995173217,0.0
41,7,0.035049685875292655,0.07406187115928864,0.8164381995173217,0.0
41,8,0.035049685875292655,-0.06236457123052089,0.8164381995173217,0.0
41,9,0.035049685875292655,0.38891483372784985,0.8164381995173217,0.0
41,10,0.035049685875292655,0.03374904898703851,0.8164381995173217,0.0
41,11,0.035049685875292655,-0.4273838719574391,0.8164381995173217,0.0
41,12,0.035049685875292655,0.35660822428399436,0.8164381995173217,0.0
41,13,0.035049685875292655,0.4099143505425794,0.8164381995173217,0.0
41,14,0.035049685875292655,0.06744893100094507,0.8164381995173217,0.0
41,15,0.035049685875292655,-0.15991954065424957,0.8164381995173217,0.0
41,16,0.035049685875292655,-0.24029438700147432,0.8164381995173217,0.0
41,17,0.035049685875292655,0.7958789244623519,0.8164381995173217,0.0
41,18,0.035049685875292655,0.3404988737610881,0.8164381995173217,0.0
41,19,0.035049685875292655,0.1403605706109849,0.8164381995173217,0.0
41,20,0.035049685875292655,0.7472058485865547,0.8164381995173217,0.0
41,21,0.035049685875292655,0.8615940169918541,0.8164381995173217,0.0
41,22,0.035049685875292655,0.6204316886833774,0.8164381995173217,0.0
41,23,0.035049685875292655,0.17639683356989766,0.8164381995173217,0.0
41,24,0.035049685875292655,1.3346504513814637,0.8164381995173217,0.0
41,25,0.035049685875292655,1.0810466978967044,0.8164381995173217,0.0
41,26,0.035049685875292655,1.041273818036009,0.8164381995173217,0.0
41,27,0.035049685875292655,1.071667069386868,0.8164381995173217,0.0
41,28,0.035049685875292655,0.15612104809666894,0.8164381995173217,0.0
41,29,0.035049685875292655,0.3978132255090694,0.8164381995173217,0.0
41,30,0.035049685875292655,1.723697925216722,0.8164381995173217,0.0
41,31,0.035049685875292655,0.9577333798387522,0.8164381995173217,0.0
41,32,0.035049685875292655,1.0305869096617282,0.8164381995173217,0.0
41,33,0.035049685875292655,1.1806666917094701,0.8164381995173217,0.0
41,34,0.035049685875292655,1.5132142173002474,0.8164381995173217,0.0
41,35,0.035049685875292655,0.9727167207402817,0.8164381995173217,0.0
41,36,0.035049685875292655,1.0543179358876336,0.8164381995173217,0.0
41,37,0.035049685875292655,1.3324872097349427,0.8164381995173217,0.0
41,38,0.035049685875292655,1.2880238704154254,0.8164381995173217,0.0
41,39,0.035049685875292655,0.7639156197740357,0.8164381995173217,0.0
41,40,0.035049685875292655,1.1204060664673159,0.8164381995173217,0.0
41,41,0.035049685875292655,1.8242234749184592,0.8164381995173217,0.0
41,42,0.035049685875292655,1.2671603628244885,0.8164381995173217,0.0
41,43,0.035049685875292655,2.0689777789873087,0.8164381995173217,0.0
41,44,0.035049685875292655,1.9367360974173893,0.8164381995173217,0.0
41,45,0.035049685875292655,1.8283346150265622,0.8164381995173217,0.0
41,46,0.035049685875292655,1.2390950065065476,0.8164381995173217,0.0
41,47,0.035049685875292655,1.52925750347229,0.8164381995173217,0.0
41,48,0.035049685875292655,2.3132861617355993,0.8164381995173217,0.0
41,49,0.035049685875292655,1.6174160293166273,0.8164381995173217,0.0
41,50,0.035049685875292655,1.9722166205780098,0.8164381995173217,0.0
41,51,0.035049685875292655,2.314590639418924,0.8164381995173217,0.0
41,52,0.035049685875292655,1.9120649258461793,0.8164381995173217,0.0
41,53,0.035049685875292655,1.4350872361912685,0.8164381995173217,0.0
41,54,0.035049685875292655,1.250792375275556,0.8164381995173217,0.0
41,55,0.035049685875292655,1.9373643119365067,0.8164381995173217,0.0
41,56,0.035049685875292655,1.8935069989783344,0.8164381995173217,0.0
41,57,0.035049685875292655,1.514617674926527,0.8164381995173217,0.0
41,58,0.035049685875292655,1.7066693484426656,0.8164381995173217,0.0
41,59,0.035049685875292655,2.049845125181568,0.8164381995173217,0.0
42,0,0.07840601314733875,-0.3834185538693742,1.0514876444572208,0.0
42,1,0.07840601314733875,0.0819042457243761,1.0514876444572208,0.0
42,2,0.07840601314733875,0.28778596910684406,1.0514876444572208,0.0
42,3,0.07840601314733875,0.523784889173218,1.0514876444572208,0.0
42,4,0.07840601314733875,0.06497752528062171,1.0514876444572208,0.0
42,5,0.07840601314733875,0.08757500326018114,1.0514876444572208,0.0
42,6,0.07840601314733875,0.28080207618116787,1.0514876444572208,0.0
42,7,0.07840601314733875,0.6806978188840274,1.0514876444572208,0.0
42,8,0.07840601314733875,0.403519006231537,1.0514876444572208,0.0
42,9,0.07840601314733875,-0.08037990113134752,1.0514876444572208,0.0
42,10,0.07840601314733875,0.466490820824781,1.0514876444572208,0.0
42,11,0.07840601314733875,1.1484865450004835,1.0514876444572208,0.0
42,12,0.07840601314733875,0.8982839415378513,1.0514876444572208,0.0
42,13,0.07840601314733875,1.425891769672289,1.0514876444572208,0.0
42,14,0.07840601314733875,0.5286675700677075,1.0514876444572208,0.0
42,15,0.07840601314733875,0.36658048840645785,1.0514876444572208,0.0
42,16,0.07840601314733875,0.9183151754662636,1.0514876444572208,0.0
42,17,0.07840601314733875,1.0125859988699908,1.0514876444572208,0.0
42,18,0.07840601314733875,1.4627039241299684,1.0514876444572208,0.0
42,19,0.07840601314733875,0.4826602751356953,1.0514876444572208,0.0
42,20,0.07840601314733875,0.9811652544917338,1.0514876444572208,0.0
42,21,0.07840601314733875,1.1945996074447782,1.0514876444572208,0.0
42,22,0.07840601314733875,0.806765796742729,1.0514876444572208,0.0
42,23,0.07840601314733875,1.3795441995596964,1.0514876444572208,0.0
42,24,0.07840601314733875,1.9611655882711103,1.0514876444572208,0.0
42,25,0.07840601314733875,2.284669466543436,1.0514876444572208,0.0
42,26,0.07840601314733875,1.7736126574127744,1.0514876444572208,0.0
42,27,0.07840601314733875,1.9057211668772276,1.0514876444572208,0.0
42,28,0.07840601314733875,2.347820054732926,1.0514876444572208,0.0
42,29,0.07840601314733875,1.905774919245621,1.0514876444572208,0.0
42,30,0.07840601314733875,2.472533992521958,1.0514876444572208,0.0
42,31,0.07840601314733875,2.18478998605617,1.0514876444572208,0.0
42,32,0.07840601314733875,2.508233990208852,1.0514876444572208,0.0
42,33,0.07840601314733875,2.3395204237286107,1.0514876444572208,0.0
42,34,0.07840601314733875,3.046623083119349,1.0514876444572208,0.0
42,35,0.07840601314733875,2.2146318830991962,1.0514876444572208,0.0
42,36,0.07840601314733875,2.7013565766645713,1.0514876444572208,0.0
42,37,0.07840601314733875,2.498157239832279,1.0514876444572208,0.0
42,38,0.07840601314733875,2.1111179007858105,1.0514876444572208,0.0
42,39,0.07840601314733875,2.735594912154645,1.0514876444572208,0.0
42,40,0.07840601314733875,3.250596536296208,1.0514876444572208,0.0
42,41,0.07840601314733875,3.6330174522213348,1.0514876444572208,0.0
42,42,0.07840601314733875,2.8593485593015937,1.0514876444572208,0.0
42,43,0.07840601314733875,3.1667699989147096,1.0514876444572208,0.0
42,44,0.07840601314733875,3.546748835552763,1.0514876444572208,0.0
42,45,0.07840601314733875,3.7076573369579475,1.0514876444572208,0.0
42,46,0.07840601314733875,3.187116853901041,1.0514876444572208,0.0
42,47,0.07840601314733875,3.458026059641601,1.0514876444572208,0.0
42,48,0.07840601314733875,3.7765045753701307,1.0514876444572208,0.0
42,49,0.07840601314733875,3.896688432540938,1.0514876444572208,0.0
42,50,0.07840601314733875,4.466686042475011,1.0514876444572208,0.0
42,51,0.07840601314733875,4.126489067346237,1.0514876444572208,0.0
42,52,0.07840601314733875,3.633305000529035,1.0514876444572208,0.0
42,53,0.07840601314733875,3.882287249455745,1.0514876444572208,0.0
42,54,0.07840601314733875,4.572276641868425,1.0514876444572208,0.0
42,55,0.07840601314733875,4.063090764612173,1.0514876444572208,0.0
42,56,0.07840601314733875,3.954707035409108,1.0514876444572208,0.0
42,57,0.07840601314733875,4.310864668623666,1.0514876444572208,0.0
42,58,0.07840601314733875,4.143936982211805,1.0514876444572208,0.0
42,59,0.07840601314733875,4.300282051770076,1.0514876444572208,0.0
43,0,0.04067184749393849,1.5491330961678487,1.0490368365281986,0.0
43,1,0.04067184749393849,2.647760215124541,1.0490368365281986,0.0
43,2,0.04067184749393849,1.3554033470640092,1.0490368365281986,0.0
43,3,0.04067184749393849,2.278412569631802,1.0490368365281986,0.0
43,4,0.04067184749393849,1.771980330779515,1.0490368365281986,0.0
43,5,0.04067184749393849,1.6152795287869508,1.0490368365281986,0.0
43,6,0.04067184749393849,2.004017397080165,1.0490368365281986,0.0
43,7,0.04067184749393849,2.266986278322476,1.0490368365281986,0.0
43,8,0.04067184749393849,2.019672494944866,1.0490368365281986,0.0
43,9,0.04067184749393849,2.0933250809696857,1.0490368365281986,0.0
43,10,0.04067184749393849,2.7342240516795466,1.0490368365281986,0.0
43,11,0.04067184749393849,1.496806029661394,1.0490368365281986,0.0
43,12,0.04067184749393849,2.4097964395803957,1.0490368365281986,0.0
43,13,0.04067184749393849,1.7763559600111307,1.0490368365281986,0.0
43,14,0.04067184749393849,1.606070733456566,1.0490368365281986,0.0
43,15,0.04067184749393849,2.0536825415283353,1.0490368365281986,0.0
43,16,0.04067184749393849,2.627599041487561,1.0490368365281986,0.0
43,17,0.04067184749393849,2.811204499756727,1.0490368365281986,0.0
43,18,0.04067184749393849,2.396753828300304,1.0490368365281986,0.0
43,19,0.04067184749393849,2.874138969645284,1.0490368365281986,0.0
43,20,0.04067184749393849,2.057131763816132,1.0490368365281986,0.0
43,21,0.04067184749393849,2.6706776882795236,1.0490368365281986,0.0
43,22,0.04067184749393849,2.0851231068192533,1.0490368365281986,0.0
43,23,0.04067184749393849,2.031834600408292,1.0490368365281986,0.0
43,24,0.04067184749393849,2.7197765449647155,1.0490368365281986,0.0
43,25,0.04067184749393849,2.4318193871496194,1.0490368365281986,0.0
43,26,0.04067184749393849,2.2480693326941923,1.0490368365281986,0.0
43,27,0.04067184749393849,2.783410558698506,1.0490368365281986,0.0
43,28,0.04067184749393849,2.6096960703288024,1.0490368365281986,0.0
43,29,0.04067184749393849,2.7110235079567406,1.0490368365281986,0.0
43,30,0.04067184749393849,2.8524082585017045,1.0490368365281986,0.0
43,31,0.04067184749393849,3.1338493733296873,1.0490368365281986,0.0
43,32,0.04067184749393849,2.9856804176636365,1.0490368365281986,0.0
43,33,0.04067184749393849,3.172624204139389,1.0490368365281986,0.0
43,34,0.04067184749393849,2.892070479926465,1.0490368365281986,0.0
43,35,0.04067184749393849,2.7081035982843122,1.0490368365281986,0.0
43,36,0.04067184749393849,3.6478915179366878,1.0490368365281986,0.0
43,37,0.04067184749393849,3.4474548424683835,1.0490368365281986,0.0
43,38,0.04067184749393849,2.60388620716492,1.0490368365281986,0.0
43,39,0.04067184749393849,2.8150287037894035,1.0490368365281986,0.0
43,40,0.04067184749393849,3.670218712732659,1.0490368365281986,0.0
43,41,0.04067184749393849,3.6874825166105234,1.0490368365281986,0.0
43,42,0.04067184749393849,2.994121671623835,1.0490368365281986,0.0
43,43,0.04067184749393849,3.4962803879068196,1.0490368365281986,0.0
43,44,0.04067184749393849,4.09741110708543,1.0490368365281986,0.0
43,45,0.04067184749393849,4.31198920260991,1.0490368365281986,0.0
43,46,0.04067184749393849,3.623071273567899,1.0490368365281986,0.0
43,47,0.04067184749393849,3.2481226242222077,1.0490368365281986,0.0
43,48,0.04067184749393849,3.2904785057480384,1.0490368365281986,0.0
43,49,0.04067184749393849,4.028821102749733,1.0490368365281986,0.0
43,50,0.04067184749393849,3.2718307784418106,1.0490368365281986,0.0
43,51,0.04067184749393849,3.1048678030075374,1.0490368365281986,0.0
43,52,0.04067184749393849,3.7130084581141087,1.0490368365281986,0.0
43,53,0.04067184749393849,3.764391135064318,1.0490368365281986,0.0
43,54,0.04067184749393849,3.7391493973339838,1.0490368365281986,0.0
43,55,0.04067184749393849,3.3813426882900868,1.0490368365281986,0.0
43,56,0.04067184749393849,3.025763700575766,1.0490368365281986,0.0
43,57,0.04067184749393849,4.264458022013382,1.0490368365281986,0.0
43,58,0.04067184749393849,3.7879897417328117,1.0490368365281986,0.0
43,59,0.04067184749393849,3.856815254067628,1.0490368365281986,0.0
44,0,0.05299446551059167,-0.25737911760972865,1.1582370000401623,0.0
44,1,0.05299446551059167,-0.32208854575039514,1.1582370000401623,0.0
44,2,0.05299446551059167,-0.204255465400711,1.1582370000401623,0.0
44,3,0.05299446551059167,-0.1785484327696718,1.1582370000401623,0.0
44,4,0.05299446551059167,0.6652479272233356,1.1582370000401623,0.0
44,5,0.05299446551059167,0.43860838747694036,1.1582370000401623,0.0
44,6,0.05299446551059167,0.5861245270669129,1.1582370000401623,0.0
44,7,0.05299446551059167,0.8826385254576973,1.1582370000401623,0.0
44,8,0.05299446551059167,-0.23108489896442858,1.1582370000401623,0.0
44,9,0.05299446551059167,0.43238591535841897,1.1582370000401623,0.0
44,10,0.05299446551059167,-0.23631167837422468,1.1582370000401623,0.0
44,11,0.05299446551059167,-0.20798453365603214,1.1582370000401623,0.0
44,12,0.05299446551059167,1.0725980786575307,1.1582370000401623,0.0
44,13,0.05299446551059167,0.633536371483872,1.1582370000401623,0.0
44,14,0.05299446551059167,0.34982506525739915,1.1582370000401623,0.0
44,15,0.05299446551059167,0.48691750597369055,1.1582370000401623,0.0
44,16,0.05299446551059167,0.02954560987591537,1.1582370000401623,0.0
44,17,0.05299446551059167,0.1887873983216467,1.1582370000401623,0.0
44,18,0.05299446551059167,0.5744092614717105,1.1582370000401623,0.0
44,19,0.05299446551059167,1.5938229128720547,1.1582370000401623,0.0
44,20,0.05299446551059167,0.8288170593441856,1.1582370000401623,0.0
44,21,0.05299446551059167,0.7757284434079021,1.1582370000401623,0.0
44,22,0.05299446551059167,0.9657555116361061,1.1582370000401623,0.0
44,23,0.05299446551059167,1.0515349905292635,1.1582370000401623,0.0
44,24,0.05299446551059167,1.3960257788099633,1.1582370000401623,0.0
44,25,0.05299446551059167,0.7167858896528616,1.1582370000401623,0.0
44,26,0.05299446551059167,1.31535831962645,1.1582370000401623,0.0
44,27,0.05299446551059167,1.2961213369110611,1.1582370000401623,0.0
44,28,0.05299446551059167,1.6265263576543822,1.1582370000401623,0.0
44,29,0.05299446551059167,1.1570772315043198,1.1582370000401623,0.0
44,30,0.05299446551059167,2.1448172767717812,1.1582370000401623,0.0
44,31,0.05299446551059167,1.977035970616094,1.1582370000401623,0.0
44,32,0.05299446551059167,1.8032017874491797,1.1582370000401623,0.0
44,33,0.05299446551059167,1.0352961907932254,1.1582370000401623,0.0
44,34,0.05299446551059167,1.2054135497385396,1.1582370000401623,0.0
44,35,0.05299446551059167,2.132979310081228,1.1582370000401623,0.0
44,36,0.05299446551059167,1.4605002211722833,1.1582370000401623,0.0
44,37,0.05299446551059167,2.050255997582438,1.1582370000401623,0.0
44,38,0.05299446551059167,1.9063946560575618,1.1582370000401623,0.0
44,39,0.05299446551059167,1.569323583994074,1.1582370000401623,0.0
44,40,0.05299446551059167,1.8108680740918293,1.1582370000401623,0.0
44,41,0.05299446551059167,1.6821990031347258,1.1582370000401623,0.0
44,42,0.05299446551059167,1.4659397505656608,1.1582370000401623,0.0
44,43,0.05299446551059167,1.9395145930986024,1.1582370000401623,0.0
44,44,0.05299446551059167,2.5823580001652156,1.1582370000401623,0.0
44,45,0.05299446551059167,2.463560473602497,1.1582370000401623,0.0
44,46,0.05299446551059167,2.723427560918627,1.1582370000401623,0.0
44,47,0.05299446551059167,1.805001729580185,1.1582370000401623,0.0
44,48,0.05299446551059167,2.0952831201106417,1.1582370000401623,0.0
44,49,0.05299446551059167,1.8056539057683376,1.1582370000401623,0.0
44,50,0.05299446551059167,2.090082007928622,1.1582370000401623,0.0
44,51,0.05299446551059167,2.812940340049723,1.1582370000401623,0.0
44,52,0.05299446551059167,2.4627286524965704,1.1582370000401623,0.0
44,53,0.05299446551059167,2.7021516169474076,1.1582370000401623,0.0
44,54,0.05299446551059167,2.537236954948655,1.1582370000401623,0.0
44,55,0.05299446551059167,2.53341673989605,1.1582370000401623,0.0
44,56,0.05299446551059167,2.908198951268098,1.1582370000401623,0.0
44,57,0.05299446551059167,2.615263017341724,1.1582370000401623,0.0
44,58,0.05299446551059167,2.740762557447193,1.1582370000401623,0.0
44,59,0.05299446551059167,3.0357641231432453,1.1582370000401623,0.0
45,0,0.04664307312705459,2.163704214404308,1.0845506818781754,0.0
45,1,0.04664307312705459,1.2401756131378865,1.0845506818781754,0.0
45,2,0.04664307312705459,2.0619659692903767,1.0845506818781754,0.0
45,3,0.04664307312705459,2.723587274150938,1.0845506818781754,0.0
45,4,0.04664307312705459,2.2569642860342807,1.0845506818781754,0.0
45,5,0.04664307312705459,2.374607310167778,1.0845506818781754,0.0
45,6,0.04664307312705459,2.6454628285942463,1.0845506818781754,0.0
45,7,0.04664307312705459,2.1588530974786972,1.0845506818781754,0.0
45,8,0.04664307312705459,2.0684416334884084,1.0845506818781754,0.0
45,9,0.04664307312705459,2.649946383031947,1.0845506818781754,0.0
45,10,0.04664307312705459,2.5087414198528046,1.0845506818781754,0.0
45,11,0.04664307312705459,2.5223778758037647,1.0845506818781754,0.0
45,12,0.04664307312705459,2.91616086103496,1.0845506818781754,0.0
45,13,0.04664307312705459,2.587395293912023,1.0845506818781754,0.0
45,14,0.04664307312705459,3.10662791009668,1.0845506818781754,0.0
45,15,0.04664307312705459,3.3207539888467816,1.0845506818781754,0.0
45,16,0.04664307312705459,2.5144805625195996,1.0845506818781754,0.0
45,17,0.04664307312705459,2.683971564831796,1.0845506818781754,0.0
45,18,0.04664307312705459,3.136230274470689,1.0845506818781754,0.0
45,19,0.04664307312705459,2.764922111046945,1.0845506818781754,0.0
45,20,0.04664307312705459,3.594079753656053,1.0845506818781754,0.0
45,21,0.04664307312705459,3.056842079240913,1.0845506818781754,0.0
45,22,0.04664307312705459,2.664955084209624,1.0845506818781754,0.0
45,23,0.04664307312705459,3.678668376778194,1.0845506818781754,0.0
45,24,0.04664307312705459,3.0085698847594227,1.0845506818781754,0.0
45,25,0.04664307312705459,3.4116695168834665,1.0845506818781754,0.0
45,26,0.04664307312705459,2.7937796217944957,1.0845506818781754,0.0
45,27,0.04664307312705459,2.426650288097914,1.0845506818781754,0.0
45,28,0.04664307312705459,3.052764183452595,1.0845506818781754,0.0
45,29,0.04664307312705459,2.7578459635524526,1.0845506818781754,0.0
45,30,0.04664307312705459,3.47437381061163,1.0845506818781754,0.0
45,31,0.04664307312705459,4.139429756321148,1.0845506818781754,0.0
45,32,0.04664307312705459,4.362949110243719,1.0845506818781754,0.0
45,33,0.04664307312705459,3.326708480708084,1.0845506818781754,0.0
45,34,0.04664307312705459,4.1526911522959375,1.0845506818781754,0.0
45,35,0.04664307312705459,2.752765841790751,1.0845506818781754,0.0
45,36,0.04664307312705459,3.162520488879555,1.0845506818781754,0.0
45,37,0.04664307312705459,3.9461567051190274,1.0845506818781754,0.0
45,38,0.04664307312705459,3.869414048312874,1.0845506818781754,0.0
45,39,0.04664307312705459,4.280610657099212,1.0845506818781754,0.0
45,40,0.04664307312705459,4.0753163413773885,1.0845506818781754,0.0
45,41,0.04664307312705459,3.938742577797135,1.0845506818781754,0.0
45,42,0.04664307312705459,3.967133049075574,1.0845506818781754,0.0
45,43,0.04664307312705459,4.008411229072172,1.0845506818781754,0.0
45,44,0.04664307312705459,3.722279905331388,1.0845506818781754,0.0
45,45,0.04664307312705459,4.713972573094926,1.0845506818781754,0.0
45,46,0.04664307312705459,4.090963345146402,1.0845506818781754,0.0
45,47,0.04664307312705459,4.5345616858385265,1.0845506818781754,0.0
45,48,0.04664307312705459,4.64191761491807,1.0845506818781754,0.0
45,49,0.04664307312705459,4.59654862164794,1.0845506818781754,0.0
45,50,0.04664307312705459,3.642321038357884,1.0845506818781754,0.0
45,51,0.04664307312705459,4.061936525183114,1.0845506818781754,0.0
45,52,0.04664307312705459,5.000852801084523,1.0845506818781754,0.0
45,53,0.04664307312705459,4.980802157460089,1.0845506818781754,0.0
45,54,0.04664307312705459,3.8202766322905424,1.0845506818781754,0.0
45,55,0.04664307312705459,5.127635878243311,1.0845506818781754,0.0
45,56,0.04664307312705459,4.824481102597706,1.0845506818781754,0.0
45,57,0.04664307312705459,4.565508302474169,1.0845506818781754,0.0
45,58,0.04664307312705459,4.5940684266003124,1.0845506818781754,0.0
45,59,0.04664307312705459,5.0080774041407405,1.0845506818781754,0.0
46,0,0.05505673424282948,-0.7512493183153036,0.9113889206132053,0.0
46,1,0.05505673424282948,0.070429315046664,0.9113889206132053,0.0
46,2,0.05505673424282948,0.36194375184286276,0.9113889206132053,0.0
46,3,0.05505673424282948,0.5882926784621351,0.9113889206132053,0.0
46,4,0.05505673424282948,0.15793222626451933,0.9113889206132053,0.0
46,5,0.05505673424282948,0.46138332702073814,0.9113889206132053,0.0
46,6,0.05505673424282948,0.048124912798691744,0.9113889206132053,0.0
46,7,0.05505673424282948,0.3528793096690567,0.9113889206132053,0.0
46,8,0.05505673424282948,0.05350237491229842,0.9113889206132053,0.0
46,9,0.05505673424282948,1.1828859932102056,0.9113889206132053,0.0
46,10,0.05505673424282948,0.773261893547992,0.9113889206132053,0.0
46,11,0.05505673424282948,-0.05307143391032776,0.9113889206132053,0.0
46,12,0.05505673424282948,0.8225616182613011,0.9113889206132053,0.0
46,13,0.05505673424282948,0.06797406612128443,0.9113889206132053,0.0
46,14,0.05505673424282948,0.7272082344114182,0.9113889206132053,0.0
46,15,0.05505673424282948,0.6139622809579643,0.9113889206132053,0.0
46,16,0.05505673424282948,0.884420355699476,0.9113889206132053,0.0
46,17,0.05505673424282948,0.7179945618175092,0.9113889206132053,0.0
46,18,0.05505673424282948,0.7848563455660625,0.9113889206132053,0.0
46,19,0.05505673424282948,0.9403175347575251,0.9113889206132053,0.0
46,20,0.05505673424282948,0.8634364894058593,0.9113889206132053,0.0
46,21,0.05505673424282948,0.8214994033216649,0.9113889206132053,0.0
46,22,0.05505673424282948,1.6250031959211408,0.9113889206132053,0.0
46,23,0.05505673424282948,1.7905336464170072,0.9113889206132053,0.0
46,24,0.05505673424282948,1.0758937463236746,0.9113889206132053,0.0
46,25,0.05505673424282948,1.1666149246394084,0.9113889206132053,0.0
46,26,0.05505673424282948,1.0548235724333064,0.9113889206132053,0.0
46,27,0.05505673424282948,1.3317833406075683,0.9113889206132053,0.0
46,28,0.05505673424282948,1.6160677106888537,0.9113889206132053,0.0
46,29,0.05505673424282948,1.8024551549928363,0.9113889206132053,0.0
46,30,0.05505673424282948,2.211485857714596,0.9113889206132053,0.0
46,31,0.05505673424282948,1.793634691700566,0.9113889206132053,0.0
46,32,0.05505673424282948,2.286060087633354,0.9113889206132053,0.0
46,33,0.05505673424282948,1.7652790392345166,0.9113889206132053,0.0
46,34,0.05505673424282948,1.8142034348470277,0.9113889206132053,0.0
46,35,0.05505673424282948,2.069231337565075,0.9113889206132053,0.0
46,36,0.05505673424282948,2.242027059628535,0.9113889206132053,0.0
46,37,0.05505673424282948,1.947539334514106,0.9113889206132053,0.0
46,38,0.05505673424282948,1.9821083820221141,0.9113889206132053,0.0
46,39,0.05505673424282948,1.982968788898141,0.9113889206132053,0.0
46,40,0.05505673424282948,2.1285373609119858,0.9113889206132053,0.0
46,41,0.05505673424282948,2.6028189902777723,0.9113889206132053,0.0
46,42,0.05505673424282948,2.349980638670838,0.9113889206132053,0.0
46,43,0.05505673424282948,2.348055069794518,0.9113889206132053,0.0
46,44,0.05505673424282948,2.63021799754648,0.9113889206132053,0.0
46,45,0.05505673424282948,2.4638032931500056,0.9113889206132053,0.0
46,46,0.05505673424282948,2.334785231973838,0.9113889206132053,0.0
46,47,0.05505673424282948,2.3780767166113206,0.9113889206132053,0.0
46,48,0.05505673424282948,2.6352275675807877,0.9113889206132053,0.0
46,49,0.05505673424282948,2.4773925535678334,0.9113889206132053,0.0
46,50,0.05505673424282948,2.4385538720064424,0.9113889206132053,0.0
46,51,0.05505673424282948,2.8005200798408327,0.9113889206132053,0.0
46,52,0.05505673424282948,3.1857989480567026,0.9113889206132053,0.0
46,53,0.05505673424282948,2.5858988660189306,0.9113889206132053,0.0
46,54,0.05505673424282948,2.7073616895097325,0.9113889206132053,0.0
46,55,0.05505673424282948,3.419354494745373,0.9113889206132053,0.0
46,56,0.05505673424282948,2.6115910961813276,0.9113889206132053,0.0
46,57,0.05505673424282948,3.3647723554423155,0.9113889206132053,0.0
46,58,0.05505673424282948,3.4575186378447524,0.9113889206132053,0.0
46,59,0.05505673424282948,3.6998597975587795,0.9113889206132053,0.0
47,0,0.02346404220688859,-0.28282610146212533,1.0852294408855898,0.0
47,1,0.02346404220688859,-0.7913568870496211,1.0852294408855898,0.0
47,2,0.02346404220688859,-0.39961681772225455,1.0852294408855898,0.0
47,3,0.02346404220688859,-0.8782622435632034,1.0852294408855898,0.0
47,4,0.02346404220688859,-0.8539734150002263,1.0852294408855898,0.0
47,5,0.02346404220688859,0.4021401473627297,1.0852294408855898,0.0
47,6,0.02346404220688859,-0.48008863352387593,1.0852294408855898,0.0
47,7,0.02346404220688859,-0.1283721914410363,1.0852294408855898,0.0
47,8,0.02346404220688859,-0.04598406077267442,1.0852294408855898,0.0
47,9,0.02346404220688859,-0.25874492532196625,1.0852294408855898,0.0
47,10,0.02346404220688859,-0.8719157839881895,1.0852294408855898,0.0
47,11,0.02346404220688859,-0.294258926146773,1.0852294408855898,0.0
47,12,0.02346404220688859,-0.5563545753425205,1.0852294408855898,0.0
47,13,0.02346404220688859,-0.2813329980556063,1.0852294408855898,0.0
47,14,0.02346404220688859,-0.29896585354061944,1.0852294408855898,0.0
47,15,0.02346404220688859,-0.5483552831197833,1.0852294408855898,0.0
47,16,0.02346404220688859,0.3426707781246892,1.0852294408855898,0.0
47,17,0.02346404220688859,-0.03782064685186548,1.0852294408855898,0.0
47,18,0.02346404220688859,0.40178275566517657,1.0852294408855898,0.0
47,19,0.02346404220688859,-0.0681429223230086,1.0852294408855898,0.0
47,20,0.02346404220688859,0.11020927143580955,1.0852294408855898,0.0
47,21,0.02346404220688859,0.008254844658237295,1.0852294408855898,0.0
47,22,0.02346404220688859,0.14011418682662946,1.0852294408855898,0.0
47,23,0.02346404220688859,-0.387181917103669,1.0852294408855898,0.0
47,24,0.02346404220688859,0.24051227967394823,1.0852294408855898,0.0
47,25,0.02346404220688859,0.560264590080694,1.0852294408855898,0.0
47,26,0.02346404220688859,-0.42872334434254256,1.0852294408855898,0.0
47,27,0.02346404220688859,0.6273780221667106,1.0852294408855898,0.0
47,28,0.02346404220688859,-0.3346721273977215,1.0852294408855898,0.0
47,29,0.02346404220688859,0.20145832810745407,1.0852294408855898,0.0
47,30,0.02346404220688859,0.23566597808188028,1.0852294408855898,0.0
47,31,0.02346404220688859,-0.08835981201791182,1.0852294408855898,0.0
47,32,0.02346404220688859,-0.2323519101684136,1.0852294408855898,0.0
47,33,0.02346404220688859,0.048878625444457535,1.0852294408855898,0.0
47,34,0.02346404220688859,0.6899324647942218,1.0852294408855898,0.0
47,35,0.02346404220688859,0.36544385755455466,1.0852294408855898,0.0
47,36,0.02346404220688859,0.3748115884305746,1.0852294408855898,0.0
47,37,0.02346404220688859,0.3643685135942356,1.0852294408855898,0.0
47,38,0.02346404220688859,-0.5969479971934082,1.0852294408855898,0.0
47,39,0.02346404220688859,0.711338232534915,1.0852294408855898,0.0
47,40,0.02346404220688859,0.23352788439585917,1.0852294408855898,0.0
47,41,0.02346404220688859,1.069467502353333,1.0852294408855898,0.0
47,42,0.02346404220688859,0.8679741405509487,1.0852294408855898,0.0
47,43,0.02346404220688859,-0.550784847471563,1.0852294408855898,0.0
47,44,0.02346404220688859,0.970876067221834,1.0852294408855898,0.0
47,45,0.02346404220688859,0.9681974653412052,1.0852294408855898,0.0
47,46,0.02346404220688859,0.40709916115905115,1.0852294408855898,0.0
47,47,0.02346404220688859,0.8961671814752209,1.0852294408855898,0.0
47,48,0.02346404220688859,0.05573072218603292,1.0852294408855898,0.0
47,49,0.02346404220688859,0.8495290836259438,1.0852294408855898,0.0
47,50,0.02346404220688859,0.2791069008615419,1.0852294408855898,0.0
47,51,0.02346404220688859,1.2918391765496353,1.0852294408855898,0.0
47,52,0.02346404220688859,0.9987382649650902,1.0852294408855898,0.0
47,53,0.02346404220688859,0.20857616066542473,1.0852294408855898,0.0
47,54,0.02346404220688859,0.6653522558209339,1.0852294408855898,0.0
47,55,0.02346404220688859,0.8484406290020081,1.0852294408855898,0.0
47,56,0.02346404220688859,0.6590219703410916,1.0852294408855898,0.0
47,57,0.02346404220688859,0.3255599308709375,1.0852294408855898,0.0
47,58,0.02346404220688859,1.040234538821708,1.0852294408855898,0.0
47,59,0.02346404220688859,1.042448773574266,1.0852294408855898,0.0
48,0,0.0523233568863996,-0.8481817103783182,1.0465011183829913,0.0
48,1,0.0523233568863996,-1.9649886613411232,1.0465011183829913,0.0
48,2,0.0523233568863996,-1.446464111547855,1.0465011183829913,0.0
48,3,0.0523233568863996,-1.5785264297836987,1.0465011183829913,0.0
48,4,0.0523233568863996,-1.310687171034443,1.0465011183829913,0.0
48,5,0.0523233568863996,-0.5553986544599693,1.0465011183829913,0.0
48,6,0.0523233568863996,-1.426959319354675,1.0465011183829913,0.0
48,7,0.0523233568863996,-0.43531823304620143,1.0465011183829913,0.0
48,8,0.0523233568863996,-1.01638662052247,1.0465011183829913,0.0
48,9,0.0523233568863996,-1.6427865335813259,1.0465011183829913,0.0
48,10,0.0523233568863996,-0.9628777910318951,1.0465011183829913,0.0
48,11,0.0523233568863996,-1.3285782395652665,1.0465011183829913,0.0
48,12,0.0523233568863996,-0.8945560642080184,1.0465011183829913,0.0
48,13,0.0523233568863996,-0.6488005828023442,1.0465011183829913,0.0
48,14,0.0523233568863996,-0.5206826176978109,1.0465011183829913,0.0
48,15,0.0523233568863996,-0.9734618544678305,1.0465011183829913,0.0
48,16,0.0523233568863996,-0.5866360998662499,1.0465011183829913,0.0
48,17,0.0523233568863996,-0.7748760202062897,1.0465011183829913,0.0
48,18,0.0523233568863996,-1.0231034181275847,1.0465011183829913,0.0
48,19,0.0523233568863996,-1.0324279060330273,1.0465011183829913,0.0
48,20,0.0523233568863996,-0.23022169382475605,1.0465011183829913,0.0
48,21,0.0523233568863996,0.24314732048491705,1.0465011183829913,0.0
48,22,0.0523233568863996,-0.5207876651067597,1.0465011183829913,0.0
48,23,0.0523233568863996,-0.37474150988607124,1.0465011183829913,0.0
48,24,0.0523233568863996,-0.8278577390573714,1.0465011183829913,0.0
48,25,0.0523233568863996,0.7716034040438027,1.0465011183829913,0.0
48,26,0.0523233568863996,-0.8611560244681232,1.0465011183829913,0.0
48,27,0.0523233568863996,-0.6972222267678571,1.0465011183829913,0.0
48,28,0.0523233568863996,-0.13770627869679852,1.0465011183829913,0.0
48,29,0.0523233568863996,0.20546459672499504,1.0465011183829913,0.0
48,30,0.0523233568863996,0.038907854386944246,1.0465011183829913,0.0
48,31,0.0523233568863996,0.7593127445637016,1.0465011183829913,0.0
48,32,0.0523233568863996,0.4650985235041033,1.0465011183829913,0.0
48,33,0.0523233568863996,0.4938482514803707,1.0465011183829913,0.0
48,34,0.0523233568863996,-0.14612890369348275,1.0465011183829913,0.0
48,35,0.0523233568863996,0.2999474457011191,1.0465011183829913,0.0
48,36,0.0523233568863996,0.6278510226194387,1.0465011183829913,0.0
48,37,0.0523233568863996,0.8827715943996155,1.0465011183829913,0.0
48,38,0.0523233568863996,0.972939664452836,1.0465011183829913,0.0
48,39,0.0523233568863996,0.34061707304277866,1.0465011183829913,0.0
48,40,0.0523233568863996,0.33431844243809916,1.0465011183829913,0.0
48,41,0.0523233568863996,0.4816660198278974,1.0465011183829913,0.0
48,42,0.0523233568863996,0.6682989384912545,1.0465011183829913,0.0
48,43,0.0523233568863996,1.1728755958867645,1.0465011183829913,0.0
48,44,0.0523233568863996,1.5787496268003312,1.0465011183829913,0.0
48,45,0.0523233568863996,0.716512567725998,1.0465011183829913,0.0
48,46,0.0523233568863996,1.5658906775907253,1.0465011183829913,0.0
48,47,0.0523233568863996,0.888091053605395,1.0465011183829913,0.0
48,48,0.0523233568863996,1.4015563882722466,1.0465011183829913,0.0
48,49,0.0523233568863996,1.6149834988487761,1.0465011183829913,0.0
48,50,0.0523233568863996,0.9395196070760705,1.0465011183829913,0.0
48,51,0.0523233568863996,0.33594554777510266,1.0465011183829913,0.0
48,52,0.0523233568863996,0.839099985012508,1.0465011183829913,0.0
48,53,0.0523233568863996,1.0291063432876926,1.0465011183829913,0.0
48,54,0.0523233568863996,1.7011389684445999,1.0465011183829913,0.0
48,55,0.0523233568863996,1.2557826846775355,1.0465011183829913,0.0
48,56,0.0523233568863996,1.808404169964676,1.0465011183829913,0.0
48,57,0.0523233568863996,1.7083254079383625,1.0465011183829913,0.0
48,58,0.0523233568863996,1.1175029192626074,1.0465011183829913,0.0
48,59,0.0523233568863996,1.5704554528121797,1.0465011183829913,0.0
49,0,0.05286106618957467,-0.1730325625671874,0.863361025994653,0.0
49,1,0.05286106618957467,-0.10266975276871812,0.863361025994653,0.0
49,2,0.05286106618957467,-0.1377385062848333,0.863361025994653,0.0
49,3,0.05286106618957467,-0.4150957308187009,0.863361025994653,0.0
49,4,0.05286106618957467,0.46942448464912756,0.863361025994653,0.0
49,5,0.05286106618957467,-0.34332043589719335,0.863361025994653,0.0
49,6,0.05286106618957467,0.264330906423176,0.863361025994653,0.0
49,7,0.05286106618957467,-0.3507546337042695,0.863361025994653,0.0
49,8,0.05286106618957467,-0.03071742710592204,0.863361025994653,0.0
49,9,0.05286106618957467,-0.8322507159251932,0.863361025994653,0.0
49,10,0.05286106618957467,-0.3204753262535009,0.863361025994653,0.0
49,11,0.05286106618957467,0.02721359310776217,0.863361025994653,0.0
49,12,0.05286106618957467,0.3408790163733294,0.863361025994653,0.0
49,13,0.05286106618957467,0.07553983668351999,0.863361025994653,0.0
49,14,0.05286106618957467,0.8869999109761322,0.863361025994653,0.0
49,15,0.05286106618957467,0.062324384295329216,0.863361025994653,0.0
49,16,0.05286106618957467,0.7568755480801219,0.863361025994653,0.0
49,17,0.05286106618957467,1.5594394240500216,0.863361025994653,0.0
49,18,0.05286106618957467,1.2769919914691847,0.863361025994653,0.0
49,19,0.05286106618957467,0.37417892615054443,0.863361025994653,0.0
49,20,0.05286106618957467,1.3529420845351237,0.863361025994653,0.0
49,21,0.05286106618957467,1.0612856387710838,0.863361025994653,0.0
49,22,0.05286106618957467,1.6019017189223668,0.863361025994653,0.0
49,23,0.05286106618957467,1.3095198413247053,0.863361025994653,0.0
49,24,0.05286106618957467,0.12344084545979683,0.863361025994653,0.0
49,25,0.05286106618957467,1.04901846775198,0.863361025994653,0.0
49,26,0.05286106618957467,0.6607053797683269,0.863361025994653,0.0
49,27,0.05286106618957467,0.7991484636482056,0.863361025994653,0.0
49,28,0.05286106618957467,0.9184480623182256,0.863361025994653,0.0
49,29,0.05286106618957467,0.7326613267140529,0.863361025994653,0.0
49,30,0.05286106618957467,1.3435042173704594,0.863361025994653,0.0
49,31,0.05286106618957467,1.6407268171093552,0.863361025994653,0.0
49,32,0.05286106618957467,1.6939844007793654,0.863361025994653,0.0
49,33,0.05286106618957467,1.220506151882693,0.863361025994653,0.0
49,34,0.05286106618957467,1.2830190886826949,0.863361025994653,0.0
49,35,0.05286106618957467,1.6779688895918452,0.863361025994653,0.0
49,36,0.05286106618957467,1.625898912699225,0.863361025994653,0.0
49,37,0.05286106618957467,1.4639887138377143,0.863361025994653,0.0
49,38,0.05286106618957467,1.372443255611484,0.863361025994653,0.0
49,39,0.05286106618957467,1.165713544161639,0.863361025994653,0.0
49,40,0.05286106618957467,2.1363076018599,0.863361025994653,0.0
49,41,0.05286106618957467,1.8004836317396753,0.863361025994653,0.0
49,42,0.05286106618957467,1.7236560288878817,0.863361025994653,0.0
49,43,0.05286106618957467,1.5374313475349703,0.863361025994653,0.0
49,44,0.05286106618957467,2.465258928770923,0.863361025994653,0.0
49,45,0.05286106618957467,1.3405053576691246,0.863361025994653,0.0
49,46,0.05286106618957467,3.113477230253868,0.863361025994653,0.0
49,47,0.05286106618957467,2.0943766568032203,0.863361025994653,0.0
49,48,0.05286106618957467,2.450025274044582,0.863361025994653,0.0
49,49,0.05286106618957467,2.159219660837483,0.863361025994653,0.0
49,50,0.05286106618957467,2.656940100256229,0.863361025994653,0.0
49,51,0.05286106618957467,3.3276501361841926,0.863361025994653,0.0
49,52,0.05286106618957467,2.881136292126355,0.863361025994653,0.0
49,53,0.05286106618957467,2.2501761678093506,0.863361025994653,0.0
49,54,0.05286106618957467,2.864782358743962,0.863361025994653,0.0
49,55,0.05286106618957467,3.146302186093754,0.863361025994653,0.0
49,56,0.05286106618957467,3.326997808993958,0.863361025994653,0.0
49,57,0.05286106618957467,3.3956071818149427,0.863361025994653,0.0
49,58,0.05286106618957467,2.6960752710792995,0.863361025994653,0.0
49,59,0.05286106618957467,3.167268583654442,0.863361025994653,0.0
50,0,0.06429960169634372,-1.380297056033995,1.026072980566648,0.0
50,1,0.06429960169634372,-1.45018017136837,1.026072980566648,0.0
50,2,0.06429960169634372,-1.4424234335880177,1.026072980566648,0.0
50,3,0.06429960169634372,-1.116888965415281,1.026072980566648,0.0
50,4,0.06429960169634372,-1.191072633837956,1.026072980566648,0.0
50,5,0.06429960169634372,-0.983484305801543,1.026072980566648,0.0
50,6,0.06429960169634372,-0.9257393095069395,1.026072980566648,0.0
50,7,0.06429960169634372,-1.2311604954586446,1.026072980566648,0.0
50,8,0.06429960169634372,-1.23680801468913,1.026072980566648,0.0
50,9,0.06429960169634372,-0.6687644446683968,1.026072980566648,0.0
50,10,0.06429960169634372,-1.4112418101302657,1.026072980566648,0.0
50,11,0.06429960169634372,-0.30464063681458137,1.026072980566648,0.0
50,12,0.06429960169634372,-0.5401137877939266,1.026072980566648,0.0
50,13,0.06429960169634372,-0.08006479994613941,1.026072980566648,0.0
50,14,0.06429960169634372,-0.41102718120591536,1.026072980566648,0.0
50,15,0.06429960169634372,-0.7822976891639825,1.026072980566648,0.0
50,16,0.06429960169634372,-0.18224213088975022,1.026072980566648,0.0
50,17,0.06429960169634372,-0.2688979129570235,1.026072980566648,0.0
50,18,0.06429960169634372,-0.0972549670120049,1.026072980566648,0.0
50,19,0.06429960169634372,-0.019889148551638036,1.026072980566648,0.0
50,20,0.06429960169634372,0.1378138395509208,1.026072980566648,0.0
50,21,0.06429960169634372,-0.7207404396608045,1.026072980566648,0.0
50,22,0.06429960169634372,-0.25063259982921865,1.026072980566648,0.0
50,23,0.06429960169634372,0.16501821601107897,1.026072980566648,0.0
50,24,0.06429960169634372,-0.12154406588686895,1.026072980566648,0.0
50,25,0.06429960169634372,0.5186385712436504,1.026072980566648,0.0
50,26,0.06429960169634372,0.27689576803796456,1.026072980566648,0.0
50,27,0.06429960169634372,0.25359940013307836,1.026072980566648,0.0
50,28,0.06429960169634372,0.7574249789156504,1.026072980566648,0.0
50,29,0.06429960169634372,0.5437351021216781,1.026072980566648,0.0
50,30,0.06429960169634372,0.8135698561075188,1.026072980566648,0.0
50,31,0.06429960169634372,0.6352454041496219,1.026072980566648,0.0
50,32,0.06429960169634372,0.7328354475335317,1.026072980566648,0.0
50,33,0.06429960169634372,0.9391810005810253,1.026072980566648,0.0
50,34,0.06429960169634372,0.8164437569295775,1.026072980566648,0.0
50,35,0.06429960169634372,1.1985389591385966,1.026072980566648,0.0
50,36,0.06429960169634372,1.7347441476849244,1.026072980566648,0.0
50,37,0.06429960169634372,0.817310220170141,1.026072980566648,0.0
50,38,0.06429960169634372,1.2158455502148813,1.026072980566648,0.0
50,39,0.06429960169634372,1.3236286868797114,1.026072980566648,0.0
50,40,0.06429960169634372,1.207294310456336,1.026072980566648,0.0
50,41,0.06429960169634372,1.484419429382383,1.026072980566648,0.0
50,42,0.06429960169634372,1.197800521747218,1.026072980566648,0.0
50,43,0.06429960169634372,1.4457135004791646,1.026072980566648,0.0
50,44,0.06429960169634372,1.3013898885834907,1.026072980566648,0.0
50,45,0.06429960169634372,1.9541801103914005,1.026072980566648,0.0
50,46,0.06429960169634372,2.4748085422191743,1.026072980566648,0.0
50,47,0.06429960169634372,0.967475752302046,1.026072980566648,0.0
50,48,0.06429960169634372,1.7921341667917081,1.026072980566648,0.0
50,49,0.06429960169634372,1.901208642695221,1.026072980566648,0.0
50,50,0.06429960169634372,1.3397803131445916,1.026072980566648,0.0
50,51,0.06429960169634372,2.1936656487299,1.026072980566648,0.0
50,52,0.06429960169634372,1.6200899042342034,1.026072980566648,0.0
50,53,0.06429960169634372,1.6165553034551028,1.026072980566648,0.0
50,54,0.06429960169634372,2.662433041135472,1.026072980566648,0.0
50,55,0.06429960169634372,3.076354870166223,1.026072980566648,0.0
50,56,0.06429960169634372,1.7761389420690699,1.026072980566648,0.0
50,57,0.06429960169634372,1.5754964086843741,1.026072980566648,0.0
50,58,0.06429960169634372,2.231402145494349,1.026072980566648,0.0
50,59,0.06429960169634372,2.3089590014250847,1.026072980566648,0.0
51,0,0.07013778100038337,-1.077005836148321,0.9521820214472809,0.0
51,1,0.07013778100038337,-0.9891748994410987,0.9521820214472809,0.0
51,2,0.07013778100038337,-0.40119611883416806,0.9521820214472809,0.0
51,3,0.07013778100038337,-0.2702530759233419,0.9521820214472809,0.0
51,4,0.07013778100038337,-0.6115209539806806,0.9521820214472809,0.0
51,5,0.07013778100038337,-0.08298760003924333,0.9521820214472809,0.0
51,6,0.07013778100038337,0.18889340067651272,0.9521820214472809,0.0
51,7,0.07013778100038337,-0.12252165121198912,0.9521820214472809,0.0
51,8,0.07013778100038337,-0.23099776103887254,0.9521820214472809,0.0
51,9,0.07013778100038337,0.33690409878302785,0.9521820214472809,0.0
51,10,0.07013778100038337,-0.03591126128429224,0.9521820214472809,0.0
51,11,0.07013778100038337,0.1328744962442503,0.9521820214472809,0.0
51,12,0.07013778100038337,0.459827092596342,0.9521820214472809,0.0
51,13,0.07013778100038337,0.17776230266066867,0.9521820214472809,0.0
51,14,0.07013778100038337,-0.4875030633911267,0.9521820214472809,0.0
51,15,0.07013778100038337,0.21928066794976614,0.9521820214472809,0.0
51,16,0.07013778100038337,0.13176262148011297,0.9521820214472809,0.0
51,17,0.07013778100038337,-0.46162761699369337,0.9521820214472809,0.0
51,18,0.07013778100038337,1.1561456696260735,0.9521820214472809,0.0
51,19,0.07013778100038337,0.5727570832553315,0.9521820214472809,0.0
51,20,0.07013778100038337,1.3128806803934872,0.9521820214472809,0.0
51,21,0.07013778100038337,0.5095527764722751,0.9521820214472809,0.0
51,22,0.07013778100038337,0.571896384777068,0.9521820214472809,0.0
51,23,0.07013778100038337,1.4764996714918919,0.9521820214472809,0.0
51,24,0.07013778100038337,2.0954038771809875,0.9521820214472809,0.0
51,25,0.07013778100038337,1.3443375857034865,0.9521820214472809,0.0
51,26,0.07013778100038337,0.43224904663391484,0.9521820214472809,0.0
51,27,0.07013778100038337,1.054060866398002,0.9521820214472809,0.0
51,28,0.07013778100038337,1.3615150373678824,0.9521820214472809,0.0
51,29,0.07013778100038337,0.9448761089084058,0.9521820214472809,0.0
51,30,0.07013778100038337,1.4412794194204634,0.9521820214472809,0.0
51,31,0.07013778100038337,1.4626006373165554,0.9521820214472809,0.0
51,32,0.07013778100038337,1.6834865217832855,0.9521820214472809,0.0
51,33,0.07013778100038337,1.9657989681488992,0.9521820214472809,0.0
51,34,0.07013778100038337,2.227055084578066,0.9521820214472809,0.0
51,35,0.07013778100038337,2.585427004691542,0.9521820214472809,0.0
51,36,0.07013778100038337,2.1917124583023413,0.9521820214472809,0.0
51,37,0.07013778100038337,1.6812514291626182,0.9521820214472809,0.0
51,38,0.07013778100038337,1.334905714094138,0.9521820214472809,0.0
51,39,0.07013778100038337,1.8874130346478757,0.9521820214472809,0.0
51,40,0.07013778100038337,2.5650733943615784,0.9521820214472809,0.0
51,41,0.07013778100038337,2.668695121627423,0.9521820214472809,0.0
51,42,0.07013778100038337,2.400547808974559,0.9521820214472809,0.0
51,43,0.07013778100038337,2.3560868740738345,0.9521820214472809,0.0
51,44,0.07013778100038337,2.240716379984038,0.9521820214472809,0.0
51,45,0.07013778100038337,2.291412154143092,0.9521820214472809,0.0
51,46,0.07013778100038337,2.2819382439481837,0.9521820214472809,0.0
51,47,0.07013778100038337,2.611850649868226,0.9521820214472809,0.0
51,48,0.07013778100038337,2.7073569137706848,0.9521820214472809,0.0
51,49,0.07013778100038337,2.3872757847899297,0.9521820214472809,0.0
51,50,0.07013778100038337,2.638949638020522,0.9521820214472809,0.0
51,51,0.07013778100038337,2.295864949741879,0.9521820214472809,0.0
51,52,0.07013778100038337,2.6297057623229736,0.9521820214472809,0.0
51,53,0.07013778100038337,3.129209394749311,0.9521820214472809,0.0
51,54,0.07013778100038337,2.6245366541310666,0.9521820214472809,0.0
51,55,0.07013778100038337,3.4179186861526154,0.9521820214472809,0.0
51,56,0.07013778100038337,3.3430491659536368,0.9521820214472809,0.0
51,57,0.07013778100038337,3.0127149413427956,0.9521820214472809,0.0
51,58,0.07013778100038337,3.329758194924132,0.9521820214472809,0.0
51,59,0.07013778100038337,3.583944869805742,0.9521820214472809,0.0
52,0,0.012096187403493575,0.597510536676682,1.0293293550492917,0.0
52,1,0.012096187403493575,1.0909080046204156,1.0293293550492917,0.0
52,2,0.012096187403493575,1.047237122675749,1.0293293550492917,0.0
52,3,0.012096187403493575,1.1079679008503711,1.0293293550492917,0.0
52,4,0.012096187403493575,1.3116821407686645,1.0293293550492917,0.0
52,5,0.012096187403493575,0.6127687900535738,1.0293293550492917,0.0
52,6,0.012096187403493575,0.5537177561885013,1.0293293550492917,0.0
52,7,0.012096187403493575,0.7200078343299052,1.0293293550492917,0.0
52,8,0.012096187403493575,1.376934765038281,1.0293293550492917,0.0
52,9,0.012096187403493575,1.0838477718122954,1.0293293550492917,0.0
52,10,0.012096187403493575,0.9938001375896048,1.0293293550492917,0.0
52,11,0.012096187403493575,1.2005849001100133,1.0293293550492917,0.0
52,12,0.012096187403493575,0.8126488334878219,1.0293293550492917,0.0
52,13,0.012096187403493575,1.0891107648131815,1.0293293550492917,0.0
52,14,0.012096187403493575,1.4011882599459062,1.0293293550492917,0.0
52,15,0.012096187403493575,1.2543885262044139,1.0293293550492917,0.0
52,16,0.012096187403493575,2.1126288125540307,1.0293293550492917,0.0
52,17,0.012096187403493575,0.9235228384644709,1.0293293550492917,0.0
52,18,0.012096187403493575,1.438304950569529,1.0293293550492917,0.0
52,19,0.012096187403493575,1.4594352095501586,1.0293293550492917,0.0
52,20,0.012096187403493575,1.0775298168259637,1.0293293550492917,0.0
52,21,0.012096187403493575,1.3539505811163983,1.0293293550492917,0.0
52,22,0.012096187403493575,1.6463199322854218,1.0293293550492917,0.0
52,23,0.012096187403493575,1.1171611602893758,1.0293293550492917,0.0
52,24,0.012096187403493575,1.5834074039207375,1.0293293550492917,0.0
52,25,0.012096187403493575,1.2318134597525885,1.0293293550492917,0.0
52,26,0.012096187403493575,1.6320345115036397,1.0293293550492917,0.0
52,27,0.012096187403493575,1.6290032804537644,1.0293293550492917,0.0
52,28,0.012096187403493575,1.067194162887677,1.0293293550492917,0.0
52,29,0.012096187403493575,0.45020671520701594,1.0293293550492917,0.0
52,30,0.012096187403493575,1.8384287766299825,1.0293293550492917,0.0
52,31,0.012096187403493575,1.4246783765103048,1.0293293550492917,0.0
52,32,0.012096187403493575,1.3065307935638368,1.0293293550492917,0.0
52,33,0.012096187403493575,1.1112858568709822,1.0293293550492917,0.0
52,34,0.012096187403493575,1.693628403185593,1.0293293550492917,0.0
52,35,0.012096187403493575,1.6529620578633413,1.0293293550492917,0.0
52,36,0.012096187403493575,1.3733971988966307,1.0293293550492917,0.0
52,37,0.012096187403493575,1.5056340228158553,1.0293293550492917,0.0
52,38,0.012096187403493575,1.6741182334903901,1.0293293550492917,0.0
52,39,0.012096187403493575,2.0869110723507234,1.0293293550492917,0.0
52,40,0.012096187403493575,1.6480087130762426,1.0293293550492917,0.0
52,41,0.012096187403493575,2.2910839341886495,1.0293293550492917,0.0
52,42,0.012096187403493575,1.4939749967167095,1.0293293550492917,0.0
52,43,0.012096187403493575,1.6228328733953419,1.0293293550492917,0.0
52,44,0.012096187403493575,1.4236179306489662,1.0293293550492917,0.0
52,45,0.012096187403493575,1.335056166332618,1.0293293550492917,0.0
52,46,0.012096187403493575,2.0161347931591944,1.0293293550492917,0.0
52,47,0.012096187403493575,2.2853072595031985,1.0293293550492917,0.0
52,48,0.012096187403493575,1.445468863943293,1.0293293550492917,0.0
52,49,0.012096187403493575,1.9813010317328479,1.0293293550492917,0.0
52,50,0.012096187403493575,1.28181183377609,1.0293293550492917,0.0
52,51,0.012096187403493575,1.7182396040641263,1.0293293550492917,0.0
52,52,0.012096187403493575,2.1001227151754733,1.0293293550492917,0.0
52,53,0.012096187403493575,2.0286217854789776,1.0293293550492917,0.0
52,54,0.012096187403493575,1.6884863452970749,1.0293293550492917,0.0
52,55,0.012096187403493575,1.3227708534721532,1.0293293550492917,0.0
52,56,0.012096187403493575,1.626714884597352,1.0293293550492917,0.0
52,57,0.012096187403493575,2.4149099949986015,1.0293293550492917,0.0
52,58,0.012096187403493575,2.230410996027479,1.0293293550492917,0.0
52,59,0.012096187403493575,1.1736846214289085,1.0293293550492917,0.0
53,0,0.02862757185632527,-0.1270560461815552,1.0494411847424148,0.0
53,1,0.02862757185632527,0.6474599027183251,1.0494411847424148,0.0
53,2,0.02862757185632527,-0.06528649261567088,1.0494411847424148,0.0
53,3,0.02862757185632527,0.7185835120452794,1.0494411847424148,0.0
53,4,0.02862757185632527,0.9430996132588823,1.0494411847424148,0.0
53,5,0.02862757185632527,0.1790164621471031,1.0494411847424148,0.0
53,6,0.02862757185632527,0.8910053875813799,1.0494411847424148,0.0
53,7,0.02862757185632527,0.4564527310350954,1.0494411847424148,0.0
53,8,0.02862757185632527,0.6211278012601187,1.0494411847424148,0.0
53,9,0.02862757185632527,1.2517218690954777,1.0494411847424148,0.0
53,10,0.02862757185632527,0.2750708547789431,1.0494411847424148,0.0
53,11,0.02862757185632527,0.7986218103708533,1.0494411847424148,0.0
53,12,0.02862757185632527,0.8091298640882065,1.0494411847424148,0.0
53,13,0.02862757185632527,0.805200436849888,1.0494411847424148,0.0
53,14,0.02862757185632527,1.0598363077334798,1.0494411847424148,0.0
53,15,0.02862757185632527,1.0314370976758807,1.0494411847424148,0.0
53,16,0.02862757185632527,1.2317293856962768,1.0494411847424148,0.0
53,17,0.02862757185632527,0.9015304329830058,1.0494411847424148,0.0
53,18,0.02862757185632527,1.0089215554396913,1.0494411847424148,0.0
53,19,0.02862757185632527,1.6979154535574732,1.0494411847424148,0.0
53,20,0.02862757185632527,1.372522370463549,1.0494411847424148,0.0
53,21,0.02862757185632527,1.2817464553289926,1.0494411847424148,0.0
53,22,0.02862757185632527,1.1681110703685578,1.0494411847424148,0.0
53,23,0.02862757185632527,0.8983332074255245,1.0494411847424148,0.0
53,24,0.02862757185632527,0.9799369735484149,1.0494411847424148,0.0
53,25,0.02862757185632527,1.7178220340642332,1.0494411847424148,0.0
53,26,0.02862757185632527,1.4366083150187454,1.0494411847424148,0.0
53,27,0.02862757185632527,1.209308939487051,1.0494411847424148,0.0
53,28,0.02862757185632527,1.9559846542165027,1.0494411847424148,0.0
53,29,0.02862757185632527,1.3209768096922319,1.0494411847424148,0.0
53,30,0.02862757185632527,0.7894484104353789,1.0494411847424148,0.0
53,31,0.02862757185632527,0.8363341544515956,1.0494411847424148,0.0
53,32,0.02862757185632527,2.019590869753892,1.0494411847424148,0.0
53,33,0.02862757185632527,1.861089978413333,1.0494411847424148,0.0
53,34,0.02862757185632527,2.1177740519545805,1.0494411847424148,0.0
53,35,0.02862757185632527,2.3679373397185026,1.0494411847424148,0.0
53,36,0.02862757185632527,1.188262629622281,1.0494411847424148,0.0
53,37,0.02862757185632527,1.7985162252683937,1.0494411847424148,0.0
53,38,0.02862757185632527,2.1938518294065257,1.0494411847424148,0.0
53,39,0.02862757185632527,1.9585333739885802,1.0494411847424148,0.0
53,40,0.02862757185632527,2.292463142105418,1.0494411847424148,0.0
53,41,0.02862757185632527,1.93020901338956,1.0494411847424148,0.0
53,42,0.02862757185632527,1.2001749440879204,1.0494411847424148,0.0
53,43,0.02862757185632527,1.7543931228773968,1.0494411847424148,0.0
53,44,0.02862757185632527,1.4225165688966102,1.0494411847424148,0.0
53,45,0.02862757185632527,1.9458711627505438,1.0494411847424148,0.0
53,46,0.02862757185632527,0.7669180537730613,1.0494411847424148,0.0
53,47,0.02862757185632527,1.689126291552321,1.0494411847424148,0.0
53,48,0.02862757185632527,1.835714111821658,1.0494411847424148,0.0
53,49,0.02862757185632527,2.087813812532915,1.0494411847424148,0.0
53,50,0.02862757185632527,1.7070409727088214,1.0494411847424148,0.0
53,51,0.02862757185632527,1.8466597262263325,1.0494411847424148,0.0
53,52,0.02862757185632527,1.8182110517050425,1.0494411847424148,0.0
53,53,0.02862757185632527,1.666607672119511,1.0494411847424148,0.0
53,54,0.02862757185632527,1.173346197756926,1.0494411847424148,0.0
53,55,0.02862757185632527,2.77823498523399,1.0494411847424148,0.0
53,56,0.02862757185632527,2.6715660649292983,1.0494411847424148,0.0
53,57,0.02862757185632527,2.4218535604287017,1.0494411847424148,0.0
53,58,0.02862757185632527,2.9137704794750756,1.0494411847424148,0.0
53,59,0.02862757185632527,2.0901526566584256,1.0494411847424148,0.0
54,0,0.03819449313579751,0.022462790370423258,0.8786332577884641,0.0
54,1,0.03819449313579751,0.4354877581284086,0.8786332577884641,0.0
54,2,0.03819449313579751,-0.2554543790833951,0.8786332577884641,0.0
54,3,0.03819449313579751,0.7437469152185036,0.8786332577884641,0.0
54,4,0.03819449313579751,0.43507045511471776,0.8786332577884641,0.0
54,5,0.03819449313579751,0.6219569929113206,0.8786332577884641,0.0
54,6,0.03819449313579751,0.42064826648007947,0.8786332577884641,0.0
54,7,0.03819449313579751,1.186283572136615,0.8786332577884641,0.0
54,8,0.03819449313579751,1.0721025634336494,0.8786332577884641,0.0
54,9,0.03819449313579751,0.8383587403259016,0.8786332577884641,0.0
54,10,0.03819449313579751,0.5149797278275754,0.8786332577884641,0.0
54,11,0.03819449313579751,0.7128915169549459,0.8786332577884641,0.0
54,12,0.03819449313579751,1.0556531368034947,0.8786332577884641,0.0
54,13,0.03819449313579751,0.8773830805244219,0.8786332577884641,0.0
54,14,0.03819449313579751,1.2559898961956475,0.8786332577884641,0.0
54,15,0.03819449313579751,1.1814231920056066,0.8786332577884641,0.0
54,16,0.03819449313579751,0.4257312258491235,0.8786332577884641,0.0
54,17,0.03819449313579751,1.3691540688643071,0.8786332577884641,0.0
54,18,0.03819449313579751,0.8142283946195072,0.8786332577884641,0.0
54,19,0.03819449313579751,1.8086575218657654,0.8786332577884641,0.0
54,20,0.03819449313579751,1.2778864930786984,0.8786332577884641,0.0
54,21,0.03819449313579751,1.3825390764763958,0.8786332577884641,0.0
54,22,0.03819449313579751,1.0975091501486012,0.8786332577884641,0.0
54,23,0.03819449313579751,0.8474438116156998,0.8786332577884641,0.0
54,24,0.03819449313579751,1.2554776288356928,0.8786332577884641,0.0
54,25,0.03819449313579751,0.7311738195428689,0.8786332577884641,0.0
54,26,0.03819449313579751,2.2166511445436963,0.8786332577884641,0.0
54,27,0.03819449313579751,0.8499684369977341,0.8786332577884641,0.0
54,28,0.03819449313579751,1.4813524495422006,0.8786332577884641,0.0
54,29,0.03819449313579751,1.4449891806086825,0.8786332577884641,0.0
54,30,0.03819449313579751,2.1154648790535133,0.8786332577884641,0.0
54,31,0.03819449313579751,1.868279757673275,0.8786332577884641,0.0
54,32,0.03819449313579751,1.3033195572101455,0.8786332577884641,0.0
54,33,0.03819449313579751,1.7923457594766423,0.8786332577884641,0.0
54,34,0.03819449313579751,0.9711448931373251,0.8786332577884641,0.0
54,35,0.03819449313579751,1.6268442010488497,0.8786332577884641,0.0
54,36,0.03819449313579751,1.8952369295432006,0.8786332577884641,0.0
54,37,0.03819449313579751,1.9308441679134392,0.8786332577884641,0.0
54,38,0.03819449313579751,2.395124997639367,0.8786332577884641,0.0
54,39,0.03819449313579751,1.582899574716667,0.8786332577884641,0.0
54,40,0.03819449313579751,1.5218492216596493,0.8786332577884641,0.0
54,41,0.03819449313579751,1.913669652256676,0.8786332577884641,0.0
54,42,0.03819449313579751,2.7192551379106056,0.8786332577884641,0.0
54,43,0.03819449313579751,1.9006593615792375,0.8786332577884641,0.0
54,44,0.03819449313579751,2.356889902507791,0.8786332577884641,0.0
54,45,0.03819449313579751,1.8705913721935505,0.8786332577884641,0.0
54,46,0.03819449313579751,2.7870519558701496,0.8786332577884641,0.0
54,47,0.03819449313579751,2.1194928481261455,0.8786332577884641,0.0
54,48,0.03819449313579751,2.0028801975558403,0.8786332577884641,0.0
54,49,0.03819449313579751,2.615201538148138,0.8786332577884641,0.0
54,50,0.03819449313579751,2.1848334867853785,0.8786332577884641,0.0
54,51,0.03819449313579751,2.8644663745057204,0.8786332577884641,0.0
54,52,0.03819449313579751,2.5998209863097728,0.8786332577884641,0.0
54,53,0.03819449313579751,2.5727958047728814,0.8786332577884641,0.0
54,54,0.03819449313579751,2.4687771360810062,0.8786332577884641,0.0
54,55,0.03819449313579751,2.4461723798713506,0.8786332577884641,0.0
54,56,0.03819449313579751,2.78736485632876,0.8786332577884641,0.0
54,57,0.03819449313579751,2.205126420695421,0.8786332577884641,0.0
54,58,0.03819449313579751,1.8618145798701575,0.8786332577884641,0.0
54,59,0.03819449313579751,2.760415717166914,0.8786332577884641,0.0
55,0,0.0580931131687881,0.24923574659725953,1.0742162298750202,0.0
55,1,0.0580931131687881,0.06785579665403996,1.0742162298750202,0.0
55,2,0.0580931131687881,0.2841721357937505,1.0742162298750202,0.0
55,3,0.0580931131687881,1.2805390371624972,1.0742162298750202,0.0
55,4,0.0580931131687881,1.05732317004066,1.0742162298750202,0.0
55,5,0.0580931131687881,0.918630649222894,1.0742162298750202,0.0
55,6,0.0580931131687881,1.479317029225085,1.0742162298750202,0.0
55,7,0.0580931131687881,0.7987486869592881,1.0742162298750202,0.0
55,8,0.0580931131687881,0.4554353941034103,1.0742162298750202,0.0
55,9,0.0580931131687881,1.1346628546403286,1.0742162298750202,0.0
55,10,0.0580931131687881,0.6376007465812776,1.0742162298750202,0.0
55,11,0.0580931131687881,1.3911253704679103,1.0742162298750202,0.0
55,12,0.0580931131687881,1.339846367281753,1.0742162298750202,0.0
55,13,0.0580931131687881,1.2832364112742096,1.0742162298750202,0.0
55,14,0.0580931131687881,0.7492072800379684,1.0742162298750202,0.0
55,15,0.0580931131687881,1.223116513168086,1.0742162298750202,0.0
55,16,0.0580931131687881,0.7032936880628741,1.0742162298750202,0.0
55,17,0.0580931131687881,1.8484221284764568,1.0742162298750202,0.0
55,18,0.0580931131687881,1.8532330111536819,1.0742162298750202,0.0
55,19,0.0580931131687881,1.7575917867923507,1.0742162298750202,0.0
55,20,0.0580931131687881,1.684036859696815,1.0742162298750202,0.0
55,21,0.0580931131687881,1.1931852176660716,1.0742162298750202,0.0
55,22,0.0580931131687881,2.015892853438973,1.0742162298750202,0.0
55,23,0.0580931131687881,1.9159206176054318,1.0742162298750202,0.0
55,24,0.0580931131687881,1.96416389055349,1.0742162298750202,0.0
55,25,0.0580931131687881,1.326509448772728,1.0742162298750202,0.0
55,26,0.0580931131687881,2.104143990355269,1.0742162298750202,0.0
55,27,0.0580931131687881,2.3602012556757797,1.0742162298750202,0.0
55,28,0.0580931131687881,2.2079975265775307,1.0742162298750202,0.0
55,29,0.0580931131687881,2.51539652767799,1.0742162298750202,0.0
55,30,0.0580931131687881,2.6061331303142103,1.0742162298750202,0.0
55,31,0.0580931131687881,2.275800484402882,1.0742162298750202,0.0
55,32,0.0580931131687881,2.1223205054043834,1.0742162298750202,0.0
55,33,0.0580931131687881,2.73083104989413,1.0742162298750202,0.0
55,34,0.0580931131687881,2.6033644219337306,1.0742162298750202,0.0
55,35,0.0580931131687881,2.4830165639398643,1.0742162298750202,0.0
55,36,0.0580931131687881,2.768352043232795,1.0742162298750202,0.0
55,37,0.0580931131687881,2.1885783243101975,1.0742162298750202,0.0
55,38,0.0580931131687881,3.4661495938645186,1.0742162298750202,0.0
55,39,0.0580931131687881,2.2048408064412217,1.0742162298750202,0.0
55,40,0.0580931131687881,2.9396369110017777,1.0742162298750202,0.0
55,41,0.0580931131687881,3.1806664093450685,1.0742162298750202,0.0
55,42,0.0580931131687881,3.3790136435899987,1.0742162298750202,0.0
55,43,0.0580931131687881,3.4664087644095254,1.0742162298750202,0.0
55,44,0.0580931131687881,2.8665491094343407,1.0742162298750202,0.0
55,45,0.0580931131687881,3.5768727746324744,1.0742162298750202,0.0
55,46,0.0580931131687881,2.5149475620255304,1.0742162298750202,0.0
55,47,0.0580931131687881,3.2817478586281186,1.0742162298750202,0.0
55,48,0.0580931131687881,3.3659121020620084,1.0742162298750202,0.0
55,49,0.0580931131687881,2.712355817282516,1.0742162298750202,0.0
55,50,0.0580931131687881,3.225056086011243,1.0742162298750202,0.0
55,51,0.0580931131687881,3.507004173831256,1.0742162298750202,0.0
55,52,0.0580931131687881,3.1308299133185566,1.0742162298750202,0.0
55,53,0.0580931131687881,3.424249345041674,1.0742162298750202,0.0
55,54,0.0580931131687881,3.4822203357010815,1.0742162298750202,0.0
55,55,0.0580931131687881,2.9516596736527267,1.0742162298750202,0.0
55,56,0.0580931131687881,3.934635820906385,1.0742162298750202,0.0
55,57,0.0580931131687881,3.908594340111316,1.0742162298750202,0.0
55,58,0.0580931131687881,3.9345099389127007,1.0742162298750202,0.0
55,59,0.0580931131687881,3.7918793597403355,1.0742162298750202,0.0
56,0,0.07122170425312212,1.6996185975488434,0.9524502977874251,0.0
56,1,0.07122170425312212,1.938684024007161,0.9524502977874251,0.0
56,2,0.07122170425312212,1.9593381740593543,0.9524502977874251,0.0
56,3,0.07122170425312212,2.1600820344393528,0.9524502977874251,0.0
56,4,0.07122170425312212,2.7100375808838346,0.9524502977874251,0.0
56,5,0.07122170425312212,2.2307730695694485,0.9524502977874251,0.0
56,6,0.07122170425312212,2.2441750276725583,0.9524502977874251,0.0
56,7,0.07122170425312212,3.1585575827515755,0.9524502977874251,0.0
56,8,0.07122170425312212,2.649681177682285,0.9524502977874251,0.0
56,9,0.07122170425312212,2.88322160811126,0.9524502977874251,0.0
56,10,0.07122170425312212,2.681132253008553,0.9524502977874251,0.0
56,11,0.07122170425312212,2.9227213263911147,0.9524502977874251,0.0
56,12,0.07122170425312212,2.7667318407321884,0.9524502977874251,0.0
56,13,0.07122170425312212,2.9934855481106775,0.9524502977874251,0.0
56,14,0.07122170425312212,3.446274343028416,0.9524502977874251,0.0
56,15,0.07122170425312212,2.7986083662459724,0.9524502977874251,0.0
56,16,0.07122170425312212,3.113222280493791,0.9524502977874251,0.0
56,17,0.07122170425312212,3.4000492997767315,0.9524502977874251,0.0
56,18,0.07122170425312212,4.0342951244855305,0.9524502977874251,0.0
56,19,0.07122170425312212,3.53044269092577,0.9524502977874251,0.0
56,20,0.07122170425312212,4.350641459508607,0.9524502977874251,0.0
56,21,0.07122170425312212,3.6535293921314955,0.9524502977874251,0.0
56,22,0.07122170425312212,4.287831684301354,0.9524502977874251,0.0
56,23,0.07122170425312212,4.1959294163136605,0.9524502977874251,0.0
56,24,0.07122170425312212,2.9366539486315375,0.9524502977874251,0.0
56,25,0.07122170425312212,3.8718139409295977,0.9524502977874251,0.0
56,26,0.07122170425312212,3.7673474964580524,0.9524502977874251,0.0
56,27,0.07122170425312212,3.960284454191239,0.9524502977874251,0.0
56,28,0.07122170425312212,4.277592053313908,0.9524502977874251,0.0
56,29,0.07122170425312212,4.016613086691391,0.9524502977874251,0.0
56,30,0.07122170425312212,4.6214789777324485,0.9524502977874251,0.0
56,31,0.07122170425312212,3.6760066609471553,0.9524502977874251,0.0
56,32,0.07122170425312212,3.9036671135912706,0.9524502977874251,0.0
56,33,0.07122170425312212,4.381918773495383,0.9524502977874251,0.0
56,34,0.07122170425312212,5.2635185426170175,0.9524502977874251,0.0
56,35,0.07122170425312212,4.434303532130383,0.9524502977874251,0.0
56,36,0.07122170425312212,4.874269684495222,0.9524502977874251,0.0
56,37,0.07122170425312212,4.960422006929806,0.9524502977874251,0.0
56,38,0.07122170425312212,4.40559311313471,0.9524502977874251,0.0
56,39,0.07122170425312212,4.757462604035874,0.9524502977874251,0.0
56,40,0.07122170425312212,5.217137400914327,0.9524502977874251,0.0
56,41,0.07122170425312212,4.4885301224104,0.9524502977874251,0.0
56,42,0.07122170425312212,5.128393927034099,0.9524502977874251,0.0
56,43,0.07122170425312212,5.72674605837107,0.9524502977874251,0.0
56,44,0.07122170425312212,5.351470699936918,0.9524502977874251,0.0
56,45,0.07122170425312212,5.8257089044092165,0.9524502977874251,0.0
56,46,0.07122170425312212,4.754255835804193,0.9524502977874251,0.0
56,47,0.07122170425312212,4.709987749583607,0.9524502977874251,0.0
56,48,0.07122170425312212,5.458565511209174,0.9524502977874251,0.0
56,49,0.07122170425312212,6.0482902239515655,0.9524502977874251,0.0
56,50,0.07122170425312212,5.537264673620026,0.9524502977874251,0.0
56,51,0.07122170425312212,5.941092950736847,0.9524502977874251,0.0
56,52,0.07122170425312212,5.915693064619246,0.9524502977874251,0.0
56,53,0.07122170425312212,5.962418232698676,0.9524502977874251,0.0
56,54,0.07122170425312212,5.672079261146589,0.9524502977874251,0.0
56,55,0.07122170425312212,6.59933716778028,0.9524502977874251,0.0
56,56,0.07122170425312212,5.550470496513648,0.9524502977874251,0.0
56,57,0.07122170425312212,5.37444134050112,0.9524502977874251,0.0
56,58,0.07122170425312212,5.609659886356898,0.9524502977874251,0.0
56,59,0.07122170425312212,6.2292675540911295,0.9524502977874251,0.0
57,0,0.06691247608097131,0.5694331028647,1.1938995084616477,0.0
57,1,0.06691247608097131,0.24936639910845343,1.1938995084616477,0.0
57,2,0.06691247608097131,0.3860771675687867,1.1938995084616477,0.0
57,3,0.06691247608097131,0.11712400351923541,1.1938995084616477,0.0
57,4,0.06691247608097131,0.6212257804531847,1.1938995084616477,0.0
57,5,0.06691247608097131,0.1951109826106716,1.1938995084616477,0.0
57,6,0.06691247608097131,0.49292266178641353,1.1938995084616477,0.0
57,7,0.06691247608097131,0.11136178746566028,1.1938995084616477,0.0
57,8,0.06691247608097131,1.3165628359679429,1.1938995084616477,0.0
57,9,0.06691247608097131,1.116467865632183,1.1938995084616477,0.0
57,10,0.06691247608097131,0.3721178854077979,1.1938995084616477,0.0
57,11,0.06691247608097131,0.8646234481654282,1.1938995084616477,0.0
57,12,0.06691247608097131,0.7568796962907787,1.1938995084616477,0.0
57,13,0.06691247608097131,1.623260279161806,1.1938995084616477,0.0
57,14,0.06691247608097131,0.8743536869631059,1.1938995084616477,0.0
57,15,0.06691247608097131,0.3477152776196111,1.1938995084616477,0.0
57,16,0.06691247608097131,1.491331830696082,1.1938995084616477,0.0
57,17,0.06691247608097131,1.4425306023432543,1.1938995084616477,0.0
57,18,0.06691247608097131,2.2630344401438185,1.1938995084616477,0.0
57,19,0.06691247608097131,1.6408476716342904,1.1938995084616477,0.0
57,20,0.06691247608097131,1.6869385114576971,1.1938995084616477,0.0
57,21,0.06691247608097131,0.8645520267796889,1.1938995084616477,0.0
57,22,0.06691247608097131,1.6189219691193213,1.1938995084616477,0.0
57,23,0.06691247608097131,2.210044174743009,1.1938995084616477,0.0
57,24,0.06691247608097131,2.3336017764065553,1.1938995084616477,0.0
57,25,0.06691247608097131,2.5025565895553186,1.1938995084616477,0.0
57,26,0.06691247608097131,1.7658330951204027,1.1938995084616477,0.0
57,27,0.06691247608097131,2.533123844393803,1.1938995084616477,0.0
57,28,0.06691247608097131,2.418568324037575,1.1938995084616477,0.0
57,29,0.06691247608097131,1.2428035742416288,1.1938995084616477,0.0
57,30,0.06691247608097131,2.3940250399565435,1.1938995084616477,0.0
57,31,0.06691247608097131,2.5258353492005163,1.1938995084616477,0.0
57,32,0.06691247608097131,3.0881024471378327,1.1938995084616477,0.0
57,33,0.06691247608097131,3.4393205865532823,1.1938995084616477,0.0
57,34,0.06691247608097131,2.443969866134847,1.1938995084616477,0.0
57,35,0.06691247608097131,2.9354389074666276,1.1938995084616477,0.0
57,36,0.06691247608097131,2.7226014156430614,1.1938995084616477,0.0
57,37,0.06691247608097131,3.0198020525391236,1.1938995084616477,0.0
57,38,0.06691247608097131,2.5569562633660485,1.1938995084616477,0.0
57,39,0.06691247608097131,3.6889645312680197,1.1938995084616477,0.0
57,40,0.06691247608097131,2.726691519030072,1.1938995084616477,0.0
57,41,0.06691247608097131,3.073088873181093,1.1938995084616477,0.0
57,42,0.06691247608097131,3.049387968227854,1.1938995084616477,0.0
57,43,0.06691247608097131,3.0456792086824853,1.1938995084616477,0.0
57,44,0.06691247608097131,3.1812888431020236,1.1938995084616477,0.0
57,45,0.06691247608097131,3.728320599943726,1.1938995084616477,0.0
57,46,0.06691247608097131,3.6329587406528527,1.1938995084616477,0.0
57,47,0.06691247608097131,3.7155408967457455,1.1938995084616477,0.0
57,48,0.06691247608097131,4.066434618212886,1.1938995084616477,0.0
57,49,0.06691247608097131,3.961067873564181,1.1938995084616477,0.0
57,50,0.06691247608097131,4.037468262127224,1.1938995084616477,0.0
57,51,0.06691247608097131,3.8625632831691146,1.1938995084616477,0.0
57,52,0.06691247608097131,3.628396780263658,1.1938995084616477,0.0
57,53,0.06691247608097131,4.146382277643496,1.1938995084616477,0.0
57,54,0.06691247608097131,3.6941745281991354,1.1938995084616477,0.0
57,55,0.06691247608097131,3.8051833905203294,1.1938995084616477,0.0
57,56,0.06691247608097131,4.3505199688785865,1.1938995084616477,0.0
57,57,0.06691247608097131,3.5496112719982724,1.1938995084616477,0.0
57,58,0.06691247608097131,4.301265873380796,1.1938995084616477,0.0
57,59,0.06691247608097131,4.104155039152585,1.1938995084616477,0.0
58,0,0.07346091656096727,-2.3566418030704743,1.0377776221616202,0.0
58,1,0.07346091656096727,-1.8898754294591527,1.0377776221616202,0.0
58,2,0.07346091656096727,-1.897073212095562,1.0377776221616202,0.0
58,3,0.07346091656096727,-0.9709074361340715,1.0377776221616202,0.0
58,4,0.07346091656096727,-1.1729501593826928,1.0377776221616202,0.0
58,5,0.07346091656096727,-1.7423402150100695,1.0377776221616202,0.0
58,6,0.07346091656096727,-1.7597748502599784,1.0377776221616202,0.0
58,7,0.07346091656096727,-1.0281638968236397,1.0377776221616202,0.0
58,8,0.07346091656096727,-1.2082381576208583,1.0377776221616202,0.0
58,9,0.07346091656096727,-1.0206801186038026,1.0377776221616202,0.0
58,10,0.07346091656096727,-1.3458233970158044,1.0377776221616202,0.0
58,11,0.07346091656096727,-0.02510696331769835,1.0377776221616202,0.0
58,12,0.07346091656096727,-1.0989268863533097,1.0377776221616202,0.0
58,13,0.07346091656096727,-1.0152576497535937,1.0377776221616202,0.0
58,14,0.07346091656096727,-0.7638104390505855,1.0377776221616202,0.0
58,15,0.07346091656096727,-0.4049470959980257,1.0377776221616202,0.0
58,16,0.07346091656096727,-0.9724597064603432,1.0377776221616202,0.0
58,17,0.07346091656096727,-1.2877331854243579,1.0377776221616202,0.0
58,18,0.07346091656096727,0.7908068305275806,1.0377776221616202,0.0
58,19,0.07346091656096727,-0.2411367324076722,1.0377776221616202,0.0
58,20,0.07346091656096727,-0.5122165600112043,1.0377776221616202,0.0
58,21,0.07346091656096727,-0.2858428193378571,1.0377776221616202,0.0
58,22,0.07346091656096727,-0.747840752156901,1.0377776221616202,0.0
58,23,0.07346091656096727,-0.6797145569571276,1.0377776221616202,0.0
58,24,0.07346091656096727,-0.21232889562554824,1.0377776221616202,0.0
58,25,0.07346091656096727,0.07723259327935011,1.0377776221616202,0.0
58,26,0.07346091656096727,0.37022303505592624,1.0377776221616202,0.0
58,27,0.07346091656096727,0.3377516575568351,1.0377776221616202,0.0
58,28,0.07346091656096727,0.481991718545956,1.0377776221616202,0.0
58,29,0.07346091656096727,0.17456161095892675,1.0377776221616202,0.0
58,30,0.07346091656096727,0.2221442503396599,1.0377776221616202,0.0
58,31,0.07346091656096727,0.09579998025051534,1.0377776221616202,0.0
58,32,0.07346091656096727,0.2280589394169797,1.0377776221616202,0.0
58,33,0.07346091656096727,0.12747878655647682,1.0377776221616202,0.0
58,34,0.07346091656096727,-0.1312684090389553,1.0377776221616202,0.0
58,35,0.07346091656096727,0.9547412109176052,1.0377776221616202,0.0
58,36,0.07346091656096727,1.5369027591122038,1.0377776221616202,0.0
58,37,0.07346091656096727,1.3510526266112362,1.0377776221616202,0.0
58,38,0.07346091656096727,1.784599937079049,1.0377776221616202,0.0
58,39,0.07346091656096727,1.3550902146278687,1.0377776221616202,0.0
58,40,0.07346091656096727,0.8135987105286189,1.0377776221616202,0.0
58,41,0.07346091656096727,0.6631690949804824,1.0377776221616202,0.0
58,42,0.07346091656096727,1.5359306417105822,1.0377776221616202,0.0
58,43,0.07346091656096727,0.9908898633806089,1.0377776221616202,0.0
58,44,0.07346091656096727,1.379868515804601,1.0377776221616202,0.0
58,45,0.07346091656096727,1.983824850640137,1.0377776221616202,0.0
58,46,0.07346091656096727,2.0834350864346254,1.0377776221616202,0.0
58,47,0.07346091656096727,1.3080157559451973,1.0377776221616202,0.0
58,48,0.07346091656096727,1.741036426732439,1.0377776221616202,0.0
58,49,0.07346091656096727,1.7713144846801794,1.0377776221616202,0.0
58,50,0.07346091656096727,2.268464116150757,1.0377776221616202,0.0
58,51,0.07346091656096727,2.0069175337947542,1.0377776221616202,0.0
58,52,0.07346091656096727,1.771699579341497,1.0377776221616202,0.0
58,53,0.07346091656096727,1.7455840651390888,1.0377776221616202,0.0
58,54,0.07346091656096727,1.9806936399751356,1.0377776221616202,0.0
58,55,0.07346091656096727,2.2242138379871688,1.0377776221616202,0.0
58,56,0.07346091656096727,2.3614690821385462,1.0377776221616202,0.0
58,57,0.07346091656096727,2.6430681977335806,1.0377776221616202,0.0
58,58,0.07346091656096727,2.7393620879892113,1.0377776221616202,0.0
58,59,0.07346091656096727,2.4185725806178167,1.0377776221616202,0.0
59,0,0.05466011575299884,-0.1624036568576765,1.1118052159940857,0.0
59,1,0.05466011575299884,1.0410219578276887,1.1118052159940857,0.0
59,2,0.05466011575299884,0.17309134691912803,1.1118052159940857,0.0
59,3,0.05466011575299884,0.6085394832150341,1.1118052159940857,0.0
59,4,0.05466011575299884,-0.7739351711581872,1.1118052159940857,0.0
59,5,0.05466011575299884,0.5247473036316805,1.1118052159940857,0.0
59,6,0.05466011575299884,0.7264738029675475,1.1118052159940857,0.0
59,7,0.05466011575299884,0.32957702962025426,1.1118052159940857,0.0
59,8,0.05466011575299884,0.2738136535728696,1.1118052159940857,0.0
59,9,0.05466011575299884,0.4324114053228254,1.1118052159940857,0.0
59,10,0.05466011575299884,0.5140678747532814,1.1118052159940857,0.0
59,11,0.05466011575299884,0.8571743290700751,1.1118052159940857,0.0
59,12,0.05466011575299884,0.3473710263221901,1.1118052159940857,0.0
59,13,0.05466011575299884,-0.019166097904912638,1.1118052159940857,0.0
59,14,0.05466011575299884,1.3501001683053862,1.1118052159940857,0.0
59,15,0.05466011575299884,-0.00986532399484652,1.1118052159940857,0.0
59,16,0.05466011575299884,0.9940062453297768,1.1118052159940857,0.0
59,17,0.05466011575299884,1.7747969669084886,1.1118052159940857,0.0
59,18,0.05466011575299884,0.886256812660194,1.1118052159940857,0.0
59,19,0.05466011575299884,1.2695723835117647,1.1118052159940857,0.0
59,20,0.05466011575299884,1.414469327581327,1.1118052159940857,0.0
59,21,0.05466011575299884,1.2549702965051281,1.1118052159940857,0.0
59,22,0.05466011575299884,1.2425275472826516,1.1118052159940857,0.0
59,23,0.05466011575299884,1.514260564868714,1.1118052159940857,0.0
59,24,0.05466011575299884,1.0700602934724643,1.1118052159940857,0.0
59,25,0.05466011575299884,1.304614141102866,1.1118052159940857,0.0
59,26,0.05466011575299884,1.8736842273018581,1.1118052159940857,0.0
59,27,0.05466011575299884,1.179311485663546,1.1118052159940857,0.0
59,28,0.05466011575299884,1.5066714474340694,1.1118052159940857,0.0
59,29,0.05466011575299884,1.6677422511295854,1.1118052159940857,0.0
59,30,0.05466011575299884,1.3924293236934862,1.1118052159940857,0.0
59,31,0.05466011575299884,2.039803513622249,1.1118052159940857,0.0
59,32,0.05466011575299884,1.8959423529497959,1.1118052159940857,0.0
59,33,0.05466011575299884,2.4691075515058394,1.1118052159940857,0.0
59,34,0.05466011575299884,1.2990862300912482,1.1118052159940857,0.0
59,35,0.05466011575299884,2.1676690349682124,1.1118052159940857,0.0
59,36,0.05466011575299884,2.2554556111242428,1.1118052159940857,0.0
59,37,0.05466011575299884,2.4025738826259238,1.1118052159940857,0.0
59,38,0.05466011575299884,2.9124802972736874,1.1118052159940857,0.0
59,39,0.05466011575299884,1.635850333593177,1.1118052159940857,0.0
59,40,0.05466011575299884,2.3386427898535396,1.1118052159940857,0.0
59,41,0.05466011575299884,2.0109313772804187,1.1118052159940857,0.0
59,42,0.05466011575299884,1.741037452740112,1.1118052159940857,0.0
59,43,0.05466011575299884,2.0648501033480473,1.1118052159940857,0.0
59,44,0.05466011575299884,2.5966135727841366,1.1118052159940857,0.0
59,45,0.05466011575299884,3.3272909252087173,1.1118052159940857,0.0
59,46,0.05466011575299884,1.4831127592880469,1.1118052159940857,0.0
59,47,0.05466011575299884,2.3113048572584898,1.1118052159940857,0.0
59,48,0.05466011575299884,2.836380154682345,1.1118052159940857,0.0
59,49,0.05466011575299884,1.4523221058046787,1.1118052159940857,0.0
59,50,0.05466011575299884,1.957775880532424,1.1118052159940857,0.0
59,51,0.05466011575299884,3.2696261081696245,1.1118052159940857,0.0
59,52,0.05466011575299884,2.9758839665846923,1.1118052159940857,0.0
59,53,0.05466011575299884,2.6131299712503204,1.1118052159940857,0.0
59,54,0.05466011575299884,2.287834713494502,1.1118052159940857,0.0
59,55,0.05466011575299884,2.4717637942949064,1.1118052159940857,0.0
59,56,0.05466011575299884,3.7097661466773912,1.1118052159940857,0.0
59,57,0.05466011575299884,2.7460131055817154,1.1118052159940857,0.0
59,58,0.05466011575299884,3.3316517233047325,1.1118052159940857,0.0
59,59,0.05466011575299884,3.296058016429357,1.1118052159940857,0.0
60,0,0.05195194510735579,-0.3797991636230879,1.1130228128196986,0.0
60,1,0.05195194510735579,0.1897935912791479,1.1130228128196986,0.0
60,2,0.05195194510735579,0.006995528275520191,1.1130228128196986,0.0
60,3,0.05195194510735579,0.11209740988717853,1.1130228128196986,0.0
60,4,0.05195194510735579,-0.0975300233657625,1.1130228128196986,0.0
60,5,0.05195194510735579,0.46905865033675254,1.1130228128196986,0.0
60,6,0.05195194510735579,0.0679148840217692,1.1130228128196986,0.0
60,7,0.05195194510735579,0.6415096358256249,1.1130228128196986,0.0
60,8,0.05195194510735579,0.6673267052686024,1.1130228128196986,0.0
60,9,0.05195194510735579,1.1742170400474166,1.1130228128196986,0.0
60,10,0.05195194510735579,1.0839511706405476,1.1130228128196986,0.0
60,11,0.05195194510735579,1.2269079585163896,1.1130228128196986,0.0
60,12,0.05195194510735579,-0.15729956031607484,1.1130228128196986,0.0
60,13,0.05195194510735579,1.0891442008528402,1.1130228128196986,0.0
60,14,0.05195194510735579,1.050199415174334,1.1130228128196986,0.0
60,15,0.05195194510735579,0.6551573796972909,1.1130228128196986,0.0
60,16,0.05195194510735579,1.7157080877315969,1.1130228128196986,0.0
60,17,0.05195194510735579,0.45764236500125566,1.1130228128196986,0.0
60,18,0.05195194510735579,1.298375718184447,1.1130228128196986,0.0
60,19,0.05195194510735579,0.8667748561074786,1.1130228128196986,0.0
60,20,0.05195194510735579,1.326964333975619,1.1130228128196986,0.0
60,21,0.05195194510735579,1.2127987061541494,1.1130228128196986,0.0
60,22,0.05195194510735579,0.7754836672699468,1.1130228128196986,0.0
60,23,0.05195194510735579,1.106567192316689,1.1130228128196986,0.0
60,24,0.05195194510735579,1.5270242450767786,1.1130228128196986,0.0
60,25,0.05195194510735579,1.4637551546456233,1.1130228128196986,0.0
60,26,0.05195194510735579,1.2487492566216691,1.1130228128196986,0.0
60,27,0.05195194510735579,1.5726392323061686,1.1130228128196986,0.0
60,28,0.05195194510735579,1.6538046877669204,1.1130228128196986,0.0
60,29,0.05195194510735579,2.022558436815894,1.1130228128196986,0.0
60,30,0.05195194510735579,1.361708977582485,1.1130228128196986,0.0
60,31,0.05195194510735579,1.9850039604247982,1.1130228128196986,0.0
60,32,0.05195194510735579,1.47148337387831,1.1130228128196986,0.0
60,33,0.05195194510735579,1.6357970630455199,1.1130228128196986,0.0
60,34,0.05195194510735579,1.301623993491233,1.1130228128196986,0.0
60,35,0.05195194510735579,1.8390897714801966,1.1130228128196986,0.0
60,36,0.05195194510735579,2.3891288655484604,1.1130228128196986,0.0
60,37,0.05195194510735579,2.3766949273884954,1.1130228128196986,0.0
60,38,0.05195194510735579,2.7567067054319914,1.1130228128196986,0.0
60,39,0.05195194510735579,2.2751837660310623,1.1130228128196986,0.0
60,40,0.05195194510735579,1.840620366922687,1.1130228128196986,0.0
60,41,0.05195194510735579,1.5322176410852095,1.1130228128196986,0.0
60,42,0.05195194510735579,1.8595932519625555,1.1130228128196986,0.0
60,43,0.05195194510735579,1.3934773683801567,1.1130228128196986,0.0
60,44,0.05195194510735579,1.7892346273937836,1.1130228128196986,0.0
60,45,0.05195194510735579,2.793660973421787,1.1130228128196986,0.0
60,46,0.05195194510735579,2.0426870274708078,1.1130228128196986,0.0
60,47,0.05195194510735579,2.8989156186302245,1.1130228128196986,0.0
60,48,0.05195194510735579,2.396423714215278,1.1130228128196986,0.0
60,49,0.05195194510735579,2.762200327053345,1.1130228128196986,0.0
60,50,0.05195194510735579,2.8386916246625504,1.1130228128196986,0.0
60,51,0.05195194510735579,1.9446800673550726,1.1130228128196986,0.0
60,52,0.05195194510735579,2.820372646543124,1.1130228128196986,0.0
60,53,0.05195194510735579,2.6278863583147434,1.1130228128196986,0.0
60,54,0.05195194510735579,2.6597449676718226,1.1130228128196986,0.0
60,55,0.05195194510735579,3.054783573273128,1.1130228128196986,0.0
60,56,0.05195194510735579,4.0282802674085705,1.1130228128196986,0.0
60,57,0.05195194510735579,3.2316997817875324,1.1130228128196986,0.0
60,58,0.05195194510735579,3.365371100487248,1.1130228128196986,0.0
60,59,0.05195194510735579,3.244692810501404,1.1130228128196986,0.0
