true_tau,propensity_truth,u_hidden_truth,y0_truth,y1_truth
1.0,0.31651688898629377,-0.44610909363841206,1.0862393832386534,2.086239383238653
1.0,0.8825954774003765,1.0997176044068944,2.3324898036049864,3.3324898036049864
1.0,0.2369302245545974,-0.4511880443683479,-0.6453586793882197,0.35464132061178033
1.0,0.13540211828899731,-0.5392776767598305,0.4423031301736625,1.4423031301736624
1.0,0.1770225963130964,0.803046832478207,1.0342757896698567,2.0342757896698567
1.0,0.8629446095659019,0.7588285814725099,1.5873734935450625,2.5873734935450625
1.0,0.12704694147381912,-1.2788640179769641,-3.6735726187509306,-2.6735726187509306
1.0,0.8608015315428121,1.0438908656272115,0.9137439757512058,1.9137439757512058
1.0,0.4243522396813965,0.8585583615047677,2.5980560572948077,3.5980560572948077
1.0,0.4186059832247383,-0.6350832934323567,-0.5428300832393106,0.4571699167606894
1.0,0.23112940603516768,-1.2371069418628666,-0.5692266554502154,0.43077334454978455
1.0,0.5756462937939932,0.728244630861753,2.9145795988176326,3.9145795988176326
1.0,0.32326390133177424,-0.22408005811578724,1.101998954959326,2.101998954959326
1.0,0.15948274804728646,-0.6741774466577093,-0.1302042684199754,0.8697957315800247
1.0,0.18162201500001748,-0.33254443569846315,2.315486955610779,3.315486955610779
1.0,0.15092979856917568,-1.4000726061525315,-0.750046209685147,0.24995379031485299
1.0,0.4412779073196618,0.208016531308596,0.3095327093067691,1.3095327093067692
1.0,0.634680778767368,0.7646178854955296,2.4954930886274527,3.4954930886274527
1.0,0.4855816969637198,0.22004271875071535,-0.029712199678175066,0.9702878003218249
1.0,0.38783934119221297,0.35721168721832297,1.3712981469564829,2.371298146956483
1.0,0.6940177659460747,-0.3743920419027975,-1.0977623806408916,-0.0977623806408916
1.0,0.4688878697207209,0.37066376125780437,-0.9004221705380016,0.09957782946199845
1.0,0.3304472363185253,0.9842724783778033,1.5823572198491314,2.5823572198491314
1.0,0.06948399330652474,-1.350522778217534,-0.8277832190211174,0.1722167809788826
1.0,0.024793943938817804,-1.3308129255157906,-2.4379939304889557,-1.4379939304889557
1.0,0.5211701038204725,0.1442011241317729,0.49891869847448356,1.4989186984744836
1.0,0.46629470752738794,-0.22650845685922616,1.0994070275006025,2.0994070275006025
1.0,0.2770219907463112,-0.9396080318226243,1.0136606075582635,2.0136606075582635
1.0,0.6614665710048195,0.8821429727783686,2.053471963815511,3.053471963815511
1.0,0.20865721355494232,0.3034255371487279,0.13409182099673247,1.1340918209967326
1.0,0.5559674962542998,-0.5404994408168267,-1.424140042478565,-0.42414004247856507
1.0,0.6736300104291368,1.2938567200229052,2.9557564825868528,3.9557564825868528
1.0,0.09835154031595103,-0.9533099462897406,0.5127401725939222,1.5127401725939222
1.0,0.3098436758387206,-1.9751800245442293,-3.434083764352043,-2.434083764352043
1.0,0.06563240318729088,-1.3072798930927274,-2.4463751394360864,-1.4463751394360864
1.0,0.1382939429532941,-0.5603880081300926,-2.0143937426450425,-1.0143937426450425
1.0,0.19016897546295305,0.12300649275156361,1.1226422283617632,2.122642228361763
1.0,0.8491488020962599,0.5247988472612416,1.6213748955268117,2.6213748955268117
1.0,0.2760051467908561,-0.6631581308080419,0.8160206866402929,1.816020686640293
1.0,0.8408110495303875,0.647424149663477,2.6215827243756467,3.6215827243756467
1.0,0.7329905499653417,0.5008950984464381,-0.1058079207352618,0.8941920792647382
1.0,0.07711330303040166,-0.7504752709804994,-1.248225979069379,-0.24822597906937904
1.0,0.8975906335619392,1.763768702719583,5.153709880956036,6.153709880956036
1.0,0.8207118559186045,1.5677958416124533,0.5997765048411721,1.599776504841172
1.0,0.1209394741336046,-0.1219626653994019,0.05572893556553926,1.0557289355655393
1.0,0.8303687992898895,0.828262005998312,2.783202322783244,3.783202322783244
1.0,0.3913986701701892,-0.285481687758857,1.158254271569496,2.158254271569496
1.0,0.5088347479896826,-0.09227566271117657,2.254811897664572,3.254811897664572
1.0,0.5397845311535195,-0.4445863116035092,0.673801928077147,1.673801928077147
1.0,0.46596392298513023,0.333304299782354,1.577360812600464,2.577360812600464
1.0,0.030724162902262042,-1.3369358318937778,-0.8480764205527108,0.15192357944728918
1.0,0.7047232666732115,0.49893605546727543,0.3639275794186523,1.3639275794186523
1.0,0.41901040573104426,0.08656199468613102,0.6381574934114478,1.6381574934114478
1.0,0.679616769257971,0.8661974614107852,3.690862349156032,4.690862349156032
1.0,0.6961839947411924,1.101698143708194,3.207035873568381,4.2070358735683815
1.0,0.39568275770767575,0.2645683829623101,2.8104358324294063,3.8104358324294063
1.0,0.7337033078071348,0.2904552787138388,1.042997106649953,2.042997106649953
1.0,0.18494062344259538,-0.6088230985639446,-0.30631246590034233,0.6936875340996577
1.0,0.05958918167654301,-1.4495049871408294,-1.1277563867028824,-0.12775638670288236
1.0,0.4655829449725089,0.30986958785266244,3.6128099802378624,4.612809980237863
1.0,0.9203865467063055,1.0243996896368746,3.3578388315193495,4.3578388315193495
1.0,0.4202248599702559,0.7278415446021069,1.978827785661188,2.978827785661188
1.0,0.1378096502811256,-0.2930471411364271,1.6220831618178535,2.6220831618178533
1.0,0.15729685921104852,-0.9596682041031456,0.8371610977417827,1.8371610977417827
1.0,0.43117691317294066,-0.09346601271939885,2.3412838370294105,3.3412838370294105
1.0,0.7036375450295939,0.5215076552744826,2.0010906223807168,3.0010906223807168
1.0,0.5373954417861988,-0.26699448464441683,-0.12107784346962436,0.8789221565303756
1.0,0.5756557989061759,0.7033055327399945,1.9813066481722985,2.9813066481722985
1.0,0.8405542571498749,0.4303682836601397,1.2994009142486347,2.2994009142486345
1.0,0.4459357274952745,-1.1716605264918325,2.1640198411827374,3.1640198411827374
1.0,0.04674356184017206,-0.7632525868981987,-1.0198228669024862,-0.019822866902486247
1.0,0.37160598087547714,-0.24285406002038967,-0.33358647000695896,0.666413529993041
1.0,0.9079863173958818,1.8977374311546638,4.893539367849057,5.893539367849057
1.0,0.6273436802419308,0.3566698842021349,1.5718224714305282,2.5718224714305284
1.0,0.8689738337596509,1.0319864994415,3.1487522532511463,4.148752253251146
1.0,0.2972722944317807,-0.6609390005224051,0.6849229273581254,1.6849229273581254
1.0,0.241426718140095,-1.077084785604542,-2.978435565215098,-1.978435565215098
1.0,0.522167409552363,-0.1966952732568066,0.15079602801388647,1.1507960280138865
1.0,0.08888242260956107,0.42041030770459453,-1.2032973500524637,-0.20329735005246374
1.0,0.48602552949036004,0.3781966150517076,1.4991622213078262,2.4991622213078264
1.0,0.8485999913302433,-0.18645894626000126,2.743421425559986,3.743421425559986
1.0,0.7858329000735597,1.265936291067288,2.0025750773971516,3.0025750773971516
1.0,0.5933863861152432,0.5193565199255153,2.081739252376171,3.081739252376171
1.0,0.06892546598358112,-0.663133334088468,-1.1323750227754648,-0.13237502277546476
1.0,0.8969462102125336,2.449428660060769,4.261490958576473,5.261490958576473
1.0,0.5432593113729685,0.7541011624603002,0.31219410061745,1.31219410061745
1.0,0.799287255054343,-0.1772412174103343,1.5366464866836251,2.536646486683625
1.0,0.3628575522198647,0.19609033945468213,0.46473842987379016,1.4647384298737902
1.0,0.24902118288375766,0.1251780809644834,-1.922657224308168,-0.9226572243081681
1.0,0.10972379850484262,-1.8362140302981231,-1.9708992931565612,-0.9708992931565612
1.0,0.5410075590361767,-0.5612788530229526,1.280988520954893,2.2809885209548932
1.0,0.263252974007528,0.5746454285668156,0.7400704509458991,1.740070450945899
1.0,0.5392220538439919,0.3649789708703838,-0.39494724418502625,0.6050527558149738
1.0,0.44354000622462686,0.6278236310815059,1.4191953204812646,2.419195320481265
1.0,0.7534393300936172,0.29558657375460995,-0.9539142895112733,0.04608571048872667
1.0,0.8733584377919961,2.175036712090573,4.267565405872428,5.267565405872428
1.0,0.4483897407927111,-0.261742398942238,0.17176440131733411,1.171764401317334
1.0,0.025638414915196577,-0.26277824999977495,1.1145059099860317,2.1145059099860317
1.0,0.15266873822142094,-0.2715160390340514,1.3855441645363,2.3855441645363
1.0,0.42536932387081616,-0.44672639554346166,1.5390835544224633,2.5390835544224633
1.0,0.9545825264820283,3.0094887584528083,4.641739781555419,5.641739781555419
1.0,0.4513313184734968,-0.20310798216421203,0.5734067506648495,1.5734067506648495
1.0,0.6320701665344185,0.005535218455139108,0.05413834887333646,1.0541383488733365
1.0,0.9046253422242163,1.287978661766265,4.720645798867522,5.720645798867522
1.0,0.16948066224693667,-0.4730186370597869,-0.049335716791595874,0.9506642832084041
1.0,0.8501627728087215,1.8828054076019394,0.821109349927426,1.821109349927426
1.0,0.8558049245913164,0.4192592139102104,2.3053575767290693,3.3053575767290693
1.0,0.1521748591451653,-0.345764172179291,0.9056436129899857,1.9056436129899859
1.0,0.6213817128595952,0.4864572672789186,1.8506751308742677,2.8506751308742677
1.0,0.788052416999323,0.23313562086752285,1.7960391927410781,2.796039192741078
1.0,0.6040411976840421,0.7235337758980642,2.799941521266776,3.799941521266776
1.0,0.08494858271021558,-0.5891155649259338,0.6405113069136956,1.6405113069136956
1.0,0.0904721723243082,-0.3388164180629707,-0.5313941464312923,0.46860585356870765
1.0,0.8886463602195994,2.0735707268921146,3.9669775090215045,4.966977509021504
1.0,0.4342288357487433,0.4759497244109634,2.948633787311389,3.948633787311389
1.0,0.10956937779771547,-0.574587182727239,0.4384095293929241,1.4384095293929242
1.0,0.6348946190263917,-0.28814686303358056,0.11115716809788145,1.1111571680978813
1.0,0.31099203103871664,0.5119843471730667,0.554921290272294,1.554921290272294
1.0,0.040545914770353374,-0.740090600026556,0.16905256604278196,1.169052566042782
1.0,0.665637195223477,0.7328019713100924,1.0060475747834365,2.0060475747834365
1.0,0.43106470480971765,0.30714120486048113,1.3020036438451623,2.302003643845162
1.0,0.14253396813454625,-1.630458599130851,-2.224780866423866,-1.224780866423866
1.0,0.10472416964395645,-0.757599024688183,-1.5157914455299735,-0.5157914455299735
1.0,0.3266276479529378,0.010888793518189442,-0.3744365036059451,0.6255634963940548
1.0,0.25263149763514525,-0.3745164235687219,0.8719461573839512,1.871946157383951
1.0,0.2842392393646941,0.10044369759858732,0.8521023338813976,1.8521023338813976
1.0,0.2914548223299689,-1.1287260605293639,-0.45787109545505605,0.542128904544944
1.0,0.030617456080525053,-0.7157589898987994,-0.0161757362546725,0.9838242637453275
1.0,0.7981352080439658,0.9314684062010778,1.8174219213304759,2.817421921330476
1.0,0.2934182558987059,-0.47101161352656995,-1.7573886084514243,-0.7573886084514243
1.0,0.3963330250664307,-1.0490566229210783,-0.9836834728010111,0.016316527198988906
1.0,0.5875631325586576,-0.6686653996248872,0.5131117323749492,1.5131117323749492
1.0,0.17700953770381683,-0.015675022007470837,2.731048734646528,3.731048734646528
1.0,0.396153652994471,0.1072566269151461,2.0593015455181995,3.0593015455181995
1.0,0.5210219066720464,-0.10617447871880135,1.180836648701598,2.180836648701598
1.0,0.2819222646301568,-0.43712719166744834,-1.4819526840940365,-0.48195268409403647
1.0,0.5716739249922015,0.555812002542316,2.8909913717038997,3.8909913717038997
1.0,0.5468399346476355,0.5248822876561704,2.1552846124126575,3.1552846124126575
1.0,0.13659834978106963,-1.3714330718701477,-1.421498476944216,-0.42149847694421605
1.0,0.9727634837174998,2.38067973666756,4.922143348791763,5.922143348791763
1.0,0.8533622799037808,1.0506153372581999,2.232081193959559,3.232081193959559
1.0,0.45399166917503253,0.003237508346390027,-0.14989416740172085,0.8501058325982791
1.0,0.22970136603757127,0.29475769382739697,-0.3251587294030116,0.6748412705969884
1.0,0.5393406640245924,0.1772021337020914,3.117429146988404,4.117429146988404
1.0,0.9098395670349285,1.190466254180977,4.359908752586178,5.359908752586178
1.0,0.11171205980828879,-0.23861745758079164,-0.3745717307521975,0.6254282692478025
1.0,0.3231634413291915,-0.565211556099573,0.23198353089050233,1.2319835308905023
1.0,0.23764791035047353,0.003687373305170386,-0.7301875336917123,0.2698124663082877
1.0,0.08717849215366467,-1.480046309510839,-0.9275365318103609,0.07246346818963911
1.0,0.009287897862893775,-3.295769194192261,-4.922503624781994,-3.922503624781994
1.0,0.07952392374369295,-0.05512268954142476,1.0063409468515685,2.0063409468515685
1.0,0.5661961263452655,0.8293000838666608,2.006251308203672,3.006251308203672
1.0,0.09075496583789,-1.9438589406389535,0.6401371675392991,1.640137167539299
1.0,0.13459048786026193,-0.9678758474170038,0.5963638903290344,1.5963638903290343
1.0,0.22010661928536063,-0.7274369973014376,0.48384932416038073,1.4838493241603807
1.0,0.5314819161702204,0.4269048357743249,2.8946035431173724,3.8946035431173724
1.0,0.8184091238649864,1.0146473500620632,2.614264316031612,3.614264316031612
1.0,0.7639933258861135,0.4055433022502058,3.5495119485606716,4.549511948560672
1.0,0.08729291352636752,-0.1619511086012727,0.08032089496714906,1.080320894967149
1.0,0.9045947879307098,0.2519766635856179,2.5041408311161706,3.5041408311161706
1.0,0.5591240468691214,0.857549559279733,4.639466096934585,5.639466096934585
1.0,0.37588989843677,0.5044433925064618,0.37305746816323737,1.3730574681632373
1.0,0.1710029446649387,-0.4989509885305357,-2.254166762449154,-1.2541667624491541
1.0,0.15087140145972702,-1.6685027908580217,-1.4231504763855902,-0.4231504763855902
1.0,0.9394317627410456,1.8573006330678825,3.3434387081046504,4.34343870810465
1.0,0.10122156485815015,-2.0999653027275356,-1.1120839589375997,-0.1120839589375997
1.0,0.8841193544454118,1.7090868412413174,3.4883522064824923,4.488352206482492
1.0,0.17054960224324822,0.005425894966559065,-1.0370279577177073,-0.03702795771770728
1.0,0.5485595510500525,0.6264461826966479,-0.6176488449468862,0.3823511550531138
1.0,0.25608168289357525,0.4812577322870521,1.6834249450786496,2.6834249450786496
1.0,0.3568617392422813,0.3394715760932826,1.2696242931497683,2.2696242931497683
1.0,0.764281937328718,0.5400753296848145,2.6164851444774335,3.6164851444774335
1.0,0.05430924677724539,-0.7090471759610352,-1.0106698484646315,-0.010669848464631482
1.0,0.8486926161873879,0.4377082452385494,6.578523606990192,7.578523606990192
1.0,0.15873835162635175,-1.7366232189020048,-0.5794651651309967,0.42053483486900334
1.0,0.47337264646419513,1.0358339154365532,2.0983079078289744,3.0983079078289744
1.0,0.11005297911183728,-1.7547075483340382,-0.7712819225787626,0.2287180774212374
1.0,0.3858135652480428,-0.7353576735404564,-0.07725810020612012,0.9227418997938799
1.0,0.37091373232011776,0.6081898395577666,2.7279620417874195,3.7279620417874195
1.0,0.8282190291438367,1.6877659287301443,5.033364394213297,6.033364394213297
1.0,0.6220312714658153,0.5757653034748683,0.16866215056894496,1.168662150568945
1.0,0.05436446903002265,-2.139949010799472,-2.814582164648029,-1.8145821646480291
1.0,0.5491987898952607,0.27264663370002173,0.14039925004677012,1.1403992500467701
1.0,0.29709257895205726,-0.5738770373806943,-0.19564218482634732,0.8043578151736527
1.0,0.4990514550312201,0.058575376546453006,0.7410163397944607,1.7410163397944607
1.0,0.9364950913890953,1.8181025925259038,4.550480040879415,5.550480040879415
1.0,0.6070762659513365,0.41949638997654026,4.8565339876896,5.8565339876896
1.0,0.44120654364396356,-0.2504941920991807,0.7200690746373926,1.7200690746373926
1.0,0.0475546579822205,-1.563680126159669,-1.9111866372766917,-0.9111866372766917
1.0,0.08919123669111897,-1.32685486064576,-0.014300230499082467,0.9856997695009175
1.0,0.7639960592509054,-0.15257842010717543,1.3840750878185057,2.3840750878185055
1.0,0.9168751100710207,0.5436216895866512,2.5549227822788287,3.5549227822788287
1.0,0.5630957699690992,0.1303447650750499,1.0933392692751913,2.0933392692751913
1.0,0.08385323504130988,-0.9024050999998776,-1.4220568852497488,-0.4220568852497488
1.0,0.7012902297264961,0.8209434215810474,1.8239205014231221,2.823920501423122
1.0,0.24842569233522308,-1.028293295508162,-2.1473999833095814,-1.1473999833095814
1.0,0.09697772843968555,-0.17258381794915953,-0.11152588523392548,0.8884741147660745
1.0,0.7900353314923285,1.314777095409373,2.1243893458901315,3.1243893458901315
1.0,0.14299619877338915,-0.9169505149586036,-0.7696943377141915,0.2303056622858085
1.0,0.5110403665789768,-0.23824744894690036,0.40516648012192424,1.4051664801219244
1.0,0.415847038738542,0.39327004571271085,2.022601444817835,3.022601444817835
1.0,0.2943305601711803,-2.072048032123879,-1.9073409459759805,-0.9073409459759805
1.0,0.09681054453187476,0.13195248019247469,2.254037063282198,3.254037063282198
1.0,0.41972668487632814,0.1775884530773554,4.424812136125199,5.424812136125199
1.0,0.10637484339836527,-1.791203840165162,-0.8165151194574135,0.1834848805425865
1.0,0.6362840574733645,0.24554239742535489,0.16856883700837488,1.1685688370083749
1.0,0.07569604245798943,-1.7364027903948411,-1.574466530331978,-0.574466530331978
1.0,0.6431540346833661,1.471567807763974,3.798533544367822,4.798533544367822
1.0,0.4643432390933817,0.10171846157116013,1.1986756647814794,2.1986756647814794
1.0,0.06845695621580017,-1.2450425351962024,-1.0116662240544352,-0.011666224054435181
1.0,0.09713225976598007,-2.005858499890274,-1.1238981006613902,-0.12389810066139018
1.0,0.8387760590484094,1.849443355745232,4.717813521934964,5.717813521934964
1.0,0.5151335497787233,0.05944726880482267,0.28196214664707153,1.2819621466470714
1.0,0.9493205500964442,1.7426448008910755,4.329907780442393,5.329907780442393
1.0,0.027573747207693212,-1.6666988353917676,-1.9366470756429761,-0.9366470756429761
1.0,0.6773233778221716,0.3014482034930254,0.589718504474196,1.5897185044741962
1.0,0.40894245175748156,0.5157173390196801,2.8185307770673047,3.8185307770673047
1.0,0.3232188924716127,-0.30138407227240854,0.24254425561266768,1.2425442556126676
1.0,0.06563780567033142,-1.2973293815806322,-3.037456636610819,-2.037456636610819
1.0,0.45225181738990544,0.0859896367712426,2.1901414375766275,3.1901414375766275
1.0,0.3527361432414282,-0.30105641374673253,2.4526897982916056,3.4526897982916056
1.0,0.965118778910653,1.2490773526576917,2.6105317497593057,3.6105317497593057
1.0,0.045891168784181716,-0.41762104172668485,-1.2466442070491515,-0.24664420704915146
1.0,0.48201069038575894,-0.054130466283286126,2.479915554086379,3.479915554086379
1.0,0.6072319990165564,0.1249490958302553,0.9443141914984061,1.9443141914984061
1.0,0.9318134270837228,1.4949516546339652,3.6494333230522527,4.649433323052253
1.0,0.9381632166620115,0.6314712225071203,1.8937472007572005,2.8937472007572005
1.0,0.31304852773083636,0.6983479095467395,0.7843191032735307,1.7843191032735306
1.0,0.06344385613917321,-1.2728916084166693,-0.6449225996424157,0.3550774003575843
1.0,0.9384356752649036,2.0559055905943455,5.47282276287887,6.47282276287887
1.0,0.12658684297816886,-1.3556667559793858,2.9641103924084478,3.9641103924084478
1.0,0.3521040326973637,0.1208540919483671,0.36618993322320403,1.366189933223204
1.0,0.41390966859394784,-1.3446790363066157,-2.041649631983104,-1.0416496319831041
1.0,0.6252023732806212,1.0429636667242308,2.721061665775079,3.721061665775079
1.0,0.19472229921770956,-0.8421379632524777,-0.7809940971191105,0.2190059028808895
1.0,0.14894613661210376,-1.5313876451168507,-1.302574266568736,-0.3025742665687361
1.0,0.46508438952379805,-0.37525414841770927,1.1088068576371495,2.1088068576371493
1.0,0.6324389452756903,0.639054735888392,1.3391413853791172,2.339141385379117
1.0,0.9280767594653233,0.5990688494686218,1.9577240282391906,2.9577240282391903
1.0,0.09370055730762862,-2.179925611730165,-2.754332976043644,-1.754332976043644
1.0,0.017985355741670213,-1.6927670105391974,-0.8209404273735466,0.17905957262645344
1.0,0.7739622371533966,0.03858204612379669,2.5448635289101036,3.5448635289101036
1.0,0.6458917014136119,1.4275822468284471,2.7137560714103754,3.7137560714103754
1.0,0.7136780127912133,0.6794961314045439,-0.09107672385163035,0.9089232761483697
1.0,0.11411419562757215,-1.3148348214749774,-2.0906651386596353,-1.0906651386596353
1.0,0.0919627921649357,-1.7312465951390232,-2.7733293903919884,-1.7733293903919884
1.0,0.15624887581308486,-0.6493779679934701,1.361632231482119,2.361632231482119
1.0,0.13962725088618874,-0.9471740940076441,-2.510464691099206,-1.5104646910992061
1.0,0.7865037292853303,0.9862803340962336,2.967475730932716,3.967475730932716
1.0,0.4758704772948432,0.5639150084339732,2.1840037903879113,3.1840037903879113
1.0,0.050688757592578,-1.6171741406963873,1.474271422834999,2.474271422834999
1.0,0.5643968094477885,-0.25906561568193454,2.2581257475466905,3.2581257475466905
1.0,0.3858753211792828,-0.5023130998400196,-1.2601000517846175,-0.2601000517846175
1.0,0.1555433105788657,-0.6170730187725066,-0.165187244320405,0.834812755679595
1.0,0.8911342328852024,1.1494427696347118,4.00112364083629,5.00112364083629
1.0,0.7566919271149731,0.3069354343462563,3.1611369552929913,4.161136955292991
1.0,0.8978077544603621,1.052156147643991,2.4151316472429443,3.4151316472429443
1.0,0.314709297269075,-0.262988146151087,0.6057063888016053,1.6057063888016052
1.0,0.8409806124265585,1.4400379475671687,3.6754453119443378,4.675445311944338
1.0,0.0869749995884326,-2.4205064694237435,-1.5853349260956051,-0.5853349260956051
1.0,0.20305778766411686,-1.3334007893998712,-0.24516915615850599,0.754830843841494
1.0,0.1102978657756823,-0.828256450173097,0.661599123863411,1.661599123863411
1.0,0.168559509943878,-0.6763658123680397,1.1715405798853384,2.171540579885338
1.0,0.1170651295254937,-0.3958495626605305,1.3027722706683793,2.3027722706683793
1.0,0.28627755924693293,0.47622403243076283,1.9125240073386025,2.9125240073386025
1.0,0.35921607846919745,0.2977296676943902,3.4357987590549586,4.435798759054959
1.0,0.8846514078825811,0.8845996816247788,1.3238912757657715,2.3238912757657717
1.0,0.17444140348540682,-0.2298246668321777,1.6319122105019486,2.6319122105019486
1.0,0.10401236865618974,-0.5711630024525328,-0.06980057422932165,0.9301994257706784
1.0,0.2997363334161136,-0.9509753453197077,-0.4674606119880883,0.5325393880119117
1.0,0.7448816358535686,0.7314020949330493,1.1419331916676034,2.1419331916676034
1.0,0.545168210973969,0.9063263915479653,3.6648179286192657,4.664817928619266
1.0,0.5506649510375702,0.8198972996992595,2.41350750089072,3.41350750089072
1.0,0.10271859058974792,-1.5312499756204785,-0.9240673283093769,0.07593267169062312
1.0,0.6918690218279175,0.2973887147365258,0.11092936681421484,1.1109293668142148
1.0,0.6315327201804568,0.44472007056615126,1.3995250965410189,2.399525096541019
1.0,0.8343874926729099,0.6513028425590106,2.198330285724412,3.198330285724412
1.0,0.1603812054537637,-0.28210594784202647,-0.30812153746839044,0.6918784625316096
1.0,0.5540032346895494,1.2240401581886706,3.3608590663530684,4.360859066353068
1.0,0.7670030823040869,0.7099939327679897,3.6320525832601636,4.632052583260164
1.0,0.17778362001489456,0.1729699698011645,-1.3787041546132448,-0.3787041546132448
1.0,0.3869467354693724,-0.8147889061881632,-0.5229297728714781,0.4770702271285219
1.0,0.016094795629549845,-2.866814814997522,-3.686926680922339,-2.686926680922339
1.0,0.9696988219261156,1.2151965512682306,3.941572546915031,4.941572546915031
1.0,0.3611277322301992,-0.059770209480898825,0.27535741154377735,1.2753574115437774
1.0,0.5456401271894246,0.424811438650451,0.7705962997945182,1.7705962997945182
1.0,0.3232470675116725,0.48912362805977,-0.2511659582504049,0.7488340417495951
1.0,0.6834436233739611,0.02162448454350506,1.6254321217696237,2.6254321217696237
1.0,0.7999176041491138,0.2739726159997033,0.07457569454118607,1.0745756945411862
1.0,0.22660592046720412,-0.6536562399986896,0.8259562078418801,1.82595620784188
1.0,0.9438856434327848,1.3783181831558955,1.5799686464782703,2.57996864647827
1.0,0.8804915175334099,1.9055218756635575,5.45814147880181,6.45814147880181
1.0,0.8894905177416134,0.843610999024978,2.133680213727152,3.133680213727152
1.0,0.1207100102277441,-0.7134314538365227,-1.2489530009001597,-0.2489530009001597
1.0,0.09646064018523967,-2.0226161892458046,-2.0179269717012174,-1.0179269717012174
1.0,0.7921881251119842,1.182975014118483,3.85918220010246,4.85918220010246
1.0,0.07427760247345701,-0.3661962431716029,2.0809364046258985,3.0809364046258985
1.0,0.17179039567378926,-1.0917067953901458,-0.9729399796754957,0.027060020324504275
1.0,0.601993602111741,0.15883282235893761,3.905675500786239,4.90567550078624
1.0,0.5581213240991925,1.009972019580762,2.5380626075712502,3.5380626075712502
1.0,0.5248895128009453,0.46592525336513785,0.7939701224053752,1.7939701224053752
1.0,0.7043492178783012,0.5253422964902486,1.1392225862140375,2.1392225862140375
1.0,0.773999152082635,1.944520693185818,2.2691905638781753,3.2691905638781753
1.0,0.44482236220651994,0.11558312600777419,-0.7838362925262481,0.2161637074737519
1.0,0.5297430774770586,-0.0674608419504072,-0.0026435701353624275,0.9973564298646376
1.0,0.37687918109883806,0.45149052305330317,1.197331344180517,2.197331344180517
1.0,0.2809541702228207,-0.4495212366654997,1.6818804177221818,2.6818804177221818
1.0,0.6120048110902885,0.5275041413885442,1.003407074982924,2.003407074982924
1.0,0.9628302282759301,2.1252060761592957,6.140032095672435,7.140032095672435
1.0,0.16033230755482575,0.22619200323001723,1.7550978670909734,2.7550978670909734
1.0,0.4219202712645176,0.41219048852101275,3.219936380263089,4.219936380263089
1.0,0.12337203565164488,-0.8949384615506062,0.3851603595938229,1.3851603595938229
1.0,0.3671861315395909,-1.2836666208536753,-1.2059246354201907,-0.20592463542019068
1.0,0.706696230541706,0.7899751364311423,2.4366053906462697,3.4366053906462697
1.0,0.28720702970056616,-1.811014623527128,-1.600406206838266,-0.6004062068382661
1.0,0.9062811956869551,0.9150922995590872,2.6680836564125507,3.6680836564125507
1.0,0.6195259832496869,0.2896205812348718,1.37732594948815,2.3773259494881502
1.0,0.538071378970332,1.0795980335327193,1.8931664521884244,2.8931664521884244
1.0,0.03956935872100611,-2.008939039640208,-4.366321627437557,-3.366321627437557
1.0,0.511295955360019,0.8305591227567983,0.770828783278134,1.770828783278134
1.0,0.5944707535420966,1.3493851130297434,3.021461064076106,4.021461064076107
1.0,0.3109205071854312,-0.3183170113843643,0.4202893448751906,1.4202893448751905
1.0,0.4309127496364088,-0.3892037110614137,2.813169651890883,3.813169651890883
1.0,0.08513280629310488,-0.6451265449672473,0.8890653724796221,1.8890653724796223
1.0,0.8800226061029222,0.9069471215123427,2.3257302457144657,3.3257302457144657
1.0,0.9818906185952777,2.4831385475723877,5.665994262018535,6.665994262018535
1.0,0.22259328119479985,-0.06913984701608586,1.0626205703713572,2.062620570371357
1.0,0.3747165537663494,0.7993812931236206,3.308350125643863,4.308350125643863
1.0,0.5255877958145164,-0.246101663012646,0.047281606178803726,1.0472816061788037
1.0,0.19189098577799396,-1.0754415631949554,-0.494091361504166,0.505908638495834
1.0,0.24054884777081817,-0.05256086957483282,1.6323511651104678,2.632351165110468
1.0,0.28437287193030514,-0.6714430215259178,-2.189546975102451,-1.1895469751024512
1.0,0.4381788596437198,-0.5281216509270472,0.6934276867032668,1.693427686703267
1.0,0.2605512025590584,-0.8803474881974191,-0.019410721395786534,0.9805892786042134
1.0,0.617899442578063,0.48960595168844356,0.26287652405385975,1.2628765240538598
1.0,0.9016432453579193,0.8048507411373975,1.8676197602504283,2.8676197602504283
1.0,0.41931558290243515,-0.2540739315598322,1.1590473927385725,2.1590473927385725
1.0,0.9775339905620999,2.668933101262649,6.022001713483861,7.022001713483861
1.0,0.3048923212019108,-0.8646929265948798,-0.5008933514105288,0.4991066485894712
1.0,0.14647409683517082,-1.8065891083676213,0.16709641686812748,1.1670964168681275
1.0,0.14637762244993277,-0.34880548605620176,0.20296492720479087,1.2029649272047909
1.0,0.25165678799427255,-0.3069546791103423,0.8632434842345253,1.8632434842345253
1.0,0.0863928030113495,-1.1679801815819377,0.5648182624672708,1.5648182624672708
1.0,0.9035520663065705,1.7690303715526579,4.431131531227888,5.431131531227888
1.0,0.7715974882896236,0.4012591823201107,4.652624084263433,5.652624084263433
1.0,0.8645508668666335,0.9117491354722477,0.704906881644416,1.704906881644416
1.0,0.15279352009926409,-1.6883193853632665,-1.0975041706518116,-0.0975041706518116
1.0,0.8909343650701228,1.6824196087937826,4.705865245022256,5.705865245022256
1.0,0.04081063426407109,-1.5604419939743637,-2.378122296659726,-1.378122296659726
1.0,0.8757929549267502,0.5475510416986684,1.7598400744632623,2.7598400744632623
1.0,0.21777532951965922,-0.9336534218597522,0.38761862542767644,1.3876186254276766
1.0,0.46563206359170717,0.4732241815255302,2.731335240771204,3.731335240771204
1.0,0.6895406474462963,0.14800128963849005,1.5517985561399417,2.551798556139942
1.0,0.6462848262506972,1.301616387199774,5.570371447020124,6.570371447020124
1.0,0.3258290463981268,-0.19537034397209865,0.5034726759030212,1.5034726759030212
1.0,0.5045913953271853,-0.7019963762942784,-1.7688120459441974,-0.7688120459441974
1.0,0.7009574666306805,-0.23472790112934053,0.4799783423504085,1.4799783423504085
1.0,0.28748736013744547,-1.074380409120556,-0.7985308916386805,0.20146910836131948
1.0,0.8155697676140652,0.9792268979250959,1.7733362060020839,2.773336206002084
1.0,0.1365786282011875,-0.0534228288420767,-0.40830830847851496,0.591691691521485
1.0,0.6444952837669686,0.661174004699082,0.9905204773712417,1.9905204773712417
1.0,0.7967606305297631,1.2378363308117484,3.1240817474160103,4.12408174741601
1.0,0.09532139900524099,-1.2887191126229451,-3.452422508245673,-2.452422508245673
1.0,0.74237784737606,0.7157343441799497,2.609890454919428,3.609890454919428
1.0,0.2865470674432036,-0.6714145902721133,0.3269212718183178,1.3269212718183179
1.0,0.5817096645156743,-0.37989922198463016,-0.7656349515879675,0.23436504841203254
1.0,0.5561975612183341,0.05453097343505886,1.6828273645343286,2.6828273645343286
1.0,0.22977441325265216,-1.068012657470881,-0.27788721380177295,0.722112786198227
1.0,0.06248710257983732,-1.5412377444859644,-3.8533760232584098,-2.8533760232584098
1.0,0.3393449842948692,-0.1570086007756517,0.9249497319286742,1.9249497319286744
1.0,0.5697156554018149,-0.06945505557389778,0.3859611839213426,1.3859611839213426
1.0,0.8001042459308914,0.999619449082372,2.3127084340320265,3.3127084340320265
1.0,0.7876663179539095,-0.4471603924564508,0.7499509897228472,1.7499509897228473
1.0,0.4074735845195098,-1.0277764811792451,-0.35735358754806557,0.6426464124519344
1.0,0.458681717632885,-0.02368008831103921,0.33987718043511,1.33987718043511
1.0,0.162625764329509,-0.9985285617946933,-1.6904713800090947,-0.6904713800090947
1.0,0.44263167008547755,1.2555253627542633,1.9481246267120045,2.9481246267120045
1.0,0.4916844362044551,-0.14896070314678722,0.7060050151002654,1.7060050151002653
1.0,0.545188827816611,0.5253012898351096,1.6386465877185779,2.638646587718578
1.0,0.20035631379477292,-0.5569172266202277,-1.1100449956943748,-0.11004499569437476
1.0,0.1375571680822029,0.22710584185868357,1.662662492206961,2.662662492206961
1.0,0.6055345674345547,0.3068197316126485,2.403896139778049,3.403896139778049
1.0,0.49246523571303646,-0.002471586822860344,0.6516438508676854,1.6516438508676854
1.0,0.4179097259203444,0.7101332447001336,1.6181167492521984,2.6181167492521986
1.0,0.13986266266617656,0.11712768504907434,0.7669293657224676,1.7669293657224676
1.0,0.7031557968667218,0.045329801535483105,1.1134873685799795,2.1134873685799795
1.0,0.45981588447989535,0.3861831522675975,2.998506620644966,3.998506620644966
1.0,0.25526167140157624,-1.1770290635937404,1.9194498041318824,2.919449804131882
1.0,0.9315050328049225,0.9953610582893823,4.209111169195253,5.209111169195253
1.0,0.3240460579642155,-0.5528466023309059,0.6400453566099018,1.6400453566099018
1.0,0.6148290119114327,0.33457855223085153,1.4018798669216035,2.4018798669216035
1.0,0.2837182808565354,0.7721243689464484,2.1817057429594833,3.1817057429594833
1.0,0.8486277785870231,1.3806144844543198,3.8162355272285478,4.816235527228548
1.0,0.6744062040145847,0.29179738461337074,1.9133899145477824,2.9133899145477824
1.0,0.8133249473646545,0.9458077320379338,1.7964469608671365,2.7964469608671365
1.0,0.09250705574620063,-0.30587664286731764,0.8938615165779766,1.8938615165779766
1.0,0.7035215859704517,0.240200898970488,1.480248542669256,2.4802485426692558
1.0,0.7368497407228979,0.2980423497754671,1.6030895797238933,2.6030895797238935
1.0,0.8897578303856626,1.3135591885622515,-0.216502152351572,0.783497847648428
1.0,0.745201184546212,1.018600526247928,2.9741347796548148,3.9741347796548148
1.0,0.5245072959292996,1.4192895395959135,1.4269325484084756,2.426932548408476
1.0,0.5384623198067279,0.21063409716708162,1.5780460190138628,2.578046019013863
1.0,0.0330631180570864,-2.4832777194812863,-3.1095826780676012,-2.1095826780676012
1.0,0.02119667083719463,-2.1148609733260675,-2.4737526367713834,-1.4737526367713834
1.0,0.3937531711709895,-1.0449417562085233,0.48292421778191397,1.482924217781914
1.0,0.8123530079295308,0.14004202099097837,2.8899582748463457,3.8899582748463457
1.0,0.15706141734772117,-1.818866531544562,0.13495398289770955,1.1349539828977095
1.0,0.5949450141767749,0.3683120773087686,-0.12266429292521108,0.8773357070747889
1.0,0.6940461669533592,1.500210770766816,0.9992236876696703,1.9992236876696703
1.0,0.1763275163758548,-0.8989444111355673,-0.49223599643928,0.50776400356072
1.0,0.27511631002672504,-0.7540260968829544,1.2796045507402671,2.279604550740267
1.0,0.24469267335507783,0.008055571400760667,2.391528588922717,3.391528588922717
1.0,0.2713844862473769,-0.35378368085643574,0.9749881115612309,1.9749881115612309
1.0,0.5667030358864271,0.2774817527274101,2.259605616932776,3.259605616932776
1.0,0.731166525413891,1.259613103916545,2.058875686067121,3.058875686067121
1.0,0.20448472043109323,-0.9872041300083665,0.8370349589788544,1.8370349589788544
1.0,0.8978913160463934,1.2292452647262107,1.6677867023872952,2.6677867023872954
1.0,0.720618064804299,1.328718726285952,1.1217986028711755,2.1217986028711753
1.0,0.10490850402539793,-0.02969406903927756,1.4001778630899426,2.400177863089943
1.0,0.9635088080295795,1.4052722375583968,4.034942445056559,5.034942445056559
1.0,0.18914633584823398,-1.4843558299991795,1.283394511521162,2.283394511521162
1.0,0.17229437216487714,0.3694100593483034,1.8462614070883916,2.8462614070883916
1.0,0.07493370086478453,-1.3627639767956186,-1.223023705098901,-0.22302370509890102
1.0,0.15629705827706877,-0.21483980420133672,-0.956678805777287,0.043321194222712966
1.0,0.14001645871805096,-0.21905395662504534,1.3490758287496225,2.3490758287496227
1.0,0.5691058641041691,0.4631023903562684,0.7282685772356192,1.7282685772356192
1.0,0.639837690505193,0.9026940706736526,2.9713079716643382,3.9713079716643382
1.0,0.2857122940191714,-0.3237122237001017,0.6446692152824074,1.6446692152824074
1.0,0.25854422799301974,0.429120072894623,1.4150702276332163,2.4150702276332163
1.0,0.403402454962232,-0.02627700120157346,0.2841943128818166,1.2841943128818167
1.0,0.20525930495791683,0.5672373574326026,1.117937701833155,2.117937701833155
1.0,0.4038658208455228,0.10287482676670878,0.3998329014235895,1.3998329014235895
1.0,0.38675939475322507,0.01646933230144844,1.4871219720765876,2.4871219720765874
1.0,0.940052891818651,2.388904890114003,5.89886384933488,6.89886384933488
1.0,0.5982359302360136,-0.5127805798882004,0.6602884810381987,1.6602884810381986
1.0,0.6747660584370175,0.14166180403798698,1.081275135564036,2.081275135564036
1.0,0.038768971195863595,-1.3978615082689068,0.9204395574724327,1.9204395574724327
1.0,0.8277942771920049,-0.15723596389732866,0.9914372944431822,1.9914372944431822
1.0,0.020046181085885375,-1.8237350487486623,-1.422942159925881,-0.4229421599258809
1.0,0.6655644869664891,2.346438132042067,3.404951400299113,4.4049514002991135
1.0,0.5883188066309946,1.2178514441125428,2.9582446074452613,3.9582446074452613
1.0,0.05590697109945153,-1.7296991456349646,0.5932824211416918,1.5932824211416918
1.0,0.8642572240005378,0.7827566792937086,1.9640549044589197,2.9640549044589197
1.0,0.583783490713329,0.8953877284147426,3.174517048619078,4.174517048619078
1.0,0.044987539632363606,-0.8813378755014273,-0.45668358892284344,0.5433164110771566
1.0,0.8257877038070475,0.8296410805530546,2.5971968031048447,3.5971968031048447
1.0,0.28224420065097877,-0.5303566441237754,0.4883891194045775,1.4883891194045775
1.0,0.12116481033076346,-0.8559873665580333,-1.0453622836744454,-0.04536228367444539
1.0,0.2964071290837567,-0.6296630124319319,-0.23448960485211323,0.7655103951478868
1.0,0.8374089918767902,1.7904301706587638,3.867448890572604,4.867448890572604
1.0,0.2288093915187155,0.38520817753997827,-1.3711013984957754,-0.3711013984957754
1.0,0.843886835251445,1.3051184859717508,3.2339537726273226,4.233953772627323
1.0,0.575737417421362,0.7974644497998719,2.4716318913655386,3.4716318913655386
1.0,0.1679735780389138,-0.3995180285483279,1.027005426511825,2.027005426511825
1.0,0.15887322593112857,-1.422077311043436,-1.408978291092172,-0.408978291092172
1.0,0.12842441847389569,-0.6272244593619992,-1.3365003388054593,-0.33650033880545926
1.0,0.25194677717343006,-0.17209912389011914,1.2220734897069323,2.2220734897069323
1.0,0.44252659839734027,-0.4390383573069864,-0.6657733247885161,0.33422667521148386
1.0,0.18502472573224174,-0.8652372708839191,-1.2662222773759557,-0.2662222773759557
1.0,0.6846456318111332,-0.7546798259637282,1.2678394345887427,2.2678394345887427
1.0,0.16732649429781216,-0.8277823401970117,-0.6311265239325329,0.3688734760674671
1.0,0.5357045257781865,-0.0740720414036628,3.106772587352382,4.106772587352382
1.0,0.9256999266734971,1.2874184712022463,3.7684548124933204,4.768454812493321
1.0,0.27301915622321243,0.13874108143912797,-0.6473744071149335,0.35262559288506645
1.0,0.7913658131013168,0.0954174479972233,2.6773896916585036,3.6773896916585036
1.0,0.6023701540742621,-0.36458880131422644,0.2995308619792804,1.2995308619792805
1.0,0.754175575235806,0.465933215183026,0.4706373566430404,1.4706373566430404
1.0,0.655754443224622,0.6347085343739911,1.9303258092666193,2.9303258092666193
1.0,0.5538676145045863,-0.23468276413831637,1.7280762851717195,2.7280762851717197
1.0,0.34634457276008607,0.06841301262684323,-0.044005617328776,0.955994382671224
1.0,0.8087708579714732,1.1426023482643322,3.6797506273905873,4.679750627390588
1.0,0.5100312885598939,0.2739029550832817,2.8471748411871545,3.8471748411871545
1.0,0.36310086383410145,0.04509238134722855,2.7044165905830937,3.7044165905830937
1.0,0.3842001007009164,0.406021803547352,2.0319371926788357,3.0319371926788357
1.0,0.571747607373012,0.6639407198968509,1.5042055764344622,2.504205576434462
1.0,0.48344330899503163,0.02075675355757706,1.9985970600645462,2.9985970600645464
1.0,0.6583199186656926,-0.5453267642046151,0.5721527203740473,1.5721527203740473
1.0,0.19092315617601022,-0.11756605906966931,1.816031557601418,2.816031557601418
1.0,0.6164489112182163,1.064117586199104,3.3314141570216074,4.331414157021607
1.0,0.764845220694019,0.27084442023822775,1.0509223464201143,2.0509223464201143
1.0,0.07432970433242987,-1.7971216730242068,-2.0444105049000356,-1.0444105049000356
1.0,0.6858047737909982,0.8388927009081718,0.3415741407668782,1.3415741407668782
1.0,0.5776850334192394,-0.28660115544481113,0.9069879596568662,1.9069879596568662
1.0,0.18591066438102707,-0.5757779260217545,0.16462156069537848,1.1646215606953785
1.0,0.6073315593222226,1.0187835755579755,2.027941001390496,3.027941001390496
1.0,0.6880852798389864,0.9028865914811873,3.1647460319217995,4.1647460319217995
1.0,0.41137322950165806,-0.32491982603875885,1.0941929567599242,2.0941929567599242
1.0,0.1531748224459563,-1.4345810772942422,-2.4216466520178668,-1.4216466520178668
1.0,0.052060841035230836,-1.8419729052713019,-2.0108726393571255,-1.0108726393571255
1.0,0.07448398576873065,-0.5413538251832717,0.4082061894177397,1.4082061894177396
1.0,0.4832513248437293,-0.5939244735898963,0.2995077161951665,1.2995077161951665
1.0,0.08032130750320947,-1.526653595653086,-0.31078487793331255,0.6892151220666874
1.0,0.7784251816108214,1.3645800107696653,2.6382278398790495,3.6382278398790495
1.0,0.4337197173609875,-0.5905935716431087,0.3501715259425496,1.3501715259425495
1.0,0.4650802724555911,0.9320970970684674,1.6377810305716285,2.6377810305716283
1.0,0.03738258837775082,-1.7222392556826054,-2.1881867328014732,-1.1881867328014732
1.0,0.3325396936596912,-0.3352765780905851,-0.37983607113752477,0.6201639288624752
1.0,0.4284483832801883,0.2435265898557755,0.6646126771374964,1.6646126771374963
1.0,0.29847988888057436,-0.2781515692886873,-0.6208633382083618,0.3791366617916382
1.0,0.5992827040956783,-0.3898731029119604,0.01968942948015978,1.0196894294801597
1.0,0.9813750097345814,3.0295890635165663,5.008383660587231,6.008383660587231
1.0,0.902343350457938,1.4499511180320084,2.9061241815045595,3.9061241815045595
1.0,0.9832978605174912,1.9486623951789048,5.324425881339671,6.324425881339671
1.0,0.28671238101315377,-0.66108029629017,-0.1433178736384505,0.8566821263615495
1.0,0.7452434098129183,0.8646614925094958,1.859284189479846,2.8592841894798458
1.0,0.34298739363049935,-0.5544203245115187,-1.1725075097094657,-0.1725075097094657
1.0,0.31304714172304493,0.9360107557528593,1.8903816516169396,2.8903816516169396
1.0,0.03776007257952861,-2.2214565418738967,-2.3898605877542014,-1.3898605877542014
1.0,0.3254730683561753,-0.45013455459115087,-0.2370709488195646,0.7629290511804354
1.0,0.5584892563634893,-0.6854619818965908,-1.5927478430523068,-0.5927478430523068
1.0,0.028131487401842757,-1.7468840323267312,-0.3907804772579744,0.6092195227420256
1.0,0.07635381819715868,-0.881696916263117,-0.4874356972120213,0.5125643027879787
1.0,0.732749682424742,0.679912137042033,1.486960880835935,2.4869608808359347
1.0,0.5086534885538246,0.7309143957021306,0.6096744836048731,1.609674483604873
1.0,0.7650150218974642,1.0366626587908834,0.8187882762966097,1.8187882762966097
1.0,0.3545981263933229,-0.47670137498841925,0.8586605623959762,1.8586605623959762
1.0,0.1424586665540878,-0.17591234980485526,-0.5773685850597413,0.4226314149402587
1.0,0.8836198595838537,1.45150088573051,4.077243668478955,5.077243668478955
1.0,0.06499967143875544,-1.6099398960046032,-0.8304015530225617,0.1695984469774383
1.0,0.41221243747355363,0.4535826467651999,3.314478586923924,4.314478586923924
1.0,0.4175095614288145,0.08865306416756495,0.2040087286317539,1.204008728631754
1.0,0.929297388166386,1.9485451579109507,3.985273454588187,4.985273454588187
1.0,0.5385027042308125,-0.0547318607401671,1.5074374268823247,2.5074374268823245
1.0,0.5245701589353443,-0.7863906248145133,1.0996452789617728,2.0996452789617726
1.0,0.5327909287328056,0.16897668612543196,0.42927579695602125,1.4292757969560212
1.0,0.3109234999417301,-0.8513244707601291,-0.6608502158271125,0.33914978417288755
1.0,0.548031483995048,0.6870133598018671,2.536294852751487,3.536294852751487
1.0,0.4399726308822046,0.6839595127792633,3.093636594058162,4.093636594058162
1.0,0.1472206034737703,-0.9461444574344406,0.4641905564109483,1.4641905564109483
1.0,0.256145427950196,-1.05627038248912,0.24306207229947285,1.2430620722994727
1.0,0.44865213326858755,0.3966617003449189,0.5035810700588462,1.5035810700588463
1.0,0.6092512847893606,-0.15584891142565913,2.430626921747119,3.430626921747119
1.0,0.7999942586302781,0.8670638668035486,3.7436056524967465,4.743605652496747
1.0,0.6198482597050715,0.6775516643013522,1.8960366123542158,2.896036612354216
1.0,0.9380846088550092,1.0942245021254324,3.4039945974980568,4.403994597498057
1.0,0.17158295509787364,0.49868212882546487,-0.2872639428067747,0.7127360571932253
1.0,0.37149337937270815,0.24874001137203675,2.617932127591795,3.617932127591795
1.0,0.18656775083953261,-0.4587031430931237,0.3982114919649498,1.3982114919649498
1.0,0.8920331297521765,0.4174483843164098,1.9192986377929424,2.9192986377929424
1.0,0.6976897533811511,0.5311013970049369,2.1504663367952563,3.1504663367952563
1.0,0.021114911473746768,-2.006584849888353,-0.2741371126528662,0.7258628873471338
1.0,0.46567151273205887,-0.3537196412354517,-0.9440604549222167,0.055939545077783315
1.0,0.18058837832478158,1.0582782686564707,1.8905929203073242,2.8905929203073244
1.0,0.7352961322504062,0.9876678163984989,4.665682878066695,5.665682878066695
1.0,0.78464941249963,1.8878139015790012,3.7198863866691467,4.719886386669147
1.0,0.0615805698916263,-1.6990636747405998,-2.635419564400307,-1.6354195644003071
1.0,0.7546718125190618,0.4094935382521396,4.064161752079432,5.064161752079432
1.0,0.5796597224582831,0.01706728660594711,1.224033868051007,2.224033868051007
1.0,0.5745963470962134,0.7183808427965502,3.6662783038136704,4.66627830381367
1.0,0.4927905820748364,0.03011786761276607,0.6753285679166898,1.6753285679166898
1.0,0.5513325057654905,0.4652250405477009,2.5671483496047935,3.5671483496047935
1.0,0.16966810064110496,-0.39870964328305536,1.308827549911289,2.308827549911289
1.0,0.5248385945619315,0.131725877243708,0.5029208067506474,1.5029208067506474
1.0,0.21782629251602725,1.2104445257653393,3.2437705537192736,4.243770553719274
1.0,0.005023051142606971,-1.984568887325227,-3.4168899114404008,-2.4168899114404008
1.0,0.4106893832697492,-0.06231659120168283,2.422627711647143,3.422627711647143
1.0,0.1530859503261999,-1.7657806630198527,-1.5753155346726708,-0.5753155346726708
1.0,0.5428999905805751,0.8565233690274383,2.1679768722254065,3.1679768722254065
1.0,0.030984646704153518,-1.5329124718445055,-0.3646627257060413,0.6353372742939587
1.0,0.7370318960751967,0.916538232189086,3.8414238069965125,4.841423806996513
1.0,0.6356677751921749,1.1753443923721874,1.6347323650839118,2.634732365083912
1.0,0.09007462089493179,-0.7111254203397706,-0.8350086440288613,0.16499135597113868
1.0,0.03195578138303221,-1.1877548186828975,-1.7730532507235521,-0.7730532507235521
1.0,0.6814633955909674,0.3626474388263175,2.547835613234552,3.547835613234552
1.0,0.05136601367518359,-0.15980747112873828,1.565769374461147,2.565769374461147
1.0,0.48564093631456906,0.9655517232518253,2.934832360814187,3.934832360814187
1.0,0.31307926770987743,0.0028370971701581465,0.9619021905141872,1.9619021905141873
1.0,0.2821300950298496,-0.1015772497501419,0.36984818405565845,1.3698481840556584
1.0,0.7038135831207462,-0.22580126685067087,-1.4210925542792388,-0.42109255427923875
1.0,0.369729177924358,-0.6740546221025798,0.687738849234223,1.687738849234223
1.0,0.47498103898077254,-0.14458266500542744,1.9040158363920483,2.9040158363920483
1.0,0.018054708067750072,-1.6982628962024604,-3.6754711928771497,-2.6754711928771497
1.0,0.22065145450032628,-0.14161109134918232,0.8092620884829954,1.8092620884829955
1.0,0.9358724439113996,2.444049332553016,4.199565163229782,5.199565163229782
1.0,0.1857966348272243,-1.2283018114595619,-1.1327216913981648,-0.1327216913981648
1.0,0.19222054960545001,-0.851605308331157,-0.5427553336314028,0.4572446663685972
1.0,0.2719936418265806,-0.7993439342669378,-0.406339590385637,0.593660409614363
1.0,0.7413845493018971,0.8879346661182579,1.832871069980382,2.8328710699803823
1.0,0.5521619916861096,1.4494805833821383,3.652814642696365,4.652814642696365
1.0,0.5181762827997662,1.070798456181886,1.8559542151092254,2.855954215109225
1.0,0.004761993690542468,-2.058955740013226,-2.1845744903726807,-1.1845744903726807
1.0,0.4938150839842835,0.6267463790254054,0.1751995933271111,1.175199593327111
1.0,0.641169607569804,0.9828438731634802,2.109937619757731,3.109937619757731
1.0,0.4060121930377068,-0.07016847392756131,1.85604342545814,2.85604342545814
1.0,0.19508048265870925,-0.39966139800253137,0.24817834949684967,1.2481783494968497
1.0,0.6654592836942483,-0.2958819642424063,0.49984335959689374,1.4998433595968939
1.0,0.36279148730549454,0.8109724423650077,0.8810835363379648,1.8810835363379648
1.0,0.6859107808441991,0.4792704089312944,4.357985260467636,5.357985260467636
1.0,0.5488008923104436,0.10003058544673922,1.4435104928395366,2.4435104928395366
1.0,0.07446996500780267,-1.76517503306657,-1.7210927469663666,-0.7210927469663666
1.0,0.5124278790833511,0.5525930454139494,-0.4755995300623099,0.5244004699376901
1.0,0.632117962602541,0.2202625882738281,1.1461253933995024,2.1461253933995024
1.0,0.18747056205300663,-0.97815794974121,-1.3842747181964064,-0.38427471819640635
1.0,0.8565746825847114,-0.021375051022312554,1.3146442833610366,2.3146442833610363
1.0,0.30441432875909713,0.453495754597838,3.393239288071353,4.393239288071353
1.0,0.02875232745082762,-2.3316960288335222,-2.1465275343907626,-1.1465275343907626
1.0,0.628677548654597,0.38427256880787136,1.1413107284450916,2.1413107284450916
1.0,0.6633037382979705,0.33015059890340026,1.9755239339803792,2.975523933980379
1.0,0.8896244110753849,1.22696797980286,2.369155263753444,3.369155263753444
1.0,0.5323215003797738,0.4223834925185711,1.332276569644624,2.332276569644624
1.0,0.5852822724552631,0.5742087334214242,1.5847045424528485,2.5847045424528483
1.0,0.3906372315187582,-0.12139823370565214,-0.16253173979332863,0.8374682602066714
1.0,0.4634026226956587,-0.04541191806673817,0.9684683727195798,1.9684683727195798
1.0,0.020272599022085856,-0.9237596135823124,-2.150578296660676,-1.150578296660676
1.0,0.15004104051716258,-0.9846172622745786,-0.6018034501745835,0.3981965498254165
1.0,0.20626287040649302,-0.14359868827392752,1.5965841471926008,2.5965841471926008
1.0,0.36292807159701435,-0.6484353897728063,1.1285577624283376,2.1285577624283376
1.0,0.5629701789688283,-0.3834054015284999,-0.10168926449242144,0.8983107355075786
1.0,0.33428859169157177,0.23376907156146193,0.10008601182332766,1.1000860118233278
1.0,0.7508594156712183,-0.43101041990448247,1.924668691520976,2.924668691520976
1.0,0.5319627999353489,0.8032760285127538,1.1930901389961979,2.193090138996198
1.0,0.41095296087747746,0.13635092739926838,0.8734779594573981,1.8734779594573983
1.0,0.5651063440579159,1.0502601688997246,1.294364719238833,2.294364719238833
1.0,0.08447740467377068,-2.3372357596155697,-3.3259592331343213,-2.3259592331343213
1.0,0.4755235703661251,0.6480608077520563,2.3996502548059775,3.3996502548059775
1.0,0.8958334771481259,1.7661790714259213,4.701429071127744,5.701429071127744
1.0,0.1854516405189895,-0.877288884845465,-0.693939636517061,0.30606036348293897
1.0,0.06154439044705073,-1.4276155191012454,-1.770838490672857,-0.7708384906728569
1.0,0.4201766373204792,0.3629892190896927,1.2407141374284307,2.240714137428431
1.0,0.1982137216006037,-0.6120008256486461,-0.16232381741526136,0.8376761825847386
1.0,0.7361528084310583,0.5841700340554418,0.36239372514127965,1.3623937251412797
1.0,0.010722847810658942,-2.2702397487863317,-3.793011280716198,-2.793011280716198
1.0,0.6769364483206627,0.22120264610601495,-0.34343144936021,0.65656855063979
1.0,0.24160806458422218,-0.14009678177452814,0.5654865655973798,1.5654865655973798
1.0,0.4634484789177232,0.9023288308745122,2.7803657723139126,3.7803657723139126
1.0,0.34358030774001136,-0.645261121930903,0.03805122781717585,1.0380512278171758
1.0,0.06440405953104801,-1.1834102328781044,-0.6449446101931194,0.35505538980688056
1.0,0.2934905275997399,0.3521303155404143,-0.25890905706099443,0.7410909429390056
1.0,0.3309257309039512,-0.2598398355904151,-0.03473332979200455,0.9652666702079955
1.0,0.29003258973624124,-0.5353585065174435,-1.5128709241206542,-0.5128709241206542
1.0,0.2895878590673625,0.08827506328675642,0.38170475430817824,1.3817047543081782
1.0,0.9413143414675794,1.1107596341847281,3.0739540564404413,4.073954056440441
1.0,0.7646764486858719,1.512862651935148,3.1096370073308814,4.109637007330882
1.0,0.5751564283378109,0.9363526479062069,1.645479554685429,2.645479554685429
1.0,0.6713657499935107,-0.3423230680890784,0.7389908830382836,1.7389908830382836
1.0,0.7023106262595892,1.1021125705319954,2.025954398175371,3.025954398175371
1.0,0.7303906287703473,1.0650350450254793,3.2358338456667974,4.235833845666797
1.0,0.18278442811490123,-0.9573784302126023,-0.808647375280276,0.19135262471972403
1.0,0.13253443616211205,-1.0168894466278273,-1.5303613283349158,-0.5303613283349158
1.0,0.7230721450118189,0.5109562708782238,2.151790887124823,3.151790887124823
1.0,0.11939694210800961,-0.8345186019393771,-0.9871135841461547,0.012886415853845312
1.0,0.900678097050259,0.7424753859934049,3.411554350272231,4.411554350272231
1.0,0.11242798131372034,-2.417048541034201,0.5113388304531361,1.511338830453136
1.0,0.038705554265283756,-1.3328390823725351,-1.748366681507857,-0.7483666815078569
1.0,0.3643941617209852,-0.7149707847645768,-0.27045541568223674,0.7295445843177633
1.0,0.6431768812475215,0.8320195434824402,0.9878993224896429,1.9878993224896429
1.0,0.3614358088632463,-0.16399010020025281,0.3638338792597211,1.363833879259721
1.0,0.695354376003745,0.7766457245261535,1.2600605383942618,2.260060538394262
1.0,0.1744363239996773,0.7446886271681014,-0.3676643768446972,0.6323356231553028
1.0,0.43674914858250147,0.573485842534133,3.1557321245569083,4.155732124556908
1.0,0.5153530297273455,-1.1859502872938197,-0.6021913731796188,0.3978086268203812
1.0,0.6103546167892437,0.6217820867841531,-0.3824513456082559,0.6175486543917441
1.0,0.8942404693801054,0.31649039318962,2.749279857605364,3.749279857605364
1.0,0.5248080125904835,1.034404574497437,1.0612512170778903,2.0612512170778903
1.0,0.7903042660227376,-0.6880479936572541,0.8432524673564186,1.8432524673564186
1.0,0.32203925960976587,-0.5486257106675891,1.1903092323605375,2.1903092323605375
1.0,0.014818033492733407,-2.5515286780036983,-4.03743182520166,-3.0374318252016597
1.0,0.8302152062884292,1.7171078697983,3.3132407417164,4.3132407417164
1.0,0.4300376702275917,-0.9544403409814204,0.48140293281437946,1.4814029328143794
1.0,0.7862002448794366,0.7081795401690417,2.6835433038420353,3.6835433038420353
1.0,0.8217314544139591,1.0805094265266135,2.466613932412582,3.466613932412582
1.0,0.19639119140003644,-0.5469435314647292,2.2961419767706825,3.2961419767706825
1.0,0.14060540319824053,0.05753772759600381,-1.5047388592012816,-0.5047388592012816
1.0,0.7467333877594936,-0.12631157568737575,0.7894758345337003,1.7894758345337003
1.0,0.7888939697279252,-0.13255143273088504,1.7046396255158947,2.7046396255158944
1.0,0.7133076847525963,0.3720615576025581,1.7758852979818829,2.775885297981883
1.0,0.3125903093875471,-0.25061874819649477,-0.005670877126689344,0.9943291228733107
1.0,0.1279486622177273,-0.49222275264724413,1.4489891739234646,2.4489891739234646
1.0,0.74910034635504,1.0903459046156374,2.1615565967136074,3.1615565967136074
1.0,0.4512279704456994,-1.2484624752843965,-0.6647379871129129,0.3352620128870871
1.0,0.5925940966506889,0.0706273193349956,2.2716357441259176,3.2716357441259176
1.0,0.13067293945072028,-0.7251725108877988,-0.4140423871999982,0.5859576128000018
1.0,0.39087459344264636,-0.4772913992454854,-0.5878099810033218,0.4121900189966782
1.0,0.6137358763977291,0.7756333339394379,1.653592177001633,2.653592177001633
1.0,0.34423266337451436,0.5348201408919514,1.578384295230041,2.578384295230041
1.0,0.7028533807805057,-0.11603987907188006,0.39507213891378057,1.3950721389137806
1.0,0.31109371214887105,-1.9648832727840015,-0.14102512642575415,0.8589748735742458
1.0,0.6605293333736627,-0.053895761473770405,2.7066984666465905,3.7066984666465905
1.0,0.4692945475844727,-1.2367140890494246,-0.06064377739561788,0.9393562226043821
1.0,0.2732149149251063,0.07997669622189503,1.1198014957069506,2.119801495706951
1.0,0.4285365421602962,-0.5738682836654223,1.2313842720771802,2.23138427207718
1.0,0.04093866383344047,-1.8259660665350723,-1.0006639008768445,-0.0006639008768445365
1.0,0.23734865019392476,-0.26638499262627224,2.264445265299824,3.264445265299824
1.0,0.34415312408834187,0.3500731200292493,-0.9126917347751111,0.08730826522488888
1.0,0.9646860112322095,2.5461901071099566,2.5275473646723565,3.5275473646723565
1.0,0.05415209713627564,-1.9276592593746884,-0.01845570001160901,0.981544299988391
1.0,0.9246235940249019,1.5187828421102318,4.019012753806566,5.019012753806566
1.0,0.18076785959297562,-0.6002634659754528,2.5761255043429863,3.5761255043429863
1.0,0.45905943057924464,0.6120223194790436,0.9764334661775849,1.9764334661775849
1.0,0.7170723649306813,0.393550764908308,2.4973232963334073,3.4973232963334073
1.0,0.4604782466283638,-0.7570976943585772,1.1327329573793095,2.1327329573793095
1.0,0.9044697990813891,1.301324081841067,3.713669788865862,4.713669788865862
1.0,0.10520204221550807,-0.18047104953420032,2.112857380985366,3.112857380985366
1.0,0.23368625588016506,-0.8195360953409268,-0.3911849788014561,0.6088150211985439
1.0,0.25563503368070806,-0.36251566272394725,0.22631475716769395,1.226314757167694
1.0,0.23855104512403036,-1.3696460230924867,0.09180033790338604,1.091800337903386
1.0,0.30223571087377826,0.5730927500319002,0.9558865479671044,1.9558865479671044
1.0,0.3644898809662715,-0.17920066990218503,-0.1926478006707249,0.8073521993292752
1.0,0.35635720528248405,-0.8721498637489287,-0.3271431067142617,0.6728568932857383
1.0,0.6480327412571889,0.7490722772173378,2.421341064333925,3.421341064333925
1.0,0.4701875471521712,-0.6081551631393338,3.026673055159323,4.026673055159323
1.0,0.8520442209157146,1.421310757742943,4.844746514895806,5.844746514895806
1.0,0.21286043391794202,0.31778573843994795,1.3545656388197045,2.3545656388197047
1.0,0.07296153752624748,-1.1705898915733386,-1.799778621500413,-0.799778621500413
1.0,0.6999660206532236,-0.6704358785010269,-0.41690670398141694,0.5830932960185831
1.0,0.11715019984877982,-0.3566552134769093,0.20543317511736936,1.2054331751173692
1.0,0.5968775509875608,0.28560466891067193,1.3369187248458414,2.3369187248458414
1.0,0.10767889240884565,-1.9553569240451658,-3.3410571030887395,-2.3410571030887395
1.0,0.6472267544925856,0.6799071304553255,1.3876146724164935,2.3876146724164933
1.0,0.6505738085864947,0.24840275806248957,2.2346493462112025,3.2346493462112025
1.0,0.1673148727633955,-0.2188402105985821,-0.32337494429338676,0.6766250557066132
1.0,0.03519110017517499,-2.4115565962258803,-0.7607227161213734,0.23927728387862657
1.0,0.2204098767202373,-1.0007931662180678,0.612077713578688,1.612077713578688
1.0,0.8047240558355577,1.2966963804279132,2.669425008847359,3.669425008847359
1.0,0.12950334584319376,-0.8551842286149776,-2.2753169810886007,-1.2753169810886007
1.0,0.41334910144461606,0.09021769850475894,2.347311930099961,3.347311930099961
1.0,0.24525731585943097,-0.6061618520161257,-1.331459442937034,-0.3314594429370341
1.0,0.8611959000096805,1.2034251310346384,1.6577837664016333,2.657783766401633
1.0,0.7228651758943344,0.4780307054090229,1.20607052654969,2.20607052654969
1.0,0.0821478897453246,-0.926365029538321,0.6727458072701226,1.6727458072701227
1.0,0.24454890646513397,-0.9951076339547824,-0.34295361318044654,0.6570463868195535
1.0,0.21171322432045486,0.039827196453412865,-0.17238461530625127,0.8276153846937487
1.0,0.10264186556710807,0.10201428351081603,-0.3081311695975475,0.6918688304024525
1.0,0.38982337219012686,-1.1705736114252407,-0.5071318234530291,0.4928681765469709
1.0,0.4407188761938646,-0.39130506991747055,0.3054351815089503,1.3054351815089502
1.0,0.4251595698435393,-0.02014471828561878,1.6732052907796093,2.6732052907796096
1.0,0.13471070188128437,-0.01017648830323246,-0.6180938955205814,0.38190610447941864
1.0,0.4155849966102067,1.3683827846595968,3.8735065203340784,4.873506520334079
1.0,0.6342788552386509,-0.23891885999159543,0.5124308219627944,1.5124308219627944
1.0,0.16085978893172134,-0.5455825668266399,-0.5966230030001087,0.40337699699989127
1.0,0.955032104786741,2.3026525659913935,5.399657522005188,6.399657522005188
1.0,0.08601864923896065,-1.4971854558853204,-0.7171743508182187,0.2828256491817813
1.0,0.5168120259000061,0.21644524648815638,4.280806124342021,5.280806124342021
1.0,0.44355463370598897,0.6183366773057897,2.3205323917619385,3.3205323917619385
1.0,0.007515208997970371,-1.897338309956359,-3.176676929725161,-2.176676929725161
1.0,0.09165142043994422,-0.47361483391447595,1.0286547009963933,2.0286547009963933
1.0,0.2214844379376278,-0.6451803272123757,-0.11670779038947943,0.8832922096105206
1.0,0.806595265253479,1.037306639698481,2.36725340725878,3.36725340725878
1.0,0.13670989809683176,-0.4271539764174101,-0.008558933019755188,0.9914410669802448
1.0,0.609927582932601,-0.2093271388434194,0.9350046547113173,1.9350046547113173
1.0,0.18845912191371095,-0.8180968047820418,0.2708848765980273,1.2708848765980272
1.0,0.06265769676080522,-1.1882227096217308,-2.1483124533158353,-1.1483124533158353
1.0,0.5276808251987238,0.5505572382066946,2.7605843277894686,3.7605843277894686
1.0,0.16347319204954125,-0.8866912785635145,0.5235690202636822,1.5235690202636822
1.0,0.233852781097794,-0.5182649130622793,0.6379700942137226,1.6379700942137227
1.0,0.12077249655080134,-0.5343423985728274,-1.252918861958451,-0.25291886195845104
1.0,0.032971220004019905,-0.6004973948422669,-0.13023234760963026,0.8697676523903697
1.0,0.26750260205598636,-0.7256961400239359,-1.850494797123726,-0.850494797123726
1.0,0.8367697640730385,-0.42332477788979606,1.1897931106803794,2.1897931106803794
1.0,0.9135405069591453,1.2914292957548308,1.0761125177642974,2.0761125177642974
1.0,0.7503587495698781,1.2740605715531308,2.9347757408712303,3.9347757408712303
1.0,0.2742413923403322,-0.11952127047457249,1.0333613619875996,2.0333613619875996
1.0,0.8766629323755333,1.1617661185287949,1.92962186267449,2.92962186267449
1.0,0.7368180716639883,0.15783434119831338,-0.10106038718647359,0.8989396128135264
1.0,0.7153171245843722,0.3229760203659253,1.1874874377471045,2.1874874377471043
1.0,0.42191422964130354,-0.8872747221877966,1.2512151754782244,2.251215175478224
1.0,0.6401281368093651,0.14234161637530535,-0.7678646240502337,0.2321353759497663
1.0,0.8173419342528153,-0.656665575296177,1.673528777491375,2.673528777491375
1.0,0.07842288016237857,-0.10508794058753483,0.47704116582729655,1.4770411658272966
1.0,0.6458572940762534,0.5076656547468151,2.3840102464992508,3.3840102464992508
1.0,0.32005449494386734,0.13794528316289914,1.1634920931655426,2.1634920931655426
1.0,0.7275991930447445,0.1372776390470762,1.6580491220558742,2.658049122055874
1.0,0.12266250920962993,-0.3715964563454966,0.3009381708462963,1.3009381708462964
1.0,0.06516076366238706,-1.2862990413008144,-1.923487520917609,-0.923487520917609
1.0,0.4524094448521254,0.42631314710617013,0.964526017863831,1.964526017863831
1.0,0.3397782363648307,0.9655224589529676,0.5646450711600324,1.5646450711600324
1.0,0.9699676395208116,1.0013992191350427,4.243233133502486,5.243233133502486
1.0,0.4880903298741415,-0.29918403143167027,1.0716958905633538,2.071695890563354
1.0,0.7566453111221544,0.11305677826568311,0.9622129308577417,1.9622129308577416
1.0,0.28161549367912136,-0.9879078456718072,-1.3783561985931594,-0.3783561985931594
1.0,0.18182530568067162,-1.048146955277728,-1.1421410680794837,-0.14214106807948368
1.0,0.8265716564138046,0.8757949016357005,2.8318212959330213,3.8318212959330213
1.0,0.8666969214358622,1.1149825915645628,2.076419525012888,3.076419525012888
1.0,0.37489243384431636,-0.3045621385699521,-0.5862468821273488,0.41375311787265123
1.0,0.03375125477132236,-1.6157234264540212,-0.9247430744971619,0.07525692550283813
1.0,0.6297691519815064,0.9904113809297085,1.6617176092406774,2.6617176092406774
1.0,0.8575476323512751,0.315607384174422,1.304647432184542,2.304647432184542
1.0,0.7351572215609349,0.9376819166833934,1.5735525103983143,2.573552510398314
1.0,0.5610367779944385,-0.12395328514249407,0.20489398545563686,1.2048939854556369
1.0,0.38401705734662134,-0.29679932274657206,3.0554311411703434,4.055431141170343
1.0,0.9035779306127428,-0.1680958638329345,2.832497527616145,3.832497527616145
1.0,0.45134745067994914,-0.2590386725817832,0.41256788661776866,1.4125678866177687
1.0,0.5032497261049863,0.5420526233644544,1.8793019896315206,2.8793019896315206
1.0,0.30431876693028803,0.31352649468422955,1.5935850126955504,2.5935850126955504
1.0,0.844002627403339,0.6696634056738316,2.3177816294759355,3.3177816294759355
1.0,0.253801510106647,-0.5055762617996453,0.9413651495994292,1.941365149599429
1.0,0.1948302049589048,-1.0375467111970933,-2.6056728897939854,-1.6056728897939854
1.0,0.1992314297519254,0.8990753557508081,2.2331609992740997,3.2331609992740997
1.0,0.059582511199941054,-1.9437739981571003,-2.0454540158694834,-1.0454540158694834
1.0,0.7671289879915825,-0.35233583151967707,0.23219714866928576,1.2321971486692858
1.0,0.7482107666851895,0.640873759204321,-0.9769575611865275,0.023042438813472454
1.0,0.556112980243108,-0.1581360749954618,-0.38882864210155255,0.6111713578984475
1.0,0.42366535955169143,-0.670059804182978,-0.45806157614409126,0.5419384238559087
1.0,0.45979849906553527,-0.15972980222941974,-1.0121185100825083,-0.012118510082508305
1.0,0.2073813498600796,0.41654844310631656,2.386911362091679,3.386911362091679
1.0,0.13264710064694113,-1.661834397599418,0.0025314946803371985,1.0025314946803372
1.0,0.6373697884087987,0.037381404040593265,0.6231443774288149,1.6231443774288148
1.0,0.4813554463613104,0.42637268151040636,1.6360524683215298,2.63605246832153
1.0,0.582689397150799,0.44600281128789726,0.7001227927836651,1.700122792783665
1.0,0.21713927141835324,-0.3151079851974615,-0.3117203098939351,0.6882796901060648
1.0,0.09747915849650739,-1.3178408901483851,-3.043464537604584,-2.043464537604584
1.0,0.10082089064654601,-1.1437902192530816,-0.33746487485993576,0.6625351251400642
1.0,0.4653238489705651,0.12732005187971582,1.0541828480417967,2.0541828480417967
1.0,0.6399566396438066,1.4714162081557083,1.4887200251996155,2.4887200251996155
1.0,0.4078209736105535,-0.07158553666899599,1.3064468598862158,2.306446859886216
1.0,0.7904088341661069,1.027970917169083,4.884799021511901,5.884799021511901
1.0,0.24702120938965672,-0.6806556384545256,0.34193289323145115,1.3419328932314512
1.0,0.16037110272842184,-0.3740999574062818,-0.8642354943663577,0.13576450563364229
1.0,0.013047132092373844,-1.0281220742881387,-1.222976925032994,-0.22297692503299404
1.0,0.8168529206819872,0.7716821358906842,2.6671025979404748,3.6671025979404748
1.0,0.32945813208171904,-0.2420614794854936,0.3261424962581808,1.3261424962581807
1.0,0.714143125520848,0.8936293153629652,2.3175905142777804,3.3175905142777804
1.0,0.13221466245728536,-1.1117542156755629,-1.2384823343740654,-0.2384823343740654
1.0,0.7926398625546424,2.037771410620449,4.874671399590861,5.874671399590861
1.0,0.41849713549854306,-0.4589604106587841,0.5738576239022399,1.57385762390224
1.0,0.5911993102936537,0.5378116988753401,0.8872336205954979,1.8872336205954978
1.0,0.6375860225395409,-0.3704750375215924,1.9267063037417118,2.926706303741712
1.0,0.5388088194234492,0.8067788005310629,0.6703985543445625,1.6703985543445625
1.0,0.42575416864084853,0.2467285712483483,1.0080333639400108,2.0080333639400108
1.0,0.22732901566369126,-0.5970600713841684,-0.4449915406855495,0.5550084593144504
1.0,0.1313134755137232,-1.6802502169350944,-0.21049963368322255,0.7895003663167774
1.0,0.6877246979223013,1.6057454302575367,4.011004579503019,5.011004579503019
1.0,0.30960852071847833,-1.0001565673767712,2.060987513791469,3.060987513791469
1.0,0.6787907268704767,1.8949716546912547,3.4632627828646374,4.463262782864637
1.0,0.44304151374716905,0.7844845913874119,2.365914955214158,3.365914955214158
1.0,0.8875834843622402,1.4126420002121003,0.3080340820208982,1.3080340820208982
1.0,0.18521304498849492,0.4323139005851281,0.8275720677449128,1.8275720677449128
1.0,0.18823354560132352,-1.0136126904909122,0.18421552321965828,1.1842155232196583
1.0,0.44835129943914975,-0.46532004013422357,-0.5464605188148481,0.45353948118515186
1.0,0.4374426327519747,-0.2927437609714904,-1.334544609339995,-0.3345446093399951
1.0,0.3212126244625227,-0.4634919659849789,0.7678137258384538,1.7678137258384536
1.0,0.27142930742040944,-0.47297098959752115,0.9949404840498558,1.994940484049856
1.0,0.14154827522426874,-0.5148626134011476,-0.6323821822469562,0.3676178177530438
1.0,0.9491739608354446,2.590759821029593,6.741067264282036,7.741067264282036
1.0,0.8067685182164878,1.159331460762994,1.0668137007726979,2.066813700772698
1.0,0.23691246945172087,-0.04305597621243565,0.8949326276133809,1.8949326276133809
1.0,0.3512733171455948,-1.022036495292015,-0.5310943761707285,0.4689056238292715
1.0,0.4589893882743632,-0.26821871062638963,1.3461998038753118,2.3461998038753116
1.0,0.4597103033161703,-0.10024308673443696,2.2878058684857816,3.2878058684857816
1.0,0.6040871228832905,1.2288359907836792,2.3642892640871462,3.3642892640871462
1.0,0.4479602422788778,-0.4850578626155338,-0.2442040192151862,0.7557959807848138
1.0,0.2033920584112486,-0.43804694841623276,-0.19582348514450454,0.8041765148554955
1.0,0.6402342788006601,1.1941225301976814,1.343223160998544,2.3432231609985443
1.0,0.7044639000218036,0.04753765591344043,1.7885529628611851,2.788552962861185
1.0,0.781970897331147,1.194033646300491,4.236098140402878,5.236098140402878
1.0,0.28396094781154196,0.15884786157603545,2.0859860434029374,3.0859860434029374
1.0,0.5566782882591762,0.16556265057224573,1.4337375605929297,2.4337375605929297
1.0,0.48563389567313275,0.4069965345442974,2.2361317575257478,3.2361317575257478
1.0,0.19778477887472656,1.1159736522495636,3.50449879275209,4.50449879275209
1.0,0.3922760159625046,-0.08862757871281864,-0.5860284264851228,0.41397157351487723
1.0,0.8266985406133188,1.1825873389908326,1.7432124703607235,2.7432124703607235
1.0,0.22583098624001657,-0.5574589525986476,0.598657651992456,1.598657651992456
1.0,0.13105941525156115,0.11078144466093019,-1.786127311674222,-0.786127311674222
1.0,0.5623056561822442,-0.8948537795081818,0.22847143440381776,1.2284714344038177
1.0,0.7671390233714543,1.223521097262914,1.7560282720158342,2.7560282720158344
1.0,0.10731263491946907,-0.8932482728925198,0.03939322637352527,1.0393932263735253
1.0,0.24127621869840937,-0.06109363833965016,1.1209135689948961,2.1209135689948964
1.0,0.6955499466972352,0.47873882023580744,0.29557602948902617,1.2955760294890262
1.0,0.3628630115063961,0.5905675087811006,2.582519990871397,3.582519990871397
1.0,0.8834024868874968,0.30361560464089543,0.9584702799390027,1.9584702799390028
1.0,0.7747833475013626,0.8718217779388404,1.363053973909456,2.363053973909456
1.0,0.9397353748043045,1.4198664853968521,2.71531435400499,3.71531435400499
1.0,0.07512126866259447,-1.1326278803103789,-0.393299889661154,0.6067001103388461
1.0,0.6217210774588889,0.5897471832296852,1.1379778147864896,2.1379778147864896
1.0,0.279615084773901,0.3185807614792871,-0.9092921675306969,0.09070783246930314
1.0,0.16071458987696582,-0.4071445488273176,-0.5528700000311466,0.4471299999688534
1.0,0.4517464277096266,0.12899082123569644,0.6470566259862698,1.6470566259862698
1.0,0.055737522529429664,-1.488594724241984,-1.9217033516775417,-0.9217033516775417
1.0,0.41131564916038704,-1.561450039368347,-0.6145829256761697,0.3854170743238303
1.0,0.6722712934437971,0.5671161825138985,2.888962933273855,3.888962933273855
1.0,0.2382581861423873,-0.16041975213803852,-1.3213661508990922,-0.32136615089909215
1.0,0.5312574482477884,0.07687255229242367,-0.28707425368668216,0.7129257463133178
1.0,0.2820084241227494,-1.3791725314755878,0.4851112148139066,1.4851112148139065
1.0,0.8226262454860501,1.1944228710557663,2.4401578723774726,3.4401578723774726
1.0,0.13471760217976525,0.4502174046348884,1.1197826222798373,2.1197826222798373
1.0,0.18590515741134458,-0.778805262788711,-0.3013413572866448,0.6986586427133552
1.0,0.2692830170843587,-0.9289998443225611,0.3416966888242968,1.341696688824297
1.0,0.07032090194091584,-1.4907802363637603,-1.2057257921188405,-0.20572579211884046
1.0,0.5845095484464168,-0.07675470370738892,1.098020798894714,2.098020798894714
1.0,0.09082751346646392,-0.22150428733282404,-3.0921616365000286,-2.0921616365000286
1.0,0.031025029432740162,-1.3869972785602134,-0.0851934769078615,0.9148065230921385
1.0,0.44117956694390015,-0.5936503013048259,-1.6291546953159424,-0.6291546953159424
1.0,0.8762168068618498,1.313266335424897,3.3955350142660032,4.395535014266003
1.0,0.05352713598964567,-1.796785408658439,-1.505676186304063,-0.5056761863040631
1.0,0.590250632937417,0.0489063520669003,1.6335498589049635,2.6335498589049635
1.0,0.07222227694487802,-0.3748683118866369,-0.22366902408966444,0.7763309759103356
1.0,0.5276845151271593,0.5495164288121344,0.38004713097368303,1.380047130973683
1.0,0.07196962696963109,-1.9679949937270849,-0.09266788827375882,0.9073321117262412
1.0,0.08267364424919196,-0.5107310615648457,-0.5993924445726144,0.4006075554273856
1.0,0.8098141440521384,0.6518134953997043,2.3615044067769375,3.3615044067769375
1.0,0.8053148202016808,1.5856912196723998,3.739759482456191,4.739759482456191
1.0,0.12831782981435644,-0.35875765358027056,1.195469323321368,2.195469323321368
1.0,0.22329227201883822,-1.158700135350448,0.9329527481156508,1.9329527481156508
1.0,0.18876922034890636,0.07372362922602199,-0.3020927859054232,0.6979072140945768
1.0,0.03751248002491596,-1.1241885654499302,-0.7896547086016702,0.2103452913983298
1.0,0.5457170502035983,1.1480492696014606,4.098100269970761,5.098100269970761
1.0,0.5345528783802194,0.4892864005471719,1.7676103811112003,2.7676103811112003
1.0,0.0634731206965697,-0.6769551658690056,-1.7077923438979055,-0.7077923438979055
1.0,0.800664283841492,0.6208882508298773,0.9960766612218577,1.9960766612218577
1.0,0.15406197759685286,-2.185327876269673,-0.4157166132844644,0.5842833867155356
1.0,0.21794566886633804,-0.8482995571975254,-0.4780396200451334,0.5219603799548667
1.0,0.2125620854425543,0.5573829248095098,0.26427028268677977,1.2642702826867798
1.0,0.38880687581508916,-0.4321818488779595,-1.1627431259093943,-0.16274312590939433
1.0,0.5716561162934269,-0.1432573265137408,-0.32028264163365905,0.679717358366341
1.0,0.9436779229847809,1.8135518423465935,4.1038942133832075,5.1038942133832075
1.0,0.4022075621173176,-0.06172669873159061,1.5227202679354983,2.5227202679354983
1.0,0.5998378180181012,0.5246851159603052,3.4969339372712693,4.496933937271269
1.0,0.10547794198049112,-1.2995095850199634,-2.1890035872102014,-1.1890035872102014
1.0,0.3897211376348033,0.0815972342753174,2.0889671739103437,3.0889671739103437
1.0,0.8824494192931225,1.4890701440097818,3.0540787876364583,4.054078787636458
1.0,0.45465288577838486,-0.21428429817101147,0.8343677318787822,1.8343677318787823
1.0,0.4517246045545238,0.08621514035516072,1.804524883964241,2.804524883964241
1.0,0.2066163544364653,-0.2282885775779593,1.0662461824679357,2.0662461824679355
1.0,0.11743817358320058,-0.6860117440395017,1.955377960770404,2.955377960770404
1.0,0.49803035407567786,0.06098994378741611,2.1617165633610758,3.1617165633610758
1.0,0.44171273205664513,1.4737148339757151,2.7134951683642825,3.7134951683642825
1.0,0.5348385549062157,-0.4352668906691201,-0.39078221345206743,0.6092177865479326
1.0,0.7998310640822922,0.6278106443087272,2.9325070108939295,3.9325070108939295
1.0,0.434695600277073,0.48121961034507577,2.4214267897719965,3.4214267897719965
1.0,0.5761919357783979,1.519814322672789,1.9880987309444897,2.9880987309444897
1.0,0.3299634194771537,-0.6708230899850641,0.052826834710024584,1.0528268347100247
1.0,0.1314002635231542,-1.926995287535823,-3.7113204560575115,-2.7113204560575115
1.0,0.8852748482656164,1.6188434665267946,4.448612192703856,5.448612192703856
1.0,0.31504810075895917,0.7010557614220146,3.399746766570259,4.399746766570259
1.0,0.7905873861144466,0.04829752940050017,4.622507090804913,5.622507090804913
1.0,0.6151521443679959,0.05108214441936606,3.0968433295688085,4.0968433295688085
1.0,0.6810228806756367,0.5984488088378074,1.203289710454953,2.203289710454953
1.0,0.8384556905565556,0.16497767609423783,3.965497000074037,4.965497000074037
1.0,0.7546924116466294,1.374623520453926,2.944989652199327,3.944989652199327
1.0,0.19757078050313967,0.007998634928769925,0.18471653213366848,1.1847165321336686
1.0,0.23691967726102475,-0.6105923196821547,-0.08916068887095673,0.9108393111290433
1.0,0.6124380729850349,0.312701348132706,1.2793770268386548,2.279377026838655
1.0,0.23804612194689292,0.6658893097216316,1.1610206767958884,2.1610206767958884
1.0,0.07697367711244857,-1.9245364353509504,-2.301614567725901,-1.3016145677259008
1.0,0.5465474041053601,-0.6723674778157234,-0.6919521912318732,0.30804780876812676
1.0,0.055729723051240486,-0.7415323771461135,-1.2727937093082489,-0.27279370930824887
1.0,0.2781552783197981,0.09046594410479229,0.7518639489313745,1.7518639489313745
1.0,0.157524958645041,-0.22924928277266418,0.1233305696084366,1.1233305696084366
1.0,0.6815291313332026,1.8544195646657007,4.369362352174582,5.369362352174582
1.0,0.5408702513354771,-0.11724445009709157,0.7993267486255111,1.7993267486255111
1.0,0.1965226520300849,-0.9580697988409742,-1.535295163937685,-0.5352951639376851
1.0,0.252282531997913,-1.0154954456787313,-1.7355820476044153,-0.7355820476044153
1.0,0.5225958750413081,0.19036992211767476,1.1638827987190066,2.1638827987190066
1.0,0.49252790487821474,0.5243765585650804,1.4834244763088784,2.4834244763088784
1.0,0.6158428581570711,0.7292074431466296,3.0995585211691545,4.099558521169154
1.0,0.5806298273566749,0.7622226801578499,0.9240137242233515,1.9240137242233515
1.0,0.530881557255472,0.06713984991442674,1.3786377340633704,2.3786377340633704
1.0,0.30589036053585905,-0.3590885914411452,1.2630967934712145,2.2630967934712145
1.0,0.709400893478684,0.7511100128213513,2.0974961571243305,3.0974961571243305
1.0,0.13253608972776584,-0.24990204648985712,-0.9169538438029592,0.08304615619704081
1.0,0.6005179272934033,1.1447452132737141,3.3396514473963737,4.339651447396374
1.0,0.568167429751615,0.8529034810644169,2.6398971178828194,3.6398971178828194
1.0,0.1564609429315369,-1.3325574643401887,-2.647033174622749,-1.6470331746227491
1.0,0.1326111436336638,-1.0165617686324495,0.045589188551470095,1.04558918855147
1.0,0.22994184490424865,0.2220243590376105,0.5236663969749887,1.5236663969749888
1.0,0.6580043712572111,0.7906979126174855,3.5053838851632215,4.505383885163221
1.0,0.2876603361768353,0.0881782738921912,0.06884925505526035,1.0688492550552604
1.0,0.5902972521665929,-0.3483777679262983,-0.11260466894315824,0.8873953310568418
1.0,0.8408971326645069,0.568504991675766,3.334975621573248,4.334975621573248
1.0,0.5299097213988162,-0.2172097938005075,-0.45328654381020844,0.5467134561897915
1.0,0.71323196304285,-0.6942442637161537,-1.6699619677130402,-0.6699619677130402
1.0,0.382448939068706,0.462864484908687,0.384083653668414,1.384083653668414
1.0,0.3228059088765081,0.4038096785736552,1.3140829912894574,2.3140829912894576
1.0,0.34796827176972583,-0.3670124628898678,2.199826821810828,3.199826821810828
1.0,0.3283689891490438,1.3138497742265427,3.648989681947345,4.648989681947345
1.0,0.1158990853007263,-1.373287450021381,0.22286338113438675,1.2228633811343868
1.0,0.5696282768872514,-0.0698272746338781,-0.20204159596143345,0.7979584040385665
1.0,0.3077448551744883,0.16169335281806652,1.608386059808823,2.608386059808823
1.0,0.11834632794240445,-0.8395775873184803,-0.16112875649102826,0.8388712435089718
1.0,0.6132761556971676,-0.5026694357657889,1.4378596868430982,2.4378596868430984
1.0,0.8830805065637298,0.5304538952657873,1.9138278195217404,2.9138278195217406
1.0,0.3602112749609383,0.10914539434174667,0.4337331766585973,1.4337331766585972
1.0,0.2564990347667047,0.11741924092756277,1.2130989288083538,2.213098928808354
1.0,0.6238318357949725,-0.18532994239141543,1.7257919763349494,2.7257919763349494
1.0,0.04052074754180235,-1.0534952051508368,1.3004800661322724,2.3004800661322724
1.0,0.8897795601279673,0.4739540851524419,3.1475311635826166,4.147531163582617
1.0,0.6070015865116113,0.3820961034297585,0.933729368128126,1.933729368128126
1.0,0.10393544575159773,-1.1498544186537938,0.09915825653603005,1.09915825653603
1.0,0.23208197116727133,-1.000777571698486,-0.6746203942300802,0.32537960576991976
1.0,0.4460459681897457,0.6031934073523543,0.9822628458432416,1.9822628458432416
1.0,0.09214373671783703,-1.4082657643036522,-0.9279937896270696,0.07200621037293042
1.0,0.9521957739115321,1.4899999580119854,2.964112964785,3.964112964785
1.0,0.8901829011971183,0.8936585841569087,0.24798832548871141,1.2479883254887114
1.0,0.028828083288541497,-1.616949042303503,-2.874498419049516,-1.874498419049516
1.0,0.32973847021297037,0.37669588148018274,-0.8581806187316277,0.14181938126837235
1.0,0.6097204326669208,0.5150327249270416,3.822500031769496,4.822500031769496
1.0,0.15904932495352678,-1.4047888844923029,-0.05362629495736726,0.9463737050426327
1.0,0.8033295362287663,0.9013212718591025,3.9548498271659565,4.9548498271659565
1.0,0.11811721504490828,-1.076248303932816,-0.5499994037983966,0.4500005962016034
1.0,0.2099749770341041,-0.9109501721405848,-0.6145725708723933,0.38542742912760675
1.0,0.6687983621227964,1.6338865933599542,2.586493046195277,3.586493046195277
1.0,0.5329448505024781,-0.13023666833065686,0.5740264217410209,1.574026421741021
1.0,0.8511839757881317,0.5903845005906024,0.8250899050378013,1.8250899050378013
1.0,0.21985957647690227,-0.5886701268636576,-1.057674588951803,-0.05767458895180311
1.0,0.4278051406286175,0.06442001058775279,2.1273180839172197,3.1273180839172197
1.0,0.7239834618270934,0.636813318087901,2.933458041541334,3.933458041541334
1.0,0.16246089477723147,-1.0481207801105028,-1.0192571955541407,-0.019257195554140738
1.0,0.7619860150270876,1.390089486675407,5.400107416610113,6.400107416610113
1.0,0.9787089114570138,2.1195304905849586,2.1163226229540717,3.1163226229540717
1.0,0.23681627648303433,-0.25097165422622975,1.9744157530967674,2.9744157530967676
1.0,0.7743666958566096,0.29031151852388665,0.8736616958529169,1.8736616958529169
1.0,0.8854365869477364,1.3091225896122873,2.0677449791925406,3.0677449791925406
1.0,0.6844008531074045,1.0225822950425674,2.168377311177055,3.168377311177055
1.0,0.17078160311582305,-0.46366523635961837,1.2526882979945133,2.2526882979945135
1.0,0.6023435437537185,0.7391697013362004,2.36640154498802,3.36640154498802
1.0,0.026131629245027613,-1.7256965611372788,-1.1423578565418717,-0.14235785654187172
1.0,0.580535157597522,1.2079978936692815,2.126267215360131,3.126267215360131
1.0,0.5500070338051521,-0.797416009220576,1.6888810913488712,2.688881091348871
1.0,0.4224187326713205,0.17081032770514626,0.3731589436285162,1.3731589436285163
1.0,0.8040572220323463,1.8971906485103498,3.4723053376680655,4.4723053376680655
1.0,0.703251477023462,0.7607680519814713,3.286909130129577,4.286909130129577
1.0,0.7833294768527655,1.6609719045500035,3.9284935364487557,4.928493536448755
1.0,0.3295128572917172,-0.7566083203317834,-0.8787699693084018,0.12123003069159821
1.0,0.06383659880283547,-0.9039631681902898,1.5641637636676005,2.5641637636676005
1.0,0.40752642442305836,-0.34518899398057923,1.1697495798813646,2.1697495798813646
1.0,0.6255066966665718,0.08278297992668816,0.4771312430211576,1.4771312430211576
1.0,0.9789630685903331,2.353580939615885,4.2457782707752205,5.2457782707752205
1.0,0.27591887470238424,-0.2688300609435363,-0.04565146827048072,0.9543485317295193
1.0,0.223830091888473,0.24491246122063637,0.8740253575286571,1.874025357528657
1.0,0.7064362576968953,1.2430438033987061,4.3909188693210615,5.3909188693210615
1.0,0.06604223101145115,-1.3976838598262642,-2.2672041034630035,-1.2672041034630035
1.0,0.3664591992916222,-0.47244765824307716,2.375385587627538,3.375385587627538
1.0,0.12184329240433488,-2.0183443595988826,-0.8234500614556899,0.17654993854431011
1.0,0.4287773257701801,-0.6606695517293836,-0.9628951848206263,0.037104815179373696
1.0,0.3327870185850149,-0.27727172261330024,0.35478670265718326,1.3547867026571834
1.0,0.6994702307847587,1.7210626266748688,4.0213120728313765,5.0213120728313765
1.0,0.2360882707503087,-0.23991791896081938,0.7787740306277708,1.7787740306277708
1.0,0.12856235107677091,-0.5152246538224472,-0.29474274546459933,0.7052572545354007
1.0,0.0732098543423232,-2.164743739776196,-0.6356673518512873,0.3643326481487127
1.0,0.2609612029263752,-0.17797894474076612,0.19363397097575497,1.193633970975755
1.0,0.7383042943852746,0.719173516459202,1.0915665695671444,2.0915665695671444
1.0,0.3741649268256829,0.5280633700830494,0.5524438229237523,1.5524438229237523
1.0,0.5151511833673919,-0.7114253385042358,2.149501993140908,3.149501993140908
1.0,0.902668234033446,2.3403791796067606,5.164585539875615,6.164585539875615
1.0,0.05425571901935551,-2.022453558133266,-2.1626134589128285,-1.1626134589128285
1.0,0.44330289280132884,0.14539362417610263,1.8793458628384447,2.879345862838445
1.0,0.9206574399606322,0.7949970835866457,2.3049981320027406,3.3049981320027406
1.0,0.11606104365201997,-0.7421609869401998,-3.230678128830962,-2.230678128830962
1.0,0.07275780782675968,-0.47066890359470026,-2.956734856937938,-1.956734856937938
1.0,0.28685850579144495,-0.6592567560060714,0.23197650101319217,1.2319765010131922
1.0,0.5212018016795232,-0.4459013344895805,1.5293218246674196,2.5293218246674196
1.0,0.734424353087638,0.4416622559772337,1.2919163861266583,2.2919163861266583
1.0,0.7367901188390882,1.4082090381405934,2.4436758014855293,3.4436758014855293
1.0,0.6271923547730287,1.562975425904257,3.022556628812243,4.022556628812243
1.0,0.5914415189020952,0.8319268161735736,1.666068534049389,2.666068534049389
1.0,0.5390872195498588,0.00336017770192644,1.2999486907545532,2.299948690754553
1.0,0.6294017235805249,0.22644871242154566,-0.03690233426537093,0.9630976657346291
1.0,0.9551283526290222,2.4811624527878315,3.7012398922049883,4.701239892204988
1.0,0.5748947803184502,-0.068248472431729,1.3174979675237193,2.3174979675237193
1.0,0.0641510375463316,-0.21888074255051218,-0.319522195782165,0.680477804217835
1.0,0.2305652850717144,-0.01414236079738897,-0.3272904605752054,0.6727095394247946
1.0,0.4707662995534233,0.4273193529325555,0.7020795147517259,1.702079514751726
1.0,0.2756396510824798,-0.05796926930334302,0.7202456138093766,1.7202456138093765
1.0,0.613520310455722,0.7268288044885369,1.429736263437456,2.429736263437456
1.0,0.2942984039110637,0.1302968600919592,-0.8022178507727781,0.19778214922722193
1.0,0.6841591683887339,-0.8736979861082966,0.2171103982030327,1.2171103982030327
1.0,0.05881442117313416,-1.3425068289763276,0.8109509308718714,1.8109509308718714
1.0,0.5100922972312767,0.35706391765023465,2.055045787941268,3.055045787941268
1.0,0.4650824139001956,-0.5490757033979071,-0.07211406563441769,0.9278859343655823
1.0,0.9642902771346809,1.6425568541560136,3.3085183230179034,4.308518323017903
1.0,0.1533848991228337,-0.1518500463728155,1.9286954724873584,2.9286954724873584
1.0,0.3826961775083302,-0.16312190809304217,2.524063592447637,3.524063592447637
1.0,0.5536583697313152,0.6708922556037291,0.9136910158386157,1.9136910158386158
1.0,0.5833776085604025,0.4221731446715408,1.6027455029479019,2.6027455029479016
1.0,0.04966738988508162,-1.0912788570321044,-1.1207086638062667,-0.12070866380626666
1.0,0.08952806432382589,-1.1975714463081477,-1.983545102919814,-0.9835451029198139
1.0,0.6284520639814895,-0.67869456039544,0.2778964912274867,1.2778964912274868
1.0,0.3050217496023607,-0.5240144836051701,-2.0924470905307246,-1.0924470905307246
1.0,0.5101398430710101,-0.4473454977977459,0.3059875865738296,1.3059875865738295
1.0,0.4371875745583767,-0.3641330629726793,0.3608762818821507,1.3608762818821507
1.0,0.25925674200848653,-1.4921153122421082,-2.253074291548198,-1.2530742915481978
1.0,0.08553782263348716,-1.1114150275390073,-2.9369666313357037,-1.9369666313357037
1.0,0.7078289614118692,-0.15551392412955053,0.7781959932631566,1.7781959932631566
1.0,0.18060909336377726,-0.9399256351869933,0.15691981682644052,1.1569198168264405
1.0,0.23445561306680643,-0.15901796438424234,0.964169256121031,1.964169256121031
1.0,0.6646144696272356,0.9799933312652238,2.3706901244938434,3.3706901244938434
1.0,0.7549029198264224,0.14556028789081987,4.818047087597,5.818047087597
1.0,0.12644675281824633,-0.9241716767464387,-1.2040097578033837,-0.2040097578033837
1.0,0.9865720521664989,2.488837114905349,4.89828289051633,5.89828289051633
1.0,0.23141269368811404,-0.6213151402110175,0.7953509713197298,1.7953509713197298
1.0,0.35257857113701696,-0.43265925157383345,1.5011185188588232,2.5011185188588234
1.0,0.2972098564829374,-0.08021917363312431,-0.5965703508219979,0.40342964917800206
1.0,0.07232972444317404,-0.9179575353817679,-1.9826107462770213,-0.9826107462770213
1.0,0.4097670439700396,0.3735295995135998,1.1871042687792912,2.187104268779291
1.0,0.9097796739254824,1.4132174699325073,2.8814143099119818,3.8814143099119818
1.0,0.184572771351807,-0.5631515427224665,0.11388910345215458,1.1138891034521545
1.0,0.15106389068529572,-0.1847702289437152,0.18718980506626326,1.1871898050662633
1.0,0.7805553349427127,0.0804358734447288,2.225170133429846,3.225170133429846
1.0,0.07256222371303822,-2.590706668758919,-3.1279778665248017,-2.1279778665248017
1.0,0.14142009512605053,-0.7751012660224029,-0.9290715927872766,0.07092840721272342
1.0,0.11570786095448514,0.2957523083921116,0.442894379227573,1.442894379227573
1.0,0.10652441326126315,-0.35933849211388025,-1.162530960900361,-0.1625309609003609
1.0,0.20807619200776592,-1.3627686238228571,-4.2694534973831555,-3.2694534973831555
1.0,0.13097504218178332,-0.37435948211288833,1.8733785184004454,2.8733785184004454
1.0,0.07767865043552452,-1.2541889084363178,-2.922987387752589,-1.9229873877525892
1.0,0.6128456982379807,1.2139478323184956,1.5493106950272526,2.549310695027253
1.0,0.5716423943689253,-0.6992148137321069,1.041131435147512,2.041131435147512
1.0,0.17145118997004272,0.4665923445559484,0.8262190076483653,1.8262190076483653
1.0,0.4567138713394983,-0.4735008027357566,1.2203090875110023,2.2203090875110023
1.0,0.47313581043853825,0.07513206290068358,-0.3996339579813808,0.6003660420186192
1.0,0.8258436650882075,0.8140284593502005,2.8695510039122682,3.8695510039122682
1.0,0.22513361258796544,-0.29398945027176226,-0.6722512286597325,0.3277487713402675
1.0,0.8600097594925946,0.5789493053063929,2.520721930517152,3.520721930517152
1.0,0.21542642647057844,-0.7827841007643815,0.2976332072407476,1.2976332072407475
1.0,0.7966115278345216,0.15249833541518687,1.4443579284118675,2.4443579284118675
1.0,0.8563494171143687,1.0087442218184095,2.797534219532702,3.797534219532702
1.0,0.3067999875086332,0.24326074194645428,0.2929330012877819,1.292933001287782
1.0,0.3947930068668411,0.08932718677326058,1.9620771984573695,2.9620771984573695
1.0,0.02644255781253732,-1.7020175410617124,-0.7321539883667776,0.2678460116332224
1.0,0.5794933429623533,0.6781213523232124,0.896257197019077,1.896257197019077
1.0,0.9805270110837945,3.052939121972465,6.950202549104625,7.950202549104625
1.0,0.763990636356411,0.7209813385229211,3.006914222214681,4.0069142222146805
1.0,0.15989363840127083,0.298288164830344,4.089024701104471,5.089024701104471
1.0,0.7908946544642058,1.0518394879960662,2.246165330825372,3.246165330825372
1.0,0.5181755802845777,0.9759426224476603,1.8933735064409092,2.893373506440909
1.0,0.5005620442594049,0.8131321808007449,1.3857716342961879,2.385771634296188
1.0,0.3739938816904603,0.3106447526458619,2.5838969360671067,3.5838969360671067
1.0,0.16074927132241956,-1.3143098476461879,-0.8874990757616072,0.11250092423839275
1.0,0.2596846455924138,0.44062193259178245,1.9718654646115625,2.9718654646115628
1.0,0.5078466002126879,0.25918698206449686,1.7563489589396646,2.7563489589396646
1.0,0.7448426817209041,0.9461684966433926,2.4217098142411264,3.4217098142411264
1.0,0.6907377035535069,0.12112139748762395,-0.49675940782881645,0.5032405921711836
1.0,0.2722757954886067,-0.7911463799496942,-0.5945902828530153,0.4054097171469847
1.0,0.35548093012672516,0.12048212475924172,3.609907192552724,4.609907192552724
1.0,0.19431536793816,-1.038526379369646,1.7202570271353013,2.7202570271353013
1.0,0.2634934741486462,-0.6189882568359629,0.29875036348479617,1.298750363484796
1.0,0.5278395334239111,0.9750323363460319,3.025206048201982,4.025206048201982
1.0,0.016571630712395143,-2.7816650887995,-3.296265599753849,-2.296265599753849
1.0,0.3413877129689116,-0.0462803820893871,1.5716047444745675,2.5716047444745675
1.0,0.2703607588374264,-0.37890699113032333,-0.9220524638858736,0.07794753611412641
1.0,0.19649478467630718,0.46711267154069247,0.049653468765136655,1.0496534687651367
1.0,0.9707440973163549,2.047421670182365,3.285741216025647,4.285741216025647
1.0,0.4150869939158122,0.5702471922190014,2.8692027128167013,3.8692027128167013
1.0,0.5580310008985763,0.674987312877608,1.9210505004472915,2.9210505004472918
1.0,0.8727965079226172,0.7508204857681813,1.5105600444794411,2.5105600444794414
1.0,0.1745217751101903,-1.5902980511754543,-2.948907472214011,-1.9489074722140112
1.0,0.6556209193895445,0.9162621218488926,3.0070509717742455,4.0070509717742455
1.0,0.8779024147203125,0.20061838663459075,2.1770588297137548,3.1770588297137548
1.0,0.2886642435612791,-1.021690033714352,-0.8468614287337466,0.1531385712662534
1.0,0.8755916882385962,2.2532319139341404,3.793807107947137,4.793807107947137
1.0,0.4718167930795238,0.08104957285567961,0.8566542387708891,1.856654238770889
1.0,0.21637012600409836,-1.4098382285128248,-0.4847326719740782,0.5152673280259218
1.0,0.34617252647292773,-0.40205497055624834,1.5822049797015663,2.582204979701566
1.0,0.4728113724827743,-0.019932095284121928,2.8574876894282033,3.8574876894282033
1.0,0.3191538267493242,0.9787507243827395,1.77340796110978,2.77340796110978
1.0,0.33695274413237875,-0.285204567767248,1.2357983211740238,2.2357983211740238
1.0,0.6571966115734541,0.6873759736177791,1.9456229234441833,2.9456229234441835
1.0,0.3579616525110101,-0.7908949437700339,2.146703393626992,3.146703393626992
1.0,0.532013464824424,0.09838490927112757,-0.010604925601362503,0.9893950743986375
1.0,0.3324267682506494,-0.3704087256151525,-1.310155076314004,-0.31015507631400396
1.0,0.050301516755071746,-1.9892097532406754,-2.1823463919227057,-1.1823463919227057
1.0,0.8677970037798147,0.8572333857197924,1.6889688610770526,2.6889688610770524
1.0,0.10979136024739053,-0.9443160799856757,-2.0974459770845453,-1.0974459770845453
1.0,0.062434492962203554,-1.2661759848283638,-1.3705789598833098,-0.3705789598833098
1.0,0.5257972469881772,0.40241682800476813,1.6935582406021603,2.6935582406021603
1.0,0.45633418838621603,0.3884083201231508,0.7939808942802973,1.7939808942802973
1.0,0.6332693683217755,0.34004479775997193,2.249705819304851,3.249705819304851
1.0,0.6110194196055339,0.17615695841371365,0.9687943582465126,1.9687943582465126
1.0,0.5092668361200724,0.9994267437174711,4.014148109207231,5.014148109207231
1.0,0.06156467066153372,-1.7178070786383703,-2.016580262436755,-1.0165802624367548
1.0,0.7113886459244941,0.24034678035143428,1.6427943262413096,2.64279432624131
1.0,0.6400820678123146,0.6667269311345716,3.468074446624347,4.468074446624347
1.0,0.047911796439767486,-2.547429375300993,-2.314388094974553,-1.3143880949745528
1.0,0.23104916679642837,-0.156086123759585,1.9396993906965432,2.939699390696543
1.0,0.21905177682216873,-1.259332280776287,0.8677532707265443,1.8677532707265443
1.0,0.07293854082020687,-0.95062200800729,0.5697929115357176,1.5697929115357176
1.0,0.4071947009716171,-0.3345218651302859,-1.5269824861180683,-0.5269824861180683
1.0,0.7700801953527392,0.499197819724168,2.464100210661415,3.464100210661415
1.0,0.591214747405305,1.345400732371272,1.9936461173309596,2.9936461173309596
1.0,0.15809180616856774,-1.943068551108514,-0.25438358458325805,0.745616415416742
1.0,0.02260222902021766,-2.344621641149666,-3.305723160326214,-2.305723160326214
1.0,0.9124408995535188,1.7601008522603705,4.374148460566218,5.374148460566218
1.0,0.11024184446032982,-0.6237662498855063,0.040788914478994354,1.0407889144789944
1.0,0.5085749599893973,-0.17760502492152588,3.157371570912069,4.157371570912069
1.0,0.9234626635544394,1.0026818394017845,3.7560186097928177,4.756018609792818
1.0,0.5068540141530565,0.6608684727371178,1.2178441048246587,2.2178441048246587
1.0,0.06375635572520943,-1.1171839658514087,-0.36344211093303935,0.6365578890669606
1.0,0.22600794409503208,-0.03674117574157821,-0.05366263120351074,0.9463373687964892
1.0,0.37643111158079723,0.008874761877501275,0.6206290646618491,1.620629064661849
1.0,0.6993672457613218,0.18457279586406278,2.6884360926309516,3.6884360926309516
1.0,0.7868201669211995,0.7849210078570729,3.6063022160180593,4.60630221601806
1.0,0.19777955844996675,-0.9529747976616196,0.10141142627024137,1.1014114262702415
1.0,0.2508472411100844,0.4704753491511682,1.7440305094330353,2.7440305094330353
1.0,0.08264447786082442,-1.8631960932918066,0.190525827422387,1.190525827422387
1.0,0.3231675619977322,-1.2497787820981892,-1.9489338800511924,-0.9489338800511924
1.0,0.43037081025515767,0.3656747327014065,1.7469353590676973,2.746935359067697
1.0,0.5854704154138825,1.4177787731876181,2.9778250660298986,3.9778250660298986
1.0,0.5615534935217882,0.7628600178828161,3.333068720292741,4.333068720292741
1.0,0.06531915899323486,-1.1006356742919299,-0.05316328012116417,0.9468367198788359
1.0,0.8327584958557785,0.7569747164693598,4.417715357271678,5.417715357271678
1.0,0.7239668863819355,-0.02466483055545489,0.35743233358114357,1.3574323335811436
1.0,0.890086698296277,1.3336672710883024,2.9829044367491546,3.9829044367491546
1.0,0.2293616641129401,-0.2571519071701206,1.6631865671984039,2.663186567198404
1.0,0.7874241370048991,0.9048313813214822,4.020142651756004,5.020142651756004
1.0,0.04752669861171106,-3.05383772512399,-4.063171398171081,-3.0631713981710806
1.0,0.44582072271658585,-0.30947630115392094,0.6894117829480811,1.6894117829480813
1.0,0.5077874882775806,-0.21573002874184538,-0.892076080284106,0.10792391971589399
1.0,0.3874686792877186,-0.9201335709749133,-1.5777925719808807,-0.5777925719808807
1.0,0.30076051611581495,-1.788973495377726,-0.6873350460662587,0.3126649539337413
1.0,0.4157686134034351,0.2589896014641424,2.448237669888355,3.448237669888355
1.0,0.23161089961645534,-0.33701186689251245,-0.3974003937291325,0.6025996062708675
1.0,0.6790184962733107,1.1384970286424794,1.2798298091393043,2.2798298091393043
1.0,0.4370919194554827,-1.493532416945106,-0.23303427279954805,0.766965727200452
1.0,0.42180141958965783,0.594407173825384,0.45700445796417366,1.4570044579641737
1.0,0.1869426866366157,-1.8466284897199186,-0.7451267942126251,0.25487320578737493
1.0,0.03708283298276934,-1.48189464087979,-1.1233623529316814,-0.12336235293168141
1.0,0.6405857079894103,1.341380448623702,4.267657025469332,5.267657025469332
1.0,0.4148575843302264,-0.8827516365126153,0.9863116117937052,1.9863116117937052
1.0,0.28754611913455047,-0.7754274207639078,0.9041032922107808,1.9041032922107808
1.0,0.10950854163718655,-0.7571776159507111,-1.3573920730045077,-0.3573920730045077
1.0,0.9454469842462966,2.477277914239759,4.460861138125875,5.460861138125875
1.0,0.06933919100370341,-0.3827666605277865,0.10982543771790299,1.109825437717903
1.0,0.7782692650931661,-0.016209140510081058,0.6429221901850357,1.6429221901850357
1.0,0.8639908486011771,1.5988038471158859,0.8477122694637533,1.8477122694637533
1.0,0.038052138454454314,-2.3285025565545547,-1.9424677513263506,-0.9424677513263506
1.0,0.1295284100798242,-0.9723830092415218,0.5777243246606403,1.5777243246606403
1.0,0.3306911633008425,-0.18704889584632686,0.7862499270063794,1.7862499270063794
1.0,0.8511063155463868,1.485206604249756,3.1963741957553653,4.196374195755365
1.0,0.9098955528788725,1.2812944121414838,3.433314880874828,4.433314880874828
1.0,0.7362398083514319,0.8495708156410064,3.5510340131222318,4.551034013122232
1.0,0.21152663343159359,0.061704556344966695,0.0151237936180032,1.0151237936180033
1.0,0.022248260608885764,-1.9031867050667948,-2.839176349480532,-1.8391763494805322
1.0,0.15976158704736376,0.10456612931567637,0.8797766738053154,1.8797766738053154
1.0,0.19945505246046613,-0.5868911407070108,-1.1664747054956734,-0.16647470549567345
1.0,0.46657770652249664,-0.48610977795050875,0.4988883037800798,1.4988883037800798
1.0,0.6252246355910142,0.7690855174961702,2.4617565945959186,3.4617565945959186
1.0,0.9835338646221932,2.742570967222695,5.6416091003587665,6.6416091003587665
1.0,0.40004681493207145,-0.20601637960556624,1.3419408547675196,2.3419408547675196
1.0,0.056444513493994194,-1.479929249471058,-0.3749328380918059,0.6250671619081941
1.0,0.26167211657609246,0.5394333481860786,2.464144469102874,3.464144469102874
1.0,0.08436372258887492,0.41093368592193286,1.0484838311993494,2.0484838311993494
1.0,0.537756231090458,-0.2712780707521044,2.6656923579015217,3.6656923579015217
1.0,0.10021584471441347,-1.1043278940590993,-0.4924259065204202,0.5075740934795798
1.0,0.08123310855380372,-0.6315057583319333,0.3594911363411625,1.3594911363411626
1.0,0.2284428234154114,-0.32945672993863506,-0.9877103787559136,0.01228962124408639
1.0,0.9188889140504892,1.5494564399062216,3.5636346111131965,4.563634611113196
1.0,0.5597447008318082,0.05926307688428485,0.7685336545830899,1.7685336545830899
1.0,0.5442156681406611,-0.260132669740592,1.6858443929357712,2.6858443929357714
1.0,0.309584057006639,-0.9865021149420751,0.07163960829592375,1.0716396082959236
1.0,0.5789347908301239,0.8990790876859576,1.4255091218275826,2.4255091218275826
1.0,0.22609730987993845,-0.10379333577316546,-0.8379081570837941,0.16209184291620593
1.0,0.1782721213607019,-1.0704006043142864,2.58676470738975,3.58676470738975
1.0,0.658515898637126,1.1281260955442027,3.1139898733773763,4.113989873377376
1.0,0.4048358590525462,-0.048781485158070285,0.9414941973491467,1.9414941973491469
1.0,0.8520508790593863,0.3311368664971291,1.4513828872820307,2.4513828872820307
1.0,0.7369197222262635,0.5834237219210697,4.112219215494219,5.112219215494219
1.0,0.7032763670411376,0.7528724125955004,1.889388767924108,2.8893887679241077
1.0,0.36882047998099016,-0.10024280530910404,0.35507137754229773,1.3550713775422978
1.0,0.8485950618280217,0.5507588652255201,1.6095611106441967,2.6095611106441967
1.0,0.888691453317302,1.3069143958917728,5.996438772464253,6.996438772464253
1.0,0.9127701336420322,1.4512429330110057,3.869895082104237,4.869895082104237
1.0,0.2021887982765157,-1.3138162220724565,-0.4152817400431834,0.5847182599568166
1.0,0.21962244525874033,-0.0017303070057090094,0.6109558833088689,1.6109558833088689
1.0,0.8897859147911562,1.1808069056997796,1.267268970512119,2.267268970512119
1.0,0.9700735481222558,2.5168393106539657,5.845778919907335,6.845778919907335
1.0,0.4286672510388992,0.2361476142664824,1.1889730829852865,2.1889730829852865
1.0,0.2432297986308329,-0.10642464256097196,1.8649594844049304,2.86495948440493
1.0,0.22709397477876,-1.6777004808299025,0.05522437834423349,1.0552243783442334
1.0,0.5790091380602309,0.39184246219145696,2.0639499371159684,3.0639499371159684
1.0,0.7645692322877161,0.8192826704973456,0.9297261138218864,1.9297261138218864
1.0,0.8708981303896218,1.348185270601016,1.290062668692627,2.2900626686926273
1.0,0.7408597536808915,0.5424102969899653,2.1921742297587357,3.1921742297587357
1.0,0.9845283955110585,1.7539283705396163,4.7175253745178205,5.7175253745178205
1.0,0.3805775565276086,0.7027630703043621,1.5965483703486407,2.596548370348641
1.0,0.6923112380531566,1.427865505183568,2.3909719480502667,3.3909719480502667
1.0,0.8856064917101013,1.5702075435102798,3.1721222012728356,4.172122201272836
1.0,0.292922871515562,-0.02796429969891854,2.294651297254946,3.294651297254946
1.0,0.44125083731367615,0.5854743952050885,0.3487076825948219,1.3487076825948219
1.0,0.016239157220491712,-2.9528991078779274,-4.435995173685782,-3.4359951736857823
1.0,0.45756781948834363,-0.03559827340227029,1.9611251306454904,2.9611251306454904
1.0,0.029089057921368282,-0.8199120439627204,1.8686616398771771,2.8686616398771774
1.0,0.1535575263837243,-0.8824044807602262,-0.8487115917924498,0.15128840820755018
1.0,0.10466138390958449,-0.5345947400057184,0.40132865491039604,1.401328654910396
1.0,0.6992210678123904,0.9414483543820065,1.3993013372404106,2.3993013372404106
1.0,0.3461998537088268,0.20575769011383405,1.4798949399490584,2.4798949399490584
1.0,0.11024967689221851,-1.9576753595230845,-1.4272211081832458,-0.42722110818324577
1.0,0.37867977271578807,-0.3159131942401158,-0.26649500732550235,0.7335049926744976
1.0,0.4288079541884645,-0.5915126896643137,1.1088733168223546,2.1088733168223546
1.0,0.6785939565754086,0.5867993982094081,1.220890831494581,2.220890831494581
1.0,0.24226194045417107,0.11637659092100801,0.7073044791607287,1.7073044791607286
1.0,0.5365533021748444,0.31566366643442273,0.7684693079577984,1.7684693079577984
1.0,0.13517895833232724,-0.7196157614434654,1.3496726399149206,2.3496726399149206
1.0,0.07192573533198945,-1.8124966487757044,-2.3038685616129095,-1.3038685616129095
1.0,0.05528955507210511,-1.004343387792127,-1.5140336631126188,-0.5140336631126188
1.0,0.20522105798863755,-0.29195278186975343,0.49778456449988573,1.4977845644998857
1.0,0.843291025506638,0.248879489516893,2.928893767614005,3.928893767614005
1.0,0.7936750804127669,1.7618212598032892,2.5482990878173566,3.5482990878173566
1.0,0.11381965941109284,-1.4434842257725657,-0.2623153278265856,0.7376846721734144
1.0,0.027656536956796218,-1.2655634750277514,-3.3259155444773687,-2.3259155444773687
1.0,0.9838666832630203,2.2802311343531767,3.3738291503693,4.3738291503693
1.0,0.6624866758358731,-0.7540982626992985,0.2466612900411725,1.2466612900411724
1.0,0.877870462105389,0.8870624251641803,3.0355554609135225,4.035555460913523
1.0,0.5973788854693508,-0.8739180175669161,0.33601626388494676,1.3360162638849467
1.0,0.3629280834989245,-0.49144670883119757,-1.6642482812884811,-0.6642482812884811
1.0,0.10632583402753096,-0.6268806190182551,0.5122118966509648,1.5122118966509648
1.0,0.2383234921569945,-0.07532363755870847,-0.2292881041086038,0.7707118958913962
1.0,0.2376943804389963,0.06175791809756263,2.568372056999603,3.568372056999603
1.0,0.526214297924641,-0.21086091188804593,0.6801483204567207,1.6801483204567207
1.0,0.3697359512159588,-0.2447644226891897,1.384102627026291,2.384102627026291
1.0,0.2027179259887509,-1.0779145424387657,-1.189743597654556,-0.18974359765455606
1.0,0.8826526414697702,0.3947037740842042,0.8204817823962354,1.8204817823962354
1.0,0.8619159788013039,2.178539198266696,3.770034130729707,4.770034130729707
1.0,0.2508126256650231,-0.3033044000667469,-0.3500144663164378,0.6499855336835623
1.0,0.19844702963272637,-1.0367824150503853,-0.8892097241983947,0.11079027580160528
1.0,0.3304259431848747,1.1432102431144981,4.060662396213122,5.060662396213122
1.0,0.19638735205803529,0.47244664668356723,2.4596649484682467,3.4596649484682467
1.0,0.08498753308268284,-1.584971723485242,-1.0735313522963796,-0.07353135229637964
1.0,0.5371606406692453,-0.3478725959322237,1.3747677032159116,2.3747677032159116
1.0,0.6969575671579297,0.743697409008522,2.8344731991536842,3.8344731991536842
1.0,0.35245309732940344,-0.8641024521713244,0.9466563066621251,1.946656306662125
1.0,0.4069357313173772,-0.4792928629093939,-0.23433007893848257,0.7656699210615174
1.0,0.32399303836025234,0.28829683825700964,2.215843401279092,3.215843401279092
1.0,0.17134592030092352,-0.41189230491236906,-0.8165393927805156,0.18346060721948443
1.0,0.10025224500481361,-0.305365470429115,-0.12676323402748624,0.8732367659725138
1.0,0.9313092438448077,1.3048309202110089,3.666515810187847,4.666515810187847
1.0,0.2785006994450502,-0.9156036134827583,-0.0618048975389527,0.9381951024610473
1.0,0.3494364814692038,-0.7241633645043397,-0.39023075027427195,0.6097692497257281
1.0,0.045314434647560686,-0.8722369169368869,-0.8924166281703902,0.10758337182960975
1.0,0.4300823307965519,0.6651383179883383,2.4718205074017376,3.4718205074017376
1.0,0.13233963108404959,-0.5029080814914638,0.35898463687412163,1.3589846368741216
1.0,0.44446180985128525,0.9397671154277915,0.7153676907897044,1.7153676907897044
1.0,0.5733139321865651,0.4916267578351424,2.1814677003465404,3.1814677003465404
1.0,0.601011538630648,0.027359207851559125,0.5613910229588503,1.5613910229588503
1.0,0.5294394120914727,0.67459446804617,2.8441788289664256,3.8441788289664256
1.0,0.09297746681643038,-1.9034902115056402,-1.9292155518455167,-0.9292155518455167
1.0,0.2863396964648777,-0.8984330314448722,0.28853019682870396,1.288530196828704
1.0,0.9768367024843637,1.6163344249327793,3.5267872763721124,4.526787276372112
1.0,0.8691297471579481,1.5505902316193592,4.573601567695128,5.573601567695128
1.0,0.037845799566960305,-1.9253681604130248,-1.9336072035240472,-0.9336072035240472
1.0,0.516031977361082,0.9552143442807918,0.5658736044258665,1.5658736044258665
1.0,0.10125126966956115,-1.208778306623946,0.4757078633925568,1.4757078633925569
1.0,0.48730997324947256,-0.05040441959920194,1.0168975649273548,2.016897564927355
1.0,0.2891629105636915,-1.0536323719538245,-2.1043329178443004,-1.1043329178443004
1.0,0.38415037433868154,0.15285466763124977,2.8761131659752572,3.8761131659752572
1.0,0.48447369457493644,-0.21287146370517232,3.313250830808458,4.3132508308084585
1.0,0.5296607565479822,1.0841742807131725,3.542002960259739,4.5420029602597385
1.0,0.1580707658814076,0.47781831872317015,1.8969205241020721,2.896920524102072
1.0,0.7321060357154413,-0.7120028905693879,1.0284155124468637,2.0284155124468635
1.0,0.6656874450876937,0.3234029764401308,2.0342497214649984,3.0342497214649984
1.0,0.11938276279439258,-0.6298501607577105,0.339865857968339,1.3398658579683391
1.0,0.4666025820895675,0.04170412086167657,-0.3368549131723142,0.6631450868276858
1.0,0.8590050787292347,0.9925375066569975,0.3747212488206051,1.374721248820605
1.0,0.8112710089819424,0.42092236650976267,1.4916449214217893,2.4916449214217895
1.0,0.9373423230993337,2.0297451938124147,2.325838195467197,3.325838195467197
1.0,0.621321994489588,0.4334787433935836,0.9975725909259685,1.9975725909259685
1.0,0.47327411419328125,0.24368952337700286,2.193491717866248,3.193491717866248
1.0,0.41172282043736763,1.5624239359842396,1.8762951578178557,2.8762951578178555
1.0,0.6358263095952255,0.5915908840308997,2.7232906028094206,3.7232906028094206
1.0,0.226493743104844,0.07718739506608012,0.7560749184925473,1.7560749184925473
1.0,0.16332709103108525,-0.006733645270838995,0.825197776248751,1.825197776248751
1.0,0.0847567494381616,-2.048368271546376,-2.1164270901966353,-1.1164270901966353
1.0,0.1990156154322336,-0.6532364692099153,-2.2119848372887247,-1.2119848372887247
1.0,0.9060247118478418,1.4490205479056908,4.313159584477882,5.313159584477882
1.0,0.8993893405131672,1.2486853460801708,2.1923908449777194,3.1923908449777194
1.0,0.748967785098434,0.8365812989434155,1.413791652785362,2.413791652785362
1.0,0.02133224827552208,-1.3575518421755584,-2.6475805975608964,-1.6475805975608964
1.0,0.9842981957882505,2.682206854664592,6.929591790125108,7.929591790125108
1.0,0.019511189014605045,-2.92457846118061,-5.71260375843624,-4.71260375843624
1.0,0.719104258845513,2.1745138199919607,5.395885828385297,6.395885828385297
1.0,0.5576442737364675,-0.5010995513733413,2.0710430006410117,3.0710430006410117
1.0,0.786256604352771,1.9281198927272192,3.1082929153916194,4.108292915391619
1.0,0.36792788279235344,-0.7840511853110188,-0.03369828787205864,0.9663017121279414
1.0,0.648129233595451,0.0371903983300215,2.6451057588067974,3.6451057588067974
1.0,0.776491975501597,1.0807649738225371,3.781896757824992,4.781896757824992
1.0,0.4474391008920219,0.7061881843775702,1.3909972765571124,2.3909972765571124
1.0,0.5626855662817798,0.44952945279052564,4.639632132505151,5.639632132505151
1.0,0.4136708142655905,-0.6595670529316914,0.496200184071538,1.496200184071538
1.0,0.19296006382019965,-0.5815135318373105,-0.9528266254541177,0.04717337454588233
1.0,0.4527157817463164,-0.295818501370952,1.5985475269433718,2.5985475269433715
1.0,0.21192330502586063,0.433964387631616,1.763646452588559,2.763646452588559
1.0,0.8730990136810446,0.6123432399290593,1.871946831702611,2.871946831702611
1.0,0.6839048558837537,0.35133433388468605,2.7274210236255,3.7274210236255
1.0,0.7625377877434752,1.0317116250805147,1.7159115909916642,2.7159115909916642
1.0,0.07566499845667522,-1.293056931346746,-0.3857552254744814,0.6142447745255186
1.0,0.09005925238383371,-1.0425148118941192,-0.08932121613469735,0.9106787838653027
1.0,0.37262114523984136,-0.3480595450349658,-0.03820660493011713,0.9617933950698829
1.0,0.43306688076886074,-0.1763038180152434,2.596765866862497,3.596765866862497
1.0,0.026869715545323872,-1.2962596498193963,-1.0042650574230785,-0.004265057423078478
1.0,0.5556355309164026,-0.6028597220445177,-1.0151011839015576,-0.015101183901557569
1.0,0.1526860682114066,-1.2091876177696215,-2.230291718396888,-1.230291718396888
1.0,0.2556593641138037,-1.2521946249629354,-0.7937005244448553,0.20629947555514472
1.0,0.7689024899949004,0.7227440928718117,2.6792544901279363,3.6792544901279363
1.0,0.3109490730233528,0.03073797364728842,1.4449613758599495,2.4449613758599495
1.0,0.5588241628139864,-0.010500300186034036,-0.31421553836423877,0.6857844616357612
1.0,0.6185464008522533,0.8198574802759977,2.7274459628240124,3.7274459628240124
1.0,0.6831601576740919,0.5977253166556075,0.97776945846452,1.97776945846452
1.0,0.292270463990944,0.21628877024310444,2.5888976066780724,3.5888976066780724
1.0,0.005208325960147358,-3.3025907407293364,-4.934800701308508,-3.9348007013085082
1.0,0.12803183458556872,-0.40623081427028895,0.6758019663877554,1.6758019663877555
1.0,0.11254806419335125,1.0918448179115594,5.0721954340582505,6.0721954340582505
1.0,0.2398278423194476,-0.3749905297542241,-0.7047531355764796,0.29524686442352044
1.0,0.7140904336498047,-0.24646799011628173,0.06880994335211277,1.0688099433521128
1.0,0.49234791539831624,1.0869247348682214,3.65990641947951,4.65990641947951
1.0,0.45491049744676,0.5057415672125462,2.3435099134756747,3.3435099134756747
1.0,0.6294359523022179,1.2654332034873819,3.479631656615901,4.479631656615901
1.0,0.047649823940029465,-0.9215114035439067,-1.742453321138757,-0.742453321138757
1.0,0.4303860997194188,1.0537184848579477,1.3001517767491593,2.3001517767491593
1.0,0.8309004149663408,0.5489962082512214,2.225158827919009,3.225158827919009
1.0,0.7048301022742914,-1.5772054400622515,-1.1198934643855103,-0.1198934643855103
1.0,0.5828546445946455,0.7154155662805776,2.25569344622604,3.25569344622604
1.0,0.3156291338350434,0.3870084136317562,2.204815526326359,3.204815526326359
1.0,0.2004463056545238,-1.3552672906589809,-0.5843911103547104,0.41560888964528964
1.0,0.08268752871362448,-1.0432926093173933,-2.0389838644535496,-1.0389838644535496
1.0,0.15146786447431337,-1.3354175868940419,-1.3227508448708223,-0.3227508448708223
1.0,0.9574700623809487,2.8403745357189765,4.802758094479581,5.802758094479581
1.0,0.041719579423415705,-1.003533153193302,-0.7825912997969846,0.2174087002030154
1.0,0.8998987988566023,1.0113643564742518,2.5373344151549575,3.5373344151549575
1.0,0.3480624755184879,-0.11857770974114133,0.20792819856353506,1.207928198563535
1.0,0.4584712613798161,-0.9241695260659766,2.3142791978752104,3.3142791978752104
1.0,0.5088780042556688,-0.4103175080737486,1.2677498562551142,2.267749856255114
1.0,0.23454296768225066,-0.49258418615551597,-0.47715410915088496,0.522845890849115
1.0,0.08261242448255647,-0.6305697096527233,-1.0108001713905979,-0.010800171390597857
1.0,0.3212861702702827,-0.03356090042111635,0.9300419687108272,1.9300419687108272
1.0,0.34230234572468304,-1.3405097621159126,-0.6563652133843699,0.3436347866156301
1.0,0.35656008899417535,-0.8206245349571153,-1.516278033996171,-0.516278033996171
1.0,0.14509745093207513,-0.6593015749663322,-2.6482348854632347,-1.6482348854632347
1.0,0.6961889921248354,1.2485065860994746,3.527281629926858,4.527281629926858
1.0,0.09494527546188854,-1.4068932333887176,-2.5790108060793986,-1.5790108060793986
1.0,0.6210576220661137,1.276447276578146,1.1513667982042302,2.15136679820423
1.0,0.29979810487562525,0.6620164234048636,0.8387559028128103,1.8387559028128102
1.0,0.36988772421777755,-0.0988959547027739,-0.11725610493133665,0.8827438950686634
1.0,0.07403484672944881,-1.5353990557680324,0.08098127194857718,1.0809812719485772
1.0,0.2502140964444387,-0.9953275702352644,-1.5041312614196154,-0.5041312614196154
1.0,0.28058558280647183,0.18975658998689338,0.951746211224875,1.951746211224875
1.0,0.7112142795462827,0.3234192837773425,1.9649864815709805,2.9649864815709805
1.0,0.1052604864611296,-0.7570043523882416,-0.5503872457624575,0.44961275423754254
1.0,0.4357068179200799,-0.7624805535964163,-1.7061467616649038,-0.7061467616649038
1.0,0.027261734936549185,-2.536628159140746,-2.621369633528834,-1.621369633528834
1.0,0.18802616610956452,-0.6860742735158721,-1.4306315316285716,-0.4306315316285716
1.0,0.7460403564288398,0.9156803549796442,3.1759987118554,4.175998711855399
1.0,0.1292277875710367,-0.8512161678319732,-0.34683606483152796,0.653163935168472
1.0,0.5143622673858328,1.1070557773976533,2.5062115837957837,3.5062115837957837
1.0,0.5521225066422285,0.6743570842117176,3.306904435706027,4.306904435706027
1.0,0.8592342859795794,1.1216785278384611,2.914235678479204,3.914235678479204
1.0,0.7337362724940713,1.1929881704965193,3.255122345310099,4.255122345310099
1.0,0.34774287086946015,-0.38197022548288584,-1.0317097366392893,-0.03170973663928933
1.0,0.037361691730268036,-2.0665233267795795,-2.6913731408264607,-1.6913731408264607
1.0,0.21088762178228218,0.1053269398484289,3.8825124878242976,4.882512487824298
1.0,0.24737244014687934,-0.5933589774936338,1.1325413423420023,2.1325413423420025
1.0,0.5993608009063566,0.5369883888616692,1.0100626825714414,2.0100626825714416
1.0,0.03890555115457589,-1.5994946544171222,-1.4135440565117017,-0.4135440565117017
1.0,0.9737716930518638,2.0330649820836477,4.0558881128615445,5.0558881128615445
1.0,0.12116458319728192,-2.340437679961075,-0.09802522366814403,0.901974776331856
1.0,0.5139326165302217,0.7266568951980232,1.2626479778628161,2.262647977862816
1.0,0.8575177872823717,0.31128405688970534,0.6233956860627081,1.6233956860627081
1.0,0.36732308760169835,0.10097257285391548,2.2328387085285253,3.2328387085285253
1.0,0.20407710393121534,-1.0775782837599408,0.5981685229705896,1.5981685229705898
1.0,0.23280802984355484,-1.210836704536681,1.4465097729911591,2.446509772991159
1.0,0.13764358809377783,-1.1625382492086225,-0.16711231906095547,0.8328876809390445
1.0,0.7082683081294409,0.4991700595568206,1.3989002606223293,2.3989002606223293
1.0,0.8667986945639018,0.6281677726176296,2.544094710802433,3.544094710802433
1.0,0.5659155824631374,-1.4696287800308594,-0.2049430050235732,0.7950569949764268
1.0,0.7108614947285915,0.06636410745204956,2.109150623730415,3.109150623730415
1.0,0.6036851796777818,0.3000698816019774,1.9837678298259465,2.9837678298259465
1.0,0.3237121707275182,-0.6457305757155154,0.00746996386216775,1.0074699638621678
1.0,0.10510365034574555,-1.297129075203093,-1.2534016192462674,-0.25340161924626736
1.0,0.24527069523401906,-1.1137860051135908,1.0349453277099956,2.0349453277099956
1.0,0.33688459264364584,-0.3121606956579942,0.4517403673401226,1.4517403673401226
1.0,0.1329464790825036,-2.365575970049587,-0.7504221294969133,0.24957787050308666
1.0,0.32663821391765174,-0.32441222549140514,1.6755206036053458,2.675520603605346
1.0,0.10661224598416034,-1.8852283980587525,-2.648184941724627,-1.6481849417246268
1.0,0.5551458787394067,1.075279999874477,3.853627552161937,4.853627552161937
1.0,0.7533892555208417,0.7384931904549479,2.31105911853241,3.31105911853241
1.0,0.9173663470386454,0.37195449123242386,-0.15057962498578759,0.8494203750142124
1.0,0.15069672701045891,-0.8150249302420595,-1.9389418126012679,-0.9389418126012679
1.0,0.5297084689517864,0.289291135210277,1.2319176547246151,2.231917654724615
1.0,0.7447526199481612,0.5455863046033563,0.2977272964001334,1.2977272964001334
1.0,0.989692597295948,2.4774994804567814,6.052189009408826,7.052189009408826
1.0,0.952932102481691,0.3466283835310499,3.3606443596382594,4.360644359638259
1.0,0.930836229168602,1.7160592243301678,3.4902067038818645,4.4902067038818645
1.0,0.5816570060801288,0.18416775109983682,-0.23328750843307722,0.7667124915669228
1.0,0.5382812778824053,-0.15821949754119016,0.7945844003286047,1.7945844003286047
1.0,0.1447298509422755,0.03131064853529621,-0.26793568324495587,0.7320643167550441
1.0,0.5223031720783697,0.32067093713705547,1.1106600337735206,2.1106600337735206
1.0,0.3955416614910498,-0.6725526379896257,-0.2990367030333735,0.7009632969666265
1.0,0.6228362942837569,-0.4621709974022869,1.8903186796592415,2.8903186796592415
1.0,0.346341367702646,0.8448137270575282,1.0424518697109917,2.042451869710992
1.0,0.5999016095905252,1.1915370090088813,3.0026366190528755,4.0026366190528755
1.0,0.3615733642995173,-0.24676208750027337,0.6414477573622962,1.6414477573622963
1.0,0.0647217411096589,-0.8249144214874005,-1.8203156626812944,-0.8203156626812944
1.0,0.35374155334939894,-0.6934171274231242,1.6671584766717282,2.6671584766717285
1.0,0.3574356949973012,0.049353956800307554,-0.10149384506314219,0.8985061549368578
1.0,0.1275139064176918,-1.5838062573695837,-1.4687548327164648,-0.4687548327164648
1.0,0.16254067681058737,-2.0822695808162424,-1.7628853645766653,-0.7628853645766653
1.0,0.6368219944638137,0.942566007115843,2.7662558147038174,3.7662558147038174
1.0,0.11007090617034913,-0.2920393558424212,-0.12913274621313187,0.8708672537868681
1.0,0.45266258631330625,-0.7504710205457891,-0.953013601805795,0.046986398194205026
1.0,0.5962200777960838,0.27261961048237815,1.0369501677987474,2.0369501677987474
1.0,0.18347159639124816,-1.4902037399218184,-2.142532640228053,-1.142532640228053
1.0,0.5029136816876966,0.6492485891824127,1.3607859737454082,2.360785973745408
1.0,0.06429826460720653,-0.646347043600626,-1.4717428143445193,-0.47174281434451926
1.0,0.04554245075382483,-1.5689831128793765,-0.11924783684766904,0.880752163152331
1.0,0.48093267125610334,0.5992093201039455,1.7758784831217722,2.7758784831217724
1.0,0.4816712840233357,0.19186985153284145,1.0854651764693393,2.0854651764693393
1.0,0.5386688607753766,0.3386460713303974,3.8494881467328548,4.849488146732854
1.0,0.2942835328724125,-0.364020955089829,-1.895502105106054,-0.8955021051060541
1.0,0.29137057272822126,-0.1866139061625443,0.338038488860273,1.338038488860273
1.0,0.49533375851094535,-0.6580480224545961,1.2405664178730587,2.2405664178730587
1.0,0.7322127912520472,0.9681567576786334,2.028780140730677,3.028780140730677
1.0,0.22615514860137792,-0.429576967435903,-0.48853573985800325,0.5114642601419968
1.0,0.3131293858990345,-0.32862788982202723,-0.407126908991421,0.592873091008579
1.0,0.5294610564842877,0.7989210569444465,1.853166176479926,2.853166176479926
1.0,0.6707840935060323,0.9360006523065493,1.9077652865534322,2.907765286553432
1.0,0.12057042125444081,-0.7907072690670561,-0.3874998884354979,0.6125001115645021
1.0,0.35810946638353075,0.20110187934397017,0.5241853323884493,1.5241853323884493
1.0,0.4529107615826433,-0.4359177267673247,-0.9857168759690595,0.014283124030940453
1.0,0.9345956209095964,1.8569117516915556,2.4938240175673103,3.4938240175673103
1.0,0.2808204005607178,-0.48863798411747306,1.728331753050613,2.728331753050613
1.0,0.2553151526280064,-0.6551930581408627,0.6185709838591986,1.6185709838591986
1.0,0.15023552491020084,-1.3536270085119357,-2.096602666915267,-1.0966026669152669
1.0,0.3286254149503932,-0.42807595915625285,1.3507230030585007,2.3507230030585005
1.0,0.9376004237022135,1.1505771046639424,3.2213444223667747,4.221344422366775
1.0,0.12546248140254782,-0.23662018550314207,-0.3554848260220141,0.644515173977986
1.0,0.22101872889959315,0.49874716617061415,1.0288982703281122,2.028898270328112
1.0,0.09937391982061877,-1.7765553994795733,-1.39943965572311,-0.3994396557231099
1.0,0.4954420362635888,0.03484748756000486,-0.03510703675006299,0.964892963249937
1.0,0.8189856380295665,0.17471117782485482,1.9180589925228164,2.918058992522816
1.0,0.9930494776076043,3.0464397967628822,4.1670626903437675,5.1670626903437675
1.0,0.8748985513973857,0.4985812481285253,3.6700829245233244,4.670082924523324
1.0,0.9032149269116371,1.4117453597150171,2.917538265825579,3.917538265825579
1.0,0.15717021581543458,-0.37003750356014126,-0.5805624405772986,0.41943755942270144
1.0,0.4161047146791319,-0.4112017732329869,-2.17413148838321,-1.17413148838321
1.0,0.6501324354319641,-0.07581751028261423,2.4803158004208696,3.4803158004208696
1.0,0.18594062026730326,-0.2428277407761547,0.44291095442452,1.44291095442452
1.0,0.7336180836269964,0.9098692495238914,3.3528405162302004,4.3528405162302
1.0,0.12896285724456952,-0.4164505538201503,0.2366053698410077,1.2366053698410078
1.0,0.7031109879812227,0.6571426404097385,1.990065322086055,2.990065322086055
1.0,0.7808633739667232,0.2771474821494272,1.854082921986328,2.854082921986328
1.0,0.17921561653312754,-0.8811939071223236,-0.47470393232284025,0.5252960676771598
1.0,0.21151307902988495,0.4722136954652581,3.701421038682799,4.701421038682799
1.0,0.36223622301134784,-0.6594135240219124,0.32531809393408506,1.3253180939340852
1.0,0.5753883593060724,0.31767562981698527,1.6083101535901834,2.6083101535901836
1.0,0.04091378051399988,-1.381763611566109,-1.9207144521313517,-0.9207144521313517
1.0,0.2901449020086504,-0.6866694213021205,0.9159614476383798,1.91596144763838
1.0,0.14911120427980357,-1.7391894405421315,-0.601594432447726,0.39840556755227396
1.0,0.22381061232312027,0.22854068440186687,0.7659353637688989,1.7659353637688988
1.0,0.925095224573042,2.7953312921354945,6.185706878266296,7.185706878266296
1.0,0.10019329459665341,-0.5794811417541244,0.7795773469882303,1.7795773469882303
1.0,0.2578888117359748,-1.5331469596993703,0.09050047100420411,1.090500471004204
1.0,0.5565197173428444,0.779981607449436,2.350985187702985,3.350985187702985
1.0,0.6700058264160117,-0.19630478286736686,1.2628267436791887,2.262826743679189
1.0,0.8052376714226309,0.6550516938879254,4.406646595206988,5.406646595206988
1.0,0.19101048127705253,-1.6806368285940343,-2.520269043934576,-1.5202690439345758
1.0,0.5439117054331971,0.8140290165082171,1.2907075568833188,2.290707556883319
1.0,0.7468719820872127,1.0440560486339188,3.7667990389721786,4.766799038972179
1.0,0.34081864282267466,-1.1638041291860337,1.143641808615571,2.143641808615571
1.0,0.4840332750082151,0.36262951546113176,-0.09192675965485475,0.9080732403451452
1.0,0.16223210878015853,-1.7081004621536309,-1.6236762693461415,-0.6236762693461415
1.0,0.9419146896079994,1.6162885572955656,3.755005949605674,4.755005949605674
1.0,0.05343378454237788,-1.390135548126633,0.3420529424688241,1.3420529424688241
1.0,0.10506339231692176,-1.3834396206002948,-0.11417563596770508,0.8858243640322949
1.0,0.5213869146084112,-0.23382203265179968,2.0550274481972335,3.0550274481972335
1.0,0.6159698370318715,0.5515264549191153,0.5039713469058505,1.5039713469058507
1.0,0.12915136541450137,-0.8435161044424181,0.6945187694424532,1.6945187694424533
1.0,0.5325959206730301,0.9503119320808914,2.2363896947186883,3.2363896947186883
1.0,0.754557911639914,1.247244742477562,1.0979005630640986,2.0979005630640986
1.0,0.0884441262607751,-1.973882503786446,-2.812806349839459,-1.8128063498394589
1.0,0.7613368949165893,1.3133570674096007,3.2111030723653844,4.211103072365384
1.0,0.1884268283942696,-0.6663789905709596,-1.024166199150593,-0.024166199150593037
1.0,0.5388789492656074,1.4831870733184087,3.1281236905089167,4.128123690508916
1.0,0.8348946162345364,1.3101493845133407,4.652271207027223,5.652271207027223
1.0,0.41837601060885415,-0.8517030070094335,0.4239808843982067,1.4239808843982067
1.0,0.03111341350397888,-1.4649641949327608,-0.2682843106772381,0.7317156893227619
1.0,0.6245915718338281,0.48697132202764765,2.180620369875786,3.180620369875786
1.0,0.4905024826775659,0.7000783617478634,3.700158314080177,4.700158314080177
1.0,0.19610853194446515,-0.7984590917410339,-0.24512097040500724,0.7548790295949928
1.0,0.259517690974429,-1.1166909187229033,-0.22903978301590822,0.7709602169840918
1.0,0.3966089458328571,0.677712942775709,3.143734890989907,4.143734890989907
1.0,0.37372441037708815,0.2516797600756613,0.17992795943938722,1.1799279594393872
1.0,0.6521580719632594,-0.18758492709734512,1.5702650116952763,2.5702650116952763
1.0,0.28722173788794847,-0.30448945900337493,0.7984642739322596,1.7984642739322596
1.0,0.30817069043084605,-0.40153374826308974,1.2512573045121111,2.2512573045121114
1.0,0.5507345386800638,-0.7247959649322726,-0.751010428914582,0.24898957108541797
1.0,0.6906788923332131,-0.7051705532972679,-1.4086382085876241,-0.4086382085876241
1.0,0.15327211964573703,-0.3908644415900635,0.7151361268392515,1.7151361268392515
1.0,0.7045247937207211,1.224078567700141,3.16382964908936,4.16382964908936
1.0,0.9718946182699121,0.8297163486159751,4.174251019748321,5.174251019748321
1.0,0.8311980480081115,1.39120907040995,2.2359196442917835,3.2359196442917835
1.0,0.6780114876503851,1.0993114620616362,4.038925840148837,5.038925840148837
1.0,0.42882736258517606,0.08693610491092883,0.48252651144156766,1.4825265114415678
1.0,0.20586881497712306,-0.5088530407477276,-0.2871128602683709,0.7128871397316291
1.0,0.8602036470822862,1.8576614396247746,3.217682174287944,4.217682174287944
1.0,0.909180387621071,1.920560472124291,3.2276986505916154,4.227698650591615
1.0,0.8361630498703808,1.254485830751121,0.18065204139772195,1.180652041397722
1.0,0.24081889532667622,1.0448268274178054,0.01831898969016943,1.0183189896901694
1.0,0.8495764578395707,1.4975358160003407,2.6729414188184744,3.6729414188184744
1.0,0.09061656559856535,-0.987407057537021,-0.2880102627059778,0.7119897372940223
1.0,0.29619882492043886,0.780746288575813,1.935519665513175,2.935519665513175
1.0,0.23362827392195987,-0.14889171775258148,0.24442677223174242,1.2444267722317424
1.0,0.04168759802066247,-1.19112156965364,-3.3971531233525205,-2.3971531233525205
1.0,0.6160775962381991,-0.03992596214724024,2.501686705098731,3.501686705098731
1.0,0.12480724727868037,-0.5876899520106377,0.9465203827924242,1.9465203827924242
1.0,0.029996133704448057,-1.8952369205931334,-0.28408106987579473,0.7159189301242053
1.0,0.330292898173357,-0.6954630322152497,0.7260744518066737,1.7260744518066737
1.0,0.9046721842778633,2.1486021086617915,3.6153225492639054,4.615322549263905
1.0,0.5229330649360969,-0.3101080747969729,0.11232275278110992,1.11232275278111
1.0,0.790260372812457,1.8861838430671805,3.0431236891978397,4.04312368919784
1.0,0.20826573800666567,-0.2660575553184735,0.28572249210542533,1.2857224921054253
1.0,0.2549897189283437,-0.4709007397822918,-0.31186570534045494,0.688134294659545
1.0,0.3806745060380133,-1.2498312147446171,-0.41326832800466806,0.5867316719953319
1.0,0.10336748442577506,-0.9660161997738417,0.25060716248128,1.25060716248128
1.0,0.0663697964891834,-0.1257476762695294,-1.976683730272363,-0.976683730272363
1.0,0.3139083774921294,-0.37258817046672454,-0.14023698924443684,0.8597630107555632
1.0,0.4216257568836602,-1.2483641430184027,-1.4326116092546193,-0.4326116092546193
1.0,0.5767162058839869,0.9787702324269364,0.33004902847010364,1.3300490284701036
1.0,0.43731199314875274,1.2475130893695043,3.1362346806482506,4.136234680648251
1.0,0.1791088629140138,-0.7607910511308393,-0.14789763349212948,0.8521023665078705
1.0,0.11248428801641602,-0.023516492347111156,-0.6332147869251473,0.3667852130748527
1.0,0.7063753168437552,1.5907791434579739,2.9529341776314575,3.9529341776314575
1.0,0.49993808971158893,0.8173911966033425,1.601934618767313,2.601934618767313
1.0,0.42854746093067847,-0.8347795959150572,-0.48983937701491836,0.5101606229850817
1.0,0.2603742105520819,-0.5850117177593772,0.6833620286551381,1.683362028655138
1.0,0.35628942768555966,-0.733849792345771,0.8403150803290915,1.8403150803290915
1.0,0.24065376816171163,0.6907241558175404,1.6292052801188834,2.6292052801188834
1.0,0.9305462329212821,1.301934971163456,4.055229449622177,5.055229449622177
1.0,0.06790470730006529,-1.4246153915447426,-1.0527221974364531,-0.05272219743645312
1.0,0.9117660986915403,2.356954640441241,3.397390299939536,4.397390299939536
1.0,0.5044136086848842,-1.1393702801772116,-1.521854185323091,-0.5218541853230909
1.0,0.14126158167779912,-0.6109067308316101,-1.8388757963017435,-0.8388757963017435
1.0,0.17955204314898862,-1.8887619778767988,-3.852811263628489,-2.852811263628489
1.0,0.6483880186535426,-0.9042600208752104,0.1724003836149428,1.1724003836149428
1.0,0.16776883164248166,-0.3933833372485437,-0.022192250391077084,0.9778077496089229
1.0,0.21703369111853615,0.7043688778947591,0.4323761459058221,1.4323761459058222
1.0,0.1799583327445601,-1.1725548072317884,-1.1704656896218133,-0.1704656896218133
1.0,0.24363412336037651,-0.35203600875492264,1.285948368012396,2.285948368012396
1.0,0.023416500440681505,-1.639599938956837,-2.025615687914404,-1.0256156879144038
1.0,0.47508302756603743,0.27739069426762936,0.9642969335649835,1.9642969335649836
1.0,0.4040705706861234,-0.6711809702951163,0.05072650358612263,1.0507265035861226
1.0,0.4139872369789972,-0.19685759036547992,1.323943275107648,2.323943275107648
1.0,0.4972615277251083,-0.07295786844272535,0.696075575916928,1.696075575916928
1.0,0.5626361493683077,1.3731583148335857,2.384816580027792,3.384816580027792
1.0,0.22910908169004418,-1.0960351841954188,-0.47543325285330695,0.524566747146693
1.0,0.8004544912198112,0.42733751082638766,1.9950023418845195,2.9950023418845193
1.0,0.011561600780231822,-2.4483543871251183,-3.611189788062973,-2.611189788062973
1.0,0.8011446905291691,0.43717319773195623,0.6775837377139018,1.6775837377139018
1.0,0.30914532244450166,0.6724143129531155,2.0539705671549453,3.0539705671549453
1.0,0.2026192296391369,-0.38892445703013456,3.2937939031951804,4.29379390319518
1.0,0.10211751195247953,-0.66850809834935,-0.6332929261806481,0.36670707381935186
1.0,0.11222468233804411,-1.854497310884107,-0.6508056618740875,0.3491943381259125
1.0,0.6407744214788378,0.656647892752385,1.1213225397700208,2.121322539770021
1.0,0.3428359654352358,-0.8047401173355578,-1.3934905586630904,-0.39349055866309035
1.0,0.629642179020651,1.418646656173039,4.266837377840641,5.266837377840641
1.0,0.21468450231378838,-0.2045410517999114,-1.3195563881259518,-0.3195563881259518
1.0,0.0815493702981586,-0.8050122365781696,-0.49743032645716356,0.5025696735428364
1.0,0.892765858209477,0.43559537378469376,1.8809000845991624,2.8809000845991624
1.0,0.06709855545697607,-1.6463925804313155,0.5947794286659112,1.5947794286659112
1.0,0.06714263241257104,-1.28913470733771,-4.170116447908551,-3.1701164479085513
1.0,0.19057960354485715,-1.2958564959184475,-0.0009726464770458687,0.9990273535229541
1.0,0.12100158360748126,-0.9728417724409699,-0.36543578185731673,0.6345642181426833
1.0,0.6285795411341111,0.3428896157924698,1.4550767359592354,2.4550767359592354
1.0,0.4249836048664788,-0.21623340177360967,1.2191945231335295,2.2191945231335293
1.0,0.577494589385919,1.486701552342038,2.2436430312533924,3.2436430312533924
1.0,0.4462996380431708,0.9011992817434714,2.496760759587388,3.496760759587388
1.0,0.3249546284067904,-0.40606728811915144,-0.6970413307728351,0.30295866922716486
1.0,0.7698680538358811,1.0594135205219335,5.490944080404059,6.490944080404059
1.0,0.9279812794415889,2.342710464055802,2.9167478105511053,3.9167478105511053
1.0,0.02262661100615348,-2.24344942864197,-2.2351711906756426,-1.2351711906756426
1.0,0.7486196841147039,0.11449333917840186,1.4580942538375543,2.4580942538375545
1.0,0.05159604617282568,-2.590817234815465,-4.058813970072731,-3.0588139700727313
1.0,0.4041448659428921,0.6959967903754575,1.3919596678473958,2.391959667847396
1.0,0.1465309416409082,-0.6689755434813451,-0.22496990094335528,0.7750300990566448
1.0,0.23899872629618174,-0.4844905728981528,0.395297104945593,1.395297104945593
1.0,0.6752932322606621,-0.18217170063570465,1.0307054554020747,2.0307054554020745
1.0,0.9212539496335115,2.068866264169781,3.3265036416196776,4.326503641619677
1.0,0.11805230278419616,-0.62963612438899,-0.38402651618800937,0.6159734838119906
1.0,0.28485782674819626,-1.0432188708859311,1.7372102039477761,2.737210203947776
1.0,0.7669199586702437,1.6568308034338193,3.26057731488899,4.26057731488899
1.0,0.39660318544284107,-0.11952224299991021,1.1821763967946224,2.182176396794622
1.0,0.42458527270679913,0.31509428312187276,1.35085708871111,2.35085708871111
1.0,0.820289521406946,0.8264550843141425,2.625568807139728,3.625568807139728
1.0,0.030196265130073303,-2.3163386057893116,-2.677913645933629,-1.677913645933629
1.0,0.06032345707224336,-2.463255430853242,-2.8945126595534605,-1.8945126595534605
1.0,0.9641649859749255,1.5155481117842466,3.6747908182462465,4.6747908182462465
1.0,0.19565533177551522,-1.391382677175877,-0.990760161581427,0.00923983841857301
1.0,0.8401141077909028,1.7403078041918356,4.395039636713433,5.395039636713433
1.0,0.4884565821148041,0.5681181587053243,-0.9762078977595425,0.02379210224045747
1.0,0.19489903274349643,-0.36938953744138237,-0.15587842360493678,0.8441215763950632
1.0,0.15113784111898576,-0.02059467964628622,1.4887323403230885,2.4887323403230885
1.0,0.22688585508131165,-0.5950168566990709,-0.3638731371823915,0.6361268628176084
1.0,0.27329862072530886,0.3664458465492608,1.7472720351463247,2.7472720351463247
1.0,0.39940541844470756,0.5609181716254504,2.6937203341221134,3.6937203341221134
1.0,0.8218463653559944,1.526928825651901,4.20037361383023,5.20037361383023
1.0,0.1840275612288717,0.09869138427318012,1.2370028763101688,2.237002876310169
1.0,0.03462286495595078,-0.9532755106569494,-0.7970337449946692,0.20296625500533083
1.0,0.2663242221011304,-1.2624997744903586,0.9318466744820937,1.9318466744820937
1.0,0.1196098274200338,-1.409254330857158,0.02106168004368042,1.0210616800436805
1.0,0.4107891045725807,0.6358963522426624,2.3445267883497563,3.3445267883497563
1.0,0.3440932364346431,-0.009628115378579298,2.243451526389914,3.243451526389914
1.0,0.03149060108266443,-2.259800686827615,-0.4135418879348931,0.5864581120651069
1.0,0.44656596999729725,-0.442505830303506,2.0483509140464498,3.0483509140464498
1.0,0.35160184633439706,-0.1559233079565611,1.1675402470530933,2.1675402470530933
1.0,0.12179389583427558,-0.4542592288747072,1.9336096935970586,2.9336096935970586
1.0,0.8186859245808988,1.711752317054066,2.0853195609211004,3.0853195609211004
1.0,0.11188851203155044,-0.6385512013356116,0.011479491536559056,1.011479491536559
1.0,0.7358835160472853,0.8908399261851675,1.8467514400042653,2.8467514400042653
1.0,0.8675905992413045,0.04569365055234708,3.3499817475475893,4.34998174754759
1.0,0.32853439193216993,0.26121334214635267,1.0202764760459653,2.0202764760459653
1.0,0.7629092579722341,0.35141127219564444,1.4999254215884532,2.499925421588453
1.0,0.23134157202562727,-0.5418741234867273,1.8403363520686762,2.840336352068676
1.0,0.8283218116490991,0.8867649065928254,0.9920225924097285,1.9920225924097283
1.0,0.08323055099280295,-0.4296808897080891,-0.6824235433186845,0.3175764566813155
1.0,0.07383068988891216,-0.8162844863771074,0.1785471628276581,1.178547162827658
1.0,0.0683828613449135,-2.3566159678390686,0.9777459723131305,1.9777459723131305
1.0,0.5769948395421697,0.6816470547922365,3.305255735651502,4.305255735651502
1.0,0.17639208958619046,-1.4126320766787936,0.7283676548714411,1.728367654871441
1.0,0.12840228546188504,-0.4675210815883109,-0.49706672797826845,0.5029332720217315
1.0,0.8345429046003411,0.7106390907413165,1.0242400708139405,2.0242400708139403
1.0,0.3611334920986772,-0.8878953010954963,-2.843114298597323,-1.8431142985973228
1.0,0.16235386667542637,-0.4563385637995652,0.5466197867447884,1.5466197867447884
1.0,0.47589526831209394,-0.3274893446328809,-0.16043971558928438,0.8395602844107156
1.0,0.5262532043623444,-0.11891370489345629,2.897359281314173,3.897359281314173
1.0,0.5793322493730743,1.7381933050839729,4.387978616252507,5.387978616252507
1.0,0.5790594317560026,0.697088159393719,2.66864076180111,3.66864076180111
1.0,0.05121876256503921,-1.879890846461513,-2.7853754979022045,-1.7853754979022045
1.0,0.1564679544613527,-2.0863556462441655,-0.9876475400549556,0.012352459945044414
1.0,0.7004265453926725,0.5363555302377202,2.396311540277953,3.396311540277953
1.0,0.11503017011199591,-1.4165857103691477,0.186820337247529,1.186820337247529
1.0,0.5350388176341154,-0.3025083370738592,-0.2871333575580819,0.7128666424419181
1.0,0.3993211474938272,-0.24937085575600823,-0.3847812231990294,0.6152187768009706
1.0,0.4415610603594602,-0.19509938516085673,2.484602576512087,3.484602576512087
1.0,0.28726113171478507,0.7064480657634962,-0.8668655843300552,0.13313441566994477
1.0,0.667521027876322,0.7615858483696908,0.36134911534943437,1.3613491153494344
1.0,0.22652387896351783,-0.17994915591200722,-0.30075374814913125,0.6992462518508687
1.0,0.12460171511096954,-1.0421107589458407,0.905220109674107,1.905220109674107
1.0,0.17823899644758975,-2.146193373846022,-1.5544125873156602,-0.5544125873156602
1.0,0.38342844273163995,-0.9120080983692875,1.4640050298633007,2.4640050298633005
1.0,0.8894258383285504,1.3690473639230625,2.6018406521860635,3.6018406521860635
1.0,0.22580453041263648,-0.5039676634237684,1.2018698611905445,2.2018698611905445
1.0,0.07556883784413193,-1.0187645271930388,-0.6157266779999728,0.3842733220000272
1.0,0.6288108600420971,-0.06524748550524809,0.8135304314588044,1.8135304314588043
1.0,0.6981312922829598,0.47314263516921606,2.4050147117895033,3.4050147117895033
1.0,0.37074986858046527,0.10777163229322183,-0.7541965856699312,0.2458034143300688
1.0,0.33330934184015915,-0.05989899323582801,0.08308885248425557,1.0830888524842557
1.0,0.24681945122079313,-2.3322437890639653,-1.9077744377264712,-0.9077744377264712
1.0,0.4414815214489192,-0.2914672703898455,1.366367879407642,2.366367879407642
1.0,0.7645626377604948,0.8505543723560338,1.324575195961336,2.3245751959613363
1.0,0.9572118762332952,1.6832240033111074,3.9984934306409414,4.998493430640941
1.0,0.20518225215923952,-1.6517062813341363,-1.105301329958032,-0.1053013299580321
1.0,0.05844646251031329,-1.6917975722123284,-1.7133637846617003,-0.7133637846617003
1.0,0.18806901862823888,-0.93126989549335,-0.8392167259315195,0.16078327406848048
1.0,0.8231383309225774,1.3867778036792229,5.41077879301427,6.41077879301427
1.0,0.7328362635658962,0.5408007815282448,0.22302848252426266,1.2230284825242626
1.0,0.05494121127469653,-0.8464835246654239,-0.6622209397897766,0.3377790602102234
1.0,0.4552866038021905,-0.3767571979514752,-1.1688172337085634,-0.16881723370856339
1.0,0.4720651607435496,-0.4798908760836551,0.5140915043496692,1.5140915043496692
1.0,0.036206263972312115,-1.253080650734611,-0.7545829810155342,0.24541701898446577
1.0,0.09147655687393363,-1.2834648412825034,0.09463552152405419,1.0946355215240542
1.0,0.7982254334440856,0.7666533608152187,2.2576481053766937,3.2576481053766937
1.0,0.4306811012459727,-0.023450245415892062,0.23641955415342955,1.2364195541534295
1.0,0.5719931467922839,-0.5052387783959251,-1.7795726981494107,-0.7795726981494107
1.0,0.7834691887297862,0.7316541343454199,2.776649895658547,3.776649895658547
1.0,0.5096166210795978,0.2644244299358825,-0.6580843465746198,0.3419156534253802
1.0,0.24990847103475888,-1.192260150054408,-1.0124586055365918,-0.012458605536591838
1.0,0.4784653251100271,-0.0035511812981907608,1.8240974138438195,2.8240974138438197
1.0,0.5189523210118167,-0.23216033710650325,1.9866652473907496,2.9866652473907496
1.0,0.8775292621505177,1.4136410530829329,3.2217433441686856,4.221743344168686
1.0,0.8190598088392362,1.7017405279786226,5.957856528573603,6.957856528573603
1.0,0.17920442628680966,-0.03475435512189591,1.1949197260203217,2.1949197260203217
1.0,0.13041625675570276,-1.7415760054395564,-1.3406300647177665,-0.34063006471776647
1.0,0.10334379874444741,-1.5209805187175085,0.030135484784047983,1.030135484784048
1.0,0.6546582850755932,-0.39828049177909114,1.6495441656459238,2.6495441656459238
1.0,0.8617462922928011,0.5572363266345559,3.454263247674523,4.454263247674524
1.0,0.6856025145084643,0.23948066947517996,1.2746723229161094,2.2746723229161097
1.0,0.5717317349036586,0.398770087346506,1.2265368270831298,2.22653682708313
1.0,0.0896341024299873,-2.0897893095260622,-1.3227608278909715,-0.3227608278909715
1.0,0.25883152764797185,-0.6189022550682861,0.18272440146314534,1.1827244014631453
1.0,0.5442679600225184,-0.7103429141562929,-0.645897237623513,0.35410276237648697
1.0,0.3629691491327424,-0.09583663499203304,-0.26399613225958396,0.736003867740416
1.0,0.05992911012946236,-0.9459060323192922,-1.7468542663663986,-0.7468542663663986
1.0,0.8909630078256885,0.5265063495344662,2.431619391133869,3.431619391133869
1.0,0.41445154437893644,-1.0672095509415571,-1.9804776164772457,-0.9804776164772457
1.0,0.11468996919708342,-1.025878563712641,-0.5316378113718065,0.46836218862819345
1.0,0.6402529895828878,0.4404782550455712,2.4540928149631376,3.4540928149631376
1.0,0.37682967694277164,0.7086656491813351,0.520930771762172,1.5209307717621718
1.0,0.48243309092474895,-0.128012630200902,0.7100758943691906,1.7100758943691905
1.0,0.40620223657545834,-0.576271663717048,-1.3296585095022428,-0.32965850950224285
1.0,0.25110541906851475,0.5130495939919034,0.6900506678181872,1.6900506678181872
1.0,0.16217017452811971,-1.2565640403660485,-0.9003954993126619,0.09960450068733806
1.0,0.7863374219760656,1.055639541819363,2.952147000919801,3.952147000919801
1.0,0.7420872612739219,0.5809635913324663,1.6095776665607873,2.6095776665607873
1.0,0.684826136843291,1.026016371243333,1.3952842715166407,2.3952842715166405
1.0,0.18709939028724407,-1.182507737537401,-0.7070008635558853,0.2929991364441147
1.0,0.7784293996664112,1.781355558926419,1.8476062201402745,2.8476062201402748
1.0,0.11501782288246942,-1.6613559865699425,-3.2221825800902923,-2.2221825800902923
1.0,0.30294075432398665,-0.3621346758317762,2.468991992100631,3.468991992100631
1.0,0.2044872222166089,-1.1619852069247345,0.10799135166826535,1.1079913516682653
1.0,0.9245480568164774,1.0018315471116421,0.20914264862781384,1.2091426486278138
1.0,0.8149113995047511,1.0767066385895812,4.550882679348429,5.550882679348429
1.0,0.0779000433849416,-1.2590951049302805,-1.047206780995471,-0.04720678099547104
1.0,0.8391946981980475,1.3194656605492874,3.661441256689878,4.661441256689878
1.0,0.3573291635249155,0.6105888585179353,2.6920381430565516,3.6920381430565516
1.0,0.6102058101982342,0.5400267275671424,1.3959387036045259,2.395938703604526
1.0,0.3943308711968496,-1.1562749380045885,0.6423795686240608,1.6423795686240608
1.0,0.9418401221997296,1.0412007955739884,2.4966789239682177,3.4966789239682177
1.0,0.8042411831190363,0.6204010295548961,4.400851343340433,5.400851343340433
1.0,0.2248461553009313,-1.5224136636111278,0.19781391775084978,1.1978139177508498
1.0,0.9368928632772109,2.282700805043028,3.6869991777191626,4.686999177719162
1.0,0.28900171564335014,-0.31104670797625944,0.1236792284137484,1.1236792284137485
1.0,0.2966118995213646,0.2865832367149331,2.2442306415658413,3.2442306415658413
1.0,0.41198656160902125,-0.8456307038789516,-1.8169319483813529,-0.8169319483813529
1.0,0.7997001813698572,1.1837917109169898,0.6513757736027643,1.6513757736027643
1.0,0.7375515647584859,0.9548560316480739,0.8577547494511961,1.8577547494511961
1.0,0.09390327835821935,-1.404337812188141,-0.11956945779426165,0.8804305422057384
1.0,0.3361480012152005,-0.41842866522166994,1.293802756234293,2.2938027562342933
1.0,0.18455875850084685,-0.29738284327402764,-1.0147886561682216,-0.014788656168221559
1.0,0.5495624268671248,0.49856120202963333,2.2291564211618535,3.2291564211618535
1.0,0.5606195174771644,0.9077930074117152,0.8077927370486284,1.8077927370486284
1.0,0.04762583225577274,-1.6711167392105342,-1.5261143885760229,-0.5261143885760229
1.0,0.6826850470576747,0.42445361035560936,2.226561109551022,3.226561109551022
1.0,0.46319392101853024,0.6137335590350861,1.5343387394104462,2.534338739410446
1.0,0.18959039396717858,-0.4653436516353652,-0.08754375089177957,0.9124562491082204
1.0,0.14741194741584943,-0.3424334517768368,1.630290370330097,2.630290370330097
1.0,0.9314465039891909,2.255784079817036,5.69879773410236,6.69879773410236
1.0,0.38726145332263434,-1.601481739319192,-1.0427985975746514,-0.04279859757465143
1.0,0.41202990998501654,0.7445324982355485,1.4944821352054718,2.494482135205472
1.0,0.5807453200165891,0.8618454874810066,1.6726333069749366,2.6726333069749364
1.0,0.9159010694174279,0.8915815139593235,2.0382090221762876,3.0382090221762876
1.0,0.41668040447507665,-0.5118446669775383,1.4601963005977794,2.4601963005977794
1.0,0.2970860035741453,-0.24762040256461773,1.857503461850587,2.857503461850587
1.0,0.8055848775530439,0.32499978931930684,-0.2947587387382564,0.7052412612617436
1.0,0.12107858737890778,-1.3309675514695494,-1.4322919450998997,-0.43229194509989965
1.0,0.21796134204094564,-0.9854186439151603,-0.5733128250665355,0.42668717493346453
1.0,0.26068236250975013,0.11589314748194775,1.7428666419844085,2.7428666419844085
1.0,0.2358922832543024,-0.16723321557442525,1.8930631588607283,2.8930631588607283
1.0,0.24227056086347704,-0.856511044351611,-0.5292558878786767,0.4707441121213233
1.0,0.37958047225460767,-0.02730864840467364,0.4537093264187788,1.4537093264187788
1.0,0.12546173008999714,0.3480664445521193,2.1995760929067663,3.1995760929067663
1.0,0.03540986958245111,-2.0725126062927823,-2.5491942573617328,-1.5491942573617328
1.0,0.8893159310015297,0.5221234860436124,1.8751607557558612,2.875160755755861
1.0,0.0481683550752092,-0.4472911491310684,0.30856091620578385,1.3085609162057839
1.0,0.7721444268358332,2.1752864246011683,2.558342576028644,3.558342576028644
1.0,0.7389399329432929,0.29216164410501344,1.4628674143065639,2.462867414306564
1.0,0.24234854477806253,-0.07078189346966902,1.520298537612966,2.520298537612966
1.0,0.46139110857385207,0.6207095857183554,0.037968246296541386,1.0379682462965414
1.0,0.8517293318175923,0.6419399234561332,3.9111839457798823,4.911183945779882
1.0,0.4319177274732296,-0.13635351183789512,-1.627033095261198,-0.627033095261198
1.0,0.27912975028522863,-0.609429957233285,0.20042947153236906,1.2004294715323691
1.0,0.8351744697566367,0.6553137869895418,4.898910741907041,5.898910741907041
1.0,0.5964665026512556,0.03161326037613343,0.7619899962160965,1.7619899962160965
1.0,0.23481417242018823,0.7629393183676422,1.1023913966650618,2.1023913966650616
1.0,0.3592062737808047,-0.052026347169776735,1.7794717802999638,2.779471780299964
1.0,0.8279365497737935,0.29245395669765073,1.6014458562867946,2.6014458562867944
1.0,0.39667454390252327,-0.11007563296330969,0.8846840110472164,1.8846840110472165
1.0,0.25258621866782194,-0.2086154307463239,0.4346277276867444,1.4346277276867445
1.0,0.179373442904359,-1.204752204401016,-0.7434987376131321,0.2565012623868679
1.0,0.3033865538410455,-0.9280334154633854,0.6207992143138198,1.62079921431382
1.0,0.743253695121578,0.31930280066836625,2.8965606442790586,3.8965606442790586
1.0,0.8250799994744554,0.642334942787742,0.9956541042763452,1.9956541042763452
1.0,0.3885182951818068,-0.8871339766432244,-0.9296941423854608,0.07030585761453922
1.0,0.8575427105674972,0.16575157890137485,0.2640334779683178,1.2640334779683178
1.0,0.6826529243288195,1.3817134729096914,4.294367402830587,5.294367402830587
1.0,0.20907860138996862,-0.9672300203330579,-0.3850815081299966,0.6149184918700035
1.0,0.37389509836399354,-0.3963676951435403,-0.4142866308876164,0.5857133691123836
1.0,0.45935476063486314,0.5860434783112782,2.5316892969450646,3.5316892969450646
1.0,0.434488257114159,0.6908977507353746,0.7242658379523912,1.7242658379523912
1.0,0.4402337128716297,0.027652068755275407,-1.819957341026532,-0.819957341026532
1.0,0.3727924772364446,-0.872170352938759,0.3335758272316196,1.3335758272316196
1.0,0.21900446174347563,-0.465523904482521,-0.26934692232766894,0.730653077672331
1.0,0.6688849359342318,-0.014993005353062357,2.279855024114496,3.279855024114496
1.0,0.7821668665005119,1.8182032302275772,1.164094015930009,2.164094015930009
1.0,0.3067364490183911,0.6399084095673,2.34514662164978,3.34514662164978
1.0,0.12030322534458206,-0.10626819580426071,-1.2362941545721862,-0.23629415457218617
1.0,0.3117610130927085,0.8479230768371497,2.065082560601393,3.065082560601393
1.0,0.37708306413551906,-1.7167436759324992,-0.8623854641622806,0.13761453583771943
1.0,0.590341262710662,1.496601922805456,1.430207033072367,2.4302070330723673
1.0,0.6331060811650273,1.02993003755761,1.0961849516896547,2.0961849516896547
1.0,0.4745531298917114,-0.37327388287578667,-0.0642927695225326,0.9357072304774674
1.0,0.2154182837562961,-0.609123817835688,0.3532794959176351,1.353279495917635
1.0,0.3997246837396131,-1.143938633045218,0.6711798264265542,1.6711798264265543
1.0,0.591834096468548,-0.949165512826635,2.173015210615069,3.173015210615069
1.0,0.3946238624155585,0.0856854291181499,1.956121758607237,2.956121758607237
1.0,0.016738237155290863,-2.4955406558216464,-2.367052516927922,-1.367052516927922
1.0,0.9751550509004887,2.172661516603938,6.503710938617241,7.503710938617241
1.0,0.618759564337899,0.7548017135286221,1.7579310778410686,2.757931077841069
1.0,0.8610793001343405,2.507655138919597,5.2351956447615855,6.2351956447615855
1.0,0.5655341466897568,-0.051654572266351464,1.9271712527019995,2.9271712527019993
1.0,0.7405718309128332,1.2483958837899833,1.6225940053863628,2.622594005386363
1.0,0.5298061687045094,0.15410642253609966,-0.35887165179929925,0.6411283482007007
1.0,0.34600274623461413,-0.0068356752747296004,-0.5563874366312708,0.44361256336872923
1.0,0.2433314627843576,-0.18984658592066223,-0.18123660323647184,0.8187633967635282
1.0,0.19693531856436722,-0.9846288940913518,-1.3276013763889056,-0.32760137638890563
1.0,0.28655201965027544,0.8834548603292903,1.9588135721044595,2.9588135721044595
1.0,0.9626102980026733,0.6145677244761368,2.810258455691503,3.810258455691503
1.0,0.3749015694877655,0.7935166439898009,0.4084364082339239,1.408436408233924
1.0,0.8028767807224563,0.1477795263246605,1.7655608205060878,2.7655608205060878
1.0,0.48708710755452067,0.1422121816464076,2.0229391523522002,3.0229391523522002
1.0,0.21885298697411534,-0.4137348358530371,-1.8673926986789833,-0.8673926986789833
1.0,0.7946342565435129,1.554351808945216,4.018959536719619,5.018959536719619
1.0,0.5721609370466861,-0.4703984944587715,1.319216852915035,2.319216852915035
1.0,0.06264405999490606,-0.7931688013221193,0.141059266117525,1.141059266117525
1.0,0.4708731082707177,0.7773724319307114,1.9708148207502374,2.9708148207502374
1.0,0.4196497721705554,0.04747876726927543,0.00307560419644759,1.0030756041964475
1.0,0.27129858400692036,-0.3642924790558308,0.8986059538354765,1.8986059538354765
1.0,0.7013705055802637,-0.012768752419400719,-0.3660547257000788,0.6339452742999212
1.0,0.349808002222592,-0.3474691135383638,2.063025546808812,3.063025546808812
1.0,0.6426200370896388,0.723027284033336,1.1997435539100456,2.1997435539100456
1.0,0.42504207039224073,-1.1273106672869757,-1.1587311894625987,-0.15873118946259868
1.0,0.6275831485945631,-0.22982719063141663,1.613246489811702,2.613246489811702
1.0,0.6565503223227976,0.14594337792190024,-0.5330106000844121,0.46698939991558786
1.0,0.6124038404780151,0.9956153823221382,1.9898872869562858,2.989887286956286
1.0,0.027015103154580365,-2.0641423144492452,-2.2768330868277546,-1.2768330868277546
1.0,0.3958989547412996,0.06326496674066728,1.88283992274926,2.88283992274926
1.0,0.8282074299234603,0.5480599282064187,2.5741621016805345,3.5741621016805345
1.0,0.10991601793978333,-1.3804773837677926,-2.844724876372293,-1.8447248763722932
1.0,0.6617415547781423,-0.07410101952116033,2.660746663923657,3.660746663923657
1.0,0.439930584914803,-0.20273487431962217,-0.19045649354804728,0.8095435064519527
1.0,0.024287669588719335,-1.587243354100609,-3.500019516774383,-2.500019516774383
1.0,0.3206148063251026,-0.40957591768987167,-1.8337780094611027,-0.8337780094611027
1.0,0.7286993890765306,-0.007798075022196912,2.106164602854262,3.106164602854262
1.0,0.3862626863125109,-0.15721061892439334,-0.48498542274531437,0.5150145772546857
1.0,0.45335804914956807,0.34508374647527756,2.565754084266724,3.565754084266724
1.0,0.7245626502840744,-0.29247265765501107,2.0068587182207405,3.0068587182207405
1.0,0.009447887082956657,-1.793943490957336,0.039832816901965495,1.0398328169019655
1.0,0.4113807299137176,-0.8172586532627731,0.9351695902594985,1.9351695902594985
1.0,0.6529810526954697,0.10486446948089001,-0.7665475232246743,0.23345247677532566
1.0,0.48225431727337814,-0.31972123342052994,0.2569182979370519,1.256918297937052
1.0,0.2936290287756438,-0.0645233766598752,1.5255862419719202,2.5255862419719204
1.0,0.506907033315501,-0.6021197211457271,0.07565334286861125,1.0756533428686113
1.0,0.11837002555484964,-0.9111853976576408,-1.437233526550128,-0.4372335265501279
1.0,0.7239613452884618,0.15340992323418495,1.2038199063295287,2.203819906329529
1.0,0.7979164980424959,1.0512384002979682,1.7730235291648815,2.7730235291648815
1.0,0.1782521974277752,-0.8973722139627246,0.05352450486276589,1.053524504862766
1.0,0.1678879904913959,-0.12240029410258348,0.1209717482947184,1.1209717482947184
1.0,0.4739828844173104,0.17759512259243562,-0.4910917770876503,0.5089082229123497
1.0,0.46495462860008263,0.5580608939111124,3.4420150123627753,4.442015012362775
1.0,0.35935277079587047,-0.9268584500985193,-0.7172581389873701,0.2827418610126299
1.0,0.5492184163104539,1.1280893588269416,2.0129999990044176,3.0129999990044176
1.0,0.18516326889313825,-0.4597414510615088,-0.6839186278531402,0.31608137214685983
1.0,0.2983798909393903,-0.8812714826468074,-0.466251734962289,0.533748265037711
1.0,0.2886021228286989,-0.5394056650275231,-0.09448684482434305,0.905513155175657
1.0,0.4985941717984365,0.5405983661052628,2.5877805181024547,3.5877805181024547
1.0,0.5374833830411618,0.7827800728434071,1.078374041403785,2.078374041403785
1.0,0.8219222066985813,2.0482894279356247,4.794008128560802,5.794008128560802
1.0,0.6889819812023623,1.0532183593539446,1.1616981464103515,2.1616981464103517
1.0,0.354517765155332,0.29109075235465093,1.1667973802804736,2.1667973802804736
1.0,0.4328127984669977,-0.752468932589758,0.18478360533019692,1.184783605330197
1.0,0.1271803401346254,-0.793302637275245,0.5265356882390517,1.5265356882390517
1.0,0.6155057747784731,0.7845556025439234,3.087993120154626,4.087993120154626
1.0,0.7912365339495565,-0.5144238096382737,1.9269597184658118,2.926959718465812
1.0,0.31904687294911827,-0.21217084596953245,2.1660819449960527,3.1660819449960527
1.0,0.12960837225832206,-0.6965071492177545,0.11888085394735942,1.1188808539473594
1.0,0.1049278994150379,-1.7372048999198666,1.5606764201366112,2.5606764201366112
1.0,0.07925350803540797,-0.20798010379292176,-1.5896741886139423,-0.5896741886139423
1.0,0.25832446175888985,-0.2678524807859656,1.7927575429199911,2.792757542919991
1.0,0.4228663757492813,-0.22335283950272544,0.5808200226490208,1.5808200226490208
1.0,0.12463061432994388,-0.6493821636861663,-1.4995830608979268,-0.4995830608979268
1.0,0.5020948331319055,1.0244186773285306,2.0425319429722895,3.0425319429722895
1.0,0.7561553699741269,0.48942437197965105,1.8196703724429102,2.81967037244291
1.0,0.04495869355006931,-2.025028332012251,-2.2461199672982732,-1.2461199672982732
1.0,0.0875393798103597,-1.2156669312862227,-2.524950382556976,-1.524950382556976
1.0,0.03271969075503365,-2.644953033541212,-3.3181384782406806,-2.3181384782406806
1.0,0.5457948084252305,1.0902614480306816,2.224643284072184,3.224643284072184
1.0,0.6931590616147127,0.7145497803565007,2.6704751546027805,3.6704751546027805
1.0,0.30014192256877603,-0.2528154984966807,-0.9707444388383664,0.029255561161633636
1.0,0.4663741853243839,0.13593824810714156,1.7602747671489518,2.760274767148952
1.0,0.77630490174254,-0.09771200108241049,2.0544666128112863,3.0544666128112863
1.0,0.23563168295027118,-1.5365368681643616,-1.6418873932662184,-0.6418873932662184
1.0,0.5076263399185807,0.6225363304422366,2.039188120364859,3.039188120364859
1.0,0.8798369885773971,0.8906843719735581,2.6374823932651466,3.6374823932651466
1.0,0.5800916047250777,0.16400956849862958,1.5220223953928835,2.5220223953928835
1.0,0.8894384163170667,0.5747228367204349,4.102932961396332,5.102932961396332
1.0,0.7078909086734118,0.47049296307304384,0.9693850792423389,1.9693850792423389
1.0,0.8069557338963205,1.5732922237187694,1.4399818894136143,2.4399818894136143
1.0,0.16299818834374416,-1.500560283598878,-0.6799967929807199,0.3200032070192801
1.0,0.060565982072522874,-1.887480043500221,-1.8435679404453391,-0.8435679404453391
1.0,0.5942351392942304,0.44675950649355856,0.5263402145104571,1.5263402145104572
1.0,0.9074507647893055,1.236874561682626,3.2515887459708614,4.251588745970862
1.0,0.026544571089215548,-1.1654233569676549,0.2554143777607685,1.2554143777607685
1.0,0.3590515748357506,0.6281873466136855,1.965624634934799,2.965624634934799
1.0,0.7135352550120886,0.8079712403103172,2.852848915910095,3.852848915910095
1.0,0.0388684844933493,-1.7780355960013183,-3.2645239804022292,-2.2645239804022292
1.0,0.437324097089583,-0.5777923223068715,0.7513277476153221,1.751327747615322
1.0,0.10083766987800039,-0.7888555694674343,-0.8163558787627702,0.18364412123722984
1.0,0.2232637110614042,0.19216531404400444,-0.4966385402536704,0.5033614597463296
1.0,0.39984663538172804,0.0745587662738934,1.8297415600095475,2.8297415600095475
1.0,0.936030519914168,1.451867857892291,2.693206104978963,3.693206104978963
1.0,0.18733306319335752,-0.6679198316768354,0.9181786135525491,1.9181786135525491
1.0,0.23089160298107655,0.8974360343382616,2.224844454967768,3.224844454967768
1.0,0.7994536488777184,0.826796205468067,2.0926632549746933,3.0926632549746933
1.0,0.3458759553517816,-0.45019092918218245,0.4273734477927292,1.4273734477927291
1.0,0.6773966273695892,1.32950235228498,2.555871952095634,3.555871952095634
1.0,0.2194212445348933,0.1121610041951425,1.8673782184683545,2.8673782184683545
1.0,0.23177756528912374,-0.791439277538179,0.8041082066568153,1.8041082066568153
1.0,0.6547352612019812,0.7285072845041133,2.1854154571628945,3.1854154571628945
1.0,0.07913580222959861,-1.3895405100131446,-1.238739040889398,-0.2387390408893979
1.0,0.22920835415110621,0.265554170328315,1.4044286217169455,2.4044286217169457
1.0,0.04446475749428552,-1.300739789404768,-2.2336889303981966,-1.2336889303981966
1.0,0.8441949329307936,0.6370399577918434,2.154154933614044,3.154154933614044
1.0,0.07799442005950401,-0.21166769683866152,0.12367378871339696,1.123673788713397
1.0,0.15984880563082338,-0.9561773972882445,-0.7817947686421525,0.21820523135784753
1.0,0.020554323568192746,-0.7405630706964015,-0.18918257732084776,0.8108174226791522
1.0,0.68208296091669,1.0065524447244643,1.0111342334694975,2.0111342334694973
1.0,0.042089972076781314,-2.013115837145577,-2.14608322553729,-1.1460832255372901
1.0,0.906411128293543,1.6563663874311503,3.415763451736042,4.4157634517360425
1.0,0.121985947900777,-0.748607800178387,-2.4972799561943706,-1.4972799561943706
1.0,0.6547885607548255,-0.39468769258439695,1.0731798094729952,2.073179809472995
1.0,0.9250355318421458,1.120098856575188,3.748786679075996,4.748786679075996
1.0,0.7839846108142923,1.0312732262257405,2.23934186745328,3.23934186745328
1.0,0.5875089527344889,-0.6498630749803793,1.0315606111751796,2.0315606111751796
1.0,0.5965004468524974,0.022625451571193347,1.0441921766986517,2.044192176698652
