id,treatment,x_baseline,mediator,y_outcome
1,0,-0.6870218099671626,-0.45759886318126963,0.6022101015181984
2,1,-0.46360631993044377,1.6120662586367938,3.190764709160571
3,0,1.4004533831688912,1.3001654248617776,4.673172874839684
4,1,0.9486478625399535,1.7129417430546492,4.160461943296322
5,0,1.6362826039889784,1.885328170955424,4.260266942803298
6,1,-0.632028219032893,0.5659193722254507,0.9761695125270164
7,0,0.3118314472015876,1.4653883745719987,3.949281833141896
8,0,-0.34145864842092244,0.7307150159298832,1.6567693744551364
9,1,-0.3322478519649014,1.597403180957011,2.782153327201218
10,1,-1.22646941175291,0.7258542063316646,1.482118868847427
11,1,1.8747874917275527,2.200008042272484,3.363436925949439
12,1,-0.7017079695376359,0.9761904332253437,2.2598677036554227
13,0,-0.15152857233383493,-0.37267107587323584,0.05626548018356936
14,1,0.1507338427330962,0.32558227294668773,0.1775684357310503
15,0,-0.6025891116891959,-0.7657624313163471,-0.3023614282979427
16,0,-0.8746469943816135,2.035772018079229,2.4726546347870286
17,0,-1.138616688390885,-0.4610163863047245,1.0438521074081266
18,0,-1.4886657837878927,-1.107567638291564,0.7919557643361144
19,0,-1.4455951527093058,-1.7103292629967253,-2.238997459697314
20,1,1.369029028485229,1.2859932660696782,3.613306323805679
21,0,0.34210381951626073,0.9197320481122426,3.0033036473973294
22,0,-0.24657564813253877,-1.0158611192500508,0.9869871486136118
23,0,-0.2312495897331804,-0.7958320368556728,-0.07487356476061197
24,0,-0.5773004915105632,-0.5324457801979824,1.8923132865677184
25,0,0.21381492003805685,-1.114475355214192,0.3871211271080934
26,0,0.9417986701226052,1.131775611481343,3.4868627808758736
27,1,-1.063191926845733,0.9550787633039535,3.2849705814695236
28,1,-0.4408065763413597,1.047584534209021,0.9224543457221988
29,0,-0.5712015295203359,-0.37016770117561887,-1.087059999835475
30,1,-0.7789365105965447,1.0212314743974975,1.5014393549013576
31,1,-1.9366925159387398,1.4499846384504962,1.5487953693619212
32,0,-0.5494477985723598,0.4013480270587617,1.1357568720181026
33,1,1.0733135822020066,2.3834393432927814,5.068395522125767
34,0,2.182342350462377,1.1446819865260625,2.0440425276442937
35,0,1.276332354521165,1.1052328226561912,1.5183152516078335
36,1,1.5138996135512575,2.103665608830975,4.725978342584253
37,0,0.6898031139021191,0.13794099182864156,3.0715341480422085
38,1,-0.5578326212110597,-0.12018747875975988,2.073869152416375
39,0,-0.44246629241950836,0.3414713188263898,1.2337184522386517
40,1,-0.5202707020412732,0.54258326426706,1.1414418206928687
41,0,-2.222274686607971,-1.2517582768779565,-1.1397790890599724
42,1,0.2132741355637797,1.2736740950633676,1.8975610710539303
43,1,-1.174817296587454,-1.012304488924073,-0.4446221270326869
44,0,0.1462456205736803,-1.7267369243448991,-0.7667815885250095
45,0,0.6377768239132049,0.7392224790535548,1.982884633982337
46,0,0.4878377792127706,-0.36194214193427254,-0.10944929774377687
47,1,0.8534329092709817,1.0322888922428852,4.54425104432085
48,1,1.3869752558066368,1.9377515703143522,5.485576305822482
49,1,2.2434441299032963,2.242639854076129,4.7770525751285575
50,0,1.02391349202424,0.3302533437584417,1.5444511066733768
51,1,1.2679331163284346,1.6372481979735058,3.6888512141703313
52,1,0.0033950062770655453,-0.0011921134688954726,1.6849173986471713
53,1,-0.06523498064922316,2.6553111662205158,5.160016716958338
54,0,-0.35387031533298385,0.703415884993856,2.43433577238402
55,1,-0.7468428707033544,1.3011898052741666,3.3307229531772933
56,0,1.571776326102243,0.33339474675197783,3.450018716292268
57,1,-0.4029053948819264,-0.307871570163901,0.8091336936517181
58,0,-0.8276914702927307,0.35271423095426857,0.48950223206004456
59,0,1.6003560468766609,-0.9138257998754697,1.2027274845457736
60,1,-0.08520472998834804,0.8366858906986445,3.0680050038352205
61,0,0.04570394734432123,2.1448282702186443,3.2410863687250147
62,1,-1.346686374340871,0.2711739960248768,1.8565752717353505
63,1,2.0156890600263724,2.9814436703025513,5.2331262391860065
64,1,0.4755896907611025,1.6323505825098121,3.665644378059302
65,1,-1.5333966460822028,0.8901464216746364,1.9344401552599235
66,1,0.24291715431989735,0.6761970619202933,-0.0010228455354228672
67,1,2.8449040130226217,4.252303760708498,5.856595827006525
68,1,0.5136078133114036,2.3804828219572474,5.922068001289543
69,0,0.7271932488814743,1.4482880055149048,1.6118423891476643
70,1,-0.9911341917859179,1.4490899942120747,0.7709527837062522
71,1,0.6821558907781748,1.280734894028709,2.149391086670912
72,0,-0.004924851124702865,0.2950786245061626,0.7345260901351329
73,1,0.6420613470059586,2.290194980554399,4.109245604167411
74,1,-0.27473436189029166,0.2811683154914356,2.7974169259283617
75,0,-0.6056080626958071,-2.247690198004658,-0.9374834956437028
76,1,-0.7735038472966574,1.3647606107409878,2.2588011551777356
77,0,0.7982734402291505,-0.9231281293640975,-0.37315188784868303
78,0,0.653515027349114,-0.33201889703504056,1.2801766581642269
79,1,0.679202901456301,0.6214074146267123,3.7579778219863744
80,1,0.23418408678751157,2.198408172647234,3.8797447815097654
81,0,0.26373264044610695,1.4222429991706191,0.765628195888697
82,1,-0.335148415502794,0.21647743054298363,2.5074466168408405
83,0,0.38436418917968784,1.8806795246708392,2.953247161414736
84,0,-1.9781692433147804,-2.1126312616736898,-2.7255567463758577
85,1,-0.07313079749973225,2.2721987299583177,3.826261658634431
86,0,-0.04780925224956239,0.888258498471356,0.8916765009231531
87,0,-0.8515253886174066,-1.529500464529073,0.5511572936185939
88,0,0.4835285748710737,-1.8090170941446844,-0.42682890010174157
89,0,-1.0604968613703643,0.8205925830130549,1.8393336765755546
90,1,-1.5132429749280634,1.4060420304705947,2.327963549216489
91,0,0.10321655863426905,0.7790946975812677,-0.17189549776006396
92,1,2.683385677123737,2.3552707917340117,4.116649448028239
93,1,1.2403593774054733,1.622714967642759,2.7728772280641287
94,0,-0.9464464896100532,-1.8903441685237825,-1.0482847278985137
95,0,1.319239592872075,2.3491928340546018,4.841207646790214
96,1,0.7031557320670474,1.9087039233101981,2.513667030121187
97,1,-1.404277386907368,2.4401752886190895,2.9533038982320816
98,0,1.670564208685778,1.7494744973379124,2.652326857529935
99,0,0.037054966775631894,0.27240405568131915,2.9990053264269383
100,0,-0.10370294931713017,0.07725310641129834,1.5312795096238827
101,1,-0.5224580887256528,2.0844066634077385,2.635416045746527
102,0,1.5256163047566202,0.9933648624634267,2.318446584980228
103,1,-1.1153594358648888,-0.22532097486229774,-0.16356600005945032
104,1,-0.5354901816260318,0.9738872751978976,2.472139238423617
105,0,0.3280335988047705,0.3150810341417839,1.6585514334017541
106,1,-0.19424450751415923,-1.4429818793349787,0.898582494917752
107,0,-1.0267184993346028,0.10956644464344023,0.3013870969211649
108,0,0.256005736157482,1.5770993509699638,0.16777384232602532
109,1,0.4036705305280908,2.4433549674554067,3.8554528122020084
110,1,0.3310499359249517,3.479094295784652,6.937963027982471
111,0,-1.0175299603276735,-2.2197132528057826,-1.1308274782963659
112,0,0.3634318309345723,-0.6738362060480261,0.2548469896395955
113,0,-1.6195816841223079,-1.3767262890236491,-0.8758280372630407
114,0,0.6493599265639626,1.1971140760752907,2.26319567191844
115,1,0.11458532704552966,0.29710976718532645,2.768664076748433
116,1,-0.38095270528123276,2.484231270884153,4.255245421339903
117,0,1.7625756751546287,-1.7010692729006482,0.6607009203769014
118,0,-0.5223625770194573,-0.11997438694330828,1.1691490360427568
119,1,-1.8946453442108944,-0.19094420961667358,0.8779473618599595
120,0,-0.32666770250276067,-0.8382446813257278,-0.2355281252612933
121,0,0.5949259514863579,-0.9391661133161199,1.0305531847462321
122,0,0.34961618216875967,0.6306217008161328,0.8478290968805373
123,1,0.1558772281336968,1.899889010979274,3.26794439110379
124,0,-0.1747355368217704,1.3383246717544117,1.736960592691477
125,1,-0.16011328160293517,2.1549693234524527,4.419143710739779
126,0,0.2726907453945314,0.006695994602958569,0.40042660508730576
127,1,-0.7004612626280435,1.6563121979215794,2.7027377562263184
128,1,0.01744851550512967,0.06949856934775978,1.7793634566592211
129,0,-0.4222323535248612,1.181530140125371,1.7592486342874691
130,1,0.1430835151366912,-0.6063181941165035,2.903765969958883
131,0,1.4282205757658908,0.8091442549527919,1.271230019072414
132,0,2.631675974287086,0.5717786443347269,1.6983036716506181
133,0,1.368683145560712,1.3528605371442897,2.945962991114043
134,0,0.5239446782364005,-0.49739365342336317,0.7734172571718237
135,1,0.23504295125009703,0.6102573763792344,1.0757192156366895
136,0,-0.2042893211826378,1.3012367072448647,3.8224381297309544
137,1,-0.16950370717181434,1.4832911496664811,4.240299422252041
138,1,1.100073589781056,1.238711060170423,4.364826731077859
139,1,-1.0593557253888841,-2.0466522282671713,0.4417001901935421
140,1,-1.2722809366461307,1.371868327595393,4.012129325321326
141,1,-0.7836669657498595,0.7900823431178625,2.0491481799910414
142,0,-0.1576053328292362,1.3653424918059007,1.6161109886247296
143,1,0.09463032985960794,1.1150680588330375,5.231581475284896
144,0,-0.07068158496388331,0.7154634786357325,1.5918819576690244
145,1,0.8500254766756705,0.46224038161295344,1.870477476482939
146,1,0.036619437263769976,-0.062194656336843845,1.6049974740993995
147,1,0.16212034131896055,1.5349263137849414,3.303837751957381
148,1,-0.313230908372111,0.7885223309824423,0.7945977082950566
149,0,-1.1575917336643637,0.6432184343673164,0.9758856740162001
150,0,-1.0574363961482087,0.6579706646560686,-0.7732281892352628
151,1,0.19932919158106852,0.2723522411333834,1.504245267805124
152,0,1.0812987217009968,0.8120046617998615,0.29898030627611405
153,1,1.1532610134928243,2.288916805884577,5.428852750914288
154,0,-1.2567321440203483,-1.7033368417603927,-1.9903150998932233
155,0,-1.473393142749837,-0.7699324637557347,1.5682704271025751
156,0,-0.13058775178681353,0.7066111558636573,1.1491790644479627
157,0,0.39010507212092255,-0.44892229021233,2.2623195163495877
158,1,0.747614445941678,1.2967127842364836,2.709919594048233
159,0,1.9955558054509424,2.2313018393335944,6.06275613514956
160,0,0.9547190104727469,0.41815584885275003,0.35888706990409314
161,0,0.837723805893913,0.5765917735285819,0.39602227186643124
162,0,-0.258539654756581,-0.7240126170152842,2.4418533133384157
163,1,-2.17472360246959,1.6578391910002188,1.386189753252861
164,1,0.3386570293426389,1.2649135192958045,2.6649296553120574
165,0,0.42779388982255767,0.6595976879508199,1.6704737925803634
166,0,-1.595628855529034,-0.5938536566355239,0.776124467587006
167,0,1.0831926363045457,0.9580025962413216,2.8823378492506735
168,0,0.04702356891298216,0.6327806134096071,2.8521651178923895
169,1,0.6541143533865316,0.462171632747697,0.6828695170062327
170,1,0.13151638450109482,0.5746548586878726,2.6743785549682166
171,0,-1.1350337638266068,-1.843426841092427,-1.2498790190406455
172,0,-1.021634003229386,-2.363172672836519,-1.3372572149636386
173,1,0.15060895332842936,2.0848959171970454,3.5477060242207226
174,1,0.22493831980398024,0.7794850618709643,5.1639682282720605
175,0,-1.0715154918301524,0.0766551803030821,1.8990479235784132
176,1,1.3960347559727264,1.8700888629953778,3.72618968783008
177,0,0.28311183455478856,0.8849389449478471,1.279554027025751
178,1,-0.4242433169057994,1.2122086827207041,5.32408147418805
179,1,0.4673317357281033,-0.1602524405704362,1.3745183141581787
180,0,0.10043749862793011,-0.15129005371812615,-1.1329588888396416
181,0,-0.5349762579462113,-0.4270265483254977,-0.32952537136289584
182,0,-2.0582491506771516,1.0720173569496831,1.2898506836898254
183,1,1.35192614602043,1.3905501894077734,3.967307578676649
184,1,1.1280294543683416,1.5252829763387274,4.748386569734975
185,1,1.371153915850997,0.41765305803201436,3.3792475332205436
186,0,-0.0012060923065305986,1.3759301605842007,2.7083033204508395
187,0,0.5731239127833709,-0.17706041011162038,3.025432459792876
188,1,-1.3915379184067467,-1.2791966878722203,-0.285473528148782
189,0,-0.10550583274973467,-0.9048965485366747,2.232339184653511
190,0,-0.1908228414205871,-0.42114878088996444,-1.201764772720697
191,0,-0.6010750444409365,0.1872836394917538,0.8801084510952422
192,0,-0.26708473694862495,-1.0636638571778076,-1.465291674141422
193,1,0.07927951109638906,0.7800672718661074,3.924792131298798
194,0,-1.0820006005331533,-1.0191515553121302,-0.444602793955023
195,0,-0.1241381421023827,-0.832044609502183,3.2905321965076926
196,0,0.8376317124657274,0.0511870498960002,0.7418929125607673
197,0,-1.182448231010496,-0.35745828718852185,-0.6785392384331073
198,1,-1.2734630588674831,0.6222688278488812,-0.082706948030701
199,0,1.2069406569706704,0.8272831943033916,3.800760894718027
200,1,-0.3315787740651834,-0.9228139717804114,0.5470860280733166
201,1,0.823453225309282,1.8074480152799104,4.596469567612414
202,1,0.8189911012722725,1.4453553897377311,3.452692203077953
203,0,-0.8198357251364213,0.8425091712935762,2.1009132838877482
204,1,0.4411439328737473,1.6473787725341813,3.114159912884208
205,0,-0.34378063427207733,-1.3490460607866737,-0.4409604026754984
206,1,-1.0225707790226166,-0.4989457526766061,2.3333837474027446
207,0,-0.384431518179316,-0.4967292748829265,0.291934215065615
208,1,0.5012195395662469,2.0881972061651624,4.932523355001539
209,1,0.7448473992148548,1.4076335226390428,2.9672718008572896
210,0,0.23025599215946482,0.379048465174996,-0.3686608820506374
211,0,-1.0201634083650073,-1.41884005380345,-1.356448751709817
212,1,1.6052486343935475,1.166596340009004,5.188433680725046
213,0,-0.4431314378851724,-0.6021935369396464,0.23439296624904393
214,1,-0.36101972721956377,0.21577825916565874,2.4171305373383047
215,1,0.23286695023630766,2.3153181664779696,3.624520549380768
216,0,0.8065175478364941,1.5109194292975157,2.7046627102432907
217,0,1.7852472379472306,1.0991890475977122,2.657856422013348
218,0,-0.504626459750483,0.37273741108820685,0.17801151388169367
219,1,2.010243987272654,-0.8684678495575002,4.009823378217677
220,0,1.0500209799404874,0.832470380009839,3.5499995650210914
221,0,0.6072590600089273,1.1915317544563186,1.671002057650743
222,1,-0.2766421439253736,0.6328717168926725,2.4908614246645855
223,0,1.6238819502314814,0.2604709978683287,1.7315659948603581
224,1,1.283009327601359,1.2791281740421518,4.226144003960572
225,1,1.776979153413543,0.5349300893573732,2.0779156674804433
226,0,0.7541204330570913,0.5075196140115535,0.7451051430173086
227,0,-0.48908506128883683,-0.9609356223256567,0.5784458600142288
228,0,0.285076834444634,0.45783716512141615,0.9664569337696066
229,1,-0.7664053017209012,1.4066056574655157,3.01480844210977
230,1,0.49416781763957607,1.656669308503906,4.405472036624157
231,1,-2.075822601910509,0.04922369847727337,0.2899067854578099
232,0,-1.4342666586956871,-1.44393912558121,-0.6329331469349511
233,0,-0.12580068801555355,-2.2154944300639157,0.09787521312294556
234,1,-0.4043915880464071,-0.541972697468833,2.980661128267597
235,1,-0.7659585450190749,2.2042185699370185,3.7374009099854626
236,0,1.0670020369990991,1.2496036430249193,4.01349637621041
237,0,-1.7180952663775426,0.13752457942914298,0.7302978376229357
238,1,0.6567362902890317,2.0385637738399005,2.8123133673385636
239,1,-0.4604462725283287,0.6289391178354738,3.8300940256915403
240,1,0.15441415761589175,-0.40432517664662493,0.68147874746818
241,1,-0.9263896118588116,1.3623145351593509,2.4053915240280146
242,0,-1.3377231649957908,0.5724912147885389,0.4620121352752604
243,0,-0.9276111976615654,0.28287001385076,1.0689756920658073
244,0,-0.512503206560187,0.08735572410331277,1.363471058201554
245,1,-0.9009595421944385,0.7774880370264663,1.6400603224285741
246,0,0.154723298071082,-1.8113695511302985,0.25657120454610627
247,0,-0.7364723313872813,0.8014237759541447,1.599349444340001
248,1,2.171736217618824,0.9484510786168844,3.6714446848473794
249,1,0.5647963991944133,1.0723671194866629,4.06773288502853
250,0,1.7512025518001284,0.9472275688061781,4.206521353591461
251,1,1.80448704799723,1.1101204779293599,3.6797410388635874
252,0,-1.007077679587536,-0.1682690694273039,0.28397243097672065
253,1,0.4356447308546636,1.929896289615166,4.087639946864758
254,1,1.2883293716652102,2.0800136000907337,4.085851991953278
255,1,-0.9688300924779946,-0.020626071210070762,3.135437070074351
256,1,1.0594392369816368,1.5908863737496874,4.5925961503672434
257,0,0.9105854051067178,-0.22981534947199717,1.8036047522910645
258,1,0.6145703279949731,1.4192233366430018,2.2113957865772846
259,0,-0.9008789183362653,-2.119486502993364,0.25302946799585624
260,1,-0.7187977737638688,0.11521350807036512,2.6264117810737755
261,0,-0.4537299379640626,1.1770753637686158,2.8923338281124025
262,1,1.7708548060063007,1.2904856638586557,3.206497630399017
263,1,-0.8718981078707098,-0.44622691085480226,1.3026152751545208
264,0,-1.25834912327927,-1.8684374180756542,-1.5204693198576258
265,1,0.7497595681139381,1.9289566144204646,4.980613952460167
266,0,1.2351670303949605,-1.5228608132135912,0.3146288115070629
267,0,-0.524421789419062,-0.8295770834248765,-1.133146345693525
268,1,-0.2100385952496452,-0.06925933450104993,3.019960957214444
269,0,-0.8141129995413324,-0.40629618829705266,0.7621361349643903
270,0,-0.5926557028991204,-0.39803405117668134,0.33337779857273375
271,0,-0.22887157517486434,-0.7732349138375315,0.5494009021019759
272,1,-0.1619115358797352,1.4198144225390577,3.387696417206346
273,0,-0.8137917009063661,1.2065997304410183,2.3997574303034286
274,1,0.5326379219486063,1.1461627221004669,2.8585395001957137
275,0,-0.5252732185776066,-0.4249657982707634,-0.356918081176151
276,0,0.2502995541242964,-0.22110783244118948,1.607022530055721
277,1,2.3217381971545503,2.358693780099531,3.1217269724313446
278,0,-0.5221357924427891,0.324521164032575,0.8774260289778698
279,0,0.19081550399460104,-0.2615767323953133,0.022171273807488734
280,1,0.6816294872017468,0.6295945591870531,3.75802411827092
281,0,-0.1445947412322326,-0.6076520131584935,-1.3787672027577025
282,0,-0.7489601590780192,-1.120063607286975,-0.6438648208192492
283,0,-0.8864662805875548,-0.19689757355162693,1.03583470721074
284,0,1.1814667064107918,-0.30732613237532175,1.8535716357293168
285,0,-0.1144283420163806,-0.21529691308442092,1.6890331357339636
286,0,-0.33867525769634366,-0.5099557944163339,0.8149093840752581
287,0,0.6892783008464111,0.8704438316343175,2.0188224118957714
288,1,0.23564388778192935,-0.22395849657976674,2.669223745446916
289,0,-0.9022376923098487,0.4073060535862707,1.3203542068957548
290,1,0.729786681066133,0.7485400729105413,3.14865659257837
291,0,0.9221794944080016,-0.34838715771745266,2.3157503209828745
292,1,-0.010240838177138686,1.8538187258724772,3.5907060403358657
293,1,-2.3142287301267968,-3.202109469570618,-1.010456748841849
294,1,-0.6175358810491527,-0.20367744289614853,1.306451578200615
295,0,0.14426304508296178,1.0948985572574452,1.2927261191802466
296,0,-1.742753713321538,-0.026705910036707636,0.5069630269302251
297,0,1.5633682585836886,0.25494797227004584,1.0611317681416117
298,1,1.030525779452662,1.4050827154409364,4.562660100731925
299,1,-0.580613690360166,-0.2138608717173689,1.5072560416882648
300,0,-0.7655446355844221,-0.9286080707862134,0.7196415801096736
301,0,-0.5887216355649995,-0.6300187135779475,0.8444205365882402
302,0,-0.20031682664189326,-0.06174409933390373,2.498066705996451
303,0,0.15610055585244226,0.4020685864401507,0.9509598462117561
304,1,0.05733627084809546,2.9158645522593742,3.5852345543285384
305,1,0.8394873401768443,1.5136015726925354,2.0812430782996216
306,1,-0.8255734621080593,-0.4030251534527798,0.771865176748455
307,1,-0.2934439627171738,-0.35588402790295737,-0.2996098076005096
308,1,0.726056333363419,1.258834129887681,4.693075918841204
309,0,-0.2586427049482912,0.15362800835745796,1.4824139748337573
310,0,-0.6453034876028124,1.9958636004368453,3.0565699294961437
311,1,-1.5271838106771163,0.7008873750233964,1.4619270487095064
312,1,0.9473584740891705,2.3157448167422023,5.137131724459685
313,1,-0.8398353819830049,1.7897648519242138,3.0273337679889503
314,1,0.03672898973743928,1.009717056606109,3.8526610316210026
315,1,0.29179772021449657,-0.38808757263842875,1.9655586764232014
316,1,-0.0971442070434058,1.2260711078092847,2.3727125524485984
317,1,0.3900697361729932,1.5784921129552676,4.035833625930198
318,1,-1.5703290890176664,0.8645835703448939,1.805130177545819
319,0,0.5174822397131101,-0.6922192436914103,0.7888803026372888
320,1,-0.1027231622502208,0.5393941760316759,3.39120972986779
321,1,0.6361213824872033,0.1809772733320435,1.6325848129808551
322,0,-0.8904870392290757,-1.2390726680190898,-0.07473513525462627
323,1,0.15504361223669186,-0.7511967415778324,-0.49266951625546795
324,1,-0.4759517264139175,0.8495005096733632,2.1541904366282605
325,1,0.3460608628100276,-0.449940738013763,2.163751788681671
326,1,1.0593631209575376,0.5360997148885804,1.5782337186378341
327,1,-0.5421368183888401,2.3395113964151903,3.9536040256082696
328,0,0.2696935915986474,1.0130389598586356,1.1957868197296508
329,0,-1.7327529361201153,0.17650728608764832,2.105732981216258
330,1,0.9161301154603669,2.608561531799394,4.192355555413183
331,0,1.545262739316055,0.8895805635206393,2.911824638921838
332,0,1.0722782830205213,1.25956489989739,2.07416476489981
333,0,2.1100184277696825,1.0127802492769273,2.4947524011502393
334,1,-1.17617121561351,1.092642416412944,2.5734325333063515
335,0,-0.9472230271458627,-1.2224876464885388,-0.9669744640016408
336,1,-0.6273055652534124,0.6311575707705591,2.6477828862786117
337,0,0.7755664139306333,0.9590792060614423,2.660190185086246
338,1,1.7258376402512317,1.0292039271439677,3.550252920915732
339,0,-1.2100175413722645,-1.6056887168944312,-1.4743491200079162
340,0,1.183375655561091,1.3983709809084888,3.097384774492832
341,1,-0.46138049110613266,0.8693433474823113,3.437286090864875
342,0,-0.41498886857065953,-0.041821980996225444,0.07909094447558207
343,0,1.4352698583230286,0.8019541786164947,3.1790938939027065
344,1,1.0476395252781028,0.6120496658857929,4.86717677256162
345,0,1.623267096361128,0.13078692394333624,1.1261752997945396
346,1,-0.8871289804982688,0.20744866135716822,2.1592133170107757
347,0,0.9471563369931952,-0.5121166930953895,-0.10287146186960228
348,0,-0.606283838644483,-1.2890776062289484,0.3836469762662901
349,0,-0.8575238091519998,0.6416547885207003,0.9741461303341316
350,0,-3.045033624279924,-2.2389905904959386,-2.340030225419119
351,1,-0.5862712758354865,0.01560493790145101,0.7491817182718353
352,0,-0.6033290409380747,-0.8700426189427294,1.9318713254498947
353,0,0.6433148777105435,-0.997128778282723,0.6808834776207406
354,0,-1.3626812349065145,-3.214057591706274,-2.326713717526453
355,0,0.06975771812455073,0.491224039821736,1.8390226949603612
356,1,1.2217820691512316,0.3923755446135535,3.164622354870658
357,0,-1.5158621954556788,0.26546953811663265,-0.5118618227056387
358,0,-2.822637673343314,-0.5653671574697221,-1.337025971742132
359,1,-0.5728736423849962,-0.036998006123571514,0.4586227277546202
360,0,0.3765542670618287,0.5349339177098568,1.4611669464235768
361,0,-0.27658961188875064,-0.6241270212771035,-0.30855661401647916
362,0,-0.40596033890089767,-1.2138003466436917,-0.998214146932893
363,1,-0.7563329960627314,0.10199392468484536,2.8720767541810988
364,1,1.1390209217557263,0.5499209908575509,2.1120242447729387
365,0,-2.8282599671601867,-2.80649891724082,-1.57662157842223
366,1,0.3811286890983571,-0.11436984817985585,1.3656464255609766
367,0,-0.6969125453799646,-0.9028505106262305,0.9276164972619941
368,0,-0.5248637396991913,0.2051031795288728,1.2381105299898083
369,0,0.5964272558486196,-0.07469622430393663,1.4274620122019048
370,0,-1.0515099282123481,-0.33201213375632144,-0.6649722849037392
371,0,-0.28696466793118136,0.5815362920646665,-0.26973565608878936
372,0,0.9011700824556291,0.3299822726366118,2.5216330206379967
373,0,0.44191769123085534,0.30411576664650924,2.6890708562540953
374,0,-1.368545309979401,-1.5452271002764533,-2.2553244440694944
375,1,0.5579572139243787,2.378217174279178,4.363863468496071
376,0,-0.7728720233046149,-2.271747177317533,-0.9651927043339964
377,1,-0.6890034060667891,0.8161927194429868,3.3929189713768264
378,1,0.31986695118550096,2.065232090415572,4.687989177538138
379,1,1.6664567824289045,2.3368918530014553,5.007219555978697
380,0,1.5165797027535552,-0.021109404284191946,1.6627320969705528
381,1,-0.9002360031762716,0.23678860203812668,0.1356022965692396
382,0,0.38364578493715906,0.6891175643117609,2.4995879830742513
383,0,-0.6440965083581822,-0.39993335498567384,2.439385414485214
384,0,0.5475510644353015,1.14129853547951,2.642535726405173
385,0,-0.41947658320668757,-1.9880643931977988,-0.3609143693786815
386,1,0.7073383832983321,-0.14461154145250044,2.4017806067705676
387,0,0.4950629659128659,0.06740806461879975,1.9718322990509063
388,0,-1.5282200915756343,-2.3983311268449454,-2.315566300230202
389,1,0.7471526163608426,-0.9614273069637462,1.9099235474965386
390,0,0.37487841853399634,0.7206242708159729,2.762134170825174
391,0,1.7870224619744093,0.2410576591649829,3.069171938727813
392,1,-1.437568190853063,-0.04697018852446089,1.1248782957093482
393,1,1.0709852769848631,1.395890793924338,6.5989111120883726
394,0,-0.5327066279260205,0.5022004555888474,0.3860380120210042
395,1,-0.6950174509621151,1.1690221415821742,3.5007093437597874
396,0,0.3081288414683342,-0.442667486548009,0.485273104484559
397,0,-0.5594314716816083,-1.6605285798058644,-1.040417174312436
398,1,2.6360936938756967,3.159085736164526,6.021277780528601
399,0,0.121995817059985,0.5317179260495739,2.050667552613084
400,0,0.3976892014228798,1.0057452094037616,1.5312791024168333
401,1,0.1289937564934858,1.808593939367489,4.299205295481941
402,0,0.046570967384970414,0.8311105526213646,2.5041168909506513
403,0,0.4401395399224184,-0.699465188062938,0.7299411497568542
404,0,-0.23387964854184426,0.5455197716473826,1.6107178798903676
405,1,-1.6160977861699306,0.7700194333099757,2.4705716640198343
406,0,0.4427231189359116,0.28017496485233795,0.4927675423093487
407,1,0.35361320932580353,0.8531213949018985,4.001543858859685
408,1,0.9418369061711318,4.36072898699369,4.399146722191055
409,0,-0.4783527262437722,0.47756892325815314,1.0058732531061707
410,1,0.21849236467513847,1.6886081993173592,2.8969637872348617
411,1,-0.5117442966096589,1.031452411699587,2.1276615591784256
412,1,0.9127458372077201,2.83104317408226,4.214556792381078
413,1,0.887809658914942,1.0154412382449935,3.2786835719469036
414,0,0.5232832256619765,0.14255961881106682,1.8491369663102728
415,0,-0.42967983203305726,-0.6055648171980651,-1.0783383359578826
416,1,0.48325639685541333,1.999814896322764,2.944942101131716
417,1,0.6579557003246599,-0.07732842925372152,2.447782506427581
418,0,-0.06274913420596417,-0.7008789564702356,-0.008684343921430082
419,1,-0.09352134299010274,0.6529079356940304,2.139345028447814
420,0,-0.08084048946364439,0.8148077946254397,2.686334364647651
421,0,-0.06998632888798385,0.9996327188379615,3.082044849375038
422,1,-0.30019314301192246,2.28082686987674,4.275012197824088
423,0,-0.3217444120387108,0.5684527716479836,1.0596229301526394
424,0,0.47090692438464515,0.09472576744568655,0.6592662371611203
425,0,-0.18315123948232917,1.0326586201060035,2.7350400757938527
426,0,1.2925335022866093,1.123780284755942,0.25838488105410606
427,0,0.1400438621041677,-0.10775999755175086,0.665624653539043
428,1,-0.5560586401238711,2.6976769441674957,4.393958168955725
429,1,-2.0674969102028733,-0.2321450265655456,2.5893054315525643
430,1,-0.2687636819641209,1.49938124732246,3.770321530673394
431,0,0.3750942341441305,0.5193299421704244,1.0166073417863344
432,1,0.05890273147009946,1.99541163838302,4.249067721951871
433,0,0.9720666466874938,0.9933611262556777,3.230774491621876
434,1,0.6517400505803006,2.298894006429613,3.7619432370097594
435,0,0.9907504730039718,0.42873407986940865,3.716420742191616
436,0,1.7804699782496318,1.8412205826231822,3.0166752798588172
437,1,-0.5760202463481213,0.07893621106618953,1.8075202125427525
438,1,0.921208623449759,1.1567645299625575,3.009880778888802
439,1,-0.635032647521914,1.656510890025811,3.0781082783396143
440,1,2.086149370590944,3.6018044216439806,6.69633332214345
441,0,0.11205272155776203,0.9807905328128855,1.7122500522984256
442,1,-0.2112030879898848,-1.1835923749390411,-0.28197533674116215
443,0,-0.6684857967691149,-2.0549541782526686,-1.1601642801326661
444,1,-0.26136288219698456,-1.2032203219563624,0.4458205206996266
445,1,-0.14422261107968984,0.8282134590445277,2.6641622574562236
446,0,0.46988002140293106,0.5634299462035146,1.1745315935894514
447,1,-0.5435513815639322,1.0508486705831999,0.5974285930435517
448,1,-0.41232518747222463,1.014665784508053,2.267678731742894
449,0,-0.552370777765641,-1.1653345685821126,0.17546587610874753
450,1,-0.9015369600613603,1.1803850034173973,2.8391439807827368
451,1,0.900270205347326,0.8965755075965689,3.083930163108941
452,1,0.42313787678922893,0.5815005619611933,1.0893587164575553
453,0,-0.7183678295935206,-0.6472818036349028,0.612348558109338
454,0,0.49327436151683324,-0.6628948847192364,0.8813515455351247
455,0,-1.2536347715379719,1.4683576402831484,0.845106668587067
456,0,1.4241653529513911,1.232204111332019,3.1977052972513182
457,1,-0.012488606843726944,0.289101635792649,3.9637659776688796
458,0,1.2503511963230858,-0.0856580707212059,1.4838955792455455
459,0,-1.6795903069965339,-0.34591978348504804,-0.40302935787095706
460,0,-1.4966146888874796,-0.13108720334144802,0.09080576931905773
461,0,0.0039857921869585295,0.10398357712297618,0.8135770250094072
462,1,-0.5054736478675672,0.589350950839888,3.272923586668343
463,0,-1.319495035296696,0.39491080588505934,-0.41424792602083527
464,1,-1.3868434791716346,0.08225147021864831,0.9643913104570473
465,0,0.2822732497496273,-0.16151774015318165,2.2325990612173925
466,1,1.1705038708880207,0.6665746646266937,2.9306471418725732
467,1,0.1439595860746926,-0.06221280528095163,2.3279655990428294
468,1,-0.4488214403599677,-0.4933601856148344,0.939355862332901
469,1,-1.0810644064271004,0.03891694671564816,1.693196141700047
470,1,1.4352578940471812,0.5828607419070357,4.737600465950255
471,1,-1.5108749018055967,-0.2952035713358723,2.7645005604869697
472,1,-1.3109205175074552,-0.6892569327191862,1.973062087558192
473,0,0.1803482900627739,1.3561549182554231,0.8782376525390991
474,1,0.9956203827962938,0.8763324807262693,1.2157776604027066
475,0,0.4563543524451362,-0.10017728652914518,1.3681843126996032
476,0,-0.1557212014916773,2.356269000842355,3.2160939575695515
477,0,2.545959893103891,1.072525584617462,3.032046999663513
478,0,-0.45953291591696843,-1.1493488879371456,0.0285813511851013
479,1,2.5881820304099894,2.2706452849598024,5.568304087325047
480,1,0.4482497972815265,2.1765381791553935,4.024581747429496
481,0,0.7026591556608548,0.205412500948744,1.9871524269379202
482,0,1.7757450704360849,0.165173282289789,1.7691581379585122
483,1,0.6607482784169737,2.4059313602544625,5.878960209506786
484,0,1.1012096598674759,0.4224935217871903,3.2355281732083294
485,0,0.06645249202574735,-0.9117026160118867,1.2319753828174973
486,1,0.849455615993835,0.6470274343838931,0.842734885091287
487,0,-0.6169058633847445,0.9807255668865889,1.8283421332920593
488,0,0.4513399282877254,-0.2474652346929043,2.9114778213313017
489,1,1.0397196350637903,2.581217179107815,3.332162640757714
490,1,0.8947016526282181,1.2321049532046189,3.6553103421297948
491,0,-0.2757599940937267,-0.30939067645518725,0.2512886602290731
492,1,0.010425198342395707,2.3351201817633522,3.108357648015696
493,0,-1.1451243353253482,-0.29841503024701554,0.5731829429252185
494,1,-0.878928604338094,-1.6574410001164015,0.2500732213728209
495,1,-0.8664907868227272,0.6178394736364538,2.504917344809077
496,0,0.19134323709654247,1.7748453478441502,1.6810399710993469
497,1,0.08883912436297516,-0.6157475688722205,2.234980397416021
498,0,0.7492298397022098,1.320738297685549,3.242984471961978
499,1,1.8063748842052976,2.507750098187591,3.5636974646530897
500,1,1.2464788663008213,1.4402193940243222,3.911290246501
501,0,0.6897199872290152,0.31881425426349624,0.3121450623675093
502,1,0.40531359154108193,1.8505612055238465,5.229327653006413
503,1,0.8048606889242583,2.229271782336725,2.8250105981187446
504,1,0.6732781704482638,1.69348111025328,2.9629747401631388
505,1,-0.5236516466291152,0.26991335191088706,4.057080269222045
506,0,-0.4364009118920961,-1.7095811405785715,-0.4876989459286324
507,0,0.27368269052821553,1.6089628638972138,0.8272933884682037
508,0,-0.6872230466776288,-0.960806482127581,0.5741779132042082
509,0,0.010537650573811409,-0.2842007306883508,1.1663656214510243
510,0,-0.2974365997282448,1.3597843064781976,1.4169074923953335
511,0,-1.952209232106459,-0.6112530403917202,-2.244923756029489
512,1,-0.8813055805193778,1.0906072321406137,3.298324802007268
513,1,0.43760272999923666,2.633898940904034,3.6203986613593813
514,0,-0.9426519134533239,-0.10008129605266447,0.038121794929372455
515,0,-0.3672640410767868,-0.390275477019979,1.6175909912865634
516,0,1.2153320192993957,1.0084067907194538,3.10040859901883
517,0,0.0673652664421463,0.998345132559613,1.4472443711778924
518,1,-0.7565091668631487,1.039268541678037,4.868841188686542
519,1,0.20914474283250956,2.4124097598092358,4.614739524324749
520,0,-1.2741870202914505,-0.686112840748572,-0.4890959116648571
521,1,-1.3847247128766762,1.4937690111089355,2.394325036460182
522,0,-0.27801030447232444,-0.4449191322015207,0.3948415230529971
523,1,0.7432468328668148,0.5049717455677946,2.7490785741997708
524,1,-0.7648136304606158,1.6184880494035419,2.710681081263888
525,0,-0.1564008442572086,0.48640495843854553,2.3220026237018545
526,0,1.7975667725837448,0.21608730064716974,1.4423205591304336
527,0,-0.2507088100821304,-0.9434305658589439,-0.3512120488458232
528,1,0.5149968065491256,-0.024507537449812933,2.537804817203024
529,0,-0.13415705085000743,-1.4338165307555015,-1.7658023090148722
530,1,-0.21463148626211417,0.5273231356618066,3.184743226123337
531,1,-1.9077774604880475,0.341697105922363,-0.30337992058319596
532,0,0.6221699808113922,1.3499914293020512,3.634750044121984
533,1,1.5366670834283043,2.548843016290842,4.677551033312776
534,0,-0.19980436602098578,-1.074017833049937,-0.5353832992697172
535,0,1.8009741713332226,-0.06224870138098715,2.599986807146945
536,0,0.015391197404154811,-0.525326573282871,1.6541731964588215
537,1,0.1795940004320621,2.6563134080409974,4.482495721767983
538,0,-0.8211359477529508,1.0524680800765025,3.2085613410403244
539,0,-0.4532399706732984,1.0741723666322907,0.3605944528167797
540,0,-1.2331871022646297,-1.8172282030780365,-2.1018030915381267
541,1,1.0789831809444557,0.9377161957176219,3.0871619959423575
542,0,1.6155574554594205,0.8782405608123152,3.1121531834444935
543,1,0.5808266711534791,1.7918408653389988,3.3873330175997767
544,1,-0.7635012576428624,0.5065512949204529,2.9215898918945085
545,0,1.1834916603266714,1.144420249747567,2.9266804851471053
546,1,1.8085865509030377,1.0286487309380403,5.178746954351117
547,0,-1.5477829600228954,0.3327310656843152,0.5071811043501973
548,0,-1.3613666180316752,-1.8431500743042504,-1.895388498693742
549,1,1.1123187353274067,1.6503601444286458,4.6312706297886095
550,1,-2.007741333531053,-0.9285788850490604,-0.0875230520502912
551,0,-0.26694219017393284,-0.8000583734789586,-0.17549786437631743
552,1,-0.6089473112742472,2.618962001464139,1.8562246947361225
553,0,0.27016300730334003,-0.041981219359390906,0.9186382156665533
554,1,-1.613214785419114,-1.06165605370981,-0.9028262442024741
555,1,-0.46943532897545776,0.06540112024435285,1.6860223330248287
556,0,-0.5117011493103091,-1.5116772294029082,-1.1639530641377462
557,0,1.0030512909256335,-0.4395973299305855,-0.010179416862334145
558,1,0.17888269232329537,1.3717840024914345,4.01565521816697
559,1,-0.0005468143396887913,-0.803994170602027,0.17946877437329323
560,0,-2.0945397585892844,-1.7211508673683351,-1.419197559495533
561,0,-0.546394515409287,-0.6095737158662515,0.9814960930625021
562,0,-0.19886474044802244,-1.447277142676948,-0.2533176900517461
563,0,-0.09204555301144489,-1.0146555425182024,1.365255405441016
564,0,0.07038984879061634,1.281515108886799,3.5369175971883906
565,0,0.0504241613337278,0.006978641791597228,1.4280731647721048
566,0,-1.565507948967777,-1.6055227107142829,-0.7175454325711601
567,1,0.564605985404721,2.962904061025165,6.99929852330828
568,1,1.402709575065518,-0.254619655995139,1.3303832243629485
569,1,0.29776814237414956,1.051706837635702,1.8931852276592882
570,0,0.16900340821702972,0.975976142608079,1.6509822349796384
571,1,-0.4946813988191219,2.0969785656797866,2.4093306657083637
572,0,0.9767533805974135,0.5004373902897459,1.1484051962333657
573,1,1.1873761978503643,-0.2980474417236165,1.1654907604147458
574,1,0.6204985977852587,1.7353139978419239,5.098756863991532
575,0,1.3794041225317057,1.5408249551235993,4.189160929662647
576,0,0.9102749359971913,1.8518347196757683,3.661204249467244
577,1,-0.5123831976905402,-0.5721373202011861,1.5256145024011085
578,0,-1.6365985582111664,-0.18987982723403768,-1.3706758466830729
579,0,-0.1574287562768454,-0.3883473225047778,0.8352957241722955
580,1,0.8332105590615931,1.2087727112628741,4.601624816294239
581,1,-0.7930179981829937,0.6188016331485982,2.2284304491068916
582,0,-0.9726942354890395,-1.8427990427833087,-0.5829687313282332
583,1,1.257016055508908,-0.1975495387409194,2.60974875586994
584,1,1.141478090371439,1.4657835094582423,5.249444701999209
585,0,1.2868459598192423,-0.3773966533476697,2.5759842305476495
586,1,0.28730679997433883,1.689432552323817,3.8083541764329154
587,1,-0.7889229303993452,1.0737805288798672,1.1341054615633408
588,1,1.519813786053188,1.5079756426508135,4.0819574775864975
589,0,0.10876896550165252,1.2441719578837978,0.791121264957289
590,1,1.1316322883204915,1.4716297377835392,2.9848457880430503
591,1,0.643274744044327,1.8717906449630943,4.2047467339020255
592,0,-0.13597543742546095,-1.7452931470463857,0.7239351295847711
593,1,-2.268880973729547,1.7163370934937632,2.9199927175146336
594,1,-0.046005658116437836,1.487017916005834,3.6911238656787493
595,1,-3.078141988886632,-0.5359319962979026,0.2115415822022975
596,1,0.1377408501900004,-0.0868280890648605,2.329152362329973
597,1,0.7744133921216138,0.6376693690569553,3.856797164738099
598,0,-0.6918339206395234,0.8036628667139278,0.4381057050706091
599,0,-0.6008958264719407,0.6656234509446542,1.5676308604913523
600,0,0.30962705981115435,-1.2770954455930916,1.451626145707082
601,1,-0.936159054312972,2.073741858511185,4.908695643235416
602,0,-0.4226749681806289,-0.9655515940701144,1.9216783192304603
603,1,0.3259417994718418,0.07216162702488205,0.3315873096359101
604,0,-1.6153362059211807,0.7936605080004586,0.08351602904001953
605,0,-1.0287287059956423,-1.0328574952331673,-1.1598257175223599
606,0,-0.06493217388677265,0.8592512049962661,2.287918747565092
607,1,1.5142989146977819,0.5693155298330397,3.729485154151623
608,0,1.9092360348964668,1.9037001594340595,3.068344769838319
609,1,-1.401201521218244,0.3813885679496779,3.338672058939869
610,1,-0.7792960678399237,-1.9074541576047248,1.1895862129422325
611,1,-0.5271194562110652,0.07516952129991672,1.9123682123053518
612,0,0.3544256656576236,-1.8934457743951518,0.9571056404422074
613,0,1.3384415594614465,1.124978409554403,2.7804616359653482
614,0,-0.21057699924394713,0.2104054789846011,-0.04825685420300774
615,1,0.4145155011480807,-0.2140012582605324,-0.44614190066700044
616,0,-0.12259497557757183,-0.48146339763569973,0.9189843371091511
617,0,-1.318327091313855,1.4197819064476926,-1.4596324770817541
618,1,-1.1867218631204248,-0.8534872641267492,0.5777802585548258
619,1,-0.5147610012140075,1.2158781951916469,3.5155712004111046
620,1,-0.5529422937127001,1.2088790023376939,3.576643108568425
621,0,-0.7636268412662323,0.8817536139624071,1.915318568707396
622,0,0.6185737188584858,0.6039429269156515,-0.18161191046313352
623,1,-0.4724069682795439,0.9284233430194189,2.388986256671817
624,1,0.9744406078864534,1.331206877867635,3.9712870750687177
625,1,0.5903040370375139,1.6154727124261408,4.53345529044573
626,1,-0.719581789891384,1.0658234223890275,3.447953082152244
627,0,-0.6221193707523555,0.24347029575143747,-0.42677015337579693
628,0,-1.903454000406854,-1.7728421477430247,1.3398106830961616
629,0,0.2897507717222693,-0.8126606742860797,-0.06271862727832189
630,0,-0.4378961694660283,0.27816494992376223,1.1459066736263468
631,1,2.129898579305978,2.3249406693159473,7.100166957959013
632,1,1.0733101248071815,0.7526279027044827,3.6855909868721195
633,1,0.5653138924917849,1.3261197340082815,2.0621441051641565
634,1,1.0401201166745855,1.7222393750883067,3.4836429867598047
635,1,0.7671151566702024,1.5515854406164213,2.7528343042017775
636,0,1.44768561253997,1.3592719643684785,2.7636008437171897
637,1,0.22088786543763017,2.9048648728786075,4.13064483800326
638,0,-0.2268259812149682,-1.750856932938357,-0.8667885539955051
639,1,0.548847571761852,1.2922613890870658,3.8751398624699998
640,1,-1.6027943472301773,-1.189378870985772,0.2171242940535328
641,1,-0.335091333337569,0.5901808719630073,0.13146549042010802
642,1,1.269499385170778,0.5670849186153465,2.486374158755452
643,1,0.9169848658539588,2.4723154422836213,4.732320490030862
644,1,0.7899614397895229,2.946094681059152,4.175178336065591
645,0,0.3104565440070317,0.7530141555406606,1.2493870678280623
646,0,1.7517001153576248,0.4455797506800327,1.9693273327579939
647,0,-1.163270501259023,0.37592408835331037,-0.923230264583131
648,1,-0.09524701330317359,0.9212224273373635,2.8942663790226146
649,0,-0.09172825509448158,-1.8396452987954586,-0.9524878131290689
650,0,-0.26576950302568625,0.43712809067958436,1.248958696860063
651,1,1.0666048328609625,2.40201805275446,4.84300287278432
652,0,-0.4017859711331525,-0.34867608314687853,0.38453243669867876
653,0,-0.05290413599593872,-1.8999967173536367,0.44479934505011887
654,0,1.1561317951279686,0.4500912338310639,2.497785284193693
655,1,2.1195402695465053,0.4515896177549814,4.548923379965233
656,0,0.24319800616053433,0.18707394091272092,0.5422181307684039
657,1,1.4643382842328958,2.799463059120422,3.05246694379374
658,0,0.771657135132218,0.34875753666731124,1.8170534392434956
659,1,0.1838431247422521,1.699962539629598,5.3682847367352995
660,0,-1.0384652053405992,-2.3764714880590168,-2.7680991663793586
661,1,-1.3483602459480741,-0.0762225871162896,2.8290033555147787
662,0,0.1735994985472313,1.1457204141231305,3.3291657403112724
663,0,0.7984739358538193,0.09772140832112122,-1.1190501369223607
664,0,-1.1694271052672098,0.5056863891345584,-0.3661235726529297
665,0,0.9399069662978329,1.7264637387557498,3.406314415739392
666,1,0.9001708690135032,-0.8384887575522466,1.416510942655775
667,1,-0.29005349304875266,0.9231149547698643,3.2880193198359953
668,1,-0.7752178602033629,1.6746864666013497,1.2152767647930913
669,0,-1.1915051932151932,-1.4270132375692803,-3.3117286893145472
670,1,-0.3301117827462285,0.4324163289551891,0.32169373878490304
671,0,-3.0083394542679844,-1.979933225653875,-2.608085241393416
672,1,-0.8643668552676825,-1.3698635170854718,-0.004238819424675688
673,0,-0.5877901098329436,-0.4798828813875978,0.6247744408447817
674,0,0.4560850827303138,-0.9365895913169127,-0.2208223764540067
675,1,-2.367858898732907,-1.9275522104052252,0.5637977388352942
676,1,0.5258045425745405,0.9610798731624162,4.30293761448294
677,1,-0.04222677392207024,0.27420464687252655,2.748106582855147
678,1,-1.5063765711011359,1.2854209688775926,2.65105514148698
679,0,0.0979030323877214,0.4204048064915129,0.5907240683629599
680,0,-0.5043341061480523,0.581607653036275,-0.8415902411126361
681,1,1.0152556986655281,0.9596341393372523,3.43308634065575
682,0,-0.9991847453652618,1.156627269927412,-0.7744093443511488
683,0,0.9282644155539754,0.34823866398534664,0.15630967857603073
684,0,0.0033271689943035186,0.5375580913499073,2.0830899288876137
685,1,-1.3511650409909168,0.7253960164097593,2.413938611400617
686,1,-0.6166468476606246,-0.79264661110175,0.6375686875945169
687,0,0.641818317514168,0.09167095935664307,1.3327981089120484
688,0,0.45238318465904886,1.4531422376900789,1.6366841878456162
689,1,-1.5050646518964204,-0.6208067371706856,0.6461709051682432
690,1,0.8014846939460158,1.995851511314768,4.520104417751577
691,0,-1.1605328063454396,0.6891381281302973,1.149231897174715
692,1,0.9067153745560066,1.0997792950958112,3.3261991307115624
693,0,-2.315930085442009,-1.9340262244375,-3.08135272734838
694,0,0.057557347098477304,0.23340686161107266,2.338776069152534
695,0,0.18718592762300487,0.9815181057486188,2.789793639167193
696,1,0.6010916327969864,1.8044350029058904,2.950171024742504
697,1,1.4555857365742053,-0.07699121713572321,3.01075168880871
698,0,-1.5563617397380296,0.33197211864961884,-1.0938849657230527
699,0,-0.4494306930380207,0.3860037748733467,1.1362132803156537
700,0,-0.2351179572816283,-1.5221963847186366,0.3931274570257862
701,0,0.7507573800401682,1.211345925224237,3.255937155886522
702,1,-1.2513898736013682,1.6944651000754911,3.23061510960132
703,1,-2.2336524790660475,1.6628113408540464,1.3349227588008223
704,1,-0.46985683264594075,-0.1831643472948543,2.86092693825619
705,1,-0.5434889026219601,-1.2732421727444558,0.8956950531269495
706,1,-1.0300044552437055,0.7766796976221846,2.999168100657532
707,0,0.09450554738743723,1.0528499285360424,3.371951584702388
708,1,-0.32128291935821596,1.477070447395983,4.832379237881675
709,1,-0.5198302265918838,1.3778083177618716,3.5718962138026495
710,1,0.18082585615907482,1.875425727514916,2.379762547347262
711,0,0.18232121181483843,-0.0784004851431452,0.060107547374604886
712,0,-0.3059024231373945,-0.5291405513457379,0.3758026835063427
713,1,-0.023974279906546325,0.7200142393471884,2.508173290435076
714,0,1.0856956303217236,-0.4714331800095678,2.406681703881029
715,0,0.5032087343519998,0.9297741152203682,2.3907983658121976
716,1,-1.2758691566379798,2.406394713810929,3.4034528799806725
717,1,2.081920109959596,3.604706942527278,5.723878030415887
718,1,0.4401125445216547,0.6245350091811095,1.2124646092244762
719,0,0.8893686494885474,1.2416820488783875,2.7193216144570176
720,1,0.8569529610110151,1.6777721837782278,4.621836846505442
721,0,-0.3185399301467101,0.261681414616507,1.1253303395790517
722,1,0.02751967626115594,1.3974496630073803,3.5230676026317544
723,1,-0.7225343887894813,0.7832680662916625,2.227341184652807
724,1,-1.3677137374678345,-0.6338474266551914,-0.21212421032913154
725,1,-0.1323438832127893,0.6438994668303148,3.7886713894785324
726,1,-0.3003298364529548,0.561244637513072,2.640444306268187
727,0,-0.32186149811293796,0.27849918472166,1.2607613984168675
728,0,0.24236581050119885,-0.9417069360152213,1.4726812316108098
729,1,-0.458303198200773,2.029188221375584,2.1038053628852333
730,0,0.3887844944675339,1.4241033925306423,2.226309634376995
731,1,-0.1100734878372242,1.657241013411739,2.2029234087701894
732,1,0.1629650913636547,2.6148403705541443,3.317578264852976
733,1,0.11169990056609987,-0.07999015241048602,1.929416374242212
734,1,0.3321215990148992,-1.7235407410439767,1.5298583863436415
735,0,-0.17553219547879836,0.04423853774147282,0.19147320259666467
736,1,-0.062467847195411985,1.0932532359941325,1.66635942244787
737,1,-0.9509599113446002,1.805993146511333,1.7383453115197598
738,1,1.4819244464699217,1.5200893501411923,3.5407975228881314
739,1,0.4688850878812467,1.2473903238042399,2.8099453172845568
740,0,0.3584782623616283,-0.6150773736417863,1.6289418776807885
741,1,0.19041187041150434,2.77228487830254,3.673169116289621
742,1,1.0625501078731132,-1.091951247465147,1.4149353361000603
743,0,-0.5218358128674104,0.051609850319773026,0.45988498967693636
744,1,0.06687409934225168,2.0476173676171596,4.569179065666465
745,1,2.560938340856835,2.9389863252380426,4.29076441756474
746,1,0.7839558375746936,2.573033247281935,4.337778961503903
747,1,-0.14765077274789154,2.5433600699317505,2.0422509416967234
748,1,0.06538364094276222,0.331862670759118,4.327700322730576
749,1,0.8217443079705035,0.006653736239544683,2.0300976061052105
750,0,-1.066842482069371,-1.4200295868332353,-1.6002415969161408
751,0,-0.2552581461199552,2.0695674589735096,1.401209350298557
752,1,0.4949063425265063,1.1855193710477205,2.953313328272783
753,0,1.0634113040283544,1.0496388532132102,3.354210454310512
754,1,0.8757359910897248,0.8827163115554877,3.7416267751930627
755,1,-0.9657676486776406,-0.48749032380721125,1.0458308739039806
756,0,-1.0828199946795598,-1.0153470491695704,-0.8412774358233744
757,0,0.1482642806376919,1.10371940538609,3.450105222809543
758,1,0.2794431570445163,0.8232338092643694,2.3988376327533434
759,0,1.0133440287507907,-0.07802898236777472,0.5794326048838552
760,1,-1.7083769354880738,-0.27476948020627745,1.7051506485255201
761,0,-1.3517413509858627,0.6874335176663862,0.251242790666676
762,0,1.0774402292649319,-0.9813830670389976,-0.48934120760124944
763,1,0.9050131031004349,0.8824676583657551,1.9280889116245445
764,1,1.5361467756273641,1.1227963057713615,2.24872483519112
765,0,-0.4340292008526504,-0.1307944366893077,1.1894716648103794
766,1,-0.3829347380209788,1.8141991852213604,3.5947125943909044
767,1,-0.2759730131279011,0.7630351832867655,3.4811283815840453
768,0,-1.1987699927992383,-0.7871018177571667,0.5954648937715625
769,1,-0.661397001340638,2.3066867020268114,2.8253945719313123
770,0,-0.1179971381200664,-1.3062410062767384,-1.0811634031587896
771,0,1.5110415480621093,3.5370408207413493,4.751912065004412
772,1,-0.49556182485829803,1.393264896288043,2.907189073557265
773,0,0.6162084408026411,1.5249834844047176,2.9210105376765707
774,0,-0.7645977252321983,-1.2163615003251758,-0.3213775484374083
775,0,0.10982007131098806,1.8142396585270568,1.708690572551535
776,0,-0.7350041139361092,-0.42133283961709217,0.8276664280241051
777,0,0.9185649471636435,0.3225068414584556,3.6412178861384277
778,0,-0.23433133159064073,-0.09316846451361038,-0.8056980045131418
779,0,0.3228809335044882,0.5263244968650234,1.134551516902577
780,0,1.0481598425232324,0.3955190560806471,2.685274076711522
781,0,-0.20303593068910525,0.15767061406073765,0.47695217187241845
782,1,0.09723949337276235,-0.01956282186394631,1.2966918712688122
783,1,0.6975977797643272,-0.3000925850271914,2.59477783456323
784,1,0.2069056333925271,1.5162934865410174,3.7328562152001172
785,0,-0.2263393794375517,-0.3252322602840535,1.5097724257360219
786,1,-0.5623406225394444,-1.1570096721397056,1.9366157943974307
787,1,0.5987804648673172,0.3295535680774708,2.6763339574678655
788,1,3.4720681781653133,0.9181171568892401,3.805812086287358
789,0,-0.5620505143130826,0.8409368254494398,1.0590105498857905
790,0,-1.7003539252064903,-0.6921183139647167,1.1214857326690808
791,1,-0.272717689386061,2.508622190646811,5.201615440630783
792,1,-0.6419896047888836,1.28128302634099,2.6689225890314963
793,0,0.45867719389377104,0.5401520119315244,4.040116791187628
794,0,-0.31573089452335246,0.4454412239208786,-0.5087326822125726
795,1,0.2074660433452012,1.5243275144268866,3.5558767555408117
796,0,1.2932816275160972,2.9391100839008164,5.768447001977906
797,1,1.1686077021447738,2.0033776830548145,2.3861616907893826
798,0,0.6604845906292467,0.3136353326014298,2.7092294299550157
799,0,-1.1952289684792086,-1.368383570411733,-1.0515353550132587
800,1,-0.4499751326814816,1.7133240364427333,3.32267302363576
801,0,-1.0570690007243702,-0.9515436127495837,-1.020730272397926
802,1,0.2616500865506298,1.2430025710138386,2.6996507233560965
803,1,1.3992248826269729,2.034565422077626,2.7141143931400595
804,0,0.18467521708446433,1.3157782354450638,1.5779525412923445
805,1,-0.2926973891018168,-0.11936008561258471,1.778590837178409
806,1,0.2622621133576856,-0.05061781645340946,0.2227297010021443
807,0,-0.9798538940583192,-1.3005070509629157,-1.972938075889199
808,0,-0.45170803145913596,-1.162749869981686,1.319527724742368
809,0,0.8054617670605084,0.38259612337570076,1.7778888506480601
810,1,0.01653517967875633,2.494031070094425,3.230015170397418
811,1,0.15429792617223012,0.3606377993816344,3.489804975840666
812,1,-0.8983627353368039,0.8845966562091383,1.1002502917264847
813,0,-0.9081019195523151,-1.051899278206939,-0.5345717359058442
814,0,-1.152473992875956,-0.9630486173799484,-0.5279720895478504
815,0,1.2843507828289624,-1.0839617072302754,0.45852395259366585
816,1,-1.072203236297226,0.14446443305743206,-0.11357098481548
817,1,-0.2648362977426504,1.3891360303089724,4.329407236486483
818,0,1.8797098624104394,0.4051626523699129,1.5017507913395516
819,1,0.3138040629669306,1.2128123581958343,2.321010654547689
820,0,0.03321919775706751,-0.6281373762904898,-0.8124449251087587
821,0,-0.35035512286186543,0.44466633131141076,1.4526328622816984
822,1,-1.1646152545895039,1.4294097011498064,3.8591411965568825
823,0,-0.46026090285416243,0.21545003783046698,1.5161003430705202
824,0,0.21166110305340255,-0.6599424663100253,1.4763111989870605
825,0,0.8143780226404727,-0.3211090079093047,0.4640128326731433
826,0,-0.9763887755899181,-2.370501850166999,-1.3408149183656717
827,1,-0.6877731790357065,1.144652373455525,2.50052563220026
828,0,-0.9762207320930357,-0.3600826184791779,1.0806450529160143
829,1,-0.47907542484175436,1.2215194068367234,0.485671699271776
830,0,0.6812282459984472,-0.6701566092068892,1.3000711762886559
831,1,0.11166566950340617,1.7095986465136,4.339517334276122
832,1,0.3943938942102873,-0.6435662942971261,0.9439327473787471
833,0,-0.8761605848991191,-1.3369984772321846,-0.6783185162508577
834,1,-0.014261811029881936,0.41047277392685566,3.3805583927894234
835,1,-0.3379126798823299,-0.2823579587765279,2.5551210573335874
836,1,0.9364861002068698,2.585968435581485,4.567836934284495
837,1,-1.07130514253148,2.088628735572113,2.9619006838073902
838,0,-1.413243928444172,-0.7040535870584543,-1.5530319178342271
839,0,0.2099679599480847,0.139169768901702,0.981503920127661
840,0,0.6578426607648225,-1.178233031777913,0.12225417557342566
841,1,-0.7691371576453225,0.33951670807423606,1.25055593383517
842,0,-1.5500455528549881,-1.8601356623271297,-1.5105525530428368
843,1,-0.976966678111866,1.713494259499868,3.4520750193048775
844,0,-0.28471711493778046,1.2718572865989746,2.8543395719464226
845,0,-0.5472633406289138,-0.7239101813737006,1.2905279534138088
846,0,0.23575349652851252,-0.08324500963397913,0.27814112868888696
847,1,-0.5757604193033654,1.4620944595784333,2.9768217421649448
848,1,-1.2275065034654333,-0.7132370361201414,1.407632589467727
849,0,-0.25961621271255436,0.24226878239907174,0.9695783831995776
850,0,1.1936898440732484,-0.4745266007584107,0.2661449003724964
851,0,0.1755525412982938,0.7381999968672485,2.17747177162859
852,1,1.6747327841104216,2.236986463523848,4.0110649885446
853,1,0.31224408188675706,0.7510044738828688,3.1731881887719386
854,1,-0.3540905017562851,0.7972897864112556,1.2276840402376514
855,1,0.18809631906264346,-0.17987981020378085,1.981572497982358
856,1,-0.25320101306152165,0.7678468235504989,3.547389445037421
857,0,-1.1143932259579012,-0.05614288512321158,0.4463421684196109
858,1,-0.3929015145489199,1.2203067642804442,2.9445029898919666
859,1,0.07129371600023006,0.07643349503550867,1.9849304505202716
860,1,0.43595893640029576,1.9109647377076606,3.493327949005156
861,1,-0.8578573301095684,0.07881882307055788,2.2995311512776073
862,0,-1.0321682846637188,-2.2634347137897137,-0.5533047001622886
863,0,-0.7312187920115236,-0.8353789382118257,0.2997192924082602
864,1,-0.5055338890067146,2.635082184051345,3.5496774058441107
865,1,1.4311977789758592,0.4482120058390747,3.011113633915191
866,1,0.06336246897835876,0.4797260942571897,1.0361255435127756
867,1,-0.19900363220160266,0.3771386183015666,2.614332214707957
868,1,1.0067902872829546,1.1219792974350253,2.82800322306593
869,0,1.5056534846348884,1.2211253827872437,3.316490080167123
870,1,-0.7398387444751994,0.051914623345954536,1.3347441959055228
871,1,1.4815622110870665,0.9953266408543591,3.4862403286693944
872,0,1.1637866203915248,0.8171182636485846,2.072410523515632
873,0,-0.17439191723515773,-1.0098653344349746,-1.2414256873943392
874,0,-0.06729246099150203,0.5634627455500826,0.718914199781268
875,0,1.7643876813781378,1.4006424887816713,1.894921559207599
876,0,-0.004395057320046225,-0.039546711418273456,2.6827497221812275
877,1,-1.3462405648010651,1.252455628828772,1.5595554428912988
878,1,1.7003200399231182,1.143492500567743,4.525091202474809
879,1,-1.9305091999458648,0.5120352243790774,1.0681091229957054
880,0,0.2114476787150545,-1.6448671096200351,-0.5009903978252245
881,1,0.3600587017973542,0.7239863292780605,3.686726111360506
882,0,-0.28701951264223496,-0.08870923466930686,0.6959824477705383
883,0,0.39224853952545197,0.954841080161239,2.3880213005133895
884,0,0.8914357143889824,-1.5817285410686548,0.7824380526496905
885,0,-1.2719151693863282,0.2323008421559154,0.5234008564944234
886,0,-0.3928168687114291,1.494672780530559,1.8500458081577862
887,0,0.6731003378461309,0.1492482851736181,2.0332896092417254
888,1,0.08555303936858688,1.1872503601803441,2.424744825301085
889,0,1.5835316915656497,-0.12023636994714237,1.6916196153051368
890,0,-1.0226920078553294,-0.519411210162664,-0.7380946539364195
891,0,-0.9799201361626836,0.8873307593724449,-0.05011988567488923
892,1,0.5266796915742078,-0.12830433728645585,2.2808036865564714
893,0,-0.8193456379481745,-0.2908804616735611,-0.26567608321471436
894,0,-1.911589470211289,-2.537389619098525,-4.363542189064011
895,1,2.054106176062769,3.420692661884706,4.2352227684497175
896,1,0.15962743773753316,1.7806144643941804,3.1303429866744703
897,0,1.5567570024375412,0.22544074044038342,2.910474003949737
898,1,-0.05784822694307427,-0.4648354184356065,2.0893238297316623
899,1,-0.7991912656215759,1.3724395253831574,1.2670152722794912
900,0,0.09573989380780192,1.6919236444269625,4.725775590498295
901,0,0.30657896122577555,0.28896045870158726,2.1672011492814462
902,0,2.026067593117219,-0.6826467872466925,1.0491010844669622
903,0,2.2575752457270992,2.9572594656393347,4.672853526990786
904,0,-1.2880062945519353,-1.0834023304856353,-0.3863869073964889
905,1,0.7536335154605704,-0.5141036098218517,2.703547431402366
906,1,0.23989049830946757,0.2544480267190723,1.0606834458090346
907,0,0.5668353911688324,0.16599337718058915,0.6423144270544762
908,1,-1.0153708560171606,-0.2672777434322473,1.8370294922203225
909,1,-0.972017956955512,0.339987017149747,1.1506207478985448
910,0,0.01772568957537732,0.5199118183597806,0.5949536896703567
911,1,0.13102109905499948,0.7062788880253894,1.899262696179283
912,0,-1.0917014824900577,-1.1747610207620682,-1.3205407573225947
913,0,-1.2378024843581037,-0.3228072563764416,-0.06051924970623046
914,0,-1.217117314173507,2.344809731049237,2.3564542542038054
915,1,-0.1175866168356554,-0.4821938734253599,3.2885687603309472
916,0,-0.8199573292059401,0.450179088713721,1.4415348182354857
917,1,-0.39640459311605175,0.6047393233936387,2.645024074163675
918,1,-1.2818693114919255,0.44784217024405326,1.3377231127116265
919,1,1.1664063334067565,1.6176136596118367,5.284331725674468
920,0,0.6844363167377706,0.42318443310373255,1.7612064373824743
921,0,-0.8239602405876701,0.13296817110104087,1.9315709276744932
922,0,-1.9137918971833736,0.028327506321748852,-1.6181308647254162
923,1,-0.21366328985858585,1.2710463234877167,1.0267795896787342
924,1,1.7249542661048511,1.8882252648635542,4.27011286193545
925,0,0.30183752556261856,1.5184331660378734,2.392942865968838
926,0,1.7607460063372433,1.413009403907004,4.822169156452252
927,1,1.4609870622958716,2.740308920171891,5.156992193738027
928,1,0.07650884029632854,-0.003529380504407653,3.5783957969291693
929,0,0.049196311234156236,1.3107521894417598,1.1685720068350314
930,1,1.1259829759016053,1.098304312157832,4.345926931135408
931,1,0.9940748049434759,1.7071372381680918,4.241032850357094
932,0,-0.5963063503945604,-0.7696334518411225,-0.32858832454975906
933,1,-0.05711104265690117,0.9188680488896224,3.647310889798128
934,1,0.2821527796781712,0.6053499213725447,0.4844988668132979
935,1,0.27688581821918734,2.2445930282567765,3.492449351856013
936,1,-0.2597686140275366,1.0391263548863523,3.0358977224710175
937,1,-2.3694103085400546,-1.643899477082547,-0.07888554561932254
938,1,-0.6253416378647568,0.4898499328650754,2.18026903491957
939,0,0.22871719472830856,0.718552345338527,0.1533605831248952
940,0,2.1752507920493804,0.32795343583983516,1.5936363073364406
941,1,-0.958107754694624,0.9352992960474037,0.5032137722547214
942,0,0.7394637575731632,-0.8573687197594764,-1.1583174432866776
943,0,-0.6540017794283354,-1.855578753178881,-0.18745792152217278
944,0,0.07935938968764225,-0.1515731995360792,0.7524344851521536
945,1,0.3166464776047428,2.091461489900558,4.653157530271115
946,1,-0.8411444425355555,1.2682932308823938,4.835733625219433
947,1,-1.5909103821579484,1.1251455389681526,2.4218237617778287
948,1,0.2328007800147528,-1.1930209218870833,-0.3540091058730592
949,0,-1.3226174104245803,-0.35593571396806206,-0.06546899237177843
950,0,1.0294550367832545,1.1382689225568625,2.4116355049311196
951,1,-1.2645733090639584,1.7797165080063038,2.8508753646644447
952,1,0.7352384469528013,-0.3849853973458768,4.498438813667667
953,1,-0.9808932763277011,0.6950718599436613,1.0984027873299174
954,0,0.24968568127113452,-1.1362989432811486,1.2982972202206242
955,1,-1.65365710546671,-0.846353681013412,-0.07017962126117683
956,0,0.5267743104899112,0.28899672498629625,1.6518468085945923
957,1,-0.7572552439815309,0.017455532387689487,2.5674630397411344
958,1,-1.2778731823435443,1.190006450365936,1.6622728627009389
959,1,-0.4480464601927833,-0.41938925614469635,1.1535226833173553
960,1,0.23778838288013887,0.6149084759613435,2.3984380876638314
961,1,0.1670656911848788,2.6940170037523132,5.385872988453038
962,1,0.8070738387871774,1.5369633110331955,2.073467539026138
963,1,-1.113898698115643,-2.25776205887593,-1.4437877304266977
964,1,-0.4003978128799631,2.2613383720596265,5.090505055400965
965,1,-0.564090669942161,1.2342363756731574,3.4976972085808344
966,1,1.985279964594094,2.302751171501347,5.970354102774442
967,0,0.22710539530687385,0.00490541817230318,-0.19816812975117548
968,1,0.6264281948340518,1.2878855136267253,3.1408137184188494
969,1,0.9728418868585867,-1.2202306410919035,0.6336768434087231
970,1,0.2775743894318217,1.4924591776169644,4.705655172657161
971,1,-0.078978186241786,1.699000699480649,2.6929319973131864
972,0,1.4917653525149104,1.3722271260777767,1.2675151320320222
973,1,-1.1277024384401053,0.987812058924453,3.243962694341688
974,1,-1.16063424310543,2.1135110632732044,2.972052647505903
975,0,-0.8393929531004302,3.1946890688132656,3.704821096199475
976,1,1.7168646869332953,1.9656660450520549,4.55302040158301
977,0,0.8130673850455596,0.4182861920711771,1.6289494603721348
978,0,0.9590114624565637,0.0996139359087247,-0.6528399053795098
979,1,-0.4367123713335339,-0.47347817801156244,1.4953558196056884
980,1,0.1328654354231515,1.7568733885387313,5.244134989104562
981,0,2.4540976711493516,0.024397959328137153,0.5085162726635295
982,1,0.451796689949115,-0.603327753294985,1.9822742400233573
983,1,0.6687478346744798,0.5593715572137432,3.7470000121198157
984,0,0.21369940633261855,0.7927613207436877,2.3761384752577133
985,1,-0.8660031028316623,-0.31723903540742215,0.9994860614564087
986,1,1.2570764712808111,1.1120523064592625,4.2539300206325334
987,1,-1.8263429382219747,0.2560206836477641,2.1658163947514093
988,0,-0.4662928860600882,0.07172270492417138,-0.768950336761993
989,0,-0.43684989253721124,1.4674350952796285,2.8565102554037836
990,1,0.9815197429325475,1.7062072787237759,5.3972275234952125
991,0,0.8868955910297155,1.3253125630065843,2.854809075593429
992,1,-0.29202368813801544,1.9262859241081443,2.711482885376828
993,0,0.01272580776210604,2.057085797189806,4.642809357903987
994,0,1.91106980727373,0.08921534006223808,1.44978357156561
995,1,-0.024292334197363957,3.669233435300807,3.746628147130625
996,0,-0.3365245109371954,0.5291637860489836,2.1463441480571785
997,1,-0.09042388633526563,1.487778827187907,3.2016909152579136
998,1,-0.5689040360567895,-0.775687456575108,1.3140136131466018
999,1,0.2875843722867384,-0.5970933371135589,2.8199072638591893
1000,0,-1.3080555466377253,-1.7482775882954986,1.6708661970652001
1001,0,-0.1286042528358967,-0.6703628538380803,-0.36521770804621123
1002,0,0.14686458248566078,0.5523581903033434,2.213512675733704
1003,1,3.465926370726109,3.279009903584465,6.986833160073693
1004,1,-2.055818959315124,-0.5818381548601841,1.1253361162021327
1005,0,0.7272539407621905,0.8281275443919904,2.7230920303542407
1006,0,-0.19831614758184335,-0.19173761485214752,1.3808997377313648
1007,1,-1.1379995510222423,0.7438204080505475,2.5688079246623303
1008,0,1.1385488109173116,0.8256153781546499,4.010133122551419
1009,0,-1.529359511731036,-0.7110762632031077,-1.4531854736260141
1010,0,0.20057158866021774,-1.017882585191059,-0.36237175488748097
1011,1,0.7796756578472872,1.5134667777167512,4.166072895128418
1012,0,-1.2011714709603012,0.010097684140463636,0.08645194494042852
1013,1,-0.3785226428774297,2.553945267232269,3.869988643958745
1014,1,-1.8213121504831025,0.4892890340420436,1.4977550891734348
1015,0,-0.22727398081067138,1.690540405668485,1.9508065784240243
1016,0,-0.42162995088923233,1.155362012863291,1.4100559648846411
1017,0,0.7562575083142666,-0.21806337936130937,1.0310439169956453
1018,0,0.09258706809438336,-0.12805839320531537,1.353439668278428
1019,1,0.498745216273169,-0.5162166605203438,-0.31199930657660335
1020,1,0.5047683169401485,0.24434627727081415,2.027733175393879
1021,0,-0.4547122003646552,-1.0076944347729329,-0.488216256473244
1022,1,0.5411492181551735,0.07414367259324361,3.5598021441766052
1023,0,1.4162140290635823,0.7749965392712201,3.05695745226762
1024,0,1.2380885356863023,2.2197063675455486,3.3244758266253904
1025,0,0.7307011628751948,0.9655045631642134,0.6515994535001213
1026,1,-0.5099459724950187,1.0913603382496546,1.14737951008253
1027,1,0.6531843149167019,0.6479906015492702,1.9756548429012861
1028,1,1.1301096544359654,1.352073009915072,3.137519615312091
1029,1,-0.1318370736498086,1.0325274572558463,3.8866065635815215
1030,1,0.5214955050667391,-0.29032876669516616,1.0421272314609389
1031,1,1.4272076358576402,2.0490092733782896,5.019581435726456
1032,0,-0.4242289682477435,0.9443816860697243,1.739753118427991
1033,0,0.3822027050585703,0.12307756175273826,2.0962544239116854
1034,1,-0.33329658070246887,1.1090664870168625,3.3220765825677008
1035,0,-0.16647340185892098,-1.5020350257941673,-1.903053005851695
1036,1,-1.9750273284328197,-0.6150230649932191,-0.7658245525716343
1037,1,-0.4647599621425445,0.3908665632001067,3.0093703014804998
1038,1,1.5018765083072918,1.2718992752832472,3.096064164120613
1039,1,-0.8195694337510767,1.6547504848323316,2.6438798061634072
1040,1,0.46715977000178927,0.633079365505045,2.6166286977985638
1041,1,-1.645970446854054,0.11019860712017282,-1.619139213292119
1042,0,0.4962375364617854,-0.6174484839559155,-0.3564871105871281
1043,0,0.5156213937332546,1.005697802153079,2.9527293242221218
1044,1,0.21305960652343947,0.7853667760935589,3.841050837195717
1045,0,0.5507528901040987,0.5754841599783347,4.029554249934406
1046,0,0.014462735345453986,2.135602298357824,2.194731515729608
1047,0,-0.356074224569666,-0.5137805457223681,0.5947311116781182
1048,0,-0.16805705782059358,0.47288157965942335,1.4176138745239208
1049,0,1.308213264170217,0.9583783629576957,2.4181018211320535
1050,1,-0.3445454104059307,2.2654158082144757,4.9129917113875194
1051,1,0.22469850284870813,-1.8344706520300953,0.5811576579590086
1052,1,-1.9292961186781887,0.15857750945818183,2.40034457756298
1053,0,-0.49780022985583156,0.6165465841756395,1.5997626795205493
1054,1,0.2028323191204417,1.482421847802143,3.3212376545883653
1055,0,2.0199339660145625,0.6218029493658244,2.3521100040139467
1056,0,-0.08743041801572893,0.21721156653938342,1.1137321534137707
1057,0,-1.887981667132643,-1.149994358225491,0.30153047497888075
1058,1,-0.07736663450821318,0.6489386268811168,2.366524527618165
1059,0,1.7540483537325695,-1.3779488755862845,0.44920531095784905
1060,1,-0.07246806489287297,0.9438513856883373,2.1482873947830146
1061,0,1.5375099653533666,0.13183234668069205,0.21132498351462936
1062,1,-0.529229341892182,1.842000300670605,2.2607233321519717
1063,0,0.7432436897206204,0.8157492362059817,2.215854792348857
1064,1,-1.487641106387654,0.37686959737642267,1.9907969510027879
1065,1,-1.4635017910864232,0.13977894449551864,0.9386662022500893
1066,1,0.7240466416512402,1.516527770280029,4.195036533761814
1067,0,0.7569481466313739,-0.5448318439685393,-1.3279563652834245
1068,0,0.09944938160638261,1.7611161099682775,2.271078314258962
1069,1,0.3869722028454052,1.8851776295688005,3.6426642346127966
1070,1,-0.7781153241576669,0.3749551797249835,1.4111889064593073
1071,0,-1.0456283986782453,0.7649928408417328,0.8263074570609977
1072,1,0.4308704364481421,0.32051154157046025,3.1755676057169144
1073,1,0.6858267518148681,0.45792756118311484,0.4199037102839389
1074,1,-0.22039718183682078,2.069440076027739,2.4224095415514766
1075,1,-0.8942595232397911,-0.2780811022930201,2.3038475273910644
1076,0,-0.05621245698745529,0.1331279812033154,1.783049060989272
1077,1,0.25900080727382296,1.027324056157182,1.9029809794935657
1078,0,-0.1800128997707044,-0.7773959648055851,0.09297741128818879
1079,1,0.3078046840863027,-0.4502638073111902,2.7581973695375046
1080,1,0.13345539754287317,2.9354699753289974,5.28595806017701
1081,1,0.039118066919233564,1.0675729289488936,3.07087235887189
1082,1,1.185958147967154,2.8458650579167015,3.618193045134686
1083,1,-0.37858664633068184,0.6369576215198606,3.1668222857367474
1084,1,-0.8295253273791182,0.7072341062512806,3.5760673848974127
1085,1,-0.6909947880475338,1.2777915012031877,2.405375053660508
1086,0,0.1015176010611071,-1.2961628347556202,0.21957253673009464
1087,0,-0.11592723786257986,-1.953890006810375,-1.8784634379576468
1088,0,-1.4698807433680028,0.3805061943580139,0.9583512155048122
1089,0,0.7499799664913707,-1.005406387962485,2.0261960854637033
1090,1,-1.9674956417935268,2.117933454691028,2.3881666619021336
1091,0,-1.4043101096740453,-0.2881294860085869,1.0887905948414804
1092,0,-1.8789846394881615,-0.15376671968462163,-1.1471402923671246
1093,0,-1.0526136533953545,-1.1028802836426974,0.7150558139714931
1094,1,-0.8221484673056869,1.786120855412514,4.054518057277334
1095,0,-0.4483742685826404,0.2617466272216722,-0.22357018098590176
1096,0,-0.9332742717729102,-0.8683179810566488,0.02887074411936863
1097,1,0.7603591204450298,2.0084261189719337,3.5794406861999235
1098,1,-0.09758096029777606,1.4224274490098776,2.407441584040056
1099,0,-0.5593725252891887,-0.6918684853844761,-0.7890840902179094
1100,0,1.5433904533490734,-0.6603355188349754,0.5907008557958677
1101,0,-1.758388211786953,1.0168289187414152,1.4611377926841325
1102,1,0.3631176323300031,1.3536377752352289,3.9513625791779057
1103,1,0.8709458558894093,0.4287508919657499,2.210404736779525
1104,0,1.5742924726542176,0.7986832075502474,0.46985728746291966
1105,0,-0.668392673369656,-2.0395405399753717,-1.5279107177618036
1106,0,0.05355945552264107,1.0020933342009735,0.4288863307882127
1107,0,-1.72005958960147,-1.651673216111393,-3.13403848834161
1108,1,0.2582780403137128,0.8774279647310352,2.2526084846140235
1109,1,-1.4011880752036125,1.4906287198343888,1.5315354137365471
1110,1,-0.758202844401148,-0.23445128974333085,2.442115345822244
1111,0,0.8745875117243339,-0.5058267180865436,0.956790199247347
1112,0,1.4199973462752247,-0.982403386586703,3.5591939272378075
1113,0,-0.7735186026423041,-0.018022743019045773,-0.04103327846314442
1114,1,0.8232019084175469,3.4642312812128067,4.692449924391596
1115,0,-0.6301507102798236,-0.4319667407653987,-0.34684015464156137
1116,0,1.2245560203685382,1.3290266124250627,2.6403722524449953
1117,1,-1.1200776072625533,1.2498236859681926,0.3239581540117311
1118,1,0.46438214827868624,2.2214034428700766,3.5657661657062834
1119,0,0.29012615047264806,1.20867051659704,3.7128088670266326
1120,1,-1.1125926296363886,1.505236983839087,3.2171188822037773
1121,1,1.8575847187217762,0.3327326268052673,4.608233447742364
1122,0,0.2549386047791148,-0.8696611710230777,0.256966193651761
1123,1,0.9370498129092069,-0.30857063727116496,2.785966120114985
1124,1,-0.8264868658156208,2.1669427054364796,1.9497356459009825
1125,1,-0.5114724561733786,0.8855108199912705,2.5623665516660385
1126,0,0.42256413066683574,1.4013339758750742,2.9930576901670696
1127,0,0.5334008893340048,-0.07941641870557764,2.6142103163911354
1128,0,-0.06705740681977795,0.9963884369111672,1.8256286103220511
1129,1,0.5708913521832655,-0.6801063395499409,1.926362189107894
1130,0,2.053097114593096,1.0077149944102033,2.8810002156508063
1131,1,0.4463224915645959,0.7077680713427633,4.005436956135961
1132,1,0.9413865137284666,0.8977695396246669,2.277299386584731
1133,0,1.0088123507941456,2.362880541874408,3.949906325887424
1134,0,-2.326148689724891,-1.903152426810101,-2.5192370071676633
1135,0,-1.29677295742334,-0.6584650658126182,0.7727431625695242
1136,0,-0.5134017284817503,-0.31473183672014027,-0.6377802099658076
1137,1,1.1331205695219013,0.007758294199025073,1.4697439815010616
1138,1,2.319021119069079,2.3872031006344687,4.496504801124493
1139,1,-0.361576828959486,0.4388372261019988,3.2954122998852258
1140,0,2.2861479938930316,-0.10180385729323005,1.0579959693903143
1141,1,-0.4244140439651238,-0.7363488260838909,0.9202322740191777
1142,1,-1.1608493017809776,-0.9466267323670401,1.5533208224524542
1143,1,0.20311725094209707,-0.2278121309543093,2.830865935561968
1144,0,-0.46370023703052976,0.057504511868198965,1.451806698003812
1145,1,0.28151034786404716,1.8259864714623055,3.1275191853560984
1146,1,-0.7991884069922722,0.23878614618127303,2.243674502261665
1147,0,-0.7845018624458724,0.05258398359832783,0.7524238195972407
1148,1,-1.079082646527622,-1.3080797079729067,0.20312829697834536
1149,1,-0.20301825864615552,1.0656161024852364,4.179984970931779
1150,0,-0.5338474130502955,0.001560253735113093,0.7518041422029859
1151,0,-1.3701998606683172,-0.8875679426890777,-0.2537406033420608
1152,0,-1.1147541922162745,0.008124061352239975,0.14337398718548905
1153,0,0.10455878619973674,0.3472826724799875,-1.4505806987497825
1154,1,0.4610710831311297,3.1746642209700586,4.345086442757132
1155,1,-0.2413913263394223,1.1173479650003755,1.08077126489971
1156,0,-1.3094587670184938,-0.7942169066321882,0.42549642574474333
1157,1,0.2994927070145342,0.0896903807629379,1.9431960854882202
1158,1,-0.7320069257448987,0.760636370339813,2.9399514548127295
1159,0,2.2200366254781994,1.544467351550217,2.28647326672894
1160,0,-0.7618302232131694,-1.443258042151861,-1.7403633449434297
1161,0,1.8449459015600902,-0.7602021631574577,1.4605767290448946
1162,0,-0.01661225140592327,1.8020317686737832,2.3714948620063327
1163,1,0.1844385516149405,0.7475576619095432,2.43529497078938
1164,0,0.4730909491780664,0.9832275945102241,1.2549036031954213
1165,0,-0.7936246574267517,0.688618898230472,3.219785660701374
1166,1,1.0414761332313491,1.2590941757687664,3.18014026028127
1167,0,-0.6726510217204217,1.341747689495138,0.14063285675006343
1168,1,1.7728208953637656,2.5056000684227837,5.1700164518488085
1169,1,1.1146437131386733,1.0126220414372245,2.7119140836556777
1170,0,1.44316663626539,0.8301689544773523,1.4043210830897819
1171,1,0.005280413967724504,1.3246888227107456,4.822344074735455
1172,1,-0.3765455685410396,1.635825474268533,2.7426042991622643
1173,0,0.34457132969121446,-0.9072834921101898,0.5540466011943624
1174,1,0.47126941420569435,1.7146563823775152,3.4784101316939258
1175,0,-1.0616207241197264,0.4420260095939458,1.2412785964147148
1176,1,-0.28828387628806545,0.8663257114951894,2.5336226730568243
1177,0,0.07834599343113868,-2.0366474332288815,-0.6084482252239695
1178,0,-0.5189310252199825,-1.191595025406167,0.1712767688449936
1179,1,-0.946402626724774,2.2575453917088475,4.502214019834692
1180,0,-0.17241146139940197,-0.013409374976810773,2.809367582238299
1181,0,1.8108554026581867,1.3266668141445677,1.7327771778141141
1182,0,-0.35808242654322814,0.4993965437882426,0.8608418800009914
1183,0,0.26901087186034767,-1.8909956691116063,-0.8750889536573525
1184,0,1.2389416449454116,0.21995099726389195,3.194493666676216
1185,1,0.5605977518818542,1.87019920962465,4.078010106845332
1186,1,0.30154082700488477,1.1086837587442444,1.9097682735969674
1187,0,-0.5128738816748485,-0.5212642776190191,0.5729086931244718
1188,0,-0.2976127437176593,0.5320459504688201,0.5702962119087456
1189,1,1.7163890765103673,2.3533990094677333,6.133186181904253
1190,0,-0.8717690074407176,-0.0985105889216461,-0.621971058498924
1191,0,-0.698901363351913,-2.1810272508281807,-0.8798699365281888
1192,1,-0.927808931439113,-0.1335411351846978,-0.33798543087231225
1193,1,0.37118026882425975,-0.6987282198331386,4.185217120823695
1194,1,-1.0274388230725529,0.8871040840025294,2.611375972940309
1195,0,0.4992836673192676,0.570209483247786,1.7416460112146461
1196,1,-1.7002886386806901,-1.0613169455430063,-1.6969159124814466
1197,1,-0.6391245157837009,0.788083557665368,0.6459588920355439
1198,0,-0.19102849933940735,-0.6513326409785456,2.0476978123899543
1199,1,-0.9796025199772993,-0.11328008357137165,-0.5077606949321001
1200,0,2.257490102623753,-0.36444031693578316,4.543609046074524
1201,1,-2.102836372888089,-0.5779153110754787,-1.1657297616127202
1202,0,0.03181938422970707,0.25156955188241537,-1.152668460034868
1203,1,2.0987472339113737,0.9310025307529384,3.812371930357077
1204,0,0.0021923353586148285,0.09991902081849491,1.132930904166777
1205,0,1.8741584513620453,-0.5194819442929951,2.184093944970044
1206,0,0.19783138558467667,-0.7697140395532663,0.5268011602679689
1207,0,0.4715928538909869,1.9175643711387826,2.815087984626614
1208,1,0.37642583888031417,1.0958937422842456,4.824158828269567
1209,1,-1.0394594985447871,2.040919360172428,5.274955785925178
1210,1,-1.822998050524932,0.23546079070834902,1.7098669988706325
1211,1,-0.12784319177766829,0.7240165981130718,0.9816563250261752
1212,0,1.58210614063329,-1.004265751494978,1.1042952445449339
1213,0,0.10954899657636734,-2.8103990900578095,-1.1152230660997793
1214,1,-0.38254935466317114,2.3225828700521753,3.7488942418480504
1215,0,-0.5802055441837893,1.9511342425174854,2.0056538234829215
1216,0,-0.17234938907514932,-1.573867820232993,-2.9596140007750034
1217,1,-0.1385577494258939,0.978408433262577,3.875223426196399
1218,0,-0.5443363517645788,-2.372057068083185,-1.0638909793659532
1219,1,-0.14221750832757413,-0.9332001803828203,0.3565477332705106
1220,1,0.3864281008038649,-1.1319587905419821,1.8988451933686097
1221,1,-1.6356374666477413,-0.23038820401751492,0.030565527957172822
1222,0,-2.1686563464115935,1.2977270215742864,0.4958894031459363
1223,1,-0.6769074855351148,1.0006142283800947,2.562129266520557
1224,1,-1.0099914500103617,2.4363617188501507,3.5189352446816935
1225,0,0.519161636905591,-1.0572628687410088,-0.38425456160158034
1226,0,-0.5851545737903421,-0.23753459189899928,-0.005228748483760537
1227,0,-0.1726982594294454,-1.2197618665535988,0.13422800032570795
1228,1,-1.3865399455694118,-0.07513862032632312,3.7038604831179933
1229,1,-0.5937202156490979,2.29464886470846,3.016510334456083
1230,0,0.002961045594626431,-2.155037634009904,-0.5439396514895263
1231,0,0.7386000930792913,-1.9565444273769783,0.9490005708653251
1232,0,-0.3733591549806077,-0.46010936649198253,-0.42482577102577157
1233,0,-2.289581922089984,0.20334323369181118,0.11388539907008875
1234,1,-0.1930293276266365,2.9778859778720372,2.7125641353354397
1235,1,-0.18961749310556272,-0.16409426899909318,0.1206976945587872
1236,0,-0.47663303315062766,0.6233482496429189,1.1531907429885337
1237,1,0.5121078420317785,1.7436996418342927,4.0274087749287535
1238,1,-0.7401363299523959,1.5345895853640952,3.7084965848827904
1239,1,-0.5050483531392244,0.7932502288379917,2.116252084631535
1240,0,0.824244462383946,-1.5083387741709027,0.7851657356178254
1241,0,0.518208450225776,0.5344264308493545,0.13098526237730712
1242,0,1.0160692632290207,0.7012354922506341,0.8920445337031961
1243,0,-0.03231352282234935,0.11574286630336689,0.14517369686907533
1244,1,-0.4339745720505189,0.0348677913502482,2.53087999873579
1245,0,1.6675172855524778,0.3194544448895939,3.082049719364531
1246,0,-0.10964515868305826,-1.09378069593316,0.8211305062174367
1247,0,-0.06232689847655009,-0.15744770250246357,1.4032046689184943
1248,1,0.8881109394180753,0.014691056839876149,1.69486643741721
1249,1,1.129633866742251,1.5591907667641478,4.777499568152831
1250,0,0.40089787451032577,0.05455824191607231,0.17002395491086042
1251,1,-1.2405987819805104,-0.3387864062843584,0.8273058293914015
1252,1,0.5165674782763389,2.8212247016966905,3.879693678618242
1253,0,0.33688501693567474,-1.3585266848835469,-0.3371669498208833
1254,1,0.8654077663001448,1.049411048720678,4.715748829444555
1255,0,0.44261274117987753,0.25887078741974184,2.309350848348775
1256,0,-0.976843743995837,0.49648583733646895,-0.02060504028298804
1257,1,1.7095216596957217,1.2813840082520747,2.7356070934732273
1258,0,-0.7792608599819214,-0.39411324680218734,-0.791098780537284
1259,1,-0.7974038592343047,-0.715357072064243,0.6921820887665837
1260,0,2.2350774719266275,1.951660984728171,4.405577318032153
1261,0,0.17040991872189995,0.028850221563166294,0.3316702811818434
1262,0,-0.7840561865102649,0.8027562363902495,1.6926328260132841
1263,1,-0.5899101846046614,1.5145255795849561,2.767379803330741
1264,1,-0.2526217326418071,1.9358412403521914,3.720973602149348
1265,1,0.5266981818162404,1.4358794815616314,5.526206649675135
1266,0,-1.6127472193445571,-1.2217675104430121,-1.632392472442656
1267,0,2.415106629227942,-0.8673867227115364,1.2864426971466763
1268,0,0.7870909647104812,-0.5845876767417458,0.45398591971538377
1269,0,1.0218177325670277,1.387094369040554,1.9525616828019041
1270,0,-1.782622680385391,-0.08037809170273813,0.8145071193682375
1271,1,-1.0695145628007559,-0.8371019935346411,0.7882558052840941
1272,0,-1.5794764981065055,0.11123406275737102,0.3570456608312349
1273,1,0.648790880448966,2.276904432636267,3.315332601025832
1274,0,1.3888188509769084,-0.008085258559189512,2.4114408893685586
1275,1,-1.0537255091017783,0.41098260465775494,2.809792809525375
1276,0,-0.6020819951176464,-0.23712044121704723,-0.10301215444825185
1277,0,1.4950957663900022,-0.7399673751628697,0.7434813729309719
1278,0,-1.1460465984474513,-0.607420246583859,-0.5095253478032407
1279,1,0.07736655016192404,0.9486662686366208,4.443422251111496
1280,1,-2.0609441150167083,0.23836798235882561,1.7657108370918597
1281,0,-0.246790762358358,-0.7255516077431075,0.8762522508437832
1282,0,-0.5872251064550363,-1.8212927204887475,-1.0161165000960608
1283,1,-0.3610613261407244,-0.714179597661774,-1.6756815408089347
1284,0,-2.2533724597804556,-1.6234412168490724,-3.2782306925221363
1285,1,-2.1477552693116495,-0.8389796703627641,0.7333093139985914
1286,1,-0.6245911024893138,1.0209048539548273,4.394122255888312
1287,0,0.3809791601323977,-1.0832855732967934,-0.193058865776927
1288,0,0.7226195381711749,-1.1619384384250047,-0.6292551418290449
1289,1,-1.606594718065421,1.4518741224147311,1.3616156253377798
1290,1,0.3412763933448212,2.4653850580311327,4.842301438532003
1291,0,-1.413082384115299,0.5328753262958369,-0.07578961163406805
1292,1,-0.9564539140592038,1.3943921659297591,4.402391785351446
1293,1,-2.595150541435754,-0.8859370279854624,1.446081831797735
1294,0,-0.0026239419191581223,-0.42646406358226896,-0.4543930679556045
1295,0,1.6680070064068886,-0.6979302320541536,2.3379825533285823
1296,0,-1.6359920233200982,0.21391634220281974,-0.5130465571722441
1297,0,1.4678613751668326,2.181115684296312,4.731783090917156
1298,1,0.9530069848455597,0.5176837987262125,3.970432178384571
1299,1,-1.5497346212321192,0.0008508290020854403,2.595659286596212
1300,1,-0.06434998582451555,1.185598477463571,3.1828674199316263
1301,0,0.7710016033692881,2.125544144813816,2.9569747483119997
1302,0,-0.4737153486100486,-1.7184014667671486,-1.8195365304773448
1303,1,-2.85249466041992,-1.1699280008491981,-0.7660086603817138
1304,0,0.7592956161940884,2.1950195450012444,2.4887160553924907
1305,1,-1.0716507812657972,3.4263858780695386,5.074036826434908
1306,1,-1.2317912180847839,2.481459886470219,1.8694070005013268
1307,1,-0.3885761182468038,1.7585593575280587,3.2226778825346187
1308,0,0.8188111604921853,-0.31987464155712125,0.731633979833217
1309,0,0.7919369814195237,1.724218694270808,2.5340662113921186
1310,0,-0.6861248470497067,1.7193088253402606,3.0763310736705547
1311,0,0.6840799289068472,0.7152667477395487,0.515653938014073
1312,0,-0.3687195433445437,-0.4034350950089104,0.35308072120528494
1313,1,0.7191400746295163,1.0699525000278771,2.055704649575238
1314,1,-0.23105324676792116,0.08013247753697539,1.5587397188921899
1315,0,-0.5822318967799421,-0.642735951128614,0.2903474031581993
1316,0,-0.6122265563323462,-1.7564522770560536,0.4375723924164634
1317,0,-0.2663906538658397,1.1176544845097438,1.0226070012636033
1318,0,0.46482141037631,1.8591589993107154,2.7831436648112917
1319,0,0.2618422484974312,0.7497075845895977,3.7505662634372365
1320,1,1.6780975482948592,0.37200939229439445,4.258589044898304
1321,1,-0.37992483030176033,-0.09806499654552647,2.4686670921397473
1322,0,0.32263559315810386,2.2492094768077653,4.0929242519156075
1323,0,0.3873012441932524,2.3274467557408376,2.8650493411835245
1324,1,0.11130834129259409,0.7241546054326833,1.1639237217540261
1325,1,-1.4455220995135514,-1.5628751236280487,-0.400621324104371
1326,0,-1.2017472645447291,-1.2079070897500364,-0.1172304948621854
1327,1,-1.3336837027198312,-0.4833784855819301,3.649111507025566
1328,1,-1.712784227579691,-0.030640656347934003,0.2844519522832458
1329,0,1.2313934174088117,0.6517972573836688,2.053896419758992
1330,0,1.3181977461866363,-0.519897272991542,2.9409054163244326
1331,1,-1.058833425732118,-0.3297885710908455,2.391417426497748
1332,1,-0.7935284240078918,1.4211968273951796,2.3507475272744327
1333,0,-0.9140282898380194,0.02260256477666389,1.720067958556555
1334,0,0.2980665707147627,0.5109040154611515,2.417190966758959
1335,1,-0.5341592231768274,1.3374581453404817,2.7114443401562665
1336,0,-0.5251166780432183,0.524419731036806,2.0550769418655728
1337,0,-0.49361933008011794,0.9177542157084382,0.8297732623147456
1338,1,1.24718271856844,1.93594521595483,4.66771423604775
1339,0,-0.34908177155102205,-1.4811902718499375,2.318978443382886
1340,0,0.4300110037096587,-0.7001860724465733,0.0637392552177346
1341,1,-0.7328172502506549,0.10432731031383569,1.9413383321950002
1342,1,1.0699147286873036,2.9268227745733877,5.24279420864716
1343,0,-2.013593170019459,-1.1634340403907877,-0.7102014507795638
1344,0,0.8878687239750391,-0.9487002022630331,1.8904128153307629
1345,1,0.8676116359461297,0.1027041007634687,2.706509512417359
1346,1,0.24049310316885947,1.298478551251317,2.9464313766767183
1347,0,0.016948657650252955,0.16469913137599906,1.6803690809573681
1348,1,-0.7098252351100942,0.8844804168799648,1.9168526889174562
1349,0,-0.7691647549662137,-0.22932665415194486,-0.11232310447882482
1350,1,0.09793364226214911,-0.8229441516709459,0.8656563560642233
1351,0,-0.3777119927046216,-0.7406558561236177,0.19376730041983362
1352,0,-0.5392519398672564,1.0169710840771642,3.374662077206665
1353,1,1.0829018193724997,1.651957853448069,2.852154427196612
1354,0,3.171268294974435,2.2438866931131054,3.0818613365673304
1355,0,-0.640635702495851,-0.42059306625359993,0.6756256842520697
1356,0,1.7931007638327396,2.577062101352553,4.727243311987749
1357,0,0.4521040224476565,0.20561645849026441,2.7445799563525357
1358,1,0.41255589782761903,0.7139894501292937,2.9254292809639786
1359,1,-1.1927809584869797,0.52744730851498,0.2618572723604531
1360,0,-0.15509629422872528,-0.9787379921175122,1.2040194729518472
1361,0,-0.6905480068731829,-0.05820212729475016,0.1829685276416398
1362,0,0.9645096395357421,1.203016278233839,2.945895155793679
1363,0,-0.7426274666145194,-3.0651266459033963,-3.2845275750484024
1364,1,-0.6291329812714744,0.5805506082014715,3.271760317194753
1365,0,0.6122884047199937,1.4032230450392287,3.0423732685360525
1366,0,-1.0372368538225998,0.000692067516727346,0.7827531157578655
1367,1,-0.18803785167400638,1.8121809585296857,4.754084653854186
1368,1,1.10094015701912,1.348912969896578,3.23498375589523
1369,0,0.21177774551407122,1.7601619842948326,3.3846625265122157
1370,1,-1.3579899886705393,-0.6442040535818072,0.6666768198846431
1371,0,0.4079660360901291,1.7688699063124034,1.3033132052673622
1372,1,-1.3663137537752181,2.023945303880822,3.540119563036419
1373,0,1.6537385076021656,0.18791133211695665,0.3362430356057462
1374,0,0.8434518438540319,0.7057055384282029,3.0904345689714994
1375,1,-0.6690468768924678,-0.49974513832660183,2.239911385280157
1376,1,-0.1811470057375278,2.689764609511911,3.6875671489891775
1377,1,-0.8154333282743546,0.18673917818047114,1.0776814704579447
1378,1,1.6559856946494733,0.7519603289036635,2.8545815635895804
1379,0,-0.5133387215487933,-1.0126927112409123,1.1330025617473967
1380,0,1.5509457818721588,1.0273109290990174,2.5066909761814475
1381,1,1.3063178792218366,1.307129375998966,2.596353969505982
1382,1,-0.4838968633619689,1.2253951087512462,2.2371664908605955
1383,1,0.8307497171464009,2.0775137392115592,5.944859608362277
1384,0,1.0041577912727744,0.337724050327415,1.1814548758744927
1385,1,-0.14602803549347937,0.38713782513070516,2.692107541941668
1386,1,1.3482378589142598,0.2099565451912352,3.1103749025756535
1387,1,0.6052763088552898,0.9369007343989256,3.231790685059978
1388,1,1.2684326162726767,1.7111874814957557,5.29961414760432
1389,0,-0.4119358242363831,-2.159269464706801,-0.8951116164893117
1390,1,-0.4181077931499065,1.006985744443607,3.864749634067726
1391,1,1.5139172155144538,2.4712824517952545,3.8414060505424468
1392,0,1.0308522095749615,-0.7236545032304174,1.263160182022045
1393,0,0.5993465191227156,-0.15326746063269575,2.917951032986551
1394,0,-0.17811766126656065,-0.03737849667520459,1.5123536645292974
1395,0,0.6415042601812632,0.8390550684200021,1.2107515244325742
1396,1,-1.280302976750996,2.4876205148309083,2.516892235702881
1397,1,-0.9218434088531637,0.2721838936150164,1.8869201172617303
1398,0,0.48355679844531224,-0.09811459012968896,0.877226792769721
1399,1,-0.4827172897385292,1.0023105198945141,3.1659625589364637
1400,1,-1.4569713425369781,0.7222077283851349,2.6074890719738546
1401,0,0.04951392225790772,0.5160526418381637,1.5775123443923325
1402,1,-0.3877081897394384,1.809363488260202,3.4423086498414834
1403,1,-1.1788059033059728,0.5042141997247489,1.1388008183454725
1404,0,0.6376238406584878,0.4648007123437574,2.6218552984008094
1405,0,1.294719902668718,-0.7375728731720955,1.808182809685671
1406,1,0.10170073967269326,0.3056064819824976,3.4064363790710592
1407,0,0.5570585622803889,-0.4527627098389778,0.8603602290635868
1408,1,0.5331865767379378,-0.16069142120031676,1.8402840722781506
1409,0,-1.082605453800395,-1.7075718638617339,0.40938766348044964
1410,1,-0.9302872095557255,0.35717570228395723,1.5640379673389941
1411,0,-0.7265389871861972,1.9097090235907417,2.3614968953080746
1412,1,-0.29634131247600587,1.3512912599425626,5.019668898360342
1413,1,0.18363670211015065,1.2447993695686934,2.5817286287964625
1414,0,-0.15509916122194328,-2.3890849885955725,0.36603812795216895
1415,1,0.20853607983380493,1.7643488923927806,4.670501276395488
1416,1,-0.7155682807136519,1.3040237963995627,4.448003897533368
1417,1,-1.0945263344815606,-0.40026897600519984,2.413693574738512
1418,1,-0.6330652349747564,1.4545256323227556,2.0865702948304015
1419,1,-0.6856198460209152,1.3172275394964503,1.4906576477400686
1420,0,0.6245850770211048,1.2732057526929303,3.323094400534747
1421,1,1.8625742478833434,1.7625367160238121,3.3710902273459746
1422,0,1.0148992960322285,1.0320306719243342,1.9560022007900963
1423,0,-0.37815923458622486,0.5364439490718473,-0.07923399559345268
1424,1,0.504722006906783,2.098027977488952,5.849610615539879
1425,1,-0.901147728711327,0.3230993834164234,2.531654386300057
1426,1,0.44166731820688004,2.3933111526551003,3.872327010079248
1427,0,-0.19005918335741262,-0.22020427671990564,-0.5324744360848371
1428,0,-1.5038163311129147,-0.959673889713512,-0.2834840521150097
1429,0,-1.7503455092392528,-0.7033551148306836,-1.6909024177744367
1430,0,0.21425784387068855,0.1027388005738652,0.3659466421255372
1431,0,2.0222978319918177,2.9079530961494475,4.488831436191812
1432,0,0.2932672610910441,1.1706695776073825,2.3626381797211673
1433,1,-1.1121648287673993,0.8409190695433117,2.0548554710870968
1434,1,-1.336084139311711,-0.669648211476696,0.2091239615472824
1435,0,-1.2931652172340098,0.30845079955786103,2.132691317321516
1436,0,1.5671128790425577,0.11519674773260846,1.9451960921375995
1437,1,0.18356257831635386,1.217595605370185,3.062989770444673
1438,0,-0.5031300586103071,-0.23371107900642737,0.6046979542240243
1439,0,-1.3362354235501537,-2.2397488706355166,-1.0981824831777716
1440,0,-0.8093205247040712,-2.2929919111678796,0.11690491498042244
1441,0,-1.093814775456746,-0.7450374430041253,-2.0918766388639027
1442,0,1.6132150978845514,1.1681831804169676,1.809476851543419
1443,0,1.0661586282509303,0.5071303512403926,0.7321897178931294
1444,0,-1.3153904224577775,-1.9493243219594518,-2.5018263826015135
1445,1,0.8515959579543652,2.2498033695444253,4.595032401209372
1446,1,0.447480689442232,0.9101335960758825,4.380882972876973
1447,1,0.423592206545172,0.650417044124982,2.57962605344634
1448,1,-0.7989415352770083,-0.3392554473027163,0.8748812644281987
1449,1,0.03950633370059362,0.8526993722832301,3.3410734083120515
1450,1,-1.0683500476807921,0.5030698527575773,0.9463211854342215
1451,1,-2.2082610947792904,-1.2964907957836367,1.0809311499446113
1452,0,0.5504445378097005,-1.4366130201229284,1.4054884284938538
1453,1,1.1889387645095844,1.2184992607998262,1.43952522001763
1454,0,0.07878311460836734,0.2343301180440411,0.8873839924981155
1455,0,-0.851291637601099,-0.6447179366460366,0.3528804901371413
1456,0,0.3637068617524733,0.49106378638349574,0.06376920921585194
1457,1,-0.6589311684533797,0.03594365626879781,3.3673824847316896
1458,0,0.4769466417723654,-1.24953250941872,-0.08828731886608648
1459,1,-2.41383070977664,0.38230562754047703,1.9547883964675894
1460,0,-1.3839177067324606,-2.122037691574023,-0.3311673493506271
1461,0,0.7646854597809419,-0.42908148484143444,0.9154447101305847
1462,1,0.4837689924688285,1.103397791378647,3.5608409642869407
1463,0,0.24326515161445628,0.8664273220259842,1.1399392025579098
1464,1,0.16396436494166078,1.4929952235056854,3.7749496680333476
1465,1,0.13728489386286055,0.5057457938341936,3.14104366903425
1466,1,-1.0827186660116117,-1.7212938814477892,1.8836186771146284
1467,0,-1.08744064670821,-0.28455650887565,-1.44281575796741
1468,1,0.03693749126010472,1.5031562259570599,3.905492979665665
1469,0,1.1734703535904771,1.537617637532614,2.38549665071843
1470,0,0.46004544016943155,0.841348860902297,1.6859164799070798
1471,1,0.5895677586666195,1.9364029191381555,2.6385785555366192
1472,1,1.5270985833544948,0.9987484007794959,3.086200356310881
1473,1,-0.9252111683322641,-0.26088675632354774,0.24931270913160475
1474,0,-0.6299904245820779,0.5017938909701798,2.3648043952279743
1475,0,0.22774055310788888,-0.19725414792001963,1.047960917909537
1476,1,0.9152746016841586,1.5116264429197037,2.4498510931719153
1477,1,0.9183872646740966,0.1210348765029674,2.4172756698319398
1478,1,-2.3198590894873337,1.297940114057527,0.852139552384527
1479,0,1.5804845285326945,0.36864848189831273,3.261986386561765
1480,0,-1.6460695114982289,0.025980196029993685,-0.24533900038724496
1481,0,0.8988592540840361,-0.08436923413843089,1.384284543161594
1482,0,-0.08392765133074657,1.5332601923933182,2.5366935246189417
1483,1,0.43773154695679456,0.7863211360406497,1.4745171683882088
1484,1,0.6896251026117821,2.9004049181818434,4.372468594167334
1485,0,0.4228617945950423,0.8930257010013491,3.877211758766175
1486,1,-2.189182359852715,-0.5094534681261358,-0.18439894589453149
1487,1,-0.24312787370374833,0.7244959156479264,2.4674284320754727
1488,0,-1.9509257006657044,-1.4905813311985643,-1.548466263182394
1489,0,-1.9483010350594838,-1.5174041477964195,-3.5041303435420437
1490,1,0.26018476771726634,2.885281950703728,5.530244293294706
1491,1,-1.485000340971467,-0.2823161339976554,0.13371179252998522
1492,1,-0.44270521273003105,1.8303694479395332,2.7846726071064043
1493,1,1.6886422709910225,2.0622287198550855,6.254423169946894
1494,0,0.3559016882736057,-0.24042038850432632,1.3660509288398583
1495,1,-0.028235571152662974,1.1115910235249529,1.4910123459640217
1496,1,-1.0570479285780903,-0.25625669977564014,0.9071182957459468
1497,0,0.23528143021831102,-0.4313399504169863,0.4535320571172494
1498,0,1.041972979089165,-0.4556730383349548,1.897871363611515
1499,1,-0.4175695458108275,1.1486857879455559,2.6266168503933462
1500,1,-0.3374096568951637,0.6621552530509842,2.0539134854800265
1501,0,0.4428907778958523,0.6988637236474213,3.9480912672298687
1502,1,-0.8792809468075101,2.1596528252556633,2.115975881714532
1503,0,-1.4069372548450665,0.12978786141088205,-0.053168273583751424
1504,1,-1.662087495413652,-0.6147571214745544,1.0715189793437498
1505,1,-0.19079656993719687,1.1200924257591012,3.9376658939119378
1506,0,-0.007363567576765597,1.4647849302771063,3.319970448503961
1507,1,-0.32323020718888434,2.4491109492567533,2.3435396732632543
1508,0,-0.29743996244082427,0.9905888485438819,2.8129750358343095
1509,1,0.7633024464253529,1.4927704942142295,3.6945502616645784
1510,1,0.2501166568603874,2.8702141191082644,2.702148646380918
1511,0,-0.7081310514020908,-0.6681275078441626,-1.3778328659144772
1512,1,-0.0982179981910248,1.4894460782804562,1.9742249796672517
1513,1,0.9442076771568274,2.0448924838079963,2.748259430050622
1514,0,-0.7374230912416785,-1.5610924858372963,0.6512140849126782
1515,0,0.11525106921495906,-0.48018508041894914,0.872563181496312
1516,1,0.8387125157860593,3.394134787489935,4.68841256762984
1517,1,-0.8623493417401311,1.1089056278660112,0.7389436391527173
1518,0,0.6033906399955193,1.7904813173489176,3.045255112570857
1519,0,0.47640557422298724,1.5919311789401778,4.53120828855368
1520,0,0.04818461166964541,-1.7176033583827537,1.131495044742487
1521,0,0.42028679766313004,-1.0397434678092743,0.5990753489399119
1522,0,1.8844399294289524,0.48241607846446755,0.5242171180570203
1523,1,-1.00289506943566,1.1736078775861116,0.9498646935622503
1524,1,-1.251997258932115,1.0843156427113325,0.9564877958165743
1525,0,0.7891489514632253,-0.3486757778164699,1.5893144811032296
1526,0,-0.6075509518103662,1.1390544460982468,1.6021168317024075
1527,0,-0.41869286106680964,1.241741948695437,1.9071876565449615
1528,1,0.6772030937705822,0.9847697075266617,2.2514764570526324
1529,0,1.1085020808854005,0.8864283465414884,2.812085515442875
1530,1,0.4045695726828208,1.0494142991507875,2.52869032047207
1531,1,-0.3588792431509098,1.6315086277495443,2.6702756148655444
1532,0,-0.14974472132284142,1.412152959130131,0.6685317258412791
1533,1,-0.12264063835507637,2.2485186841935016,2.8800508089133308
1534,0,-1.4268821513720176,-0.2502823528840897,1.1850030422157767
1535,0,0.06269162563089464,-0.11906445143891295,1.382426447492669
1536,1,0.4905391951059424,1.898724520665529,4.27355459456033
1537,1,0.9222717519830572,1.5773515759199153,2.264692697459699
1538,0,0.9620433197051567,-1.1404314760906802,-0.5208869468032415
1539,1,-0.1995743609323074,0.2491954555771111,2.93243692599034
1540,0,-0.9180374751891661,-0.9210066987608504,-0.5764683063385772
1541,1,1.1363979630543624,0.5427680813786063,3.4811943451777227
1542,0,0.6958427295819671,1.3935751679273487,2.083345211761986
1543,1,-0.1357675937496401,-0.6488252604383322,1.4574660832264772
1544,1,-1.4863672365488476,1.9016154620614332,2.3205269009849827
1545,0,-0.2687747338717545,-0.26566899631963964,0.01992167032227632
1546,0,-0.06857140680627528,-1.354042218948979,-1.325083762047103
1547,1,-1.974686398934893,0.5934341511915188,2.1410426564076563
1548,0,-0.26153177182716414,-0.020146333098274488,0.8709508656432555
1549,1,-0.8639505727055626,1.5445635101632165,2.0462553939936927
1550,0,-0.9955009170842225,0.28281897223605396,-0.7860444347414249
1551,1,-0.6184055580765088,1.1594181344048748,2.24845911185674
1552,1,0.43257585104044916,1.3921201075549539,4.457352610487195
1553,0,-0.08960807374104277,0.5892973575167086,0.47853866924920474
1554,0,-0.004633325764783757,0.3241107685043767,0.9729726207420715
1555,0,-2.255034561282869,1.438726792970587,1.397443556622269
1556,1,-0.9926926790887518,-0.5208663540686902,2.8756450468902073
1557,0,0.5920220047147963,0.6025021678086676,1.1081734319641297
1558,1,0.3333336553110412,1.5730861247907555,4.045354187586712
1559,0,-0.08770647349017562,-1.798624632787196,-0.7105786786013616
1560,1,0.5290317818791157,2.932374749233563,3.5283456627652923
1561,1,0.059691217837898734,2.321370526923861,4.744691596761017
1562,0,1.2925653991923063,0.4753002099715471,2.522875144014449
1563,1,-1.6897929288873126,1.5775875427008237,3.1246050118628887
1564,1,-0.7468618399160765,0.15600069745554013,2.433587019198405
1565,0,0.8458070779377392,-0.672589123375789,1.9468951379074007
1566,1,0.23003433094926834,0.4589900580008297,4.136575587757185
1567,1,-0.867860956073896,1.849186436137349,2.5452947443339538
1568,0,-2.8935997882413966,-0.38787616545684744,-0.9033941107718048
1569,0,-0.4127813444840753,-0.1818160540418836,1.191114300039354
1570,1,-0.048226080966494986,-0.32247490912507804,0.9581079414275521
1571,1,0.31473769597752954,0.9641189879911075,1.399175485916364
1572,0,-0.1408791280411712,0.19860851528477538,2.893919169654206
1573,1,-1.3356203615522142,1.3564097391622896,1.432490397029017
1574,1,-0.28927143194734806,2.046154755343449,2.4138581422740826
1575,1,0.31301577774734224,1.273434548726038,3.5933848529866133
1576,1,-0.9588498372996246,-0.12691939666250596,0.6733656920654102
1577,1,0.38261216212747673,2.3102883588334056,4.096760624352464
1578,1,1.0277232425863136,2.301695893118556,4.262838820657956
1579,1,0.05258785943830006,0.6691823618981829,3.328000094288344
1580,1,0.2693773789697668,-0.518391898429343,1.6764588053320915
1581,0,0.8614032485057175,0.8212746294297183,-0.0633087594426418
1582,1,0.6828609412510093,0.13777557548206287,2.8695722913540127
1583,1,-0.4680597354826971,1.6580449877353642,3.6199337766593906
1584,1,-1.2506385968587883,1.294307366544742,2.1310623921455827
1585,0,-0.038991945876059905,-1.385969104393233,0.6562970981496231
1586,0,0.4654915292510655,-0.5003058308728372,0.8463490980805438
1587,0,-1.0362861340631595,0.5916576104100904,1.1811671372066856
1588,1,1.4963672709647244,2.0718603724133096,5.3535238446289215
1589,1,1.463270897345962,1.895095503400356,3.3381567045566714
1590,1,-2.0066742489177543,0.9880727702605274,3.3212824033085537
1591,1,1.0425168162705696,1.7383088781818496,5.617747812358726
1592,0,0.5035381390499881,0.736240600528336,1.539130482425591
1593,0,-0.952128883636621,-0.2606756715627836,-0.24367564179313805
1594,1,-0.5355734284539433,3.7859567097070186,4.428863745133327
1595,0,0.4877033680396709,0.2436882860198843,0.9814959339906315
1596,1,0.5283734036573147,0.053407727075104106,2.040874913345566
1597,0,-0.5310338141245944,-1.2082539415938809,-0.6758587934384886
1598,0,-0.21392319757471293,0.6097796980828232,1.7379225210386742
1599,0,-1.0770294186242493,-1.14475446653944,0.6598042763442709
1600,0,0.24007519656505028,0.13096974409845158,3.0268358488435605
1601,1,0.8750993010265716,1.8048234699277832,3.227890896064948
1602,1,-0.2736165852568814,2.057186009009393,2.5241940966475
1603,0,-0.4195074989331756,-0.47721476582115835,1.1937562761168774
1604,1,-0.3666905602601814,0.5912354624790578,2.2021084275432625
1605,1,-0.04248128495759813,-0.7247226883175462,0.6838271452836762
1606,0,-0.9812586240447693,-1.0833604878912024,0.19397039630860802
1607,1,0.7631832249495506,1.6501141883195511,3.4312193639692117
1608,1,-2.95049174998048,-1.958561811079302,-2.73620769974438
1609,1,0.5138728370235943,0.5004834013659886,3.6801185715511178
1610,1,-2.3671688733103653,-1.1829960033017248,-0.2914123913571454
1611,0,-0.9252067310953955,2.1943070592189295,0.1698231580346139
1612,0,-0.8557637319299303,-0.768640134673497,-0.6501439158900839
1613,1,-0.16226485784832112,1.9158577796528329,4.0480883846551245
1614,0,0.3512389436678573,-1.2250547921666652,-0.1875162616287675
1615,0,-1.2307334459123158,0.4628041739501907,1.041969650836523
1616,0,-0.7234889254663137,1.1811861144043103,-0.15619963012204519
1617,1,2.255197878538326,1.314386816565106,4.702775921993454
1618,0,0.7765652137727893,0.5636366587842663,2.2916856674917296
1619,1,0.8755504262751811,1.3041880032151258,3.862387889748095
1620,0,-0.9374300218327873,-0.04276046102577602,1.5211902754063642
1621,1,1.3217243037472695,3.3419309750691637,3.658328836495291
1622,1,-0.4159178762025555,1.1828695401469749,2.236164804593317
1623,1,-0.385856597246992,0.9590673278828471,2.5695416285321646
1624,1,-0.5013097088335257,0.6102696864940577,2.1238988654257205
1625,1,0.20839537296101626,1.2776192854831137,2.5193960406765603
1626,0,-0.9240572223401107,1.3292657675028816,0.6208291064084153
1627,1,-0.11261535276782512,-0.5958389330427043,1.233976070164725
1628,1,0.09122310389868782,2.1923515939974063,4.4159732714408
1629,0,-0.44977710497963824,0.43392594321317396,1.4175758905724019
1630,1,-2.1831317180751837,1.405302890339939,3.9348302135715794
1631,1,1.7637108414773033,3.6828382964377635,4.011877995196907
1632,1,1.1892992543109426,3.0799570528723654,5.298889530988903
1633,1,-0.2679341066307637,1.0176659393998249,3.1676467930878998
1634,0,0.8013764483190212,-0.1750064297444483,0.3626634790655723
1635,1,0.16025960887604557,0.39643132252696245,2.0907078003895987
1636,1,-0.3261514288365991,0.8017800694523609,3.6829278545007753
1637,1,-0.2990660405937777,0.6144470069896826,1.7927725641304493
1638,0,-1.279638193815072,-0.0898437605400253,0.16867062817431921
1639,1,-0.07272585761358448,-1.5096281949990025,-0.51218129948959
1640,1,-1.1067291548987606,0.45211331631376706,3.358876174477233
1641,1,0.6396067141350895,1.4798195355653254,4.178282346324557
1642,1,0.9595957634295049,0.6078800508481234,2.34936793260397
1643,1,0.4098847925021539,1.267621255215196,4.062570539418172
1644,1,-0.6822792678452921,0.3452212403522399,1.85586111081961
1645,1,-1.934308897490844,-1.7994766266312796,0.1702446993979123
1646,0,-0.25698493774369296,1.3018621422411536,0.9822616318642544
1647,0,1.0663219035379337,-0.8913438601716109,1.0496753650938728
1648,0,0.18049791632251097,0.14898095178572454,1.6707086873580743
1649,0,0.21133390945133124,-1.7060658910939994,-0.5471334542705341
1650,0,1.0573486990489946,-1.5963857717245915,0.34345105201939374
1651,0,0.5394703724423513,0.3558622445949767,0.3945278431702004
1652,1,0.7234879278851671,2.614614332519064,4.621859836845536
1653,0,0.6898536923737132,-0.6509804352906035,1.6992352301647855
1654,1,-1.2701148008836223,0.7592929418731358,2.5627175881500097
1655,0,0.03251211639527164,-0.6685833331677228,2.036193665686896
1656,1,0.09614742256119452,2.0960781321591555,3.774642110437055
1657,0,-0.6660828220054905,1.2541290520436557,2.9889804378295253
1658,0,0.4491889119445416,2.562753643683569,2.3646527097834813
1659,1,0.13610663772139608,1.5307488130399276,4.420022246132013
1660,0,-0.04787391432943231,1.3013388793858058,1.3071258596518591
1661,1,1.9376656236739236,2.2346467249144135,2.6131777797706053
1662,1,1.5176925225545674,-1.585580563780662,2.668787187940886
1663,1,-1.0143424607515923,0.7966129892557536,2.229112000345802
1664,0,1.603719332628536,0.7464080172991956,1.6175722930216485
1665,1,0.16745214330881103,2.11455919103721,2.329531549853388
1666,0,1.635519877328091,-0.7523666070257324,0.21947024284994743
1667,1,-0.06347894219057582,-0.3077743149916823,3.3454606691600928
1668,1,-0.8811307511964632,-0.2887081304074224,-0.6097905617101715
1669,0,-0.7503606504087665,-0.2882402899162355,1.1739369081734288
1670,1,-0.8435629150639454,1.2169058094646332,2.778117242079885
1671,0,0.1820048567457622,-0.6845459616446035,-0.37408668473563567
1672,0,0.3641266286610405,0.5573756538563531,2.3644975332980795
1673,0,2.1882867850894883,0.8324346528492812,2.4864342815770564
1674,1,1.7271321471834242,3.067886268817706,4.893555227009051
1675,1,1.9319066791713388,3.010782455150645,6.134939745920361
1676,1,-0.39629833507735374,-1.119791693514323,3.7424346483585538
1677,0,-0.0855029122712435,-1.3358609370410213,0.7253961536470803
1678,0,1.0067417523988766,-0.541695681072752,1.3928669550930879
1679,0,1.1584103109086712,-0.11057601300403375,2.1447968828695654
1680,0,2.358175786836363,0.2809672711823573,2.3393584671416177
1681,1,1.0034389026465123,1.4490658758828872,1.9886854194692767
1682,0,-0.845624312369737,-0.624271329617577,-1.011803227228288
1683,0,-1.0687210572088728,-0.43292562696938136,-0.9505919030033446
1684,0,-0.896159398930569,0.4456482978289233,0.3543390389981286
1685,0,1.1249551024728282,0.8016701455338775,1.5413714375257395
1686,1,-1.7971999519011124,1.171396918678306,3.964747099246819
1687,1,1.3446166991305621,-0.13372812787650634,3.963461544787033
1688,0,0.06883207085368742,0.3585823512743734,2.703034763598739
1689,0,0.08140309622215755,-1.4932956174364058,1.6317943237088073
1690,0,1.8725816473742423,1.0490938447144544,3.146672973919083
1691,0,1.2625142309574222,0.08912336354747535,2.5685801997052957
1692,0,-0.5458439043107106,-1.748240941326354,-0.5774451545228276
1693,1,0.04548333874386285,1.8547581033898095,4.585058396813372
1694,1,-0.4302714876671117,0.2097890001006839,4.309496814586507
1695,1,0.8731158164210744,-0.4936299711040668,3.2550571805890627
1696,1,0.6668259479626999,2.231541638435775,3.2178015382868876
1697,0,-0.5183593031693322,-0.8412249500187373,1.100639681218452
1698,1,0.38785713628655094,0.6358484828084188,2.3754053681618292
1699,1,1.2999791598295831,1.1316142685638582,4.089924243134983
1700,1,0.5436214279217241,2.6458555182130032,4.437238517416719
1701,0,-0.2727497037917998,1.7792870515345895,1.2652762259138206
1702,0,1.6613374147930953,2.5278546721038433,4.2775936765790865
1703,1,-1.1997686064261863,0.5492126792186476,1.037327464293047
1704,0,-0.0644939861083472,-0.14869799814419374,0.9040792773330546
1705,0,-0.4767646836255744,-0.4075841368478743,-0.2304463955496296
1706,0,-1.9318201154749062,-0.895795331990742,-2.185504005884168
1707,1,-0.5618209447455069,0.6263057278352815,1.6356306000672844
1708,1,0.6129633713145203,0.7478291353051004,3.177998584315679
1709,1,-0.30325702737553034,0.8925664901765022,0.9784655848967647
1710,0,0.4276242896541106,0.16416618463245033,0.03874162833468753
1711,1,-1.3043785039616353,1.4316967636250966,3.3300914123498444
1712,1,-0.5654726105235096,0.7760129977619293,3.363411829164245
1713,0,0.6339217314263977,0.5943577364429813,0.9810538788061216
1714,1,1.254601070650314,2.1862590587938517,5.176853859350458
1715,1,0.25886522495797243,2.6504898610930034,2.852307258885493
1716,1,-1.8859035106073259,0.8258048317237354,2.7005444767624063
1717,1,0.8289395443879655,0.5437077999523032,2.6365915652397054
1718,0,-0.3335792326831938,0.07195045824402871,-1.6160857503637533
1719,1,-0.27435203511181333,0.5889484856448722,1.3148841646092875
1720,0,-0.43420498540540614,-2.543094023896239,-1.089746340079119
1721,0,-0.38420271750070967,0.2548567696724619,1.724271622830667
1722,0,-0.9316984186730084,-0.1701482206701302,-0.18791333375854669
1723,0,-0.0003314963723782341,1.0995232156797152,2.8848342362560415
1724,1,-2.5093539367250206,0.6236135930218524,0.2710287197071284
1725,0,-2.080787501197475,-1.5410883862718885,-1.7411469905400263
1726,0,0.08398618027176995,0.9451884434370887,2.4356850192856454
1727,0,-0.14753610475244225,2.540734173037087,2.417850891163557
1728,1,-1.2286096525711545,2.7837728596521547,3.732973315573773
1729,0,-0.8712552446576775,-0.2790328770055557,-0.3584246032247753
1730,0,-1.1176664282992956,0.8288409953886048,1.2849701953603043
1731,1,0.1542509768972036,2.8753393828203504,5.720699158530721
1732,0,-0.6525918087964169,1.3247680838799,0.2623938835196271
1733,1,-0.5796879633315344,1.2134770859576065,3.0399906477361083
1734,0,-0.18361564672610897,0.567262152968664,1.1811906796392935
1735,1,-0.011765790762714168,0.48928069172693256,3.8700775526534263
1736,1,1.2271486178814794,2.6326744074745587,4.608927451980909
1737,0,-0.7924551662385841,1.8661808713635655,3.308784157785521
1738,0,-1.4281145745078452,-1.0158310363113667,-0.431899303079159
1739,1,1.4546743753244842,4.004642404636879,6.246097018671348
1740,0,-1.5899894613373524,-1.0031480743064423,-1.3432889455404124
1741,0,0.6196655466526183,2.3765892816933354,4.293150590992538
1742,1,-0.8733873701572021,1.5705961808760347,1.4244858518116994
1743,1,-2.3076420795458428,-0.7923232710830475,0.8320806780416994
1744,0,0.7641996932725323,0.5192293758210246,0.13554709437111434
1745,0,-1.868964249614348,-0.9931728611774691,-1.1037782095985431
1746,0,-0.1891467460582273,-1.0307648898797734,-0.16331500989651543
1747,0,-0.906406771180226,1.1105172143752724,1.485139200737786
1748,1,0.14005671684232476,1.1839478216013621,3.5584694415493985
1749,0,-0.601484358590455,0.36374977544265996,0.30693696473416743
1750,0,-0.3267400659789798,-0.23747403051565016,1.260086695611
1751,1,-0.2695170110996004,-0.04936503912878898,1.6573352955948268
1752,0,1.870650108895558,0.4627140827114976,1.5040247127217283
1753,1,-0.3597496829572105,1.2292361564895726,2.2119260284290974
1754,0,0.5371476171101487,-0.36103419517044805,0.4646000624806469
1755,0,-0.3977204303923262,1.463261722238657,2.2033670227491093
1756,1,0.9633229260608861,0.7250599535661195,3.914519753308765
1757,1,-2.8998149029834863,1.896760485159251,2.529331263765647
1758,0,-0.7886397685301223,-0.9354097384691047,0.5731713615165366
1759,1,-0.3287783491219194,1.4243904893322192,4.312808428462034
1760,1,-0.7501750886244852,-0.576591854126375,2.0355801929723722
1761,1,-0.4385287911037,1.1570653354428178,2.4283475238245518
1762,1,1.0490579188941278,0.16853335240342537,1.490256431014911
1763,1,-0.7886326952997686,0.7812540363222082,1.5758958167882202
1764,1,0.2289443962091025,1.29524812374839,4.126635212833664
1765,0,-0.03332405366529075,-1.342886752230402,-1.8723496496618064
1766,1,0.5525616319420037,1.109262376453912,3.918749221639117
1767,0,0.33095189239477396,0.6971181175511175,2.2301860733895937
1768,0,-0.3164745243683374,-0.955881438646401,1.0746919403265198
1769,0,0.017022083494496597,-1.990366668245978,-1.3433566008541864
1770,0,0.51353453976017,1.3718116266410285,2.0050314094743817
1771,1,-0.4787622563544278,0.2156284179054846,1.6757239143298213
1772,1,0.4719586757592233,2.032458965011475,4.842684899576051
1773,0,-0.6382234963040423,-0.2310154935729323,0.11817147591546029
1774,1,1.9546677461150452,0.2737409253120955,3.6362982191431312
1775,0,-1.9023515262213224,-1.850399253784028,-0.4342194235022021
1776,0,-1.9435295137152093,-1.930949586746031,-2.9639662011620866
1777,1,0.9127683154825296,0.7251910519306073,4.223514311599845
1778,0,0.27095803183544315,0.0033500519556482894,1.1488099844962885
1779,1,0.09570067653138693,0.7755863332425649,3.6976789000427965
1780,0,1.13470348549234,0.9649077593866225,2.1056076589656136
1781,1,-0.7490694659089916,0.7332533044179255,3.2721284609340553
1782,1,0.31486560806681824,0.765993127589359,1.2130654253712092
1783,1,-1.509883461338777,1.0649016010811292,2.7024192218554557
1784,0,0.47742242071093854,0.07939084724601235,1.7263552505431559
1785,1,0.2321507024204014,-1.0934300198721805,1.5968181940398467
1786,1,0.18881434927505375,1.5810736028914842,4.436452839359475
1787,1,-2.7222255686798045,0.7232908251643,0.5688720889704684
1788,1,-0.4957202877303977,0.6426777276787776,1.4305849246982558
1789,1,1.2809436667534289,2.656876569599727,5.3404613687522495
1790,1,0.5207992013939706,0.5696173590027833,4.079214180949473
1791,1,-0.09907912052248943,0.342363867930089,2.26480228146622
1792,1,-0.4977473748000291,1.0947489845538598,3.961780194326126
1793,1,0.9882694953307648,2.420574169367851,5.275653030132943
1794,0,-0.3947106809572586,1.8524061719034646,1.3796035912594706
1795,0,-0.0012893693667038462,0.011356239881807357,1.2322420392148739
1796,1,0.02412934596992247,0.8038749560419363,1.91366033802663
1797,0,-0.9131033654117542,0.34238471506456336,-0.43629306028208226
1798,0,-1.767590101918823,-0.27584583867562057,-1.214603216074389
1799,0,0.6034380252135778,-1.4329513123251272,0.4381225286845652
1800,1,-0.2705454249396829,0.8393882839397786,2.430429344663766
1801,0,0.3823778332914747,-0.11274971985717563,0.04880753496976453
1802,1,0.8860045126820516,2.675916485054194,4.611754824648294
1803,0,-0.23430715214610476,-2.1667121483919907,0.6515337646453183
1804,0,-1.051745441002829,-0.3279008715910452,0.6020449572553147
1805,0,-2.7154815402565213,-2.3284820582556165,-1.9148087093943722
1806,0,-0.939742389884354,0.21064037140023473,1.453745235148069
1807,1,0.28634265183807744,1.0547502019904968,3.6429623604986183
1808,0,0.2650225557735153,-0.39589945088079326,0.18687514509236103
1809,1,-1.0985865054629496,0.06636558551443561,1.8272747362794517
1810,0,1.4700907082427195,0.13635450252189257,5.113885774911298
1811,0,0.056023589644399414,0.10932022862257607,0.07984927844661449
1812,0,3.6828110656824884,1.0183370929272417,3.4717382173811897
1813,0,0.5330093770882716,0.7939016717317428,1.4531644062020561
1814,1,-0.690135368343308,-0.15681602380030268,1.7202345526362135
1815,0,0.7656728092453201,-1.1660311774928902,0.2724714193384966
1816,0,1.127077049897435,1.6775580703335433,4.5486551214191575
1817,1,-0.8354224639614972,0.0869376627742271,1.1453884323030668
1818,0,-0.2519198700725458,0.13311713692835825,0.5194155748497598
1819,0,0.25317909930711735,1.5289189590983667,1.0708972867303734
1820,1,0.648416544721559,1.959243596812224,3.2627880907005844
1821,1,-0.8919913248421723,1.4140062048398865,4.036155654547779
1822,0,-0.45261209902342003,-0.7760369757949401,0.15259297515222867
1823,1,-0.14520358732726457,-0.5987705258754317,0.4792214205263672
1824,0,-1.4042547140666854,1.4942983539076244,0.23521233478560832
1825,0,0.6783371180920643,-2.0845489521238476,-1.1596914146852066
1826,1,0.7444135967258774,0.8370193389261148,1.9614883398792233
1827,1,-0.7428361444074816,0.6963567571033412,1.9783528993603836
1828,1,0.5505012783176959,2.308215901818432,4.995570105192053
1829,1,0.6374504087335289,3.6971877222273553,5.648324360787626
1830,0,-1.3889978476703502,-1.465796977224164,-0.9084116520705668
1831,1,0.9344206971640793,1.4194631620482763,1.9401469409656837
1832,1,1.8024009636184548,1.472528631903564,6.286209861950792
1833,1,-0.3016986933624785,1.0915972039441773,2.259803962060845
1834,0,1.133814385927846,0.49322837800286284,0.8285751641278434
1835,0,-1.3956731995183163,-0.027719495178846087,-0.32936426932010276
1836,1,1.0715831179954645,0.40814493129317353,5.178293856277415
1837,1,1.970258033194196,2.118844324149282,4.799945362208098
1838,1,0.18258387716614796,0.7416691972036145,2.432510239906297
1839,1,-0.11311083723713872,0.5190976358984286,1.5534049355202968
1840,1,0.06355092511721318,-0.742729089752417,2.5494463757202075
1841,1,-0.34517220962177203,-0.5780918591949227,1.0873199445466466
1842,1,-0.5842580282446694,1.8053375719345697,2.424566289320045
1843,1,-0.917071355428491,1.8256363227350194,3.8932890007914414
1844,1,-0.7970834954039429,0.34504310540829153,3.207858775379397
1845,0,2.2395284041895125,1.047676219715864,2.6503791658118088
1846,1,0.7655914762520192,1.6313111810073728,5.690284592965654
1847,1,0.4838393695173921,-0.2447263437570062,2.738314443472162
1848,0,-0.4590901815875929,-0.6422466409533459,0.688527273576877
1849,1,-0.8974101366304758,-1.963912124630001,0.818121465349482
1850,1,0.2407383335205223,2.325674880219948,2.3800232249970787
1851,0,-1.8411492028717362,-0.8299640401239191,0.3736232894860896
1852,0,0.3679288953228828,-0.43357480279779637,0.2725547024018151
1853,1,0.304374792627572,1.958941267166076,1.8694844909932136
1854,0,-0.05350739300003127,0.5138742330344532,1.2659386429697344
1855,0,-0.13648237255723317,0.4719700861950672,1.8953839768072935
1856,0,0.04882262905500231,-0.1708288730104614,0.4209312271190275
1857,0,-0.2955015832563516,0.1696647413840608,1.0165425407179316
1858,1,-0.3287659838141999,0.859731675050973,2.6424742135397143
1859,1,0.32441611510496493,2.595495239989063,3.9150796697420995
1860,0,0.9022999034435286,0.09261569517297918,3.606376830547075
1861,0,-0.10303968104629706,-0.7002507228371065,-0.17904851160665847
1862,1,-0.20485241205030985,0.6824282733710274,3.9970164468542473
1863,1,1.015287622516889,2.813658848871647,4.996539122699369
1864,0,-1.783970250313498,-2.3224518956333724,-0.616205601714253
1865,0,1.101653824539567,0.3249462815556691,2.0175025815509207
1866,1,1.5818096553566987,0.5713696011802863,3.350471715215369
1867,1,1.3502848940744818,2.235678320281494,4.579446185709212
1868,1,0.07716207537039699,1.7505426565433333,3.9406216793799556
1869,0,0.13811522864867268,1.171415692063865,3.2367379121218045
1870,1,1.9934661141568284,1.2275929069718496,5.161658717853316
1871,0,0.409694685223474,0.14614846514883884,1.4457161789907418
1872,0,1.190756933232714,0.04178691817061603,0.9097506058114804
1873,1,-2.6510539842656735,2.3943917047962513,2.958938152187478
1874,0,1.60819270180126,0.9194240146163093,1.1452555392910024
1875,0,1.4260045496496816,0.8690716810542057,2.6598394922904713
1876,0,-2.084896674999243,-0.8906907228216802,-0.8424266246082097
1877,1,-1.6867074787622296,1.0269589591018262,1.2504403261547372
1878,1,-0.1404163243752072,-0.7944455031881221,2.1313802791905943
1879,0,-0.4245860787937443,1.063863143685643,0.901002023196827
1880,0,0.14762609196998386,0.08650693875515032,2.5324482271828
1881,0,0.27992417999673846,-0.028903914428565464,0.3504283644088696
1882,1,-1.0163749903297816,1.3994097391765123,2.404983919218874
1883,0,-0.40713884029897335,-0.9461902571398805,-1.5587773604722106
1884,1,-0.24857464974925486,1.04046575098542,2.687295721664222
1885,0,0.46758367568446,0.17252631620563402,1.2462647506099085
1886,0,0.5529397583801926,-0.24725099880849355,0.988168799481912
1887,1,-0.727307538386996,1.8174788303362446,2.7031961405934744
1888,1,1.1870109421581188,0.8914079091562189,3.8273812927498234
1889,1,-1.829841711865913,-0.11078722786139306,1.450420717946714
1890,1,-0.32804598557861236,1.244577309803184,5.2586734968465985
1891,0,-0.4239655471248988,0.30812010301029513,2.5710873085126
1892,1,2.1842315727608375,1.825310807560224,2.9881055236997103
1893,0,-0.14194420405332556,-0.8931874763322255,-0.587710552161654
1894,1,0.06852461907007548,0.11698842578203472,2.1017876844292576
1895,0,0.2376103119866696,0.5055819731327489,1.3979526691591744
1896,0,1.9051453448499995,0.42763744705787293,3.4048062659838525
1897,1,0.2679786500323772,2.302674063392667,4.363706925011401
1898,1,0.6902080212508169,1.931096600018808,3.9187160646742356
1899,0,-1.4945703780173176,-0.6468182724897216,-3.186001502144717
1900,1,0.7507463879734927,-0.9103821203152676,1.6876706887476325
1901,1,1.419352482974194,1.3632402234356806,4.357855685695449
1902,0,0.8107839049673129,-2.6364396967155717,-1.358772910327946
1903,1,1.0265716816702382,2.669351423785197,6.006368396143664
1904,0,-0.5765439092275245,0.1061889630804046,0.42464212102815685
1905,1,-0.47567383672984165,1.4703697660929238,3.05216679896521
1906,0,-0.7708155814936284,-1.127703876449377,-0.05890036270782517
1907,1,0.28707597591438644,1.3331055994614665,2.749327878882628
1908,0,-0.692980837973827,0.5332795413783085,0.220208153982412
1909,1,1.6087069835487497,2.289899298987959,3.894162471766335
1910,0,-2.0850674269740974,-0.7886149877166406,-1.4976643199888064
1911,1,0.7023449617411586,1.0594958684955988,2.2653628855928747
1912,1,1.212377865911607,1.178500158504048,3.0328153528580026
1913,1,-0.6007109718707475,-1.6789985243051562,0.3984787856900349
1914,1,-0.9417242840389817,0.11439636138280584,2.3344893483152953
1915,1,-0.5175791288797641,1.9052543677104725,3.3058656509033995
1916,1,1.542804422831929,2.153553623752957,4.648505391436961
1917,1,1.1951482285230077,0.5843434717080369,3.9556065750545844
1918,1,-1.480672783091667,-0.023383720293101762,2.1667912111367897
1919,1,1.126255899576427,-0.16016451912790242,0.015069161126731068
1920,1,1.2745192911523544,1.1840322901038147,4.450165494054946
1921,0,0.9059558691148774,-0.3923724776961874,0.8951595299800443
1922,1,-0.26312793144928054,0.9794939631724042,3.0754593604497917
1923,0,1.5287411359148475,-0.41675267713645414,2.272236370133822
1924,1,0.9436559758763352,2.305680493841119,3.9284127875792554
1925,1,-0.07923635280352155,-0.2191277084371004,2.9535162858975053
1926,0,-0.37642305994748876,0.7976239474929241,0.7066433516683371
1927,1,-0.6157823468564847,1.009974564132124,1.1082452644954304
1928,1,0.3994046575540514,0.20687048535067454,1.8628273321422528
1929,0,-0.212941279428901,-0.23176181204406765,2.904520617978635
1930,0,-1.6352182518386704,-2.2296200789419554,-1.9108585398653968
1931,0,0.43170974745012924,1.785317131195569,2.1233998783830366
1932,0,0.4696570444356544,-0.2655975245241923,0.4315170353665766
1933,0,-0.5495599307004893,1.8443866054842566,1.6436623743264098
1934,0,-2.1207855725785802,-2.0446185720812458,0.4644216580233904
1935,1,0.8143747864398078,2.0342200203922136,2.460598119949112
1936,0,1.3605721751519422,1.1572992831866307,2.8947254735037906
1937,0,-1.1750989771790172,-0.033348346769680626,-0.46627939466522006
1938,0,0.19000539823035534,0.6283075741544454,0.14051791024882032
1939,1,1.0022549859674046,1.1876276043904188,4.530880674420619
1940,1,0.8009115077864356,0.5738283739737615,3.820919451979794
1941,1,2.5230446772592856,2.050936541587385,4.257140217064831
1942,1,0.9979971570101153,0.1534779031519189,3.4867223000034198
1943,1,-1.39547967756014,0.9298193181923395,3.108566368823791
1944,1,-1.2536363469365115,-0.06404459477880042,0.7781252016404793
1945,1,0.48359381243422395,0.9314899477025176,2.435300158047397
1946,1,1.1799524587000239,2.0578243077832825,4.820293018202352
1947,0,1.690180661060639,-0.09851738577439417,1.1705007886274958
1948,1,-2.388909380857956,0.015751423082874694,0.19681370831704503
1949,0,-0.8853189049278611,0.09987563996297699,-1.225972937719432
1950,1,-0.25219683998567377,2.2251047226488505,3.790866689992063
1951,1,0.4850963595063807,2.731098455949703,2.8508203453594376
1952,0,-0.18805534352262196,1.3293623259374523,2.027289817571822
1953,0,1.2061852973028289,0.5669462788714678,1.11753444407393
1954,0,-1.3578210231002987,-1.242418489711039,-1.0167161895539425
1955,0,0.5661398581666772,-0.14805894341140957,1.3389856368734325
1956,1,-1.2964536809266578,-0.13331622993898984,1.822780450690933
1957,1,-0.5305287473229974,0.023553685011857173,2.336558810138054
1958,0,-2.0049932316841974,-1.4363591998123435,0.4908514490406912
1959,1,0.06180343759143831,2.0395840377517986,2.6751614480489927
1960,0,-0.970506256973657,0.24049755631180242,2.2504523007068253
1961,1,-0.21648698422760568,1.962641094107974,3.3169522546727412
1962,1,0.9215681474172069,3.4332012016420657,5.72467719953891
1963,1,0.4798026581698012,1.784122694773758,4.610970690850273
1964,0,1.9573885090554077,0.7325289735976279,2.952412111027268
1965,1,-0.7380244006339277,-0.6375553261708604,0.9373425334197951
1966,1,-0.5390428549469063,1.7408675651738472,3.1725204542090895
1967,1,0.802601346460672,1.8322965934333202,3.341970882327912
1968,0,-2.277040041264221,-1.8589104169160087,-1.0567999670205606
1969,0,0.39782199322961925,-1.3497913080666235,-0.5619755027489719
1970,0,0.22675842724604475,0.8704322134766176,0.910906421347769
1971,0,-0.49268010953368696,-1.728683448744131,-1.3791558467712577
1972,0,0.6979642348612304,1.361327952650684,2.447473638897348
1973,0,-0.6237887386944606,-0.7636376438289909,-0.8023024297182311
1974,0,-0.5618082220214097,-1.3093578340331806,-1.0910658062187881
1975,1,-0.8234800229209466,-0.5271386723057923,-0.8808749064493435
1976,0,-0.5139405831234789,2.066575910648459,4.0754607661668425
1977,0,0.18909674922937564,-0.6175548454430941,0.042220915159301486
1978,1,-0.0031358953723143114,1.419157707901849,4.452019759165154
1979,1,-0.7040943951781546,-0.6493358192822485,0.42539183114296397
1980,1,0.5580321245349618,0.6449699397844865,4.678333048722122
1981,1,0.40217770954588455,1.6425751933932555,3.27099143899166
1982,1,-0.2099447190008631,-0.03194202900893628,0.5589599923304398
1983,1,-0.5372043217449106,1.2848184136431577,1.4275189711920488
1984,1,0.22441298782887353,1.5832275593640577,3.662677162542079
1985,1,-0.17305830468432387,0.7863530677240506,2.9321924187494703
1986,1,-1.8872502756140863,-0.8975421795721357,0.450594492149371
1987,0,0.9898092528618666,1.4212760764508412,3.2699051691941037
1988,1,0.7451775565147439,0.49068821306531085,5.070116271674532
1989,0,3.0847083596164335,1.9246266714997535,3.4210240462748382
1990,0,0.10770515817272354,-0.16630907667976155,0.31293562205573755
1991,1,-0.19340453723936252,0.8859099013887952,2.9306208885245355
1992,0,-1.0692068958019252,-2.626873895639906,-1.414559995671702
1993,1,0.3072487194419896,1.942668055824067,2.640341822775396
1994,1,0.9040172206313832,1.9234095624832672,3.130871243534381
1995,0,0.7851418436962515,-0.25356662728516843,-0.21585662444551024
1996,0,0.7015877878787747,1.5104258601952345,2.8634200963286967
1997,0,0.6508983809559952,0.1971637626388637,1.234689398636836
1998,0,0.1541620211701961,0.9591608624796185,1.7513435270570508
1999,0,-0.19191005368750116,1.5725686476022105,2.5596296796940643
2000,1,0.3651666485390058,2.6585730270031225,6.043728941121747
2001,1,-0.8881667127741509,0.03929761834752177,2.7957336332671034
2002,0,1.0028307676996802,1.2920770060218134,2.1582300601865443
2003,0,1.200517256599985,1.5116116171012945,1.5547840990568997
2004,0,1.0544048446918266,0.6234250921172427,1.9208963589900105
2005,0,-0.18797585274013712,1.2779001375151071,0.9297059553914506
2006,1,-0.022124310662127746,1.4221912647671786,3.0645999213060606
2007,1,-0.5631778258756607,0.28739737112918284,2.965578023936133
2008,0,-0.5783560581488602,-0.46695541934906837,2.585624541448854
2009,0,1.0787958444768244,1.1357813641758596,2.727457906396604
2010,0,-0.5203175508977051,-0.5994216398798162,1.2992067461161487
2011,1,-0.11237722165376607,1.2577567883266183,2.3836939071610828
2012,0,-1.0640443552790089,-0.41326246501371094,-0.27730605771122774
2013,1,1.3914352701197872,0.7562095527769804,4.1910645576274455
2014,0,1.6347224991124278,1.0813350331929812,3.2539669512991454
2015,0,0.07575856129677166,0.6412299969973062,2.4914975483691997
2016,1,0.7074400374883807,1.276299713136909,4.022028107405905
2017,1,0.20268054390928933,0.760629675723116,2.0946133794535906
2018,0,-0.9752412758219912,0.3275626322168714,1.1681854794875743
2019,1,-0.081209318596445,1.0041734652381493,3.064232485239627
2020,0,0.23331779693130753,-0.2826192057815331,1.4627626188413698
2021,1,0.7179538598233084,0.7430156781478356,2.6277058831998135
2022,0,-0.08257985410896795,0.7192214985149258,1.7617259150078324
2023,1,0.2551969657248689,-0.025433856415467693,2.044096595361987
2024,0,-0.9549001175743378,-0.11621006354292052,1.852039513837741
2025,1,-0.7802456304839219,1.10998445265383,1.5394959329970503
2026,1,-0.6809008479063317,1.3682857011675964,0.6116785664419546
2027,0,-1.2153764830016827,-1.7619724441703761,-0.1459480569688234
2028,1,0.1792401215917321,1.3460071139863263,1.6391561920059392
2029,1,-0.6680358912614869,-0.9223575457240341,0.1750925955267506
2030,0,1.2081760647326516,1.197170517445619,3.832184967116736
2031,0,0.8160361428530887,0.5500971412252014,3.0678708490167943
2032,1,0.9008159281483283,0.7717697022801151,3.158692796691219
2033,0,1.5099469817641298,0.397245530086076,1.0098790718806732
2034,1,1.0688487979486163,2.199028709590931,3.532376308836314
2035,0,-1.162937835475507,0.08545048166804747,-0.9158169512533891
2036,0,-1.339917889947297,1.1801868377665024,1.746609864597655
2037,0,1.7236171397987383,-0.180470592584427,1.8772346745726969
2038,1,0.7986035104881962,0.5639378372322528,3.0138722214972344
2039,0,-0.3612746958163629,0.28616779751915156,2.4639167350432887
2040,1,0.39940786710906845,0.5290856659892096,2.3040009564295567
2041,0,-1.2346855906387506,-1.0635082847549462,0.8238059976429459
2042,0,0.23356429838474646,0.6675061195269474,1.190221925502423
2043,0,-1.0462852468786938,-0.28432611984780953,0.23046174170337225
2044,0,-1.765814452527914,0.5108942756364758,-0.883071672776186
2045,0,-0.320208294494905,-0.6754075856894675,1.1404642540422985
2046,0,-1.4476552113343413,-1.6739965092063076,-1.6535966178988701
2047,1,1.8476996803749761,1.0457412082350532,5.028252439159976
2048,1,0.6155900259683068,1.2753641996666834,3.2641375270876907
2049,1,-1.7906699070548764,0.04565446926024452,-0.2512814084252568
2050,0,-0.5192562878112259,-1.1390482779822964,0.6262599433412418
2051,1,0.38568428253514536,0.14166175517821622,3.282575151542633
2052,0,0.33434342193688565,0.11662154181947894,1.64533892981171
2053,0,-1.3732858700344166,-0.048726884833263484,1.8606287460616162
2054,0,0.13248145006219417,-0.721684254694827,-1.044730137428172
2055,1,-0.682041171865361,1.3474160883452369,2.525282890794542
2056,1,-0.26498200750889833,0.16200201384778445,2.561148285057111
2057,1,-1.48543512071274,-0.035580416619120925,3.0139856776501324
2058,1,1.1902322017295737,0.5860113794732211,3.16931905494636
2059,0,-0.5701604034122449,2.164614130275374,1.5457222572297804
2060,1,-1.0823303315475432,1.0428275770820297,1.2370584689675388
2061,0,0.4319347191346751,-1.4348029019268327,1.8967066649617037
2062,0,1.0625983125591127,-1.4534707525546662,0.9530475118125482
2063,0,0.08515021095997588,-0.4474877999362195,0.7754490088961085
2064,0,-2.216260637473541,-0.23369078677582267,0.2230405262928471
2065,0,0.7804692399208605,-0.566950815874621,0.7161576015289448
2066,1,-0.16831119049009027,0.4681797763317641,1.607256834969103
2067,1,-0.2886101951485241,2.2079920691193142,2.786340471785053
2068,1,-1.0817907164132938,0.8194321664723754,3.1766866575278008
2069,1,-0.24781383363249432,0.08783897106319771,1.0407543773911758
2070,0,-0.47167896952032506,0.9469777452058057,2.6195164930247197
2071,1,-0.1345235555036168,3.3630255098354684,4.7566462443108515
2072,1,-0.9868516113962948,-1.5031271156031112,1.2549698867050036
2073,1,-0.1195770167623683,1.208455426032378,2.599637027396977
2074,1,-0.3752382174713606,0.9993445893377711,3.6511638349977846
2075,0,-1.283557643447452,-0.23741949385173283,-0.8619538577411858
2076,1,0.4561080516420614,1.1144410234577022,3.3071856827350246
2077,1,0.6395302216406271,1.397513060942963,4.086433758977741
2078,1,-1.398114751616368,-0.14887807431532019,-0.10219177168561933
2079,1,1.0536700877615803,1.5180251039814356,4.896746521829236
2080,1,-0.7774985305833131,-0.6110579588868954,2.2866507748603437
2081,0,-0.5530980287428524,1.611880814356168,2.2242260675827055
2082,1,0.3063078705064582,2.703216386305572,4.112249743226573
2083,0,-0.5703999873193912,-0.4038184025605648,-1.9173468112805585
2084,1,0.13663884579994492,0.9005143115127011,2.1877789654360846
2085,0,-0.6682833189303506,-0.5584744795346583,0.49639762370764606
2086,1,-0.5496975132158722,-0.7210509137426502,1.3495213931898113
2087,0,0.6536553849643811,0.9294773049523734,2.344556018592532
2088,0,-1.5133476440260711,-0.6760415128694647,-1.0148101087618717
2089,1,-1.4595089430364858,-0.6995931101877728,0.30726595642364013
2090,1,0.10678980687377063,-0.8994599030516901,0.8486679280150835
2091,0,-0.6559234744868844,0.6766415934520634,0.3148956627037913
2092,1,-0.41481304640041317,2.254013436004288,3.322414180475073
2093,1,-0.1616634474733329,-2.120311083215705,0.6810633566808967
2094,0,0.9029121200367987,-0.5980843365738697,2.4751181166364495
2095,1,0.9336004391266111,3.5370623472819593,5.107724234843729
2096,0,-1.0160506502788624,-1.2479705550955638,-0.8830725600435971
2097,1,-0.6989852925959217,0.04054594817492829,2.9565829564436337
2098,0,0.040152118353784835,-0.4903401837615805,0.6795531627419824
2099,1,1.2313482991008935,1.0895146588258608,4.062924098492601
2100,0,0.19489222686098542,0.6041913202848312,0.39902378987724374
2101,0,-1.9117130521915955,0.20595672625697015,0.4678436435915189
2102,0,-0.9636041559245073,-0.5065095104424745,-0.08141664359542594
2103,0,0.6618768678315387,0.823205049115801,1.959475230006074
2104,1,0.5942842545724104,1.5398727898274167,3.405751066365512
2105,1,-0.703787922391303,0.6089403798942248,3.8660273254645032
2106,0,-0.011142807114376558,-0.16367035327971752,1.580030754897276
2107,1,-0.15297167334816536,1.1694814308008439,3.4590076061287016
2108,0,-0.45633326691570714,-1.6731661811706373,-0.848810981175641
2109,1,-0.14425972827670674,-0.3797048043843845,-0.49688329455506786
2110,0,-0.13727994520111864,0.9553168097378477,1.2120467754207978
2111,1,-0.7470919536149064,0.7682665151952033,0.9534015530969087
2112,1,-0.26730374942957036,2.926217589573245,4.786453979022132
2113,1,-0.1463632249443979,1.3436991332804396,3.326891773892381
2114,0,-0.5318850690376723,-1.811858398359693,-0.9930191441950016
2115,0,-2.74912360889963,-1.2110760742597793,-3.364938294461692
2116,1,-2.6051786540765143,0.8743200476622172,1.518692907260324
2117,0,-0.13552697495124827,0.9577415736212307,4.002617335373083
2118,1,2.3922554991070095,1.279589785875255,4.588473093807282
2119,1,-1.1639126053528412,1.4420401777631306,2.699795504310703
2120,0,-0.4712277126683929,-0.44229257795711524,0.9661641662383154
2121,1,2.101566679716342,1.0136179968745895,6.048970751421669
2122,1,1.1869378227190883,0.1739370765892816,2.9578931387796965
2123,1,0.4559715278135506,1.419463843103422,2.1798139278016455
2124,0,0.19947815596033053,0.6374303026060513,2.095975474313203
2125,0,-0.33243543947858617,0.6727758866012296,1.1414370254771913
2126,1,0.15275644076100714,0.5351503907203609,1.136840053102321
2127,0,0.39026561784806657,-0.11991793705600276,2.6837481560805667
2128,0,-0.5460320554086092,0.5808026287411999,0.19609265964764733
2129,0,0.18319830676693988,1.2143279615423026,2.3859033218871577
2130,1,-0.7555277451741703,-0.013114605081795627,1.3420644734963298
2131,1,-0.41764004398788884,1.6208041344133046,1.8720217730111774
2132,1,1.1987096587613062,1.6009280843383866,2.167307375219761
2133,0,0.07628284153867691,-1.092447300570193,-0.6242400168867704
2134,1,2.2176994163351744,1.9413915385584182,4.64837592865318
2135,1,-0.5143354666806803,1.172827592068692,3.2602975724524823
2136,0,-1.3661680163280026,-0.6058171836278656,0.1721145151178996
2137,1,0.6102115412000728,1.578618352813397,1.8785324866002755
2138,1,-0.5752986673589054,1.4224943976117954,2.6136867915382322
2139,1,-1.2803841189411427,1.2885554931706718,2.5987847560520474
2140,1,-0.09642245011702939,0.3935981315164877,3.1410407599972103
2141,0,-0.1655094264338558,-0.7855120382513432,1.2656276039101448
2142,0,-0.21839633510660209,-2.899948155118727,-2.0583357987144817
2143,1,-0.6596168776950362,0.694407181060936,1.0743869495895455
2144,0,-0.7531303206534715,-0.037141351905060405,1.1230058847175384
2145,1,-1.3248550880718006,0.4256458016621958,2.9404640933574964
2146,1,-3.090220330470706,-0.27988211188715506,-0.7486034287897867
2147,0,0.717524676340581,0.2295334256910985,2.7452866468115635
2148,1,0.2833930000942812,2.23630118847543,3.0007111901723356
2149,1,0.2724314010090834,1.6664043433596314,2.962708180065964
2150,1,0.4232024605948943,0.9077951353020816,1.834798533074417
2151,0,-1.8754149829965447,-0.6214853623150663,0.9051655079166138
2152,1,1.3435709220167449,0.5811829638349095,1.9040959352937648
2153,1,0.2662723544094245,2.2648205205157783,2.4436306331125044
2154,0,-0.9816194175871974,0.22706055747356596,2.4298665166027127
2155,0,0.5908813165536873,-1.3439505468431752,-0.05662639855847834
2156,1,0.28932857692368935,-0.6979345905887131,0.9882136449573117
2157,1,-1.1297738869890004,-0.12217425941941151,1.2195501728357656
2158,1,-1.5317586338211295,0.8122125866551171,0.8306220665427804
2159,0,-1.0773273910155192,-1.610251146443515,-0.7812209346850981
2160,1,-0.5212078716279513,0.893002840723431,2.0834072679624955
2161,1,0.20649394008532368,2.5043605462178027,2.703116763047632
2162,0,-0.6783591887528233,-1.876107363120576,-2.87647214096589
2163,1,-0.7979875383144198,0.38829103619412386,4.06156131430512
2164,1,-0.09621346047032447,-1.2865438560467095,1.8681283495930132
2165,1,1.359707449780983,0.1378917052983386,0.7806284915898352
2166,0,1.0279854878508146,-0.411555458273543,-0.22500097838966093
2167,1,-1.187411571133681,0.814102681480024,2.4889827445638026
2168,1,0.17709421492606178,1.2961119353615134,4.301343610360342
2169,1,-0.1452285545322771,2.5097071460175826,5.282512712398388
2170,0,-0.15305182657399646,0.08360050039099465,0.510974552485485
2171,1,0.5564742395979427,1.8759120205512752,4.442616455807127
2172,1,-1.1186390188659927,2.0952745454955037,1.6828773501737357
2173,0,0.6270537510373994,-0.14288643249466398,0.011860304059533533
2174,0,-0.8593717093857142,0.4513111412166174,2.607057455523796
2175,1,0.8228899709722138,2.621708582746932,2.783579676748687
2176,1,0.01018674600905004,0.6918193557383672,1.4694761850519968
2177,0,-0.3437814063931718,0.08366493206142372,1.9079997313627404
2178,1,0.7000222290907571,1.7704031793959822,3.9035664617309482
2179,0,1.1439219773797795,0.3428654899368512,0.3404167659915467
2180,0,0.3057360433775062,-0.03978036588985304,0.3404125405485091
2181,1,-0.5478202095283857,0.6236152082289459,2.7402928994198525
2182,0,-0.4114502226448911,-1.8845237399842634,-1.2063126470192689
2183,1,-1.7330780994396455,2.306844458260469,2.6805836805459933
2184,1,0.2123977217641938,2.220149634949276,3.594496915910115
2185,1,1.1867781342864456,1.7228031100830425,3.8186706772601964
2186,0,-0.8806391269840733,1.1582373791223155,1.3574197712702547
2187,1,-0.21956093144986638,2.715450061893387,4.81161986797181
2188,0,-1.0238579351636425,0.23339261679270384,0.8506692242214839
2189,1,1.0475683514498286,2.1916454032698884,2.57782894582256
2190,1,-0.7147185059134852,0.5108814027064206,2.8136844418456435
2191,0,-0.7753396560353407,-1.3163224430338458,-1.0690269692076209
2192,1,0.4052887924191464,3.325032842003143,4.19275593943977
2193,1,-1.143496781236047,0.6915591252071561,0.6068814305662911
2194,0,-0.5927159280269146,-0.7017721566206803,0.3639122674928925
2195,1,-1.5531057813753442,0.31889884296112625,0.841460657653526
2196,0,-0.45611786595131903,0.6568986557367835,0.6277415720919775
2197,0,0.8521183222963138,1.618272524302916,2.7055041521347594
2198,0,0.3250794877316917,0.9638019050487594,2.467951453372535
2199,0,-0.17731711119984261,-0.1988536456490343,0.8825987437232047
2200,1,-0.18623154203510664,0.4802532758722585,2.6938276174555966
2201,0,-0.5585793986800734,-1.4687042170902185,-0.4462024852466178
2202,1,1.0977425464601387,1.6183325646630355,4.2858498727554935
2203,1,0.13984177352997784,1.3095251251113247,4.2221650032740605
2204,1,-0.13509920298783293,1.7138590716251518,2.665251532076473
2205,1,-0.4713026642610592,-0.05744838226001203,1.0634996083327775
2206,1,-0.16734947334666384,0.4970673535042799,3.584040754265994
2207,1,0.781059207931186,0.2858513294907272,2.9063573010177524
2208,1,-0.34804473084872806,0.6105094935090933,2.931739326960158
2209,0,0.7594694049210361,-0.14217003539063394,0.268731067871154
2210,1,-0.6086064616861635,0.109592822735043,2.5639775915791194
2211,0,2.8901768368373144,0.3776415992454488,2.232416245164616
2212,0,-1.240894936563493,-1.6817930708437447,-1.2965877564802426
2213,1,0.888706582829362,-0.45828936405936194,1.6629904489329015
2214,0,0.8101441877209073,-1.1284523894856717,-0.3810551102520823
2215,1,0.7120249142207368,0.7948611700647428,4.189069262701472
2216,1,1.5382441412097316,2.2344327542185995,5.548124505630734
2217,0,-0.35393097361692516,0.21239431039547288,0.9176367627139802
2218,1,0.44234245747969164,1.0772595199888224,4.2287984166313155
2219,0,0.028456184464729303,0.48808233521708805,0.648770485055663
2220,1,1.022148788447063,0.7887324059649854,4.666041177328446
2221,1,1.1445043482313868,3.8409307466750384,4.664576089912674
2222,0,2.142810717610016,0.5990929589486702,2.138520366220016
2223,1,0.03182222845113305,0.9192384949247985,4.1816135200564535
2224,0,0.9933239796224638,-0.5706218910976514,1.2650809492941468
2225,1,-2.285992536686397,-0.2352361684778248,1.9906752342155463
2226,0,-0.8607021708357823,-0.2485183786211945,1.1515271585942017
2227,0,-0.6740217329450819,-0.8420535108346814,-0.6010842072825755
2228,1,-0.23818863410259603,0.4579678590636761,2.719963836339301
2229,1,0.9824834913238188,1.5004092564479032,4.33788895664002
2230,1,-0.032067573728926456,1.4322512053620764,4.278654432494624
2231,0,1.386175065101748,-0.9924582190256599,-0.7589181326601454
2232,1,0.3784637743914089,0.8029151404168411,1.571456780676495
2233,0,-1.5849722336778096,0.42726905322773645,0.6418654409074886
2234,0,-0.5718197651207783,0.4369003770196771,1.9151539689935584
2235,0,-1.9560129462413496,0.13246488000245804,0.0722257658131367
2236,0,0.7152126676804383,0.8983151395841065,1.844612433097427
2237,1,0.6655134700436619,2.6858516582121115,4.8257979832169715
2238,0,0.23321445953569447,-0.6189409988899908,1.7795749258495142
2239,0,1.2045305883976525,-1.5006701490793555,-1.2210451471515744
2240,0,-0.1020138036843581,2.1715857995481915,3.262523402637187
2241,0,0.01740327867122193,-0.03676588782318475,-0.4669303500930724
2242,1,-2.2632019466549766,0.4134291246085322,1.9212052468994623
2243,0,0.33325207499845805,0.03769121340812499,1.9932063346633164
2244,0,0.8067732845189779,0.4974729955915261,2.0476208713997694
2245,0,-1.3618461059134106,-0.5653510026224429,0.6028835642965673
2246,1,0.8567308723579838,0.754757672291538,4.083740651942916
2247,1,0.8552073231232266,1.459142885756816,2.6429716717367056
2248,0,-0.21303048764053242,-0.26893459416758786,0.8868508539802524
2249,0,-1.0778674539800763,-1.1632963686304418,-1.4547541750709247
2250,1,0.5050671676576589,2.996694753233137,5.533943421838382
2251,0,0.16834352459036409,1.0347018428102746,2.8102854622805795
2252,1,0.7857733086162992,1.5810293959016513,3.2964770783562076
2253,0,1.5687757598040242,0.0794307214351162,-0.23474259854525403
2254,1,-0.13535723892399495,0.11992824726430662,1.0868056939310662
2255,1,-1.9003446813322857,-1.1407872852179972,0.793039780326053
2256,1,-0.09867706289977894,-0.1124832852176727,2.4121287346267986
2257,1,-0.05560272888707903,1.4294238586080315,4.9224983343140645
2258,1,1.7949830247824679,-0.6004145952659097,2.9225324913432473
2259,1,1.6278356851104703,2.303677351894956,4.100951548722121
2260,0,-0.4834434996114427,-0.7879166948358052,-0.8967867361063782
2261,0,0.7656237649139325,-1.140896178787562,1.8801851461981
2262,1,-1.2002867178790155,-0.3299816912303015,2.8522528399546023
2263,1,0.9753734344402412,2.08703742475018,6.763920939862025
2264,0,-0.49458457823085844,-0.7660030106632072,0.3303435345622717
2265,0,-0.06863441246724625,0.18184762732253906,1.0593812954026873
2266,0,-1.5672401335936643,-0.25382172239873324,1.6149123920992237
2267,1,0.7627122215625162,0.3111876202117362,2.3653720285468207
2268,1,2.1218572805077422,3.099027976996621,5.755878865175365
2269,1,0.05768481945813824,0.6039968638755897,3.0225869070612235
2270,0,0.6652882062955863,0.2157363216845426,0.9368254772133394
2271,0,0.4317433466185437,0.6203044022064071,-1.2191759094614103
2272,0,-1.3727830001408872,1.13837554362527,-0.09283237762572805
2273,1,-1.271070049447732,0.6142124942032057,3.2435506469561455
2274,0,0.20241628583335097,-0.5581194638791818,-0.9618400244913485
2275,0,-0.6306239990264461,-2.2875919424219626,-1.27598464780788
2276,0,-0.025608652334440173,0.31700181908522057,1.1641677018750858
2277,1,1.1333587196994244,1.0980124470388173,3.986358236849852
2278,1,0.7688083698056387,2.9745695006865374,4.432475470784421
2279,1,0.6017510873271005,0.1837492655382631,3.8011924009605877
2280,0,-1.648518975511357,0.6003477794692766,1.4230113052610363
2281,1,0.27836943008892384,2.2847886275522766,2.6533828201364518
2282,1,1.8458318469145432,0.7717037377133604,2.457180146798438
2283,1,0.5448249957600393,1.6237129146666487,3.8387228608305177
2284,0,-1.5528817131017598,-2.0972248574772268,-2.797124932995888
2285,1,-0.5638271212885396,2.168141925300426,4.534147308602559
2286,1,-1.0723249143654807,0.3387312285880728,1.9457239766138856
2287,1,0.8431549694949385,0.5013609588903204,3.24761629431244
2288,0,0.13219293702493012,-0.2638166862276881,1.480196422160299
2289,1,1.2283242229687814,1.9785449127582408,1.5600642673919403
2290,1,0.11803720887497754,0.9334088013926831,2.168551766670375
2291,1,-0.7350953302845508,-0.06364396296461505,1.9925957837186612
2292,1,-1.6187288321980113,1.3531421073369985,1.24405997783103
2293,0,0.5383549340246826,-0.7239711752689486,0.4676201282867315
2294,1,1.0516380098052494,1.3251926430144056,4.116931409055151
2295,0,-1.5661842528938783,-2.4910104783881577,-3.14448985621911
2296,0,0.734573272055546,0.8155955392175755,0.4923986048917266
2297,0,0.5954171514738584,-0.3166701430015276,-0.14436073492917312
2298,1,1.7245159879014509,1.105569148557855,4.370211670527998
2299,1,0.1261921639420631,1.6319383545396642,4.2856092188851465
2300,0,0.32955145837329175,0.1343402526332163,-2.2833394372038693
2301,0,-0.6807787019360237,-0.44377227723565116,0.6261528828238642
2302,1,-0.2830433963252047,1.8063636937263867,3.983213320253784
2303,0,0.2183184849464697,-2.208617489420623,-1.4173673502338269
2304,0,0.30727130728045743,0.17407225207472532,0.7579889756863998
2305,0,-0.770038310690668,0.6496860433540368,1.4392383038416408
2306,0,0.6957705767275614,1.6818738845385688,3.6843252755856892
2307,1,-0.8420605719917682,0.2041076896709314,1.3848357755965082
2308,0,-0.03686096112781283,-0.17162762615433047,0.5412645631747357
2309,1,-0.3410188724636341,1.7902050569170471,3.0677779925725615
2310,1,-0.041487738512431385,-0.9852778332349821,1.670790360901901
2311,0,-0.40218621156976764,-1.986818942778523,-1.3463033403721671
2312,0,0.2868575190451951,0.6145860548597099,1.4418279322514271
2313,0,0.36270707922018985,-1.0165610923414379,0.14384346773505494
2314,1,-1.5665042495354025,1.0302250217445894,0.8455047157957964
2315,0,-0.802704167898196,-0.03258714477936725,-0.6375911797046424
2316,0,-0.5133147826606342,-2.289851429855639,-1.3522722641967992
2317,1,0.21324549150439817,1.3865629687653132,4.236952938868809
2318,0,0.2518658607826323,-1.0989856381530119,-0.22350226040140536
2319,0,0.0017764643380870665,2.1886072392547766,3.2609063783381456
2320,0,0.5169843857890554,-1.5763165419933787,-0.204104154423194
2321,0,0.017118923809892786,-0.44982262370475795,-0.8240697569097307
2322,1,-0.15434762223894988,1.1740048816045159,4.742527529450242
2323,0,1.3089749778550106,0.060107765476289876,1.6060453068879514
2324,0,-1.9624607718732165,-0.3971884525866653,0.1651865935940477
2325,1,0.05576720665332767,1.8245551862656335,3.0559684607098676
2326,0,-2.0819247929239277,-0.9405872339278665,0.24061538545602779
2327,0,0.4771049959481696,0.8703355113696564,2.180351124594771
2328,1,-0.69760745123539,-0.5167176681247019,0.717672712718418
2329,1,0.8604624950158384,0.3034866920698831,3.7018191545756185
2330,1,-1.5732791564519675,0.01890822581570184,2.4711612558182443
2331,1,-0.7588782198137252,0.029843789261699394,0.8751312612062169
2332,1,-0.337204514439778,0.8529019067695929,0.16580272603329194
2333,0,0.2407280916687185,-0.5768011202567387,2.3962629360549164
2334,0,0.5628087400313382,1.303701803933945,0.9264679393496407
2335,0,0.2099033364786448,0.33273362519194455,2.084003572417715
2336,1,-0.37932823010798555,2.1616525859851183,2.326053014296944
2337,0,0.48950635860394626,0.5230077118045157,0.7015457811316291
2338,1,0.889222406067959,1.9662765380805445,2.603346385914925
2339,1,-0.05200738180893881,0.18352325724772978,1.1090780499766952
2340,1,0.014273342441761549,-1.1361788857401947,-0.49283735355533054
2341,1,-0.6082737515667466,-0.6031178130361043,-0.25380233565249255
2342,0,-0.6493372202825353,0.43043725426563956,2.236916204080802
2343,1,-0.34208290673439495,1.9541413491272097,4.902337524275971
2344,0,0.04367433016278847,-0.2864064710428146,1.5189009019813566
2345,0,-0.29435984334898263,1.2273079790161352,-0.08393999019434806
2346,1,1.2518332104654037,0.9748075814926482,4.430510589682624
2347,1,0.9420742943935613,0.7019142051943086,2.1714014833063175
2348,1,0.3885139576621856,1.8110207978628017,4.466399079836469
2349,1,0.769870530560994,1.7860643219772627,4.661857863385406
2350,0,0.6370666984222444,0.5320022546973533,0.8553440386754715
2351,1,0.13985345890196785,1.936008056892983,2.8385943301687795
2352,1,1.0037918367482237,1.2347019265979795,3.535229985502559
2353,1,0.863972548745364,1.111487072758712,4.212958879736162
2354,0,-0.9592607101629332,-0.9737645403528418,-1.6687286721081636
2355,1,0.522708321517671,0.4316450723196186,2.9984581687926437
2356,0,0.6971901654272297,1.917383374402445,1.2338456992338567
2357,0,-0.3893294275587205,-0.46662971940543524,0.4642844801724654
2358,1,-0.6509393390603915,0.6525023162657657,2.6369151422814934
2359,0,0.11013982306560965,0.1807911623911591,-1.1179016825077963
2360,1,0.3901127835518067,1.7582659413941601,2.768161918789186
2361,1,1.8783927944798047,2.0017982044510756,5.101957956229504
2362,0,0.8828219173742998,1.0080323028785452,2.9079040920400567
2363,1,1.6450940872700945,1.8890034725458014,4.057428617137484
2364,0,0.6391698445175198,-0.5357438268203232,1.1774233735227095
2365,1,0.6434222129161409,-0.11282217656868809,0.5136054288991061
2366,1,-0.5978543835888971,-0.28738207439080865,1.402133030658847
2367,0,-0.6946474389834232,-0.5805294662312936,0.549605081113075
2368,0,0.499511923028558,0.9155935682788283,1.7924052970137603
2369,0,0.3126920335130765,2.5163407377481546,1.7748744475085887
2370,0,2.1786276204403614,3.257800234656572,4.280580517185754
2371,0,-0.9679509886079266,-0.4784397762738638,0.7801929025761156
2372,0,0.6118675916323354,0.026062735779252943,-0.19813740128906998
2373,1,2.125767214189826,3.259358485725288,6.214154507492591
2374,1,-1.1872668650640024,1.5202986858689058,3.7451139239615934
2375,0,0.30595929174479586,-0.41798536329645364,-0.9902329357880701
2376,0,0.6397853846459169,0.04020584140759628,1.150571285381216
2377,1,1.1976776215703746,0.320595744953608,2.26493653116941
2378,0,-0.1010488329785646,0.4533306366244255,2.745583624956733
2379,1,0.0025923345576192164,0.642306856992051,2.8875446056020215
2380,0,0.33941700644962164,0.5890519686024105,1.2044607546188395
2381,0,-0.6142825706168407,-1.0096648598412394,-1.1740854398343157
2382,0,0.010973086837742445,-1.0620581252955172,-0.11759560180575468
2383,0,0.017977523802230163,0.16399693206314842,2.6596437389357357
2384,1,-0.3408481219383124,0.5953714632328779,2.9247661764675814
2385,1,-2.0139651959788596,0.5058956950559211,0.7449879063422052
2386,1,1.039438450829357,2.2306632495921304,4.516210380422885
2387,1,0.002276148010803697,-0.4173385391568565,0.5779194286062233
2388,0,1.260844115307428,-1.7366274422259331,1.2321092877050173
2389,0,2.06324130026289,-0.41109271599419395,0.6751224108793612
2390,0,-0.7276296046506541,-0.7512545603427143,1.2097184738782898
2391,0,-0.6348518621546922,-3.1384979026635866,0.0537381682163125
2392,0,0.006507118437770842,0.711714882748516,0.9050658718785609
2393,1,-1.3083767416508205,0.6406735325569597,0.7435862798272781
2394,1,-0.6563583496870776,-0.30251715397477863,1.9785005375780287
2395,1,1.0174530403111115,0.8009765428768891,3.4125487763921205
2396,0,0.8345964835307552,1.6207307289879929,3.183159663553909
2397,0,-0.46465179699307074,-0.2497783689308675,0.6761964164588523
2398,0,0.6775322217729457,-1.0025717739728803,-0.4958346094649273
2399,1,0.8369592936188812,-0.9493255731024897,1.8579575661575358
2400,1,0.24055373899430227,2.606564899715706,3.3642400794115184
2401,0,-0.9803182260730942,-2.148084296674039,0.3667757070641684
2402,1,-0.19083018155887801,1.9948747784744274,5.243093021544705
2403,0,-1.7849517418617546,0.8163248320904414,2.031347124110435
2404,0,0.7288218723817711,-0.07643581094652036,1.8144540694239821
2405,1,0.744187456451683,0.5963185163491878,2.4218598557361855
2406,1,-0.5165753228818935,1.8398537698615485,2.950889600505831
2407,1,1.0978369205867662,2.1171684350427915,4.3187005757202535
2408,0,0.026673049625417347,1.3973602965000191,1.2593842637546522
2409,0,1.0007796603217463,0.893449557415448,2.4833924015702964
2410,0,-1.4548001180509798,-1.1518947335329777,-0.11940365504355155
2411,1,-0.4072723999809988,0.8593185428007813,3.5408258376146344
2412,1,-1.4975683955377892,-0.9872638272470557,0.1236978421026802
2413,0,0.8696800131836586,-1.5520699991685665,1.0537685239862797
2414,1,-0.3057449382457377,0.7296086087008249,2.522307253755058
2415,0,-0.17768912585364083,1.1617585754530353,0.2642377716582054
2416,1,-0.5623284541358713,0.8020494741475641,3.2928290803258795
2417,0,0.4337508507626713,-0.08551837376958385,2.080168347614014
2418,0,0.29594804663662283,-0.804166872982621,-0.08685551104239242
2419,0,0.6211614092583938,3.0046515952234714,3.6178378506268842
2420,0,-1.6532367428631352,-0.2046056593571403,1.1708122516001875
2421,1,-0.37597843120916885,2.5326242786128557,5.0038299465372145
2422,0,-0.30899260791892785,-1.773005282479649,-1.7127120212769693
2423,1,1.5965398854194042,0.8078341570540079,4.233419052546431
2424,0,0.9393672071315404,1.345811371738854,4.3244454464205395
2425,1,-1.1775710041915466,0.9013737668323341,2.3753627172021563
2426,1,-0.684723840682316,1.0000547606381254,3.0534729040426045
2427,0,-0.643294116027187,-1.054575487822906,-0.17210967370891675
2428,0,-1.2937969836251113,-0.7671274343527238,-0.48223966464440715
2429,1,-0.023227200967134924,2.3485229605113744,3.006329972486062
2430,0,0.7035060008962816,1.6007772955662105,3.8587548418436333
2431,1,0.31694111677726655,0.7046885676617114,2.9410261134442175
2432,1,0.9429317977754965,2.2289369952621203,3.7536101277128844
2433,1,-0.576551907638135,-1.2522028961786065,-0.06260740981710511
2434,1,0.2446572840400248,1.9621653722352583,3.3821491551902523
2435,0,-0.6154955125028756,0.7968131149101558,-0.19960958431551545
2436,0,0.7507647310976903,0.6033993710042682,1.7716489095607846
2437,1,-1.3534379329458706,-0.2745845390045636,3.387351038739389
2438,1,-1.5126696317964163,0.7514045941057221,3.0404505629877066
2439,0,-1.9096217189639768,-0.7932070541356055,-1.2843419870809414
2440,0,-1.0103272857647523,-2.1006435510037136,-1.9544442891444738
2441,0,-1.5827685161625225,-0.7999692981282146,0.8492336262934294
2442,1,-1.0026416312670408,0.20527385705704504,2.84576845708328
2443,1,2.8258737339255817,0.9065043001957935,2.6339445125773695
2444,1,0.6593657365554387,2.335445372065016,2.912310132429753
2445,1,0.0287501710115637,2.0192626415966153,2.9665041647789403
2446,1,-0.538713989834557,0.24885643157931525,2.037627426028774
2447,1,-0.10033593850994424,0.8217294142750093,1.815855912086887
2448,1,-1.5192496724590985,-2.347875536766033,0.13730914542622052
2449,0,-0.023083341439339447,-0.9323067229297929,1.1561446568668514
2450,1,-1.7181136367841963,-0.1577100645281868,1.0759158391662795
2451,1,0.10261994194999546,0.7033288801474593,1.5076028411109559
2452,1,-0.06821886512918199,0.31646272446072854,2.36122485777875
2453,0,1.7691809255904762,1.0996509900275357,1.4140756965374128
2454,0,-1.1266601168141317,-0.27660662951003084,-0.17369806842530505
2455,1,-1.4901949767438203,0.6516124317895985,1.4666023212586958
2456,0,0.7047720421028844,-0.13316156290263603,-0.9764929632530859
2457,0,-2.3610084606131494,-2.1605916767574906,-2.6288648970734836
2458,1,-0.6332056636565423,0.4568078359558534,2.561309369925537
2459,0,0.6580826762495073,-0.8019935308268338,0.14207955001651207
2460,0,-0.8250537414979305,-1.556042981000307,-0.8509714503510281
2461,1,-1.7430924545280566,0.5302822225931849,2.64531197201293
2462,0,0.11334927304387599,-2.343657386556109,-1.0780839092450334
2463,0,0.009368708665204189,0.8940927397851046,0.18307971203674245
2464,0,-0.4684087391635959,1.7852578979917888,1.9170389131193062
2465,0,0.666868014629179,0.39032524867261653,2.0103848020541863
2466,0,1.617186532105303,1.3852233872687094,4.659650032279178
2467,1,-0.8350075232307965,0.29643567235724966,1.7027159736033761
2468,0,-1.5269223334359934,0.7841531622020227,2.0609687373943495
2469,0,-2.398169432116231,-0.8246195259985324,-1.4565372077266727
2470,0,0.7666630434494027,0.9150464351209002,1.460430015654583
2471,1,0.7600884355382974,1.5341637270129236,2.8985264057847497
2472,1,1.0833160599390608,0.13021900978782885,4.000440418897178
2473,0,-0.3326675337591297,-1.4408563437989512,1.348754878378178
2474,0,0.7652045706811218,1.0368751474527609,0.6972315375944877
2475,0,0.975059148390492,-0.2519143553177627,3.0256924422076397
2476,0,-0.8303149377328078,-2.1548613886132815,-0.5099920857397369
2477,0,0.043977810382462644,-0.8483530676911661,0.15907156089684782
2478,1,-1.4377862492666162,-1.4140654229418743,0.3170821872015297
2479,0,-0.13635280518923998,-0.11375357720575692,0.7641125544091248
2480,1,-1.3345981492417422,0.6310846375465925,1.5062684737132888
2481,0,-0.3282649040592517,0.5466277110959205,2.6191723171659005
2482,0,0.4830860996842774,-0.05918443283721114,2.0374811015925767
2483,0,0.7314082660436699,-1.468102870629902,-1.5513838112382297
2484,1,-1.4736082241852202,-1.6573264774538319,-0.2374934346878047
2485,1,0.9097261739321106,-0.6134423200079029,1.5195850652047125
2486,1,-1.6912581174418182,1.3378305468605247,2.2833377670792596
2487,0,0.8465405372032446,-2.256249201814721,1.199117596786897
2488,1,0.8282780494538745,0.7046134332037108,4.688173349093722
2489,0,-0.5946272789267504,-0.4429657828704766,0.9903743931398151
2490,0,-0.540948390424042,-1.0916332597419607,-0.471084051510234
2491,1,-0.3576122714438461,-0.0019097571007467007,2.249513396624138
2492,1,1.1070928510524833,0.8361246509088931,3.7942987400512647
2493,0,-1.3434922971968972,-0.05709335938726795,-1.891549200083359
2494,1,-1.632667443058649,1.672254896816715,3.4736040385232636
2495,1,0.10709741621761266,0.32822921327035637,2.3043991648807403
2496,0,0.7931455410326914,-0.8802267543732387,0.5951970394927077
2497,1,1.64121963535441,1.2870514772965334,5.598752795144201
2498,0,0.27583331164815866,-0.09912601957368956,1.4364323998896384
2499,0,-0.3610124152310503,-0.061334612355862836,0.06354571402496167
2500,1,-1.2401114031968812,0.6977817389003582,1.6527999637631365
2501,1,-0.3006790027071461,1.198310124714678,3.485929073660717
2502,1,-0.32816838282538635,-0.6106282888893042,0.10540111981860001
2503,1,2.0248114644627577,2.5429836822087144,4.179544676495237
2504,0,-1.3538278964343144,-0.184765165560499,1.5655604680296977
2505,1,0.10733195420020612,0.10195553600702822,2.1333347403026477
2506,1,-2.319014374796885,-0.5188657100086349,0.22859879697727362
2507,1,0.5840483572413059,1.2632505655971822,4.6071777824543005
2508,1,0.6532902627632166,1.3067013831601122,3.7425274632550805
2509,1,-1.656050087082454,0.10268008418317687,3.065125219917503
2510,0,1.5108235107272348,-1.0309857778253904,-0.03883093330395193
2511,1,0.8171763733594662,1.6954004512172656,2.481652181562355
2512,1,-1.1744712752334123,-0.5200648251569384,0.8246066960222457
2513,1,-0.5416784218922996,-0.5404735085540662,2.272852711939225
2514,0,0.5289464520135317,-0.5220869761697964,0.48121564618619084
2515,1,0.33225231347587086,1.2591533731871687,1.087186610362708
2516,1,-0.4723474587658767,0.6744422474265505,2.003574193269385
2517,0,0.426735879788374,0.3653371884371535,2.3999040250352195
2518,0,-0.35458989455246503,0.2994168868063681,1.0224873865951671
2519,0,-1.2038464107429876,-1.0381895947061668,0.4662907333170656
2520,1,-0.37852237567806213,0.5219802796956161,2.7003521386755582
2521,1,0.5981766921046608,1.9016963457660216,3.5747791878531254
2522,1,-0.7884592099739761,2.2682775048276413,2.4276476933160476
2523,0,-2.1327761342230094,-1.4162626336066393,0.29614191947602464
2524,1,0.04072460786071824,1.3439103427360228,2.970702239960935
2525,0,-0.06351215256643448,-0.6797128601193181,-0.10734680475976044
2526,0,0.9098876690222697,0.20067506399729568,0.6858591895224927
2527,1,1.8150296134479438,3.0359226125781893,4.665866874965996
2528,0,1.3467386705833726,1.262797512290681,2.108727190067987
2529,0,0.28561690278833707,-0.061380962915020015,0.9549779185856349
2530,1,-0.055697979594215706,1.468683555482709,4.852233401955847
2531,0,1.3814447948979038,0.15733693829605694,1.631176492694433
2532,0,-1.2151729194754426,0.5112674430492323,0.9442022079717434
2533,1,-1.0277116739999688,0.058019042350257344,-0.09297453441504233
2534,0,-1.0799971980574155,-0.5390429186691654,0.8284385093703295
2535,0,0.08633152763061296,-0.4659389194366009,0.018135362557780033
2536,0,0.4116174805769237,-0.3784696757929975,2.3125644917419765
2537,1,-1.2507573428703966,0.9442660682809734,2.1805979680253156
2538,0,0.5831567924809583,1.8058422749942942,3.1492943020507744
2539,0,1.8482211357452845,3.2255339452093637,4.839787885454384
2540,1,-0.5947267889823699,1.6296105415425903,2.973180131310015
2541,0,0.6328421450174975,0.7437393399072545,1.9639094962584054
2542,0,2.2745594328124024,1.3055676191133971,3.7611953030857506
2543,1,0.3220653642609906,0.44970688413881743,2.7370900580350446
2544,0,-0.6956537328925537,-2.278312348632204,-1.9572831747466513
2545,1,-1.4029144718674116,-0.3482198201388238,-0.030113092209556713
2546,0,-0.36460607321570027,-0.41434858906914745,0.5994902155751934
2547,0,-0.8224099792194962,-0.687559818853636,-0.2308347396339997
2548,0,-3.3322652059819093,-2.1547413293001068,-1.3099553884089723
2549,0,0.025722839502812647,-0.3632459877983252,0.007330133821114915
2550,1,0.96684882515701,0.38545501094138546,3.3356286587159376
2551,1,1.0587615440202631,1.7708980141656423,4.407089122866059
2552,1,0.7748498119673155,0.6413015160552078,1.6081978731723814
2553,0,-0.4996903999344326,1.125935156315984,-0.05161374648410466
2554,1,-1.650275911666471,1.4495367814815148,1.8533478638402994
2555,1,0.24925220454222763,1.149482748373543,3.1312609846677746
2556,1,0.3048904669779142,0.8897344929966389,4.468788095750096
2557,0,1.0134594973244793,-0.09005144166240964,-0.0596521549753144
2558,0,1.2813600884157488,-0.4526709350956696,0.6236066081370801
2559,0,-1.7653672129395659,0.8302883701117718,1.0369523450378773
2560,0,0.06773075575642104,-2.1073951498299284,-0.8341294923617004
2561,0,-0.7328967212347617,0.6926942902805697,1.8939890582159469
2562,1,0.10037461531980404,1.0542164256354725,3.388506686653268
2563,0,2.494075197321068,2.3174267239091395,3.263634466536333
2564,0,-0.6102455339736823,0.20350523639994483,-1.0034115073437557
2565,0,-0.0893414397552398,-0.03308518907860155,1.5776951273543274
2566,1,0.009195014121818413,2.096931541395798,2.620469523316606
2567,1,-2.3865126637898806,0.6460996992125551,1.8747009004851087
2568,0,-0.8448931993021417,1.2272207397200183,-0.27660373087096457
2569,0,-0.6121195413101759,-0.5290176333345351,-0.725711285962968
2570,1,-0.5729385565101298,1.8303339752484893,2.3442524866430854
2571,1,0.6098607916126323,1.828217636284714,4.126249514583119
2572,0,-0.27017257347099016,-1.2600944303544748,1.1416424491289314
2573,0,-0.1514675648321234,-0.27432625951944917,0.6123983779176277
2574,0,1.0724236333850374,-0.5552855939553034,1.4311500269663842
2575,0,0.6042188913708902,-0.7823518158152023,-0.34829229884982005
2576,0,-0.34700941482675346,0.2045433819411502,-0.24434142081922305
2577,1,0.9054110581141779,1.2050641065728689,4.9357201018028505
2578,0,0.6937278616986032,-0.7326013949682604,1.0195227247363698
2579,1,0.4353952133919919,1.6601599529084496,3.3713687838416417
2580,1,-2.078581702066152,0.7282318142639694,0.641970700663493
2581,1,2.7887435444731405,1.6117531771323805,5.993400218953657
2582,0,-1.4857367877216963,0.5184039401468296,-0.5779848727622833
2583,1,-0.22693463120236174,1.4255670289237825,2.1833754384309114
2584,1,1.6521552246994233,2.4395606961785203,4.547679202694808
2585,1,0.10862708207971844,0.6474181607920775,1.5108818252063216
2586,1,-0.06825367315440876,0.41351119815290327,1.9705626815809316
2587,1,3.193675581174128,0.9663815968816347,4.021679075241059
2588,0,-0.5339434041590975,-0.4615569285417861,0.04473304927380234
2589,1,0.24602942384213125,1.1923197871354265,2.97939286926946
2590,1,0.7314558827848614,0.477791548058071,3.1944740742243085
2591,0,-0.03830120797511298,-0.2711218927486284,2.472489947851159
2592,1,-0.451062933987003,0.048391105480114716,0.6220108621546387
2593,1,1.9339178706514824,1.7322509394009487,4.534243261992611
2594,1,-0.7871258025814116,0.109563323908209,2.996800981491817
2595,0,0.48023916732063154,-0.7090198775186046,1.737832951174346
2596,1,-0.9364302347612161,0.5276833349396713,3.6992338798396824
2597,0,0.3176302754042881,-0.04898001530991172,-0.40841737677340717
2598,0,-0.6121566280159685,0.26951427959052854,0.11078735492245273
2599,0,0.9358948354873872,-0.3187596283231475,1.04697470776391
2600,0,1.592345722900575,0.7214061300292288,1.614415832364951
2601,1,1.565006610438321,0.42917507086121787,3.485169870631867
2602,0,-1.5097936885593197,-0.40321475165583387,0.9367897992697873
2603,1,0.0893507343528995,1.9082435365763477,3.9165946654601442
2604,0,0.6577256172929958,-1.2637769860544403,1.2267746480244734
2605,1,0.4673396641383447,1.0542406474259751,2.456066838868032
2606,0,0.2217664476670131,1.534391743851402,2.3210145741836348
2607,0,-1.3202437695374778,0.8467735803083892,1.8041218423948568
2608,1,-0.16329864353267973,-0.29872560816101723,2.4014011611230446
2609,1,0.0739784101342949,1.9939265166879672,4.5767323885868825
2610,0,0.02847657172781264,0.06035639016758973,0.7143814909696262
2611,1,1.1365197795730588,2.6026618080516557,4.27555990149246
2612,0,0.4195900285601102,0.550617015379284,2.030284632948393
2613,0,0.11978082141668552,-0.9172777140055026,0.021456923516154247
2614,1,-0.16840922286434967,0.791090903113663,2.9404752321573895
2615,0,-0.7563064072006206,0.2833551472667384,0.7315806813669988
2616,0,-1.1484172681548925,-0.5204054459241183,0.3917785667894564
2617,1,0.1568389449410852,1.158276033716513,3.3277415625462434
2618,0,0.5123884654403565,0.4576217960140856,1.1063901721660439
2619,0,-0.14226544041677067,-1.4673001680327937,0.9484391011869602
2620,1,0.8132910701082303,1.9252831275997682,4.705941179379465
2621,1,-0.7218570192138687,1.6055242240794645,4.74379835453227
2622,0,0.30261795723177565,0.8297390907527125,1.3805814832487815
2623,0,-1.2113075079517663,-0.9274002102459176,-0.7827883104652676
2624,0,0.1442023891495699,0.915476937929775,0.4536208245561386
2625,1,0.6238635913437244,3.399430013979901,5.364793046141135
2626,1,-0.06837688853136985,1.1717430870925278,3.2451117493211203
2627,1,1.1369715616405929,2.954302932769785,4.46563192027866
2628,1,1.13807389651008,0.42755397896744163,2.6055403626960287
2629,0,0.49234942503000684,1.6754637938324808,1.9344731582388537
2630,0,0.4928149360822259,0.14123038603445567,4.358657952404389
2631,1,-1.111909216085568,-0.729289292044424,1.588696435379884
2632,0,1.7745975849878575,-1.2879048869598957,0.4481161402576364
2633,0,0.40203777863612716,-1.1171541807263268,0.3698028467104946
2634,1,-1.5595524525296,0.022747234648286874,2.513858757378415
2635,0,0.21713540519690078,-0.709579218087272,0.5988386046312639
2636,0,-0.14040690782249474,-0.17310400265943987,1.3058825146183546
2637,1,-0.4690094388048813,0.24111894793217692,0.5382291604269698
2638,1,2.1897828591658803,0.5114111145167023,4.296671660707501
2639,1,0.1969225332223023,0.4036818191276065,2.260285615577407
2640,1,0.530457208791242,0.7509838366061763,4.1401441305649005
2641,1,-0.7317151616337325,-0.3277888991791853,3.0447799354708547
2642,0,0.29388144419903145,-1.5749005093198734,-1.053697844411336
2643,0,0.1543044669906261,-0.40680859033101874,0.42283340105001427
2644,0,-1.0482469804619825,-1.3443908298756035,1.0689523014859286
2645,0,-0.18073365827535948,-1.4252113556646449,-0.7135760289077102
2646,1,-0.8135983081618396,1.890050456783989,1.780766378106857
2647,1,0.3396704506646977,0.6865144566693628,3.9954529077359036
2648,1,0.13754983391938477,-0.9402356754414589,0.480256068277949
2649,0,-0.4401079662689346,-0.6463923065358402,0.599982136461507
2650,1,0.573506413768231,1.9251361899543584,3.1622392118098617
2651,1,1.0164935987179147,0.7232672529923722,0.804648567734696
2652,1,-0.11494377029051964,1.599748216900131,1.7827811551828543
2653,0,-0.7089746286913757,0.67704807529352,1.431974565010469
2654,1,0.48581446238787046,0.9667483186273192,3.753763837540805
2655,1,1.8721808546347023,2.271657389329565,3.8813654315185215
2656,0,-0.6832532766505707,-0.3863840062087167,1.0311818626092473
2657,1,-0.18822502251683754,1.2678172241259928,4.74545553905205
2658,0,-0.6834321558528113,-1.1550962119056745,0.909204662727698
2659,0,0.4550580340631622,-0.20955616167032745,0.05615963108458799
2660,0,0.11279882716029742,-0.7091441613479634,-0.5667574385066783
2661,0,0.031707835275032084,0.08497682890846865,0.8300848841744497
2662,1,-1.411194015383339,0.9083825559817342,3.813516137548328
2663,1,0.04224757068054826,1.3995669278852712,4.197239638041245
2664,1,-0.7402395544771537,0.19209845129256164,2.657096677650228
2665,1,1.0601575128667635,3.671995121073355,4.671097556720335
2666,0,-0.40674790489774315,1.004481987765164,1.2827273537073247
2667,0,0.5912544389759681,1.2756004440489144,2.1448815495377755
2668,1,-1.0299505718917554,0.07207823434982563,2.3909620648751173
2669,1,2.1719135718872202,2.615393082282823,4.252215862088734
2670,0,-1.1119067056110326,1.1132783668454194,1.2811602250172276
2671,1,1.5427264350577257,0.8288512818422721,2.2258771889514906
2672,1,-0.6514995406235174,1.6580437790356086,3.434787142964438
2673,0,1.6296579283405084,0.9760281797379087,1.1163511994216555
2674,1,-0.3720596923048461,-0.25602154825247725,0.4397572393273663
2675,1,-0.4499060913787887,1.1589107386951802,3.3874379258698877
2676,0,-1.5151733862958043,-0.3132976036840632,0.3936325657370868
2677,0,-0.42653999177121726,0.854224953632864,1.2142546706721262
2678,1,1.277572476866264,1.2709372813918303,3.439995738784674
2679,0,0.7416535470631428,-0.3697286349578391,0.48591536105878186
2680,1,0.5345772724339917,0.8444990330626506,2.0173911689399615
2681,0,0.3149381391793147,1.8917081246418246,3.4196504045715903
2682,1,0.33547294976558356,1.2676738201875324,4.67370405991246
2683,0,0.6306267524908108,2.0207263392045234,3.3118234232669943
2684,0,-0.6919749053090527,-0.27600611155128707,2.308251884408522
2685,0,-1.6061217947483337,-0.26201687804158924,-0.40187920916117403
2686,1,0.20001069879430186,0.7728600939680688,2.201896360975778
2687,1,-0.4432456920171751,0.18100661017329567,3.987559275564445
2688,0,-1.2417949069874255,0.723123146343259,1.27429083673156
2689,0,-0.6872826783444427,-0.5196885219160932,-0.3313272563934936
2690,0,-0.34425779404572554,-1.4857610681033457,0.9755222381663315
2691,1,-1.561960180062067,0.9415027060053669,2.980666271307229
2692,0,-0.6573135159269871,-1.4461139180743976,-0.4021433238073694
2693,1,-0.6217794158824426,0.8316783867537098,4.792670408979063
2694,1,-0.08785690823564753,0.6870527194850836,2.58837634998496
2695,0,-0.36878992917855785,-0.18996356278821033,0.5831998308486105
2696,0,-1.4283499959220745,-0.2738299225501465,-0.5265661230382619
2697,1,0.6440157772775702,0.6579607922052126,1.5095622241847526
2698,1,1.3820524877306952,1.1601422702086612,2.612785691880135
2699,1,1.5741332984843734,1.0358932291955367,3.4483186499283236
2700,0,-0.9314376469587834,0.1757003399358822,0.1458635115679564
2701,0,-0.3589206539652815,-0.32786384541505575,-0.7655776149854837
2702,0,1.0244486329449944,-0.6290098636712921,2.174237730986517
2703,0,1.8039769951354232,1.1544765802291677,3.310058329647326
2704,0,0.9825728825743494,-1.6558602931737885,0.5257033270394931
2705,0,1.1207760387940842,0.48767806097229704,2.758725173105924
2706,1,0.8687395406543214,0.5618998298990087,3.862133869546965
2707,1,-1.6039125100258211,-1.7983937452807326,-0.7135067371942901
2708,1,0.4153066193088775,1.5472136539960948,3.859138003981477
2709,0,-0.7713823555698875,-0.4240408350766081,0.6299691739806663
2710,1,-1.6944315205322076,0.1711919854724333,-0.5366431448607452
2711,0,1.6933521420263915,0.031745527909305404,1.88325049904826
2712,1,-1.5084153720820166,-0.4182014088797308,1.1900498765905392
2713,0,0.9930276225042298,0.2853389993809846,1.2080983002975922
2714,0,1.3108511844251196,-0.24984020590939093,1.4745483882719763
2715,0,-1.0837093604985153,-2.835950244326641,-2.0713911379643144
2716,1,-0.5788608295559007,0.7283745879662787,2.435549711433181
2717,0,-0.1379481785850269,-0.733227373508719,-0.5973809369224573
2718,0,-2.2941136082773474,-1.652852673162777,-0.9090452836190795
2719,0,0.020804408139833364,-0.17596277482243086,0.02046925899243368
2720,1,-1.125812242876424,0.6375900426777164,3.0517780387478335
2721,1,-0.5143186445989523,-0.6274033123806066,2.262283937297167
2722,0,0.8467691438233014,-0.7768569642603984,1.6451174986118393
2723,0,0.5479742751563617,-0.34743696419860487,0.016033470151205598
2724,0,-1.3595287986311888,-0.14405548510566507,0.0509498016632986
2725,1,-0.8148556829808923,0.21841230552501667,2.0118647753689696
2726,1,0.4399823854750739,2.1290491690823887,3.9721641528085216
2727,1,-1.0382705790038187,2.3900378579248995,5.260510631547458
2728,1,0.190655486805763,0.7737162078082107,1.4805687595966017
2729,0,-1.010634258679605,-2.0576918002625906,0.33819533185175743
2730,0,-1.2417862910714503,-1.7428491942555582,-1.9245137248166475
2731,1,-0.04324914193798528,-0.4385067469538422,1.0325984361422202
2732,1,-0.7209296205115079,0.22056041288221584,0.3546522637996723
2733,0,-0.16551423167324955,0.24963709497721576,0.27815324220696525
2734,0,0.08424748440659745,-0.6564443500550735,2.1181720650154605
2735,1,0.5851533553177656,1.343790635708757,3.0763634819620522
2736,1,-0.13173221946305633,0.22439519826935428,3.433210052681457
2737,1,-1.916432272979713,-0.22563400683311574,0.6306762896595516
2738,0,0.5629167298826241,1.7264380982991785,3.491628381724304
2739,0,-0.20804900393845047,-0.4887910186569532,1.4019626968683436
2740,1,-1.5067906604571137,-0.2925028316294813,1.3065098308112562
2741,1,1.0689311691366035,0.5903977780392078,2.456388655975142
2742,0,-0.6974648593332688,-0.013460059316924733,2.5952388224781853
2743,0,0.24613971999169815,1.21326665103858,1.593417543069056
2744,1,1.9292696521778645,2.961201947438437,6.472577200926308
2745,1,0.9210992611365468,2.456925221954987,5.060468962915999
2746,1,0.8310069856505098,-0.0027682860290512146,1.9059099320366961
2747,1,-1.3045488621672514,1.1881686697120224,1.7966578090358598
2748,0,0.2702683709042217,0.12964058299581527,0.5445114544892762
2749,0,-1.2159827775813723,-1.0154841641137302,-0.9187464067762847
2750,0,-1.0129052514528303,1.3282144865808676,2.46062827942322
2751,0,-0.23355632548442054,-0.27809824563307184,1.793083391513215
2752,0,1.0702799065181565,0.22405670674133185,1.8453345783424049
2753,1,0.18195766939918032,3.817498239413565,5.957438253766196
2754,0,0.9010214608095475,1.6939260758878143,2.5398656311803163
2755,1,0.8741693546406907,1.634516471154653,2.9120649059069685
2756,1,0.29452734006777015,2.213718523318639,4.8025857898101005
2757,1,-0.7273976118772086,0.5190896812503994,2.5586476792809134
2758,1,0.7386710513486735,1.723603312045718,3.4833996056450056
2759,0,0.31650261765079746,0.04421547747825165,1.597539190200693
2760,1,-0.28067762432685295,1.1485340563218334,2.870062708452442
2761,1,-0.8735979883404273,1.5597446049297465,2.1266276291432673
2762,0,1.151102466694176,-0.06339360588410148,2.2994750673860285
2763,0,-0.7622305933443474,-0.2690499197551691,1.772274299012815
2764,1,1.0630179824016026,1.5751705979315433,3.5271682196119727
2765,0,0.2853868540058247,1.1645696071388285,1.420251948568369
2766,0,0.6332428216097449,-0.31345498227175095,0.007065243649443609
2767,1,-0.9928143081605391,0.3004156927822721,0.880412027959207
2768,1,-0.667404084809803,0.8699943747088436,3.264829911908026
2769,0,1.0167893491088054,-0.3598447710864693,0.5998362707305748
2770,1,-0.9031401858875087,1.9537080490832992,4.38929547608426
2771,1,-0.1126348099529137,0.5377557552224085,3.2323685670928715
2772,1,0.640746161751785,1.5764864104282763,3.1387963376888406
2773,0,-0.00748945419466277,-0.5872068509933418,1.3493847333434297
2774,1,-1.7239627985107646,1.7379063321721353,2.1342632122906777
2775,0,-1.5403257502595866,-1.103730346996813,-1.4986166462955905
2776,1,-0.12706909636650607,1.4075806972747695,2.507240397771907
2777,0,0.45294365048908436,2.5901196211701754,1.0678051502521608
2778,1,0.7587733985018253,1.7134540453157854,3.610385871046925
2779,1,0.7024630154190017,1.3757637027106084,4.285367393575504
2780,1,-1.5750987170743476,0.9062182675867757,1.7485716018825483
2781,0,1.5481196177173666,0.6759736301834766,1.7335396783445762
2782,1,-0.03808127450854261,1.2670963472508128,3.6594849017681526
2783,0,-1.02901661908074,-0.1800417133861566,0.24408111757589718
2784,0,-0.32632140068319593,-1.389782640156581,-0.05913202782235258
2785,1,0.137553324422651,0.48191289705015805,3.2997912592963696
2786,0,0.3095610141425643,0.03233943648493283,1.3713596867664837
2787,1,0.2884251302248459,0.9580220641767566,2.023725805372907
2788,0,-0.8262041921472092,-1.22716043244656,0.8989229693688356
2789,0,-0.8786746307352085,-1.932987539571216,-0.5743231546360489
2790,1,-1.727939421283511,-0.6153324815018042,1.5170931296488703
2791,0,-1.8187756118620977,1.2933379233679623,1.2926541166053296
2792,0,0.1382435822132858,-0.9624868883989836,-0.4875613331501387
2793,0,-0.33078268664531085,-0.3576427037966914,1.4292874462468301
2794,1,0.8672549057376334,1.4682481928200422,3.8271932809215876
2795,1,1.4987860311568537,1.4215921156353013,2.193186948001758
2796,1,-0.45627353674485843,-1.5008090825779679,1.1585066272429119
2797,1,-0.5634301182998895,2.244625250214707,1.545440443211397
2798,1,-0.3648102604548593,-0.06611405537747195,1.4753446075651668
2799,0,-2.4067093983387213,-0.12650386270130154,1.2240476826068034
2800,0,1.7149672007716885,0.6617971869890451,1.2788476126708301
2801,0,0.21478171654603898,1.2286902719504518,3.2376449048783718
2802,1,-0.9143075911872076,-0.5239948394790122,-0.010986874365258803
2803,1,-0.8623945650937244,0.7256411667545499,1.7926608463155742
2804,0,-0.035518950804989034,1.3348799481395988,1.9850036811239697
2805,0,0.8742117782225112,-0.9828921331374467,0.8826079013726402
2806,0,2.9989858417633806,1.6615146917757406,3.590220694842076
2807,0,-0.40073878301843546,-1.6243509901912838,-0.786757975196493
2808,0,1.5535574955902607,0.7648644047231934,0.769967005624169
2809,1,-0.7277511506126015,0.9365045798293872,2.5281840698291487
2810,0,0.6949564577551085,1.1287202999759864,3.8636093409912027
2811,1,-0.46112420380341584,0.7124085564975016,3.30119954570172
2812,1,0.43956807406562426,1.682951010750958,3.9384192490736663
2813,1,1.9572938678879206,-0.2541234652198776,2.436503156855206
2814,1,-2.4540241960685845,-0.8608474824153274,-1.2919256348711419
2815,0,-1.2222633906243319,2.392868816177067,1.2691629347050861
2816,0,-0.32667566455685004,-0.738882436035013,1.2982055619499047
2817,1,0.47164883403261304,2.22012910558231,6.112966348402351
2818,1,0.19776472185766164,-0.21441149490050315,3.02401477701228
2819,1,-2.1733476366755484,-0.40866701913437486,2.7137190634158053
2820,0,0.38148201125280473,-1.8041688565621055,0.23561780994394443
2821,1,-1.7740435773084293,0.39596392153591453,2.0946133176133963
2822,1,-0.4735944270929517,1.3107945875474658,1.4290155316760307
2823,0,-1.1710687439427956,0.0044167027321133645,1.7684576121133968
2824,1,0.873350199745692,2.7400661054744067,3.6619050005182037
2825,1,0.5677580868971163,2.5999522399080575,3.816888537613586
2826,0,-0.5578083107126444,0.3281165874920703,2.1986370461230655
2827,0,-0.8694585998433114,-1.7462346004929956,-0.28835036120266166
2828,0,0.748915978346653,0.1520279403120551,0.6033874772038187
2829,1,-1.5009436537426115,1.7418425756259812,3.0300548197043895
2830,1,0.05627367725204545,1.6985073515929525,3.4979252312871676
2831,0,-0.27931900396182885,-0.23601941305285912,-0.855058382559751
2832,0,1.6850829234915439,0.9516472276227586,1.884543831606924
2833,0,0.5357289621983183,-0.5516505862182157,1.5704624258461048
2834,0,1.4254429142583502,0.09610245455489141,4.299095179855938
2835,0,0.3866726458778216,0.38943627114116525,-0.007491840569219477
2836,1,-1.6754245966119568,-0.13835083459484032,2.0864298816484936
2837,0,2.186114427496149,0.8541158586811635,3.466776138467045
2838,1,1.3482042134733179,0.17352088864568627,3.0586331716126747
2839,0,0.8049120685052974,1.5480488492821325,2.845405034467189
2840,0,-1.465192411204965,-1.8161295454821196,-1.5984276523617447
2841,0,0.6522698739437522,-0.505718509784034,0.030406985704066525
2842,1,0.8281409246999665,0.9034624504049058,2.9919521050753795
2843,0,-0.07530091919233639,-0.2616545545822522,1.9452154410068674
2844,1,-1.9219370892213714,1.0868847676520752,0.37481471949515455
2845,0,1.1170367417527056,0.7894950213960619,3.0620908930700135
2846,1,-0.3444066895395425,1.609206233913909,2.0603517121203128
2847,0,-0.5539537871415023,-0.57113592524677,-0.222008379648301
2848,1,-0.2519796940955601,0.7189268520590676,1.6902206909600912
2849,1,-0.2765435795839391,1.9951616362549505,2.264595486544618
2850,1,-1.0383570731802374,-0.2479514926526163,0.40343129866083505
2851,0,1.5951050816629921,0.6285990715742897,1.77058294318573
2852,1,0.19998718971252277,1.0701972837943414,3.3940518018821626
2853,1,-1.3883706438212746,-0.016735130532342657,2.5772041815586526
2854,1,-0.13699476911600977,0.7853899150372675,3.3692217915009444
2855,0,-0.31887857905117206,0.34497631313789817,3.5432780925284524
2856,0,0.18912332409021584,-0.8915675704198978,-0.9244644009663898
2857,1,-1.0824044243513282,0.8842230280204135,2.292720329038988
2858,0,0.8102530171702456,-0.17253178743284275,2.7944374597021637
2859,0,-0.33656542038708886,-0.1445709744266444,1.6521770336839605
2860,1,-0.06011489501949878,0.13072328668571176,0.2921464208576732
2861,0,0.344405461230082,-0.44356129011779233,2.0060293411273116
2862,1,-0.8162411376190507,0.7645204924651767,-0.7394424870250593
2863,1,-0.11284735362231332,1.1364208571722934,2.484468167436215
2864,0,-1.3535516606868634,-0.7793194156847658,-0.5856369698427604
2865,1,0.9275204743741243,1.1447011025691038,3.8781393314629624
2866,0,-0.04447051060546081,-1.575966466172971,-0.49776378214240413
2867,0,-1.823910592092354,-0.5094362231515357,-0.1584958215386325
2868,1,2.157003990684063,1.7317963136243768,3.5980215980962913
2869,0,0.8509349656569973,0.8418743097127501,1.9588754167345044
2870,1,1.1265214544913278,0.3395746511410924,1.897916896225803
2871,0,-0.7494730483823042,0.08068313064223848,1.2666467647695119
2872,1,1.1696727748854814,3.022469409474346,4.358900623015761
2873,0,0.3162786860102964,1.283992936832361,3.0083946886896076
2874,0,1.0568988876007719,0.8975159791026537,1.3041903705731523
2875,0,-1.5065611331875082,0.37912207548359045,-0.7075327927669
2876,0,-0.0613978928647495,0.31025017358074214,-0.3330906233259776
2877,0,-1.3981460725992185,-1.5486160901118893,-2.597415475918164
2878,0,0.11076162226308776,-1.2993859305406512,0.01741012583060904
2879,0,-1.9700140527675087,-2.3465741398422515,-1.9020603097011872
2880,0,0.0213597618392525,0.6781849706058136,1.5905151616145108
2881,0,0.5654587517124906,-0.4741984450902642,-0.740848568296306
2882,1,-0.28689115340832727,1.0259912552557782,1.4076893703319668
2883,1,-1.1417778103190264,1.6503999012724386,2.9972955835624466
2884,1,0.0956103249632991,1.1090474581797443,4.214739426392448
2885,0,-0.4506839957451463,0.3598199176656619,0.5123538870024018
2886,0,1.1240156440155304,0.4420583008656153,2.2615851768446515
2887,0,1.0996124784275292,1.6719195044416615,3.1642102113194426
2888,0,-0.610684477611229,0.08347827071219319,0.5634801121785995
2889,0,0.11722697502807114,1.5224817874480827,2.04628680200798
2890,0,-0.4045414542803773,-0.6117159422172539,0.9875237637642251
2891,1,-2.16781096294491,0.8008517812021965,2.9588428671757523
2892,0,0.4254840781909685,-0.2933109034858831,0.17396324264165464
2893,0,1.0674727436767897,0.49929653462293855,1.4043296102827636
2894,1,-0.9755252426407741,-0.7102126545214933,-0.2780594825788424
2895,0,0.41997503651244195,0.44618845235236193,3.456140455084956
2896,1,0.8808098351883346,1.8915892316318184,3.1354054159073357
2897,1,0.9565227840188505,2.151529074383052,4.940337016536811
2898,0,-0.7767315402716282,-0.18497952698359693,2.539105712703556
2899,0,0.7544129628809412,1.5604348032147768,3.8268389527406494
2900,0,-0.886417390535815,-1.1131777388559811,1.0335040039602053
2901,1,-0.513420871595694,2.3049991992937615,3.1146785108566024
2902,1,1.1470127523026807,2.2416408610019434,3.608634986648001
2903,0,-0.4864585397419952,-2.5544986094471422,-1.0000002303457503
2904,1,-0.10437524738931807,-0.18365856366929645,0.8799037880460775
2905,1,-1.4047409690320307,1.622622976298926,3.0095784548725555
2906,0,-0.25510390831558305,0.6523402768116169,1.3825106873292239
2907,0,-0.6469893321668435,-0.5040899451518661,1.6305868397932661
2908,0,-0.7177065665401724,-1.4978450950176416,-0.2564553973399974
2909,1,-0.434436111424858,1.7421621790453719,2.8798639952683014
2910,1,-0.5399500911779336,0.5853546724681673,1.3939514892918257
2911,0,0.24609724215407192,-0.9929449079996508,0.4270953541338033
2912,1,-0.24913281247908967,0.09194300959849455,0.6155368745008423
2913,1,-0.07685660878508394,1.382060430181223,2.2959810357198287
2914,0,-0.7446747216921729,-1.3161205397605569,-0.1355729497680076
2915,0,1.8488160340575743,0.5318285586043296,0.6725905708471078
2916,1,-0.4321746380286473,0.5415720922545599,0.9529030387286497
2917,1,-0.10215169240971339,1.9099011859771018,1.5180245083606985
2918,1,-1.9863983066596804,-1.0720635014305206,1.1742921911735875
2919,1,-0.007141701249364106,-0.2190006208527442,1.9072610109349777
2920,1,-0.07350581359177438,2.6060852956989913,3.843375782196904
2921,0,-0.21430327763956478,-1.9705193310300706,-0.9066610016804039
2922,0,0.7971874512722259,-0.5358560230517044,2.3816034586968566
2923,1,0.40116860845481744,2.7265814613587245,3.4150694782321054
2924,1,-0.9807199296218829,-0.18588874284859447,1.7070972964485305
2925,0,1.8345792314256273,0.9896667132631778,2.378998390999143
2926,0,-2.1037044937501395,-1.755722866482997,1.071035192219141
2927,1,1.7164124189284542,1.9251240974198134,5.976145435322163
2928,1,0.5456142335052775,1.753785652459784,4.360456880803788
2929,0,-0.18472871081119452,1.2349621615272413,2.6398833800832917
2930,1,1.1475272156829863,-0.2531675576783352,3.1655940212919895
2931,0,-1.0967249179789962,-1.4334339333874402,1.341296875775643
2932,1,0.044861554176036884,0.012371337833590457,2.5055043010423987
2933,1,2.09076487567906,3.3116363376248743,5.537224989617566
2934,0,-0.9183172516385507,-0.25522377183505307,-0.6792469545642453
2935,0,-1.134646972605203,0.29130460751790327,1.2575561111146052
2936,0,0.7898778750690366,0.7274654828907103,2.3032108866791474
2937,1,-2.2006940216703796,-0.8871007451471622,0.3856818505325499
2938,0,-1.0588014821979477,-0.30447944407928884,-0.28989255904894806
2939,0,0.9313304594364309,2.3377969478477483,3.320603754112463
2940,0,-0.3329698474516752,-0.39946546550801754,-0.0006063630361368144
2941,1,-0.30789571556614914,0.6939741926582128,1.9730631176602307
2942,0,0.7754555160431365,0.03080087126048725,1.0433783806561514
2943,1,0.6318270000094519,0.7897895385138136,2.226547074044592
2944,0,-0.32066469499086836,-1.655534884942379,-0.8912191723353418
2945,1,-0.43511270425084947,0.5698573817100501,1.3746203005363868
2946,0,0.4427213830395107,0.32795996740454003,1.5431633166138563
2947,1,0.06958450263250572,-0.32954384482244525,1.8256798404656243
2948,1,-1.130159784684967,0.3289881094484881,0.47611035717324723
2949,1,0.26836704455146976,0.9882539555605028,2.560319595751487
2950,0,1.4257676893845093,0.1564680017753382,1.2979470544642648
2951,0,0.4105703148575231,0.2207673491460446,2.3467500565829376
2952,0,0.23715464220686744,-1.6502795844731133,-0.7244171422696569
2953,0,-1.9825887783495009,-1.412547556341201,-1.4162914975942102
2954,1,-1.1001268667853619,-0.03577300431922037,1.1616531216643007
2955,0,-0.7100994087399136,-0.012200880312836726,1.8849951200876442
2956,0,-0.8767812997237832,-0.21893413177891746,-0.6280355489985248
2957,0,-0.24013561873587297,-0.8082933685055818,-0.3304465962741253
2958,1,0.2158315705059184,-0.07844009428112786,0.9872343906821983
2959,0,-0.788002804337276,0.4001279391463086,1.4569085605155645
2960,0,-0.4184946400013606,0.0006292063470366704,-0.33536515521495125
2961,1,-0.4939731381357679,2.9881518290306843,6.424795571541663
2962,1,-0.2626444229115095,2.8032089251052934,3.606107934579393
2963,0,-0.55575678546827,0.1288083250052912,1.1385101200268575
2964,1,-1.4303212347201941,1.7932339086175957,1.6282035241266986
2965,0,0.6253217389243316,-0.003470089494712447,1.9818754125400169
2966,1,-1.0339891464981534,0.8182436543024195,1.578028051845067
2967,1,1.4860371768362053,1.6961748722443262,4.653253540775445
2968,1,-0.27459262273073143,3.0925701282936355,5.04923465603315
2969,1,0.5695157609885739,2.2380446959494704,5.610594983508236
2970,0,-0.21612278306109822,-0.0034668010060212584,2.4454655399073237
2971,1,-1.4568754312791374,-0.6294945647090788,0.09090336617106598
2972,1,-1.0924541810916724,0.2716286558287263,2.547055049401025
2973,0,-0.20549511557158623,0.48397947917814843,1.8230448857838786
2974,0,-0.5675896323884966,0.3208014195528227,1.6229216711659107
2975,1,-0.20194535862683885,2.0173839607037136,3.480305786919169
2976,0,-0.2251076905961586,1.7203581123110072,2.0710701172589863
2977,1,-0.20599900579642108,2.324191918525069,3.458212244113803
2978,0,-0.19763869027322026,-0.19487097487417165,2.30246219613269
2979,0,0.41516683585281433,-0.28763437283249194,0.9564120095623478
2980,0,0.3537052282805286,-0.8498243440460125,-0.8752313127115329
2981,1,-2.178011590339748,0.05119929306081605,0.04939978257823996
2982,0,-0.3400184843477457,0.08926168125488404,-0.06439519862483789
2983,1,-0.2939834327277922,1.6783107571534086,2.742299458541925
2984,0,-0.5173864766212071,0.3417673563171283,1.005368122092205
2985,0,-0.6022212849908938,-0.1706812088218364,1.3447144550225878
2986,0,0.9192145832180233,1.322745363799768,1.9719222107308219
2987,1,-0.8771849575793351,0.4091358555184217,0.7147043255072305
2988,1,1.4524703931356342,0.07703320154703985,2.1527029872955876
2989,0,0.4597277131147389,-0.5189432138637072,0.9111812848851948
2990,0,1.0896578149326859,-1.364847888437674,-0.5740928587838792
2991,1,-1.0072697866910587,0.5664707675222381,2.111181872349904
2992,1,0.22523390856518477,2.789766782516736,4.833011291630267
2993,1,-0.9062403895250705,0.3598050834760098,1.2232378806632973
2994,0,0.5810926014198352,-1.4218874483413033,-0.033395584089141395
2995,0,-0.17530890891879664,0.9323134639841094,2.783685688845039
2996,0,-0.12256650383063682,1.810559441124477,0.8202633207471097
2997,1,-1.863989309642756,0.5974618459788775,1.4621584934790717
2998,1,0.2528222080484429,1.738797040047984,2.9575252248233936
2999,1,-0.12754324369257974,0.5081449452346807,1.4209548934688692
3000,1,1.5757490332158688,-0.6819048446563727,2.010181603787622
3001,1,-0.9008225320330965,1.3062248707903623,3.581523134574227
3002,0,2.3123496181961016,1.9024232180770086,3.2613666503977465
3003,0,-0.7825184758742271,-1.0076641609981307,-0.13737558976358122
3004,0,0.04770457079253043,1.1467329846513163,1.691768517171308
3005,0,-0.31533454207957023,0.02648980638912027,0.25184010433205206
3006,1,3.0576222728594384,2.045903623506569,3.9779393706552697
3007,1,-1.0589313419001782,-0.6372940631708957,0.9313823237053086
3008,0,-0.021502576176970538,0.8451383059130667,2.3094937457742386
3009,1,0.7844179388009573,1.769864057216389,4.138345558879337
3010,0,0.04022701967003119,-0.9796644752233267,-1.3400372861100913
3011,0,-0.4554789311114393,0.36772630773708237,0.8246323220230184
3012,0,1.7797016617303996,-0.012514855854596774,3.0495885979414843
3013,0,0.1303461213738706,-1.1638504448344618,-0.6326095746250824
3014,0,-0.00846351879919546,-0.22946668287070998,0.7023342450682993
3015,1,0.8911994013687725,0.3077905815472348,0.8966914639973351
3016,1,1.3311381708616905,1.6936000004716871,3.43486285958669
3017,1,0.6574721715623137,1.5501827135215698,3.97196142634056
3018,0,-1.4469404533700847,0.6550017091384168,1.6276811445589188
3019,1,0.855864941501272,-0.15124786105388188,3.157228100740788
3020,1,0.42710961893837135,1.0260419173518003,4.332883741988573
3021,1,2.1872293744971714,0.5330827900071802,2.619587510400731
3022,1,0.08697544107819219,0.10644863023014295,2.909765327237368
3023,0,-0.4194517559000776,-0.5559718637239519,2.6269284223648386
3024,1,-0.39692578788335525,0.8930420498544973,2.9944562661432608
3025,0,-0.2951382282377476,0.30184339728513304,-0.3837231122421927
3026,1,-0.7668085905637071,0.43825032865586677,1.0282469583589982
3027,1,-0.459207785256251,-2.209773187320191,-1.5272225403087458
3028,0,-1.2992695357673496,0.03368776885378433,0.07953950349867345
3029,0,-0.100087055268134,-0.1893011339041979,0.19948191702761087
3030,0,0.7492203487884448,-0.26268239385929876,-0.5402258873337122
3031,1,2.0112672232477724,1.0507050460790226,4.640763821609734
3032,1,-1.3127106770051082,-0.2918684591998293,0.9693605165908701
3033,0,1.3085789691542506,1.0692692620490702,2.6383539058517567
3034,1,-0.7139850589978476,1.2826865334339308,3.8412796243296157
3035,1,0.30104479053981775,0.40661621001667125,1.7583758241485787
3036,1,0.7586383847559379,1.9036940149717783,4.0769202918499685
3037,1,0.050706596630055036,-0.6722406460228907,2.7809757290467356
3038,0,1.8446489781541293,1.0749832430708903,3.057560588277518
3039,0,-0.5206299883571868,0.7443950355376993,-0.7050191055706279
3040,1,0.05114089644130762,1.3120712976820816,3.119402549885415
3041,1,2.300527253223616,2.394573605055372,5.190934962016004
3042,0,0.5040152616898264,-0.886909546941405,0.454335008141086
3043,1,1.2775198355977504,2.0059599191049715,4.383055432683916
3044,1,-0.5143046395687558,0.34613793082520994,2.0160377369582014
3045,0,1.3512397952044115,0.4511932109002701,2.0258089992842176
3046,1,1.7754469066024523,1.5991006010580988,4.737136878204483
3047,1,0.9506426880632954,0.9625153977829513,2.2096959186155036
3048,1,0.5834218022219303,1.7593894303798634,4.547491662147567
3049,0,-0.033573667951946384,2.181111648021201,2.3978397448570212
3050,1,0.055710540733687024,2.1605611174586574,3.7146103958526258
3051,1,-0.0035893617725128793,1.3647369278891759,3.6587224904081226
3052,1,-1.1909485321750088,1.6121700789655622,2.621575784141244
3053,0,-2.39085683134902,-2.253197306197204,-1.0741797278952756
3054,1,-1.024523920266443,1.6142386469183123,3.719722407995912
3055,1,-1.30205628295434,1.5501909007076158,1.9411083980112267
3056,0,0.6365937533347484,1.7070426109003822,2.1011345323264607
3057,1,-0.5288551894936816,0.6658451310393023,-0.4954310401643296
3058,0,2.633087475360149,0.33518525092511464,2.9416616163005584
3059,0,0.04089578918660818,-0.11193062536483409,1.2472686861286815
3060,0,-0.2899182497135282,-0.867724692593561,0.6419516944466104
3061,1,0.3252431030488534,-0.3255835849283233,2.3636841288602035
3062,0,0.01631275645647414,-1.6491419712901156,-1.4343410681883046
3063,0,1.3667451238340464,2.252503405218991,1.4132544092593822
3064,0,-1.0981455069828752,-1.4260527584125757,0.43381012718208145
3065,1,-0.36693024069425306,0.3785934095112137,2.683767249321297
3066,0,2.278553522773474,0.969091712673036,3.5608259356366587
3067,0,0.7648815032627256,1.1164557669650463,1.5646117704441767
3068,0,0.3402218118519819,0.3616344370500959,0.7987069042181201
3069,0,0.5409226852539182,0.4145210685937466,1.5912623636233862
3070,1,-0.41638730740627933,2.182716132933423,1.5831286951692536
3071,0,1.7806560611623101,1.5353919798567608,4.808247272617923
3072,1,-0.2483053480912564,2.32297955253876,3.388522008945483
3073,1,0.8741972715305092,2.5867022851955994,3.8961067757088257
3074,1,0.03190133466021322,1.3502916329502503,1.9239529179130181
3075,1,0.7133459795850269,2.79872066361379,5.087449553353348
3076,0,-1.243324037696382,-1.1893942784126588,-0.646326066746616
3077,0,-0.1488596741103119,-1.4322814770611159,0.09252087247212637
3078,0,-1.44676754155081,0.9032101349572936,1.8259195610343264
3079,0,2.5469979622346375,-0.7209712218039119,2.0704379414528313
3080,1,0.7174120318147612,1.5386028603466235,3.0841026843879504
3081,0,0.3591665460567503,1.2371099513688968,2.073998580743489
3082,0,-1.9460369184991324,-0.22583627432206377,1.1206056195477676
3083,1,0.2083200946371254,3.0926398764928753,5.84188998318267
3084,1,0.5318859091213565,1.4144741168491324,4.427239906468259
3085,0,-0.5972165754160348,-0.37599306070670646,0.8659756918391783
3086,1,-1.2476778460473017,0.6983464542063564,1.593674075679095
3087,0,-0.6773436767423058,-3.195942955852597,-0.9833358323853953
3088,0,-0.1559376471652337,0.7841409981239915,1.1590587246018083
3089,1,-0.890873319145214,-0.29299485182083806,1.535143590667916
3090,1,1.282700771199451,-0.37068036762207157,3.004813184957933
3091,1,-1.2804096785014414,4.485885675070924,3.891599459630304
3092,0,0.7243624414299231,-0.011096984603480464,1.8333445407842084
3093,0,0.47530662781090804,0.25530423223336074,1.4068532879369415
3094,1,0.2954393509205878,1.8152800150925539,3.4385178391833344
3095,0,0.841842311954102,-0.27745590385313107,0.6248926205207436
3096,1,0.7198118873452727,0.5597632618959625,2.657733063916853
3097,0,0.28173077092752663,1.040563330847325,2.625861831226415
3098,0,1.2737857191136202,-1.1654236224197958,1.2852308005300663
3099,0,0.8558211054896749,0.6684585138039698,1.662583065953236
3100,0,0.9084732694384862,1.3932742888875735,0.397044076438565
3101,0,0.10123667347963984,-1.285084646910049,-1.3218209267161616
3102,1,0.39262725574306073,2.7450959600102554,4.38901706755877
3103,0,-3.1681672000456205,-3.0353815726044444,-4.203222061039591
3104,0,1.7120773642694607,-0.6088603308038691,1.8694669788675395
3105,1,0.509165198732275,1.1001376776221061,3.060192717572551
3106,1,-1.2327535746981502,0.6960449647320376,3.3601981426444123
3107,1,-0.24644170691687164,-0.3644737048052791,2.044035383384174
3108,0,0.0979452424438575,-0.6151186918928913,-0.35720023976225224
3109,1,0.649928855919152,1.2905114045618693,2.789948531405268
3110,0,0.07624937291979648,1.9639193775275265,2.6112319048411923
3111,0,-1.610485415814595,-0.38823374879803696,1.460787697400878
3112,0,0.45991270551999464,1.8463168510877532,3.313035272368732
3113,0,0.042898982597989375,0.4453730608885184,0.34580762995582015
3114,1,-0.4725756922361057,-0.38073109015104767,1.0725577450921493
3115,0,0.24106549838864275,-0.14030281544295592,2.75797351952255
3116,0,0.9424972979259066,1.0704166653338658,1.9919987849182088
3117,1,-1.5524383997514024,0.7092238026614197,2.9987993825781505
3118,1,0.048807912893796504,0.9048832921670187,3.8584474162281164
3119,0,-0.6412403811754493,1.8404647624425299,2.4397932580270614
3120,1,0.7271533080776831,0.17777291609742218,4.404004980576724
3121,1,1.0427576140097663,1.7173621568907114,3.9327589041685314
3122,0,0.138266488749426,0.5075537496840546,2.551059581871777
3123,0,0.7913061712931905,0.2702109975877361,3.578803860655666
3124,1,-0.7610227414226878,2.5956102942467965,4.01161539352348
3125,1,-0.9501281585298564,-1.9254440841929163,0.17442363840067515
3126,0,-0.16648783027938474,0.8081604370181372,1.0642871800419242
3127,0,-0.1965148182635626,-2.0353721394471345,-1.6460593867659423
3128,1,-1.270143990489306,-0.3663290612448604,1.871709422674219
3129,1,0.40496047102108135,0.7620024805890222,0.867882235816114
3130,0,1.008610517672457,-0.7500504748489265,0.9340138054120415
3131,0,0.4164373473167642,-0.5462475687064227,2.949192641060164
3132,1,-0.6848069318419269,2.3130012705808216,2.947834942896877
3133,0,-2.1235370918762775,-2.58256257444751,-2.6237934415914026
3134,0,-0.562856253227456,-1.4749459892143482,1.3736782415378805
3135,1,0.524293628441831,-0.11112687954356426,2.655480463477466
3136,1,1.0950671905887097,1.7510496550802361,3.0490384528691408
3137,0,0.42002949202655065,-0.24959398356858103,0.7685270378135886
3138,1,-1.7877828092032435,1.9547517067566398,1.5124714247571431
3139,1,-0.981742501491589,2.0457623076735034,3.3473989842131586
3140,0,-0.8030896466465153,0.957608772416618,0.34390920865223884
3141,0,-0.7694392388072802,-0.6600869145377175,1.7473633253220795
3142,0,0.9081940915733759,-0.5891167076355502,0.364938537079469
3143,0,-0.4151537703498526,1.0746900705740148,0.25543032812202493
3144,1,-1.2888083385151388,2.044961100826639,3.660075333115867
3145,1,0.6945938877276628,2.4961338996779725,5.783188178663785
3146,0,-1.629207243394631,0.9991352820512566,1.1262880192513873
3147,1,-0.4022771830209623,2.0433771799210474,3.924780829361668
3148,1,0.11922877319864174,0.07330527171465473,0.015209268744316162
3149,0,-1.8339235628831236,0.5225842109675091,0.32536034156917426
3150,1,2.057860408924581,1.1679623449469476,4.168188816297859
3151,1,-0.6362750246528666,2.4529357744790286,2.433161445694571
3152,0,-1.1661778859932286,-0.5021506920656579,-1.2065214997085665
3153,1,1.2363883440116579,0.911394147946806,2.086654934364514
3154,1,-1.3281781101562369,-0.25836362723564754,0.9716180553444018
3155,0,-0.370830314157183,0.48932206557486846,0.5484306011585824
3156,0,1.2074191872508544,1.265241736590664,2.24865735808104
3157,0,-0.8846965960506502,-1.0721138233426564,-1.1210461844057087
3158,0,0.19918612282064083,0.44864071749033996,1.7726928536654059
3159,0,-0.8941235118015372,-0.5022115703774133,1.6628294747181975
3160,1,0.5427625014778165,2.0534947792068645,2.7167329399122426
3161,0,0.5756173086178014,-1.4533516515276321,-0.7509912427776717
3162,0,-0.6482177482471162,1.9778553208426497,2.312284305283661
3163,0,0.799976397882605,1.8211232239640442,3.8794312229964216
3164,0,-1.6894563096218094,-0.5058232494949679,-1.752093010648432
3165,0,2.8522703826021116,-0.7986586147369699,1.6063142862145807
3166,1,0.38153595983610505,1.5807967870393296,3.016192989458525
3167,1,-0.2184992497837006,2.168643165023844,4.094468069235232
3168,0,-0.24595309523050723,-0.4084960656629816,-0.37275344422812695
3169,1,0.6961751859378764,0.45948910749558836,3.4513567200275266
3170,0,0.7408953182582606,1.113298890903863,1.516016106413783
3171,0,-0.29028049087503693,1.022529728757953,0.8672583969280075
3172,1,-0.8052517830677639,-0.11133721397415153,1.787315212928226
3173,0,0.1827184504711423,-0.27690227183793015,1.1123332902013336
3174,1,2.1109582767688746,2.0061541701164725,5.040626340748942
3175,0,-0.39980302374683285,-0.2502601722397528,1.3813316250968506
3176,0,1.8034671282722854,0.9420091807736647,3.6727469668353234
3177,0,-1.4351600036980363,0.15211827880269513,0.3410075640916992
3178,0,1.0244223379720088,-0.12434370076159773,0.19261551998442106
3179,0,-2.0345322628282205,-1.3583882642237048,-1.2173315833773513
3180,0,-0.6876223238317263,-0.459204107804363,-0.962611069495589
3181,1,-0.947525336904626,0.9658111241293079,2.175719777291971
3182,0,0.1050020065891635,-2.316924739725164,0.4391192958768353
3183,0,-0.946926364385023,-0.08848654824955138,0.8112480093620189
3184,1,-0.2935278878511499,0.7131741166220494,1.7311427450965313
3185,0,2.1999926194063884,1.4655951731780772,3.8952797897940448
3186,1,0.9551577406140364,1.3522525150512934,3.718081767186754
3187,0,-1.019192457239826,0.5317906821440056,0.26626761748646055
3188,0,-0.5163440883773209,0.392454402617055,1.5742079351254965
3189,0,0.7963694948635447,-0.168114391738041,0.8172440141497663
3190,1,0.5099919848532213,1.5805901923916057,4.083410320436503
3191,1,0.8838419499412025,0.22933991034013257,4.708636225259895
3192,1,-0.07699686723775245,0.4627852892056552,2.771982709339838
3193,1,-1.3847583063399533,1.8216830791185061,3.206632994146748
3194,0,0.9009950867000929,-1.0349561534448948,1.0000969821843673
3195,0,1.633980934606322,-0.07166564225186589,1.2314755700955544
3196,1,0.7604066582626499,1.8776374606825224,3.623674517990633
3197,1,-0.08430456525679941,0.38828084165363586,3.0408377985653754
3198,0,0.9718823457792988,1.7468838939668352,3.7138708800988085
3199,1,-1.296539321729183,-0.08045524382627045,2.2414138422826015
3200,0,0.39455502719405294,1.315922831765697,1.9941543289535686
3201,1,-0.9263671383566476,0.2610934775515773,1.3789396800162206
3202,1,1.5224970069734898,-0.04340901669871022,3.09785902257978
3203,0,-1.0067239851137444,0.9174760672468643,1.412064012814585
3204,1,1.093673723234776,1.5216138310484906,4.391315452107542
3205,1,0.36112307403172195,0.46475711128478825,2.703754079953873
3206,0,-1.7390301939770723,0.5165261378718777,2.0892418812557194
3207,0,1.3637451241283722,1.1323518322174067,3.9827763552837947
3208,1,0.48476966834479973,3.4822738420476544,4.4879670729560575
3209,0,0.9358170277063809,-0.7534474171760075,2.4318272801041454
3210,1,-1.154659621192015,0.8141015479629905,2.2099113884388437
3211,0,-0.6863732355502162,0.5884155318648912,1.726936259597268
3212,1,0.3199444081370279,0.8772007567353589,2.3461276464181458
3213,1,1.63439211739493,3.4702047535228613,4.641838311112869
3214,1,0.26312371413783736,1.997584098298777,4.889645553762535
3215,0,0.14189406875844898,0.8010455015154068,1.4178577078726498
3216,1,0.5171413392975408,0.33622414106721643,3.9696957160231525
3217,1,0.8737718399887969,1.471644252011426,3.892224497367534
3218,1,-0.34172238027930224,0.21327658009354666,0.7632854878254225
3219,0,-0.8564063866847714,-1.976205089975895,-2.6498358202349532
3220,0,-0.14445153988082085,0.012154739361074744,-0.01860737643667898
3221,0,-2.181498058440836,-0.046597846650926256,1.194732995707165
3222,1,0.14072656458654972,1.3047791734144814,1.7548166131485308
3223,0,1.6461419554129757,0.7462420375370287,3.2054986862464565
3224,0,1.1160947667721433,-2.6151418690956185,-1.8570174471448104
3225,0,1.1974034114387584,-1.0206351827402735,-0.21362644939821862
3226,1,-0.26466816882125377,0.2011930750311275,1.557949387162443
3227,0,1.1295208916203687,-0.5980257122972024,2.788056946808957
3228,1,1.2685627029755175,1.9117647703737144,5.499463605247636
3229,0,0.3356696060926599,1.7529419863683806,3.6503457935276953
3230,0,0.6686763273975739,-0.2087904006873365,0.5597136447280195
3231,1,0.9376245115470848,-0.35855999530562044,1.6867144104509304
3232,1,-0.8078625452700778,1.7240940322616234,4.287467474198516
3233,0,-1.718350047438544,1.2731999367883517,1.338219046974869
3234,1,-1.7937810368838922,-0.35236326440477717,0.6020776164813464
3235,1,-0.23810549932702288,0.3367362956131057,2.2061309838564602
3236,0,1.7597402158039506,1.5344726791493077,2.187760557924344
3237,1,0.4134959830369833,1.0083153546867085,3.375679845250354
3238,1,-1.5025671496665878,2.5001464956569386,4.368489730453958
3239,0,1.0242588617786206,0.9619236378788429,2.750768864873276
3240,0,1.787846617964349,0.20133094510632354,2.6923117205542293
3241,1,0.6101293188504009,1.896827994492091,4.995818117648206
3242,1,-0.27983593521508254,1.9084367539050338,4.404628969929714
3243,0,-0.7904188655197186,-1.1339422494530904,1.3175905987531649
3244,0,1.0888368712062941,0.214960811942324,0.9065442520171302
3245,0,1.0930655337063035,0.6224271640915026,2.0835914311374104
3246,0,-0.7156464312581187,-2.09127506100821,-2.2002658775364967
3247,0,1.5769322722506196,0.36929567026878796,1.1378190356364435
3248,0,-1.130336693516214,-1.8342608287731585,-1.0051727837428106
3249,0,3.025030932847729,0.7446276286828778,2.731601382560015
3250,0,-1.3067953007395285,0.6529438252077598,1.9319582333534546
3251,1,-0.34638910019738517,0.1805209576715242,1.812080577611043
3252,1,0.9037078912865176,2.5178870531450652,3.2869322288748872
3253,1,-0.6691558427035248,0.5177152725079465,1.3738171764837004
3254,1,-0.06811316558004032,1.1186422344804166,2.334013080432297
3255,0,-2.0047110665613257,0.12942910194199542,1.5961900563674856
3256,1,1.1060372350759928,0.8110619614188502,3.177811315780978
3257,1,2.0409714024459285,4.369074531397454,5.988810188461298
3258,0,0.4495204023713516,0.2987537737285961,1.3884422200727902
3259,1,-0.2300074857380162,1.5711317837212735,4.223434255879615
3260,1,-0.5910750384571337,0.2954522152288047,2.0729253981735196
3261,1,0.6440457198055984,1.2246569994717922,1.1160720524217789
3262,0,2.3743486285011186,1.4928627372906353,2.6594569780222113
3263,1,0.7385447001499253,1.927251955741391,4.469610562084461
3264,1,1.3152134226704117,1.9312281628681,3.144875971858218
3265,1,1.1170913459434095,1.8312140751136061,5.537272997414707
3266,0,-0.5724722411552461,-0.5357752478586832,1.5553753880427599
3267,0,0.3025153189425396,1.0810105444527254,1.6784655033536446
3268,0,-0.15757091929327346,1.4162156949574394,1.6728093081079782
3269,1,-0.4365224727067622,1.7511586684473723,4.1470505325075475
3270,0,0.7907170707164324,1.3676623351894188,3.381074264559205
3271,1,0.10947522094348738,-0.6712413144240013,1.5189249000832152
3272,1,0.8151267331217084,2.2551323168878192,4.680896193992546
3273,1,-1.653641612591057,0.8042636102368814,1.6828037456004121
3274,0,0.3429866587476275,1.0768181845054219,4.084475189634452
3275,0,0.16447357460454567,1.1221107466626787,2.162755323492018
3276,0,-0.395483232466819,-0.35089443015666405,-0.35815166364079865
3277,1,-0.6260755482752218,1.5962518071660412,2.6734073530253486
3278,0,0.6062926907356551,-1.1835756871183394,1.1941564552572643
3279,1,2.1920964879116553,3.1599391079185706,6.77118077663506
3280,1,1.146781230827657,0.2397864207811089,3.259437851370369
3281,0,1.6448520555017505,-0.25329051489665644,0.859370754813511
3282,0,1.8981770201673926,-0.2754859812017695,1.2119777039914954
3283,0,0.04813235253285313,-0.30922981354450196,1.5334196112394487
3284,0,1.096738939539105,0.8918809991691343,1.814952303271151
3285,1,-0.9171585231890131,0.38081801343880595,2.038198978145606
3286,1,-1.149095225216629,0.7956998807530529,2.606543944291084
3287,0,1.4683962675512467,-0.11885877843827963,2.561355147792786
3288,0,0.6162173406513594,-0.04533264898401046,1.0923386296643922
3289,0,0.22144736420961827,-0.7549837018383604,0.47467495819803407
3290,1,-1.546906512449731,-0.24132742235740556,-0.7067764793265807
3291,0,0.4764377614851279,0.3570849724542752,2.207942603765499
3292,1,0.648487832417011,1.2597111242373185,3.972679586880155
3293,1,-2.7958870575933563,-0.6600991145864046,-0.5588521032119559
3294,0,-0.011741268406048605,0.3421720604875161,4.208627353137817
3295,1,-0.979067987357387,-0.7390536076862753,2.0945025245136386
3296,0,-1.0937115066682488,0.49835913156168926,0.39397934047869504
3297,1,-0.32400234499842223,3.090056650220468,3.785854372046904
3298,0,0.6593498589521489,1.698521315474118,5.002582822631316
3299,1,0.6355321094240816,1.622762380254906,4.329944353803183
3300,1,0.4324968244533198,0.6243054256163713,0.4946656647890517
3301,1,-0.09342929105559672,1.7317832232449955,3.2444801328599953
3302,0,0.5126445119456722,-0.29133948540344623,1.8776241044570348
3303,0,-0.2414063806125808,-0.7230961381636928,-0.3577952997893402
3304,0,0.3849888478443214,0.5976306869370274,2.9309620665929033
3305,1,-0.068292112302135,1.8147089651335995,4.6936577315449215
3306,0,1.6269697118757587,1.0361112564483443,4.642786059556741
3307,1,1.516167870000771,-0.5983059194648424,1.8365335144203478
3308,1,1.3790581955146333,1.0773396580293781,3.9957346014525776
3309,0,-0.1407037233506419,0.960618292651527,1.7194470324980646
3310,1,0.08136341815314872,1.0293279187213304,2.7958915101947013
3311,1,-0.44973321271431255,1.0028444381899375,2.2435620648800554
3312,1,-0.3253322736292153,1.584296331878257,0.8690358503535167
3313,1,0.3664882304785979,2.480841202977593,4.487111565270045
3314,1,0.3308702548588204,0.5827458927847425,1.87621780870965
3315,0,0.35708944170139156,1.4660947456642477,2.671254402772029
3316,0,-1.3958342801791819,0.38791841418344264,1.1288759115844536
3317,0,-0.5551188627006367,0.3266138066772425,0.6056739386146874
3318,1,-0.005182118823903765,1.7346030113430162,2.6819607735184348
3319,0,0.4559254200123733,1.4985929525575101,2.3666910305799003
3320,0,-0.4822664778372861,0.2293667088246049,0.612977242804874
3321,1,0.07825381648580364,0.239986770795925,3.703878597019804
3322,0,-0.03340029970969463,-0.7873264481056651,0.4689925657204901
3323,0,0.6371152148516624,0.5103492843132462,2.1940148793474967
3324,0,-0.4356367190278008,-1.7830171244213189,-1.7103223447093234
3325,0,0.11612098824405974,-0.6303824381004054,0.17952336288971343
3326,0,0.49194656500902106,2.130796275830699,3.405941823797929
3327,1,-1.3196673110976531,-0.4690882678909625,-1.4494594392165876
3328,1,-0.8216382989552251,0.32132167898137953,1.4470212141241252
3329,0,-0.7188705221557734,-1.7638055332168798,-0.9557098963230446
3330,0,-0.23349976984483084,-1.2122508560136567,0.49345049080368353
3331,1,0.6619311602170111,0.9014703280186376,3.0865656165768316
3332,0,0.3577107822167673,-1.13012720564429,0.6428732723489794
3333,0,-0.38886315235640356,-0.03071755345404041,1.26430893925266
3334,0,-0.8469275857486833,-0.4627718194689342,1.1891927868657315
3335,0,-1.0423520415867538,-0.9392602992075199,-0.3010334091934823
3336,0,1.834568338954822,0.9399460395328115,1.4995893043963604
3337,1,0.19629732090953944,2.688248613160291,5.518110059770342
3338,0,-1.25683306849904,-0.47462970625984374,-0.44295870568617035
3339,1,-0.5121118722278537,0.1824612243233471,-1.1904678610149753
3340,1,-0.17810739344508913,-1.8661933556567103,1.3476517330245932
3341,1,0.12238258881794643,-1.237881654566268,0.21799630077551213
3342,1,-0.014050077283049182,0.6167439621157853,1.7028602624600744
3343,1,1.4487057107741979,1.4547031852020917,2.943650741011209
3344,1,-0.3349699616572355,-0.20901832070303628,2.028194942256015
3345,0,-0.6637007245036707,-0.43138604426898064,0.7667332101402912
3346,0,-0.5376776132652971,-1.029471981500896,-0.18137864153409206
3347,1,1.2621788349215892,0.8649194079538929,4.525308106090884
3348,1,-1.1951907022453856,0.1637609871686574,2.4440337072755347
3349,1,-0.8606045472901293,0.7080657858668077,3.2580655766541184
3350,1,-1.4800955950584307,-0.19886397842101577,0.8271084848465734
3351,0,-0.5585085571030727,1.131893488251064,1.4107652043965433
3352,1,-1.3329884592621701,0.10605233665018898,1.731868316092808
3353,0,0.035878449071461926,0.2459366637991256,0.9360507942766944
3354,1,0.6920096108113493,1.3855816634164404,2.5788553902888123
3355,1,-1.450798691054604,0.47759359964100345,2.1956196406081694
3356,0,0.38831007503364223,0.991219284079842,0.2952305870767735
3357,0,1.4349578313704974,-0.03441899535512927,3.080707936412312
3358,0,-0.8346958158779783,-1.4236241316128913,0.7577238037506001
3359,0,-0.6332061855732571,1.3512783349908477,1.789171008108345
3360,0,-0.8168589246246017,-0.30139129201098,-0.3989357969674844
3361,1,-1.412886773431037,-0.10013824615948774,-0.002727644622233738
3362,0,-0.321252203152947,0.3737919225277239,2.140877470038249
3363,0,0.07358932824737661,-0.49501729921248844,-0.11760466333393726
3364,0,-1.033253948449721,0.2981596185815376,-0.16686535249954348
3365,0,-0.5084245748264563,-1.170134639086573,-0.3456150642651268
3366,1,-0.9987777496428228,-0.2298136942362481,2.220630978385067
3367,0,0.6057985279066547,-1.758824299190418,-0.5554759900960493
3368,1,1.4570948657059986,2.0976328468047916,4.432396280309224
3369,0,0.5461516919544356,-0.2849285612726,0.45307972944460495
3370,0,-0.4937976968597845,-0.7946079022976477,0.7504373581740403
3371,0,0.8821518405265686,0.4983739376315357,0.2954438569084876
3372,0,-0.40134590181026236,-0.9175483375271003,-2.000697039589604
3373,0,0.08031989864324757,1.6349093897350992,2.2786807877142485
3374,0,-0.2639643878846423,-1.419939455128525,1.9797725177797405
3375,0,-1.8050799423212658,-0.1994869178632176,1.036719677017593
3376,1,1.3910824462451454,1.220888385542777,2.6128540462269108
3377,0,-1.5936129948710496,-0.5866316612279562,-0.2846981443680466
3378,1,0.11429267497021058,1.9161846517676846,3.649546184941719
3379,0,0.07893870123025196,-0.7214534675352267,2.1519054039200283
3380,1,0.2115534822380192,0.6301120239928921,3.4962702132160137
3381,0,-0.5734980083937565,0.5463784125323411,0.29566167913309804
3382,1,0.9676044482035377,0.6070120047549159,1.393366075657727
3383,0,-0.011580582691468567,0.5621858158191267,0.611332734142251
3384,0,0.8499447906944733,1.4472805629318426,2.2332288893424543
3385,1,-1.865741508096444,-0.6704974718060928,0.6568638747038712
3386,1,-1.3985129181238574,0.9016699250720512,2.552630169244872
3387,1,0.42591925842632405,0.8239475397106866,1.5877335246869873
3388,1,-0.9286254774684666,-0.29464440844838835,0.8927546208904737
3389,1,0.3363591697412903,2.041334470734739,6.308049507358268
3390,0,-0.2797219384678378,-1.0591732052068845,0.5292810825155948
3391,1,-0.6884785848867018,0.10179819260040457,2.412954700375054
3392,1,-0.025821330888113878,1.3561725124020056,2.7913569137792824
3393,0,0.2974464464974952,-0.04742380854482006,-0.4720844777604476
3394,1,-0.36119257126422943,1.62373661117348,4.088725017401653
3395,0,-0.4491701782499488,-1.2009586177913096,0.9618706642081745
3396,1,-0.5046985762023743,-0.23481196498020185,2.0669621029897343
3397,1,1.206353817207691,1.6507511236773929,3.0718998660918064
3398,1,0.6247776655253434,2.250116776448061,4.877697719323503
3399,0,-1.1805090536437812,-1.8902051433198157,0.275806977958448
3400,0,0.8332232841506597,-0.5803949106829197,0.43599024172345
3401,1,-1.9809465283144658,-0.5259147192532616,0.22739730633308353
3402,1,0.7845859580996914,2.321172115105175,5.541406360698723
3403,0,0.3757938876016369,2.449365760751352,3.551034110196213
3404,0,-0.986127958727743,-0.8132450018573156,0.03139081866241028
3405,0,-0.320595035764357,-0.16369164559833793,2.2449141554162706
3406,0,0.11614217272552892,0.3363519236585027,0.9031056886660352
3407,0,-1.9752372197869024,-0.21479171868008096,-0.3231438319882783
3408,0,0.6982140606401191,0.9203502691456886,0.6499200265951495
3409,1,-1.7024184312214061,-0.6029297567954255,1.648201656502743
3410,0,1.862644003601743,1.5359914037618427,2.8822273408379937
3411,1,-0.5199193005634457,1.4205016263930872,6.342588310104364
3412,1,-0.3506364492865145,0.1461435430140927,0.523115255824498
3413,0,-0.5129015382165485,0.3296413286971088,1.9515682981130764
3414,0,0.5845812858920436,0.5068719828944976,2.9450737214393303
3415,0,-0.2752696702172787,-1.2049783516935122,1.020374708637589
3416,0,0.3575570031038637,0.22916832816152954,-0.5939339460930231
3417,0,0.6480549181229603,2.025886737118965,3.347603389743045
3418,1,0.003823142484437375,-0.5625842553250138,2.515321173465353
3419,1,0.10702273943787383,1.18240046896948,0.2217275388725204
3420,0,-1.1306787653802715,-0.33440562488689596,-0.083541018153023
3421,0,1.7690407590718014,0.31346536179983203,1.5146934536547711
3422,0,-0.5716612976943197,-0.041371661088669104,0.7667114107989912
3423,1,-0.4031637561795371,2.434852619206611,3.3580008462931987
3424,1,0.16273335089737756,2.4321069531936024,4.924970347428296
3425,1,0.5724206963228211,1.8795029627866382,4.130319030043065
3426,0,0.2052750537022681,0.5880980300149812,1.6435165766686286
3427,0,-0.46838072132487646,-0.44650970112132093,0.8276802341340784
3428,0,-0.8521925628957634,-1.1647787644715295,-1.8662905650622772
3429,1,0.17795463348776913,0.507604401265769,1.4304646363029347
3430,0,-0.9260458617409703,-0.30156541171527285,0.1979850296921511
3431,0,0.7853174405965959,1.1834467323783497,0.8588814714843305
3432,1,-1.7881539679735279,1.049298671961327,2.492123914264607
3433,1,-0.07958323952433491,-0.2598933210185437,2.2091999488131124
3434,0,0.287816938484822,1.0770507719609217,0.6631921393378981
3435,0,1.7529991088373291,1.1501479244057802,2.855303041658748
3436,1,-0.9767705322515141,0.23057334830277343,2.2369388076278267
3437,0,0.768375759541257,0.3623935983722582,-0.28366025025596775
3438,0,-0.16322918008039672,-1.3195004947159403,-1.0507491437300214
3439,1,1.486000350490353,1.202770192787294,3.202737146309178
3440,1,0.10638073533402316,2.3363025311055914,4.711634560893964
3441,0,-1.3556216940134669,-0.297240365764578,-0.7460204660126162
3442,1,-0.5101920941911395,0.8256157128754531,2.4127584746426276
3443,0,-1.0071033073195332,-0.861845274148433,0.8389642268957207
3444,1,1.4266646815538324,0.704516748291231,3.4723377834812426
3445,0,0.3761806473371395,-1.2878034667899638,0.44694849609310255
3446,1,-0.928383385423961,1.6739703998571454,3.094237817559041
3447,1,1.5000345868628886,2.2470021551520354,1.8950808882268242
3448,0,-0.8463960268373298,-1.0843145039338369,0.47115889854202
3449,0,0.3273371224557872,1.6055822515443823,2.1092269259342444
3450,1,2.1097522719201187,2.555652697728126,4.2424200423146345
3451,1,-0.12372588556776401,-0.22030416260301844,2.6010823688677975
3452,1,-0.21188860175149257,-0.6143926198025997,0.12187169868349912
3453,0,1.9042142142573304,-0.38819210376429836,2.7179474412059283
3454,0,-1.242202762704422,-3.2755220622644745,-2.4344598309326315
3455,1,0.812447848735974,0.3676717528966754,3.7612534335987404
3456,0,-0.9829293530254162,-1.0947838650254629,-0.9894391924908181
3457,1,0.6717679396062363,1.1130449605333221,4.401671195457922
3458,0,1.1352654488516645,1.3337289836858006,4.504114788481456
3459,0,0.3444311255110776,0.6914891928974923,1.7661900029839877
3460,0,2.029529993290354,1.269927975921209,2.4220964652091426
3461,1,-1.2667967931150108,-1.2540157867334671,-0.6451408573613959
3462,1,-0.13909651726459457,0.4427437852991227,2.800523514187518
3463,1,-0.5096426034645415,0.48446910072759397,2.312072272180786
3464,1,0.746592485104239,1.5675821927846512,5.676626291628932
3465,1,1.4155736742494274,0.9107819631151026,4.651033670311563
3466,1,1.7541186147376753,2.291987322627401,4.54659541579973
3467,0,-0.1505215188190979,0.10934949731148114,0.6678324321995355
3468,1,-0.5887727719439304,2.0128841735033234,4.217369884459277
3469,0,1.4004734465256299,-0.5861235622280275,2.2254081783836694
3470,0,-0.5483990250756949,-0.8167768935131203,-0.018047881151540823
3471,1,-0.891795344536628,0.6102761243404748,3.0524781731209227
3472,0,0.4334193360091097,-0.045306689193820804,0.8425944418768436
3473,1,0.10046380448239078,0.5599050280638824,2.5438620988332388
3474,0,-0.7410480272101179,-0.4590822908316339,0.04750909348789428
3475,1,2.178548547060029,-0.11426232703631967,2.4920481635914706
3476,1,0.9803340698617008,1.8995618223132111,3.4268377616461425
3477,0,0.22933368935400686,-0.682632180842151,0.8048681744799733
3478,0,-1.096536329259207,-0.9179448040097082,0.15081314106567417
3479,1,1.1832907982306606,2.032016597705146,5.434117928977673
3480,0,-1.0820088298596786,0.19192592223133043,0.2728890613001657
3481,1,-0.3767604388390906,1.4853715038159654,4.010546774577485
3482,1,-1.7987646545571545,-0.7698726259720872,0.7650811612273052
3483,0,-0.6336733122713865,-1.5223707682290697,0.972079457094944
3484,0,0.6522358718400383,0.42202157622611314,4.318722789598189
3485,0,-0.5311216787016458,-2.4583613217595865,-1.5387609997343223
3486,0,-0.37201362428697227,0.7600726135527756,3.24492865614985
3487,0,0.09642549892375744,0.24008581780394486,1.299824667230956
3488,0,0.3729136428432276,0.4528169188529071,1.6780550971744004
3489,0,-0.19087704170168907,1.1859006263757292,0.6853788990619532
3490,0,2.3027482557759096,0.1535134342014084,2.5464776702472904
3491,1,-0.4022353231983869,-0.6226670478415688,1.8875924134661117
3492,0,0.06851058239715206,1.1463171195579953,1.5771198681913035
3493,1,1.1712401618865738,1.5286863621704505,5.505218951711685
3494,1,-0.6436840939306508,1.4165555693889025,2.994420466763732
3495,1,0.2897547290971745,1.0028553135988116,2.3495412731341685
3496,0,-0.0901902566532043,2.1741393084030642,3.5450665164944484
3497,1,-0.023263502315727273,0.6427216806080718,3.0336963240690613
3498,1,-0.11281665696823309,-1.586072877482143,1.474082171651107
3499,1,-0.12508319443655513,2.146867254385816,4.578352019597863
3500,1,-0.09201335044289463,0.9350045620501798,3.2221472136578586
